customer_id,registration_date,home_region_id,customer_type,acquisition_channel,loyalty_level
C00001,2024-02-23,R11,B2C,referral,Silver
C00002,2023-10-18,R01,B2C,social,Silver
C00003,2024-09-16,R01,B2C,referral,New
C00004,2024-11-20,R01,B2C,paid_search,New
C00005,2024-09-03,R07,B2C,organic,New
C00006,2025-05-13,R04,B2C,paid_search,Silver
C00007,2023-05-08,R08,B2C,partner,Silver
C00008,2025-02-01,R07,B2C,organic,Gold
C00009,2023-07-31,R03,B2C,organic,Bronze
C00010,2022-09-10,R11,B2B,partner,Silver
C00011,2022-07-19,R08,B2C,partner,New
C00012,2022-05-06,R02,B2C,organic,Gold
C00013,2025-08-01,R03,B2C,referral,Bronze
C00014,2022-08-20,R03,B2C,paid_search,Silver
C00015,2025-02-17,R01,B2C,paid_search,Bronze
C00016,2024-12-08,R01,B2C,paid_search,New
C00017,2023-08-25,R11,B2C,partner,New
C00018,2025-06-05,R04,B2C,organic,Silver
C00019,2025-05-28,R03,B2C,referral,New
C00020,2025-06-20,R08,B2C,organic,Silver
C00021,2023-11-12,R05,B2C,social,Bronze
C00022,2023-02-13,R11,B2C,social,Bronze
C00023,2022-03-01,R08,B2C,social,Bronze
C00024,2025-02-24,R05,B2C,partner,New
C00025,2025-04-10,R03,B2C,social,Bronze
C00026,2024-01-05,R12,B2C,social,Bronze
C00027,2022-04-08,R08,B2C,organic,Bronze
C00028,2025-01-31,R11,B2C,partner,Silver
C00029,2023-02-13,R01,B2B,paid_search,Bronze
C00030,2024-01-21,R10,B2B,paid_search,Bronze
C00031,2024-06-21,R06,B2C,paid_search,Silver
C00032,2022-07-19,R01,B2C,paid_search,New
C00033,2022-03-27,R06,B2C,social,Bronze
C00034,2022-04-19,R07,B2C,paid_search,New
C00035,2025-08-05,R01,B2C,organic,New
C00036,2025-08-03,R04,B2C,partner,New
C00037,2023-08-08,R09,B2C,partner,Silver
C00038,2023-08-06,R02,B2C,paid_search,New
C00039,2023-07-11,R04,B2C,partner,Gold
C00040,2023-04-25,R04,B2C,paid_search,Silver
C00041,2024-01-15,R03,B2C,paid_search,New
C00042,2023-05-03,R11,B2C,partner,Bronze
C00043,2024-04-23,R08,B2C,social,New
C00044,2023-06-03,R01,B2C,referral,New
C00045,2024-05-12,R12,B2C,paid_search,Gold
C00046,2025-07-17,R10,B2C,paid_search,Bronze
C00047,2022-10-09,R02,B2C,organic,New
C00048,2022-03-27,R09,B2C,partner,Silver
C00049,2023-12-22,R01,B2C,organic,Gold
C00050,2022-06-12,R12,B2C,paid_search,Bronze
C00051,2022-11-13,R07,B2C,organic,Silver
C00052,2024-12-17,R07,B2C,social,Silver
C00053,2023-07-27,R01,B2C,paid_search,Silver
C00054,2024-01-23,R11,B2C,referral,Bronze
C00055,2024-11-28,R01,B2C,paid_search,Silver
C00056,2022-06-25,R02,B2C,organic,Bronze
C00057,2023-10-18,R01,B2C,organic,Bronze
C00058,2022-02-17,R08,B2C,organic,New
C00059,2023-11-15,R02,B2B,social,Bronze
C00060,2022-11-03,R11,B2B,referral,New
C00061,2025-06-01,R07,B2B,paid_search,New
C00062,2022-12-24,R01,B2C,paid_search,Bronze
C00063,2022-10-02,R01,B2C,organic,Gold
C00064,2022-01-20,R01,B2C,referral,New
C00065,2022-07-02,R06,B2C,partner,Bronze
C00066,2022-10-23,R09,B2B,social,Silver
C00067,2022-11-09,R02,B2C,organic,Bronze
C00068,2024-10-07,R10,B2C,paid_search,Silver
C00069,2025-04-30,R01,B2C,partner,Bronze
C00070,2025-03-17,R09,B2B,organic,Silver
C00071,2025-08-02,R11,B2B,social,New
C00072,2025-05-14,R08,B2C,partner,Bronze
C00073,2023-09-16,R07,B2C,referral,Silver
C00074,2023-06-18,R09,B2B,social,New
C00075,2024-06-07,R01,B2C,paid_search,New
C00076,2023-03-14,R02,B2C,partner,Bronze
C00077,2024-04-06,R01,B2B,paid_search,Silver
C00078,2025-09-30,R05,B2C,referral,Bronze
C00079,2022-09-29,R08,B2C,paid_search,Silver
C00080,2024-11-19,R06,B2C,social,Silver
C00081,2025-07-04,R10,B2C,partner,New
C00082,2024-01-06,R01,B2B,paid_search,Gold
C00083,2023-05-03,R08,B2C,organic,Silver
C00084,2022-12-15,R02,B2C,organic,Bronze
C00085,2022-08-18,R02,B2C,referral,Bronze
C00086,2023-03-16,R08,B2C,social,Bronze
C00087,2024-10-19,R12,B2C,organic,Gold
C00088,2023-12-07,R06,B2C,referral,Bronze
C00089,2022-10-31,R01,B2C,partner,Bronze
C00090,2024-01-13,R06,B2C,referral,Gold
C00091,2025-01-12,R01,B2C,social,Silver
C00092,2022-01-19,R10,B2C,partner,New
C00093,2022-01-29,R08,B2C,referral,Silver
C00094,2025-08-06,R02,B2C,organic,Silver
C00095,2024-10-21,R01,B2C,partner,Bronze
C00096,2024-02-28,R02,B2C,paid_search,Bronze
C00097,2025-05-25,R12,B2C,partner,Silver
C00098,2024-03-17,R04,B2C,referral,Bronze
C00099,2023-12-14,R09,B2C,social,Gold
C00100,2022-10-17,R06,B2C,paid_search,Bronze
C00101,2025-01-14,R06,B2C,organic,Silver
C00102,2024-11-13,R01,B2B,organic,Silver
C00103,2023-02-09,R11,B2C,social,New
C00104,2024-10-06,R03,B2C,referral,New
C00105,2024-09-22,R06,B2C,organic,Gold
C00106,2022-05-11,R07,B2C,organic,Silver
C00107,2022-08-08,R07,B2C,social,Bronze
C00108,2024-03-25,R11,B2C,organic,New
C00109,2024-05-03,R01,B2C,organic,New
C00110,2024-06-20,R05,B2C,organic,New
C00111,2023-05-26,R03,B2C,social,Bronze
C00112,2025-02-17,R04,B2C,social,Bronze
C00113,2023-09-03,R01,B2C,referral,New
C00114,2022-10-10,R01,B2C,paid_search,Silver
C00115,2022-06-07,R02,B2C,organic,Gold
C00116,2025-04-16,R03,B2C,referral,Gold
C00117,2024-08-26,R04,B2C,partner,Silver
C00118,2023-09-24,R06,B2B,paid_search,Bronze
C00119,2022-10-14,R06,B2C,referral,Bronze
C00120,2022-05-13,R04,B2C,referral,Bronze
C00121,2022-07-29,R03,B2C,partner,New
C00122,2022-05-25,R02,B2C,paid_search,Silver
C00123,2023-12-26,R06,B2C,organic,Silver
C00124,2022-09-28,R03,B2C,organic,Silver
C00125,2022-06-24,R01,B2C,referral,New
C00126,2023-01-23,R04,B2C,referral,New
C00127,2024-08-15,R04,B2C,paid_search,Gold
C00128,2023-11-11,R02,B2C,organic,New
C00129,2022-07-30,R06,B2B,organic,New
C00130,2024-10-22,R06,B2C,social,Silver
C00131,2023-11-02,R07,B2C,partner,Silver
C00132,2022-09-13,R07,B2C,paid_search,New
C00133,2024-08-04,R07,B2C,social,New
C00134,2025-09-20,R03,B2C,paid_search,Silver
C00135,2024-01-10,R09,B2C,referral,Gold
C00136,2022-08-10,R05,B2B,referral,Bronze
C00137,2023-02-28,R04,B2B,organic,Silver
C00138,2024-03-31,R06,B2C,social,Bronze
C00139,2025-09-30,R03,B2C,referral,Silver
C00140,2025-06-25,R05,B2C,partner,Bronze
C00141,2025-07-01,R08,B2C,social,Silver
C00142,2025-02-13,R10,B2C,organic,Silver
C00143,2024-02-26,R11,B2C,paid_search,Bronze
C00144,2024-06-05,R05,B2B,social,New
C00145,2024-10-01,R05,B2C,organic,Silver
C00146,2024-09-06,R09,B2C,partner,New
C00147,2024-05-24,R03,B2B,organic,Silver
C00148,2022-07-03,R09,B2C,partner,Bronze
C00149,2025-04-19,R05,B2C,paid_search,New
C00150,2022-01-14,R01,B2C,organic,Silver
C00151,2023-08-07,R01,B2C,paid_search,Bronze
C00152,2023-08-18,R10,B2C,social,Gold
C00153,2025-09-25,R01,B2C,referral,New
C00154,2022-05-03,R02,B2C,paid_search,New
C00155,2023-10-14,R03,B2B,organic,New
C00156,2023-05-05,R02,B2C,partner,Bronze
C00157,2022-05-14,R03,B2C,paid_search,Silver
C00158,2022-11-03,R08,B2C,organic,Bronze
C00159,2023-08-01,R01,B2C,referral,New
C00160,2025-06-08,R09,B2C,organic,Gold
C00161,2023-06-16,R10,B2C,organic,New
C00162,2025-04-19,R03,B2C,paid_search,Bronze
C00163,2024-10-01,R01,B2C,social,Gold
C00164,2025-01-26,R06,B2C,paid_search,Silver
C00165,2025-03-14,R01,B2C,partner,Bronze
C00166,2024-09-04,R03,B2C,organic,Gold
C00167,2024-10-01,R12,B2C,partner,Bronze
C00168,2022-07-30,R12,B2C,organic,New
C00169,2024-09-08,R08,B2C,organic,New
C00170,2022-03-08,R03,B2C,organic,Gold
C00171,2024-10-06,R07,B2C,organic,Bronze
C00172,2024-06-14,R07,B2C,paid_search,Silver
C00173,2024-11-02,R03,B2B,referral,New
C00174,2024-05-29,R07,B2C,referral,New
C00175,2023-05-20,R01,B2C,social,Silver
C00176,2023-05-21,R02,B2C,organic,Gold
C00177,2024-03-27,R05,B2C,referral,New
C00178,2023-10-10,R02,B2C,paid_search,New
C00179,2023-04-12,R02,B2C,social,Silver
C00180,2023-11-01,R09,B2C,social,Bronze
C00181,2024-01-05,R12,B2C,organic,Bronze
C00182,2022-11-25,R05,B2C,paid_search,New
C00183,2024-05-23,R09,B2C,partner,Gold
C00184,2023-03-07,R12,B2C,organic,New
C00185,2023-01-02,R01,B2B,social,Bronze
C00186,2023-07-27,R04,B2C,partner,Bronze
C00187,2022-05-22,R03,B2C,paid_search,New
C00188,2024-04-05,R01,B2C,paid_search,Bronze
C00189,2024-10-01,R08,B2B,paid_search,Bronze
C00190,2025-08-01,R04,B2C,referral,Silver
C00191,2023-01-24,R04,B2C,paid_search,Bronze
C00192,2024-01-08,R01,B2C,paid_search,New
C00193,2023-11-21,R02,B2C,organic,Gold
C00194,2024-09-27,R11,B2C,partner,Bronze
C00195,2024-05-05,R01,B2C,referral,Bronze
C00196,2025-01-09,R02,B2C,social,New
C00197,2025-03-10,R02,B2C,partner,Silver
C00198,2022-06-05,R05,B2C,social,Silver
C00199,2023-05-02,R06,B2C,partner,Silver
C00200,2024-06-13,R05,B2B,organic,Silver
C00201,2024-01-15,R01,B2C,organic,New
C00202,2023-10-23,R02,B2C,referral,Gold
C00203,2022-08-26,R10,B2C,paid_search,New
C00204,2024-02-23,R06,B2C,paid_search,Bronze
C00205,2024-10-10,R07,B2C,social,Bronze
C00206,2022-02-22,R07,B2C,social,New
C00207,2024-03-20,R08,B2C,paid_search,Bronze
C00208,2025-05-25,R01,B2C,paid_search,New
C00209,2024-02-25,R03,B2C,paid_search,Silver
C00210,2025-07-28,R05,B2C,organic,Silver
C00211,2023-04-28,R03,B2C,organic,Silver
C00212,2022-01-05,R10,B2C,paid_search,Bronze
C00213,2024-07-22,R05,B2C,referral,Bronze
C00214,2022-10-19,R08,B2C,paid_search,Silver
C00215,2022-01-14,R10,B2C,paid_search,Bronze
C00216,2022-09-04,R05,B2C,social,Bronze
C00217,2025-07-02,R11,B2C,organic,New
C00218,2024-12-05,R06,B2C,paid_search,New
C00219,2023-01-12,R10,B2C,organic,Bronze
C00220,2024-03-29,R03,B2C,social,Silver
C00221,2023-04-10,R05,B2C,organic,Silver
C00222,2022-08-31,R05,B2C,paid_search,Gold
C00223,2025-09-15,R01,B2C,social,Bronze
C00224,2025-01-19,R03,B2C,referral,Bronze
C00225,2023-05-13,R11,B2C,social,Silver
C00226,2023-04-29,R06,B2C,partner,Bronze
C00227,2025-01-21,R02,B2C,social,Bronze
C00228,2023-09-23,R03,B2C,paid_search,Silver
C00229,2023-06-01,R02,B2C,organic,New
C00230,2023-06-15,R01,B2C,organic,Bronze
C00231,2023-09-04,R11,B2C,organic,Bronze
C00232,2023-12-15,R04,B2C,organic,Bronze
C00233,2022-02-24,R03,B2C,paid_search,Bronze
C00234,2023-10-20,R06,B2C,social,New
C00235,2023-08-26,R01,B2C,social,New
C00236,2023-01-11,R02,B2C,paid_search,Silver
C00237,2023-05-02,R07,B2C,paid_search,Gold
C00238,2023-08-05,R06,B2C,organic,Gold
C00239,2023-05-17,R12,B2B,paid_search,Silver
C00240,2025-05-28,R06,B2C,paid_search,New
C00241,2023-12-25,R05,B2C,organic,New
C00242,2023-11-20,R08,B2C,organic,Bronze
C00243,2022-12-26,R11,B2C,partner,Bronze
C00244,2025-06-08,R08,B2C,paid_search,Silver
C00245,2022-02-01,R12,B2C,paid_search,New
C00246,2024-01-24,R08,B2C,organic,Gold
C00247,2022-08-20,R10,B2C,organic,Bronze
C00248,2024-11-18,R01,B2B,paid_search,Bronze
C00249,2023-06-02,R08,B2C,partner,Gold
C00250,2023-02-06,R04,B2C,organic,Bronze
C00251,2022-03-21,R05,B2C,organic,Silver
C00252,2024-12-18,R07,B2C,partner,Silver
C00253,2023-06-27,R12,B2C,paid_search,Silver
C00254,2022-12-28,R12,B2C,paid_search,Silver
C00255,2025-03-01,R02,B2C,social,Bronze
C00256,2022-01-27,R08,B2C,paid_search,Bronze
C00257,2023-10-04,R08,B2C,partner,Silver
C00258,2022-08-09,R03,B2C,organic,Bronze
C00259,2022-06-23,R01,B2C,referral,Silver
C00260,2022-01-30,R01,B2C,organic,Bronze
C00261,2022-09-14,R08,B2C,referral,New
C00262,2025-07-20,R05,B2C,referral,Bronze
C00263,2023-09-02,R12,B2C,referral,Gold
C00264,2025-09-30,R04,B2C,referral,Bronze
C00265,2023-01-01,R12,B2C,social,Bronze
C00266,2024-11-09,R04,B2C,organic,New
C00267,2022-05-03,R09,B2C,organic,Bronze
C00268,2022-05-29,R01,B2C,paid_search,Bronze
C00269,2022-01-23,R05,B2C,paid_search,Silver
C00270,2025-05-15,R09,B2C,organic,New
C00271,2024-07-08,R11,B2C,social,New
C00272,2024-10-15,R09,B2C,social,New
C00273,2025-06-23,R01,B2C,partner,New
C00274,2023-03-31,R03,B2C,paid_search,Silver
C00275,2024-09-16,R01,B2C,referral,Gold
C00276,2023-11-19,R01,B2C,social,Silver
C00277,2024-01-13,R07,B2C,partner,Gold
C00278,2024-06-24,R08,B2B,referral,New
C00279,2023-10-06,R08,B2C,organic,Gold
C00280,2022-02-02,R10,B2C,organic,Bronze
C00281,2022-04-13,R08,B2C,partner,Silver
C00282,2023-11-18,R09,B2C,social,Silver
C00283,2024-02-20,R01,B2C,referral,Bronze
C00284,2024-09-29,R02,B2C,referral,Bronze
C00285,2024-02-23,R06,B2C,social,New
C00286,2022-09-15,R10,B2C,social,Bronze
C00287,2023-05-18,R01,B2C,partner,Bronze
C00288,2023-08-31,R05,B2B,partner,Gold
C00289,2025-09-09,R07,B2C,paid_search,New
C00290,2023-12-31,R01,B2C,organic,Silver
C00291,2024-05-19,R03,B2C,organic,Bronze
C00292,2024-10-03,R11,B2C,paid_search,New
C00293,2023-05-11,R07,B2C,referral,Bronze
C00294,2025-08-13,R02,B2C,referral,Bronze
C00295,2024-07-12,R10,B2C,paid_search,Bronze
C00296,2025-03-07,R03,B2C,organic,New
C00297,2024-10-22,R10,B2C,paid_search,New
C00298,2024-04-30,R03,B2C,referral,Bronze
C00299,2022-02-12,R06,B2C,social,Silver
C00300,2024-03-10,R03,B2C,organic,Silver
C00301,2022-06-27,R02,B2B,paid_search,New
C00302,2024-04-05,R10,B2C,paid_search,Silver
C00303,2024-08-18,R02,B2C,paid_search,Gold
C00304,2024-01-17,R01,B2C,referral,New
C00305,2023-02-27,R03,B2C,partner,New
C00306,2022-03-23,R08,B2C,organic,New
C00307,2024-07-07,R09,B2C,organic,New
C00308,2024-08-13,R12,B2C,paid_search,Silver
C00309,2023-10-17,R02,B2C,organic,Silver
C00310,2024-09-07,R03,B2C,paid_search,Bronze
C00311,2024-12-02,R01,B2C,organic,Bronze
C00312,2023-12-03,R06,B2C,organic,Silver
C00313,2022-03-07,R12,B2C,referral,New
C00314,2025-04-06,R07,B2C,organic,New
C00315,2023-10-01,R06,B2C,referral,New
C00316,2024-07-09,R03,B2C,organic,Silver
C00317,2025-06-01,R11,B2C,organic,Silver
C00318,2023-05-12,R05,B2C,organic,Silver
C00319,2024-05-01,R01,B2C,organic,Silver
C00320,2022-01-27,R03,B2C,paid_search,New
C00321,2025-04-26,R01,B2C,referral,Bronze
C00322,2022-03-22,R02,B2C,partner,Silver
C00323,2024-01-11,R01,B2C,organic,Gold
C00324,2023-04-27,R04,B2C,organic,Bronze
C00325,2022-02-18,R06,B2C,organic,New
C00326,2023-09-25,R03,B2C,referral,Gold
C00327,2025-07-04,R04,B2C,organic,Bronze
C00328,2022-08-17,R12,B2C,organic,Bronze
C00329,2023-02-05,R08,B2C,referral,New
C00330,2022-06-21,R05,B2C,referral,New
C00331,2022-11-12,R02,B2C,social,Silver
C00332,2024-02-22,R11,B2C,organic,Silver
C00333,2024-12-04,R02,B2C,paid_search,New
C00334,2024-08-03,R03,B2C,organic,New
C00335,2024-11-21,R11,B2C,social,Bronze
C00336,2024-09-06,R05,B2C,referral,Bronze
C00337,2023-06-09,R08,B2C,organic,Bronze
C00338,2025-05-17,R06,B2C,referral,New
C00339,2022-08-24,R07,B2C,paid_search,Silver
C00340,2024-08-15,R03,B2C,referral,Gold
C00341,2022-06-01,R02,B2C,organic,Bronze
C00342,2024-11-14,R03,B2C,paid_search,Silver
C00343,2022-04-30,R01,B2C,organic,Gold
C00344,2022-10-23,R10,B2C,social,New
C00345,2023-06-20,R02,B2C,organic,Gold
C00346,2024-08-08,R06,B2B,paid_search,Bronze
C00347,2022-03-04,R09,B2C,referral,Bronze
C00348,2022-12-19,R09,B2C,social,Bronze
C00349,2024-09-27,R04,B2C,social,New
C00350,2025-08-09,R05,B2C,social,Silver
C00351,2024-04-20,R12,B2C,social,Silver
C00352,2023-11-26,R07,B2C,social,New
C00353,2023-04-06,R09,B2C,paid_search,Bronze
C00354,2025-01-31,R11,B2C,organic,Gold
C00355,2022-05-27,R09,B2C,paid_search,Gold
C00356,2022-06-26,R02,B2C,organic,Silver
C00357,2022-10-03,R06,B2C,paid_search,New
C00358,2023-01-02,R01,B2C,paid_search,Bronze
C00359,2023-09-24,R07,B2C,organic,New
C00360,2025-07-19,R12,B2C,referral,Silver
C00361,2024-06-09,R05,B2C,social,Silver
C00362,2023-06-10,R04,B2C,paid_search,Gold
C00363,2022-10-17,R01,B2C,partner,New
C00364,2024-06-06,R12,B2C,organic,Gold
C00365,2022-12-13,R01,B2C,organic,Gold
C00366,2025-08-29,R01,B2C,organic,Silver
C00367,2023-10-17,R02,B2C,paid_search,Gold
C00368,2024-01-25,R01,B2C,organic,Bronze
C00369,2025-05-21,R04,B2C,referral,Bronze
C00370,2023-02-23,R05,B2C,organic,New
C00371,2023-10-08,R03,B2C,paid_search,New
C00372,2023-12-30,R01,B2C,paid_search,New
C00373,2023-01-07,R01,B2C,organic,Silver
C00374,2022-03-16,R03,B2C,social,Bronze
C00375,2023-01-24,R01,B2C,social,New
C00376,2022-06-03,R07,B2C,referral,New
C00377,2024-07-14,R02,B2C,social,Silver
C00378,2022-01-10,R03,B2C,paid_search,Gold
C00379,2023-03-10,R03,B2C,paid_search,Bronze
C00380,2025-04-25,R04,B2C,social,Silver
C00381,2024-02-18,R01,B2C,paid_search,Gold
C00382,2024-07-07,R01,B2C,paid_search,Silver
C00383,2024-07-04,R10,B2C,organic,Silver
C00384,2023-02-13,R01,B2C,social,Silver
C00385,2024-05-15,R05,B2C,organic,Gold
C00386,2022-10-30,R05,B2C,partner,Bronze
C00387,2024-05-20,R03,B2B,organic,Silver
C00388,2024-07-24,R04,B2C,paid_search,Bronze
C00389,2025-04-14,R08,B2C,organic,New
C00390,2025-06-12,R10,B2C,organic,Silver
C00391,2022-02-02,R02,B2C,paid_search,Silver
C00392,2023-02-14,R03,B2C,social,Gold
C00393,2024-01-19,R02,B2C,organic,Gold
C00394,2023-03-17,R05,B2C,organic,Silver
C00395,2024-04-26,R07,B2C,organic,Bronze
C00396,2025-03-15,R02,B2C,paid_search,Gold
C00397,2022-12-20,R03,B2C,partner,New
C00398,2025-05-08,R11,B2C,paid_search,New
C00399,2025-04-22,R01,B2C,referral,Bronze
C00400,2025-06-05,R04,B2C,paid_search,Silver
C00401,2022-04-11,R08,B2B,paid_search,Silver
C00402,2023-02-06,R01,B2B,referral,Silver
C00403,2022-06-19,R01,B2C,organic,New
C00404,2022-06-14,R01,B2C,referral,Silver
C00405,2022-03-14,R11,B2C,paid_search,Silver
C00406,2023-08-26,R01,B2C,paid_search,Gold
C00407,2022-04-30,R02,B2C,referral,Bronze
C00408,2023-02-09,R01,B2C,paid_search,Silver
C00409,2025-09-05,R01,B2C,partner,Silver
C00410,2025-04-25,R06,B2C,partner,Bronze
C00411,2025-07-06,R02,B2C,organic,New
C00412,2022-02-20,R06,B2C,paid_search,New
C00413,2024-06-23,R06,B2C,referral,New
C00414,2024-05-17,R10,B2C,organic,Bronze
C00415,2022-07-01,R01,B2C,social,Silver
C00416,2025-05-25,R10,B2B,organic,Bronze
C00417,2023-07-08,R06,B2B,organic,Silver
C00418,2025-08-30,R02,B2C,paid_search,New
C00419,2022-06-06,R08,B2C,social,New
C00420,2024-06-09,R10,B2C,social,Silver
C00421,2022-06-28,R02,B2C,social,Silver
C00422,2025-07-24,R11,B2C,organic,Silver
C00423,2024-04-11,R04,B2C,paid_search,Silver
C00424,2022-04-14,R06,B2C,organic,Gold
C00425,2022-10-22,R12,B2C,organic,Gold
C00426,2023-05-07,R03,B2C,paid_search,Silver
C00427,2022-01-18,R09,B2C,social,Bronze
C00428,2022-01-12,R03,B2C,organic,New
C00429,2025-06-20,R09,B2C,organic,Silver
C00430,2025-09-05,R06,B2C,social,Bronze
C00431,2024-01-05,R02,B2C,organic,New
C00432,2025-05-20,R04,B2C,partner,New
C00433,2024-06-16,R03,B2C,paid_search,Gold
C00434,2022-02-08,R01,B2C,organic,New
C00435,2024-09-05,R01,B2C,referral,Silver
C00436,2022-01-25,R03,B2C,social,Gold
C00437,2025-01-22,R01,B2C,referral,Silver
C00438,2023-05-18,R02,B2C,paid_search,New
C00439,2022-07-13,R08,B2C,paid_search,Silver
C00440,2022-12-20,R07,B2C,social,Silver
C00441,2024-07-24,R08,B2C,paid_search,Bronze
C00442,2025-03-05,R03,B2C,paid_search,Silver
C00443,2024-02-21,R10,B2C,organic,New
C00444,2022-08-08,R06,B2B,paid_search,Silver
C00445,2025-05-17,R01,B2C,organic,Gold
C00446,2024-12-18,R01,B2B,referral,Bronze
C00447,2023-07-16,R07,B2C,paid_search,Gold
C00448,2024-01-30,R02,B2C,partner,Bronze
C00449,2025-08-12,R05,B2C,organic,Silver
C00450,2023-06-01,R12,B2C,paid_search,Silver
C00451,2022-02-05,R01,B2C,organic,New
C00452,2022-07-19,R01,B2C,social,Gold
C00453,2024-04-01,R12,B2C,referral,Gold
C00454,2025-09-27,R06,B2C,paid_search,Bronze
C00455,2024-10-09,R01,B2C,paid_search,Silver
C00456,2024-04-26,R11,B2C,social,New
C00457,2023-03-19,R10,B2C,organic,New
C00458,2023-08-25,R05,B2C,social,New
C00459,2022-02-22,R06,B2C,social,Bronze
C00460,2023-05-24,R02,B2C,organic,New
C00461,2024-05-03,R01,B2C,social,New
C00462,2025-05-24,R06,B2C,social,Gold
C00463,2025-06-16,R02,B2C,organic,Bronze
C00464,2025-01-29,R07,B2B,paid_search,Silver
C00465,2022-01-30,R09,B2C,paid_search,New
C00466,2025-01-15,R01,B2C,referral,New
C00467,2022-10-27,R06,B2C,paid_search,Silver
C00468,2024-04-23,R02,B2C,paid_search,Bronze
C00469,2025-07-19,R10,B2C,paid_search,Bronze
C00470,2025-04-30,R02,B2C,organic,Gold
C00471,2024-06-28,R06,B2C,organic,Bronze
C00472,2023-02-14,R05,B2C,organic,Bronze
C00473,2023-12-15,R03,B2C,organic,Silver
C00474,2024-08-21,R07,B2C,organic,New
C00475,2023-12-05,R08,B2C,social,Silver
C00476,2023-07-08,R06,B2C,social,Bronze
C00477,2023-07-06,R08,B2C,organic,New
C00478,2024-04-01,R12,B2C,social,Bronze
C00479,2022-02-18,R04,B2C,organic,Bronze
C00480,2025-09-28,R05,B2C,paid_search,Silver
C00481,2022-05-20,R01,B2C,partner,Gold
C00482,2025-09-09,R09,B2C,paid_search,Silver
C00483,2022-02-18,R05,B2C,organic,Bronze
C00484,2023-12-03,R03,B2C,paid_search,Gold
C00485,2023-07-26,R01,B2C,social,Silver
C00486,2024-02-25,R10,B2C,organic,New
C00487,2023-08-17,R03,B2C,partner,New
C00488,2025-05-13,R07,B2B,paid_search,New
C00489,2022-01-23,R01,B2C,organic,New
C00490,2025-09-11,R12,B2C,paid_search,Bronze
C00491,2024-08-01,R02,B2C,social,Bronze
C00492,2024-12-01,R02,B2C,paid_search,Gold
C00493,2022-07-11,R10,B2C,partner,Bronze
C00494,2022-03-31,R11,B2C,referral,New
C00495,2023-06-28,R02,B2C,organic,Gold
C00496,2023-03-18,R04,B2C,organic,Bronze
C00497,2024-12-07,R08,B2C,paid_search,New
C00498,2025-05-12,R10,B2C,social,New
C00499,2023-08-09,R03,B2C,social,Silver
C00500,2024-11-17,R05,B2C,organic,Bronze
C00501,2022-03-23,R08,B2C,partner,Silver
C00502,2024-10-13,R08,B2C,organic,Silver
C00503,2022-05-16,R09,B2C,referral,Silver
C00504,2024-07-03,R06,B2C,referral,Gold
C00505,2023-06-08,R01,B2C,organic,Silver
C00506,2023-07-23,R11,B2C,organic,Silver
C00507,2023-01-14,R10,B2C,organic,New
C00508,2023-07-07,R09,B2C,partner,Bronze
C00509,2025-04-12,R01,B2C,paid_search,Bronze
C00510,2025-01-12,R02,B2C,referral,Bronze
C00511,2023-04-11,R08,B2C,paid_search,Bronze
C00512,2023-02-07,R01,B2C,paid_search,Silver
C00513,2023-11-28,R12,B2C,referral,Bronze
C00514,2024-07-26,R03,B2B,paid_search,Bronze
C00515,2022-09-07,R08,B2C,social,Bronze
C00516,2024-09-21,R10,B2C,paid_search,Gold
C00517,2025-07-22,R03,B2C,organic,Bronze
C00518,2025-03-02,R03,B2C,organic,Silver
C00519,2024-01-21,R06,B2C,organic,Silver
C00520,2023-03-14,R06,B2C,social,Bronze
C00521,2023-03-19,R04,B2C,paid_search,Silver
C00522,2024-10-12,R06,B2C,paid_search,Gold
C00523,2023-09-15,R11,B2C,organic,Silver
C00524,2022-05-26,R04,B2C,social,Gold
C00525,2024-07-16,R02,B2C,referral,Bronze
C00526,2022-07-09,R03,B2C,social,Gold
C00527,2025-09-13,R03,B2C,partner,Gold
C00528,2023-07-26,R01,B2C,organic,Silver
C00529,2023-04-14,R02,B2B,organic,Silver
C00530,2022-03-17,R07,B2C,paid_search,Silver
C00531,2022-08-18,R03,B2C,organic,Bronze
C00532,2025-07-21,R12,B2C,social,Bronze
C00533,2024-01-06,R02,B2C,referral,Bronze
C00534,2025-05-19,R01,B2B,organic,Silver
C00535,2025-08-01,R08,B2C,partner,Bronze
C00536,2022-03-08,R10,B2C,organic,Silver
C00537,2023-06-06,R02,B2C,social,Bronze
C00538,2025-02-21,R02,B2C,paid_search,Bronze
C00539,2023-11-10,R02,B2C,social,New
C00540,2023-11-28,R05,B2C,organic,Bronze
C00541,2024-02-20,R04,B2C,partner,Silver
C00542,2024-08-18,R02,B2C,partner,Bronze
C00543,2025-07-09,R01,B2C,paid_search,New
C00544,2025-04-29,R05,B2C,paid_search,Bronze
C00545,2024-05-05,R12,B2C,social,Bronze
C00546,2024-02-29,R07,B2C,social,New
C00547,2023-05-10,R05,B2C,paid_search,Bronze
C00548,2022-06-09,R01,B2C,social,Silver
C00549,2024-08-28,R02,B2C,referral,Silver
C00550,2022-01-04,R02,B2C,social,Gold
C00551,2024-08-13,R08,B2C,organic,New
C00552,2023-11-12,R10,B2C,partner,Bronze
C00553,2024-12-12,R11,B2C,organic,New
C00554,2025-07-23,R12,B2C,organic,Silver
C00555,2024-01-28,R12,B2C,partner,New
C00556,2024-02-23,R12,B2C,organic,New
C00557,2023-10-30,R01,B2C,organic,Silver
C00558,2023-05-26,R01,B2C,paid_search,Bronze
C00559,2022-05-02,R03,B2C,referral,Bronze
C00560,2022-02-12,R05,B2C,organic,Silver
C00561,2024-09-16,R01,B2C,paid_search,Silver
C00562,2025-06-06,R10,B2C,organic,Bronze
C00563,2022-03-15,R06,B2C,paid_search,Bronze
C00564,2023-03-24,R05,B2C,paid_search,Bronze
C00565,2024-04-12,R02,B2C,organic,New
C00566,2024-08-22,R02,B2B,partner,New
C00567,2024-10-03,R02,B2C,social,Bronze
C00568,2024-08-08,R10,B2C,referral,New
C00569,2022-04-25,R06,B2C,referral,New
C00570,2022-12-14,R08,B2C,partner,Silver
C00571,2023-10-05,R02,B2C,social,Silver
C00572,2022-03-29,R03,B2C,organic,New
C00573,2023-04-15,R03,B2C,referral,Bronze
C00574,2023-06-12,R08,B2C,paid_search,Gold
C00575,2025-09-01,R08,B2C,organic,Bronze
C00576,2023-03-11,R02,B2C,paid_search,Silver
C00577,2025-08-22,R11,B2C,organic,New
C00578,2024-08-16,R01,B2C,paid_search,Gold
C00579,2024-08-05,R11,B2C,referral,New
C00580,2025-01-27,R01,B2C,paid_search,Bronze
C00581,2025-02-27,R02,B2C,organic,Gold
C00582,2022-11-01,R10,B2C,organic,Silver
C00583,2023-07-31,R02,B2C,referral,New
C00584,2023-12-25,R04,B2C,paid_search,Silver
C00585,2025-08-30,R04,B2C,paid_search,Gold
C00586,2022-02-25,R02,B2C,referral,Bronze
C00587,2023-10-15,R08,B2C,referral,New
C00588,2022-10-21,R10,B2C,paid_search,Bronze
C00589,2022-10-11,R10,B2C,social,Gold
C00590,2024-11-08,R03,B2C,organic,New
C00591,2022-10-04,R05,B2C,partner,Bronze
C00592,2024-12-22,R02,B2C,paid_search,New
C00593,2025-09-22,R02,B2C,social,New
C00594,2024-11-28,R02,B2C,organic,Bronze
C00595,2022-08-21,R11,B2C,social,Bronze
C00596,2022-07-14,R10,B2C,paid_search,New
C00597,2023-08-22,R08,B2C,paid_search,New
C00598,2024-01-25,R05,B2C,social,New
C00599,2024-12-01,R05,B2C,referral,New
C00600,2023-08-02,R05,B2C,paid_search,New
C00601,2022-08-17,R05,B2B,referral,Silver
C00602,2025-09-19,R04,B2C,organic,New
C00603,2025-05-23,R01,B2C,paid_search,Bronze
C00604,2024-06-14,R01,B2C,organic,Bronze
C00605,2024-08-10,R12,B2C,organic,Silver
C00606,2025-07-04,R05,B2C,referral,Silver
C00607,2023-10-13,R12,B2C,organic,Gold
C00608,2022-07-18,R02,B2C,partner,Bronze
C00609,2024-04-09,R05,B2C,paid_search,New
C00610,2023-09-10,R02,B2C,social,New
C00611,2024-12-30,R02,B2C,organic,New
C00612,2024-11-22,R01,B2B,social,Gold
C00613,2023-10-08,R01,B2C,referral,Bronze
C00614,2023-05-19,R11,B2C,paid_search,Silver
C00615,2023-08-01,R03,B2C,paid_search,Gold
C00616,2024-05-15,R06,B2C,referral,Silver
C00617,2024-05-22,R04,B2C,social,Bronze
C00618,2023-12-02,R03,B2C,organic,Gold
C00619,2023-12-30,R05,B2C,social,Bronze
C00620,2025-09-19,R02,B2C,social,New
C00621,2022-12-14,R12,B2C,social,Bronze
C00622,2022-08-27,R09,B2C,paid_search,Gold
C00623,2024-12-30,R08,B2C,paid_search,Silver
C00624,2025-07-04,R04,B2C,partner,Bronze
C00625,2024-04-13,R01,B2C,paid_search,Silver
C00626,2023-07-04,R11,B2B,paid_search,Bronze
C00627,2023-04-23,R03,B2C,partner,Silver
C00628,2023-10-03,R01,B2C,organic,Bronze
C00629,2022-03-13,R03,B2C,paid_search,New
C00630,2023-12-25,R09,B2C,social,Bronze
C00631,2023-01-05,R06,B2B,social,Gold
C00632,2022-12-30,R08,B2C,partner,Gold
C00633,2024-02-07,R09,B2C,social,Bronze
C00634,2025-08-12,R02,B2C,paid_search,New
C00635,2022-10-09,R11,B2C,paid_search,New
C00636,2025-06-01,R04,B2C,organic,Silver
C00637,2023-12-13,R07,B2C,partner,Bronze
C00638,2025-08-24,R01,B2C,organic,Bronze
C00639,2023-06-08,R12,B2C,paid_search,New
C00640,2025-09-26,R02,B2C,paid_search,New
C00641,2024-06-22,R01,B2C,organic,Gold
C00642,2024-07-05,R04,B2C,organic,Bronze
C00643,2024-02-11,R01,B2C,social,New
C00644,2023-09-11,R01,B2C,organic,New
C00645,2023-12-20,R06,B2C,partner,New
C00646,2025-03-10,R03,B2C,referral,New
C00647,2024-12-20,R11,B2C,organic,New
C00648,2022-02-02,R03,B2C,referral,Silver
C00649,2024-08-08,R08,B2C,paid_search,Bronze
C00650,2025-02-16,R04,B2C,organic,Bronze
C00651,2024-10-15,R07,B2C,organic,Bronze
C00652,2023-11-12,R06,B2C,referral,Bronze
C00653,2023-04-05,R04,B2C,social,Bronze
C00654,2024-07-10,R11,B2C,organic,Gold
C00655,2024-06-27,R03,B2C,social,New
C00656,2023-05-28,R02,B2C,social,Silver
C00657,2023-07-11,R07,B2C,social,Bronze
C00658,2023-05-20,R10,B2C,paid_search,New
C00659,2022-03-03,R01,B2C,referral,New
C00660,2022-02-13,R04,B2C,social,Silver
C00661,2022-04-24,R10,B2C,organic,Bronze
C00662,2023-08-04,R08,B2C,referral,Silver
C00663,2023-11-30,R12,B2C,paid_search,New
C00664,2023-07-14,R05,B2C,social,Silver
C00665,2025-07-31,R07,B2C,social,New
C00666,2022-11-04,R03,B2C,paid_search,New
C00667,2023-06-22,R11,B2C,organic,Silver
C00668,2022-12-05,R03,B2C,social,New
C00669,2023-02-15,R08,B2C,referral,Bronze
C00670,2024-03-10,R03,B2C,referral,Bronze
C00671,2023-03-01,R06,B2C,social,Silver
C00672,2023-03-12,R08,B2B,organic,Silver
C00673,2024-07-07,R05,B2C,paid_search,New
C00674,2025-02-10,R11,B2C,social,New
C00675,2022-10-19,R04,B2C,paid_search,Bronze
C00676,2022-06-02,R07,B2C,social,New
C00677,2022-11-24,R03,B2C,organic,Bronze
C00678,2024-03-01,R03,B2C,organic,Bronze
C00679,2025-08-06,R04,B2C,social,Bronze
C00680,2022-08-08,R01,B2C,social,Bronze
C00681,2022-02-28,R01,B2C,social,New
C00682,2023-12-25,R07,B2C,organic,Bronze
C00683,2025-09-18,R07,B2C,referral,Bronze
C00684,2024-01-27,R07,B2C,paid_search,New
C00685,2025-06-19,R01,B2C,referral,Silver
C00686,2024-05-29,R03,B2B,social,Bronze
C00687,2022-02-13,R02,B2C,paid_search,New
C00688,2023-08-09,R08,B2C,social,Silver
C00689,2024-11-20,R10,B2C,paid_search,Bronze
C00690,2023-11-29,R02,B2C,paid_search,New
C00691,2022-09-24,R07,B2C,social,Silver
C00692,2022-09-05,R01,B2C,organic,Silver
C00693,2024-06-27,R02,B2C,partner,Gold
C00694,2023-09-26,R01,B2C,paid_search,Gold
C00695,2024-02-25,R02,B2C,organic,Silver
C00696,2023-05-26,R07,B2C,referral,New
C00697,2023-04-10,R11,B2C,organic,Bronze
C00698,2024-06-30,R02,B2C,partner,New
C00699,2022-01-11,R05,B2C,paid_search,Bronze
C00700,2023-08-19,R07,B2B,organic,Gold
C00701,2023-05-23,R12,B2C,organic,New
C00702,2024-12-02,R06,B2C,organic,Gold
C00703,2024-09-24,R02,B2C,organic,Bronze
C00704,2023-08-07,R06,B2C,organic,New
C00705,2022-12-26,R03,B2C,paid_search,Silver
C00706,2022-11-19,R12,B2C,paid_search,Bronze
C00707,2022-10-17,R03,B2C,paid_search,Bronze
C00708,2023-01-10,R07,B2C,organic,Bronze
C00709,2024-11-07,R01,B2C,organic,New
C00710,2022-03-03,R03,B2C,organic,New
C00711,2022-02-05,R10,B2C,organic,Silver
C00712,2024-01-10,R06,B2C,paid_search,Gold
C00713,2022-11-02,R04,B2C,organic,Silver
C00714,2025-02-11,R11,B2C,paid_search,Silver
C00715,2024-10-26,R10,B2C,partner,Silver
C00716,2024-11-18,R03,B2C,organic,New
C00717,2023-09-18,R05,B2C,organic,Silver
C00718,2023-08-23,R05,B2B,social,Silver
C00719,2023-08-06,R06,B2C,paid_search,Bronze
C00720,2022-09-26,R03,B2C,organic,Bronze
C00721,2024-02-16,R02,B2C,referral,Silver
C00722,2025-03-28,R11,B2C,social,Gold
C00723,2022-12-18,R11,B2C,partner,Gold
C00724,2022-03-19,R10,B2C,partner,Bronze
C00725,2024-02-13,R12,B2C,social,Silver
C00726,2023-07-01,R08,B2C,social,Bronze
C00727,2024-12-27,R08,B2C,paid_search,Gold
C00728,2025-03-18,R08,B2C,referral,Silver
C00729,2025-07-25,R05,B2C,paid_search,Gold
C00730,2023-06-23,R04,B2C,paid_search,Gold
C00731,2025-05-19,R02,B2C,organic,Bronze
C00732,2022-06-11,R07,B2C,social,Gold
C00733,2023-05-26,R02,B2C,paid_search,Silver
C00734,2022-12-31,R02,B2C,referral,New
C00735,2025-06-17,R06,B2C,organic,New
C00736,2024-04-01,R04,B2C,referral,Silver
C00737,2023-05-16,R02,B2C,organic,New
C00738,2022-07-28,R09,B2C,social,New
C00739,2024-12-07,R10,B2C,paid_search,Bronze
C00740,2024-06-15,R02,B2C,paid_search,New
C00741,2025-03-13,R01,B2C,paid_search,Bronze
C00742,2023-08-23,R03,B2B,organic,Silver
C00743,2022-07-25,R09,B2C,organic,New
C00744,2023-04-03,R09,B2C,referral,Silver
C00745,2024-04-28,R01,B2C,organic,New
C00746,2022-11-26,R08,B2C,social,Gold
C00747,2022-04-07,R01,B2C,social,Bronze
C00748,2025-02-01,R03,B2C,organic,Silver
C00749,2023-12-28,R12,B2C,referral,Silver
C00750,2023-06-28,R02,B2C,referral,Gold
C00751,2024-01-27,R01,B2C,referral,Bronze
C00752,2024-10-07,R04,B2C,referral,Bronze
C00753,2022-01-02,R06,B2C,social,New
C00754,2023-08-26,R11,B2B,partner,Bronze
C00755,2022-12-15,R12,B2C,organic,Bronze
C00756,2022-05-06,R01,B2C,organic,Silver
C00757,2022-02-19,R01,B2C,social,New
C00758,2023-08-27,R09,B2C,organic,Bronze
C00759,2024-01-15,R02,B2C,social,Bronze
C00760,2023-11-27,R10,B2C,paid_search,Silver
C00761,2024-12-07,R07,B2C,paid_search,Silver
C00762,2023-09-19,R01,B2C,referral,Bronze
C00763,2024-03-18,R09,B2C,organic,Bronze
C00764,2025-01-22,R02,B2C,organic,Bronze
C00765,2024-06-18,R04,B2C,social,Silver
C00766,2025-05-31,R05,B2C,referral,Silver
C00767,2022-10-31,R05,B2C,referral,Bronze
C00768,2024-12-13,R07,B2C,organic,Bronze
C00769,2024-08-11,R07,B2C,referral,Silver
C00770,2024-03-08,R12,B2C,social,Silver
C00771,2022-01-06,R12,B2C,referral,New
C00772,2024-01-12,R05,B2C,organic,Bronze
C00773,2025-03-21,R01,B2C,paid_search,Bronze
C00774,2024-06-01,R08,B2B,paid_search,Silver
C00775,2022-01-07,R12,B2C,paid_search,New
C00776,2023-01-30,R03,B2C,organic,Silver
C00777,2024-02-19,R04,B2C,paid_search,Silver
C00778,2025-01-16,R04,B2C,social,Silver
C00779,2023-09-02,R01,B2C,paid_search,Gold
C00780,2025-03-19,R07,B2C,paid_search,Bronze
C00781,2024-12-25,R03,B2C,organic,Silver
C00782,2023-01-01,R09,B2C,referral,Silver
C00783,2022-09-24,R09,B2C,social,Silver
C00784,2025-05-20,R09,B2C,paid_search,Bronze
C00785,2024-03-17,R04,B2C,partner,New
C00786,2025-03-07,R03,B2C,social,Gold
C00787,2025-06-16,R08,B2C,organic,New
C00788,2023-08-05,R09,B2C,social,Gold
C00789,2022-03-04,R05,B2C,partner,Bronze
C00790,2025-05-29,R10,B2C,organic,Bronze
C00791,2024-03-09,R01,B2C,social,Gold
C00792,2022-06-14,R10,B2B,organic,Silver
C00793,2023-12-27,R01,B2C,referral,Silver
C00794,2022-02-08,R01,B2C,social,Bronze
C00795,2023-02-01,R05,B2C,partner,Bronze
C00796,2023-04-22,R01,B2C,social,New
C00797,2023-09-15,R01,B2C,organic,Silver
C00798,2024-02-14,R01,B2B,paid_search,Bronze
C00799,2025-02-23,R04,B2C,referral,New
C00800,2023-04-27,R08,B2C,organic,Bronze
C00801,2024-10-03,R01,B2C,organic,Gold
C00802,2025-07-13,R07,B2C,social,Silver
C00803,2024-10-21,R09,B2C,paid_search,Bronze
C00804,2022-12-15,R02,B2C,organic,Gold
C00805,2024-07-16,R01,B2C,organic,Bronze
C00806,2023-01-20,R10,B2C,paid_search,Bronze
C00807,2023-10-17,R09,B2C,social,Bronze
C00808,2024-05-19,R05,B2C,paid_search,Gold
C00809,2023-02-06,R09,B2C,paid_search,Bronze
C00810,2022-01-06,R01,B2C,referral,New
C00811,2025-02-20,R03,B2C,organic,Gold
C00812,2024-09-23,R08,B2C,social,Silver
C00813,2023-06-01,R02,B2C,paid_search,Silver
C00814,2022-12-25,R08,B2C,paid_search,Silver
C00815,2025-08-31,R05,B2C,paid_search,Silver
C00816,2025-07-13,R08,B2C,social,New
C00817,2024-08-04,R04,B2C,partner,Silver
C00818,2023-08-27,R03,B2C,organic,New
C00819,2022-03-13,R02,B2C,organic,New
C00820,2022-12-05,R02,B2C,paid_search,Gold
C00821,2022-05-07,R08,B2C,paid_search,New
C00822,2024-12-16,R01,B2C,organic,New
C00823,2022-05-01,R01,B2C,referral,Bronze
C00824,2024-07-16,R02,B2C,referral,Silver
C00825,2025-07-28,R02,B2C,paid_search,Gold
C00826,2023-02-26,R09,B2C,paid_search,New
C00827,2024-07-25,R03,B2C,organic,Bronze
C00828,2025-04-18,R12,B2C,paid_search,Silver
C00829,2023-08-09,R01,B2C,social,Silver
C00830,2023-09-07,R07,B2C,referral,New
C00831,2022-10-02,R04,B2C,paid_search,Bronze
C00832,2023-08-09,R03,B2C,organic,Silver
C00833,2025-04-11,R10,B2C,organic,New
C00834,2024-06-27,R12,B2B,organic,Silver
C00835,2022-10-03,R10,B2C,partner,Bronze
C00836,2023-12-22,R02,B2C,referral,Silver
C00837,2024-08-25,R02,B2C,referral,Silver
C00838,2022-04-16,R07,B2C,referral,Silver
C00839,2024-11-10,R02,B2C,organic,Silver
C00840,2022-10-03,R08,B2C,social,New
C00841,2023-02-08,R06,B2C,social,Bronze
C00842,2023-07-24,R05,B2C,organic,Bronze
C00843,2023-11-23,R09,B2C,paid_search,Silver
C00844,2025-06-08,R08,B2C,social,Silver
C00845,2022-11-02,R01,B2C,referral,Bronze
C00846,2022-12-17,R01,B2C,organic,Silver
C00847,2023-06-03,R06,B2B,referral,New
C00848,2025-03-19,R05,B2C,partner,New
C00849,2025-08-14,R02,B2C,partner,New
C00850,2023-09-15,R04,B2C,organic,Gold
C00851,2024-08-06,R08,B2C,organic,Bronze
C00852,2025-06-09,R09,B2C,social,Bronze
C00853,2025-03-05,R06,B2C,paid_search,Silver
C00854,2024-07-21,R03,B2C,organic,New
C00855,2024-01-11,R02,B2C,referral,New
C00856,2025-09-09,R05,B2C,organic,New
C00857,2022-11-24,R03,B2B,paid_search,New
C00858,2023-05-12,R06,B2C,partner,Bronze
C00859,2024-09-02,R07,B2C,paid_search,Bronze
C00860,2022-01-29,R01,B2C,partner,Silver
C00861,2023-11-17,R01,B2C,paid_search,Silver
C00862,2025-03-15,R02,B2C,paid_search,Gold
C00863,2022-08-31,R10,B2C,organic,New
C00864,2025-01-04,R07,B2C,paid_search,Bronze
C00865,2023-07-19,R02,B2C,paid_search,New
C00866,2025-03-24,R10,B2C,referral,New
C00867,2024-05-19,R04,B2C,partner,Silver
C00868,2022-08-04,R05,B2C,organic,Bronze
C00869,2024-10-03,R11,B2C,organic,Silver
C00870,2022-03-18,R01,B2C,social,Silver
C00871,2022-11-29,R02,B2B,paid_search,New
C00872,2025-05-01,R06,B2C,organic,Gold
C00873,2025-04-14,R02,B2C,organic,New
C00874,2022-03-05,R07,B2C,organic,Gold
C00875,2023-06-04,R02,B2C,paid_search,Silver
C00876,2022-05-09,R01,B2C,organic,New
C00877,2023-01-07,R02,B2C,social,Bronze
C00878,2025-08-17,R04,B2C,organic,Bronze
C00879,2022-09-25,R02,B2B,paid_search,Silver
C00880,2024-05-28,R01,B2C,paid_search,New
C00881,2025-01-05,R10,B2C,organic,Silver
C00882,2025-04-21,R03,B2C,referral,Bronze
C00883,2023-04-30,R03,B2C,social,Gold
C00884,2024-08-12,R01,B2C,referral,Bronze
C00885,2023-10-24,R03,B2C,paid_search,Silver
C00886,2022-05-27,R02,B2C,paid_search,Silver
C00887,2022-11-02,R06,B2C,organic,New
C00888,2024-10-21,R02,B2C,paid_search,New
C00889,2024-07-28,R10,B2C,social,Bronze
C00890,2023-12-15,R11,B2C,paid_search,Silver
C00891,2024-12-05,R01,B2C,organic,Silver
C00892,2024-08-04,R01,B2C,organic,Bronze
C00893,2023-04-10,R01,B2C,organic,Gold
C00894,2023-02-07,R06,B2B,paid_search,Gold
C00895,2025-07-17,R01,B2C,social,Silver
C00896,2025-08-23,R10,B2C,partner,New
C00897,2022-02-11,R08,B2C,organic,New
C00898,2024-12-18,R09,B2C,organic,Gold
C00899,2022-07-01,R05,B2C,organic,Silver
C00900,2025-03-25,R12,B2C,organic,Silver
C00901,2024-03-17,R01,B2C,social,Gold
C00902,2024-07-30,R03,B2C,organic,New
C00903,2024-08-18,R03,B2C,partner,Silver
C00904,2024-04-08,R11,B2C,referral,Silver
C00905,2022-12-10,R06,B2C,paid_search,Silver
C00906,2025-01-10,R09,B2C,partner,Silver
C00907,2024-01-29,R02,B2C,social,Bronze
C00908,2024-01-17,R12,B2C,partner,New
C00909,2023-03-12,R05,B2C,organic,Gold
C00910,2022-01-14,R05,B2C,partner,Silver
C00911,2024-01-29,R12,B2C,organic,Bronze
C00912,2023-04-18,R03,B2C,paid_search,Gold
C00913,2024-06-21,R03,B2C,partner,Bronze
C00914,2023-05-15,R06,B2C,paid_search,Bronze
C00915,2025-08-24,R01,B2C,organic,Gold
C00916,2024-07-21,R03,B2C,organic,Silver
C00917,2023-09-16,R02,B2C,organic,Gold
C00918,2024-08-27,R01,B2C,paid_search,Gold
C00919,2024-06-06,R10,B2C,paid_search,Bronze
C00920,2024-04-29,R06,B2C,paid_search,Bronze
C00921,2024-03-02,R03,B2C,referral,Silver
C00922,2025-06-29,R03,B2C,organic,Bronze
C00923,2023-03-11,R04,B2C,referral,Bronze
C00924,2023-08-15,R06,B2C,paid_search,Bronze
C00925,2022-12-13,R11,B2B,social,New
C00926,2024-02-19,R11,B2C,social,New
C00927,2025-09-14,R03,B2B,referral,Silver
C00928,2024-04-12,R03,B2B,organic,Silver
C00929,2022-10-11,R04,B2C,paid_search,Bronze
C00930,2025-06-15,R06,B2C,referral,New
C00931,2023-08-26,R04,B2C,social,Bronze
C00932,2022-07-20,R07,B2C,organic,Silver
C00933,2023-07-06,R05,B2C,social,New
C00934,2025-01-06,R03,B2C,referral,Bronze
C00935,2024-03-01,R03,B2C,organic,Silver
C00936,2022-09-12,R03,B2C,social,Bronze
C00937,2022-08-06,R01,B2C,referral,Silver
C00938,2025-08-17,R02,B2C,paid_search,Gold
C00939,2023-09-05,R08,B2C,organic,New
C00940,2024-07-28,R03,B2C,paid_search,New
C00941,2023-05-09,R02,B2C,social,New
C00942,2022-05-04,R06,B2C,paid_search,Silver
C00943,2023-07-18,R08,B2C,social,Gold
C00944,2024-08-06,R02,B2C,paid_search,Silver
C00945,2023-04-02,R09,B2C,referral,Gold
C00946,2024-04-06,R11,B2C,referral,Silver
C00947,2023-08-23,R06,B2C,referral,Bronze
C00948,2023-04-08,R07,B2C,paid_search,Bronze
C00949,2022-12-16,R01,B2C,organic,Silver
C00950,2022-12-23,R11,B2C,social,Silver
C00951,2022-12-17,R03,B2C,organic,Bronze
C00952,2024-09-10,R11,B2C,paid_search,Bronze
C00953,2023-04-07,R06,B2C,organic,Bronze
C00954,2024-10-11,R01,B2C,paid_search,Bronze
C00955,2023-03-02,R01,B2C,social,Silver
C00956,2023-03-24,R07,B2C,paid_search,Silver
C00957,2025-06-19,R06,B2C,paid_search,Silver
C00958,2025-04-14,R01,B2C,organic,Bronze
C00959,2023-07-03,R08,B2C,organic,Silver
C00960,2023-01-04,R10,B2C,paid_search,Bronze
C00961,2024-09-06,R05,B2C,referral,Bronze
C00962,2022-04-06,R04,B2C,referral,Silver
C00963,2023-09-17,R01,B2C,partner,Gold
C00964,2024-04-01,R09,B2C,organic,Gold
C00965,2024-07-14,R03,B2C,organic,New
C00966,2022-05-27,R10,B2C,paid_search,Bronze
C00967,2022-01-05,R03,B2C,social,Silver
C00968,2023-01-14,R06,B2C,social,Silver
C00969,2022-06-13,R02,B2C,referral,Bronze
C00970,2023-11-26,R02,B2C,paid_search,New
C00971,2025-06-12,R08,B2C,paid_search,Bronze
C00972,2023-01-28,R05,B2C,partner,New
C00973,2023-09-14,R05,B2C,organic,Bronze
C00974,2022-10-22,R12,B2C,referral,Silver
C00975,2022-03-02,R12,B2B,social,New
C00976,2024-08-20,R10,B2B,organic,Silver
C00977,2022-12-18,R02,B2C,partner,Silver
C00978,2024-01-19,R06,B2C,referral,Bronze
C00979,2024-07-24,R10,B2C,referral,Bronze
C00980,2025-02-23,R03,B2C,organic,Gold
C00981,2022-09-12,R01,B2C,organic,Bronze
C00982,2024-03-06,R09,B2C,social,Gold
C00983,2025-05-31,R05,B2C,organic,Bronze
C00984,2023-10-24,R06,B2C,organic,Silver
C00985,2022-02-25,R12,B2C,paid_search,Gold
C00986,2022-12-24,R06,B2C,organic,New
C00987,2024-12-24,R04,B2C,social,Bronze
C00988,2024-12-20,R03,B2C,paid_search,Gold
C00989,2023-03-07,R04,B2C,organic,Bronze
C00990,2022-09-27,R01,B2C,paid_search,Bronze
C00991,2023-02-04,R09,B2C,organic,Gold
C00992,2024-10-11,R09,B2C,organic,New
C00993,2025-02-26,R02,B2C,paid_search,Silver
C00994,2022-03-05,R03,B2C,paid_search,Silver
C00995,2024-10-11,R10,B2C,paid_search,Silver
C00996,2024-10-27,R01,B2C,social,Bronze
C00997,2024-04-19,R05,B2C,paid_search,New
C00998,2025-04-07,R04,B2B,social,Silver
C00999,2022-02-23,R07,B2C,paid_search,Silver
C01000,2024-08-15,R02,B2C,social,New
C01001,2022-06-24,R07,B2B,paid_search,Bronze
C01002,2025-05-13,R03,B2C,organic,Bronze
C01003,2023-11-16,R06,B2C,social,New
C01004,2022-05-05,R01,B2C,referral,Silver
C01005,2024-10-18,R04,B2C,organic,Gold
C01006,2024-10-22,R05,B2C,social,Bronze
C01007,2023-09-28,R02,B2C,referral,Gold
C01008,2023-03-01,R01,B2C,organic,Silver
C01009,2022-01-24,R02,B2C,referral,Silver
C01010,2025-05-28,R03,B2C,paid_search,Gold
C01011,2022-09-10,R01,B2C,social,Bronze
C01012,2025-02-27,R11,B2C,referral,Gold
C01013,2024-03-17,R03,B2C,partner,New
C01014,2024-07-27,R09,B2B,social,Bronze
C01015,2024-08-08,R12,B2C,social,Bronze
C01016,2025-03-20,R01,B2C,organic,New
C01017,2022-02-15,R07,B2C,organic,Silver
C01018,2025-09-18,R10,B2C,referral,Bronze
C01019,2022-03-01,R06,B2C,paid_search,Bronze
C01020,2025-09-29,R04,B2C,referral,Silver
C01021,2022-12-24,R04,B2C,organic,New
C01022,2025-03-03,R01,B2C,organic,New
C01023,2022-04-25,R05,B2C,organic,New
C01024,2023-09-24,R12,B2C,paid_search,Gold
C01025,2024-01-12,R12,B2C,organic,Silver
C01026,2025-07-30,R01,B2C,paid_search,Bronze
C01027,2022-06-19,R07,B2C,partner,Silver
C01028,2022-02-19,R03,B2C,referral,Silver
C01029,2024-06-06,R11,B2B,referral,Bronze
C01030,2022-03-09,R01,B2C,organic,New
C01031,2024-11-30,R11,B2C,paid_search,Bronze
C01032,2022-02-22,R09,B2C,social,Bronze
C01033,2025-08-21,R01,B2B,organic,Gold
C01034,2023-12-31,R01,B2C,paid_search,New
C01035,2025-07-22,R09,B2C,partner,Bronze
C01036,2022-06-23,R01,B2C,organic,Bronze
C01037,2023-01-10,R05,B2C,referral,Silver
C01038,2023-09-15,R11,B2C,organic,Gold
C01039,2022-02-10,R06,B2C,organic,Bronze
C01040,2022-05-21,R03,B2C,organic,New
C01041,2023-03-27,R04,B2C,partner,Silver
C01042,2024-10-06,R01,B2C,social,New
C01043,2024-08-27,R12,B2C,social,New
C01044,2022-04-29,R03,B2C,paid_search,Silver
C01045,2022-03-23,R02,B2C,referral,New
C01046,2024-06-17,R02,B2C,social,New
C01047,2023-05-08,R12,B2C,social,Bronze
C01048,2024-12-20,R01,B2C,social,Bronze
C01049,2023-02-13,R10,B2C,referral,Gold
C01050,2023-05-12,R07,B2C,social,Bronze
C01051,2022-10-28,R09,B2C,organic,Bronze
C01052,2022-12-31,R12,B2B,referral,Silver
C01053,2024-08-24,R10,B2C,organic,Silver
C01054,2023-10-08,R11,B2C,partner,Bronze
C01055,2024-06-21,R01,B2C,paid_search,Silver
C01056,2022-04-18,R09,B2C,organic,Silver
C01057,2024-01-04,R05,B2C,paid_search,Bronze
C01058,2023-09-20,R05,B2C,paid_search,New
C01059,2025-05-31,R11,B2C,paid_search,Silver
C01060,2023-08-03,R12,B2C,referral,Bronze
C01061,2022-05-22,R07,B2C,social,Bronze
C01062,2024-08-12,R05,B2C,organic,Bronze
C01063,2022-07-24,R04,B2C,paid_search,New
C01064,2025-05-29,R03,B2C,referral,New
C01065,2023-06-09,R03,B2C,referral,Bronze
C01066,2024-12-10,R03,B2C,paid_search,Gold
C01067,2024-06-16,R01,B2C,partner,Silver
C01068,2023-09-29,R01,B2B,organic,Bronze
C01069,2024-03-10,R08,B2C,social,Bronze
C01070,2022-09-08,R04,B2C,referral,Gold
C01071,2022-04-12,R11,B2C,paid_search,Silver
C01072,2024-11-15,R06,B2C,organic,Silver
C01073,2025-08-05,R01,B2C,social,New
C01074,2025-03-25,R01,B2C,paid_search,New
C01075,2023-02-22,R02,B2C,organic,Bronze
C01076,2023-05-06,R12,B2C,organic,Silver
C01077,2023-05-07,R02,B2C,referral,Gold
C01078,2024-08-19,R05,B2C,organic,New
C01079,2024-05-03,R11,B2C,paid_search,Silver
C01080,2024-12-26,R12,B2C,partner,Gold
C01081,2025-07-17,R02,B2C,social,Gold
C01082,2023-06-22,R01,B2C,paid_search,Bronze
C01083,2024-06-26,R01,B2C,paid_search,Bronze
C01084,2023-11-17,R01,B2C,organic,Gold
C01085,2025-07-31,R02,B2C,paid_search,Bronze
C01086,2023-04-30,R06,B2C,organic,Bronze
C01087,2022-09-14,R11,B2B,organic,New
C01088,2023-06-03,R05,B2C,organic,Bronze
C01089,2024-04-27,R06,B2C,social,New
C01090,2025-07-29,R02,B2C,organic,Bronze
C01091,2025-02-08,R09,B2C,organic,Gold
C01092,2022-01-26,R06,B2C,referral,Bronze
C01093,2023-11-28,R10,B2C,organic,Gold
C01094,2022-08-06,R11,B2C,social,Gold
C01095,2023-05-11,R03,B2C,paid_search,Silver
C01096,2025-07-16,R01,B2C,paid_search,Silver
C01097,2025-09-10,R02,B2C,organic,Gold
C01098,2022-07-30,R04,B2C,organic,Bronze
C01099,2022-07-13,R11,B2C,referral,New
C01100,2024-08-11,R03,B2C,paid_search,Gold
C01101,2023-07-17,R08,B2C,organic,Bronze
C01102,2023-08-16,R05,B2C,paid_search,Gold
C01103,2025-04-10,R02,B2B,paid_search,Bronze
C01104,2025-06-14,R03,B2C,organic,Bronze
C01105,2025-05-17,R07,B2C,paid_search,Silver
C01106,2024-12-07,R07,B2C,paid_search,Silver
C01107,2025-09-04,R04,B2C,social,Bronze
C01108,2024-09-12,R02,B2C,referral,Gold
C01109,2025-04-26,R08,B2C,paid_search,Bronze
C01110,2024-01-10,R02,B2C,referral,New
C01111,2022-03-11,R11,B2C,paid_search,Silver
C01112,2025-01-22,R02,B2C,paid_search,New
C01113,2025-06-26,R01,B2C,social,Bronze
C01114,2023-03-04,R05,B2C,social,New
C01115,2023-08-10,R05,B2C,organic,New
C01116,2024-02-23,R05,B2C,partner,Gold
C01117,2024-06-11,R04,B2C,partner,New
C01118,2024-07-12,R12,B2B,organic,Silver
C01119,2023-06-24,R05,B2C,paid_search,Silver
C01120,2025-03-15,R05,B2C,referral,New
C01121,2025-01-18,R04,B2C,partner,Gold
C01122,2025-07-13,R01,B2C,social,New
C01123,2024-02-28,R06,B2C,organic,Bronze
C01124,2022-04-17,R02,B2C,social,Silver
C01125,2025-03-03,R06,B2B,organic,Silver
C01126,2022-04-19,R01,B2C,social,Bronze
C01127,2022-09-23,R12,B2C,social,Silver
C01128,2023-01-26,R04,B2C,social,Gold
C01129,2022-09-11,R11,B2C,organic,Bronze
C01130,2024-09-17,R04,B2C,paid_search,Silver
C01131,2023-08-26,R01,B2B,social,Bronze
C01132,2022-10-28,R09,B2C,organic,Bronze
C01133,2022-01-07,R07,B2C,organic,Bronze
C01134,2022-10-24,R08,B2C,organic,New
C01135,2024-08-06,R04,B2C,referral,Silver
C01136,2024-12-23,R06,B2C,paid_search,New
C01137,2023-02-10,R10,B2C,social,New
C01138,2022-04-11,R06,B2C,paid_search,Bronze
C01139,2024-02-02,R03,B2C,referral,New
C01140,2024-12-07,R07,B2C,paid_search,Bronze
C01141,2022-04-06,R07,B2C,organic,Bronze
C01142,2024-12-25,R12,B2C,organic,New
C01143,2022-08-22,R03,B2C,organic,New
C01144,2022-12-20,R04,B2C,referral,New
C01145,2024-05-02,R09,B2C,social,Silver
C01146,2022-03-12,R05,B2C,social,Bronze
C01147,2023-02-23,R08,B2C,social,Silver
C01148,2022-07-10,R04,B2C,referral,Silver
C01149,2022-10-21,R02,B2C,partner,Bronze
C01150,2024-11-24,R08,B2C,social,New
C01151,2022-11-10,R01,B2C,organic,Bronze
C01152,2022-03-01,R02,B2C,organic,Bronze
C01153,2022-10-22,R06,B2C,social,Bronze
C01154,2022-04-29,R08,B2C,referral,Gold
C01155,2024-05-02,R11,B2C,paid_search,New
C01156,2025-08-24,R02,B2C,organic,Bronze
C01157,2022-08-18,R01,B2C,social,Silver
C01158,2024-09-24,R12,B2C,paid_search,Gold
C01159,2023-05-12,R01,B2C,organic,Bronze
C01160,2022-04-09,R02,B2C,referral,Bronze
C01161,2024-07-30,R02,B2C,paid_search,New
C01162,2022-10-15,R05,B2C,organic,Silver
C01163,2023-12-05,R10,B2C,paid_search,Silver
C01164,2023-11-26,R08,B2C,paid_search,Bronze
C01165,2024-03-28,R07,B2C,paid_search,Bronze
C01166,2022-07-04,R02,B2C,organic,Bronze
C01167,2022-12-10,R03,B2C,social,Silver
C01168,2024-10-06,R05,B2C,social,New
C01169,2025-06-30,R01,B2C,organic,Bronze
C01170,2022-01-17,R02,B2C,paid_search,New
C01171,2023-07-21,R03,B2C,paid_search,Silver
C01172,2025-04-21,R01,B2C,paid_search,New
C01173,2023-01-28,R05,B2C,paid_search,Gold
C01174,2023-09-05,R07,B2C,paid_search,Bronze
C01175,2025-05-23,R01,B2C,paid_search,Bronze
C01176,2025-08-19,R05,B2C,referral,Bronze
C01177,2024-06-16,R08,B2C,paid_search,Bronze
C01178,2024-08-08,R08,B2C,partner,Bronze
C01179,2024-04-20,R09,B2C,paid_search,Bronze
C01180,2023-01-24,R04,B2C,social,New
C01181,2025-04-28,R09,B2C,paid_search,Bronze
C01182,2022-02-16,R02,B2B,referral,Silver
C01183,2022-03-22,R03,B2C,referral,New
C01184,2024-04-03,R02,B2C,paid_search,Silver
C01185,2025-02-20,R04,B2C,paid_search,Gold
C01186,2025-01-19,R03,B2C,partner,Silver
C01187,2024-07-16,R02,B2C,partner,New
C01188,2023-05-31,R08,B2C,partner,Bronze
C01189,2023-05-08,R03,B2C,organic,Silver
C01190,2023-08-06,R02,B2B,organic,Bronze
C01191,2022-12-17,R01,B2C,paid_search,Bronze
C01192,2023-07-28,R04,B2B,social,Bronze
C01193,2022-05-24,R03,B2C,organic,Bronze
C01194,2023-03-14,R03,B2C,paid_search,New
C01195,2025-07-12,R02,B2C,social,New
C01196,2024-08-25,R08,B2C,organic,Silver
C01197,2022-07-14,R11,B2C,social,Bronze
C01198,2023-01-27,R05,B2C,organic,New
C01199,2022-12-22,R07,B2C,referral,Gold
C01200,2023-01-21,R10,B2C,paid_search,Bronze
C01201,2024-08-04,R12,B2C,social,New
C01202,2025-05-10,R06,B2C,paid_search,New
C01203,2024-08-30,R10,B2C,organic,Bronze
C01204,2023-10-31,R11,B2C,paid_search,Bronze
C01205,2022-08-09,R09,B2C,referral,New
C01206,2022-07-15,R04,B2C,paid_search,Silver
C01207,2025-01-19,R01,B2C,organic,Gold
C01208,2024-07-16,R01,B2C,social,Bronze
C01209,2023-11-30,R05,B2C,organic,Silver
C01210,2024-03-01,R05,B2C,paid_search,Silver
C01211,2025-03-07,R03,B2C,paid_search,Silver
C01212,2025-01-19,R06,B2C,paid_search,Bronze
C01213,2022-04-30,R05,B2C,organic,Silver
C01214,2023-06-25,R09,B2C,organic,New
C01215,2022-02-28,R01,B2C,organic,New
C01216,2023-06-11,R02,B2C,paid_search,Gold
C01217,2024-05-22,R09,B2C,social,Bronze
C01218,2022-10-13,R10,B2C,social,Bronze
C01219,2022-07-25,R12,B2C,organic,New
C01220,2023-11-04,R10,B2C,organic,Gold
C01221,2023-12-20,R10,B2C,social,Bronze
C01222,2024-09-04,R03,B2C,paid_search,New
C01223,2022-01-20,R03,B2C,referral,Silver
C01224,2022-12-06,R02,B2C,organic,New
C01225,2024-12-03,R06,B2C,organic,Bronze
C01226,2024-07-22,R11,B2C,paid_search,Silver
C01227,2025-05-16,R03,B2C,social,Gold
C01228,2025-01-20,R05,B2C,paid_search,Silver
C01229,2025-02-22,R02,B2C,organic,New
C01230,2023-12-01,R02,B2C,organic,Bronze
C01231,2025-08-04,R02,B2C,social,Silver
C01232,2023-07-24,R01,B2C,organic,Bronze
C01233,2025-05-21,R11,B2C,social,Silver
C01234,2023-06-21,R03,B2C,organic,Bronze
C01235,2023-08-31,R09,B2C,paid_search,Gold
C01236,2024-07-27,R07,B2C,organic,Bronze
C01237,2023-06-30,R02,B2C,partner,Gold
C01238,2022-07-21,R02,B2B,organic,Bronze
C01239,2025-05-11,R09,B2B,organic,Silver
C01240,2023-09-13,R02,B2C,referral,New
C01241,2025-06-22,R11,B2C,organic,Bronze
C01242,2023-07-01,R01,B2C,organic,Bronze
C01243,2025-08-24,R07,B2C,organic,New
C01244,2024-04-05,R09,B2C,social,Bronze
C01245,2024-11-17,R02,B2C,paid_search,New
C01246,2024-10-31,R02,B2C,referral,Gold
C01247,2022-10-04,R12,B2C,social,Silver
C01248,2025-01-21,R02,B2C,paid_search,Silver
C01249,2025-07-17,R04,B2C,organic,Bronze
C01250,2024-06-24,R04,B2C,referral,Bronze
C01251,2025-07-20,R02,B2C,referral,Bronze
C01252,2025-03-04,R08,B2C,referral,New
C01253,2024-06-30,R08,B2C,organic,Bronze
C01254,2023-10-16,R03,B2C,social,Silver
C01255,2025-03-19,R09,B2C,social,New
C01256,2022-09-11,R02,B2C,partner,New
C01257,2024-02-08,R01,B2C,organic,New
C01258,2025-01-21,R06,B2C,referral,Bronze
C01259,2025-07-16,R12,B2C,social,New
C01260,2023-01-01,R01,B2C,referral,Bronze
C01261,2022-05-09,R02,B2C,social,New
C01262,2023-04-02,R05,B2C,referral,New
C01263,2025-03-28,R09,B2C,paid_search,Silver
C01264,2023-12-19,R01,B2C,organic,Gold
C01265,2022-03-17,R03,B2C,paid_search,New
C01266,2022-06-13,R08,B2C,referral,New
C01267,2023-04-10,R03,B2C,organic,Bronze
C01268,2023-04-15,R02,B2C,social,Silver
C01269,2022-07-05,R02,B2C,partner,Bronze
C01270,2023-11-08,R04,B2C,referral,Bronze
C01271,2023-10-18,R05,B2C,social,Bronze
C01272,2022-09-30,R10,B2C,referral,Gold
C01273,2022-11-14,R07,B2C,organic,New
C01274,2024-06-28,R07,B2B,paid_search,New
C01275,2025-07-27,R12,B2C,paid_search,Bronze
C01276,2025-09-26,R04,B2C,referral,Bronze
C01277,2024-02-05,R03,B2C,organic,New
C01278,2022-02-22,R11,B2C,organic,Gold
C01279,2025-05-13,R02,B2C,social,Silver
C01280,2025-07-25,R08,B2C,paid_search,Gold
C01281,2023-01-16,R08,B2C,referral,Gold
C01282,2023-07-03,R01,B2B,paid_search,Bronze
C01283,2022-02-05,R04,B2C,referral,Silver
C01284,2025-01-01,R02,B2C,paid_search,Silver
C01285,2024-11-27,R02,B2C,referral,Bronze
C01286,2024-08-19,R04,B2C,social,Silver
C01287,2023-07-18,R02,B2C,organic,Gold
C01288,2024-01-17,R09,B2C,organic,Silver
C01289,2022-10-26,R11,B2B,referral,Silver
C01290,2025-01-21,R09,B2C,organic,New
C01291,2023-07-08,R02,B2C,social,Silver
C01292,2025-02-24,R02,B2C,organic,Bronze
C01293,2022-07-22,R02,B2C,social,Silver
C01294,2024-03-15,R01,B2C,organic,Silver
C01295,2023-03-01,R11,B2C,social,Bronze
C01296,2025-08-15,R03,B2C,paid_search,New
C01297,2024-02-02,R02,B2B,organic,Silver
C01298,2024-09-12,R10,B2C,paid_search,New
C01299,2022-04-28,R03,B2C,referral,Bronze
C01300,2024-07-15,R01,B2C,social,New
C01301,2022-05-19,R02,B2C,partner,Silver
C01302,2023-05-10,R07,B2C,referral,New
C01303,2022-11-01,R09,B2C,social,Bronze
C01304,2022-01-04,R02,B2C,paid_search,Gold
C01305,2024-03-13,R11,B2C,partner,Bronze
C01306,2022-11-26,R10,B2C,paid_search,Gold
C01307,2023-12-03,R10,B2C,paid_search,Bronze
C01308,2024-11-11,R02,B2C,referral,New
C01309,2022-09-01,R01,B2C,partner,Silver
C01310,2024-08-29,R10,B2C,paid_search,Bronze
C01311,2023-02-11,R03,B2C,organic,Gold
C01312,2023-03-30,R06,B2C,social,Bronze
C01313,2024-02-29,R08,B2C,social,Silver
C01314,2024-05-06,R01,B2C,paid_search,Bronze
C01315,2024-06-16,R08,B2C,social,Silver
C01316,2022-09-25,R11,B2C,paid_search,New
C01317,2024-03-04,R08,B2C,organic,Silver
C01318,2022-12-27,R04,B2C,social,New
C01319,2023-01-15,R10,B2C,paid_search,Silver
C01320,2025-07-21,R05,B2C,referral,New
C01321,2022-05-19,R08,B2C,organic,Bronze
C01322,2023-07-20,R09,B2C,referral,Silver
C01323,2023-08-25,R08,B2C,organic,Bronze
C01324,2022-12-02,R02,B2C,partner,Silver
C01325,2024-12-11,R01,B2C,social,Silver
C01326,2023-10-29,R02,B2C,organic,New
C01327,2024-09-11,R05,B2C,partner,Silver
C01328,2023-06-14,R05,B2C,paid_search,Bronze
C01329,2025-05-12,R06,B2C,paid_search,Silver
C01330,2024-09-25,R03,B2C,referral,New
C01331,2023-04-02,R09,B2C,partner,Bronze
C01332,2025-08-10,R11,B2C,social,Silver
C01333,2025-03-30,R02,B2B,partner,Gold
C01334,2024-03-21,R08,B2C,paid_search,Gold
C01335,2022-01-23,R07,B2C,organic,Silver
C01336,2024-03-20,R05,B2C,organic,New
C01337,2024-08-03,R02,B2C,paid_search,Bronze
C01338,2023-05-15,R09,B2C,social,New
C01339,2022-07-16,R12,B2C,organic,Silver
C01340,2024-02-12,R08,B2C,paid_search,New
C01341,2025-01-02,R11,B2C,organic,Gold
C01342,2023-03-14,R12,B2C,paid_search,New
C01343,2023-09-17,R03,B2C,social,New
C01344,2022-01-02,R06,B2C,organic,Silver
C01345,2024-08-21,R04,B2C,social,New
C01346,2025-03-31,R12,B2C,referral,New
C01347,2024-11-28,R01,B2C,paid_search,Bronze
C01348,2023-08-11,R04,B2C,referral,Gold
C01349,2022-03-03,R10,B2C,partner,Bronze
C01350,2023-11-05,R02,B2C,organic,Bronze
C01351,2025-07-11,R09,B2C,social,New
C01352,2022-04-25,R03,B2C,organic,Bronze
C01353,2022-10-20,R12,B2B,paid_search,Bronze
C01354,2025-02-20,R10,B2C,social,Silver
C01355,2024-02-17,R03,B2C,social,Bronze
C01356,2022-08-22,R08,B2C,referral,Gold
C01357,2022-02-03,R03,B2C,social,Silver
C01358,2023-07-17,R06,B2C,referral,Silver
C01359,2024-03-25,R07,B2C,social,Bronze
C01360,2025-02-24,R09,B2C,organic,Bronze
C01361,2025-04-24,R01,B2C,organic,Bronze
C01362,2023-09-19,R02,B2C,paid_search,Bronze
C01363,2023-08-02,R08,B2C,social,New
C01364,2025-06-28,R06,B2C,organic,New
C01365,2024-11-29,R05,B2C,paid_search,Bronze
C01366,2022-10-14,R01,B2C,organic,New
C01367,2024-07-21,R03,B2C,paid_search,New
C01368,2024-09-06,R10,B2C,paid_search,Bronze
C01369,2022-11-17,R01,B2C,organic,Silver
C01370,2025-08-31,R03,B2C,organic,New
C01371,2023-02-11,R11,B2C,paid_search,Silver
C01372,2024-01-23,R01,B2C,paid_search,New
C01373,2023-11-07,R08,B2C,partner,Gold
C01374,2024-08-05,R02,B2C,organic,Bronze
C01375,2025-05-19,R10,B2C,paid_search,Bronze
C01376,2023-06-23,R08,B2C,paid_search,Silver
C01377,2023-06-11,R10,B2C,social,Bronze
C01378,2024-10-25,R02,B2C,paid_search,Bronze
C01379,2025-07-27,R05,B2C,organic,Bronze
C01380,2025-05-29,R08,B2C,partner,Gold
C01381,2024-10-27,R02,B2C,partner,Gold
C01382,2024-08-20,R02,B2C,paid_search,Bronze
C01383,2024-11-18,R01,B2C,social,Silver
C01384,2025-07-05,R12,B2C,organic,New
C01385,2022-01-15,R08,B2C,organic,Bronze
C01386,2024-03-16,R06,B2C,organic,Bronze
C01387,2022-02-16,R08,B2C,social,Bronze
C01388,2024-03-01,R05,B2C,organic,Gold
C01389,2023-06-25,R05,B2C,organic,Silver
C01390,2023-02-22,R04,B2C,organic,Gold
C01391,2025-05-04,R07,B2B,organic,Silver
C01392,2024-08-29,R02,B2C,paid_search,Bronze
C01393,2024-02-16,R10,B2C,paid_search,Silver
C01394,2025-04-22,R09,B2C,paid_search,New
C01395,2022-05-15,R03,B2C,paid_search,Silver
C01396,2024-06-03,R06,B2B,paid_search,New
C01397,2022-08-02,R01,B2B,social,Silver
C01398,2022-11-16,R12,B2C,organic,Silver
C01399,2022-09-11,R11,B2C,organic,New
C01400,2024-01-15,R11,B2C,referral,New
C01401,2024-05-11,R03,B2C,social,Bronze
C01402,2024-10-31,R02,B2C,paid_search,Bronze
C01403,2023-08-27,R02,B2B,organic,Gold
C01404,2025-07-09,R01,B2C,organic,New
C01405,2023-05-27,R01,B2C,organic,Bronze
C01406,2022-08-03,R01,B2C,referral,Bronze
C01407,2022-02-19,R12,B2C,social,New
C01408,2022-06-24,R01,B2C,organic,Bronze
C01409,2023-09-02,R01,B2C,organic,Silver
C01410,2023-07-20,R09,B2C,organic,Silver
C01411,2025-03-15,R06,B2B,organic,Gold
C01412,2022-06-21,R08,B2C,paid_search,Bronze
C01413,2022-12-26,R06,B2C,paid_search,New
C01414,2025-09-04,R10,B2C,referral,New
C01415,2022-02-09,R06,B2C,social,Bronze
C01416,2023-08-04,R05,B2C,partner,New
C01417,2022-09-29,R08,B2C,referral,New
C01418,2024-01-01,R04,B2C,partner,Silver
C01419,2025-08-25,R03,B2C,partner,New
C01420,2022-11-07,R04,B2C,paid_search,Bronze
C01421,2023-05-23,R02,B2C,organic,Bronze
C01422,2023-09-07,R09,B2C,organic,Silver
C01423,2024-12-29,R02,B2C,social,Bronze
C01424,2025-09-10,R01,B2C,social,Silver
C01425,2022-05-13,R02,B2C,organic,Bronze
C01426,2023-11-01,R10,B2C,referral,New
C01427,2024-10-27,R03,B2C,referral,Bronze
C01428,2022-01-13,R07,B2C,social,New
C01429,2025-01-08,R10,B2C,paid_search,Bronze
C01430,2022-11-29,R01,B2C,organic,Silver
C01431,2023-12-11,R08,B2C,paid_search,Silver
C01432,2025-09-01,R03,B2C,organic,New
C01433,2024-05-19,R02,B2C,social,New
C01434,2025-09-16,R07,B2C,organic,New
C01435,2024-04-06,R11,B2C,organic,Gold
C01436,2022-10-16,R02,B2C,paid_search,Bronze
C01437,2024-08-06,R06,B2C,social,Bronze
C01438,2024-04-22,R02,B2C,paid_search,New
C01439,2023-03-02,R05,B2C,partner,Silver
C01440,2022-04-16,R06,B2C,organic,Bronze
C01441,2024-06-06,R06,B2C,partner,New
C01442,2024-03-01,R06,B2C,organic,Bronze
C01443,2024-11-25,R01,B2C,organic,Silver
C01444,2022-06-22,R07,B2C,partner,Bronze
C01445,2024-01-08,R07,B2C,social,Gold
C01446,2025-01-25,R07,B2C,social,Gold
C01447,2025-05-05,R01,B2C,social,Bronze
C01448,2025-07-10,R04,B2C,paid_search,Gold
C01449,2022-10-18,R04,B2C,referral,Silver
C01450,2022-08-25,R01,B2C,organic,Bronze
C01451,2024-02-28,R02,B2C,referral,Silver
C01452,2023-09-26,R04,B2C,partner,Bronze
C01453,2022-11-17,R08,B2C,referral,Bronze
C01454,2022-05-20,R02,B2C,social,Bronze
C01455,2022-07-16,R09,B2C,social,Silver
C01456,2023-04-10,R05,B2B,paid_search,Gold
C01457,2024-10-09,R08,B2C,paid_search,Bronze
C01458,2022-03-31,R04,B2C,referral,Silver
C01459,2022-05-25,R05,B2C,social,Silver
C01460,2022-12-29,R06,B2C,paid_search,Gold
C01461,2025-04-11,R11,B2C,referral,Bronze
C01462,2025-09-17,R05,B2C,organic,New
C01463,2023-08-26,R05,B2C,referral,New
C01464,2022-03-03,R06,B2C,referral,New
C01465,2022-01-17,R08,B2C,organic,New
C01466,2025-03-21,R01,B2C,organic,Bronze
C01467,2023-09-01,R05,B2C,social,New
C01468,2022-04-17,R05,B2C,organic,Gold
C01469,2025-02-14,R11,B2C,partner,Bronze
C01470,2023-12-26,R05,B2C,organic,Bronze
C01471,2023-04-24,R04,B2B,organic,Silver
C01472,2023-09-11,R12,B2C,organic,Bronze
C01473,2022-11-05,R04,B2C,referral,Silver
C01474,2025-06-29,R02,B2B,paid_search,Silver
C01475,2024-12-14,R02,B2C,referral,Bronze
C01476,2022-09-30,R01,B2C,partner,Bronze
C01477,2024-10-03,R01,B2C,social,Bronze
C01478,2022-09-03,R04,B2C,organic,Bronze
C01479,2023-09-13,R08,B2B,organic,Silver
C01480,2024-10-21,R08,B2C,referral,Bronze
C01481,2022-02-19,R01,B2C,organic,Bronze
C01482,2024-09-20,R06,B2C,referral,Bronze
C01483,2022-11-06,R01,B2C,referral,New
C01484,2024-08-15,R11,B2C,social,New
C01485,2023-11-15,R02,B2C,social,Bronze
C01486,2022-02-05,R06,B2C,partner,New
C01487,2024-11-09,R03,B2C,social,Silver
C01488,2022-12-22,R07,B2C,social,Gold
C01489,2025-07-27,R04,B2C,paid_search,Silver
C01490,2025-02-23,R08,B2C,paid_search,Bronze
C01491,2022-09-21,R02,B2C,paid_search,Bronze
C01492,2024-04-02,R11,B2C,partner,Silver
C01493,2023-05-11,R05,B2C,social,Silver
C01494,2024-04-04,R08,B2C,referral,Gold
C01495,2024-02-02,R10,B2C,organic,Bronze
C01496,2023-02-10,R12,B2C,referral,New
C01497,2024-06-10,R02,B2C,paid_search,Bronze
C01498,2022-12-23,R02,B2C,social,Gold
C01499,2025-05-27,R02,B2C,organic,Silver
C01500,2025-07-19,R02,B2C,referral,Gold
C01501,2022-08-16,R06,B2C,social,Silver
C01502,2024-09-23,R12,B2C,paid_search,Gold
C01503,2025-06-26,R12,B2C,organic,Bronze
C01504,2022-06-23,R05,B2C,paid_search,Gold
C01505,2024-10-09,R07,B2C,organic,Gold
C01506,2025-07-07,R10,B2C,organic,Silver
C01507,2022-11-05,R11,B2C,paid_search,Gold
C01508,2024-03-08,R02,B2C,paid_search,Bronze
C01509,2024-12-28,R05,B2C,paid_search,Silver
C01510,2023-04-02,R09,B2C,social,Bronze
C01511,2022-11-22,R03,B2C,paid_search,Silver
C01512,2023-06-28,R04,B2C,organic,Silver
C01513,2023-04-05,R12,B2C,referral,Silver
C01514,2024-09-20,R12,B2C,paid_search,Bronze
C01515,2023-05-23,R11,B2C,social,Silver
C01516,2023-05-31,R09,B2C,partner,Gold
C01517,2025-07-17,R02,B2C,referral,Silver
C01518,2024-03-03,R03,B2C,paid_search,Bronze
C01519,2025-06-26,R05,B2B,paid_search,Silver
C01520,2024-08-30,R06,B2C,referral,Silver
C01521,2025-04-26,R05,B2C,referral,Bronze
C01522,2022-09-25,R06,B2C,organic,Bronze
C01523,2025-07-08,R03,B2C,social,Silver
C01524,2025-07-16,R08,B2C,referral,Silver
C01525,2022-02-25,R03,B2C,referral,Bronze
C01526,2023-05-03,R03,B2C,organic,Bronze
C01527,2023-07-20,R01,B2C,paid_search,Gold
C01528,2023-07-29,R02,B2B,paid_search,Gold
C01529,2024-12-01,R10,B2C,organic,Bronze
C01530,2024-08-14,R04,B2B,social,Gold
C01531,2022-10-19,R02,B2C,paid_search,Bronze
C01532,2024-04-13,R08,B2C,organic,New
C01533,2025-08-27,R05,B2C,paid_search,Silver
C01534,2023-08-26,R01,B2C,referral,New
C01535,2025-06-24,R03,B2C,referral,New
C01536,2024-06-08,R02,B2C,referral,Gold
C01537,2025-06-20,R07,B2C,partner,Bronze
C01538,2025-05-20,R02,B2C,partner,Bronze
C01539,2022-01-23,R01,B2C,paid_search,Bronze
C01540,2024-12-31,R01,B2C,organic,Bronze
C01541,2022-09-16,R06,B2C,referral,Silver
C01542,2025-02-02,R01,B2C,social,Bronze
C01543,2025-01-11,R10,B2B,paid_search,Bronze
C01544,2022-12-20,R01,B2C,partner,Bronze
C01545,2022-04-01,R06,B2C,paid_search,Silver
C01546,2023-07-29,R04,B2C,referral,Gold
C01547,2023-02-19,R04,B2C,social,Bronze
C01548,2024-01-29,R01,B2B,organic,Gold
C01549,2022-04-23,R09,B2C,referral,Gold
C01550,2022-03-02,R10,B2C,referral,Bronze
C01551,2023-08-22,R01,B2C,social,New
C01552,2024-11-19,R02,B2C,social,Silver
C01553,2023-03-08,R11,B2C,organic,Gold
C01554,2023-03-19,R05,B2C,organic,New
C01555,2022-08-13,R01,B2C,organic,New
C01556,2023-01-22,R02,B2C,organic,Silver
C01557,2023-02-14,R07,B2C,paid_search,Silver
C01558,2022-12-21,R08,B2C,paid_search,New
C01559,2023-04-16,R06,B2C,organic,Bronze
C01560,2023-01-23,R12,B2C,paid_search,New
C01561,2024-07-21,R05,B2C,organic,Gold
C01562,2023-04-08,R03,B2C,organic,Silver
C01563,2024-10-30,R05,B2C,partner,Bronze
C01564,2024-04-08,R03,B2C,partner,Gold
C01565,2024-05-26,R02,B2C,referral,Bronze
C01566,2024-03-09,R01,B2C,organic,Gold
C01567,2025-06-17,R03,B2C,social,New
C01568,2022-12-17,R08,B2C,organic,New
C01569,2025-09-06,R01,B2C,paid_search,Bronze
C01570,2022-10-10,R04,B2C,referral,New
C01571,2022-07-09,R07,B2C,paid_search,Silver
C01572,2025-02-05,R06,B2C,partner,Bronze
C01573,2025-05-11,R08,B2C,social,Bronze
C01574,2022-05-07,R09,B2C,organic,Silver
C01575,2023-12-04,R08,B2C,organic,Bronze
C01576,2022-10-29,R01,B2C,referral,Bronze
C01577,2023-12-14,R04,B2C,paid_search,New
C01578,2024-07-27,R06,B2C,organic,Gold
C01579,2024-02-25,R02,B2C,organic,Silver
C01580,2023-12-13,R01,B2C,partner,Silver
C01581,2025-04-27,R02,B2C,organic,Silver
C01582,2022-11-05,R04,B2C,partner,Bronze
C01583,2024-05-04,R04,B2C,social,New
C01584,2023-03-10,R02,B2C,organic,Silver
C01585,2025-08-25,R09,B2C,paid_search,New
C01586,2022-12-11,R11,B2C,referral,Gold
C01587,2025-04-07,R02,B2C,paid_search,New
C01588,2024-05-15,R11,B2C,organic,Bronze
C01589,2022-10-21,R01,B2C,organic,Bronze
C01590,2024-11-04,R11,B2C,referral,Bronze
C01591,2022-11-27,R11,B2C,social,Silver
C01592,2022-12-26,R01,B2C,paid_search,Silver
C01593,2023-04-17,R08,B2B,organic,Silver
C01594,2024-07-22,R12,B2C,paid_search,Gold
C01595,2023-06-20,R11,B2C,referral,Bronze
C01596,2024-02-19,R12,B2C,organic,Bronze
C01597,2024-01-28,R05,B2C,partner,Gold
C01598,2022-09-27,R01,B2C,referral,Bronze
C01599,2022-11-15,R10,B2C,paid_search,New
C01600,2023-02-25,R06,B2C,referral,New
C01601,2022-11-01,R06,B2C,social,Silver
C01602,2025-06-11,R04,B2C,social,Silver
C01603,2023-06-07,R06,B2C,organic,Bronze
C01604,2023-07-09,R01,B2C,referral,New
C01605,2024-07-08,R08,B2C,paid_search,New
C01606,2024-12-14,R01,B2C,referral,Bronze
C01607,2024-07-31,R08,B2C,organic,New
C01608,2024-01-25,R10,B2C,organic,Silver
C01609,2025-08-29,R04,B2C,partner,Gold
C01610,2025-05-16,R05,B2C,paid_search,Silver
C01611,2022-10-05,R03,B2C,organic,Silver
C01612,2022-08-08,R12,B2C,referral,Gold
C01613,2023-06-22,R08,B2C,organic,Silver
C01614,2025-02-17,R03,B2C,referral,Bronze
C01615,2025-08-13,R02,B2C,partner,Silver
C01616,2024-08-19,R02,B2C,organic,Bronze
C01617,2024-08-02,R04,B2C,social,Bronze
C01618,2022-11-16,R11,B2C,partner,New
C01619,2024-03-21,R08,B2C,partner,Silver
C01620,2022-09-10,R02,B2C,paid_search,Gold
C01621,2024-01-09,R10,B2C,social,Silver
C01622,2022-09-23,R03,B2C,social,Bronze
C01623,2022-04-14,R10,B2C,organic,Silver
C01624,2025-08-17,R02,B2C,social,Silver
C01625,2025-05-08,R06,B2C,paid_search,Silver
C01626,2024-07-27,R11,B2C,paid_search,Bronze
C01627,2024-05-06,R02,B2C,paid_search,Bronze
C01628,2022-11-25,R07,B2C,referral,Bronze
C01629,2024-02-22,R12,B2C,organic,Gold
C01630,2024-10-21,R01,B2C,organic,New
C01631,2024-01-09,R01,B2C,organic,Gold
C01632,2023-01-21,R07,B2C,organic,New
C01633,2023-06-21,R03,B2C,partner,Gold
C01634,2025-02-25,R01,B2C,paid_search,Bronze
C01635,2022-12-15,R04,B2C,organic,Silver
C01636,2025-08-09,R08,B2C,partner,Silver
C01637,2024-10-31,R02,B2B,organic,Silver
C01638,2025-05-03,R03,B2C,paid_search,Silver
C01639,2023-11-29,R10,B2C,referral,New
C01640,2022-11-03,R05,B2C,referral,Bronze
C01641,2022-02-16,R10,B2C,organic,New
C01642,2024-01-03,R04,B2C,social,Silver
C01643,2023-07-01,R12,B2C,social,Silver
C01644,2022-06-05,R07,B2C,social,Bronze
C01645,2025-06-25,R01,B2C,organic,Silver
C01646,2025-08-21,R10,B2C,referral,Bronze
C01647,2023-05-27,R05,B2C,paid_search,Bronze
C01648,2024-07-03,R01,B2C,social,Bronze
C01649,2023-07-20,R01,B2C,partner,Silver
C01650,2023-11-12,R07,B2B,referral,New
C01651,2024-05-04,R01,B2C,referral,Gold
C01652,2023-07-25,R02,B2C,organic,Silver
C01653,2025-01-02,R01,B2C,organic,Silver
C01654,2022-09-17,R04,B2C,paid_search,New
C01655,2024-07-04,R04,B2C,organic,Silver
C01656,2025-09-07,R05,B2C,social,Gold
C01657,2025-03-09,R02,B2C,social,Bronze
C01658,2022-03-04,R01,B2C,paid_search,Bronze
C01659,2022-06-06,R06,B2C,organic,Bronze
C01660,2024-05-10,R03,B2C,referral,Bronze
C01661,2025-06-19,R07,B2C,social,Bronze
C01662,2025-03-01,R01,B2C,paid_search,Silver
C01663,2025-05-22,R01,B2C,paid_search,Bronze
C01664,2022-07-24,R02,B2C,organic,Silver
C01665,2023-12-12,R04,B2C,social,Bronze
C01666,2024-09-20,R03,B2C,organic,Silver
C01667,2024-05-05,R09,B2C,paid_search,Gold
C01668,2024-11-29,R03,B2C,organic,Bronze
C01669,2022-10-19,R05,B2B,organic,New
C01670,2023-09-06,R06,B2C,organic,Bronze
C01671,2025-07-10,R01,B2C,organic,Bronze
C01672,2022-10-05,R05,B2C,referral,Silver
C01673,2023-03-23,R03,B2C,referral,Gold
C01674,2022-01-31,R04,B2C,organic,Silver
C01675,2022-07-27,R01,B2C,organic,Gold
C01676,2025-09-04,R09,B2C,referral,Bronze
C01677,2025-03-06,R11,B2C,organic,New
C01678,2022-12-21,R01,B2B,paid_search,Bronze
C01679,2024-08-19,R06,B2C,organic,Silver
C01680,2024-03-22,R08,B2C,social,New
C01681,2025-05-26,R02,B2C,partner,New
C01682,2023-02-16,R09,B2C,organic,Gold
C01683,2025-09-23,R06,B2B,partner,Bronze
C01684,2023-05-23,R11,B2C,referral,New
C01685,2024-09-08,R12,B2C,partner,Bronze
C01686,2023-06-29,R01,B2C,referral,New
C01687,2024-07-08,R04,B2C,referral,New
C01688,2023-04-04,R05,B2C,social,Bronze
C01689,2025-02-28,R01,B2C,referral,Bronze
C01690,2024-05-22,R03,B2C,organic,Silver
C01691,2023-01-31,R12,B2C,social,Bronze
C01692,2025-08-08,R01,B2B,social,Silver
C01693,2024-08-28,R04,B2C,organic,Silver
C01694,2023-08-10,R10,B2C,organic,Silver
C01695,2022-07-06,R03,B2C,organic,Gold
C01696,2025-08-25,R05,B2C,paid_search,Bronze
C01697,2024-10-30,R12,B2C,organic,New
C01698,2024-07-03,R04,B2C,organic,New
C01699,2025-02-14,R01,B2C,organic,New
C01700,2024-04-11,R01,B2C,social,Silver
C01701,2022-11-14,R11,B2C,organic,Bronze
C01702,2022-11-21,R02,B2C,organic,New
C01703,2022-04-19,R05,B2C,paid_search,New
C01704,2022-03-28,R01,B2C,paid_search,Gold
C01705,2024-09-24,R04,B2C,organic,Bronze
C01706,2025-03-12,R11,B2C,partner,New
C01707,2022-08-13,R05,B2C,organic,Gold
C01708,2024-02-25,R12,B2C,organic,Silver
C01709,2022-06-19,R02,B2C,paid_search,Bronze
C01710,2023-07-22,R05,B2C,referral,Bronze
C01711,2024-12-18,R10,B2B,paid_search,Silver
C01712,2025-01-16,R04,B2C,organic,Bronze
C01713,2025-07-22,R02,B2C,paid_search,Gold
C01714,2023-03-02,R10,B2C,paid_search,Silver
C01715,2025-07-22,R03,B2C,paid_search,Silver
C01716,2024-12-08,R05,B2C,partner,Silver
C01717,2023-04-09,R12,B2C,partner,Gold
C01718,2023-03-25,R02,B2C,paid_search,New
C01719,2022-05-28,R03,B2C,organic,New
C01720,2025-06-14,R01,B2C,paid_search,Silver
C01721,2022-10-06,R03,B2C,partner,New
C01722,2023-01-02,R02,B2C,partner,Silver
C01723,2023-07-20,R07,B2C,organic,Bronze
C01724,2022-07-08,R02,B2C,organic,Bronze
C01725,2025-01-08,R07,B2C,organic,New
C01726,2024-08-13,R02,B2C,referral,Silver
C01727,2022-08-03,R03,B2C,paid_search,New
C01728,2022-08-11,R03,B2C,paid_search,New
C01729,2022-01-31,R08,B2C,paid_search,Bronze
C01730,2025-07-23,R04,B2C,organic,New
C01731,2023-08-20,R03,B2C,referral,Silver
C01732,2024-06-16,R10,B2C,paid_search,Gold
C01733,2022-07-25,R06,B2C,organic,Silver
C01734,2022-11-13,R02,B2B,social,Silver
C01735,2024-01-12,R11,B2C,social,Bronze
C01736,2022-10-13,R03,B2C,social,Gold
C01737,2024-04-19,R01,B2C,referral,Gold
C01738,2025-06-18,R05,B2C,organic,Silver
C01739,2023-02-22,R01,B2B,organic,New
C01740,2024-04-12,R02,B2C,organic,New
C01741,2025-06-07,R08,B2C,social,New
C01742,2025-05-08,R01,B2C,partner,Bronze
C01743,2022-01-11,R09,B2C,paid_search,New
C01744,2022-05-31,R11,B2C,referral,Gold
C01745,2025-09-12,R06,B2C,social,New
C01746,2025-06-20,R08,B2C,partner,New
C01747,2023-03-17,R08,B2B,paid_search,Gold
C01748,2023-12-13,R12,B2C,organic,Gold
C01749,2024-02-24,R03,B2C,referral,New
C01750,2024-07-04,R02,B2C,referral,Bronze
C01751,2024-10-24,R05,B2C,social,Silver
C01752,2023-05-26,R05,B2C,referral,Gold
C01753,2025-05-03,R02,B2C,paid_search,Silver
C01754,2022-03-22,R06,B2C,social,Bronze
C01755,2022-02-14,R01,B2C,organic,Silver
C01756,2025-08-04,R11,B2C,paid_search,Silver
C01757,2022-08-31,R02,B2C,organic,New
C01758,2025-09-23,R01,B2C,organic,Bronze
C01759,2023-01-27,R01,B2C,organic,Silver
C01760,2023-05-15,R02,B2C,social,Silver
C01761,2022-02-08,R02,B2C,referral,New
C01762,2025-07-16,R01,B2C,paid_search,Silver
C01763,2023-05-07,R02,B2C,paid_search,Silver
C01764,2022-08-18,R02,B2C,organic,Bronze
C01765,2023-10-24,R03,B2C,paid_search,Bronze
C01766,2022-07-31,R03,B2C,organic,Bronze
C01767,2024-12-17,R03,B2C,paid_search,Gold
C01768,2022-04-11,R03,B2C,referral,New
C01769,2023-11-15,R01,B2C,paid_search,Silver
C01770,2023-06-20,R01,B2C,social,Bronze
C01771,2022-02-20,R02,B2C,social,Gold
C01772,2022-03-13,R08,B2C,organic,Gold
C01773,2023-12-12,R12,B2B,paid_search,Gold
C01774,2023-06-25,R11,B2C,organic,Silver
C01775,2022-06-27,R05,B2B,paid_search,Bronze
C01776,2022-07-09,R05,B2C,referral,Bronze
C01777,2025-01-06,R03,B2C,paid_search,Bronze
C01778,2024-09-27,R08,B2C,paid_search,Silver
C01779,2024-04-12,R08,B2C,organic,Bronze
C01780,2025-02-14,R10,B2C,paid_search,Bronze
C01781,2022-04-05,R11,B2C,partner,New
C01782,2024-07-30,R04,B2C,organic,Silver
C01783,2024-10-27,R08,B2C,social,New
C01784,2022-10-02,R09,B2C,organic,Bronze
C01785,2024-01-05,R03,B2C,organic,Silver
C01786,2024-11-15,R11,B2C,paid_search,Bronze
C01787,2024-04-06,R01,B2C,referral,Gold
C01788,2022-12-08,R12,B2C,organic,Silver
C01789,2024-06-29,R08,B2C,social,Silver
C01790,2024-11-05,R01,B2C,organic,Bronze
C01791,2022-01-14,R07,B2C,social,New
C01792,2024-02-16,R01,B2C,social,Silver
C01793,2023-11-22,R08,B2C,social,New
C01794,2023-05-18,R09,B2C,organic,Silver
C01795,2022-03-02,R06,B2B,organic,Gold
C01796,2022-04-25,R10,B2C,referral,Bronze
C01797,2024-10-23,R01,B2C,paid_search,Silver
C01798,2025-02-06,R02,B2C,organic,Bronze
C01799,2023-07-28,R04,B2C,paid_search,Bronze
C01800,2025-07-10,R01,B2C,organic,Bronze
C01801,2025-06-23,R04,B2C,paid_search,Silver
C01802,2024-06-30,R02,B2C,paid_search,Gold
C01803,2024-03-06,R03,B2C,organic,Bronze
C01804,2025-08-13,R04,B2C,paid_search,Silver
C01805,2024-04-14,R10,B2C,social,Bronze
C01806,2025-07-02,R02,B2C,partner,Bronze
C01807,2025-09-02,R10,B2B,social,Silver
C01808,2022-09-24,R04,B2C,paid_search,Silver
C01809,2024-06-23,R03,B2C,referral,Silver
C01810,2024-09-28,R05,B2C,organic,Gold
C01811,2025-01-27,R04,B2C,social,New
C01812,2023-04-24,R02,B2C,organic,Bronze
C01813,2025-03-25,R05,B2C,organic,Bronze
C01814,2023-10-30,R01,B2C,social,Silver
C01815,2023-06-14,R03,B2C,organic,New
C01816,2022-08-03,R06,B2C,social,New
C01817,2023-03-16,R04,B2C,social,Silver
C01818,2025-08-27,R09,B2C,organic,Bronze
C01819,2024-09-07,R02,B2C,paid_search,Silver
C01820,2024-09-21,R12,B2C,social,Gold
C01821,2025-05-11,R09,B2C,social,Bronze
C01822,2023-01-01,R12,B2C,referral,Bronze
C01823,2024-06-24,R09,B2C,paid_search,Gold
C01824,2023-05-24,R01,B2C,referral,Silver
C01825,2025-03-06,R05,B2C,paid_search,New
C01826,2023-08-02,R02,B2C,organic,Silver
C01827,2025-03-16,R09,B2C,social,Bronze
C01828,2024-10-20,R06,B2C,organic,Silver
C01829,2024-11-22,R02,B2C,organic,Silver
C01830,2025-06-21,R11,B2C,organic,New
C01831,2024-12-18,R01,B2C,referral,Silver
C01832,2023-03-17,R06,B2C,partner,New
C01833,2023-12-15,R08,B2C,partner,Gold
C01834,2023-10-09,R01,B2C,organic,Silver
C01835,2022-03-30,R06,B2C,paid_search,Gold
C01836,2024-03-23,R09,B2C,referral,New
C01837,2023-08-22,R01,B2C,paid_search,Bronze
C01838,2023-06-23,R05,B2B,paid_search,New
C01839,2022-05-31,R02,B2C,organic,Bronze
C01840,2023-11-22,R07,B2C,paid_search,Bronze
C01841,2024-03-03,R01,B2C,social,Silver
C01842,2022-05-25,R11,B2C,paid_search,Bronze
C01843,2024-05-19,R11,B2C,organic,Gold
C01844,2022-08-18,R02,B2C,social,Bronze
C01845,2022-07-18,R03,B2B,social,Bronze
C01846,2023-07-04,R06,B2C,organic,Silver
C01847,2023-06-17,R08,B2C,paid_search,Bronze
C01848,2025-06-06,R04,B2C,partner,Silver
C01849,2022-04-03,R01,B2C,social,Silver
C01850,2023-04-24,R01,B2B,social,Silver
C01851,2024-10-02,R12,B2C,social,Silver
C01852,2022-12-08,R04,B2B,partner,Silver
C01853,2025-09-05,R10,B2C,paid_search,Gold
C01854,2024-10-13,R05,B2C,organic,New
C01855,2025-07-19,R11,B2C,paid_search,Bronze
C01856,2025-07-23,R01,B2C,referral,Silver
C01857,2022-05-30,R01,B2C,organic,New
C01858,2023-09-21,R11,B2C,organic,Bronze
C01859,2024-10-16,R11,B2C,organic,Silver
C01860,2022-01-12,R03,B2C,social,New
C01861,2023-09-11,R03,B2C,social,Bronze
C01862,2024-07-31,R04,B2C,paid_search,Silver
C01863,2024-12-21,R04,B2C,organic,New
C01864,2023-07-23,R02,B2C,social,New
C01865,2025-03-27,R11,B2C,organic,Silver
C01866,2024-07-11,R02,B2C,social,Silver
C01867,2022-03-04,R07,B2C,organic,Silver
C01868,2023-01-16,R01,B2C,referral,Bronze
C01869,2025-07-08,R01,B2C,paid_search,New
C01870,2022-01-04,R07,B2C,social,Silver
C01871,2022-05-28,R03,B2C,organic,New
C01872,2023-04-17,R07,B2C,organic,Gold
C01873,2025-09-22,R01,B2C,social,Silver
C01874,2024-08-22,R11,B2C,paid_search,New
C01875,2022-07-22,R08,B2C,referral,Silver
C01876,2023-06-23,R10,B2C,paid_search,Gold
C01877,2025-07-10,R01,B2C,paid_search,Gold
C01878,2022-10-28,R03,B2C,referral,Silver
C01879,2024-02-27,R03,B2C,paid_search,New
C01880,2023-09-28,R05,B2C,referral,Silver
C01881,2024-11-07,R02,B2C,paid_search,Silver
C01882,2024-10-26,R01,B2C,paid_search,Silver
C01883,2025-02-14,R03,B2C,referral,Bronze
C01884,2022-06-13,R02,B2C,organic,Gold
C01885,2023-09-14,R03,B2C,organic,Bronze
C01886,2024-08-05,R02,B2C,organic,Bronze
C01887,2023-07-28,R02,B2C,paid_search,Bronze
C01888,2024-07-02,R06,B2C,social,Bronze
C01889,2024-05-20,R03,B2C,organic,Bronze
C01890,2023-05-23,R03,B2C,organic,New
C01891,2022-05-18,R05,B2C,organic,Bronze
C01892,2025-08-21,R08,B2C,organic,New
C01893,2025-02-04,R03,B2C,organic,Bronze
C01894,2025-05-09,R06,B2C,organic,New
C01895,2023-02-15,R12,B2C,referral,Bronze
C01896,2023-03-09,R05,B2C,social,Bronze
C01897,2023-03-19,R11,B2C,organic,Bronze
C01898,2022-02-12,R09,B2C,organic,Silver
C01899,2022-08-21,R01,B2C,organic,Bronze
C01900,2023-02-27,R04,B2C,paid_search,Silver
C01901,2025-09-13,R07,B2C,paid_search,New
C01902,2022-10-08,R12,B2C,referral,Bronze
C01903,2023-11-27,R04,B2C,social,New
C01904,2024-01-20,R01,B2C,paid_search,Bronze
C01905,2023-05-08,R06,B2C,organic,Silver
C01906,2025-06-11,R01,B2C,social,Silver
C01907,2022-05-08,R08,B2C,partner,Bronze
C01908,2025-04-06,R05,B2C,organic,Bronze
C01909,2024-10-15,R08,B2C,referral,Bronze
C01910,2023-02-23,R10,B2C,organic,Gold
C01911,2024-11-17,R06,B2C,social,New
C01912,2025-08-21,R06,B2C,organic,New
C01913,2022-02-20,R08,B2C,social,New
C01914,2022-02-10,R10,B2C,organic,Gold
C01915,2024-01-15,R10,B2B,paid_search,Gold
C01916,2025-06-29,R01,B2C,social,Bronze
C01917,2022-03-28,R05,B2C,social,New
C01918,2024-11-30,R02,B2C,social,Silver
C01919,2025-07-08,R10,B2C,organic,Bronze
C01920,2023-10-28,R07,B2C,social,New
C01921,2025-04-01,R04,B2C,organic,Bronze
C01922,2024-11-02,R02,B2C,social,Bronze
C01923,2022-10-21,R03,B2B,organic,Bronze
C01924,2025-03-15,R07,B2C,paid_search,Silver
C01925,2024-08-15,R02,B2C,paid_search,Silver
C01926,2022-01-18,R01,B2C,partner,Bronze
C01927,2024-02-17,R10,B2C,social,New
C01928,2024-06-14,R08,B2C,organic,New
C01929,2025-01-02,R02,B2C,social,Gold
C01930,2024-11-21,R02,B2C,organic,New
C01931,2023-10-14,R12,B2B,organic,Bronze
C01932,2023-02-14,R07,B2C,paid_search,New
C01933,2022-09-20,R06,B2C,referral,New
C01934,2022-05-02,R03,B2C,partner,Bronze
C01935,2024-05-25,R03,B2C,partner,New
C01936,2025-08-06,R01,B2C,organic,Silver
C01937,2022-04-20,R08,B2C,organic,Bronze
C01938,2024-08-20,R01,B2C,referral,Silver
C01939,2024-03-11,R01,B2C,organic,Silver
C01940,2022-08-24,R08,B2C,social,Bronze
C01941,2022-10-19,R11,B2C,partner,Silver
C01942,2023-01-25,R08,B2C,organic,Gold
C01943,2024-07-26,R04,B2C,paid_search,New
C01944,2023-02-13,R05,B2C,referral,Silver
C01945,2025-02-07,R04,B2C,social,Silver
C01946,2023-05-22,R03,B2C,partner,Silver
C01947,2022-05-30,R05,B2C,social,New
C01948,2022-05-11,R04,B2C,organic,New
C01949,2023-07-02,R06,B2C,referral,Bronze
C01950,2023-07-13,R11,B2C,social,New
C01951,2024-10-01,R12,B2B,partner,Bronze
C01952,2023-10-18,R01,B2C,paid_search,Gold
C01953,2022-08-13,R03,B2C,paid_search,Bronze
C01954,2022-10-19,R02,B2B,paid_search,Bronze
C01955,2024-02-15,R03,B2C,organic,Bronze
C01956,2023-04-03,R02,B2C,partner,Bronze
C01957,2024-07-08,R02,B2C,partner,Silver
C01958,2025-06-17,R08,B2C,paid_search,Silver
C01959,2023-05-01,R05,B2C,partner,Bronze
C01960,2024-01-26,R11,B2C,paid_search,Bronze
C01961,2025-02-12,R01,B2C,referral,New
C01962,2022-10-15,R01,B2C,social,Gold
C01963,2023-12-01,R03,B2C,social,Bronze
C01964,2023-02-22,R01,B2C,social,Bronze
C01965,2024-05-08,R02,B2C,social,Bronze
C01966,2024-10-14,R12,B2B,referral,New
C01967,2022-07-12,R02,B2C,paid_search,Bronze
C01968,2022-09-14,R02,B2C,referral,Gold
C01969,2022-02-01,R06,B2B,organic,New
C01970,2022-01-17,R05,B2C,organic,New
C01971,2022-03-11,R06,B2C,social,New
C01972,2024-08-25,R03,B2C,social,New
C01973,2025-05-22,R09,B2C,referral,Gold
C01974,2023-07-15,R01,B2C,organic,Silver
C01975,2025-04-23,R04,B2C,organic,Gold
C01976,2024-09-25,R07,B2C,paid_search,Silver
C01977,2025-01-10,R10,B2C,referral,Silver
C01978,2024-10-09,R03,B2C,partner,Bronze
C01979,2022-10-01,R06,B2C,referral,Bronze
C01980,2023-12-18,R01,B2C,paid_search,Silver
C01981,2023-12-21,R02,B2C,referral,Silver
C01982,2024-05-28,R01,B2C,organic,Silver
C01983,2024-12-25,R08,B2C,partner,Bronze
C01984,2022-06-04,R02,B2C,paid_search,Silver
C01985,2024-07-12,R08,B2C,paid_search,New
C01986,2025-02-14,R01,B2C,social,Bronze
C01987,2022-06-08,R10,B2C,referral,Bronze
C01988,2023-07-23,R09,B2C,organic,Bronze
C01989,2025-05-10,R01,B2C,organic,Bronze
C01990,2022-02-03,R01,B2C,social,Silver
C01991,2022-08-08,R01,B2C,partner,Silver
C01992,2025-01-05,R10,B2C,social,Bronze
C01993,2022-08-24,R02,B2C,organic,Bronze
C01994,2024-08-19,R05,B2C,social,New
C01995,2025-05-18,R04,B2C,organic,New
C01996,2023-11-14,R09,B2C,organic,Bronze
C01997,2023-10-26,R05,B2C,organic,Silver
C01998,2023-08-10,R05,B2C,paid_search,Silver
C01999,2023-05-26,R12,B2C,paid_search,New
C02000,2023-06-05,R01,B2C,organic,Gold
C02001,2024-01-28,R09,B2C,organic,Bronze
C02002,2025-05-11,R01,B2C,social,Silver
C02003,2025-09-05,R05,B2C,organic,Bronze
C02004,2025-03-31,R10,B2C,organic,Silver
C02005,2022-06-13,R07,B2C,paid_search,Bronze
C02006,2023-02-24,R07,B2C,social,New
C02007,2024-11-02,R02,B2C,referral,Bronze
C02008,2024-01-17,R04,B2C,paid_search,Silver
C02009,2023-04-03,R03,B2C,social,Gold
C02010,2023-03-03,R05,B2C,referral,Silver
C02011,2022-06-10,R04,B2C,social,Silver
C02012,2023-04-01,R03,B2C,paid_search,New
C02013,2023-08-01,R03,B2C,organic,Silver
C02014,2023-07-24,R02,B2C,organic,Silver
C02015,2024-01-22,R03,B2C,paid_search,Bronze
C02016,2023-01-09,R01,B2C,paid_search,Bronze
C02017,2022-10-09,R10,B2C,partner,New
C02018,2025-04-30,R06,B2B,organic,New
C02019,2023-07-09,R01,B2C,paid_search,New
C02020,2022-12-15,R07,B2C,partner,Silver
C02021,2024-05-20,R10,B2C,social,Silver
C02022,2024-01-13,R02,B2C,organic,New
C02023,2024-02-29,R01,B2C,partner,Gold
C02024,2022-10-31,R01,B2C,paid_search,Silver
C02025,2024-09-17,R01,B2C,organic,Bronze
C02026,2022-09-21,R08,B2C,paid_search,Gold
C02027,2025-02-19,R12,B2C,organic,Gold
C02028,2023-08-04,R01,B2C,referral,New
C02029,2023-07-15,R08,B2C,organic,Gold
C02030,2023-06-16,R01,B2B,referral,Bronze
C02031,2023-08-03,R06,B2C,organic,New
C02032,2024-06-29,R08,B2C,partner,New
C02033,2023-11-11,R03,B2C,organic,Silver
C02034,2022-06-23,R01,B2C,partner,Gold
C02035,2024-02-15,R06,B2C,organic,Bronze
C02036,2023-01-01,R12,B2C,referral,Bronze
C02037,2022-05-29,R02,B2C,referral,Bronze
C02038,2025-02-23,R02,B2C,social,Silver
C02039,2023-03-04,R01,B2B,organic,New
C02040,2024-03-25,R05,B2C,social,Silver
C02041,2022-08-24,R06,B2C,social,Silver
C02042,2023-04-10,R09,B2C,paid_search,New
C02043,2023-06-13,R08,B2C,social,Gold
C02044,2022-07-03,R10,B2C,partner,Gold
C02045,2025-08-25,R09,B2C,partner,Bronze
C02046,2023-03-03,R02,B2C,paid_search,Silver
C02047,2024-03-08,R05,B2C,organic,Silver
C02048,2024-02-14,R03,B2C,organic,New
C02049,2023-08-11,R03,B2B,social,New
C02050,2024-03-12,R11,B2C,partner,Silver
C02051,2024-02-14,R07,B2C,paid_search,Bronze
C02052,2022-04-20,R12,B2C,organic,Silver
C02053,2024-07-04,R04,B2C,paid_search,Bronze
C02054,2022-06-06,R05,B2C,paid_search,Silver
C02055,2023-08-19,R05,B2C,partner,New
C02056,2023-05-15,R01,B2C,social,New
C02057,2023-09-05,R02,B2C,organic,New
C02058,2022-04-09,R05,B2C,paid_search,Bronze
C02059,2024-08-18,R01,B2C,organic,Silver
C02060,2023-07-28,R11,B2C,social,Silver
C02061,2022-03-25,R01,B2C,social,Bronze
C02062,2022-01-05,R02,B2C,organic,Silver
C02063,2024-01-10,R08,B2C,paid_search,Bronze
C02064,2024-07-01,R01,B2C,referral,Bronze
C02065,2024-01-20,R11,B2C,referral,Gold
C02066,2024-09-13,R08,B2C,paid_search,Bronze
C02067,2024-11-01,R01,B2C,paid_search,Silver
C02068,2025-04-08,R07,B2C,partner,New
C02069,2025-09-07,R06,B2C,social,Bronze
C02070,2025-04-26,R08,B2C,partner,Silver
C02071,2024-12-25,R09,B2C,organic,Silver
C02072,2023-08-14,R08,B2C,organic,Silver
C02073,2023-11-21,R06,B2B,organic,Gold
C02074,2024-04-23,R03,B2C,referral,Silver
C02075,2022-08-20,R07,B2C,social,Silver
C02076,2024-07-16,R12,B2C,organic,Bronze
C02077,2024-03-16,R06,B2C,partner,Bronze
C02078,2023-12-14,R07,B2C,partner,Silver
C02079,2025-02-16,R04,B2C,organic,Silver
C02080,2024-07-29,R08,B2C,social,Bronze
C02081,2025-06-30,R12,B2C,social,Bronze
C02082,2025-08-29,R02,B2C,organic,New
C02083,2025-02-03,R02,B2C,social,New
C02084,2023-02-12,R05,B2C,organic,Bronze
C02085,2022-09-16,R05,B2C,referral,Silver
C02086,2023-02-14,R06,B2C,referral,Silver
C02087,2024-09-02,R01,B2C,referral,Gold
C02088,2025-03-29,R03,B2C,social,Silver
C02089,2025-04-19,R06,B2C,organic,New
C02090,2024-07-25,R06,B2C,paid_search,Silver
C02091,2024-07-21,R07,B2C,social,Silver
C02092,2025-07-27,R08,B2C,paid_search,Silver
C02093,2024-07-27,R07,B2C,social,Bronze
C02094,2022-07-12,R09,B2C,paid_search,Silver
C02095,2023-11-16,R06,B2C,organic,New
C02096,2023-05-07,R05,B2C,paid_search,Bronze
C02097,2024-05-22,R06,B2C,social,New
C02098,2024-05-20,R01,B2C,paid_search,Bronze
C02099,2023-02-08,R02,B2C,social,Gold
C02100,2023-02-15,R05,B2C,paid_search,New
C02101,2022-05-02,R10,B2C,referral,New
C02102,2023-02-06,R07,B2C,social,Silver
C02103,2025-02-07,R01,B2C,paid_search,Gold
C02104,2024-06-15,R06,B2C,paid_search,Bronze
C02105,2025-07-15,R02,B2C,paid_search,Bronze
C02106,2025-06-22,R08,B2C,organic,Bronze
C02107,2025-03-18,R09,B2C,social,Silver
C02108,2022-09-03,R06,B2C,organic,Silver
C02109,2023-04-03,R06,B2C,referral,New
C02110,2022-03-20,R03,B2C,referral,Gold
C02111,2022-05-09,R04,B2C,paid_search,Silver
C02112,2022-11-13,R10,B2C,referral,Silver
C02113,2023-01-19,R08,B2C,social,New
C02114,2022-01-22,R05,B2C,organic,Gold
C02115,2025-02-27,R03,B2C,social,Bronze
C02116,2023-12-23,R01,B2C,partner,Bronze
C02117,2024-06-16,R01,B2C,organic,Bronze
C02118,2024-06-13,R02,B2C,organic,Bronze
C02119,2025-08-16,R03,B2C,social,New
C02120,2022-07-21,R11,B2C,paid_search,New
C02121,2023-04-15,R05,B2C,social,Bronze
C02122,2023-02-27,R02,B2C,social,Bronze
C02123,2024-01-25,R01,B2C,referral,Silver
C02124,2023-12-22,R03,B2C,organic,Silver
C02125,2024-12-17,R09,B2C,paid_search,Silver
C02126,2024-02-07,R03,B2C,referral,New
C02127,2022-11-17,R08,B2B,paid_search,Bronze
C02128,2024-02-13,R09,B2C,paid_search,Silver
C02129,2025-08-12,R01,B2C,organic,Silver
C02130,2024-03-03,R06,B2C,organic,Bronze
C02131,2024-03-21,R12,B2C,paid_search,Gold
C02132,2022-08-29,R03,B2C,paid_search,Silver
C02133,2022-01-11,R01,B2C,social,Silver
C02134,2022-10-14,R11,B2C,social,Silver
C02135,2022-02-04,R10,B2C,referral,Bronze
C02136,2023-09-12,R05,B2C,referral,Gold
C02137,2025-04-22,R05,B2C,organic,Gold
C02138,2023-09-04,R02,B2C,organic,Silver
C02139,2024-06-02,R09,B2C,referral,Gold
C02140,2025-03-17,R05,B2C,paid_search,Gold
C02141,2024-11-10,R01,B2C,paid_search,Silver
C02142,2024-06-09,R07,B2C,organic,New
C02143,2023-01-20,R11,B2C,social,Bronze
C02144,2023-07-30,R09,B2C,organic,Silver
C02145,2023-07-01,R02,B2C,organic,Silver
C02146,2024-12-29,R01,B2C,paid_search,Bronze
C02147,2023-07-14,R11,B2C,social,Bronze
C02148,2025-07-07,R11,B2C,organic,Gold
C02149,2022-09-13,R05,B2C,social,Bronze
C02150,2022-08-24,R07,B2C,paid_search,New
C02151,2024-09-07,R04,B2B,paid_search,Silver
C02152,2024-11-12,R04,B2C,paid_search,Bronze
C02153,2024-07-18,R01,B2C,organic,New
C02154,2023-02-26,R01,B2B,paid_search,Silver
C02155,2022-01-13,R02,B2B,referral,Gold
C02156,2023-03-17,R09,B2C,organic,Bronze
C02157,2023-10-01,R01,B2C,partner,Bronze
C02158,2023-07-20,R02,B2C,organic,Bronze
C02159,2025-06-16,R05,B2B,paid_search,Silver
C02160,2025-03-28,R02,B2C,social,Bronze
C02161,2024-11-27,R02,B2C,referral,Bronze
C02162,2022-01-31,R06,B2C,organic,Silver
C02163,2022-06-24,R03,B2B,organic,Gold
C02164,2023-08-18,R06,B2C,social,Bronze
C02165,2024-05-01,R11,B2C,organic,Silver
C02166,2024-07-19,R01,B2C,social,Silver
C02167,2023-02-10,R11,B2C,referral,New
C02168,2022-06-01,R11,B2C,organic,Silver
C02169,2023-03-26,R09,B2C,referral,Bronze
C02170,2024-12-20,R06,B2C,organic,New
C02171,2025-09-12,R06,B2C,referral,New
C02172,2025-07-13,R07,B2C,partner,New
C02173,2024-03-23,R07,B2C,social,Silver
C02174,2022-05-05,R01,B2C,partner,Silver
C02175,2025-08-17,R12,B2C,referral,Silver
C02176,2022-07-29,R06,B2B,organic,Silver
C02177,2023-01-03,R08,B2C,organic,Bronze
C02178,2025-08-26,R03,B2B,organic,Gold
C02179,2023-11-21,R01,B2C,paid_search,Gold
C02180,2022-09-28,R05,B2C,social,Bronze
C02181,2023-11-19,R05,B2C,paid_search,Silver
C02182,2022-04-19,R04,B2C,social,Silver
C02183,2023-03-09,R03,B2C,paid_search,Bronze
C02184,2025-07-27,R02,B2C,organic,New
C02185,2023-02-13,R05,B2C,organic,Bronze
C02186,2025-05-07,R03,B2C,partner,Gold
C02187,2024-01-14,R12,B2C,paid_search,Silver
C02188,2024-06-16,R02,B2C,paid_search,Silver
C02189,2024-08-20,R03,B2C,organic,Gold
C02190,2024-01-25,R02,B2C,partner,New
C02191,2022-02-16,R05,B2C,organic,Gold
C02192,2025-06-12,R05,B2C,social,Bronze
C02193,2023-10-13,R07,B2C,organic,Silver
C02194,2024-06-16,R11,B2B,organic,Bronze
C02195,2024-01-29,R02,B2C,social,Bronze
C02196,2024-06-20,R07,B2C,social,Bronze
C02197,2023-05-01,R01,B2C,social,Bronze
C02198,2025-03-01,R02,B2C,organic,New
C02199,2022-11-04,R04,B2C,partner,Bronze
C02200,2024-06-13,R01,B2C,paid_search,Silver
C02201,2024-03-02,R06,B2C,partner,Gold
C02202,2023-11-21,R07,B2C,organic,New
C02203,2022-01-31,R08,B2C,paid_search,New
C02204,2023-06-18,R05,B2C,paid_search,Silver
C02205,2022-03-07,R06,B2C,social,Silver
C02206,2023-11-20,R03,B2C,social,Silver
C02207,2024-07-30,R01,B2C,paid_search,Gold
C02208,2023-12-17,R01,B2C,organic,New
C02209,2024-11-02,R07,B2C,organic,Bronze
C02210,2023-05-09,R12,B2C,organic,Gold
C02211,2023-02-24,R01,B2C,referral,Silver
C02212,2023-09-06,R05,B2C,organic,Bronze
C02213,2022-11-10,R08,B2C,organic,Gold
C02214,2025-01-02,R09,B2C,paid_search,Bronze
C02215,2025-01-13,R05,B2C,organic,New
C02216,2023-07-25,R06,B2C,partner,New
C02217,2024-12-21,R07,B2C,paid_search,Silver
C02218,2022-02-04,R10,B2C,partner,Silver
C02219,2022-07-31,R01,B2C,social,New
C02220,2023-01-23,R11,B2C,paid_search,Bronze
C02221,2023-06-16,R01,B2C,paid_search,Silver
C02222,2022-11-14,R09,B2C,social,New
C02223,2023-12-03,R01,B2C,social,Silver
C02224,2024-12-22,R02,B2C,organic,Bronze
C02225,2023-09-17,R01,B2C,referral,Gold
C02226,2023-09-08,R04,B2C,paid_search,Silver
C02227,2022-03-23,R03,B2C,paid_search,Bronze
C02228,2023-01-19,R02,B2C,paid_search,Silver
C02229,2025-01-10,R04,B2C,social,Silver
C02230,2025-01-14,R03,B2C,paid_search,Bronze
C02231,2022-05-23,R08,B2C,paid_search,Bronze
C02232,2022-01-27,R10,B2B,organic,Silver
C02233,2025-02-11,R07,B2C,paid_search,Silver
C02234,2022-08-27,R01,B2C,organic,Silver
C02235,2024-02-26,R02,B2C,referral,Bronze
C02236,2025-02-06,R11,B2C,paid_search,Silver
C02237,2024-12-13,R01,B2C,partner,Silver
C02238,2024-01-24,R03,B2B,social,Bronze
C02239,2023-05-31,R11,B2B,social,Bronze
C02240,2024-11-25,R11,B2C,partner,Bronze
C02241,2024-08-09,R04,B2C,organic,Silver
C02242,2025-02-21,R07,B2C,paid_search,New
C02243,2023-12-05,R04,B2C,organic,Gold
C02244,2025-07-13,R08,B2C,organic,Bronze
C02245,2024-11-19,R01,B2C,paid_search,Silver
C02246,2022-03-28,R01,B2C,social,New
C02247,2023-02-07,R06,B2C,referral,Silver
C02248,2024-12-30,R02,B2C,organic,Bronze
C02249,2022-06-08,R07,B2C,social,Silver
C02250,2024-08-28,R03,B2B,organic,Gold
C02251,2023-04-12,R10,B2C,organic,New
C02252,2022-10-11,R09,B2C,organic,New
C02253,2024-01-10,R05,B2C,social,New
C02254,2025-06-29,R08,B2C,paid_search,Bronze
C02255,2025-05-13,R02,B2C,organic,Silver
C02256,2023-07-08,R05,B2C,organic,New
C02257,2022-01-06,R02,B2C,paid_search,Silver
C02258,2025-04-30,R10,B2C,referral,Bronze
C02259,2025-05-13,R09,B2C,organic,Gold
C02260,2024-04-08,R11,B2C,social,Bronze
C02261,2024-05-10,R10,B2B,social,Gold
C02262,2023-12-23,R12,B2C,paid_search,Bronze
C02263,2022-08-07,R02,B2C,organic,Gold
C02264,2022-07-16,R11,B2C,partner,Silver
C02265,2025-06-05,R06,B2C,paid_search,Bronze
C02266,2022-03-10,R04,B2C,paid_search,Silver
C02267,2024-02-02,R06,B2C,referral,Bronze
C02268,2023-05-12,R03,B2C,referral,Bronze
C02269,2022-01-09,R02,B2C,social,Bronze
C02270,2025-06-12,R02,B2C,referral,Gold
C02271,2022-01-26,R01,B2C,organic,Silver
C02272,2025-03-17,R05,B2C,referral,New
C02273,2024-11-30,R10,B2C,paid_search,Silver
C02274,2024-12-22,R06,B2C,referral,Bronze
C02275,2022-08-10,R05,B2C,paid_search,New
C02276,2025-04-21,R04,B2C,organic,New
C02277,2024-03-30,R04,B2C,paid_search,New
C02278,2023-07-05,R02,B2C,social,Silver
C02279,2024-07-21,R09,B2C,paid_search,Bronze
C02280,2023-04-13,R02,B2C,referral,New
C02281,2023-01-18,R08,B2C,organic,Bronze
C02282,2023-01-30,R08,B2C,organic,Gold
C02283,2024-02-19,R06,B2C,paid_search,Silver
C02284,2024-04-02,R10,B2C,paid_search,Bronze
C02285,2022-11-25,R02,B2B,social,Silver
C02286,2022-12-03,R10,B2C,partner,New
C02287,2025-07-19,R08,B2C,social,Gold
C02288,2023-12-06,R09,B2C,paid_search,New
C02289,2025-03-23,R07,B2C,paid_search,New
C02290,2023-03-29,R10,B2C,partner,Bronze
C02291,2023-01-30,R12,B2C,social,New
C02292,2023-12-25,R04,B2C,referral,New
C02293,2024-12-02,R09,B2C,organic,Silver
C02294,2023-11-17,R08,B2B,social,Bronze
C02295,2023-02-08,R04,B2C,organic,New
C02296,2025-08-07,R11,B2C,social,Silver
C02297,2024-02-23,R03,B2C,referral,Silver
C02298,2023-06-24,R06,B2C,referral,Gold
C02299,2022-01-14,R01,B2C,organic,New
C02300,2024-02-09,R02,B2C,referral,Silver
C02301,2024-04-30,R10,B2C,organic,Silver
C02302,2025-06-25,R03,B2C,paid_search,Bronze
C02303,2022-11-12,R03,B2C,social,Bronze
C02304,2022-08-11,R02,B2C,paid_search,Bronze
C02305,2025-09-30,R05,B2C,paid_search,New
C02306,2024-01-24,R09,B2B,social,Silver
C02307,2022-02-06,R11,B2C,social,Silver
C02308,2022-05-25,R01,B2C,social,New
C02309,2023-10-13,R06,B2C,paid_search,Bronze
C02310,2024-04-25,R04,B2C,social,Gold
C02311,2022-11-30,R06,B2C,paid_search,Bronze
C02312,2023-05-16,R04,B2C,organic,Bronze
C02313,2024-10-04,R03,B2C,paid_search,Gold
C02314,2025-08-17,R04,B2C,social,New
C02315,2023-11-04,R06,B2C,organic,Silver
C02316,2023-07-23,R05,B2C,organic,Silver
C02317,2023-05-10,R04,B2C,partner,Bronze
C02318,2022-07-06,R09,B2C,referral,Bronze
C02319,2022-03-14,R08,B2C,social,Gold
C02320,2025-02-15,R03,B2C,referral,New
C02321,2022-02-20,R09,B2C,partner,New
C02322,2025-01-28,R10,B2C,paid_search,Bronze
C02323,2022-12-05,R01,B2C,organic,Silver
C02324,2024-08-09,R06,B2C,social,Bronze
C02325,2025-07-26,R02,B2C,partner,Bronze
C02326,2024-10-22,R08,B2C,social,Bronze
C02327,2024-09-25,R02,B2C,organic,Bronze
C02328,2022-12-29,R07,B2C,partner,Silver
C02329,2024-03-29,R02,B2C,social,Gold
C02330,2024-05-28,R05,B2C,paid_search,Bronze
C02331,2023-08-06,R11,B2B,partner,Silver
C02332,2022-02-22,R03,B2C,social,Silver
C02333,2025-06-03,R10,B2C,referral,Silver
C02334,2022-09-27,R12,B2C,partner,Bronze
C02335,2025-08-25,R10,B2C,organic,New
C02336,2025-06-30,R02,B2C,referral,Silver
C02337,2022-01-26,R09,B2C,paid_search,Silver
C02338,2024-10-09,R01,B2C,referral,Silver
C02339,2024-05-18,R03,B2C,referral,Bronze
C02340,2022-11-12,R10,B2C,referral,New
C02341,2025-01-17,R07,B2C,referral,New
C02342,2022-06-02,R05,B2C,referral,New
C02343,2022-12-07,R03,B2C,organic,New
C02344,2025-07-23,R09,B2C,paid_search,New
C02345,2024-10-13,R08,B2C,organic,New
C02346,2022-06-03,R04,B2C,referral,Bronze
C02347,2022-07-17,R10,B2C,social,Gold
C02348,2022-12-18,R02,B2C,social,Bronze
C02349,2022-04-07,R02,B2C,organic,Bronze
C02350,2022-09-08,R07,B2C,social,Silver
C02351,2024-02-22,R12,B2C,paid_search,Bronze
C02352,2022-01-11,R02,B2C,partner,New
C02353,2023-01-29,R02,B2C,referral,Bronze
C02354,2023-03-07,R01,B2C,paid_search,Bronze
C02355,2025-08-22,R10,B2C,referral,Bronze
C02356,2025-08-26,R02,B2C,organic,New
C02357,2025-03-03,R05,B2B,organic,Bronze
C02358,2023-04-14,R12,B2C,social,New
C02359,2023-12-23,R01,B2C,social,Bronze
C02360,2023-11-22,R05,B2C,organic,Silver
C02361,2025-03-23,R05,B2B,organic,New
C02362,2024-10-18,R09,B2C,paid_search,Bronze
C02363,2025-05-26,R03,B2C,organic,New
C02364,2024-01-25,R04,B2C,paid_search,Silver
C02365,2025-06-12,R02,B2C,paid_search,Bronze
C02366,2024-10-14,R08,B2C,partner,Silver
C02367,2024-10-08,R09,B2C,paid_search,Bronze
C02368,2024-06-24,R01,B2C,organic,Gold
C02369,2023-04-05,R03,B2C,organic,New
C02370,2024-04-13,R10,B2C,organic,Silver
C02371,2023-05-04,R01,B2C,social,Bronze
C02372,2024-06-08,R03,B2C,paid_search,Bronze
C02373,2022-12-15,R05,B2C,organic,Silver
C02374,2024-12-30,R03,B2C,partner,Gold
C02375,2024-02-22,R02,B2C,referral,Silver
C02376,2024-08-30,R04,B2C,organic,Bronze
C02377,2022-10-31,R02,B2C,organic,Bronze
C02378,2024-12-19,R05,B2C,referral,New
C02379,2025-01-03,R07,B2C,social,Silver
C02380,2022-07-19,R06,B2C,partner,Bronze
C02381,2023-04-25,R01,B2C,organic,New
C02382,2024-07-16,R10,B2C,referral,New
C02383,2025-04-10,R02,B2C,organic,Gold
C02384,2023-10-08,R08,B2C,paid_search,New
C02385,2023-02-15,R03,B2C,social,Bronze
C02386,2025-05-30,R09,B2C,social,New
C02387,2025-04-12,R02,B2C,organic,Bronze
C02388,2025-05-12,R02,B2C,organic,New
C02389,2023-02-22,R05,B2C,referral,Silver
C02390,2023-08-21,R01,B2B,organic,New
C02391,2022-11-30,R02,B2C,paid_search,New
C02392,2025-07-30,R08,B2B,organic,New
C02393,2025-04-02,R09,B2C,organic,Bronze
C02394,2022-08-26,R01,B2C,referral,Silver
C02395,2022-12-05,R10,B2C,organic,New
C02396,2024-01-26,R09,B2C,paid_search,Silver
C02397,2023-07-23,R10,B2B,social,Bronze
C02398,2023-09-22,R07,B2C,organic,New
C02399,2024-07-11,R07,B2B,social,New
C02400,2025-05-14,R05,B2C,paid_search,Bronze
C02401,2025-06-09,R07,B2C,referral,Bronze
C02402,2023-09-16,R11,B2B,referral,Bronze
C02403,2025-02-07,R01,B2C,referral,Silver
C02404,2024-08-08,R03,B2B,paid_search,New
C02405,2022-09-27,R01,B2C,referral,Bronze
C02406,2024-12-23,R11,B2C,social,Bronze
C02407,2024-05-09,R04,B2C,paid_search,Bronze
C02408,2024-09-13,R07,B2C,organic,Bronze
C02409,2025-07-15,R10,B2C,organic,Bronze
C02410,2025-07-22,R12,B2C,organic,Silver
C02411,2025-01-03,R02,B2C,organic,Silver
C02412,2023-11-24,R09,B2C,partner,New
C02413,2023-07-02,R10,B2C,partner,Bronze
C02414,2023-08-28,R01,B2C,organic,Silver
C02415,2025-07-25,R08,B2C,partner,Bronze
C02416,2022-10-08,R03,B2C,social,Silver
C02417,2023-12-20,R07,B2B,paid_search,Silver
C02418,2024-07-19,R05,B2C,partner,Bronze
C02419,2022-01-31,R02,B2C,social,New
C02420,2024-05-19,R01,B2C,social,Silver
C02421,2022-12-22,R01,B2B,organic,Bronze
C02422,2023-01-20,R01,B2C,organic,New
C02423,2024-05-01,R06,B2C,partner,New
C02424,2022-01-13,R03,B2C,organic,New
C02425,2022-08-03,R02,B2C,organic,Bronze
C02426,2023-09-15,R07,B2C,organic,New
C02427,2024-03-10,R07,B2C,paid_search,Silver
C02428,2022-05-30,R05,B2C,paid_search,Gold
C02429,2023-05-11,R11,B2C,partner,Gold
C02430,2023-02-26,R03,B2C,paid_search,New
C02431,2024-01-02,R09,B2C,referral,Bronze
C02432,2023-02-16,R01,B2C,social,Gold
C02433,2022-01-03,R08,B2C,paid_search,Silver
C02434,2023-12-27,R12,B2C,organic,Bronze
C02435,2025-03-07,R10,B2C,organic,Silver
C02436,2024-03-11,R06,B2C,referral,Bronze
C02437,2023-05-11,R06,B2C,referral,Silver
C02438,2023-10-23,R03,B2B,paid_search,Gold
C02439,2022-07-11,R07,B2C,referral,Gold
C02440,2022-11-20,R08,B2C,referral,Bronze
C02441,2023-08-23,R12,B2C,organic,New
C02442,2024-03-21,R05,B2C,social,Silver
C02443,2023-10-28,R01,B2C,referral,Silver
C02444,2025-08-11,R06,B2C,referral,Bronze
C02445,2024-05-22,R01,B2C,organic,Bronze
C02446,2022-02-01,R02,B2C,organic,Silver
C02447,2023-12-20,R03,B2C,paid_search,Bronze
C02448,2024-03-08,R08,B2C,organic,Gold
C02449,2022-03-01,R02,B2C,organic,Silver
C02450,2023-06-12,R02,B2C,social,Bronze
C02451,2025-04-08,R01,B2C,paid_search,Bronze
C02452,2023-05-04,R10,B2C,organic,Bronze
C02453,2023-09-17,R07,B2C,social,Bronze
C02454,2022-10-30,R01,B2C,organic,New
C02455,2022-04-16,R01,B2C,paid_search,Silver
C02456,2023-03-12,R05,B2C,referral,Silver
C02457,2024-11-24,R02,B2C,referral,Bronze
C02458,2025-09-07,R06,B2C,organic,Gold
C02459,2024-06-22,R04,B2C,referral,Gold
C02460,2025-02-11,R11,B2C,referral,Silver
C02461,2024-06-08,R02,B2C,social,Gold
C02462,2024-06-20,R07,B2C,partner,Bronze
C02463,2023-08-08,R01,B2C,organic,Gold
C02464,2022-03-25,R12,B2C,organic,Gold
C02465,2023-07-16,R12,B2C,referral,Silver
C02466,2025-03-30,R08,B2C,paid_search,New
C02467,2024-01-05,R04,B2C,paid_search,New
C02468,2024-11-09,R02,B2C,organic,Bronze
C02469,2022-03-11,R09,B2C,organic,Silver
C02470,2022-10-03,R08,B2C,organic,Bronze
C02471,2023-02-14,R02,B2C,organic,Silver
C02472,2023-05-07,R04,B2C,partner,Silver
C02473,2025-09-14,R04,B2C,organic,New
C02474,2023-09-25,R09,B2C,referral,New
C02475,2024-06-25,R07,B2C,organic,Silver
C02476,2024-06-01,R07,B2C,paid_search,Bronze
C02477,2023-07-28,R07,B2C,referral,Gold
C02478,2025-08-15,R02,B2B,organic,Gold
C02479,2022-11-01,R03,B2C,organic,Bronze
C02480,2022-02-17,R01,B2C,referral,Silver
C02481,2024-10-17,R09,B2C,organic,Silver
C02482,2024-06-14,R04,B2C,organic,Gold
C02483,2022-12-23,R04,B2C,partner,Bronze
C02484,2025-04-03,R02,B2C,paid_search,Gold
C02485,2022-08-11,R02,B2C,social,Bronze
C02486,2022-12-10,R06,B2C,organic,New
C02487,2022-07-31,R02,B2C,organic,Bronze
C02488,2022-09-12,R01,B2C,paid_search,Silver
C02489,2024-09-25,R08,B2B,social,Gold
C02490,2024-08-21,R03,B2C,organic,New
C02491,2024-05-30,R03,B2C,referral,Bronze
C02492,2025-03-24,R04,B2C,referral,Silver
C02493,2022-04-06,R09,B2C,paid_search,Gold
C02494,2024-04-29,R03,B2C,paid_search,Silver
C02495,2022-06-07,R08,B2C,social,New
C02496,2025-08-01,R11,B2C,social,Silver
C02497,2024-05-17,R07,B2C,organic,Silver
C02498,2024-11-06,R04,B2C,referral,Gold
C02499,2024-02-21,R08,B2C,paid_search,Silver
C02500,2023-06-10,R04,B2C,partner,New
C02501,2024-07-28,R04,B2C,partner,Gold
C02502,2025-02-18,R05,B2C,organic,Bronze
C02503,2022-09-01,R03,B2C,paid_search,Gold
C02504,2025-04-08,R01,B2B,paid_search,New
C02505,2024-09-21,R04,B2C,paid_search,Silver
C02506,2022-04-28,R01,B2C,referral,Bronze
C02507,2025-07-05,R04,B2C,organic,New
C02508,2022-09-04,R05,B2C,social,Gold
C02509,2024-04-02,R11,B2C,partner,Bronze
C02510,2022-06-27,R01,B2C,partner,New
C02511,2022-09-26,R06,B2C,organic,Gold
C02512,2024-05-30,R04,B2C,partner,Bronze
C02513,2024-07-19,R01,B2C,organic,Bronze
C02514,2024-07-29,R02,B2C,paid_search,Gold
C02515,2023-04-15,R01,B2C,organic,Bronze
C02516,2025-01-27,R02,B2C,social,New
C02517,2022-03-09,R02,B2C,organic,Silver
C02518,2025-03-15,R03,B2C,organic,Silver
C02519,2023-02-18,R05,B2C,organic,New
C02520,2024-04-29,R01,B2C,partner,Bronze
C02521,2025-05-24,R02,B2C,social,Bronze
C02522,2022-12-16,R01,B2C,social,New
C02523,2023-07-17,R05,B2C,social,Bronze
C02524,2025-02-07,R03,B2C,paid_search,Gold
C02525,2025-03-29,R05,B2C,organic,Bronze
C02526,2022-11-19,R02,B2C,organic,New
C02527,2023-04-02,R01,B2C,paid_search,Gold
C02528,2023-12-09,R11,B2C,partner,Bronze
C02529,2023-06-04,R01,B2C,organic,Gold
C02530,2022-01-08,R01,B2C,social,Gold
C02531,2025-06-19,R01,B2C,referral,Bronze
C02532,2024-05-22,R12,B2C,referral,Bronze
C02533,2023-09-25,R06,B2C,organic,New
C02534,2022-05-28,R06,B2C,partner,New
C02535,2022-04-08,R12,B2C,social,New
C02536,2023-10-18,R01,B2C,paid_search,Bronze
C02537,2024-06-07,R12,B2B,referral,Bronze
C02538,2022-12-23,R02,B2C,organic,Silver
C02539,2024-10-16,R06,B2C,referral,Bronze
C02540,2023-06-22,R04,B2C,social,Bronze
C02541,2022-01-16,R03,B2B,referral,New
C02542,2024-01-06,R11,B2C,referral,Bronze
C02543,2022-09-05,R01,B2C,social,Silver
C02544,2022-01-20,R12,B2B,organic,Silver
C02545,2022-06-28,R03,B2B,organic,Bronze
C02546,2023-01-25,R07,B2C,referral,Bronze
C02547,2023-12-06,R12,B2C,social,Bronze
C02548,2025-09-16,R01,B2C,referral,Gold
C02549,2022-10-26,R11,B2C,paid_search,Bronze
C02550,2022-03-20,R06,B2C,paid_search,Silver
C02551,2022-09-19,R07,B2C,referral,New
C02552,2023-03-14,R01,B2C,referral,Bronze
C02553,2022-10-08,R05,B2C,paid_search,Bronze
C02554,2023-03-17,R07,B2C,organic,New
C02555,2025-08-19,R04,B2C,referral,Silver
C02556,2023-06-04,R01,B2C,referral,Bronze
C02557,2024-05-18,R02,B2C,paid_search,New
C02558,2024-07-26,R10,B2C,paid_search,Gold
C02559,2022-06-28,R01,B2C,organic,New
C02560,2022-12-06,R07,B2C,paid_search,Gold
C02561,2023-07-24,R12,B2B,organic,Bronze
C02562,2023-09-23,R01,B2C,organic,New
C02563,2022-01-19,R02,B2C,referral,New
C02564,2024-06-01,R07,B2C,paid_search,Silver
C02565,2023-02-16,R01,B2C,referral,Silver
C02566,2023-03-18,R06,B2C,paid_search,Silver
C02567,2024-04-05,R07,B2C,organic,Bronze
C02568,2025-07-22,R06,B2C,paid_search,New
C02569,2025-03-30,R03,B2C,organic,Silver
C02570,2025-09-03,R07,B2C,social,Gold
C02571,2023-07-21,R06,B2C,partner,Bronze
C02572,2022-06-13,R02,B2C,referral,Silver
C02573,2022-10-23,R06,B2C,referral,Silver
C02574,2023-04-16,R10,B2C,referral,Bronze
C02575,2023-02-16,R07,B2C,referral,Silver
C02576,2022-10-12,R04,B2C,paid_search,New
C02577,2022-07-26,R03,B2C,social,New
C02578,2022-09-13,R01,B2C,paid_search,Silver
C02579,2024-06-20,R02,B2C,organic,Gold
C02580,2023-11-04,R01,B2C,social,Bronze
C02581,2022-02-21,R12,B2C,social,New
C02582,2024-02-11,R02,B2C,organic,New
C02583,2025-02-27,R09,B2C,partner,Bronze
C02584,2023-08-06,R02,B2C,organic,Silver
C02585,2023-03-13,R02,B2C,social,New
C02586,2023-01-09,R04,B2C,partner,New
C02587,2023-06-04,R03,B2C,organic,Silver
C02588,2023-01-17,R09,B2C,partner,New
C02589,2025-06-19,R12,B2C,referral,Bronze
C02590,2025-09-20,R10,B2C,social,Silver
C02591,2023-04-15,R01,B2C,partner,New
C02592,2025-06-18,R08,B2C,social,Bronze
C02593,2025-03-14,R01,B2C,paid_search,New
C02594,2022-04-14,R11,B2B,social,Bronze
C02595,2023-11-03,R05,B2C,paid_search,Gold
C02596,2024-06-17,R03,B2C,paid_search,Silver
C02597,2023-08-01,R01,B2C,organic,New
C02598,2023-09-18,R01,B2C,paid_search,New
C02599,2023-11-08,R02,B2C,referral,Bronze
C02600,2024-07-31,R11,B2C,partner,Gold
C02601,2023-02-07,R09,B2C,partner,Silver
C02602,2024-03-28,R12,B2C,organic,Silver
C02603,2022-11-30,R01,B2C,paid_search,New
C02604,2025-05-02,R06,B2B,paid_search,Gold
C02605,2022-04-26,R02,B2C,organic,Silver
C02606,2022-04-02,R05,B2C,social,New
C02607,2022-02-21,R03,B2C,paid_search,Bronze
C02608,2023-04-24,R02,B2C,partner,Bronze
C02609,2024-04-09,R06,B2C,organic,Silver
C02610,2025-09-11,R02,B2C,referral,Bronze
C02611,2023-09-15,R04,B2C,referral,New
C02612,2022-09-07,R07,B2C,social,Silver
C02613,2023-05-20,R01,B2C,organic,Silver
C02614,2022-06-24,R11,B2C,organic,Bronze
C02615,2023-10-09,R05,B2C,partner,Bronze
C02616,2024-09-24,R09,B2C,organic,New
C02617,2022-02-18,R07,B2C,organic,Bronze
C02618,2024-11-30,R08,B2C,partner,Silver
C02619,2022-11-09,R08,B2C,referral,Silver
C02620,2024-07-09,R10,B2C,social,Gold
C02621,2025-01-21,R06,B2C,organic,Silver
C02622,2024-11-28,R02,B2C,paid_search,Silver
C02623,2024-07-06,R01,B2C,referral,Bronze
C02624,2024-08-07,R06,B2C,paid_search,New
C02625,2022-09-14,R01,B2C,organic,Gold
C02626,2022-07-05,R02,B2C,organic,Silver
C02627,2023-06-06,R01,B2C,social,Gold
C02628,2024-04-12,R05,B2C,organic,Silver
C02629,2024-04-26,R02,B2C,referral,Bronze
C02630,2024-11-29,R06,B2C,organic,New
C02631,2023-02-27,R09,B2C,organic,Bronze
C02632,2025-03-30,R09,B2C,partner,Silver
C02633,2023-09-07,R03,B2C,partner,Gold
C02634,2022-12-04,R05,B2C,social,Silver
C02635,2024-10-03,R06,B2C,partner,Bronze
C02636,2022-06-24,R04,B2C,organic,Bronze
C02637,2023-07-09,R07,B2C,paid_search,New
C02638,2024-12-05,R02,B2C,organic,Bronze
C02639,2024-11-21,R12,B2C,paid_search,Gold
C02640,2022-12-18,R01,B2C,referral,Silver
C02641,2022-08-17,R09,B2C,referral,Bronze
C02642,2022-02-13,R06,B2C,organic,Gold
C02643,2022-05-03,R02,B2C,paid_search,New
C02644,2025-02-03,R08,B2C,partner,Gold
C02645,2024-12-08,R01,B2C,social,Silver
C02646,2023-11-24,R08,B2C,organic,New
C02647,2024-02-20,R06,B2C,paid_search,Silver
C02648,2023-03-24,R01,B2C,paid_search,New
C02649,2022-09-20,R01,B2C,paid_search,Silver
C02650,2022-01-16,R08,B2C,paid_search,Bronze
C02651,2024-07-08,R02,B2C,paid_search,New
C02652,2022-02-18,R10,B2C,paid_search,Silver
C02653,2022-05-24,R08,B2C,paid_search,Bronze
C02654,2024-12-21,R07,B2C,organic,New
C02655,2024-03-08,R02,B2C,organic,Silver
C02656,2023-11-02,R07,B2B,paid_search,Bronze
C02657,2022-10-26,R11,B2C,referral,Silver
C02658,2022-07-24,R01,B2C,referral,Silver
C02659,2023-10-01,R03,B2C,organic,New
C02660,2023-05-06,R02,B2C,paid_search,Gold
C02661,2024-01-02,R03,B2B,social,Bronze
C02662,2022-08-15,R08,B2C,paid_search,New
C02663,2022-11-13,R04,B2C,social,Bronze
C02664,2022-06-04,R06,B2C,partner,Silver
C02665,2023-08-05,R03,B2C,organic,New
C02666,2023-01-14,R01,B2C,paid_search,Bronze
C02667,2022-11-02,R02,B2C,paid_search,Bronze
C02668,2024-01-23,R10,B2B,paid_search,Silver
C02669,2023-11-12,R06,B2C,organic,Bronze
C02670,2022-10-15,R03,B2C,social,Bronze
C02671,2024-08-14,R09,B2C,organic,New
C02672,2023-04-16,R01,B2B,social,Bronze
C02673,2023-04-13,R02,B2C,social,Silver
C02674,2023-10-17,R02,B2C,paid_search,Bronze
C02675,2022-07-10,R12,B2C,partner,Bronze
C02676,2023-07-30,R07,B2C,referral,Bronze
C02677,2024-03-08,R06,B2C,paid_search,Silver
C02678,2022-06-26,R01,B2C,partner,Bronze
C02679,2024-02-13,R02,B2C,referral,Bronze
C02680,2022-02-23,R06,B2C,organic,Silver
C02681,2024-04-06,R03,B2C,social,Silver
C02682,2022-02-18,R11,B2C,social,New
C02683,2022-08-28,R08,B2C,social,Bronze
C02684,2023-04-25,R04,B2C,partner,New
C02685,2024-04-21,R08,B2C,paid_search,Silver
C02686,2024-09-11,R12,B2C,organic,Bronze
C02687,2022-06-29,R04,B2B,paid_search,Bronze
C02688,2023-06-15,R07,B2C,referral,Bronze
C02689,2024-12-13,R11,B2C,paid_search,Bronze
C02690,2022-05-04,R02,B2C,organic,Silver
C02691,2024-09-06,R10,B2C,organic,Bronze
C02692,2023-06-13,R01,B2B,social,Bronze
C02693,2022-01-06,R07,B2C,organic,Silver
C02694,2024-08-08,R09,B2C,paid_search,Silver
C02695,2022-02-06,R06,B2C,organic,Gold
C02696,2023-05-22,R05,B2C,paid_search,Silver
C02697,2022-09-25,R06,B2C,organic,Bronze
C02698,2024-03-10,R01,B2C,organic,New
C02699,2022-03-18,R02,B2C,social,Gold
C02700,2022-05-05,R02,B2B,organic,Silver
C02701,2023-12-29,R06,B2C,organic,New
C02702,2025-09-22,R04,B2C,social,Bronze
C02703,2022-02-24,R02,B2C,organic,Bronze
C02704,2023-09-23,R10,B2C,organic,New
C02705,2025-01-03,R03,B2C,paid_search,Silver
C02706,2023-02-03,R04,B2C,paid_search,Silver
C02707,2023-11-06,R04,B2C,paid_search,New
C02708,2025-02-22,R02,B2C,partner,Gold
C02709,2024-09-23,R08,B2C,paid_search,Gold
C02710,2023-02-06,R04,B2C,paid_search,Bronze
C02711,2024-10-24,R01,B2C,partner,Bronze
C02712,2024-07-14,R12,B2C,paid_search,Gold
C02713,2023-11-25,R09,B2C,referral,Bronze
C02714,2023-08-27,R08,B2C,paid_search,Gold
C02715,2025-06-20,R10,B2C,social,New
C02716,2025-09-17,R11,B2C,partner,Silver
C02717,2024-07-13,R03,B2C,organic,Silver
C02718,2023-05-07,R06,B2C,referral,Bronze
C02719,2022-05-31,R06,B2C,paid_search,Silver
C02720,2022-06-22,R02,B2C,social,New
C02721,2025-07-26,R02,B2C,paid_search,New
C02722,2023-05-13,R01,B2B,organic,Bronze
C02723,2022-06-01,R07,B2C,organic,New
C02724,2022-11-02,R08,B2C,partner,New
C02725,2022-01-29,R08,B2C,social,Bronze
C02726,2023-12-28,R03,B2C,referral,New
C02727,2024-03-20,R02,B2C,organic,New
C02728,2023-06-03,R04,B2C,organic,New
C02729,2024-10-15,R05,B2C,paid_search,Silver
C02730,2023-10-20,R11,B2C,organic,New
C02731,2025-08-07,R10,B2C,paid_search,Silver
C02732,2024-11-10,R11,B2B,partner,New
C02733,2022-04-14,R10,B2C,referral,New
C02734,2023-01-11,R12,B2C,paid_search,Bronze
C02735,2024-10-29,R04,B2C,paid_search,Bronze
C02736,2024-01-06,R01,B2C,social,Bronze
C02737,2024-10-28,R01,B2C,social,Silver
C02738,2023-04-04,R03,B2B,social,Bronze
C02739,2022-02-22,R02,B2C,paid_search,New
C02740,2024-12-10,R02,B2C,organic,Silver
C02741,2024-12-10,R12,B2C,organic,New
C02742,2024-05-25,R02,B2C,partner,Silver
C02743,2023-07-08,R12,B2C,social,Silver
C02744,2022-01-12,R08,B2C,partner,Bronze
C02745,2024-09-23,R07,B2C,paid_search,Bronze
C02746,2024-06-22,R07,B2C,paid_search,Bronze
C02747,2024-07-03,R03,B2B,paid_search,Silver
C02748,2022-08-21,R07,B2C,referral,Gold
C02749,2024-09-28,R02,B2C,organic,Bronze
C02750,2024-09-18,R11,B2C,social,Gold
C02751,2025-03-19,R03,B2C,organic,New
C02752,2024-02-16,R02,B2C,organic,New
C02753,2024-09-28,R08,B2C,organic,Bronze
C02754,2023-07-04,R07,B2C,paid_search,Gold
C02755,2024-08-11,R04,B2C,referral,Bronze
C02756,2024-08-08,R06,B2C,partner,Silver
C02757,2024-12-03,R01,B2C,social,Bronze
C02758,2025-03-18,R07,B2C,paid_search,Silver
C02759,2022-01-05,R02,B2C,referral,Silver
C02760,2024-12-02,R02,B2C,organic,Silver
C02761,2024-12-20,R02,B2C,referral,Silver
C02762,2024-01-17,R03,B2C,social,Bronze
C02763,2023-12-13,R03,B2C,paid_search,Gold
C02764,2024-09-16,R04,B2C,organic,Bronze
C02765,2023-09-16,R02,B2C,organic,Bronze
C02766,2023-07-21,R02,B2C,paid_search,Gold
C02767,2025-01-04,R05,B2C,partner,Silver
C02768,2024-12-16,R01,B2C,social,Bronze
C02769,2022-10-11,R07,B2C,paid_search,Silver
C02770,2025-02-08,R11,B2C,paid_search,Bronze
C02771,2023-03-23,R04,B2B,referral,Bronze
C02772,2022-07-07,R11,B2C,paid_search,New
C02773,2025-04-17,R01,B2C,organic,Silver
C02774,2022-11-22,R01,B2C,social,Silver
C02775,2022-10-05,R08,B2C,paid_search,Silver
C02776,2023-01-05,R08,B2C,paid_search,Bronze
C02777,2023-11-04,R10,B2B,paid_search,Gold
C02778,2022-08-16,R01,B2C,organic,Bronze
C02779,2022-08-07,R08,B2C,partner,Bronze
C02780,2023-06-22,R03,B2C,referral,Gold
C02781,2022-10-26,R03,B2C,partner,Silver
C02782,2022-09-22,R02,B2C,partner,Gold
C02783,2025-06-02,R12,B2C,paid_search,Silver
C02784,2024-03-26,R01,B2C,paid_search,New
C02785,2022-01-19,R09,B2C,social,Bronze
C02786,2022-05-20,R07,B2C,organic,Silver
C02787,2025-01-19,R08,B2C,partner,Bronze
C02788,2023-01-05,R08,B2C,organic,Silver
C02789,2022-07-28,R10,B2C,paid_search,New
C02790,2024-06-30,R02,B2B,social,Bronze
C02791,2025-02-21,R01,B2C,partner,Silver
C02792,2023-06-30,R06,B2C,social,Gold
C02793,2024-10-13,R03,B2C,social,Bronze
C02794,2023-07-31,R01,B2C,organic,New
C02795,2022-05-29,R02,B2C,social,New
C02796,2024-12-28,R03,B2C,social,New
C02797,2025-06-12,R01,B2C,paid_search,Silver
C02798,2025-09-09,R01,B2C,referral,Bronze
C02799,2022-05-17,R11,B2C,organic,Bronze
C02800,2024-02-13,R03,B2C,paid_search,Silver
C02801,2024-05-03,R12,B2C,partner,Silver
C02802,2022-04-19,R12,B2C,paid_search,Bronze
C02803,2025-07-26,R01,B2C,social,Gold
C02804,2022-05-21,R08,B2C,paid_search,Bronze
C02805,2023-01-03,R06,B2C,partner,Bronze
C02806,2025-08-18,R07,B2C,organic,Gold
C02807,2024-02-01,R01,B2C,organic,New
C02808,2024-07-18,R02,B2C,referral,Gold
C02809,2023-11-07,R01,B2C,social,Silver
C02810,2024-10-27,R06,B2C,paid_search,Gold
C02811,2022-04-22,R12,B2C,paid_search,New
C02812,2024-07-14,R07,B2C,paid_search,Bronze
C02813,2022-04-02,R08,B2C,partner,Gold
C02814,2022-09-03,R12,B2C,social,Silver
C02815,2023-11-25,R07,B2C,partner,Gold
C02816,2023-09-06,R01,B2C,partner,Bronze
C02817,2022-07-28,R10,B2C,paid_search,Silver
C02818,2024-12-28,R03,B2C,social,Bronze
C02819,2023-02-18,R01,B2C,social,Bronze
C02820,2025-04-01,R05,B2C,referral,Bronze
C02821,2022-01-21,R11,B2C,social,Silver
C02822,2022-11-21,R02,B2C,organic,Bronze
C02823,2023-02-11,R05,B2B,partner,New
C02824,2024-03-26,R02,B2C,social,Silver
C02825,2023-07-04,R01,B2C,referral,Gold
C02826,2022-08-04,R01,B2C,paid_search,Bronze
C02827,2024-02-21,R08,B2B,paid_search,Silver
C02828,2025-08-04,R10,B2C,social,Gold
C02829,2022-07-02,R01,B2C,referral,Bronze
C02830,2022-12-12,R02,B2C,organic,Silver
C02831,2023-10-18,R02,B2C,paid_search,Gold
C02832,2024-09-21,R01,B2C,referral,Silver
C02833,2022-07-07,R05,B2C,partner,New
C02834,2022-11-13,R07,B2C,organic,Silver
C02835,2022-11-18,R07,B2C,organic,Silver
C02836,2024-04-23,R03,B2C,paid_search,Silver
C02837,2022-04-23,R05,B2C,organic,New
C02838,2024-06-21,R01,B2C,organic,New
C02839,2023-08-06,R01,B2C,paid_search,Silver
C02840,2023-03-26,R11,B2B,social,Bronze
C02841,2025-03-26,R08,B2C,paid_search,Gold
C02842,2025-01-25,R11,B2C,paid_search,Bronze
C02843,2025-01-04,R11,B2C,partner,Silver
C02844,2025-04-27,R07,B2C,paid_search,New
C02845,2022-11-17,R11,B2C,referral,Silver
C02846,2025-03-16,R04,B2C,organic,Silver
C02847,2022-08-29,R01,B2C,referral,Bronze
C02848,2023-03-29,R01,B2C,referral,Bronze
C02849,2024-01-31,R01,B2C,organic,Gold
C02850,2024-10-16,R01,B2C,social,Silver
C02851,2024-03-01,R03,B2C,social,Silver
C02852,2024-02-05,R07,B2C,paid_search,Bronze
C02853,2023-05-31,R09,B2B,referral,Gold
C02854,2024-03-22,R06,B2C,organic,Silver
C02855,2023-10-13,R01,B2C,paid_search,Bronze
C02856,2023-10-16,R08,B2C,partner,Bronze
C02857,2024-03-12,R03,B2C,organic,New
C02858,2024-04-01,R01,B2C,organic,Silver
C02859,2023-03-28,R02,B2C,organic,Silver
C02860,2022-07-05,R03,B2C,partner,Bronze
C02861,2023-02-15,R02,B2C,organic,Bronze
C02862,2023-07-14,R09,B2C,organic,Bronze
C02863,2022-08-09,R08,B2C,social,New
C02864,2022-09-01,R07,B2C,social,Gold
C02865,2025-07-25,R01,B2C,paid_search,Silver
C02866,2023-01-19,R09,B2C,partner,Bronze
C02867,2024-10-08,R07,B2C,organic,New
C02868,2022-06-24,R02,B2C,social,New
C02869,2025-08-24,R07,B2C,social,Silver
C02870,2022-10-18,R05,B2C,paid_search,New
C02871,2023-06-24,R04,B2B,referral,Bronze
C02872,2024-12-06,R01,B2C,paid_search,Gold
C02873,2022-10-03,R05,B2C,organic,Silver
C02874,2024-01-23,R01,B2C,organic,Silver
C02875,2024-12-11,R02,B2C,organic,New
C02876,2022-02-02,R01,B2C,referral,Bronze
C02877,2022-02-04,R12,B2C,organic,Gold
C02878,2024-12-15,R02,B2C,referral,Silver
C02879,2022-12-26,R03,B2C,organic,Silver
C02880,2025-05-30,R03,B2C,partner,Silver
C02881,2025-06-23,R11,B2C,referral,Bronze
C02882,2025-04-20,R06,B2C,organic,Silver
C02883,2025-09-26,R11,B2C,organic,New
C02884,2025-01-31,R03,B2C,referral,New
C02885,2023-06-09,R01,B2B,organic,Bronze
C02886,2025-09-20,R05,B2C,organic,New
C02887,2023-04-19,R03,B2C,referral,New
C02888,2024-03-13,R09,B2C,referral,New
C02889,2022-01-08,R10,B2C,referral,Bronze
C02890,2025-08-10,R04,B2C,referral,Silver
C02891,2024-03-21,R12,B2C,paid_search,Gold
C02892,2025-07-22,R05,B2C,referral,New
C02893,2023-04-29,R02,B2C,paid_search,New
C02894,2023-03-05,R05,B2C,referral,Silver
C02895,2023-12-17,R01,B2C,social,New
C02896,2025-03-28,R09,B2B,paid_search,Silver
C02897,2024-01-22,R01,B2C,partner,New
C02898,2024-12-20,R03,B2C,paid_search,Silver
C02899,2022-10-21,R06,B2C,social,Bronze
C02900,2024-11-28,R01,B2C,paid_search,Silver
C02901,2024-09-29,R01,B2C,organic,Bronze
C02902,2025-05-12,R07,B2C,paid_search,New
C02903,2022-03-20,R01,B2C,partner,Bronze
C02904,2023-06-10,R05,B2C,paid_search,Bronze
C02905,2022-05-02,R03,B2C,social,Gold
C02906,2023-07-02,R02,B2C,paid_search,Bronze
C02907,2024-11-04,R02,B2C,referral,New
C02908,2024-05-26,R08,B2C,social,Bronze
C02909,2024-10-27,R11,B2C,organic,New
C02910,2024-10-07,R01,B2C,paid_search,Gold
C02911,2025-09-20,R12,B2C,social,Silver
C02912,2025-04-19,R06,B2C,organic,New
C02913,2024-03-13,R07,B2C,paid_search,Silver
C02914,2025-04-14,R08,B2C,paid_search,Silver
C02915,2022-03-07,R07,B2C,organic,Bronze
C02916,2024-09-14,R09,B2C,partner,Silver
C02917,2023-12-16,R05,B2C,partner,Bronze
C02918,2025-08-02,R05,B2C,social,Bronze
C02919,2023-11-21,R03,B2C,organic,Bronze
C02920,2022-09-02,R01,B2C,partner,Bronze
C02921,2024-09-18,R07,B2C,social,Silver
C02922,2025-07-25,R01,B2C,partner,Bronze
C02923,2022-01-23,R02,B2C,organic,Silver
C02924,2022-03-29,R01,B2B,organic,Bronze
C02925,2024-06-24,R02,B2C,social,Silver
C02926,2024-01-31,R06,B2C,referral,Bronze
C02927,2024-01-22,R06,B2C,organic,Bronze
C02928,2022-05-04,R04,B2C,paid_search,Bronze
C02929,2024-02-23,R01,B2C,social,Bronze
C02930,2024-02-17,R04,B2B,partner,New
C02931,2025-03-08,R03,B2C,referral,Bronze
C02932,2023-06-19,R08,B2C,partner,New
C02933,2023-04-22,R06,B2C,social,Bronze
C02934,2022-04-22,R05,B2C,referral,Bronze
C02935,2024-02-16,R05,B2B,paid_search,Silver
C02936,2024-06-06,R12,B2C,organic,Gold
C02937,2023-01-20,R08,B2C,social,Silver
C02938,2024-09-28,R05,B2C,social,Gold
C02939,2025-07-08,R05,B2C,paid_search,Gold
C02940,2022-08-27,R01,B2C,organic,New
C02941,2024-02-24,R11,B2C,referral,Bronze
C02942,2024-08-08,R03,B2C,referral,Bronze
C02943,2022-01-26,R02,B2C,paid_search,New
C02944,2022-09-03,R12,B2C,partner,Silver
C02945,2023-06-26,R08,B2C,paid_search,Gold
C02946,2022-07-08,R01,B2C,organic,Silver
C02947,2023-05-02,R01,B2C,organic,Gold
C02948,2022-07-21,R01,B2C,paid_search,Silver
C02949,2025-05-12,R06,B2C,organic,Bronze
C02950,2024-03-31,R01,B2C,social,New
C02951,2023-03-27,R11,B2C,referral,Gold
C02952,2024-12-02,R11,B2C,paid_search,Silver
C02953,2022-01-26,R05,B2C,referral,Bronze
C02954,2024-03-28,R06,B2C,partner,New
C02955,2024-07-24,R02,B2C,paid_search,Silver
C02956,2025-01-13,R01,B2C,organic,Silver
C02957,2022-11-01,R08,B2C,organic,Bronze
C02958,2024-03-20,R01,B2C,social,Gold
C02959,2024-11-16,R01,B2C,paid_search,Bronze
C02960,2024-12-27,R03,B2C,social,Gold
C02961,2022-08-29,R01,B2C,social,Silver
C02962,2025-08-29,R04,B2C,social,Silver
C02963,2023-01-11,R07,B2C,organic,Gold
C02964,2023-06-20,R09,B2C,organic,Silver
C02965,2022-09-20,R06,B2C,paid_search,Bronze
C02966,2022-07-25,R10,B2C,referral,Gold
C02967,2022-12-16,R03,B2C,social,Bronze
C02968,2022-07-05,R10,B2C,social,New
C02969,2024-09-30,R05,B2C,social,Silver
C02970,2024-03-28,R02,B2C,paid_search,Bronze
C02971,2023-06-18,R11,B2C,organic,Bronze
C02972,2024-01-19,R02,B2C,organic,Bronze
C02973,2024-04-07,R01,B2C,organic,New
C02974,2022-09-10,R02,B2C,organic,New
C02975,2023-02-11,R03,B2C,paid_search,Silver
C02976,2025-04-22,R03,B2C,referral,New
C02977,2022-01-17,R05,B2C,organic,Silver
C02978,2025-08-02,R10,B2C,organic,Bronze
C02979,2025-08-13,R02,B2C,organic,New
C02980,2022-12-13,R05,B2C,organic,Bronze
C02981,2023-03-16,R03,B2C,organic,Bronze
C02982,2022-10-11,R09,B2C,organic,Gold
C02983,2024-02-07,R01,B2C,organic,Gold
C02984,2022-10-20,R01,B2C,partner,Bronze
C02985,2024-12-18,R05,B2C,paid_search,New
C02986,2023-06-15,R07,B2C,organic,Silver
C02987,2025-08-17,R09,B2C,paid_search,Bronze
C02988,2025-03-14,R06,B2C,organic,Bronze
C02989,2023-07-04,R08,B2C,paid_search,Bronze
C02990,2024-03-26,R03,B2C,paid_search,Silver
C02991,2022-02-03,R01,B2C,referral,Bronze
C02992,2022-04-03,R01,B2C,partner,Gold
C02993,2023-11-24,R01,B2C,social,Bronze
C02994,2023-10-10,R03,B2C,organic,Bronze
C02995,2023-06-30,R05,B2C,paid_search,Gold
C02996,2022-05-04,R03,B2C,organic,Bronze
C02997,2025-02-23,R06,B2C,referral,New
C02998,2023-07-11,R05,B2C,organic,New
C02999,2023-10-06,R07,B2C,social,Silver
C03000,2023-07-07,R07,B2C,paid_search,Bronze
C03001,2023-11-12,R03,B2B,paid_search,Bronze
C03002,2024-06-06,R03,B2C,paid_search,New
C03003,2024-11-11,R06,B2C,paid_search,New
C03004,2024-01-23,R06,B2C,social,Bronze
C03005,2022-08-16,R03,B2C,social,Bronze
C03006,2025-04-12,R03,B2C,organic,Bronze
C03007,2023-01-25,R07,B2C,organic,Bronze
C03008,2022-01-23,R07,B2C,referral,Silver
C03009,2022-02-23,R01,B2C,paid_search,Silver
C03010,2024-11-25,R04,B2C,social,Silver
C03011,2023-06-14,R10,B2C,paid_search,Bronze
C03012,2022-02-01,R01,B2C,social,New
C03013,2025-01-15,R10,B2C,social,Silver
C03014,2023-02-21,R02,B2C,organic,New
C03015,2025-08-31,R05,B2C,paid_search,Silver
C03016,2025-04-19,R04,B2C,paid_search,Bronze
C03017,2022-03-07,R01,B2C,organic,Silver
C03018,2024-08-03,R11,B2C,social,Gold
C03019,2024-04-05,R04,B2C,organic,Bronze
C03020,2022-08-24,R12,B2B,organic,New
C03021,2023-04-15,R02,B2C,referral,Gold
C03022,2023-11-03,R10,B2C,referral,Bronze
C03023,2022-07-20,R11,B2C,organic,Bronze
C03024,2024-09-15,R05,B2C,social,Bronze
C03025,2023-01-15,R02,B2C,organic,Bronze
C03026,2025-07-07,R07,B2C,social,Bronze
C03027,2025-01-02,R05,B2C,paid_search,Silver
C03028,2024-05-18,R11,B2C,referral,Silver
C03029,2022-06-13,R04,B2B,paid_search,Bronze
C03030,2022-02-03,R02,B2C,paid_search,Silver
C03031,2022-07-19,R01,B2C,referral,Silver
C03032,2023-11-16,R07,B2C,organic,New
C03033,2024-12-05,R12,B2C,organic,Silver
C03034,2022-07-29,R01,B2B,paid_search,New
C03035,2024-08-26,R08,B2C,social,Bronze
C03036,2022-03-07,R11,B2C,organic,Silver
C03037,2022-12-30,R01,B2C,paid_search,Silver
C03038,2024-03-30,R01,B2B,paid_search,Gold
C03039,2025-02-08,R07,B2C,social,Bronze
C03040,2024-11-29,R07,B2C,referral,New
C03041,2023-12-31,R01,B2C,paid_search,New
C03042,2022-02-19,R09,B2C,paid_search,New
C03043,2023-02-06,R05,B2C,paid_search,Bronze
C03044,2024-12-08,R11,B2C,organic,Bronze
C03045,2022-04-22,R10,B2C,referral,Silver
C03046,2024-08-25,R09,B2C,referral,New
C03047,2024-08-21,R05,B2C,referral,New
C03048,2024-10-26,R02,B2C,partner,New
C03049,2022-10-25,R05,B2C,paid_search,Silver
C03050,2022-12-02,R01,B2C,social,Bronze
C03051,2022-09-29,R07,B2C,organic,New
C03052,2023-06-23,R01,B2C,partner,Bronze
C03053,2023-12-19,R05,B2C,social,New
C03054,2022-06-13,R01,B2C,organic,Bronze
C03055,2024-02-16,R03,B2C,referral,Silver
C03056,2022-11-24,R02,B2C,social,Bronze
C03057,2024-02-09,R06,B2C,partner,New
C03058,2023-02-19,R09,B2C,referral,New
C03059,2025-07-30,R01,B2C,referral,New
C03060,2023-03-14,R10,B2C,paid_search,Gold
C03061,2025-04-07,R10,B2C,paid_search,Silver
C03062,2022-04-27,R03,B2C,social,Bronze
C03063,2022-09-16,R07,B2B,organic,Bronze
C03064,2023-07-29,R03,B2C,organic,Bronze
C03065,2025-05-19,R01,B2C,partner,Bronze
C03066,2022-08-30,R05,B2C,partner,Bronze
C03067,2024-12-09,R01,B2C,partner,Silver
C03068,2024-08-12,R10,B2C,organic,Silver
C03069,2023-04-17,R11,B2B,organic,Bronze
C03070,2023-04-06,R09,B2C,referral,Silver
C03071,2025-07-21,R06,B2C,organic,New
C03072,2024-09-05,R05,B2C,paid_search,New
C03073,2022-11-24,R12,B2C,paid_search,New
C03074,2025-06-02,R02,B2C,referral,New
C03075,2023-07-11,R01,B2C,paid_search,New
C03076,2022-04-20,R06,B2C,organic,Gold
C03077,2025-01-18,R03,B2C,paid_search,Bronze
C03078,2025-04-04,R03,B2C,organic,Bronze
C03079,2023-08-30,R01,B2C,social,New
C03080,2024-08-21,R06,B2B,social,New
C03081,2022-11-18,R02,B2C,social,New
C03082,2025-03-10,R02,B2C,paid_search,New
C03083,2023-05-20,R01,B2C,organic,Bronze
C03084,2023-01-01,R03,B2C,organic,New
C03085,2023-11-17,R10,B2C,partner,New
C03086,2024-04-29,R03,B2C,paid_search,Silver
C03087,2024-10-20,R07,B2C,paid_search,Gold
C03088,2023-07-10,R08,B2C,paid_search,New
C03089,2024-12-08,R03,B2C,partner,Silver
C03090,2023-08-14,R09,B2C,referral,Silver
C03091,2025-08-21,R07,B2C,organic,Silver
C03092,2022-12-28,R06,B2B,social,Silver
C03093,2024-08-22,R01,B2B,paid_search,Bronze
C03094,2024-01-03,R01,B2C,referral,Gold
C03095,2025-07-15,R12,B2C,partner,New
C03096,2022-10-28,R08,B2C,social,Bronze
C03097,2022-09-27,R11,B2C,referral,Silver
C03098,2025-04-02,R11,B2C,paid_search,Gold
C03099,2025-05-18,R01,B2B,paid_search,Bronze
C03100,2024-10-20,R09,B2C,social,Gold
C03101,2023-10-13,R04,B2C,social,Silver
C03102,2023-07-16,R09,B2B,organic,Silver
C03103,2024-07-01,R01,B2C,paid_search,Silver
C03104,2024-10-19,R02,B2C,organic,Silver
C03105,2023-01-13,R08,B2C,organic,Bronze
C03106,2022-01-10,R09,B2C,referral,Silver
C03107,2022-04-11,R06,B2C,organic,New
C03108,2023-04-17,R03,B2C,referral,Gold
C03109,2024-07-22,R03,B2C,paid_search,Silver
C03110,2023-08-26,R12,B2C,social,Silver
C03111,2024-04-26,R04,B2C,partner,New
C03112,2023-10-06,R04,B2C,referral,Bronze
C03113,2024-10-22,R05,B2C,referral,Bronze
C03114,2024-09-17,R04,B2C,organic,Bronze
C03115,2025-02-04,R05,B2C,paid_search,Silver
C03116,2023-06-05,R04,B2C,social,Gold
C03117,2024-08-22,R09,B2C,referral,Silver
C03118,2023-04-25,R11,B2C,referral,Bronze
C03119,2025-04-09,R11,B2C,social,Gold
C03120,2024-04-15,R06,B2C,organic,Gold
C03121,2025-02-16,R04,B2C,organic,Silver
C03122,2023-01-21,R07,B2B,partner,Bronze
C03123,2022-01-21,R09,B2B,paid_search,Silver
C03124,2022-07-13,R06,B2C,social,Bronze
C03125,2023-12-29,R07,B2C,social,New
C03126,2025-08-09,R08,B2C,partner,Silver
C03127,2024-05-08,R07,B2C,referral,Silver
C03128,2025-01-13,R08,B2B,organic,Bronze
C03129,2023-10-05,R02,B2C,referral,Gold
C03130,2025-08-05,R05,B2C,organic,Silver
C03131,2025-07-12,R06,B2C,paid_search,Silver
C03132,2022-10-26,R01,B2C,referral,New
C03133,2025-03-26,R10,B2C,paid_search,New
C03134,2022-01-25,R06,B2C,organic,Silver
C03135,2024-03-22,R01,B2C,social,Silver
C03136,2023-08-22,R09,B2C,partner,Bronze
C03137,2023-02-17,R08,B2C,organic,New
C03138,2025-07-02,R08,B2C,social,New
C03139,2024-06-25,R03,B2C,paid_search,New
C03140,2022-07-09,R10,B2C,paid_search,Silver
C03141,2022-07-10,R04,B2C,social,Bronze
C03142,2022-06-10,R06,B2C,paid_search,New
C03143,2023-02-21,R01,B2C,referral,Bronze
C03144,2022-04-05,R07,B2C,social,Gold
C03145,2022-12-28,R08,B2C,partner,Bronze
C03146,2024-11-13,R06,B2C,referral,New
C03147,2025-04-11,R05,B2C,organic,Bronze
C03148,2024-12-11,R09,B2C,referral,Gold
C03149,2023-11-11,R07,B2C,social,New
C03150,2024-08-09,R02,B2C,organic,New
C03151,2025-07-16,R12,B2C,social,Bronze
C03152,2022-03-14,R07,B2C,social,Bronze
C03153,2025-05-23,R12,B2C,organic,Gold
C03154,2024-09-17,R12,B2C,paid_search,Silver
C03155,2023-06-13,R11,B2C,paid_search,New
C03156,2023-09-07,R08,B2C,paid_search,Gold
C03157,2023-08-24,R06,B2C,referral,Silver
C03158,2022-08-05,R02,B2C,organic,Bronze
C03159,2022-11-12,R05,B2C,referral,Bronze
C03160,2023-02-09,R08,B2C,referral,Silver
C03161,2022-01-08,R05,B2B,paid_search,Gold
C03162,2023-11-18,R10,B2B,paid_search,New
C03163,2023-10-15,R01,B2C,organic,Bronze
C03164,2023-03-28,R03,B2C,organic,Gold
C03165,2022-08-30,R05,B2C,paid_search,Bronze
C03166,2025-08-20,R04,B2C,organic,New
C03167,2024-07-17,R01,B2B,referral,New
C03168,2023-10-12,R01,B2C,social,Silver
C03169,2024-09-16,R09,B2C,organic,Silver
C03170,2023-05-25,R05,B2C,paid_search,New
C03171,2022-10-23,R01,B2C,referral,New
C03172,2024-07-10,R01,B2C,organic,Bronze
C03173,2024-11-20,R04,B2C,social,Silver
C03174,2024-06-09,R02,B2C,organic,New
C03175,2024-02-15,R07,B2C,partner,Bronze
C03176,2022-01-04,R09,B2C,paid_search,Bronze
C03177,2024-05-23,R02,B2C,paid_search,New
C03178,2024-04-26,R06,B2C,paid_search,New
C03179,2023-07-19,R01,B2C,paid_search,Gold
C03180,2022-11-30,R03,B2C,social,Gold
C03181,2025-09-02,R10,B2B,organic,Bronze
C03182,2023-05-29,R05,B2C,organic,Gold
C03183,2023-01-08,R10,B2C,organic,Silver
C03184,2024-08-24,R02,B2C,social,Gold
C03185,2023-10-22,R03,B2C,referral,Gold
C03186,2024-02-03,R04,B2C,organic,Silver
C03187,2024-06-06,R05,B2C,referral,Bronze
C03188,2023-05-20,R12,B2C,referral,New
C03189,2022-07-28,R01,B2C,organic,Bronze
C03190,2022-08-18,R10,B2C,organic,Bronze
C03191,2025-07-10,R10,B2C,paid_search,Silver
C03192,2023-11-24,R05,B2C,organic,New
C03193,2023-07-25,R03,B2C,social,Silver
C03194,2023-03-14,R05,B2C,paid_search,Gold
C03195,2024-09-14,R02,B2C,paid_search,New
C03196,2025-06-03,R09,B2C,social,Silver
C03197,2024-11-18,R05,B2C,organic,Silver
C03198,2024-01-02,R11,B2C,referral,Bronze
C03199,2023-10-13,R06,B2C,social,Gold
C03200,2025-03-31,R05,B2C,paid_search,Bronze
C03201,2025-03-18,R08,B2C,paid_search,Bronze
C03202,2023-06-19,R05,B2C,organic,Bronze
C03203,2025-08-13,R11,B2C,partner,Bronze
C03204,2025-02-06,R02,B2C,paid_search,Bronze
C03205,2025-03-04,R12,B2C,referral,Silver
C03206,2022-03-19,R09,B2C,partner,Silver
C03207,2022-06-27,R10,B2B,paid_search,Bronze
C03208,2023-02-13,R05,B2C,social,Bronze
C03209,2024-11-08,R09,B2C,paid_search,Bronze
C03210,2022-04-18,R03,B2C,organic,Bronze
C03211,2022-04-24,R08,B2C,partner,Bronze
C03212,2022-02-13,R01,B2C,paid_search,Bronze
C03213,2022-09-20,R03,B2C,referral,Silver
C03214,2025-06-11,R04,B2C,social,Gold
C03215,2024-09-14,R03,B2C,organic,Bronze
C03216,2024-09-08,R03,B2C,paid_search,Silver
C03217,2023-02-05,R09,B2C,organic,Gold
C03218,2024-05-05,R02,B2B,organic,New
C03219,2024-12-02,R08,B2C,social,New
C03220,2023-12-30,R01,B2C,organic,New
C03221,2025-03-18,R08,B2C,partner,Bronze
C03222,2024-02-19,R09,B2C,paid_search,Bronze
C03223,2023-03-21,R03,B2C,paid_search,Bronze
C03224,2024-05-24,R08,B2C,organic,Bronze
C03225,2025-07-15,R11,B2B,organic,New
C03226,2025-02-05,R09,B2C,social,Bronze
C03227,2023-11-14,R03,B2C,paid_search,New
C03228,2024-03-28,R05,B2C,social,Bronze
C03229,2025-08-29,R08,B2C,paid_search,Bronze
C03230,2024-10-21,R02,B2C,organic,New
C03231,2023-11-19,R09,B2C,paid_search,New
C03232,2023-01-20,R03,B2C,organic,Silver
C03233,2025-05-25,R09,B2C,organic,New
C03234,2025-08-30,R01,B2C,referral,Silver
C03235,2022-04-07,R01,B2C,organic,Silver
C03236,2022-02-13,R12,B2C,organic,Bronze
C03237,2022-06-07,R10,B2C,paid_search,New
C03238,2023-06-14,R10,B2C,paid_search,Silver
C03239,2022-08-07,R11,B2C,partner,New
C03240,2025-04-22,R04,B2B,referral,Silver
C03241,2025-06-05,R02,B2C,social,Silver
C03242,2022-09-05,R01,B2C,paid_search,Bronze
C03243,2022-07-13,R05,B2C,paid_search,Bronze
C03244,2024-12-13,R02,B2C,organic,Silver
C03245,2023-05-16,R11,B2C,referral,Bronze
C03246,2022-02-25,R01,B2B,paid_search,New
C03247,2023-08-10,R01,B2C,paid_search,Silver
C03248,2025-01-31,R02,B2C,social,Bronze
C03249,2025-07-01,R02,B2C,social,Gold
C03250,2022-06-15,R02,B2C,paid_search,Silver
C03251,2025-02-18,R07,B2C,organic,Bronze
C03252,2023-02-06,R03,B2B,partner,Bronze
C03253,2023-09-28,R06,B2C,organic,Bronze
C03254,2022-05-29,R10,B2C,partner,Silver
C03255,2025-08-25,R06,B2C,paid_search,New
C03256,2024-12-17,R07,B2C,partner,Bronze
C03257,2024-05-29,R03,B2C,partner,Silver
C03258,2024-09-22,R01,B2C,paid_search,New
C03259,2025-04-11,R03,B2C,referral,New
C03260,2022-07-16,R12,B2C,organic,Silver
C03261,2022-12-03,R06,B2C,organic,Bronze
C03262,2022-02-21,R02,B2C,paid_search,Bronze
C03263,2023-11-01,R04,B2C,social,New
C03264,2023-11-08,R09,B2C,organic,Bronze
C03265,2022-02-10,R07,B2C,paid_search,Bronze
C03266,2024-06-24,R06,B2C,partner,Bronze
C03267,2022-01-13,R10,B2C,referral,Gold
C03268,2024-12-21,R07,B2C,organic,New
C03269,2024-08-23,R07,B2C,paid_search,Bronze
C03270,2025-01-20,R02,B2C,organic,Silver
C03271,2022-06-11,R01,B2C,organic,New
C03272,2025-04-06,R12,B2C,partner,Gold
C03273,2024-01-20,R06,B2C,partner,Bronze
C03274,2025-03-27,R04,B2B,organic,New
C03275,2024-08-10,R06,B2C,organic,New
C03276,2024-06-17,R01,B2C,paid_search,Bronze
C03277,2022-02-14,R09,B2C,paid_search,Gold
C03278,2024-08-05,R02,B2C,organic,Gold
C03279,2023-09-07,R09,B2C,organic,Bronze
C03280,2025-03-08,R05,B2C,paid_search,New
C03281,2024-07-25,R02,B2C,organic,Bronze
C03282,2022-04-12,R01,B2C,referral,Bronze
C03283,2025-05-03,R09,B2C,social,New
C03284,2022-03-28,R02,B2C,paid_search,New
C03285,2023-02-14,R01,B2C,paid_search,Bronze
C03286,2022-10-24,R08,B2C,referral,Bronze
C03287,2025-08-26,R03,B2C,organic,Silver
C03288,2022-07-29,R03,B2C,referral,Bronze
C03289,2025-03-02,R02,B2C,organic,New
C03290,2022-11-01,R10,B2C,partner,New
C03291,2024-06-09,R03,B2C,organic,Silver
C03292,2023-06-21,R02,B2C,referral,Silver
C03293,2024-05-03,R03,B2C,organic,New
C03294,2024-08-31,R02,B2C,referral,Gold
C03295,2025-04-09,R03,B2C,social,Silver
C03296,2025-01-22,R01,B2C,organic,New
C03297,2023-12-12,R01,B2C,referral,Bronze
C03298,2023-02-20,R04,B2C,organic,Gold
C03299,2022-12-24,R10,B2C,paid_search,Bronze
C03300,2025-09-21,R01,B2C,paid_search,New
C03301,2024-04-12,R02,B2C,social,Bronze
C03302,2025-05-28,R11,B2C,referral,New
C03303,2023-08-17,R10,B2C,paid_search,Silver
C03304,2023-10-27,R07,B2C,social,Silver
C03305,2025-02-04,R02,B2C,partner,Silver
C03306,2024-09-16,R04,B2C,social,Silver
C03307,2022-10-02,R02,B2C,paid_search,Silver
C03308,2023-12-19,R01,B2C,paid_search,Bronze
C03309,2022-10-20,R03,B2C,organic,Gold
C03310,2024-11-07,R06,B2C,paid_search,New
C03311,2022-02-10,R03,B2C,organic,Bronze
C03312,2025-02-06,R06,B2C,referral,Gold
C03313,2025-06-25,R02,B2B,social,Gold
C03314,2022-02-01,R03,B2C,social,Bronze
C03315,2024-05-13,R09,B2C,organic,Bronze
C03316,2022-04-19,R10,B2C,organic,New
C03317,2023-05-09,R03,B2C,referral,Silver
C03318,2023-04-06,R06,B2C,paid_search,New
C03319,2023-12-13,R02,B2C,partner,Bronze
C03320,2025-06-10,R01,B2C,paid_search,Bronze
C03321,2023-09-24,R08,B2C,organic,Gold
C03322,2023-06-30,R02,B2B,social,Gold
C03323,2022-05-08,R04,B2C,social,Gold
C03324,2025-04-30,R05,B2C,organic,Silver
C03325,2023-03-07,R02,B2C,social,Bronze
C03326,2023-09-26,R01,B2C,organic,New
C03327,2022-05-07,R03,B2C,organic,Bronze
C03328,2023-01-31,R12,B2C,organic,Bronze
C03329,2024-01-28,R06,B2C,social,Silver
C03330,2025-05-17,R03,B2C,social,Bronze
C03331,2023-03-27,R01,B2C,organic,Gold
C03332,2024-02-07,R06,B2C,referral,Bronze
C03333,2025-04-13,R01,B2C,referral,Bronze
C03334,2023-05-09,R05,B2C,paid_search,Silver
C03335,2023-02-08,R08,B2C,organic,Silver
C03336,2022-03-02,R04,B2C,organic,Bronze
C03337,2025-05-27,R03,B2C,organic,Silver
C03338,2022-06-01,R01,B2B,partner,Bronze
C03339,2022-10-22,R01,B2C,referral,New
C03340,2022-07-10,R04,B2B,organic,Bronze
C03341,2024-08-26,R10,B2C,paid_search,Gold
C03342,2023-05-15,R02,B2C,organic,New
C03343,2024-08-23,R06,B2C,organic,Bronze
C03344,2024-04-11,R07,B2C,paid_search,Bronze
C03345,2022-01-21,R01,B2C,organic,Bronze
C03346,2023-02-26,R01,B2C,organic,Gold
C03347,2022-01-06,R03,B2C,paid_search,Bronze
C03348,2022-03-31,R07,B2C,paid_search,Silver
C03349,2023-10-10,R04,B2C,paid_search,Silver
C03350,2022-12-29,R08,B2C,paid_search,Bronze
C03351,2022-05-02,R10,B2B,paid_search,Silver
C03352,2023-07-14,R08,B2C,paid_search,Gold
C03353,2023-09-11,R12,B2C,paid_search,Gold
C03354,2025-09-20,R08,B2C,partner,Silver
C03355,2024-06-24,R10,B2C,organic,New
C03356,2023-06-22,R09,B2C,social,New
C03357,2023-10-10,R08,B2C,organic,Bronze
C03358,2022-05-03,R09,B2C,paid_search,Silver
C03359,2023-06-14,R11,B2C,paid_search,Bronze
C03360,2024-03-06,R04,B2C,social,Silver
C03361,2022-01-29,R06,B2C,partner,Silver
C03362,2025-06-12,R05,B2C,paid_search,New
C03363,2023-12-07,R10,B2C,organic,Gold
C03364,2024-12-12,R04,B2C,referral,New
C03365,2023-01-13,R09,B2C,organic,Bronze
C03366,2025-02-18,R09,B2C,paid_search,Silver
C03367,2023-05-18,R12,B2C,referral,New
C03368,2023-12-16,R02,B2C,paid_search,New
C03369,2024-05-21,R08,B2C,paid_search,Gold
C03370,2022-10-06,R08,B2B,organic,Gold
C03371,2025-09-24,R11,B2C,organic,Silver
C03372,2022-09-21,R11,B2C,partner,New
C03373,2022-02-15,R06,B2C,organic,Bronze
C03374,2023-08-26,R06,B2C,paid_search,New
C03375,2025-02-16,R02,B2C,paid_search,New
C03376,2025-06-15,R12,B2C,paid_search,Gold
C03377,2025-03-19,R02,B2C,organic,New
C03378,2024-01-28,R08,B2C,organic,Silver
C03379,2025-06-08,R09,B2C,paid_search,New
C03380,2023-11-05,R04,B2C,paid_search,Bronze
C03381,2023-10-17,R02,B2C,referral,New
C03382,2022-09-05,R02,B2C,paid_search,New
C03383,2024-12-14,R10,B2C,partner,New
C03384,2023-03-09,R05,B2C,organic,Gold
C03385,2022-09-25,R01,B2C,paid_search,Silver
C03386,2023-05-21,R08,B2C,partner,Silver
C03387,2024-04-05,R02,B2C,referral,Bronze
C03388,2023-01-05,R10,B2B,paid_search,Silver
C03389,2023-05-06,R03,B2C,paid_search,Silver
C03390,2023-03-28,R02,B2C,referral,Bronze
C03391,2024-03-27,R01,B2C,organic,Silver
C03392,2024-09-04,R05,B2C,organic,Gold
C03393,2024-07-13,R04,B2C,paid_search,Gold
C03394,2022-07-13,R08,B2C,referral,Gold
C03395,2023-04-21,R04,B2C,paid_search,Bronze
C03396,2024-06-06,R03,B2C,paid_search,New
C03397,2022-04-06,R02,B2C,partner,New
C03398,2023-03-17,R02,B2C,organic,New
C03399,2024-07-18,R11,B2C,referral,Bronze
C03400,2024-06-27,R02,B2C,organic,Bronze
C03401,2022-06-27,R12,B2C,social,Silver
C03402,2024-07-15,R03,B2C,paid_search,Bronze
C03403,2022-09-24,R01,B2C,organic,Silver
C03404,2024-10-11,R02,B2C,paid_search,Gold
C03405,2024-02-15,R01,B2C,referral,New
C03406,2022-06-23,R09,B2C,paid_search,New
C03407,2023-04-25,R05,B2C,organic,Silver
C03408,2025-01-25,R03,B2C,organic,Bronze
C03409,2023-08-16,R07,B2C,social,Bronze
C03410,2024-07-31,R06,B2C,social,Silver
C03411,2024-10-21,R11,B2C,paid_search,New
C03412,2022-02-11,R12,B2C,organic,Bronze
C03413,2025-06-29,R07,B2C,social,Gold
C03414,2023-04-05,R09,B2C,organic,Bronze
C03415,2024-12-22,R09,B2B,organic,Bronze
C03416,2023-10-01,R05,B2C,paid_search,New
C03417,2024-02-29,R07,B2C,paid_search,Bronze
C03418,2023-05-09,R01,B2C,partner,New
C03419,2025-03-14,R08,B2B,social,Bronze
C03420,2022-06-10,R12,B2C,organic,Silver
C03421,2025-05-11,R01,B2C,referral,Gold
C03422,2022-10-11,R09,B2B,organic,Silver
C03423,2025-04-24,R11,B2C,partner,New
C03424,2022-02-03,R02,B2C,paid_search,Silver
C03425,2022-01-19,R05,B2C,referral,Bronze
C03426,2022-05-08,R11,B2C,referral,Silver
C03427,2024-01-21,R12,B2C,referral,Bronze
C03428,2022-12-31,R01,B2C,organic,Silver
C03429,2024-03-29,R03,B2B,referral,Gold
C03430,2025-01-27,R07,B2C,social,New
C03431,2022-02-07,R02,B2C,paid_search,Bronze
C03432,2023-12-22,R03,B2C,paid_search,Bronze
C03433,2024-10-09,R01,B2C,social,Bronze
C03434,2023-08-05,R01,B2C,partner,Bronze
C03435,2025-06-20,R06,B2C,referral,Silver
C03436,2024-06-25,R07,B2C,paid_search,Bronze
C03437,2022-02-17,R07,B2C,social,New
C03438,2024-01-12,R08,B2C,organic,Silver
C03439,2023-06-10,R04,B2C,paid_search,Silver
C03440,2022-06-30,R02,B2C,referral,Bronze
C03441,2025-07-25,R01,B2C,social,Gold
C03442,2022-11-01,R02,B2C,referral,Gold
C03443,2022-04-25,R03,B2B,paid_search,Gold
C03444,2022-11-01,R02,B2C,paid_search,Bronze
C03445,2025-01-31,R01,B2C,social,New
C03446,2024-04-01,R01,B2C,organic,New
C03447,2025-01-27,R07,B2C,partner,Gold
C03448,2023-09-24,R06,B2C,partner,Gold
C03449,2022-06-10,R11,B2C,referral,Silver
C03450,2023-06-15,R09,B2C,referral,Bronze
C03451,2022-10-01,R06,B2C,paid_search,Bronze
C03452,2024-02-02,R01,B2C,paid_search,Silver
C03453,2023-01-04,R06,B2C,referral,New
C03454,2025-08-21,R01,B2C,organic,Bronze
C03455,2023-06-01,R04,B2C,referral,Silver
C03456,2023-03-07,R03,B2C,organic,Silver
C03457,2025-09-09,R04,B2C,referral,Bronze
C03458,2023-12-14,R02,B2C,paid_search,Silver
C03459,2022-08-22,R07,B2C,referral,New
C03460,2023-10-20,R10,B2C,paid_search,New
C03461,2022-12-15,R08,B2C,social,New
C03462,2024-09-08,R06,B2C,partner,Bronze
C03463,2024-02-25,R05,B2B,paid_search,Bronze
C03464,2024-09-26,R01,B2C,organic,Bronze
C03465,2025-07-11,R08,B2C,organic,Bronze
C03466,2024-09-25,R05,B2C,social,Bronze
C03467,2023-04-12,R02,B2C,social,Bronze
C03468,2022-10-03,R03,B2C,social,Silver
C03469,2023-12-26,R11,B2B,organic,New
C03470,2023-09-07,R06,B2C,organic,Bronze
C03471,2023-03-05,R04,B2C,referral,New
C03472,2025-01-15,R06,B2B,social,New
C03473,2025-05-29,R04,B2C,organic,Silver
C03474,2023-06-07,R04,B2C,organic,Gold
C03475,2024-07-21,R02,B2C,organic,Bronze
C03476,2025-09-09,R04,B2C,referral,Bronze
C03477,2022-01-17,R07,B2B,social,New
C03478,2023-05-15,R01,B2C,social,New
C03479,2024-10-07,R09,B2C,social,Gold
C03480,2023-11-13,R02,B2C,referral,Bronze
C03481,2024-12-20,R07,B2C,paid_search,Silver
C03482,2023-10-12,R07,B2C,paid_search,Gold
C03483,2022-03-30,R07,B2B,paid_search,Silver
C03484,2023-08-17,R06,B2C,partner,New
C03485,2023-07-08,R12,B2C,paid_search,Silver
C03486,2025-03-03,R05,B2C,paid_search,Silver
C03487,2022-07-21,R08,B2C,referral,Bronze
C03488,2022-08-01,R07,B2C,organic,Silver
C03489,2022-07-13,R02,B2C,paid_search,Bronze
C03490,2024-02-17,R02,B2C,social,Bronze
C03491,2025-09-24,R04,B2C,partner,Silver
C03492,2024-04-26,R02,B2C,organic,New
C03493,2025-01-22,R03,B2C,paid_search,Bronze
C03494,2025-03-11,R03,B2C,referral,Bronze
C03495,2024-04-02,R06,B2C,social,Silver
C03496,2024-04-13,R02,B2C,social,Silver
C03497,2022-11-29,R09,B2C,organic,Silver
C03498,2025-08-07,R04,B2C,organic,Silver
C03499,2024-12-14,R07,B2C,paid_search,Bronze
C03500,2025-04-08,R01,B2C,organic,Silver
C03501,2025-09-08,R04,B2C,referral,New
C03502,2023-04-23,R01,B2C,social,Bronze
C03503,2022-07-16,R07,B2C,referral,Silver
C03504,2025-03-23,R03,B2C,organic,New
C03505,2023-10-10,R11,B2C,organic,Gold
C03506,2025-08-05,R03,B2C,referral,Bronze
C03507,2024-08-08,R06,B2C,organic,Silver
C03508,2022-12-19,R02,B2C,organic,Bronze
C03509,2023-05-01,R06,B2C,paid_search,Silver
C03510,2024-04-15,R04,B2C,organic,Silver
C03511,2023-06-24,R03,B2C,organic,New
C03512,2023-01-21,R02,B2C,paid_search,Gold
C03513,2022-10-15,R01,B2C,referral,Silver
C03514,2024-06-08,R01,B2C,organic,Bronze
C03515,2022-02-18,R12,B2C,paid_search,Silver
C03516,2022-05-09,R04,B2C,paid_search,Bronze
C03517,2022-02-28,R01,B2C,paid_search,Silver
C03518,2024-10-02,R12,B2C,paid_search,Bronze
C03519,2022-02-10,R01,B2C,organic,Silver
C03520,2023-07-29,R04,B2C,organic,Bronze
C03521,2022-06-16,R08,B2C,paid_search,Silver
C03522,2024-03-15,R11,B2C,partner,Gold
C03523,2022-02-17,R08,B2C,paid_search,Gold
C03524,2022-02-05,R04,B2C,paid_search,Silver
C03525,2023-07-17,R12,B2C,partner,Silver
C03526,2024-08-10,R01,B2C,referral,Bronze
C03527,2022-05-31,R12,B2C,referral,New
C03528,2023-11-11,R10,B2C,paid_search,Bronze
C03529,2025-01-14,R11,B2C,referral,Bronze
C03530,2024-05-05,R02,B2C,social,New
C03531,2024-10-24,R01,B2C,social,Silver
C03532,2023-03-09,R07,B2C,referral,New
C03533,2025-07-13,R05,B2C,paid_search,Silver
C03534,2022-07-19,R05,B2C,partner,Bronze
C03535,2024-04-08,R11,B2C,partner,Gold
C03536,2023-08-20,R06,B2C,social,New
C03537,2022-02-13,R03,B2C,organic,New
C03538,2025-07-16,R03,B2B,referral,Bronze
C03539,2024-08-19,R01,B2C,paid_search,Bronze
C03540,2022-11-08,R02,B2C,paid_search,New
C03541,2022-03-13,R01,B2C,organic,Silver
C03542,2024-07-14,R09,B2C,referral,Gold
C03543,2024-01-17,R07,B2C,partner,Silver
C03544,2022-03-10,R05,B2C,organic,New
C03545,2025-09-11,R03,B2C,social,New
C03546,2024-09-10,R07,B2C,referral,Bronze
C03547,2023-09-26,R09,B2C,organic,Silver
C03548,2022-11-23,R10,B2C,organic,Gold
C03549,2023-01-07,R05,B2C,paid_search,New
C03550,2023-09-11,R09,B2C,referral,Bronze
C03551,2022-03-20,R05,B2C,paid_search,Gold
C03552,2023-05-19,R04,B2C,organic,New
C03553,2022-10-25,R10,B2C,organic,Gold
C03554,2022-06-04,R03,B2C,paid_search,Bronze
C03555,2022-06-22,R03,B2C,organic,Silver
C03556,2023-04-19,R03,B2C,social,Bronze
C03557,2023-06-08,R05,B2C,organic,Silver
C03558,2023-04-25,R05,B2C,referral,Gold
C03559,2024-08-02,R07,B2C,social,New
C03560,2023-12-16,R04,B2C,referral,Silver
C03561,2022-09-21,R02,B2C,organic,New
C03562,2025-08-24,R10,B2C,social,Bronze
C03563,2024-09-26,R03,B2C,referral,Bronze
C03564,2023-10-06,R11,B2C,paid_search,Silver
C03565,2022-03-09,R02,B2C,organic,Bronze
C03566,2025-06-05,R06,B2C,organic,Bronze
C03567,2024-10-16,R05,B2C,social,New
C03568,2023-09-24,R09,B2C,paid_search,New
C03569,2022-08-10,R01,B2C,partner,New
C03570,2022-05-28,R11,B2C,referral,Bronze
C03571,2023-02-01,R05,B2C,social,Silver
C03572,2022-11-12,R06,B2C,partner,Bronze
C03573,2022-10-14,R05,B2C,social,Gold
C03574,2023-07-12,R01,B2C,organic,New
C03575,2022-03-05,R05,B2C,organic,Bronze
C03576,2023-03-22,R02,B2C,referral,New
C03577,2025-04-07,R03,B2C,paid_search,New
C03578,2025-03-31,R07,B2C,partner,Silver
C03579,2022-01-12,R05,B2C,organic,Bronze
C03580,2024-07-18,R01,B2C,organic,Bronze
C03581,2025-09-18,R01,B2C,referral,Bronze
C03582,2024-03-02,R02,B2C,referral,Silver
C03583,2023-06-19,R02,B2C,referral,Bronze
C03584,2023-11-04,R06,B2B,organic,New
C03585,2022-10-19,R02,B2C,paid_search,Bronze
C03586,2023-06-28,R10,B2C,social,Bronze
C03587,2025-07-06,R02,B2C,partner,Gold
C03588,2024-04-18,R01,B2C,organic,New
C03589,2023-08-13,R10,B2C,social,Bronze
C03590,2022-06-20,R02,B2C,organic,Bronze
C03591,2025-05-25,R04,B2C,social,Gold
C03592,2022-08-11,R12,B2C,organic,New
C03593,2024-09-14,R11,B2C,partner,Silver
C03594,2023-02-19,R08,B2C,organic,Silver
C03595,2023-01-17,R01,B2C,social,Bronze
C03596,2022-08-23,R06,B2C,referral,Silver
C03597,2023-05-29,R12,B2C,organic,Bronze
C03598,2024-07-15,R11,B2C,organic,New
C03599,2023-07-25,R01,B2C,social,Bronze
C03600,2022-02-03,R03,B2C,social,Bronze
C03601,2022-12-28,R03,B2C,social,Bronze
C03602,2022-08-08,R01,B2C,social,Silver
C03603,2023-07-04,R07,B2C,organic,Silver
C03604,2025-05-20,R02,B2C,partner,Silver
C03605,2025-08-10,R03,B2C,organic,Bronze
C03606,2025-09-27,R01,B2C,paid_search,Bronze
C03607,2022-06-04,R05,B2C,partner,New
C03608,2023-10-30,R01,B2C,partner,Silver
C03609,2022-03-04,R04,B2C,organic,New
C03610,2023-11-10,R01,B2C,organic,Bronze
C03611,2024-02-29,R12,B2B,social,Silver
C03612,2024-11-24,R01,B2C,paid_search,Silver
C03613,2023-04-06,R05,B2C,social,New
C03614,2022-02-19,R02,B2C,paid_search,Silver
C03615,2023-09-14,R01,B2C,organic,New
C03616,2023-08-08,R02,B2C,paid_search,Silver
C03617,2024-05-04,R01,B2C,social,Silver
C03618,2022-05-17,R01,B2C,referral,Silver
C03619,2024-04-19,R05,B2C,paid_search,New
C03620,2024-10-08,R07,B2C,organic,Bronze
C03621,2025-09-08,R01,B2C,paid_search,New
C03622,2022-11-08,R04,B2C,social,Bronze
C03623,2024-10-28,R06,B2C,social,Gold
C03624,2022-06-24,R02,B2C,referral,New
C03625,2025-09-10,R03,B2B,partner,Silver
C03626,2023-10-21,R01,B2B,paid_search,New
C03627,2024-10-18,R02,B2C,referral,Bronze
C03628,2024-11-30,R04,B2C,organic,Bronze
C03629,2024-04-12,R12,B2C,paid_search,Bronze
C03630,2023-06-11,R12,B2C,paid_search,Silver
C03631,2024-10-29,R12,B2C,referral,Gold
C03632,2023-10-15,R04,B2C,referral,Silver
C03633,2024-06-21,R01,B2C,organic,Gold
C03634,2024-04-19,R03,B2C,referral,New
C03635,2023-09-28,R02,B2C,referral,Gold
C03636,2022-06-10,R01,B2C,partner,Bronze
C03637,2023-02-05,R01,B2C,paid_search,New
C03638,2025-07-07,R04,B2C,partner,Bronze
C03639,2023-12-14,R03,B2B,referral,New
C03640,2024-05-20,R02,B2C,social,Silver
C03641,2022-12-20,R08,B2B,paid_search,New
C03642,2024-08-24,R03,B2C,referral,Bronze
C03643,2023-10-29,R10,B2C,referral,Bronze
C03644,2022-10-27,R02,B2C,social,New
C03645,2022-07-20,R05,B2C,partner,Gold
C03646,2023-06-25,R02,B2C,organic,Bronze
C03647,2024-02-14,R05,B2C,social,Bronze
C03648,2023-01-19,R01,B2C,paid_search,Silver
C03649,2022-12-02,R02,B2C,paid_search,Silver
C03650,2023-01-05,R06,B2C,paid_search,Bronze
C03651,2023-02-06,R02,B2C,paid_search,New
C03652,2024-10-08,R02,B2B,paid_search,Gold
C03653,2023-11-15,R11,B2B,organic,Bronze
C03654,2023-10-05,R01,B2C,organic,New
C03655,2022-08-11,R06,B2C,social,New
C03656,2024-01-16,R05,B2B,paid_search,New
C03657,2025-08-10,R02,B2C,organic,Gold
C03658,2024-10-17,R04,B2C,organic,Gold
C03659,2023-09-04,R01,B2C,organic,Bronze
C03660,2023-02-25,R08,B2C,organic,Silver
C03661,2023-04-28,R02,B2C,partner,Silver
C03662,2022-02-06,R02,B2C,paid_search,Bronze
C03663,2022-02-09,R03,B2C,paid_search,Silver
C03664,2024-11-28,R11,B2C,paid_search,Gold
C03665,2025-02-28,R09,B2C,organic,New
C03666,2025-08-18,R11,B2C,social,New
C03667,2024-05-06,R07,B2C,partner,Silver
C03668,2025-06-26,R07,B2C,organic,Silver
C03669,2023-07-25,R05,B2C,organic,New
C03670,2022-12-14,R11,B2C,social,Bronze
C03671,2022-12-03,R05,B2C,organic,Silver
C03672,2022-11-20,R03,B2C,organic,Bronze
C03673,2024-10-17,R07,B2C,social,Gold
C03674,2022-01-14,R05,B2C,social,Silver
C03675,2025-07-18,R01,B2C,organic,Bronze
C03676,2024-11-26,R03,B2C,referral,Silver
C03677,2023-06-06,R03,B2B,organic,Silver
C03678,2024-08-18,R10,B2C,paid_search,New
C03679,2022-07-04,R03,B2C,social,Bronze
C03680,2023-08-14,R09,B2C,social,Bronze
C03681,2022-05-30,R04,B2C,social,Gold
C03682,2022-06-03,R08,B2C,social,Gold
C03683,2022-01-09,R01,B2C,social,New
C03684,2024-12-25,R11,B2B,referral,Silver
C03685,2024-10-15,R05,B2B,paid_search,Silver
C03686,2025-05-07,R02,B2C,paid_search,New
C03687,2025-09-05,R02,B2C,referral,Bronze
C03688,2025-08-13,R02,B2C,organic,Gold
C03689,2025-09-21,R03,B2C,social,Bronze
C03690,2022-01-22,R08,B2C,organic,Silver
C03691,2024-12-09,R11,B2C,paid_search,Bronze
C03692,2024-09-17,R07,B2C,social,Silver
C03693,2022-08-11,R05,B2C,social,Bronze
C03694,2022-07-07,R04,B2C,organic,Bronze
C03695,2025-08-31,R09,B2C,paid_search,Gold
C03696,2025-04-23,R10,B2C,referral,Bronze
C03697,2023-03-25,R02,B2C,partner,New
C03698,2022-04-13,R12,B2C,paid_search,Bronze
C03699,2023-04-02,R03,B2C,organic,Silver
C03700,2022-01-08,R09,B2C,paid_search,Bronze
C03701,2024-07-29,R12,B2C,paid_search,Silver
C03702,2023-06-05,R07,B2C,organic,New
C03703,2022-03-09,R02,B2C,referral,Silver
C03704,2025-09-03,R06,B2C,paid_search,Gold
C03705,2025-02-04,R01,B2C,paid_search,Bronze
C03706,2025-05-23,R09,B2B,paid_search,Silver
C03707,2025-09-27,R02,B2C,organic,Silver
C03708,2022-01-20,R07,B2C,paid_search,Silver
C03709,2024-11-27,R11,B2C,paid_search,Bronze
C03710,2024-12-14,R02,B2C,paid_search,Silver
C03711,2024-12-06,R03,B2C,social,Bronze
C03712,2022-12-29,R07,B2C,paid_search,Bronze
C03713,2023-06-19,R04,B2C,paid_search,Bronze
C03714,2025-06-25,R02,B2C,referral,Bronze
C03715,2022-04-01,R01,B2C,paid_search,New
C03716,2024-05-27,R03,B2C,paid_search,Silver
C03717,2024-12-21,R07,B2C,referral,Silver
C03718,2024-12-28,R06,B2C,paid_search,New
C03719,2024-03-28,R01,B2C,paid_search,Bronze
C03720,2024-11-15,R04,B2C,referral,Silver
C03721,2025-05-29,R03,B2C,social,Bronze
C03722,2024-11-14,R02,B2C,partner,Silver
C03723,2022-06-08,R08,B2C,paid_search,Bronze
C03724,2022-12-01,R03,B2B,paid_search,Silver
C03725,2023-02-22,R05,B2C,organic,New
C03726,2023-04-15,R11,B2C,organic,Silver
C03727,2023-05-09,R05,B2C,paid_search,Bronze
C03728,2022-10-28,R06,B2C,organic,Bronze
C03729,2024-07-24,R01,B2C,paid_search,Gold
C03730,2022-05-31,R02,B2C,organic,Gold
C03731,2024-12-14,R01,B2C,organic,New
C03732,2024-06-20,R08,B2C,paid_search,New
C03733,2025-08-08,R09,B2C,social,Gold
C03734,2022-01-09,R02,B2C,paid_search,New
C03735,2023-02-09,R02,B2C,referral,Gold
C03736,2025-05-14,R03,B2C,organic,Bronze
C03737,2023-11-07,R06,B2B,organic,Bronze
C03738,2024-02-07,R06,B2C,partner,New
C03739,2022-02-09,R07,B2B,partner,Bronze
C03740,2024-11-09,R11,B2C,paid_search,New
C03741,2022-12-13,R02,B2C,paid_search,Bronze
C03742,2025-08-11,R07,B2C,referral,Gold
C03743,2023-05-28,R06,B2C,paid_search,Bronze
C03744,2022-09-16,R03,B2C,organic,Silver
C03745,2024-03-23,R11,B2C,organic,New
C03746,2023-10-16,R01,B2C,organic,Silver
C03747,2023-10-07,R08,B2C,referral,Bronze
C03748,2025-07-24,R08,B2C,social,Silver
C03749,2023-05-14,R11,B2C,organic,Silver
C03750,2023-06-29,R05,B2C,organic,Gold
C03751,2024-05-04,R03,B2C,organic,Gold
C03752,2022-08-22,R09,B2C,social,New
C03753,2025-02-08,R08,B2C,referral,New
C03754,2022-11-11,R05,B2C,paid_search,New
C03755,2022-11-27,R08,B2C,referral,Silver
C03756,2022-01-15,R02,B2C,organic,New
C03757,2023-04-15,R06,B2C,social,Silver
C03758,2024-03-08,R10,B2C,paid_search,Gold
C03759,2024-08-23,R03,B2C,organic,New
C03760,2025-05-15,R05,B2C,paid_search,Bronze
C03761,2024-12-01,R11,B2C,referral,Bronze
C03762,2023-03-16,R09,B2C,organic,Bronze
C03763,2025-02-03,R10,B2C,paid_search,Bronze
C03764,2022-09-24,R03,B2C,referral,New
C03765,2022-10-14,R12,B2C,referral,Gold
C03766,2023-05-06,R01,B2C,paid_search,Silver
C03767,2024-01-09,R05,B2C,organic,New
C03768,2022-10-06,R05,B2C,referral,New
C03769,2025-05-17,R09,B2C,organic,Silver
C03770,2023-01-06,R11,B2C,organic,New
C03771,2023-06-21,R08,B2B,organic,Gold
C03772,2024-04-08,R06,B2C,paid_search,Bronze
C03773,2023-08-12,R04,B2C,social,Gold
C03774,2023-07-07,R05,B2C,referral,Silver
C03775,2025-09-10,R05,B2C,paid_search,Gold
C03776,2023-08-20,R01,B2C,partner,Silver
C03777,2022-06-04,R05,B2C,social,Bronze
C03778,2024-09-26,R10,B2C,social,New
C03779,2024-08-23,R08,B2C,organic,Silver
C03780,2022-10-27,R09,B2C,organic,Silver
C03781,2025-03-09,R03,B2C,paid_search,Bronze
C03782,2023-06-21,R05,B2C,social,Bronze
C03783,2022-07-26,R01,B2C,organic,New
C03784,2022-08-25,R03,B2C,paid_search,Bronze
C03785,2024-09-05,R04,B2C,paid_search,New
C03786,2022-10-23,R02,B2C,paid_search,Bronze
C03787,2023-10-06,R01,B2C,organic,Bronze
C03788,2024-10-01,R07,B2C,organic,Silver
C03789,2025-03-13,R04,B2B,paid_search,Bronze
C03790,2023-11-02,R04,B2C,referral,Gold
C03791,2025-05-27,R02,B2C,referral,Gold
C03792,2023-02-19,R05,B2C,organic,New
C03793,2025-04-09,R04,B2C,organic,Silver
C03794,2022-12-09,R04,B2C,paid_search,Bronze
C03795,2022-03-30,R06,B2C,organic,Silver
C03796,2024-09-19,R01,B2C,referral,Bronze
C03797,2024-11-02,R11,B2B,paid_search,New
C03798,2025-06-22,R01,B2C,referral,New
C03799,2025-06-15,R04,B2C,organic,Silver
C03800,2022-05-20,R02,B2C,partner,New
C03801,2024-04-30,R05,B2C,referral,Bronze
C03802,2024-08-22,R02,B2C,social,Gold
C03803,2024-04-02,R10,B2C,partner,New
C03804,2022-01-26,R03,B2C,paid_search,Silver
C03805,2022-03-03,R06,B2C,organic,Silver
C03806,2024-07-06,R02,B2C,paid_search,Bronze
C03807,2025-03-17,R01,B2C,referral,New
C03808,2022-09-03,R03,B2C,referral,New
C03809,2022-03-05,R05,B2C,paid_search,Gold
C03810,2023-07-08,R04,B2C,social,Silver
C03811,2023-03-06,R12,B2C,organic,Bronze
C03812,2025-09-07,R07,B2C,organic,Silver
C03813,2025-06-21,R12,B2C,social,New
C03814,2024-02-04,R02,B2C,paid_search,New
C03815,2025-07-24,R09,B2B,organic,New
C03816,2022-11-10,R05,B2C,referral,Silver
C03817,2025-09-19,R06,B2C,paid_search,Bronze
C03818,2023-09-04,R12,B2C,paid_search,Silver
C03819,2023-10-15,R07,B2C,organic,New
C03820,2022-03-11,R11,B2C,organic,Silver
C03821,2022-08-31,R08,B2C,social,Silver
C03822,2022-09-24,R01,B2C,referral,Bronze
C03823,2023-10-30,R07,B2C,organic,New
C03824,2022-09-17,R05,B2C,referral,Silver
C03825,2022-05-21,R11,B2C,referral,Bronze
C03826,2024-04-08,R09,B2C,referral,New
C03827,2025-04-09,R01,B2C,social,Silver
C03828,2022-04-06,R01,B2C,paid_search,Bronze
C03829,2024-02-07,R01,B2C,referral,Silver
C03830,2025-08-07,R05,B2C,paid_search,Bronze
C03831,2023-07-08,R01,B2C,organic,New
C03832,2022-09-08,R08,B2C,paid_search,Silver
C03833,2022-04-19,R05,B2C,paid_search,Silver
C03834,2025-07-05,R09,B2C,paid_search,Bronze
C03835,2023-07-09,R02,B2C,referral,Bronze
C03836,2022-05-24,R05,B2C,paid_search,New
C03837,2025-03-31,R01,B2C,organic,Bronze
C03838,2025-01-02,R10,B2C,partner,Gold
C03839,2024-08-20,R02,B2C,organic,New
C03840,2022-04-26,R01,B2C,organic,Bronze
C03841,2022-04-23,R02,B2C,referral,New
C03842,2022-10-27,R09,B2C,partner,Bronze
C03843,2022-08-07,R01,B2B,social,Silver
C03844,2023-12-30,R06,B2C,paid_search,Bronze
C03845,2023-06-22,R08,B2C,paid_search,New
C03846,2024-11-13,R08,B2C,referral,Bronze
C03847,2022-05-19,R02,B2C,referral,New
C03848,2024-09-23,R01,B2C,organic,Bronze
C03849,2025-07-02,R04,B2C,referral,Silver
C03850,2022-06-28,R02,B2C,social,Bronze
C03851,2024-06-11,R07,B2C,organic,Bronze
C03852,2023-11-28,R03,B2C,organic,Bronze
C03853,2022-05-10,R04,B2C,organic,Silver
C03854,2023-02-05,R01,B2C,partner,New
C03855,2024-12-14,R06,B2C,paid_search,Bronze
C03856,2025-04-04,R02,B2C,social,New
C03857,2023-05-20,R07,B2C,organic,New
C03858,2022-05-26,R01,B2C,referral,New
C03859,2022-12-02,R12,B2B,paid_search,Silver
C03860,2025-02-28,R07,B2C,partner,New
C03861,2024-02-20,R02,B2C,paid_search,Gold
C03862,2023-08-13,R01,B2C,referral,Bronze
C03863,2022-01-19,R03,B2B,social,Silver
C03864,2024-12-07,R01,B2C,paid_search,New
C03865,2023-09-30,R02,B2C,partner,Bronze
C03866,2024-01-17,R10,B2C,paid_search,Silver
C03867,2025-03-01,R06,B2C,referral,Bronze
C03868,2024-02-09,R02,B2C,organic,Bronze
C03869,2025-06-24,R05,B2C,social,Silver
C03870,2024-02-06,R02,B2C,partner,Silver
C03871,2023-04-14,R12,B2C,referral,Silver
C03872,2025-06-17,R01,B2C,paid_search,New
C03873,2024-05-29,R08,B2C,paid_search,Silver
C03874,2024-11-07,R08,B2C,referral,Silver
C03875,2022-11-07,R01,B2C,paid_search,Silver
C03876,2024-02-06,R02,B2C,partner,Silver
C03877,2022-05-25,R03,B2C,organic,Silver
C03878,2022-12-14,R10,B2C,organic,Silver
C03879,2025-06-02,R05,B2C,referral,New
C03880,2024-02-22,R07,B2C,paid_search,New
C03881,2024-11-26,R09,B2C,paid_search,New
C03882,2022-08-24,R09,B2C,paid_search,New
C03883,2022-10-26,R05,B2C,partner,Silver
C03884,2025-07-12,R05,B2C,paid_search,Bronze
C03885,2023-07-30,R08,B2C,partner,Bronze
C03886,2025-04-29,R02,B2C,paid_search,Gold
C03887,2025-01-11,R10,B2C,paid_search,Gold
C03888,2023-04-07,R01,B2C,organic,Bronze
C03889,2025-07-23,R02,B2C,paid_search,Bronze
C03890,2024-11-29,R09,B2C,organic,Bronze
C03891,2022-06-24,R03,B2C,organic,Bronze
C03892,2022-05-11,R01,B2C,paid_search,Bronze
C03893,2022-06-23,R02,B2C,social,New
C03894,2024-10-10,R05,B2C,paid_search,Silver
C03895,2022-07-16,R10,B2C,paid_search,Bronze
C03896,2023-01-22,R01,B2C,paid_search,New
C03897,2023-08-18,R01,B2C,paid_search,Silver
C03898,2022-07-05,R04,B2C,referral,Bronze
C03899,2023-03-29,R12,B2C,referral,Bronze
C03900,2024-07-17,R02,B2C,referral,New
C03901,2025-08-23,R12,B2C,organic,New
C03902,2023-10-06,R10,B2C,paid_search,Bronze
C03903,2024-10-19,R02,B2C,referral,Bronze
C03904,2023-12-27,R09,B2C,partner,New
C03905,2023-10-01,R07,B2C,paid_search,Silver
C03906,2023-12-14,R05,B2C,paid_search,Silver
C03907,2025-08-05,R04,B2C,referral,Bronze
C03908,2022-03-23,R09,B2C,partner,Silver
C03909,2023-12-04,R09,B2C,paid_search,Bronze
C03910,2022-03-12,R08,B2C,organic,New
C03911,2025-04-12,R12,B2C,referral,Bronze
C03912,2024-04-02,R05,B2C,social,Bronze
C03913,2022-03-06,R09,B2C,organic,Bronze
C03914,2024-05-04,R10,B2C,paid_search,Gold
C03915,2023-08-20,R02,B2C,paid_search,Bronze
C03916,2022-03-06,R01,B2C,social,New
C03917,2025-09-01,R03,B2C,referral,New
C03918,2023-06-03,R10,B2C,organic,Gold
C03919,2022-02-02,R02,B2C,organic,New
C03920,2024-04-18,R07,B2C,social,Gold
C03921,2023-05-29,R01,B2C,organic,New
C03922,2024-06-17,R03,B2C,paid_search,Silver
C03923,2022-08-11,R06,B2C,paid_search,Bronze
C03924,2025-02-07,R01,B2C,paid_search,New
C03925,2023-07-29,R11,B2C,referral,New
C03926,2023-07-30,R01,B2C,organic,New
C03927,2025-01-05,R11,B2C,referral,New
C03928,2024-01-21,R02,B2C,social,New
C03929,2022-01-02,R12,B2C,paid_search,Silver
C03930,2024-03-03,R06,B2C,referral,Bronze
C03931,2024-06-03,R01,B2C,organic,Bronze
C03932,2023-03-04,R01,B2B,referral,Silver
C03933,2022-09-05,R01,B2C,organic,Silver
C03934,2022-03-15,R06,B2C,partner,Gold
C03935,2025-03-04,R09,B2C,organic,Bronze
C03936,2022-01-06,R03,B2C,paid_search,Bronze
C03937,2024-03-09,R04,B2C,organic,Gold
C03938,2023-04-28,R06,B2C,paid_search,Gold
C03939,2022-10-02,R05,B2C,organic,Gold
C03940,2024-09-05,R07,B2C,organic,Silver
C03941,2024-05-12,R04,B2C,organic,Silver
C03942,2022-01-21,R08,B2C,organic,Gold
C03943,2024-02-29,R12,B2C,social,Bronze
C03944,2022-01-01,R03,B2C,paid_search,New
C03945,2023-07-02,R01,B2C,organic,Gold
C03946,2023-02-21,R01,B2C,partner,Silver
C03947,2025-02-15,R05,B2C,social,New
C03948,2025-08-30,R03,B2C,organic,New
C03949,2024-08-14,R11,B2C,paid_search,Gold
C03950,2024-10-02,R06,B2C,paid_search,Bronze
C03951,2022-02-01,R05,B2C,paid_search,Silver
C03952,2022-03-29,R09,B2C,referral,New
C03953,2024-11-29,R02,B2C,social,New
C03954,2023-08-10,R09,B2C,partner,Silver
C03955,2023-11-26,R01,B2C,social,Gold
C03956,2024-08-05,R06,B2C,partner,Bronze
C03957,2023-04-21,R11,B2C,paid_search,New
C03958,2024-07-22,R09,B2C,social,New
C03959,2024-09-22,R10,B2C,social,New
C03960,2022-11-26,R03,B2C,social,Gold
C03961,2024-07-28,R09,B2C,organic,Bronze
C03962,2022-08-20,R05,B2C,organic,Gold
C03963,2023-03-02,R06,B2C,organic,Silver
C03964,2024-12-04,R01,B2C,organic,Bronze
C03965,2025-09-07,R02,B2C,referral,New
C03966,2022-03-30,R05,B2C,social,Gold
C03967,2024-06-07,R01,B2C,organic,New
C03968,2024-02-19,R08,B2C,paid_search,Silver
C03969,2024-04-09,R09,B2C,organic,Bronze
C03970,2024-12-13,R11,B2C,referral,Bronze
C03971,2022-04-06,R01,B2C,partner,Bronze
C03972,2024-10-09,R11,B2C,organic,Bronze
C03973,2023-01-18,R01,B2C,paid_search,Silver
C03974,2022-07-31,R04,B2C,partner,Bronze
C03975,2023-09-04,R09,B2C,social,Bronze
C03976,2022-02-06,R01,B2C,referral,Bronze
C03977,2024-05-13,R01,B2C,paid_search,Bronze
C03978,2024-02-13,R01,B2C,organic,Gold
C03979,2023-12-03,R05,B2C,social,Gold
C03980,2022-02-11,R09,B2C,organic,Silver
C03981,2024-11-10,R01,B2C,referral,Gold
C03982,2022-02-18,R01,B2C,social,Bronze
C03983,2022-12-26,R06,B2C,organic,New
C03984,2023-06-26,R02,B2C,paid_search,New
C03985,2024-08-19,R08,B2C,referral,Silver
C03986,2023-07-13,R11,B2B,partner,Bronze
C03987,2025-01-22,R08,B2C,paid_search,Gold
C03988,2025-07-03,R10,B2C,referral,Bronze
C03989,2024-11-13,R05,B2C,organic,New
C03990,2022-02-23,R09,B2C,referral,Bronze
C03991,2024-11-21,R02,B2C,social,Silver
C03992,2022-10-10,R01,B2C,organic,Bronze
C03993,2025-05-01,R07,B2C,social,Silver
C03994,2025-09-01,R01,B2C,social,Silver
C03995,2022-04-26,R10,B2C,social,Bronze
C03996,2022-05-16,R07,B2C,paid_search,Silver
C03997,2024-08-12,R12,B2C,social,Bronze
C03998,2022-07-16,R03,B2C,referral,Silver
C03999,2025-08-19,R05,B2C,paid_search,Bronze
C04000,2024-01-10,R08,B2C,organic,Silver
C04001,2024-02-25,R02,B2C,referral,Bronze
C04002,2025-03-23,R05,B2C,social,New
C04003,2022-10-25,R07,B2C,paid_search,Silver
C04004,2024-01-31,R12,B2C,referral,Bronze
C04005,2025-09-29,R08,B2B,organic,Silver
C04006,2022-01-31,R01,B2C,referral,Bronze
C04007,2022-08-28,R04,B2C,paid_search,New
C04008,2022-07-19,R06,B2C,organic,New
C04009,2023-04-05,R01,B2C,partner,Silver
C04010,2022-06-27,R04,B2C,referral,Bronze
C04011,2022-08-24,R02,B2C,organic,Bronze
C04012,2025-03-13,R01,B2C,partner,New
C04013,2023-09-28,R05,B2C,partner,Bronze
C04014,2023-05-06,R02,B2C,referral,Silver
C04015,2023-07-28,R06,B2C,organic,Gold
C04016,2025-08-21,R02,B2C,organic,Bronze
C04017,2023-11-04,R08,B2C,social,Bronze
C04018,2023-10-04,R02,B2C,partner,Bronze
C04019,2025-06-24,R11,B2C,organic,Silver
C04020,2022-02-21,R01,B2C,paid_search,Silver
C04021,2023-10-17,R05,B2C,organic,New
C04022,2024-10-21,R03,B2C,paid_search,Silver
C04023,2023-12-06,R02,B2C,social,New
C04024,2025-04-03,R04,B2C,organic,New
C04025,2025-04-28,R10,B2C,social,New
C04026,2023-04-06,R11,B2C,social,New
C04027,2025-01-24,R03,B2C,paid_search,Bronze
C04028,2022-12-01,R01,B2C,referral,New
C04029,2022-11-25,R08,B2C,organic,New
C04030,2025-08-31,R06,B2C,organic,New
C04031,2022-01-18,R02,B2C,paid_search,New
C04032,2023-04-29,R08,B2C,paid_search,Bronze
C04033,2024-05-11,R05,B2C,organic,Silver
C04034,2023-07-21,R07,B2C,partner,Bronze
C04035,2025-03-02,R03,B2C,organic,New
C04036,2022-12-11,R04,B2C,organic,Bronze
C04037,2024-01-27,R02,B2C,referral,Bronze
C04038,2022-06-21,R08,B2C,partner,New
C04039,2022-10-17,R01,B2C,paid_search,Bronze
C04040,2022-08-26,R08,B2C,organic,Bronze
C04041,2024-10-11,R09,B2C,paid_search,Bronze
C04042,2022-10-05,R08,B2C,organic,Silver
C04043,2024-07-05,R01,B2C,paid_search,Bronze
C04044,2023-04-19,R02,B2C,social,New
C04045,2024-02-13,R04,B2C,paid_search,New
C04046,2025-04-11,R06,B2C,paid_search,Gold
C04047,2025-03-27,R11,B2C,social,Silver
C04048,2022-01-16,R03,B2C,organic,Silver
C04049,2024-12-09,R10,B2C,organic,Gold
C04050,2025-08-01,R02,B2C,referral,Bronze
C04051,2024-07-03,R03,B2C,organic,New
C04052,2022-09-14,R01,B2C,organic,Silver
C04053,2024-06-29,R08,B2C,organic,New
C04054,2024-05-20,R01,B2C,paid_search,Silver
C04055,2024-06-25,R02,B2C,social,Bronze
C04056,2023-08-11,R08,B2C,paid_search,New
C04057,2023-12-20,R05,B2C,paid_search,New
C04058,2023-09-28,R01,B2C,paid_search,Bronze
C04059,2024-11-25,R01,B2C,organic,Silver
C04060,2024-08-29,R05,B2C,referral,New
C04061,2023-02-19,R03,B2C,partner,New
C04062,2024-04-15,R02,B2C,paid_search,Bronze
C04063,2024-11-01,R06,B2C,paid_search,Silver
C04064,2023-11-02,R02,B2C,referral,Silver
C04065,2024-09-05,R06,B2C,organic,Silver
C04066,2022-06-23,R03,B2C,paid_search,Bronze
C04067,2023-06-13,R02,B2C,partner,Bronze
C04068,2024-08-18,R01,B2C,organic,New
C04069,2025-05-10,R02,B2C,organic,New
C04070,2024-06-03,R01,B2C,paid_search,New
C04071,2024-06-27,R03,B2C,social,Gold
C04072,2023-04-14,R11,B2C,social,Bronze
C04073,2024-08-17,R09,B2C,organic,New
C04074,2023-05-03,R03,B2C,social,Bronze
C04075,2022-03-13,R06,B2C,organic,Bronze
C04076,2022-12-04,R06,B2C,partner,Bronze
C04077,2024-04-16,R09,B2C,organic,Silver
C04078,2025-08-09,R02,B2B,organic,Silver
C04079,2023-11-10,R02,B2C,paid_search,Silver
C04080,2025-03-23,R03,B2C,organic,Gold
C04081,2024-12-01,R01,B2C,social,New
C04082,2024-02-08,R03,B2C,organic,Silver
C04083,2025-01-06,R10,B2C,paid_search,Gold
C04084,2023-07-04,R11,B2B,organic,Bronze
C04085,2023-08-30,R01,B2C,paid_search,Silver
C04086,2024-10-05,R04,B2C,organic,Gold
C04087,2024-05-24,R03,B2C,paid_search,Silver
C04088,2023-12-24,R05,B2C,organic,New
C04089,2023-08-17,R05,B2C,referral,Bronze
C04090,2025-08-28,R01,B2C,social,Silver
C04091,2022-03-31,R10,B2C,organic,Gold
C04092,2022-03-17,R12,B2C,organic,New
C04093,2023-10-18,R07,B2C,organic,Bronze
C04094,2022-02-16,R07,B2C,organic,New
C04095,2023-04-12,R05,B2C,paid_search,Bronze
C04096,2024-02-18,R03,B2C,paid_search,Silver
C04097,2023-07-09,R01,B2C,partner,Bronze
C04098,2022-10-06,R06,B2C,referral,Bronze
C04099,2023-01-25,R01,B2C,organic,Silver
C04100,2024-04-07,R09,B2C,organic,Bronze
C04101,2025-07-26,R04,B2C,organic,Silver
C04102,2024-12-05,R04,B2C,organic,New
C04103,2024-01-20,R03,B2C,paid_search,New
C04104,2022-07-09,R12,B2C,organic,Silver
C04105,2022-11-29,R02,B2C,organic,Bronze
C04106,2023-08-27,R01,B2C,organic,Bronze
C04107,2022-12-04,R02,B2C,social,Bronze
C04108,2024-07-31,R07,B2C,organic,Silver
C04109,2023-05-17,R12,B2C,partner,New
C04110,2025-02-15,R02,B2C,paid_search,Bronze
C04111,2023-01-04,R11,B2C,paid_search,New
C04112,2023-11-11,R02,B2C,paid_search,Silver
C04113,2024-09-05,R07,B2C,paid_search,Bronze
C04114,2022-10-10,R01,B2C,paid_search,Silver
C04115,2024-11-08,R05,B2C,paid_search,Silver
C04116,2024-03-12,R07,B2C,paid_search,Silver
C04117,2024-06-05,R05,B2C,paid_search,Bronze
C04118,2023-09-15,R02,B2C,organic,New
C04119,2025-07-04,R09,B2C,social,Gold
C04120,2024-11-22,R12,B2C,social,Gold
C04121,2022-09-20,R04,B2C,social,Gold
C04122,2024-01-31,R06,B2B,partner,Gold
C04123,2025-05-21,R09,B2C,paid_search,Silver
C04124,2023-01-18,R02,B2C,referral,Bronze
C04125,2024-01-05,R10,B2C,paid_search,Silver
C04126,2024-10-29,R02,B2C,paid_search,New
C04127,2023-01-10,R08,B2C,social,Silver
C04128,2023-12-10,R01,B2C,organic,Silver
C04129,2024-01-28,R02,B2C,organic,Bronze
C04130,2022-09-01,R05,B2C,paid_search,Bronze
C04131,2022-09-01,R05,B2C,organic,Silver
C04132,2024-02-10,R10,B2C,organic,Gold
C04133,2022-09-02,R12,B2C,referral,New
C04134,2025-07-22,R01,B2C,paid_search,Bronze
C04135,2023-12-19,R02,B2C,organic,Silver
C04136,2024-08-23,R03,B2C,organic,Silver
C04137,2023-06-28,R05,B2C,partner,Silver
C04138,2023-02-14,R05,B2C,partner,Silver
C04139,2023-10-29,R10,B2C,social,New
C04140,2024-08-31,R08,B2C,organic,Bronze
C04141,2023-06-29,R01,B2C,paid_search,Gold
C04142,2023-01-22,R04,B2C,organic,Bronze
C04143,2022-07-17,R06,B2C,referral,Bronze
C04144,2024-07-19,R04,B2C,paid_search,Bronze
C04145,2023-12-22,R01,B2C,referral,Bronze
C04146,2022-12-15,R03,B2C,paid_search,Bronze
C04147,2022-12-05,R04,B2C,referral,Silver
C04148,2023-06-01,R02,B2C,paid_search,Bronze
C04149,2023-04-22,R08,B2C,paid_search,Silver
C04150,2022-10-06,R03,B2C,paid_search,Bronze
C04151,2025-07-13,R06,B2C,social,Gold
C04152,2023-03-28,R05,B2C,referral,New
C04153,2022-12-10,R10,B2C,paid_search,New
C04154,2024-04-10,R01,B2C,partner,Bronze
C04155,2025-01-01,R01,B2C,paid_search,Gold
C04156,2023-09-29,R03,B2C,paid_search,Silver
C04157,2024-07-02,R04,B2C,organic,Silver
C04158,2022-05-11,R03,B2C,organic,Bronze
C04159,2023-12-31,R08,B2C,referral,Bronze
C04160,2022-04-02,R02,B2C,organic,Gold
C04161,2022-07-08,R01,B2C,paid_search,Bronze
C04162,2024-03-21,R04,B2C,organic,Silver
C04163,2022-10-08,R08,B2C,social,Silver
C04164,2022-02-20,R10,B2B,partner,Silver
C04165,2022-09-03,R08,B2C,referral,New
C04166,2024-11-23,R05,B2C,paid_search,Bronze
C04167,2024-03-14,R08,B2C,paid_search,New
C04168,2023-06-07,R07,B2C,organic,Gold
C04169,2025-08-25,R02,B2C,partner,Silver
C04170,2023-06-13,R05,B2C,organic,Bronze
C04171,2025-04-15,R08,B2C,partner,Gold
C04172,2023-04-18,R03,B2C,referral,New
C04173,2022-02-04,R07,B2C,social,New
C04174,2022-05-31,R05,B2C,referral,New
C04175,2023-01-10,R05,B2C,paid_search,Gold
C04176,2022-09-13,R01,B2B,organic,New
C04177,2022-08-04,R07,B2C,paid_search,New
C04178,2023-06-09,R10,B2C,organic,New
C04179,2025-08-28,R01,B2C,social,Bronze
C04180,2022-10-02,R03,B2C,paid_search,Bronze
C04181,2022-11-19,R01,B2C,referral,New
C04182,2025-09-24,R01,B2C,referral,Silver
C04183,2022-10-03,R12,B2C,organic,Gold
C04184,2025-02-10,R05,B2C,organic,Bronze
C04185,2024-04-29,R03,B2C,paid_search,Gold
C04186,2025-06-23,R02,B2C,organic,Silver
C04187,2024-02-01,R12,B2C,social,Gold
C04188,2024-03-23,R02,B2C,social,New
C04189,2022-11-06,R08,B2C,social,Silver
C04190,2024-02-27,R02,B2C,paid_search,Silver
C04191,2024-07-06,R01,B2C,referral,New
C04192,2025-09-13,R07,B2C,social,Silver
C04193,2022-05-13,R01,B2C,partner,New
C04194,2022-08-03,R07,B2C,referral,Silver
C04195,2022-01-27,R02,B2C,social,Silver
C04196,2024-12-18,R08,B2C,organic,Bronze
C04197,2022-04-23,R08,B2C,referral,New
C04198,2025-06-07,R08,B2C,organic,Gold
C04199,2023-05-15,R01,B2C,paid_search,New
C04200,2023-01-30,R07,B2C,paid_search,Silver
C04201,2025-08-27,R12,B2C,paid_search,Silver
C04202,2024-09-13,R02,B2C,organic,New
C04203,2024-01-20,R02,B2C,organic,Bronze
C04204,2025-05-01,R09,B2C,referral,Gold
C04205,2024-05-22,R02,B2C,social,Gold
C04206,2023-03-17,R07,B2C,partner,New
C04207,2025-09-11,R08,B2C,referral,New
C04208,2024-09-11,R01,B2C,paid_search,New
C04209,2025-07-18,R05,B2C,referral,Silver
C04210,2025-08-15,R06,B2B,paid_search,New
C04211,2024-01-22,R03,B2C,organic,New
C04212,2023-05-05,R10,B2C,partner,Bronze
C04213,2025-07-20,R02,B2C,partner,Gold
C04214,2025-09-29,R03,B2C,organic,Bronze
C04215,2022-06-16,R10,B2C,referral,Silver
C04216,2024-05-23,R02,B2C,organic,New
C04217,2024-04-04,R09,B2C,partner,Silver
C04218,2024-10-21,R01,B2C,social,Silver
C04219,2025-08-28,R05,B2C,organic,Gold
C04220,2022-12-12,R01,B2C,referral,Silver
C04221,2025-08-28,R07,B2C,paid_search,New
C04222,2024-05-30,R09,B2C,organic,Bronze
C04223,2022-04-23,R10,B2C,referral,New
C04224,2023-12-01,R12,B2C,referral,New
C04225,2022-07-02,R07,B2C,paid_search,Gold
C04226,2025-08-02,R08,B2C,social,Bronze
C04227,2024-11-10,R05,B2B,organic,Gold
C04228,2025-05-23,R11,B2C,paid_search,New
C04229,2024-04-04,R07,B2C,social,Gold
C04230,2023-06-28,R10,B2C,organic,Gold
C04231,2023-08-10,R02,B2C,paid_search,Silver
C04232,2025-07-20,R05,B2C,partner,New
C04233,2022-07-27,R08,B2C,referral,Gold
C04234,2025-04-26,R02,B2C,paid_search,Gold
C04235,2023-08-01,R02,B2C,paid_search,New
C04236,2024-03-19,R12,B2C,referral,Gold
C04237,2024-07-02,R04,B2C,referral,Gold
C04238,2022-04-23,R02,B2C,organic,New
C04239,2022-07-23,R03,B2C,paid_search,Bronze
C04240,2022-08-09,R03,B2C,organic,Bronze
C04241,2024-12-02,R06,B2C,organic,Bronze
C04242,2022-04-16,R11,B2C,organic,Gold
C04243,2024-04-16,R12,B2C,social,Gold
C04244,2022-05-28,R07,B2C,referral,New
C04245,2024-11-17,R07,B2C,partner,Bronze
C04246,2025-08-30,R03,B2C,paid_search,Bronze
C04247,2023-07-21,R10,B2C,paid_search,Bronze
C04248,2022-10-18,R02,B2C,organic,Silver
C04249,2023-09-02,R01,B2C,organic,Silver
C04250,2024-08-03,R12,B2C,organic,Bronze
C04251,2024-09-22,R10,B2C,partner,Bronze
C04252,2024-05-21,R03,B2C,organic,Gold
C04253,2024-03-07,R07,B2C,social,Bronze
C04254,2024-05-14,R04,B2C,paid_search,Bronze
C04255,2022-10-25,R03,B2C,paid_search,Gold
C04256,2022-10-10,R02,B2B,referral,Silver
C04257,2025-06-28,R01,B2C,partner,Silver
C04258,2024-03-04,R05,B2C,organic,Bronze
C04259,2025-03-24,R04,B2C,partner,Silver
C04260,2024-05-06,R05,B2C,organic,Silver
C04261,2023-09-16,R02,B2B,referral,Bronze
C04262,2024-02-20,R11,B2B,organic,New
C04263,2024-08-04,R06,B2C,paid_search,Bronze
C04264,2022-09-12,R11,B2B,social,Bronze
C04265,2023-09-25,R01,B2C,referral,Gold
C04266,2024-09-16,R06,B2B,referral,Silver
C04267,2022-04-30,R10,B2C,organic,New
C04268,2022-04-11,R03,B2C,referral,Bronze
C04269,2022-08-08,R02,B2C,paid_search,Bronze
C04270,2024-03-20,R02,B2C,organic,Bronze
C04271,2022-11-23,R02,B2C,organic,New
C04272,2023-08-21,R04,B2C,organic,Gold
C04273,2022-07-03,R03,B2C,organic,Gold
C04274,2022-12-09,R02,B2C,social,Gold
C04275,2022-01-25,R07,B2C,organic,Bronze
C04276,2025-01-10,R01,B2C,social,Silver
C04277,2023-10-01,R03,B2C,organic,Silver
C04278,2022-08-29,R07,B2C,social,Bronze
C04279,2023-12-22,R02,B2C,organic,New
C04280,2025-07-01,R02,B2C,organic,New
C04281,2025-02-03,R02,B2C,social,New
C04282,2025-04-25,R01,B2C,partner,Gold
C04283,2023-07-10,R04,B2C,partner,Silver
C04284,2023-03-09,R01,B2C,paid_search,Gold
C04285,2023-02-22,R02,B2C,partner,Bronze
C04286,2025-06-13,R12,B2C,social,New
C04287,2022-07-08,R11,B2C,referral,Bronze
C04288,2025-03-11,R02,B2C,organic,New
C04289,2025-06-08,R03,B2C,organic,Gold
C04290,2025-03-01,R04,B2C,organic,Bronze
C04291,2024-05-09,R10,B2C,referral,New
C04292,2025-03-17,R09,B2C,organic,Bronze
C04293,2022-02-13,R01,B2C,organic,Silver
C04294,2025-01-23,R01,B2C,social,Bronze
C04295,2023-12-01,R04,B2C,partner,New
C04296,2025-08-05,R10,B2C,paid_search,Silver
C04297,2022-04-28,R10,B2C,social,New
C04298,2025-06-27,R01,B2C,organic,Silver
C04299,2024-02-25,R06,B2B,partner,Silver
C04300,2022-05-23,R01,B2C,organic,New
C04301,2023-11-28,R07,B2C,organic,Bronze
C04302,2022-02-20,R11,B2C,paid_search,New
C04303,2022-04-24,R04,B2C,organic,Bronze
C04304,2023-12-29,R01,B2C,social,Silver
C04305,2025-01-21,R06,B2C,social,Bronze
C04306,2022-05-29,R03,B2C,organic,New
C04307,2022-12-26,R09,B2C,organic,Silver
C04308,2023-06-20,R03,B2C,organic,Silver
C04309,2024-01-12,R10,B2C,organic,Gold
C04310,2022-01-01,R02,B2C,referral,Gold
C04311,2024-05-24,R01,B2B,social,Bronze
C04312,2023-11-13,R03,B2C,organic,Bronze
C04313,2025-08-10,R01,B2C,organic,Silver
C04314,2023-02-17,R02,B2C,referral,Silver
C04315,2023-11-08,R07,B2C,referral,Bronze
C04316,2022-04-22,R01,B2C,partner,Gold
C04317,2025-06-09,R01,B2C,organic,Silver
C04318,2025-02-15,R01,B2C,paid_search,Bronze
C04319,2023-05-01,R01,B2C,organic,Silver
C04320,2023-09-23,R10,B2C,referral,New
C04321,2025-03-19,R11,B2C,paid_search,Gold
C04322,2023-02-09,R01,B2C,social,Bronze
C04323,2022-11-19,R08,B2C,organic,Silver
C04324,2022-11-28,R08,B2C,referral,Silver
C04325,2024-08-26,R12,B2C,organic,New
C04326,2022-10-16,R03,B2C,referral,Silver
C04327,2022-05-02,R02,B2C,organic,Bronze
C04328,2022-08-15,R04,B2C,referral,Bronze
C04329,2025-09-11,R10,B2C,organic,New
C04330,2025-04-09,R08,B2C,social,Silver
C04331,2025-07-29,R04,B2C,referral,Gold
C04332,2023-01-15,R02,B2C,paid_search,New
C04333,2023-08-29,R08,B2C,organic,Silver
C04334,2023-11-03,R10,B2C,paid_search,Gold
C04335,2023-12-19,R03,B2C,organic,New
C04336,2022-02-06,R07,B2C,social,Gold
C04337,2024-03-29,R03,B2C,organic,New
C04338,2022-02-23,R05,B2C,organic,Silver
C04339,2023-01-12,R05,B2C,organic,Bronze
C04340,2023-02-05,R08,B2C,organic,Gold
C04341,2024-07-12,R12,B2C,organic,Bronze
C04342,2025-05-12,R04,B2C,social,Bronze
C04343,2024-08-14,R03,B2C,organic,Silver
C04344,2023-08-20,R03,B2C,partner,Silver
C04345,2023-12-20,R01,B2C,social,Silver
C04346,2023-12-03,R02,B2C,paid_search,Silver
C04347,2022-07-22,R01,B2C,referral,Silver
C04348,2025-06-12,R04,B2C,social,New
C04349,2022-11-25,R02,B2C,paid_search,New
C04350,2022-06-07,R03,B2C,paid_search,New
C04351,2022-08-14,R09,B2C,social,New
C04352,2024-05-11,R02,B2C,organic,Silver
C04353,2022-02-10,R06,B2C,paid_search,Bronze
C04354,2022-05-22,R11,B2C,organic,Bronze
C04355,2024-06-06,R06,B2C,paid_search,New
C04356,2022-07-20,R02,B2C,social,Gold
C04357,2022-04-05,R03,B2C,organic,New
C04358,2022-01-29,R06,B2B,organic,New
C04359,2024-08-24,R05,B2C,referral,Silver
C04360,2023-05-13,R01,B2B,organic,New
C04361,2023-01-25,R04,B2C,organic,Silver
C04362,2024-05-25,R05,B2C,paid_search,Bronze
C04363,2022-08-22,R02,B2C,partner,Silver
C04364,2023-12-15,R06,B2C,social,New
C04365,2023-10-25,R01,B2C,paid_search,Bronze
C04366,2024-07-12,R03,B2C,referral,Bronze
C04367,2024-05-04,R09,B2C,social,Silver
C04368,2024-07-13,R02,B2C,referral,Silver
C04369,2022-10-19,R06,B2C,social,New
C04370,2022-07-11,R04,B2C,referral,Silver
C04371,2024-01-01,R03,B2C,social,New
C04372,2022-03-20,R11,B2C,organic,Silver
C04373,2023-09-14,R03,B2C,organic,Gold
C04374,2024-05-06,R02,B2C,organic,New
C04375,2025-01-28,R11,B2C,paid_search,New
C04376,2024-06-13,R08,B2B,partner,Silver
C04377,2025-09-23,R07,B2C,social,Gold
C04378,2024-02-02,R01,B2C,referral,Silver
C04379,2023-09-03,R01,B2C,social,Bronze
C04380,2022-12-03,R06,B2C,referral,Silver
C04381,2024-07-10,R02,B2C,social,Bronze
C04382,2025-01-14,R02,B2C,organic,Gold
C04383,2023-03-16,R08,B2C,paid_search,Silver
C04384,2022-01-15,R02,B2C,paid_search,Gold
C04385,2024-05-15,R01,B2C,organic,Silver
C04386,2024-06-26,R01,B2C,organic,Gold
C04387,2022-06-14,R04,B2C,organic,New
C04388,2022-01-31,R06,B2C,organic,Gold
C04389,2024-06-14,R10,B2C,organic,New
C04390,2023-06-29,R01,B2C,partner,Bronze
C04391,2023-07-26,R02,B2C,paid_search,Bronze
C04392,2022-12-26,R05,B2C,referral,New
C04393,2024-09-10,R03,B2C,organic,Bronze
C04394,2024-10-16,R05,B2B,partner,Bronze
C04395,2022-03-13,R11,B2C,referral,New
C04396,2022-05-03,R05,B2C,referral,Bronze
C04397,2024-04-05,R04,B2B,paid_search,Bronze
C04398,2022-07-18,R12,B2C,social,Silver
C04399,2022-08-05,R01,B2C,paid_search,Silver
C04400,2024-07-23,R11,B2C,paid_search,Silver
C04401,2023-09-15,R05,B2B,social,Silver
C04402,2022-06-14,R05,B2C,organic,Silver
C04403,2024-04-14,R11,B2C,organic,New
C04404,2022-04-11,R05,B2C,referral,Bronze
C04405,2022-11-12,R04,B2C,organic,Bronze
C04406,2024-09-03,R02,B2C,social,New
C04407,2022-11-01,R07,B2C,organic,Gold
C04408,2022-03-28,R06,B2C,paid_search,New
C04409,2025-08-07,R02,B2C,organic,Gold
C04410,2022-11-04,R08,B2C,paid_search,New
C04411,2023-12-06,R07,B2C,referral,Silver
C04412,2025-02-03,R03,B2C,referral,Bronze
C04413,2025-09-17,R01,B2C,organic,Gold
C04414,2025-01-13,R04,B2B,paid_search,Silver
C04415,2023-04-10,R01,B2C,referral,New
C04416,2025-03-15,R01,B2C,organic,New
C04417,2022-01-18,R04,B2C,organic,Silver
C04418,2023-03-23,R01,B2C,paid_search,New
C04419,2022-10-01,R02,B2C,referral,New
C04420,2023-12-24,R07,B2C,paid_search,Gold
C04421,2025-05-05,R03,B2C,organic,Silver
C04422,2024-11-24,R12,B2C,partner,New
C04423,2025-09-28,R11,B2C,partner,Bronze
C04424,2022-07-07,R06,B2C,social,New
C04425,2024-10-26,R12,B2C,social,Silver
C04426,2024-09-18,R10,B2C,partner,New
C04427,2023-09-17,R03,B2C,social,Bronze
C04428,2022-05-14,R08,B2C,referral,New
C04429,2022-05-24,R01,B2C,paid_search,Gold
C04430,2025-06-04,R07,B2C,organic,New
C04431,2023-02-09,R05,B2C,referral,Silver
C04432,2024-05-22,R01,B2C,social,Bronze
C04433,2025-07-18,R02,B2C,organic,Silver
C04434,2023-11-07,R12,B2C,social,New
C04435,2022-10-15,R03,B2C,referral,Silver
C04436,2023-10-26,R02,B2C,organic,Gold
C04437,2022-11-11,R02,B2C,referral,New
C04438,2022-09-06,R05,B2C,organic,New
C04439,2025-01-15,R10,B2C,social,Gold
C04440,2023-04-19,R08,B2C,partner,Bronze
C04441,2024-07-26,R04,B2C,referral,Silver
C04442,2024-09-22,R02,B2C,referral,Silver
C04443,2024-01-23,R01,B2C,social,Bronze
C04444,2024-01-11,R04,B2C,paid_search,New
C04445,2022-09-05,R09,B2C,social,Bronze
C04446,2023-12-26,R08,B2C,paid_search,Silver
C04447,2024-10-25,R03,B2C,paid_search,Bronze
C04448,2022-09-25,R06,B2C,paid_search,Silver
C04449,2022-11-14,R04,B2C,paid_search,Bronze
C04450,2024-08-03,R06,B2C,paid_search,Silver
C04451,2025-09-06,R05,B2C,paid_search,New
C04452,2023-06-21,R07,B2C,paid_search,Bronze
C04453,2025-02-07,R05,B2C,organic,New
C04454,2022-09-08,R11,B2C,paid_search,New
C04455,2024-02-19,R04,B2C,organic,Bronze
C04456,2025-07-16,R01,B2B,referral,Gold
C04457,2023-08-28,R02,B2C,organic,Bronze
C04458,2023-11-25,R05,B2C,referral,Bronze
C04459,2022-08-01,R05,B2C,organic,Silver
C04460,2023-12-24,R05,B2B,referral,Silver
C04461,2024-03-12,R08,B2C,social,Bronze
C04462,2025-09-05,R02,B2C,partner,Bronze
C04463,2022-10-03,R07,B2C,referral,Bronze
C04464,2023-05-17,R07,B2C,social,New
C04465,2024-06-05,R04,B2C,organic,Bronze
C04466,2025-07-14,R03,B2C,paid_search,New
C04467,2022-11-22,R02,B2C,paid_search,Silver
C04468,2024-08-09,R04,B2C,referral,Gold
C04469,2025-04-18,R09,B2C,referral,Bronze
C04470,2024-05-16,R11,B2C,paid_search,New
C04471,2023-08-08,R06,B2C,social,Gold
C04472,2022-11-17,R03,B2C,paid_search,Bronze
C04473,2023-01-30,R07,B2C,social,Silver
C04474,2022-03-12,R08,B2C,social,Gold
C04475,2022-07-28,R03,B2C,paid_search,Silver
C04476,2023-08-23,R09,B2C,referral,Silver
C04477,2022-07-12,R01,B2C,organic,Bronze
C04478,2022-01-14,R01,B2C,referral,Gold
C04479,2024-08-06,R01,B2C,social,Silver
C04480,2022-04-08,R01,B2C,organic,New
C04481,2022-07-13,R10,B2C,paid_search,Silver
C04482,2024-03-26,R04,B2C,organic,New
C04483,2024-09-18,R02,B2C,social,Bronze
C04484,2022-02-14,R04,B2C,referral,New
C04485,2022-08-18,R03,B2C,organic,Silver
C04486,2024-10-10,R03,B2C,organic,Bronze
C04487,2024-09-29,R01,B2B,paid_search,Bronze
C04488,2023-06-20,R07,B2C,organic,Silver
C04489,2025-07-24,R01,B2C,organic,Bronze
C04490,2025-05-01,R08,B2C,social,Bronze
C04491,2024-10-14,R02,B2B,paid_search,Bronze
C04492,2024-10-21,R08,B2C,referral,Bronze
C04493,2024-12-10,R09,B2C,paid_search,Gold
C04494,2022-07-23,R01,B2C,social,Bronze
C04495,2024-08-17,R01,B2C,paid_search,Silver
C04496,2025-07-10,R11,B2C,organic,Gold
C04497,2022-11-04,R04,B2C,paid_search,Silver
C04498,2022-01-21,R06,B2C,social,Bronze
C04499,2023-05-10,R01,B2C,partner,Bronze
C04500,2023-01-05,R02,B2C,organic,Gold
C04501,2025-07-23,R05,B2C,paid_search,Bronze
C04502,2023-09-03,R10,B2C,social,Bronze
C04503,2024-06-24,R02,B2C,organic,Bronze
C04504,2025-09-06,R08,B2C,referral,New
C04505,2024-12-16,R07,B2C,organic,Silver
C04506,2024-10-22,R01,B2C,referral,Gold
C04507,2025-08-19,R02,B2C,paid_search,Gold
C04508,2024-08-01,R02,B2C,organic,Silver
C04509,2022-11-13,R04,B2C,social,Gold
C04510,2024-09-21,R06,B2C,organic,Silver
C04511,2023-03-17,R04,B2C,social,Gold
C04512,2023-03-30,R02,B2C,referral,Gold
C04513,2024-06-01,R07,B2B,paid_search,Gold
C04514,2023-03-08,R06,B2C,organic,New
C04515,2022-02-03,R05,B2C,paid_search,New
C04516,2025-09-30,R05,B2C,paid_search,New
C04517,2024-02-21,R02,B2C,social,Silver
C04518,2024-07-06,R07,B2C,social,Gold
C04519,2025-01-12,R03,B2C,paid_search,Gold
C04520,2024-05-18,R03,B2C,social,Silver
C04521,2024-04-15,R01,B2C,referral,Silver
C04522,2024-12-20,R06,B2C,social,Bronze
C04523,2023-02-09,R06,B2C,organic,Bronze
C04524,2025-02-08,R03,B2C,paid_search,Silver
C04525,2024-09-18,R10,B2B,paid_search,New
C04526,2022-09-07,R10,B2C,referral,Silver
C04527,2022-07-19,R01,B2C,referral,Silver
C04528,2025-04-19,R07,B2C,referral,New
C04529,2025-05-09,R03,B2C,organic,Silver
C04530,2025-09-22,R12,B2C,social,Silver
C04531,2022-05-19,R02,B2C,referral,Silver
C04532,2025-05-11,R02,B2C,organic,Silver
C04533,2025-03-28,R04,B2C,organic,Bronze
C04534,2024-11-16,R02,B2C,organic,Silver
C04535,2023-11-13,R07,B2C,social,New
C04536,2023-11-28,R05,B2C,paid_search,Bronze
C04537,2023-08-10,R02,B2C,organic,Bronze
C04538,2022-02-10,R05,B2C,paid_search,Silver
C04539,2023-11-17,R10,B2C,referral,Gold
C04540,2022-11-21,R09,B2C,referral,New
C04541,2022-10-02,R05,B2C,social,Silver
C04542,2022-03-18,R02,B2C,referral,Gold
C04543,2023-09-19,R02,B2C,social,Gold
C04544,2022-03-07,R10,B2C,referral,Bronze
C04545,2025-03-09,R08,B2C,paid_search,New
C04546,2025-05-02,R06,B2C,referral,Bronze
C04547,2025-01-01,R10,B2C,referral,Gold
C04548,2023-02-17,R01,B2C,social,Bronze
C04549,2022-08-12,R07,B2C,paid_search,Bronze
C04550,2023-11-22,R02,B2C,organic,Gold
C04551,2024-07-10,R01,B2C,paid_search,Bronze
C04552,2022-01-29,R04,B2C,organic,Silver
C04553,2025-03-19,R03,B2B,organic,Gold
C04554,2023-08-24,R11,B2C,paid_search,Bronze
C04555,2025-01-27,R03,B2C,organic,Bronze
C04556,2022-04-17,R09,B2B,referral,Bronze
C04557,2023-08-06,R08,B2C,social,Silver
C04558,2023-09-20,R07,B2C,referral,New
C04559,2022-03-07,R11,B2C,paid_search,New
C04560,2024-08-26,R03,B2C,organic,Bronze
C04561,2025-06-28,R03,B2C,organic,Bronze
C04562,2024-01-11,R02,B2C,referral,Silver
C04563,2023-06-26,R02,B2C,organic,Bronze
C04564,2024-05-20,R10,B2C,social,Silver
C04565,2023-05-10,R04,B2C,organic,Gold
C04566,2023-05-08,R03,B2C,paid_search,Silver
C04567,2024-11-05,R02,B2C,organic,Silver
C04568,2024-03-19,R05,B2C,paid_search,New
C04569,2022-12-28,R08,B2C,organic,Bronze
C04570,2023-07-12,R02,B2B,referral,Bronze
C04571,2025-02-16,R08,B2C,organic,Bronze
C04572,2023-12-25,R06,B2C,organic,Gold
C04573,2022-04-15,R09,B2C,organic,Bronze
C04574,2025-03-19,R02,B2C,partner,New
C04575,2024-10-11,R06,B2C,social,Silver
C04576,2023-01-01,R01,B2C,social,Gold
C04577,2025-08-15,R03,B2C,paid_search,Silver
C04578,2025-07-27,R08,B2C,referral,New
C04579,2025-09-25,R06,B2C,organic,Bronze
C04580,2023-06-02,R02,B2C,referral,Bronze
C04581,2025-06-18,R10,B2C,referral,Silver
C04582,2025-01-08,R01,B2C,organic,Silver
C04583,2025-04-07,R06,B2C,organic,Silver
C04584,2024-01-19,R12,B2C,paid_search,New
C04585,2023-01-17,R05,B2C,organic,Gold
C04586,2022-11-07,R09,B2C,organic,New
C04587,2025-08-16,R06,B2C,paid_search,New
C04588,2023-11-19,R09,B2C,organic,Silver
C04589,2025-06-24,R07,B2C,social,Bronze
C04590,2024-01-30,R07,B2C,paid_search,Bronze
C04591,2024-01-02,R02,B2C,social,Bronze
C04592,2022-04-11,R08,B2C,paid_search,New
C04593,2023-07-05,R02,B2C,paid_search,New
C04594,2024-02-01,R12,B2C,paid_search,Silver
C04595,2022-05-30,R02,B2C,referral,New
C04596,2022-08-10,R02,B2C,paid_search,Gold
C04597,2024-03-19,R10,B2C,social,Silver
C04598,2022-12-06,R02,B2C,referral,Silver
C04599,2024-08-17,R03,B2C,social,Gold
C04600,2023-09-23,R08,B2C,organic,Silver
C04601,2023-07-08,R01,B2C,organic,Bronze
C04602,2022-06-10,R01,B2C,social,Gold
C04603,2023-07-10,R05,B2C,social,Bronze
C04604,2024-01-13,R02,B2C,referral,New
C04605,2024-02-24,R02,B2C,social,Silver
C04606,2023-01-05,R01,B2C,organic,New
C04607,2022-02-08,R03,B2C,referral,Silver
C04608,2025-07-03,R03,B2C,social,Gold
C04609,2025-08-04,R01,B2C,partner,Silver
C04610,2025-05-22,R06,B2C,referral,New
C04611,2023-02-01,R06,B2C,paid_search,New
C04612,2024-04-04,R01,B2C,social,Bronze
C04613,2022-07-12,R03,B2C,social,New
C04614,2025-05-24,R10,B2C,paid_search,Bronze
C04615,2022-01-08,R06,B2C,paid_search,Silver
C04616,2023-10-07,R04,B2B,organic,Silver
C04617,2025-03-19,R04,B2C,organic,Silver
C04618,2024-09-20,R02,B2B,social,Bronze
C04619,2025-03-27,R09,B2C,paid_search,New
C04620,2023-11-11,R11,B2C,social,Silver
C04621,2022-05-11,R11,B2C,paid_search,Bronze
C04622,2022-01-11,R02,B2C,referral,Bronze
C04623,2022-07-28,R03,B2C,social,Silver
C04624,2022-03-20,R02,B2C,referral,Bronze
C04625,2023-09-06,R03,B2C,paid_search,New
C04626,2022-03-11,R03,B2C,partner,Bronze
C04627,2022-09-12,R06,B2B,paid_search,Bronze
C04628,2023-07-29,R02,B2C,referral,Silver
C04629,2024-10-04,R11,B2C,paid_search,New
C04630,2024-07-12,R01,B2C,organic,Silver
C04631,2022-03-21,R01,B2C,social,Bronze
C04632,2025-05-21,R10,B2C,paid_search,New
C04633,2024-01-23,R07,B2C,organic,New
C04634,2023-04-23,R03,B2C,paid_search,Gold
C04635,2023-06-09,R06,B2C,organic,Bronze
C04636,2025-03-07,R02,B2C,partner,Silver
C04637,2023-09-29,R02,B2C,social,Gold
C04638,2022-12-03,R04,B2C,organic,Bronze
C04639,2023-08-05,R03,B2C,referral,Bronze
C04640,2022-04-04,R06,B2C,social,Silver
C04641,2022-07-29,R02,B2C,social,Silver
C04642,2023-03-07,R07,B2C,social,Bronze
C04643,2022-10-29,R08,B2C,organic,Gold
C04644,2023-04-24,R02,B2C,organic,Silver
C04645,2022-03-30,R01,B2B,referral,Gold
C04646,2024-04-15,R04,B2B,social,New
C04647,2022-06-07,R08,B2C,social,Bronze
C04648,2022-10-25,R07,B2B,organic,New
C04649,2025-08-31,R07,B2C,referral,Gold
C04650,2022-01-09,R03,B2C,paid_search,New
C04651,2023-01-19,R02,B2C,social,Silver
C04652,2023-11-16,R05,B2C,organic,New
C04653,2023-02-25,R02,B2C,referral,New
C04654,2023-03-15,R08,B2B,partner,Bronze
C04655,2022-06-24,R02,B2C,organic,Silver
C04656,2023-08-03,R02,B2C,referral,Bronze
C04657,2024-10-30,R05,B2C,social,Silver
C04658,2024-03-15,R05,B2C,organic,Silver
C04659,2025-06-19,R06,B2C,organic,Gold
C04660,2024-08-15,R04,B2C,social,Silver
C04661,2024-12-17,R11,B2C,organic,Silver
C04662,2023-08-14,R09,B2C,organic,Silver
C04663,2024-04-18,R10,B2C,referral,New
C04664,2024-03-02,R06,B2C,social,Bronze
C04665,2025-01-18,R06,B2C,social,Silver
C04666,2023-11-17,R06,B2C,social,New
C04667,2023-07-08,R04,B2C,paid_search,New
C04668,2022-04-06,R03,B2C,referral,Silver
C04669,2025-03-22,R06,B2C,organic,Silver
C04670,2023-08-20,R01,B2C,paid_search,Bronze
C04671,2024-12-29,R01,B2C,social,Gold
C04672,2024-07-17,R10,B2C,partner,Bronze
C04673,2022-01-03,R01,B2C,paid_search,Bronze
C04674,2024-06-10,R05,B2B,partner,Gold
C04675,2023-10-30,R06,B2C,social,Bronze
C04676,2022-11-25,R02,B2C,paid_search,Silver
C04677,2022-12-29,R11,B2C,paid_search,Gold
C04678,2024-05-23,R02,B2C,organic,Bronze
C04679,2022-04-29,R10,B2C,social,New
C04680,2024-04-10,R08,B2C,organic,Gold
C04681,2025-03-04,R02,B2C,paid_search,Bronze
C04682,2022-04-29,R01,B2C,organic,Gold
C04683,2022-01-11,R03,B2C,partner,Gold
C04684,2022-03-24,R03,B2C,paid_search,Silver
C04685,2024-09-26,R02,B2C,paid_search,Bronze
C04686,2025-03-06,R12,B2B,paid_search,Bronze
C04687,2025-09-14,R02,B2C,organic,New
C04688,2022-02-09,R09,B2C,paid_search,Bronze
C04689,2023-10-22,R01,B2C,referral,Silver
C04690,2022-03-07,R12,B2C,social,Gold
C04691,2023-05-24,R02,B2B,paid_search,Gold
C04692,2023-02-26,R04,B2C,referral,Gold
C04693,2024-04-09,R05,B2C,organic,New
C04694,2025-05-29,R01,B2C,referral,Bronze
C04695,2025-01-06,R09,B2C,organic,New
C04696,2022-03-29,R02,B2C,referral,Silver
C04697,2022-11-25,R05,B2C,partner,Gold
C04698,2023-01-12,R05,B2C,referral,Gold
C04699,2022-12-10,R06,B2C,organic,Gold
C04700,2023-04-29,R01,B2C,paid_search,Bronze
C04701,2024-04-11,R02,B2C,referral,Bronze
C04702,2024-10-09,R02,B2C,paid_search,Bronze
C04703,2025-07-10,R03,B2C,paid_search,Bronze
C04704,2024-08-20,R01,B2C,paid_search,Bronze
C04705,2023-02-13,R11,B2C,organic,Silver
C04706,2022-09-10,R05,B2C,paid_search,Bronze
C04707,2023-05-31,R06,B2C,organic,Silver
C04708,2024-12-30,R03,B2C,social,Gold
C04709,2025-09-21,R02,B2C,paid_search,Bronze
C04710,2023-06-22,R05,B2C,organic,Silver
C04711,2022-08-30,R02,B2C,organic,Silver
C04712,2022-01-07,R03,B2C,partner,Gold
C04713,2022-04-16,R04,B2C,paid_search,New
C04714,2024-05-21,R05,B2C,social,Silver
C04715,2024-03-18,R12,B2C,referral,Bronze
C04716,2024-05-30,R02,B2C,social,Bronze
C04717,2022-02-03,R05,B2C,paid_search,New
C04718,2023-08-22,R01,B2C,social,Silver
C04719,2022-09-05,R03,B2C,organic,Bronze
C04720,2023-04-06,R08,B2C,paid_search,Silver
C04721,2024-05-01,R02,B2C,organic,Bronze
C04722,2023-01-13,R06,B2C,partner,New
C04723,2024-06-21,R04,B2C,paid_search,Silver
C04724,2023-01-31,R01,B2C,organic,New
C04725,2023-11-30,R11,B2C,social,Bronze
C04726,2023-09-21,R04,B2C,organic,New
C04727,2023-06-10,R09,B2C,paid_search,Bronze
C04728,2022-06-22,R04,B2C,referral,Bronze
C04729,2024-02-28,R11,B2C,referral,Silver
C04730,2025-09-17,R02,B2C,social,Silver
C04731,2024-05-30,R04,B2B,paid_search,New
C04732,2024-10-17,R08,B2C,paid_search,New
C04733,2025-01-04,R03,B2C,organic,Silver
C04734,2022-02-22,R03,B2C,social,New
C04735,2024-12-21,R12,B2C,paid_search,New
C04736,2022-11-28,R05,B2C,organic,New
C04737,2024-06-29,R07,B2C,organic,Silver
C04738,2025-09-08,R07,B2C,organic,Silver
C04739,2025-05-09,R09,B2C,organic,Bronze
C04740,2023-07-22,R10,B2C,organic,New
C04741,2025-02-21,R06,B2C,paid_search,Silver
C04742,2024-04-26,R02,B2C,paid_search,New
C04743,2022-07-02,R01,B2C,paid_search,Bronze
C04744,2022-11-25,R06,B2C,organic,Silver
C04745,2025-06-06,R09,B2C,paid_search,New
C04746,2025-05-05,R04,B2C,referral,Bronze
C04747,2023-06-10,R02,B2C,organic,Silver
C04748,2023-03-16,R02,B2C,paid_search,Silver
C04749,2025-01-08,R05,B2C,paid_search,Bronze
C04750,2022-01-28,R09,B2C,organic,Bronze
C04751,2025-05-13,R02,B2C,paid_search,Bronze
C04752,2024-04-06,R06,B2C,paid_search,Bronze
C04753,2024-05-16,R08,B2C,paid_search,Bronze
C04754,2023-08-24,R11,B2C,referral,Bronze
C04755,2025-09-02,R01,B2C,referral,Bronze
C04756,2024-10-23,R11,B2C,paid_search,Bronze
C04757,2022-03-15,R06,B2C,paid_search,Bronze
C04758,2023-12-20,R08,B2C,partner,Silver
C04759,2025-03-22,R01,B2C,paid_search,Silver
C04760,2022-04-15,R05,B2C,partner,Gold
C04761,2024-10-05,R06,B2C,referral,Silver
C04762,2022-12-01,R03,B2C,organic,Silver
C04763,2023-11-25,R04,B2C,organic,New
C04764,2025-04-23,R05,B2C,organic,Silver
C04765,2023-11-06,R05,B2C,referral,Bronze
C04766,2022-02-21,R01,B2C,organic,Gold
C04767,2022-01-29,R04,B2C,social,Gold
C04768,2024-10-05,R02,B2C,paid_search,New
C04769,2025-06-28,R11,B2C,referral,Gold
C04770,2023-02-04,R12,B2C,social,Silver
C04771,2025-07-04,R03,B2C,organic,Silver
C04772,2023-09-12,R02,B2C,paid_search,Bronze
C04773,2022-03-22,R02,B2C,paid_search,Bronze
C04774,2023-12-28,R05,B2C,referral,Silver
C04775,2025-08-26,R10,B2B,social,New
C04776,2022-12-09,R05,B2C,paid_search,Bronze
C04777,2025-08-08,R01,B2C,referral,New
C04778,2024-06-11,R01,B2C,paid_search,Bronze
C04779,2023-06-27,R02,B2C,organic,Silver
C04780,2024-08-07,R10,B2C,referral,Silver
C04781,2023-07-03,R06,B2C,paid_search,Gold
C04782,2022-04-27,R06,B2B,referral,Silver
C04783,2025-04-07,R03,B2C,paid_search,Silver
C04784,2023-05-27,R11,B2C,social,Gold
C04785,2024-02-14,R03,B2C,paid_search,Bronze
C04786,2024-10-16,R09,B2C,paid_search,Silver
C04787,2022-04-24,R11,B2C,organic,Gold
C04788,2024-09-14,R05,B2C,social,Silver
C04789,2023-05-16,R10,B2C,organic,Silver
C04790,2024-01-16,R02,B2C,organic,Bronze
C04791,2023-09-18,R07,B2C,paid_search,Bronze
C04792,2024-11-30,R01,B2C,paid_search,Silver
C04793,2022-09-14,R04,B2C,paid_search,Silver
C04794,2022-05-28,R02,B2C,social,Bronze
C04795,2023-07-17,R01,B2C,social,New
C04796,2022-06-11,R01,B2C,paid_search,New
C04797,2022-11-29,R03,B2C,paid_search,Bronze
C04798,2024-06-19,R06,B2C,organic,New
C04799,2025-01-25,R04,B2C,paid_search,Bronze
C04800,2024-08-07,R03,B2C,referral,New
C04801,2023-03-11,R12,B2B,paid_search,New
C04802,2025-01-20,R11,B2C,partner,Silver
C04803,2023-07-10,R01,B2C,organic,Bronze
C04804,2022-09-05,R04,B2B,social,Silver
C04805,2024-11-01,R07,B2C,social,New
C04806,2023-12-09,R08,B2C,social,Bronze
C04807,2023-05-23,R03,B2C,social,New
C04808,2024-06-23,R08,B2C,organic,New
C04809,2024-09-19,R01,B2C,social,New
C04810,2022-11-03,R03,B2C,paid_search,Bronze
C04811,2022-06-10,R08,B2B,paid_search,New
C04812,2023-12-09,R06,B2C,organic,Silver
C04813,2022-03-12,R09,B2C,organic,Bronze
C04814,2024-05-24,R01,B2C,partner,New
C04815,2023-08-26,R02,B2C,paid_search,Silver
C04816,2022-10-21,R01,B2B,paid_search,Bronze
C04817,2024-03-30,R02,B2C,organic,Bronze
C04818,2023-05-30,R01,B2C,social,Bronze
C04819,2023-06-16,R05,B2C,social,Silver
C04820,2022-10-24,R05,B2C,partner,Bronze
C04821,2024-07-14,R07,B2C,paid_search,Gold
C04822,2025-05-21,R03,B2B,organic,Bronze
C04823,2024-04-26,R01,B2C,organic,Bronze
C04824,2022-11-21,R07,B2C,organic,Silver
C04825,2025-02-14,R01,B2B,social,Silver
C04826,2022-06-15,R10,B2C,partner,Gold
C04827,2023-02-01,R01,B2C,organic,Silver
C04828,2022-02-18,R05,B2C,paid_search,Bronze
C04829,2025-03-07,R11,B2C,social,Silver
C04830,2022-03-03,R06,B2C,paid_search,Bronze
C04831,2024-01-18,R06,B2C,social,New
C04832,2022-09-20,R07,B2C,paid_search,Bronze
C04833,2022-10-18,R01,B2C,organic,Bronze
C04834,2024-04-12,R07,B2C,paid_search,Silver
C04835,2025-01-05,R10,B2C,paid_search,Silver
C04836,2022-01-25,R12,B2C,social,Gold
C04837,2022-08-06,R04,B2C,organic,New
C04838,2023-01-28,R03,B2C,paid_search,Bronze
C04839,2025-07-15,R08,B2B,partner,Bronze
C04840,2022-03-21,R05,B2C,paid_search,Bronze
C04841,2022-09-02,R02,B2C,organic,New
C04842,2023-07-07,R02,B2C,partner,Bronze
C04843,2023-03-22,R02,B2C,organic,Silver
C04844,2022-03-08,R04,B2B,social,Bronze
C04845,2024-01-10,R02,B2C,organic,Silver
C04846,2024-04-11,R01,B2C,referral,Bronze
C04847,2022-08-31,R01,B2C,organic,Bronze
C04848,2024-07-31,R11,B2C,paid_search,Gold
C04849,2022-03-19,R01,B2C,partner,New
C04850,2024-09-28,R01,B2C,paid_search,Bronze
C04851,2022-12-21,R04,B2C,organic,Gold
C04852,2022-11-04,R02,B2B,organic,New
C04853,2022-09-26,R12,B2C,organic,Bronze
C04854,2025-04-03,R11,B2C,organic,Bronze
C04855,2023-11-19,R03,B2C,paid_search,Silver
C04856,2024-08-03,R04,B2C,paid_search,Silver
C04857,2022-10-07,R03,B2C,partner,Silver
C04858,2022-03-19,R01,B2C,referral,Gold
C04859,2022-02-22,R02,B2C,partner,Bronze
C04860,2023-08-27,R01,B2C,paid_search,Bronze
C04861,2023-03-23,R01,B2C,paid_search,Gold
C04862,2024-11-17,R06,B2C,paid_search,New
C04863,2024-12-15,R01,B2C,paid_search,Gold
C04864,2023-03-02,R01,B2C,organic,Gold
C04865,2023-08-17,R05,B2C,referral,Gold
C04866,2023-06-07,R04,B2C,social,New
C04867,2024-07-13,R01,B2C,paid_search,Bronze
C04868,2024-05-11,R01,B2C,paid_search,Silver
C04869,2024-06-10,R02,B2C,organic,Bronze
C04870,2022-03-17,R02,B2C,paid_search,Silver
C04871,2023-04-08,R09,B2C,paid_search,Bronze
C04872,2025-08-16,R11,B2C,referral,New
C04873,2023-04-13,R03,B2C,paid_search,Silver
C04874,2022-08-27,R03,B2C,paid_search,Gold
C04875,2022-10-01,R08,B2C,social,New
C04876,2022-02-06,R06,B2B,referral,New
C04877,2024-12-04,R02,B2C,referral,Silver
C04878,2022-01-08,R01,B2C,paid_search,New
C04879,2024-03-27,R04,B2C,paid_search,Silver
C04880,2023-07-01,R06,B2C,social,Silver
C04881,2022-05-10,R01,B2C,referral,Bronze
C04882,2025-04-25,R02,B2C,partner,Silver
C04883,2024-10-12,R03,B2C,paid_search,New
C04884,2025-01-27,R02,B2C,social,Bronze
C04885,2025-07-06,R04,B2B,organic,Silver
C04886,2025-06-02,R07,B2C,organic,New
C04887,2024-08-17,R05,B2C,organic,Bronze
C04888,2024-01-01,R02,B2C,organic,Silver
C04889,2024-08-12,R01,B2C,paid_search,New
C04890,2023-09-07,R09,B2C,paid_search,Bronze
C04891,2022-09-06,R05,B2C,social,Silver
C04892,2023-06-13,R01,B2B,social,Bronze
C04893,2023-10-02,R02,B2C,organic,Bronze
C04894,2022-03-05,R09,B2C,social,New
C04895,2025-03-06,R08,B2C,organic,Silver
C04896,2025-05-30,R10,B2C,organic,Bronze
C04897,2023-07-29,R06,B2C,partner,Gold
C04898,2023-11-11,R04,B2C,organic,New
C04899,2025-02-25,R04,B2C,paid_search,Silver
C04900,2023-09-15,R02,B2C,social,Silver
C04901,2024-07-31,R07,B2B,paid_search,Silver
C04902,2023-12-07,R06,B2C,paid_search,Silver
C04903,2023-01-07,R01,B2C,social,New
C04904,2024-12-23,R10,B2C,social,Bronze
C04905,2022-09-21,R03,B2C,paid_search,Bronze
C04906,2022-11-04,R01,B2C,referral,New
C04907,2024-08-04,R03,B2B,organic,Bronze
C04908,2024-08-29,R10,B2C,paid_search,Silver
C04909,2025-07-30,R11,B2C,organic,Bronze
C04910,2024-08-31,R05,B2C,organic,Gold
C04911,2022-02-03,R12,B2C,partner,Silver
C04912,2025-03-09,R10,B2C,social,Bronze
C04913,2023-07-21,R09,B2C,organic,Bronze
C04914,2022-01-12,R10,B2C,paid_search,Silver
C04915,2024-03-03,R03,B2C,organic,Bronze
C04916,2022-08-22,R08,B2C,social,New
C04917,2023-07-24,R06,B2C,paid_search,Bronze
C04918,2023-10-07,R08,B2B,partner,Silver
C04919,2022-04-12,R02,B2C,organic,Bronze
C04920,2025-03-10,R08,B2C,paid_search,Bronze
C04921,2023-11-30,R12,B2C,partner,New
C04922,2025-08-14,R03,B2C,referral,Bronze
C04923,2023-09-29,R12,B2C,organic,New
C04924,2024-03-25,R03,B2C,paid_search,Silver
C04925,2025-01-17,R02,B2C,referral,Silver
C04926,2025-05-29,R01,B2C,social,Bronze
C04927,2022-09-10,R09,B2C,social,Gold
C04928,2025-09-25,R05,B2B,social,Silver
C04929,2024-05-25,R03,B2C,partner,New
C04930,2023-12-12,R06,B2C,paid_search,Silver
C04931,2022-10-15,R03,B2C,organic,Silver
C04932,2024-02-19,R04,B2C,paid_search,Bronze
C04933,2024-01-28,R10,B2C,social,New
C04934,2025-09-08,R07,B2C,paid_search,Silver
C04935,2025-02-16,R08,B2C,paid_search,New
C04936,2023-10-24,R06,B2C,social,Bronze
C04937,2023-06-18,R12,B2C,paid_search,Silver
C04938,2023-06-14,R02,B2C,partner,Silver
C04939,2023-06-03,R02,B2C,paid_search,Silver
C04940,2022-01-19,R01,B2C,social,New
C04941,2022-02-19,R05,B2C,paid_search,Bronze
C04942,2024-10-25,R06,B2C,organic,Silver
C04943,2022-12-14,R08,B2C,paid_search,Silver
C04944,2023-07-18,R03,B2C,organic,Silver
C04945,2024-08-13,R01,B2C,referral,New
C04946,2024-04-11,R06,B2C,social,Gold
C04947,2023-05-09,R12,B2B,organic,New
C04948,2024-10-27,R02,B2C,paid_search,Bronze
C04949,2022-08-05,R02,B2C,partner,Silver
C04950,2023-10-10,R02,B2C,organic,Bronze
C04951,2022-05-25,R04,B2C,referral,Silver
C04952,2023-12-29,R02,B2C,organic,Bronze
C04953,2022-05-11,R03,B2B,organic,Gold
C04954,2025-07-13,R06,B2C,paid_search,New
C04955,2024-06-21,R03,B2C,organic,New
C04956,2022-12-03,R03,B2C,referral,Silver
C04957,2024-04-18,R01,B2C,social,Silver
C04958,2023-04-25,R11,B2C,social,Gold
C04959,2023-12-11,R03,B2C,social,Bronze
C04960,2022-08-18,R03,B2C,social,Silver
C04961,2023-11-16,R01,B2C,social,Bronze
C04962,2022-05-27,R06,B2C,social,Bronze
C04963,2022-07-29,R10,B2B,referral,New
C04964,2024-03-10,R01,B2B,paid_search,Bronze
C04965,2023-11-17,R01,B2C,paid_search,New
C04966,2023-02-06,R01,B2C,paid_search,Bronze
C04967,2022-03-24,R06,B2C,paid_search,Bronze
C04968,2023-08-03,R11,B2C,paid_search,Silver
C04969,2025-06-21,R04,B2B,paid_search,New
C04970,2024-08-27,R03,B2C,paid_search,Silver
C04971,2022-03-21,R08,B2C,organic,Silver
C04972,2025-07-07,R08,B2C,referral,Bronze
C04973,2023-08-03,R02,B2C,social,Silver
C04974,2024-02-28,R02,B2B,paid_search,Bronze
C04975,2022-01-01,R03,B2C,partner,New
C04976,2023-03-01,R08,B2C,partner,Silver
C04977,2024-12-12,R07,B2C,referral,Silver
C04978,2023-03-29,R07,B2B,organic,Bronze
C04979,2022-08-16,R09,B2C,paid_search,Gold
C04980,2022-05-05,R02,B2C,paid_search,Silver
C04981,2025-06-20,R03,B2C,social,Bronze
C04982,2025-01-17,R01,B2C,social,New
C04983,2022-03-02,R10,B2C,social,Gold
C04984,2025-06-20,R06,B2C,referral,Gold
C04985,2025-01-28,R03,B2C,partner,Silver
C04986,2023-05-08,R01,B2B,paid_search,Silver
C04987,2024-06-17,R08,B2C,referral,Bronze
C04988,2022-12-20,R08,B2C,referral,New
C04989,2022-12-08,R07,B2B,paid_search,Gold
C04990,2024-09-05,R02,B2C,referral,Silver
C04991,2022-10-05,R11,B2C,organic,Bronze
C04992,2023-05-02,R08,B2B,organic,Silver
C04993,2023-05-05,R07,B2C,partner,Bronze
C04994,2022-07-25,R07,B2C,paid_search,New
C04995,2025-02-08,R11,B2C,paid_search,Silver
C04996,2024-07-11,R11,B2C,partner,New
C04997,2025-03-26,R06,B2C,paid_search,New
C04998,2022-08-28,R04,B2C,organic,New
C04999,2023-01-18,R03,B2C,organic,Bronze
C05000,2023-04-29,R09,B2C,paid_search,Gold
C05001,2025-07-13,R07,B2B,organic,New
C05002,2022-11-22,R01,B2C,organic,Bronze
C05003,2024-08-06,R01,B2B,referral,Silver
C05004,2022-06-17,R11,B2C,paid_search,Gold
C05005,2025-08-01,R10,B2C,paid_search,Silver
C05006,2024-06-03,R11,B2C,organic,Gold
C05007,2023-08-13,R04,B2C,paid_search,Silver
C05008,2023-04-19,R09,B2C,social,Silver
C05009,2023-05-01,R09,B2C,paid_search,Bronze
C05010,2022-11-05,R03,B2C,paid_search,Bronze
C05011,2024-04-01,R01,B2C,paid_search,Bronze
C05012,2025-03-31,R12,B2C,organic,Silver
C05013,2022-11-27,R01,B2C,organic,Silver
C05014,2024-10-21,R06,B2C,paid_search,Silver
C05015,2024-02-15,R07,B2C,organic,Silver
C05016,2024-11-25,R07,B2C,organic,Silver
C05017,2024-11-19,R02,B2C,organic,New
C05018,2022-02-23,R08,B2B,referral,Bronze
C05019,2022-01-30,R02,B2C,paid_search,Bronze
C05020,2025-06-06,R09,B2C,paid_search,New
C05021,2022-08-01,R02,B2C,social,Gold
C05022,2024-02-26,R07,B2C,paid_search,New
C05023,2024-10-27,R09,B2C,organic,New
C05024,2023-11-21,R02,B2C,paid_search,Silver
C05025,2022-01-09,R02,B2B,paid_search,New
C05026,2022-01-15,R08,B2C,paid_search,Bronze
C05027,2024-07-05,R01,B2C,organic,New
C05028,2025-05-13,R02,B2C,partner,New
C05029,2023-04-16,R04,B2B,social,Silver
C05030,2024-01-15,R11,B2C,organic,Bronze
C05031,2025-07-02,R06,B2C,referral,Bronze
C05032,2025-02-03,R03,B2C,organic,New
C05033,2024-01-10,R12,B2C,organic,Bronze
C05034,2024-06-16,R04,B2C,organic,Bronze
C05035,2025-08-09,R04,B2C,partner,New
C05036,2024-12-26,R04,B2C,organic,Silver
C05037,2023-07-24,R03,B2C,referral,Bronze
C05038,2024-08-06,R03,B2C,social,Gold
C05039,2023-03-27,R07,B2C,paid_search,Silver
C05040,2025-06-14,R01,B2C,paid_search,Bronze
C05041,2022-05-09,R07,B2C,organic,New
C05042,2022-11-05,R02,B2C,social,Silver
C05043,2023-04-19,R03,B2C,paid_search,Bronze
C05044,2022-10-04,R01,B2C,paid_search,Silver
C05045,2024-03-25,R05,B2C,organic,Bronze
C05046,2024-09-02,R08,B2C,referral,New
C05047,2025-05-04,R03,B2C,social,Silver
C05048,2023-11-18,R02,B2B,paid_search,Silver
C05049,2024-04-30,R02,B2C,paid_search,New
C05050,2024-03-31,R09,B2C,paid_search,Silver
C05051,2022-01-05,R02,B2C,paid_search,Bronze
C05052,2024-08-27,R08,B2C,organic,Silver
C05053,2022-02-01,R03,B2C,social,Gold
C05054,2024-01-20,R02,B2C,organic,New
C05055,2025-09-30,R08,B2C,organic,New
C05056,2024-12-14,R04,B2C,organic,New
C05057,2023-11-25,R01,B2C,organic,Gold
C05058,2023-03-13,R12,B2C,paid_search,New
C05059,2025-02-20,R01,B2C,social,Silver
C05060,2025-03-21,R03,B2C,paid_search,Silver
C05061,2023-05-19,R03,B2C,paid_search,Silver
C05062,2022-05-28,R05,B2C,paid_search,New
C05063,2024-03-08,R09,B2C,social,New
C05064,2024-05-17,R01,B2C,referral,Gold
C05065,2025-07-02,R11,B2C,referral,Bronze
C05066,2025-05-03,R07,B2C,referral,New
C05067,2022-11-10,R11,B2C,referral,New
C05068,2022-12-12,R09,B2C,referral,Silver
C05069,2025-09-26,R11,B2C,paid_search,Gold
C05070,2023-03-24,R06,B2C,social,Bronze
C05071,2023-09-20,R03,B2C,social,Bronze
C05072,2023-02-23,R04,B2C,organic,Silver
C05073,2023-06-23,R07,B2C,paid_search,New
C05074,2024-02-12,R04,B2C,partner,Gold
C05075,2023-02-05,R08,B2C,paid_search,Bronze
C05076,2023-07-20,R01,B2C,organic,New
C05077,2023-04-28,R09,B2C,paid_search,Bronze
C05078,2022-05-28,R02,B2B,organic,New
C05079,2024-12-12,R11,B2C,paid_search,Bronze
C05080,2025-05-05,R01,B2C,paid_search,Silver
C05081,2023-11-05,R01,B2C,paid_search,Bronze
C05082,2022-10-08,R09,B2C,paid_search,Silver
C05083,2024-05-30,R09,B2C,organic,New
C05084,2024-01-02,R08,B2C,paid_search,Bronze
C05085,2024-01-25,R12,B2C,organic,Bronze
C05086,2024-03-25,R02,B2C,paid_search,Bronze
C05087,2024-09-09,R09,B2C,social,New
C05088,2022-02-25,R03,B2C,organic,Silver
C05089,2022-05-17,R05,B2C,partner,New
C05090,2022-05-12,R04,B2C,social,New
C05091,2022-07-31,R01,B2C,organic,New
C05092,2025-08-23,R06,B2C,paid_search,Silver
C05093,2024-09-26,R08,B2C,organic,New
C05094,2024-06-28,R02,B2B,organic,New
C05095,2024-08-14,R11,B2C,partner,Bronze
C05096,2022-02-15,R05,B2C,social,Bronze
C05097,2022-10-20,R02,B2C,referral,New
C05098,2024-12-23,R07,B2C,social,Silver
C05099,2023-09-26,R02,B2C,referral,Silver
C05100,2023-11-28,R01,B2C,referral,New
C05101,2024-10-24,R07,B2C,organic,New
C05102,2022-04-13,R01,B2C,organic,Bronze
C05103,2024-12-29,R01,B2C,paid_search,Gold
C05104,2024-07-20,R08,B2C,paid_search,Silver
C05105,2023-07-07,R01,B2C,paid_search,Bronze
C05106,2023-11-15,R09,B2B,organic,Gold
C05107,2022-04-12,R09,B2C,referral,Bronze
C05108,2022-10-08,R01,B2C,organic,Bronze
C05109,2022-12-04,R05,B2C,referral,Gold
C05110,2025-04-16,R01,B2C,paid_search,Silver
C05111,2022-06-04,R06,B2B,organic,Bronze
C05112,2023-02-03,R01,B2C,referral,Silver
C05113,2022-06-30,R11,B2C,paid_search,Gold
C05114,2023-01-25,R02,B2C,social,New
C05115,2022-01-15,R07,B2C,referral,Bronze
C05116,2023-01-09,R01,B2C,organic,Bronze
C05117,2024-09-17,R02,B2C,organic,Gold
C05118,2024-11-16,R04,B2C,organic,New
C05119,2023-06-04,R06,B2C,organic,New
C05120,2024-08-24,R12,B2B,partner,Bronze
C05121,2024-04-26,R01,B2C,referral,New
C05122,2025-05-21,R01,B2C,paid_search,Silver
C05123,2025-01-06,R03,B2C,social,Bronze
C05124,2022-11-10,R03,B2C,partner,Silver
C05125,2024-03-16,R10,B2C,organic,Silver
C05126,2024-12-12,R11,B2C,organic,Bronze
C05127,2023-02-23,R10,B2C,referral,Silver
C05128,2024-02-24,R01,B2C,social,New
C05129,2023-07-02,R04,B2C,organic,Silver
C05130,2023-02-27,R08,B2C,paid_search,Silver
C05131,2022-09-30,R03,B2C,organic,New
C05132,2022-02-18,R07,B2C,social,New
C05133,2024-10-23,R02,B2C,social,Bronze
C05134,2025-01-26,R03,B2B,organic,Bronze
C05135,2024-06-11,R10,B2C,referral,Silver
C05136,2022-11-27,R02,B2C,paid_search,New
C05137,2022-01-26,R12,B2B,social,New
C05138,2024-05-14,R03,B2C,social,Gold
C05139,2022-10-01,R01,B2B,paid_search,New
C05140,2024-01-22,R02,B2B,organic,Gold
C05141,2025-08-21,R02,B2C,organic,Silver
C05142,2022-01-07,R05,B2B,social,Silver
C05143,2024-03-01,R01,B2C,social,Bronze
C05144,2025-09-23,R06,B2C,organic,Gold
C05145,2023-04-03,R10,B2C,partner,Gold
C05146,2025-01-19,R03,B2C,referral,Silver
C05147,2025-02-07,R02,B2C,organic,Silver
C05148,2023-10-28,R03,B2C,organic,Bronze
C05149,2023-02-25,R09,B2C,paid_search,New
C05150,2024-07-20,R06,B2C,organic,Gold
C05151,2024-04-28,R01,B2C,partner,New
C05152,2023-10-15,R05,B2C,social,Bronze
C05153,2022-09-21,R04,B2C,organic,Bronze
C05154,2024-10-16,R03,B2C,paid_search,Silver
C05155,2022-10-17,R01,B2B,organic,Silver
C05156,2022-07-03,R12,B2C,paid_search,Silver
C05157,2022-04-03,R02,B2C,organic,New
C05158,2023-09-04,R02,B2C,referral,New
C05159,2022-06-14,R01,B2C,social,New
C05160,2023-04-05,R06,B2C,referral,Gold
C05161,2022-11-28,R04,B2C,organic,New
C05162,2023-09-22,R02,B2C,paid_search,Gold
C05163,2024-11-30,R04,B2C,referral,New
C05164,2023-09-09,R07,B2C,paid_search,Gold
C05165,2024-02-02,R02,B2C,paid_search,Bronze
C05166,2022-07-15,R11,B2C,partner,Silver
C05167,2022-06-04,R03,B2B,referral,Silver
C05168,2025-08-29,R02,B2C,referral,Silver
C05169,2024-04-28,R12,B2C,paid_search,Silver
C05170,2022-01-22,R09,B2B,social,Bronze
C05171,2024-02-13,R03,B2C,paid_search,Gold
C05172,2022-01-14,R10,B2C,paid_search,Silver
C05173,2022-04-16,R05,B2C,organic,New
C05174,2023-05-27,R03,B2C,referral,Bronze
C05175,2024-06-17,R09,B2C,paid_search,Bronze
C05176,2024-04-29,R08,B2C,social,Gold
C05177,2024-12-18,R03,B2C,referral,Silver
C05178,2022-09-03,R06,B2C,referral,Bronze
C05179,2022-09-20,R03,B2C,organic,Silver
C05180,2023-12-31,R01,B2B,social,New
C05181,2025-04-04,R12,B2C,paid_search,Bronze
C05182,2024-09-16,R05,B2C,organic,Silver
C05183,2024-07-05,R06,B2C,organic,New
C05184,2022-05-09,R06,B2C,social,Bronze
C05185,2025-04-16,R05,B2C,referral,New
C05186,2025-09-09,R02,B2C,partner,New
C05187,2024-03-08,R12,B2C,paid_search,New
C05188,2023-04-06,R06,B2C,paid_search,New
C05189,2024-06-26,R07,B2C,organic,Bronze
C05190,2024-05-29,R04,B2C,partner,Gold
C05191,2022-06-01,R02,B2C,referral,New
C05192,2023-12-07,R01,B2C,partner,Gold
C05193,2024-08-29,R03,B2C,paid_search,Silver
C05194,2023-04-23,R02,B2C,organic,New
C05195,2025-02-24,R07,B2C,paid_search,Bronze
C05196,2022-03-30,R10,B2C,paid_search,New
C05197,2022-05-25,R03,B2C,paid_search,Silver
C05198,2024-12-18,R03,B2C,organic,Silver
C05199,2022-06-22,R07,B2C,organic,Bronze
C05200,2023-07-27,R01,B2C,paid_search,New
C05201,2023-01-20,R11,B2C,partner,New
C05202,2024-07-31,R03,B2C,social,Silver
C05203,2022-01-17,R01,B2C,referral,New
C05204,2023-05-04,R02,B2C,organic,Bronze
C05205,2025-09-11,R11,B2C,social,Silver
C05206,2023-05-20,R02,B2B,paid_search,Silver
C05207,2024-03-30,R07,B2C,organic,New
C05208,2025-09-14,R01,B2C,paid_search,Bronze
C05209,2024-04-11,R02,B2B,organic,Bronze
C05210,2024-10-30,R10,B2C,referral,Silver
C05211,2025-08-05,R01,B2C,referral,Bronze
C05212,2024-04-24,R01,B2C,organic,Bronze
C05213,2025-02-13,R05,B2C,social,New
C05214,2023-11-27,R10,B2B,paid_search,Silver
C05215,2025-01-19,R03,B2C,organic,Silver
C05216,2024-05-28,R01,B2C,social,Silver
C05217,2023-04-10,R12,B2C,referral,Silver
C05218,2024-02-04,R07,B2C,referral,Gold
C05219,2023-04-04,R10,B2C,organic,Gold
C05220,2023-06-28,R08,B2C,paid_search,Bronze
C05221,2023-02-04,R07,B2C,organic,New
C05222,2023-11-04,R03,B2C,organic,Gold
C05223,2023-04-20,R03,B2C,organic,Silver
C05224,2024-05-07,R08,B2C,organic,Gold
C05225,2023-05-21,R08,B2C,paid_search,Bronze
C05226,2023-11-04,R11,B2C,paid_search,Gold
C05227,2022-07-11,R06,B2C,social,New
C05228,2023-06-14,R02,B2C,paid_search,Silver
C05229,2023-05-03,R05,B2C,organic,Bronze
C05230,2025-08-08,R06,B2C,partner,New
C05231,2023-09-04,R04,B2C,referral,New
C05232,2022-01-30,R09,B2B,organic,New
C05233,2023-02-28,R06,B2C,paid_search,New
C05234,2024-09-25,R01,B2C,organic,Gold
C05235,2022-08-15,R06,B2C,partner,Gold
C05236,2022-08-12,R06,B2B,paid_search,Gold
C05237,2023-05-27,R11,B2C,organic,Gold
C05238,2023-05-04,R04,B2C,social,Silver
C05239,2023-10-21,R06,B2C,social,Gold
C05240,2022-02-16,R04,B2C,organic,New
C05241,2024-09-13,R05,B2C,paid_search,Bronze
C05242,2022-10-20,R01,B2C,paid_search,Gold
C05243,2024-08-31,R11,B2C,organic,Bronze
C05244,2024-02-12,R11,B2C,organic,Silver
C05245,2022-10-05,R05,B2C,referral,Bronze
C05246,2023-10-05,R05,B2C,social,Bronze
C05247,2022-02-20,R01,B2C,social,Bronze
C05248,2024-08-18,R06,B2C,social,Silver
C05249,2023-02-20,R04,B2C,paid_search,Bronze
C05250,2023-06-09,R07,B2C,paid_search,Bronze
C05251,2022-08-04,R01,B2C,social,Silver
C05252,2023-05-15,R08,B2C,organic,Bronze
C05253,2023-06-26,R02,B2C,organic,Bronze
C05254,2022-11-04,R07,B2B,organic,Silver
C05255,2025-09-02,R06,B2C,social,Bronze
C05256,2023-01-19,R02,B2C,social,Gold
C05257,2022-09-05,R04,B2C,paid_search,Bronze
C05258,2024-01-21,R09,B2B,paid_search,Gold
C05259,2023-03-13,R06,B2C,referral,Silver
C05260,2023-09-14,R01,B2C,organic,Gold
C05261,2024-09-19,R04,B2C,paid_search,Silver
C05262,2022-04-18,R03,B2C,referral,Silver
C05263,2023-11-29,R07,B2C,social,Bronze
C05264,2022-01-30,R06,B2C,paid_search,Bronze
C05265,2022-03-02,R01,B2C,organic,New
C05266,2022-05-07,R06,B2C,partner,New
C05267,2022-08-10,R08,B2C,paid_search,New
C05268,2023-04-24,R08,B2C,referral,Silver
C05269,2025-07-04,R01,B2C,referral,New
C05270,2025-05-25,R03,B2C,referral,Silver
C05271,2022-05-22,R04,B2C,organic,New
C05272,2025-09-18,R02,B2C,paid_search,New
C05273,2024-05-19,R04,B2C,organic,Bronze
C05274,2024-01-29,R01,B2B,organic,Gold
C05275,2024-12-20,R01,B2C,organic,Bronze
C05276,2023-10-26,R07,B2C,paid_search,Gold
C05277,2022-12-30,R02,B2C,paid_search,New
C05278,2023-12-27,R08,B2C,social,Bronze
C05279,2024-09-19,R01,B2C,organic,New
C05280,2024-07-23,R06,B2C,organic,Bronze
C05281,2022-08-21,R03,B2C,paid_search,New
C05282,2025-07-08,R09,B2C,social,New
C05283,2023-01-25,R09,B2C,organic,Silver
C05284,2025-01-27,R03,B2B,social,Silver
C05285,2023-03-03,R06,B2C,paid_search,New
C05286,2022-03-28,R02,B2C,paid_search,Gold
C05287,2025-09-26,R06,B2C,referral,Silver
C05288,2024-03-17,R01,B2C,paid_search,Bronze
C05289,2022-10-21,R04,B2C,social,Bronze
C05290,2022-01-01,R02,B2C,partner,Bronze
C05291,2022-06-26,R10,B2C,organic,Silver
C05292,2022-08-21,R04,B2C,paid_search,Bronze
C05293,2025-06-21,R06,B2C,partner,New
C05294,2022-08-31,R03,B2B,referral,New
C05295,2022-08-10,R02,B2C,social,Bronze
C05296,2025-02-20,R02,B2C,organic,Bronze
C05297,2025-04-18,R11,B2C,paid_search,Silver
C05298,2022-10-14,R09,B2C,referral,Gold
C05299,2024-06-09,R01,B2C,social,Bronze
C05300,2024-01-02,R08,B2C,organic,Bronze
C05301,2024-02-29,R04,B2C,organic,New
C05302,2023-03-03,R01,B2C,referral,Bronze
C05303,2024-10-25,R05,B2B,paid_search,Silver
C05304,2025-04-21,R01,B2C,partner,Gold
C05305,2024-09-20,R02,B2C,paid_search,Silver
C05306,2025-05-21,R07,B2C,paid_search,New
C05307,2022-06-01,R02,B2B,organic,Gold
C05308,2024-06-18,R10,B2C,paid_search,Silver
C05309,2025-09-30,R07,B2C,paid_search,New
C05310,2024-01-04,R09,B2C,organic,Gold
C05311,2025-07-13,R06,B2C,paid_search,Silver
C05312,2023-04-22,R10,B2C,organic,Silver
C05313,2025-05-12,R03,B2C,referral,Bronze
C05314,2025-07-09,R05,B2C,organic,New
C05315,2024-05-01,R05,B2C,paid_search,Silver
C05316,2024-08-22,R11,B2C,social,Bronze
C05317,2023-12-17,R02,B2C,organic,Gold
C05318,2023-03-10,R06,B2C,paid_search,New
C05319,2024-01-05,R08,B2C,referral,Bronze
C05320,2025-08-10,R03,B2C,social,Silver
C05321,2022-01-21,R10,B2B,paid_search,Bronze
C05322,2022-10-08,R03,B2C,referral,Bronze
C05323,2023-11-15,R02,B2C,partner,Silver
C05324,2023-04-10,R06,B2C,referral,Silver
C05325,2024-05-03,R04,B2C,paid_search,Bronze
C05326,2023-05-09,R01,B2C,social,Bronze
C05327,2024-06-20,R01,B2C,paid_search,Silver
C05328,2023-03-31,R02,B2C,organic,Bronze
C05329,2024-08-06,R08,B2C,paid_search,Silver
C05330,2023-10-08,R10,B2C,referral,Silver
C05331,2024-09-04,R05,B2C,organic,Bronze
C05332,2024-05-21,R01,B2C,referral,New
C05333,2023-03-26,R05,B2C,partner,New
C05334,2023-08-10,R10,B2C,organic,Bronze
C05335,2025-08-13,R08,B2C,organic,Silver
C05336,2025-08-10,R02,B2C,partner,Silver
C05337,2022-02-18,R01,B2C,organic,Gold
C05338,2024-08-23,R11,B2C,referral,Silver
C05339,2023-11-04,R10,B2C,organic,Silver
C05340,2022-01-02,R01,B2C,organic,Silver
C05341,2024-05-18,R09,B2B,organic,Bronze
C05342,2022-02-01,R01,B2C,organic,Silver
C05343,2023-03-13,R01,B2C,partner,Bronze
C05344,2024-08-03,R08,B2C,organic,Bronze
C05345,2025-01-17,R05,B2C,organic,Gold
C05346,2023-07-19,R04,B2C,social,Bronze
C05347,2025-01-12,R11,B2C,partner,New
C05348,2023-09-05,R09,B2C,paid_search,Bronze
C05349,2022-08-25,R01,B2B,referral,Gold
C05350,2024-06-21,R06,B2C,organic,New
C05351,2022-01-19,R08,B2C,referral,Gold
C05352,2025-05-07,R05,B2C,social,Gold
C05353,2023-06-16,R12,B2C,referral,Bronze
C05354,2024-11-06,R07,B2B,social,Bronze
C05355,2024-10-04,R01,B2C,partner,New
C05356,2023-10-10,R02,B2C,paid_search,New
C05357,2025-08-23,R09,B2C,social,Bronze
C05358,2024-12-26,R12,B2C,social,Silver
C05359,2025-04-24,R01,B2C,organic,Gold
C05360,2022-05-09,R01,B2C,partner,New
C05361,2023-10-25,R08,B2C,referral,Bronze
C05362,2025-07-27,R01,B2C,referral,Bronze
C05363,2025-01-17,R01,B2C,paid_search,Bronze
C05364,2023-09-14,R10,B2C,referral,Bronze
C05365,2022-04-07,R09,B2C,paid_search,Gold
C05366,2023-01-22,R10,B2C,partner,Bronze
C05367,2024-02-23,R07,B2C,organic,New
C05368,2024-05-28,R03,B2C,social,Silver
C05369,2025-06-19,R11,B2C,organic,New
C05370,2022-05-08,R03,B2C,social,Gold
C05371,2023-06-27,R02,B2C,paid_search,Gold
C05372,2023-01-08,R10,B2C,referral,New
C05373,2025-08-07,R07,B2C,referral,Bronze
C05374,2022-08-16,R11,B2C,paid_search,Silver
C05375,2022-10-30,R01,B2C,referral,Bronze
C05376,2023-02-12,R12,B2C,social,Bronze
C05377,2022-05-25,R06,B2B,paid_search,Gold
C05378,2024-05-30,R07,B2C,paid_search,New
C05379,2023-12-20,R11,B2B,organic,Bronze
C05380,2024-02-03,R03,B2C,organic,New
C05381,2025-05-27,R08,B2C,paid_search,Bronze
C05382,2023-08-16,R07,B2C,paid_search,Silver
C05383,2023-03-03,R09,B2C,paid_search,Silver
C05384,2023-05-29,R11,B2C,partner,Silver
C05385,2024-12-31,R07,B2B,organic,New
C05386,2023-12-25,R01,B2B,referral,Silver
C05387,2022-08-20,R02,B2C,referral,Bronze
C05388,2024-08-02,R12,B2C,social,Bronze
C05389,2024-10-17,R12,B2C,paid_search,New
C05390,2022-12-09,R12,B2C,organic,Bronze
C05391,2024-02-02,R01,B2C,referral,Bronze
C05392,2024-02-11,R03,B2B,social,Bronze
C05393,2022-08-28,R08,B2C,referral,Bronze
C05394,2022-01-13,R08,B2C,organic,Bronze
C05395,2024-09-10,R01,B2B,paid_search,Silver
C05396,2024-04-22,R06,B2C,paid_search,Bronze
C05397,2024-09-04,R01,B2C,social,Gold
C05398,2023-06-01,R05,B2C,social,New
C05399,2023-12-07,R02,B2C,organic,New
C05400,2025-09-05,R01,B2C,organic,New
C05401,2022-11-05,R01,B2C,organic,New
C05402,2024-06-12,R11,B2C,organic,Bronze
C05403,2022-07-01,R08,B2C,organic,New
C05404,2022-03-31,R11,B2C,organic,New
C05405,2025-08-03,R04,B2C,paid_search,Bronze
C05406,2022-06-27,R04,B2C,social,Bronze
C05407,2024-06-16,R03,B2C,referral,Silver
C05408,2023-12-05,R06,B2C,paid_search,Bronze
C05409,2025-01-12,R03,B2C,organic,Gold
C05410,2024-01-19,R08,B2C,social,New
C05411,2024-08-12,R09,B2C,paid_search,Bronze
C05412,2025-05-09,R10,B2B,organic,Bronze
C05413,2025-02-09,R02,B2C,paid_search,Silver
C05414,2024-09-15,R05,B2C,partner,New
C05415,2022-08-11,R02,B2C,paid_search,Gold
C05416,2022-08-20,R01,B2C,partner,Silver
C05417,2023-11-12,R07,B2C,organic,Bronze
C05418,2024-06-20,R05,B2C,organic,Bronze
C05419,2024-07-02,R08,B2C,organic,Bronze
C05420,2024-12-12,R01,B2C,referral,New
C05421,2022-05-22,R12,B2C,paid_search,Gold
C05422,2022-08-26,R12,B2C,social,Silver
C05423,2022-07-25,R04,B2B,partner,New
C05424,2024-01-11,R10,B2B,paid_search,New
C05425,2024-05-17,R02,B2C,organic,Bronze
C05426,2022-06-08,R08,B2C,social,Silver
C05427,2025-04-04,R10,B2C,organic,Bronze
C05428,2023-02-20,R09,B2B,social,Silver
C05429,2024-06-23,R09,B2C,referral,New
C05430,2024-10-25,R04,B2B,paid_search,Gold
C05431,2022-02-19,R09,B2C,paid_search,New
C05432,2025-03-29,R07,B2C,paid_search,Bronze
C05433,2025-08-21,R01,B2C,organic,Gold
C05434,2025-08-05,R01,B2C,organic,Silver
C05435,2022-07-10,R08,B2C,paid_search,Bronze
C05436,2023-06-22,R06,B2C,organic,Gold
C05437,2022-11-15,R05,B2C,organic,New
C05438,2023-09-10,R11,B2C,social,New
C05439,2025-08-27,R07,B2C,paid_search,New
C05440,2024-11-10,R03,B2C,paid_search,Bronze
C05441,2024-11-21,R04,B2C,partner,Silver
C05442,2023-08-01,R06,B2C,organic,Bronze
C05443,2025-07-06,R08,B2C,organic,Bronze
C05444,2025-06-13,R06,B2C,referral,Silver
C05445,2025-01-09,R05,B2C,organic,Bronze
C05446,2024-06-11,R08,B2C,partner,New
C05447,2022-05-11,R07,B2B,social,Bronze
C05448,2023-01-25,R09,B2C,paid_search,Silver
C05449,2023-03-24,R01,B2C,organic,Bronze
C05450,2022-08-25,R08,B2C,paid_search,Gold
C05451,2025-07-20,R05,B2C,referral,Silver
C05452,2023-10-31,R01,B2C,organic,Silver
C05453,2025-03-24,R07,B2C,referral,Silver
C05454,2023-01-25,R08,B2C,referral,Silver
C05455,2023-05-08,R05,B2C,social,Gold
C05456,2023-04-15,R09,B2C,organic,Silver
C05457,2023-05-27,R03,B2C,social,Bronze
C05458,2023-08-23,R02,B2C,social,New
C05459,2023-02-12,R03,B2C,organic,Silver
C05460,2025-01-19,R04,B2C,referral,Bronze
C05461,2023-03-23,R07,B2C,organic,Silver
C05462,2023-08-28,R10,B2C,partner,Gold
C05463,2025-03-24,R08,B2B,organic,Bronze
C05464,2023-08-22,R02,B2C,organic,Bronze
C05465,2022-01-15,R03,B2C,social,New
C05466,2022-01-01,R01,B2C,organic,Bronze
C05467,2023-08-20,R07,B2C,organic,Silver
C05468,2024-06-06,R02,B2C,organic,Bronze
C05469,2025-07-14,R05,B2C,referral,Bronze
C05470,2022-06-29,R09,B2C,organic,Bronze
C05471,2024-01-13,R07,B2C,social,Bronze
C05472,2023-01-31,R03,B2C,social,New
C05473,2023-09-09,R03,B2C,paid_search,New
C05474,2023-08-29,R07,B2C,paid_search,Silver
C05475,2023-03-04,R05,B2C,organic,Bronze
C05476,2022-01-25,R01,B2C,partner,New
C05477,2022-04-12,R10,B2C,referral,Bronze
C05478,2023-12-17,R05,B2C,partner,Silver
C05479,2022-11-04,R04,B2C,social,Silver
C05480,2023-03-24,R02,B2C,referral,Bronze
C05481,2022-05-04,R03,B2C,partner,Bronze
C05482,2022-03-09,R03,B2C,paid_search,Silver
C05483,2022-06-23,R02,B2C,referral,Gold
C05484,2023-06-01,R06,B2C,organic,Silver
C05485,2022-08-12,R04,B2C,organic,Silver
C05486,2022-11-13,R10,B2C,paid_search,New
C05487,2023-02-18,R11,B2C,paid_search,Bronze
C05488,2023-02-03,R02,B2C,paid_search,Gold
C05489,2022-01-16,R01,B2C,paid_search,New
C05490,2022-06-10,R09,B2C,paid_search,Bronze
C05491,2025-07-24,R12,B2C,referral,Silver
C05492,2024-07-03,R10,B2C,paid_search,Gold
C05493,2022-06-19,R01,B2C,paid_search,New
C05494,2023-01-24,R02,B2C,social,Gold
C05495,2023-06-09,R01,B2B,social,New
C05496,2025-05-24,R09,B2C,referral,Gold
C05497,2025-04-19,R06,B2C,organic,Gold
C05498,2024-11-20,R05,B2C,organic,Silver
C05499,2023-11-03,R05,B2C,partner,Gold
C05500,2023-10-25,R02,B2C,organic,Gold
C05501,2024-05-22,R06,B2C,social,Gold
C05502,2025-03-02,R01,B2C,paid_search,Bronze
C05503,2023-03-16,R07,B2C,paid_search,Bronze
C05504,2024-02-02,R08,B2C,referral,New
C05505,2022-12-28,R07,B2C,paid_search,New
C05506,2022-10-15,R03,B2C,organic,Silver
C05507,2023-03-05,R09,B2C,social,New
C05508,2024-10-03,R08,B2B,organic,Gold
C05509,2023-08-23,R01,B2C,organic,New
C05510,2024-07-21,R02,B2C,paid_search,New
C05511,2024-08-04,R06,B2C,paid_search,New
C05512,2023-05-11,R02,B2C,social,New
C05513,2025-07-31,R01,B2C,paid_search,New
C05514,2022-03-05,R01,B2C,paid_search,Silver
C05515,2025-05-12,R02,B2C,paid_search,Bronze
C05516,2022-01-11,R05,B2C,referral,Silver
C05517,2023-06-08,R06,B2C,organic,Bronze
C05518,2025-02-03,R02,B2C,partner,Silver
C05519,2024-07-25,R08,B2C,paid_search,Silver
C05520,2023-03-17,R02,B2C,paid_search,New
C05521,2025-04-27,R03,B2C,social,New
C05522,2022-07-08,R02,B2C,paid_search,Silver
C05523,2024-07-07,R09,B2C,social,Silver
C05524,2023-12-11,R12,B2C,referral,New
C05525,2022-10-11,R05,B2C,referral,Silver
C05526,2025-06-14,R01,B2C,paid_search,Bronze
C05527,2024-11-13,R02,B2C,social,New
C05528,2022-01-12,R01,B2B,paid_search,New
C05529,2022-04-29,R10,B2C,referral,Silver
C05530,2022-03-18,R01,B2C,organic,Bronze
C05531,2023-07-23,R12,B2C,organic,Bronze
C05532,2023-07-25,R06,B2C,paid_search,New
C05533,2024-09-18,R05,B2C,organic,New
C05534,2024-07-14,R10,B2C,social,New
C05535,2022-01-21,R01,B2B,organic,Bronze
C05536,2023-10-14,R08,B2C,organic,Silver
C05537,2024-12-10,R01,B2C,social,Silver
C05538,2025-05-13,R10,B2C,paid_search,New
C05539,2023-02-04,R05,B2C,partner,New
C05540,2022-03-02,R01,B2C,organic,New
C05541,2022-07-29,R09,B2C,organic,Silver
C05542,2023-04-11,R01,B2C,organic,Bronze
C05543,2023-08-30,R01,B2C,paid_search,Silver
C05544,2023-04-26,R09,B2C,organic,Bronze
C05545,2022-05-04,R04,B2C,referral,Silver
C05546,2023-04-11,R10,B2C,organic,Silver
C05547,2023-02-01,R06,B2C,partner,Silver
C05548,2023-10-30,R06,B2C,paid_search,Bronze
C05549,2022-04-19,R02,B2C,social,New
C05550,2024-12-18,R01,B2C,organic,Bronze
C05551,2023-07-25,R12,B2C,organic,Gold
C05552,2023-03-12,R01,B2C,paid_search,Bronze
C05553,2025-05-26,R05,B2C,paid_search,Silver
C05554,2024-10-16,R02,B2C,paid_search,Gold
C05555,2022-07-07,R02,B2C,paid_search,Bronze
C05556,2022-07-20,R06,B2C,organic,Bronze
C05557,2022-01-03,R09,B2C,partner,New
C05558,2024-02-07,R08,B2C,organic,Silver
C05559,2023-05-01,R10,B2C,organic,Gold
C05560,2023-05-29,R02,B2C,paid_search,Gold
C05561,2023-11-29,R04,B2C,organic,New
C05562,2024-01-09,R01,B2C,paid_search,Gold
C05563,2022-01-02,R08,B2C,social,Bronze
C05564,2022-05-28,R03,B2C,social,Silver
C05565,2024-12-16,R06,B2C,social,New
C05566,2025-07-29,R02,B2C,organic,New
C05567,2025-02-20,R09,B2C,organic,Silver
C05568,2025-05-25,R09,B2C,referral,Bronze
C05569,2023-09-27,R10,B2C,organic,Gold
C05570,2025-02-05,R01,B2C,paid_search,Bronze
C05571,2025-04-22,R12,B2C,paid_search,Gold
C05572,2025-05-07,R02,B2C,social,Bronze
C05573,2022-07-24,R03,B2C,organic,New
C05574,2022-07-20,R02,B2C,referral,New
C05575,2023-07-06,R02,B2C,paid_search,Silver
C05576,2023-11-21,R05,B2C,partner,Silver
C05577,2025-08-04,R02,B2C,organic,New
C05578,2023-03-12,R03,B2C,social,Bronze
C05579,2025-02-12,R07,B2C,paid_search,Bronze
C05580,2025-04-29,R09,B2C,referral,Silver
C05581,2025-08-14,R07,B2C,paid_search,Silver
C05582,2022-09-17,R06,B2B,referral,Silver
C05583,2022-11-28,R01,B2C,social,Bronze
C05584,2022-10-29,R09,B2C,social,New
C05585,2024-10-03,R01,B2C,organic,New
C05586,2024-07-29,R02,B2C,organic,Gold
C05587,2023-07-12,R01,B2C,partner,Bronze
C05588,2022-05-02,R07,B2B,partner,New
C05589,2023-12-14,R03,B2C,organic,Silver
C05590,2024-09-29,R07,B2C,organic,Silver
C05591,2023-10-12,R03,B2C,organic,Bronze
C05592,2023-01-03,R04,B2C,organic,New
C05593,2024-03-21,R04,B2C,organic,Silver
C05594,2024-06-23,R01,B2C,referral,Silver
C05595,2025-04-10,R04,B2C,organic,Bronze
C05596,2023-03-06,R07,B2C,referral,Bronze
C05597,2024-04-14,R05,B2C,partner,Bronze
C05598,2025-03-16,R01,B2C,organic,Silver
C05599,2022-10-19,R07,B2B,paid_search,Bronze
C05600,2023-01-21,R03,B2B,paid_search,Bronze
C05601,2022-03-09,R01,B2C,organic,Bronze
C05602,2023-05-29,R01,B2B,social,Gold
C05603,2022-03-03,R05,B2C,paid_search,Bronze
C05604,2024-10-18,R03,B2C,organic,Bronze
C05605,2022-05-02,R07,B2C,referral,Bronze
C05606,2024-08-05,R02,B2C,organic,Silver
C05607,2024-03-04,R08,B2C,organic,Gold
C05608,2025-09-14,R02,B2C,partner,Gold
C05609,2023-04-22,R06,B2C,organic,Bronze
C05610,2023-04-18,R09,B2C,organic,Bronze
C05611,2022-11-29,R03,B2C,organic,Bronze
C05612,2024-01-06,R01,B2C,paid_search,Silver
C05613,2022-10-28,R05,B2B,paid_search,Silver
C05614,2022-06-05,R12,B2C,social,Bronze
C05615,2025-07-22,R12,B2C,paid_search,Bronze
C05616,2024-07-18,R02,B2C,paid_search,New
C05617,2022-06-12,R08,B2C,organic,Silver
C05618,2024-04-26,R03,B2C,paid_search,Bronze
C05619,2023-02-22,R02,B2C,partner,Bronze
C05620,2022-09-04,R07,B2C,referral,New
C05621,2023-10-08,R05,B2C,social,New
C05622,2024-12-14,R05,B2C,organic,New
C05623,2022-01-01,R09,B2C,paid_search,Silver
C05624,2023-05-02,R03,B2C,referral,Silver
C05625,2025-06-14,R07,B2C,referral,Bronze
C05626,2023-06-24,R03,B2C,social,Bronze
C05627,2022-05-16,R01,B2C,paid_search,Gold
C05628,2023-08-10,R03,B2C,organic,Gold
C05629,2024-07-23,R11,B2C,organic,Silver
C05630,2025-09-25,R05,B2C,organic,Silver
C05631,2024-05-10,R01,B2C,paid_search,Silver
C05632,2022-03-11,R07,B2C,organic,Silver
C05633,2025-01-12,R12,B2C,paid_search,New
C05634,2024-12-03,R11,B2C,social,Bronze
C05635,2024-06-10,R06,B2C,social,New
C05636,2025-05-12,R03,B2C,paid_search,Silver
C05637,2024-11-19,R06,B2C,organic,Silver
C05638,2022-11-14,R09,B2C,paid_search,Gold
C05639,2023-07-31,R10,B2C,partner,New
C05640,2023-11-26,R09,B2C,paid_search,Bronze
C05641,2023-11-01,R04,B2C,referral,Silver
C05642,2024-05-24,R01,B2C,paid_search,Gold
C05643,2024-08-18,R06,B2C,social,Silver
C05644,2022-05-23,R01,B2C,paid_search,New
C05645,2024-02-18,R01,B2C,social,Gold
C05646,2022-02-23,R05,B2C,referral,Gold
C05647,2023-12-02,R07,B2C,paid_search,Gold
C05648,2023-08-01,R10,B2C,social,Silver
C05649,2022-10-09,R09,B2C,referral,Silver
C05650,2025-09-18,R10,B2C,referral,New
C05651,2022-12-20,R08,B2C,organic,Bronze
C05652,2022-03-19,R07,B2C,organic,New
C05653,2023-05-06,R01,B2C,referral,Bronze
C05654,2024-11-02,R06,B2C,social,Gold
C05655,2022-01-13,R01,B2B,partner,Silver
C05656,2023-11-06,R01,B2C,organic,Bronze
C05657,2023-07-26,R01,B2C,referral,Silver
C05658,2025-03-31,R09,B2C,referral,Bronze
C05659,2022-01-04,R08,B2C,referral,Bronze
C05660,2022-01-24,R11,B2C,social,Silver
C05661,2024-02-13,R12,B2C,organic,Bronze
C05662,2022-09-03,R10,B2C,social,Silver
C05663,2024-08-21,R01,B2C,social,Silver
C05664,2023-01-16,R10,B2C,paid_search,Bronze
C05665,2024-02-09,R09,B2C,organic,Bronze
C05666,2022-02-21,R10,B2C,referral,Bronze
C05667,2024-08-07,R01,B2C,organic,Gold
C05668,2023-12-11,R01,B2B,paid_search,Bronze
C05669,2022-01-01,R11,B2C,social,Silver
C05670,2022-12-30,R02,B2C,partner,Silver
C05671,2022-03-23,R03,B2C,social,New
C05672,2022-03-03,R04,B2C,organic,Bronze
C05673,2024-08-14,R01,B2C,organic,New
C05674,2023-08-09,R01,B2C,paid_search,New
C05675,2025-01-04,R12,B2C,organic,New
C05676,2022-12-19,R10,B2C,referral,Silver
C05677,2024-09-09,R11,B2C,paid_search,Silver
C05678,2024-04-22,R02,B2C,organic,Bronze
C05679,2024-06-26,R02,B2B,referral,Bronze
C05680,2025-02-07,R04,B2C,organic,Bronze
C05681,2024-08-26,R04,B2C,organic,Gold
C05682,2024-10-17,R01,B2C,paid_search,Gold
C05683,2024-10-09,R08,B2C,organic,Silver
C05684,2023-09-04,R12,B2C,organic,Bronze
C05685,2024-09-18,R05,B2C,partner,Gold
C05686,2025-02-26,R03,B2C,referral,Silver
C05687,2024-10-07,R03,B2C,referral,New
C05688,2024-04-11,R01,B2C,social,Bronze
C05689,2022-04-12,R02,B2C,organic,Bronze
C05690,2023-08-21,R05,B2C,referral,Silver
C05691,2022-03-28,R04,B2C,paid_search,Bronze
C05692,2022-05-23,R05,B2C,organic,Bronze
C05693,2023-05-10,R10,B2C,organic,New
C05694,2023-09-28,R02,B2C,paid_search,Bronze
C05695,2023-12-24,R01,B2C,organic,Silver
C05696,2025-05-17,R01,B2C,organic,Bronze
C05697,2024-11-10,R01,B2C,paid_search,Bronze
C05698,2023-08-02,R06,B2C,paid_search,Silver
C05699,2023-04-04,R09,B2B,organic,Gold
C05700,2024-09-02,R10,B2C,paid_search,New
C05701,2023-01-12,R06,B2C,organic,Bronze
C05702,2025-04-24,R03,B2B,social,Bronze
C05703,2024-12-05,R01,B2C,organic,New
C05704,2024-07-23,R03,B2C,paid_search,Gold
C05705,2022-12-08,R03,B2C,social,Gold
C05706,2024-05-01,R10,B2C,social,Bronze
C05707,2025-01-28,R05,B2C,organic,Bronze
C05708,2022-04-09,R02,B2C,paid_search,New
C05709,2022-08-31,R02,B2C,referral,Silver
C05710,2023-12-07,R01,B2C,organic,New
C05711,2023-05-08,R11,B2C,paid_search,Bronze
C05712,2024-08-29,R01,B2C,paid_search,New
C05713,2023-07-04,R01,B2C,referral,Silver
C05714,2025-09-26,R02,B2C,paid_search,Gold
C05715,2023-02-15,R09,B2C,partner,New
C05716,2023-05-09,R05,B2C,social,Silver
C05717,2022-01-05,R06,B2C,paid_search,Silver
C05718,2022-12-05,R03,B2C,organic,New
C05719,2022-11-19,R01,B2C,social,Gold
C05720,2024-11-10,R10,B2C,organic,Silver
C05721,2023-04-08,R02,B2B,paid_search,Bronze
C05722,2022-10-06,R01,B2C,organic,Silver
C05723,2023-03-06,R06,B2C,social,Bronze
C05724,2024-02-10,R01,B2C,referral,New
C05725,2024-12-11,R01,B2C,partner,Bronze
C05726,2025-09-02,R09,B2C,organic,Silver
C05727,2022-03-06,R05,B2C,referral,Gold
C05728,2025-02-25,R02,B2C,referral,Bronze
C05729,2023-06-17,R03,B2C,referral,Bronze
C05730,2025-01-11,R08,B2C,social,New
C05731,2022-02-21,R01,B2C,organic,Gold
C05732,2024-05-07,R01,B2C,referral,New
C05733,2025-06-28,R06,B2C,social,Gold
C05734,2022-02-23,R06,B2C,social,New
C05735,2024-12-17,R12,B2C,organic,New
C05736,2022-06-06,R03,B2C,organic,New
C05737,2025-09-06,R01,B2C,organic,Bronze
C05738,2024-10-16,R05,B2C,paid_search,Bronze
C05739,2025-05-31,R06,B2C,paid_search,Gold
C05740,2025-05-13,R01,B2C,referral,Bronze
C05741,2023-03-09,R05,B2C,organic,New
C05742,2023-07-24,R02,B2C,organic,Silver
C05743,2024-08-04,R10,B2C,paid_search,Bronze
C05744,2022-08-28,R09,B2C,organic,Silver
C05745,2023-02-24,R04,B2C,paid_search,Silver
C05746,2022-05-16,R12,B2C,social,Gold
C05747,2025-04-30,R12,B2C,partner,Bronze
C05748,2022-12-06,R01,B2C,organic,Bronze
C05749,2023-07-17,R03,B2C,organic,Bronze
C05750,2023-09-12,R06,B2C,referral,Bronze
C05751,2023-05-30,R01,B2B,organic,Bronze
C05752,2024-12-01,R03,B2C,social,New
C05753,2025-06-05,R02,B2C,social,New
C05754,2024-02-24,R11,B2C,referral,Gold
C05755,2025-02-19,R04,B2C,organic,Gold
C05756,2022-06-01,R08,B2C,partner,New
C05757,2025-08-16,R03,B2C,partner,Gold
C05758,2022-06-08,R01,B2C,organic,Silver
C05759,2022-04-02,R10,B2C,paid_search,New
C05760,2022-01-31,R01,B2C,paid_search,Gold
C05761,2022-11-30,R01,B2C,organic,Gold
C05762,2025-02-20,R03,B2C,partner,Silver
C05763,2023-02-16,R07,B2C,organic,Silver
C05764,2024-12-18,R03,B2B,organic,Bronze
C05765,2023-08-04,R01,B2C,organic,Bronze
C05766,2022-05-23,R03,B2C,social,Silver
C05767,2023-10-10,R02,B2C,referral,Bronze
C05768,2022-11-15,R01,B2C,social,Bronze
C05769,2023-02-04,R05,B2C,social,Silver
C05770,2023-12-10,R01,B2C,organic,Silver
C05771,2024-12-18,R02,B2C,social,Silver
C05772,2024-03-14,R07,B2C,paid_search,New
C05773,2022-11-02,R08,B2C,paid_search,Bronze
C05774,2024-09-09,R02,B2C,social,New
C05775,2024-08-11,R03,B2C,partner,Silver
C05776,2022-11-21,R02,B2B,social,New
C05777,2025-03-12,R12,B2C,social,Gold
C05778,2025-02-28,R02,B2C,paid_search,Silver
C05779,2024-04-06,R02,B2C,organic,Bronze
C05780,2023-02-10,R04,B2C,paid_search,Silver
C05781,2023-04-30,R02,B2C,social,New
C05782,2023-08-25,R01,B2C,social,New
C05783,2022-09-15,R01,B2C,social,New
C05784,2023-02-23,R07,B2C,organic,Silver
C05785,2022-07-03,R06,B2B,organic,Gold
C05786,2022-07-31,R07,B2C,organic,New
C05787,2024-10-15,R08,B2C,social,Silver
C05788,2022-06-25,R03,B2C,partner,New
C05789,2023-10-05,R11,B2C,paid_search,Bronze
C05790,2023-08-11,R08,B2C,social,Silver
C05791,2022-03-05,R09,B2C,social,Silver
C05792,2025-02-12,R08,B2C,organic,Gold
C05793,2024-05-23,R03,B2C,organic,Silver
C05794,2024-07-08,R02,B2C,organic,Bronze
C05795,2022-11-15,R04,B2C,partner,New
C05796,2025-03-01,R01,B2C,organic,Bronze
C05797,2024-12-09,R04,B2C,paid_search,Gold
C05798,2023-08-23,R01,B2C,paid_search,Silver
C05799,2024-08-24,R01,B2C,social,Bronze
C05800,2025-07-31,R11,B2C,organic,New
C05801,2024-04-05,R07,B2B,partner,New
C05802,2022-10-01,R06,B2C,paid_search,Silver
C05803,2023-03-29,R03,B2C,partner,Bronze
C05804,2022-09-11,R06,B2C,social,Gold
C05805,2023-03-30,R10,B2C,paid_search,Bronze
C05806,2025-05-03,R07,B2C,social,Silver
C05807,2022-09-17,R06,B2C,paid_search,New
C05808,2025-05-05,R04,B2C,organic,New
C05809,2023-01-26,R03,B2C,social,Bronze
C05810,2023-11-15,R07,B2C,paid_search,New
C05811,2023-12-25,R12,B2C,paid_search,Gold
C05812,2022-06-22,R04,B2C,social,Silver
C05813,2022-09-09,R03,B2C,social,Bronze
C05814,2023-02-22,R04,B2B,paid_search,Bronze
C05815,2022-03-24,R04,B2C,paid_search,Bronze
C05816,2024-10-29,R12,B2C,organic,Silver
C05817,2024-01-18,R07,B2C,paid_search,New
C05818,2025-03-04,R03,B2C,organic,Bronze
C05819,2025-03-27,R03,B2C,organic,New
C05820,2023-04-21,R04,B2C,referral,Gold
C05821,2025-01-23,R01,B2C,organic,Bronze
C05822,2022-03-25,R05,B2C,organic,Silver
C05823,2023-08-12,R09,B2C,referral,Gold
C05824,2024-06-30,R07,B2C,social,Bronze
C05825,2023-10-01,R02,B2C,referral,New
C05826,2024-10-09,R08,B2C,paid_search,Bronze
C05827,2025-03-21,R08,B2C,social,Silver
C05828,2023-08-04,R02,B2C,partner,Bronze
C05829,2023-01-11,R06,B2C,organic,New
C05830,2024-03-09,R06,B2C,organic,New
C05831,2025-04-03,R09,B2C,organic,Silver
C05832,2025-09-13,R01,B2C,referral,Silver
C05833,2025-01-21,R02,B2C,organic,New
C05834,2022-12-02,R05,B2C,paid_search,Silver
C05835,2022-10-09,R01,B2C,paid_search,Bronze
C05836,2024-02-24,R04,B2C,partner,New
C05837,2023-07-05,R09,B2C,organic,Bronze
C05838,2024-04-16,R01,B2C,paid_search,Silver
C05839,2025-06-18,R04,B2C,partner,Silver
C05840,2024-01-22,R12,B2C,organic,Bronze
C05841,2023-05-02,R05,B2C,social,Bronze
C05842,2025-04-04,R05,B2C,organic,Bronze
C05843,2023-08-25,R05,B2C,organic,Bronze
C05844,2024-04-08,R02,B2C,organic,Bronze
C05845,2022-07-05,R01,B2C,paid_search,Bronze
C05846,2023-11-27,R07,B2C,organic,Bronze
C05847,2023-08-07,R03,B2C,referral,New
C05848,2022-06-18,R02,B2C,paid_search,Bronze
C05849,2022-10-17,R01,B2C,paid_search,New
C05850,2024-08-20,R10,B2B,social,Silver
C05851,2022-09-05,R01,B2C,partner,Bronze
C05852,2022-06-30,R08,B2B,organic,Silver
C05853,2022-03-20,R03,B2C,organic,New
C05854,2022-02-06,R06,B2C,organic,Bronze
C05855,2023-08-18,R02,B2C,referral,New
C05856,2023-10-31,R01,B2C,referral,New
C05857,2024-05-04,R05,B2C,paid_search,Silver
C05858,2024-02-23,R07,B2C,organic,New
C05859,2024-01-05,R02,B2C,paid_search,New
C05860,2025-09-29,R04,B2C,social,Bronze
C05861,2022-12-09,R04,B2C,paid_search,Bronze
C05862,2024-09-02,R02,B2B,organic,Gold
C05863,2022-04-19,R06,B2C,paid_search,Gold
C05864,2025-03-07,R01,B2C,social,Bronze
C05865,2023-05-12,R05,B2C,partner,New
C05866,2023-04-20,R01,B2C,organic,Bronze
C05867,2022-07-05,R05,B2C,partner,Bronze
C05868,2023-11-28,R03,B2C,paid_search,Bronze
C05869,2023-07-02,R04,B2C,social,New
C05870,2025-08-26,R04,B2C,referral,New
C05871,2022-09-01,R11,B2C,paid_search,New
C05872,2023-07-26,R05,B2C,organic,Bronze
C05873,2025-05-17,R09,B2C,organic,Silver
C05874,2025-01-10,R02,B2C,referral,Gold
C05875,2024-11-12,R03,B2C,paid_search,New
C05876,2023-12-22,R01,B2C,paid_search,Silver
C05877,2025-04-10,R04,B2C,social,New
C05878,2022-11-03,R07,B2C,organic,New
C05879,2025-01-13,R09,B2C,organic,Silver
C05880,2024-03-05,R06,B2B,referral,New
C05881,2023-04-25,R07,B2C,paid_search,Gold
C05882,2022-10-26,R02,B2C,organic,Gold
C05883,2023-12-16,R01,B2C,paid_search,New
C05884,2022-01-05,R09,B2C,partner,New
C05885,2024-09-05,R02,B2B,organic,New
C05886,2022-11-19,R01,B2B,organic,Gold
C05887,2023-06-17,R11,B2B,paid_search,New
C05888,2022-09-22,R12,B2C,organic,Silver
C05889,2023-09-30,R06,B2C,organic,Bronze
C05890,2023-05-23,R03,B2C,organic,Silver
C05891,2022-09-15,R09,B2C,organic,New
C05892,2025-05-01,R02,B2C,social,Silver
C05893,2024-11-05,R04,B2C,organic,Silver
C05894,2023-06-15,R03,B2C,paid_search,New
C05895,2022-03-20,R11,B2C,social,New
C05896,2025-03-03,R11,B2C,organic,Bronze
C05897,2024-08-12,R07,B2C,organic,Bronze
C05898,2024-01-31,R01,B2C,partner,Silver
C05899,2024-04-07,R05,B2C,social,Bronze
C05900,2022-01-11,R02,B2C,social,Gold
C05901,2023-10-11,R10,B2C,paid_search,New
C05902,2022-09-16,R01,B2C,partner,Silver
C05903,2024-06-10,R01,B2C,organic,Gold
C05904,2025-06-28,R07,B2C,organic,Silver
C05905,2023-12-28,R04,B2C,referral,Gold
C05906,2024-04-07,R09,B2C,organic,Bronze
C05907,2024-07-02,R01,B2C,paid_search,Silver
C05908,2025-06-26,R09,B2C,organic,New
C05909,2022-02-22,R01,B2C,paid_search,Bronze
C05910,2023-03-01,R01,B2C,social,Bronze
C05911,2023-01-03,R04,B2C,paid_search,Gold
C05912,2024-09-07,R02,B2C,paid_search,Gold
C05913,2023-09-06,R06,B2C,organic,Bronze
C05914,2024-11-22,R01,B2C,organic,Silver
C05915,2023-10-09,R01,B2C,social,Silver
C05916,2025-08-28,R08,B2C,organic,Silver
C05917,2024-11-15,R02,B2C,social,New
C05918,2022-01-25,R07,B2C,paid_search,Bronze
C05919,2025-09-15,R08,B2C,paid_search,Bronze
C05920,2025-07-27,R01,B2C,paid_search,Silver
C05921,2022-03-01,R08,B2C,referral,Silver
C05922,2023-06-21,R02,B2C,paid_search,Silver
C05923,2025-08-21,R03,B2C,organic,Gold
C05924,2025-02-21,R01,B2C,partner,Bronze
C05925,2023-10-04,R09,B2C,organic,Silver
C05926,2024-01-16,R06,B2B,referral,Bronze
C05927,2022-02-10,R05,B2C,organic,Silver
C05928,2024-02-13,R12,B2C,paid_search,Bronze
C05929,2024-07-01,R03,B2C,paid_search,Gold
C05930,2023-05-07,R10,B2C,organic,Silver
C05931,2023-02-24,R08,B2C,social,Silver
C05932,2025-02-08,R11,B2C,organic,Bronze
C05933,2023-09-07,R11,B2C,paid_search,Bronze
C05934,2022-12-28,R12,B2C,referral,Gold
C05935,2023-05-29,R01,B2C,social,Gold
C05936,2023-11-05,R09,B2B,paid_search,Gold
C05937,2022-12-22,R09,B2C,paid_search,Silver
C05938,2024-02-06,R07,B2C,organic,Silver
C05939,2025-03-25,R02,B2C,partner,New
C05940,2024-10-13,R12,B2C,social,Silver
C05941,2022-11-13,R02,B2C,social,Bronze
C05942,2023-10-08,R05,B2C,paid_search,Gold
C05943,2024-01-15,R05,B2C,paid_search,New
C05944,2024-07-20,R02,B2C,organic,Gold
C05945,2024-11-01,R08,B2C,organic,Bronze
C05946,2023-10-27,R01,B2C,paid_search,New
C05947,2023-03-08,R07,B2C,organic,Silver
C05948,2024-06-21,R10,B2C,organic,Silver
C05949,2022-06-22,R03,B2C,paid_search,Silver
C05950,2024-07-11,R08,B2C,paid_search,Silver
C05951,2025-05-12,R01,B2C,paid_search,Bronze
C05952,2024-08-29,R10,B2C,referral,New
C05953,2023-08-17,R11,B2C,social,Gold
C05954,2025-02-01,R01,B2C,organic,Gold
C05955,2023-12-30,R07,B2C,referral,Silver
C05956,2024-01-11,R05,B2C,paid_search,New
C05957,2025-03-12,R05,B2C,paid_search,Silver
C05958,2022-09-22,R07,B2C,referral,Bronze
C05959,2024-12-03,R05,B2C,organic,Gold
C05960,2024-07-19,R06,B2C,social,New
C05961,2023-12-26,R02,B2C,organic,New
C05962,2022-04-16,R03,B2C,organic,New
C05963,2024-11-14,R10,B2C,paid_search,Silver
C05964,2022-10-27,R01,B2C,organic,Silver
C05965,2025-05-10,R06,B2C,organic,Silver
C05966,2024-12-20,R02,B2C,paid_search,Bronze
C05967,2023-05-13,R10,B2C,paid_search,Gold
C05968,2023-08-19,R06,B2C,paid_search,Bronze
C05969,2022-02-04,R03,B2C,organic,New
C05970,2023-11-13,R02,B2C,paid_search,Silver
C05971,2022-03-21,R04,B2C,paid_search,Bronze
C05972,2025-09-13,R12,B2C,paid_search,Silver
C05973,2024-05-26,R05,B2C,social,Bronze
C05974,2022-11-18,R04,B2C,partner,Silver
C05975,2025-01-05,R08,B2C,organic,New
C05976,2022-01-27,R03,B2C,paid_search,Bronze
C05977,2024-01-23,R04,B2C,referral,Bronze
C05978,2022-06-02,R03,B2C,social,Silver
C05979,2022-03-16,R01,B2C,partner,Bronze
C05980,2022-12-01,R08,B2C,social,New
C05981,2023-02-07,R10,B2C,social,Bronze
C05982,2024-09-20,R11,B2C,organic,Bronze
C05983,2025-05-04,R10,B2C,organic,New
C05984,2024-11-28,R04,B2C,social,Silver
C05985,2024-10-09,R02,B2B,paid_search,Bronze
C05986,2024-02-14,R06,B2C,referral,Bronze
C05987,2023-05-24,R12,B2C,partner,Bronze
C05988,2022-12-16,R08,B2B,organic,Bronze
C05989,2025-07-18,R05,B2C,paid_search,Silver
C05990,2023-12-16,R07,B2C,referral,Silver
C05991,2024-02-12,R08,B2C,referral,Silver
C05992,2022-01-21,R11,B2C,referral,Bronze
C05993,2023-09-19,R08,B2C,social,Bronze
C05994,2024-07-22,R04,B2C,partner,New
C05995,2023-11-09,R02,B2C,paid_search,Bronze
C05996,2024-04-20,R05,B2C,organic,Gold
C05997,2025-01-13,R03,B2C,organic,New
C05998,2022-01-30,R11,B2C,paid_search,New
C05999,2025-05-23,R05,B2C,referral,Silver
C06000,2025-01-23,R04,B2C,paid_search,Bronze
C06001,2023-07-29,R03,B2C,social,Gold
C06002,2024-11-11,R07,B2C,paid_search,New
C06003,2022-04-02,R05,B2C,social,Gold
C06004,2023-02-26,R01,B2C,organic,Silver
C06005,2022-05-28,R10,B2C,paid_search,Silver
C06006,2024-05-19,R03,B2C,organic,Bronze
C06007,2025-03-18,R04,B2C,paid_search,Bronze
C06008,2024-04-03,R02,B2C,paid_search,New
C06009,2024-09-01,R05,B2C,social,Silver
C06010,2022-07-16,R07,B2C,paid_search,New
C06011,2025-07-02,R10,B2C,partner,New
C06012,2022-09-22,R01,B2B,referral,Bronze
C06013,2023-12-22,R12,B2B,organic,Gold
C06014,2024-07-24,R07,B2C,organic,Bronze
C06015,2025-03-18,R02,B2C,organic,Bronze
C06016,2025-07-02,R02,B2C,organic,Silver
C06017,2024-03-30,R02,B2C,organic,Gold
C06018,2024-02-28,R10,B2C,referral,Silver
C06019,2023-07-26,R02,B2C,partner,Bronze
C06020,2024-02-17,R04,B2C,organic,New
C06021,2024-07-12,R07,B2C,social,New
C06022,2024-06-04,R10,B2C,referral,Bronze
C06023,2024-03-21,R07,B2C,paid_search,Bronze
C06024,2023-08-27,R08,B2C,referral,Bronze
C06025,2022-09-25,R02,B2C,partner,Bronze
C06026,2022-03-16,R10,B2C,partner,Bronze
C06027,2023-07-31,R02,B2C,social,Silver
C06028,2023-06-27,R01,B2C,paid_search,New
C06029,2024-04-12,R12,B2C,organic,Gold
C06030,2025-05-17,R02,B2C,partner,Silver
C06031,2024-08-18,R01,B2C,organic,Bronze
C06032,2025-01-06,R06,B2C,paid_search,Bronze
C06033,2024-03-02,R03,B2C,organic,Gold
C06034,2025-06-23,R01,B2C,paid_search,Gold
C06035,2025-07-10,R06,B2C,organic,Bronze
C06036,2022-07-29,R08,B2C,referral,New
C06037,2024-05-25,R09,B2C,paid_search,Gold
C06038,2023-11-24,R01,B2C,paid_search,Silver
C06039,2025-08-23,R05,B2C,paid_search,Silver
C06040,2024-03-11,R09,B2B,paid_search,Bronze
C06041,2022-01-22,R02,B2B,referral,Silver
C06042,2022-10-15,R02,B2C,referral,Bronze
C06043,2022-06-27,R01,B2C,referral,Bronze
C06044,2022-10-03,R05,B2C,paid_search,Silver
C06045,2022-05-12,R02,B2C,referral,Bronze
C06046,2024-12-06,R08,B2C,paid_search,Bronze
C06047,2023-11-08,R12,B2C,social,Silver
C06048,2024-07-08,R02,B2C,social,Silver
C06049,2025-09-30,R07,B2C,paid_search,Gold
C06050,2024-06-04,R02,B2C,paid_search,Bronze
C06051,2023-10-19,R01,B2C,social,Bronze
C06052,2023-01-01,R08,B2C,organic,Bronze
C06053,2024-10-29,R04,B2C,social,Bronze
C06054,2023-11-25,R11,B2C,paid_search,New
C06055,2024-11-02,R05,B2C,social,Silver
C06056,2022-02-01,R01,B2C,referral,Bronze
C06057,2022-08-12,R04,B2C,organic,Bronze
C06058,2022-06-27,R02,B2B,organic,New
C06059,2024-07-21,R10,B2B,paid_search,Bronze
C06060,2023-12-11,R07,B2C,organic,New
C06061,2023-03-10,R03,B2C,organic,Silver
C06062,2023-02-28,R05,B2C,social,Bronze
C06063,2024-04-10,R07,B2C,organic,Gold
C06064,2025-08-15,R09,B2C,social,Bronze
C06065,2025-09-24,R01,B2C,organic,Silver
C06066,2023-10-08,R01,B2C,organic,Silver
C06067,2024-07-06,R01,B2B,paid_search,Gold
C06068,2022-04-25,R03,B2C,partner,Gold
C06069,2025-07-18,R04,B2C,paid_search,New
C06070,2022-01-25,R01,B2C,paid_search,Bronze
C06071,2023-04-14,R04,B2C,paid_search,Silver
C06072,2024-09-19,R04,B2C,paid_search,Bronze
C06073,2025-08-20,R01,B2C,social,Silver
C06074,2022-08-23,R11,B2C,organic,Silver
C06075,2024-06-23,R06,B2C,organic,New
C06076,2022-09-15,R03,B2C,paid_search,New
C06077,2022-03-10,R05,B2C,social,Silver
C06078,2023-08-04,R03,B2C,referral,Silver
C06079,2024-02-29,R10,B2C,social,Silver
C06080,2022-12-28,R06,B2C,social,Silver
C06081,2025-08-25,R05,B2C,paid_search,New
C06082,2024-04-24,R11,B2C,paid_search,New
C06083,2023-08-24,R09,B2C,social,Bronze
C06084,2023-10-27,R09,B2C,organic,Bronze
C06085,2023-09-28,R02,B2C,partner,Silver
C06086,2022-06-02,R01,B2B,paid_search,Silver
C06087,2024-04-10,R07,B2C,social,Gold
C06088,2024-12-10,R04,B2C,paid_search,Bronze
C06089,2023-07-31,R07,B2B,referral,Bronze
C06090,2023-08-07,R08,B2C,organic,Bronze
C06091,2025-05-31,R02,B2C,referral,New
C06092,2024-04-16,R02,B2C,organic,New
C06093,2023-02-12,R05,B2C,organic,Bronze
C06094,2022-01-06,R02,B2B,referral,Bronze
C06095,2025-02-01,R07,B2C,organic,New
C06096,2024-05-07,R08,B2C,social,Silver
C06097,2024-05-07,R04,B2C,paid_search,Silver
C06098,2023-01-23,R08,B2C,partner,New
C06099,2022-09-12,R05,B2C,referral,Silver
C06100,2023-11-08,R08,B2C,paid_search,New
C06101,2024-11-03,R02,B2C,referral,Bronze
C06102,2023-02-12,R08,B2C,organic,Silver
C06103,2023-12-23,R08,B2C,social,Bronze
C06104,2025-09-25,R02,B2C,social,Silver
C06105,2022-10-28,R05,B2C,social,Bronze
C06106,2022-11-13,R10,B2C,social,New
C06107,2022-11-20,R02,B2C,referral,Bronze
C06108,2025-06-03,R08,B2C,paid_search,Bronze
C06109,2023-12-25,R12,B2C,partner,New
C06110,2025-06-10,R10,B2C,organic,Bronze
C06111,2025-07-21,R03,B2B,paid_search,New
C06112,2023-07-31,R06,B2C,referral,Bronze
C06113,2022-03-17,R12,B2C,organic,Silver
C06114,2023-02-21,R06,B2C,paid_search,Silver
C06115,2024-01-15,R01,B2C,referral,Silver
C06116,2023-06-06,R01,B2C,paid_search,Silver
C06117,2022-01-04,R09,B2C,organic,Gold
C06118,2025-09-16,R04,B2B,organic,Bronze
C06119,2023-02-20,R02,B2C,organic,Silver
C06120,2024-04-27,R03,B2C,organic,Silver
C06121,2025-07-20,R08,B2C,organic,Silver
C06122,2024-01-16,R04,B2C,referral,Silver
C06123,2024-08-08,R10,B2C,organic,Gold
C06124,2022-02-19,R08,B2C,referral,Bronze
C06125,2024-08-11,R12,B2C,partner,Gold
C06126,2025-03-06,R10,B2C,paid_search,Bronze
C06127,2025-06-11,R02,B2B,partner,New
C06128,2022-04-25,R07,B2C,organic,New
C06129,2022-11-09,R01,B2C,social,Bronze
C06130,2022-03-06,R12,B2C,partner,New
C06131,2025-06-10,R02,B2C,referral,New
C06132,2023-01-12,R07,B2C,organic,Bronze
C06133,2023-12-29,R10,B2C,organic,Silver
C06134,2023-10-14,R02,B2C,organic,New
C06135,2024-07-31,R10,B2C,partner,Bronze
C06136,2025-05-10,R01,B2C,organic,Silver
C06137,2023-03-20,R04,B2C,paid_search,Silver
C06138,2024-12-17,R04,B2C,paid_search,Silver
C06139,2023-02-03,R03,B2C,paid_search,Bronze
C06140,2022-09-28,R06,B2C,paid_search,Gold
C06141,2022-05-26,R11,B2C,paid_search,Gold
C06142,2023-05-25,R03,B2C,social,Bronze
C06143,2024-02-07,R06,B2C,paid_search,New
C06144,2024-12-04,R10,B2C,paid_search,Bronze
C06145,2025-03-07,R08,B2C,paid_search,Gold
C06146,2023-12-23,R01,B2C,paid_search,Silver
C06147,2023-07-14,R11,B2C,social,Gold
C06148,2022-08-27,R01,B2C,paid_search,Gold
C06149,2025-06-05,R06,B2C,paid_search,Silver
C06150,2023-06-27,R06,B2C,organic,New
C06151,2024-11-12,R09,B2B,organic,New
C06152,2024-05-06,R01,B2C,referral,New
C06153,2025-06-29,R02,B2C,referral,New
C06154,2025-08-25,R08,B2C,organic,New
C06155,2024-08-25,R01,B2C,paid_search,Bronze
C06156,2024-06-25,R04,B2C,paid_search,Silver
C06157,2022-07-07,R08,B2C,social,New
C06158,2022-01-23,R07,B2C,organic,Silver
C06159,2024-01-18,R02,B2C,partner,Gold
C06160,2024-08-23,R03,B2B,organic,New
C06161,2024-10-18,R12,B2C,partner,New
C06162,2022-12-10,R04,B2C,organic,Bronze
C06163,2023-11-20,R01,B2C,paid_search,Gold
C06164,2025-03-26,R02,B2C,organic,Silver
C06165,2022-05-12,R03,B2C,organic,New
C06166,2023-06-10,R12,B2C,partner,Silver
C06167,2025-07-17,R03,B2C,paid_search,Silver
C06168,2022-10-01,R01,B2C,organic,Bronze
C06169,2023-03-10,R05,B2C,partner,Silver
C06170,2023-10-03,R01,B2C,organic,Bronze
C06171,2024-07-31,R02,B2C,organic,New
C06172,2022-12-16,R12,B2C,organic,Gold
C06173,2024-12-20,R07,B2C,paid_search,New
C06174,2022-11-19,R01,B2C,partner,Silver
C06175,2023-05-20,R04,B2B,organic,Silver
C06176,2022-01-17,R02,B2C,social,New
C06177,2024-11-16,R01,B2C,organic,Silver
C06178,2024-07-04,R06,B2C,organic,New
C06179,2025-02-17,R05,B2C,social,New
C06180,2023-01-12,R08,B2C,social,Bronze
C06181,2023-06-29,R10,B2C,paid_search,Gold
C06182,2025-05-15,R02,B2C,organic,Gold
C06183,2022-04-02,R11,B2C,organic,Bronze
C06184,2023-11-04,R05,B2C,social,Bronze
C06185,2023-10-25,R02,B2B,social,Gold
C06186,2023-09-05,R10,B2C,paid_search,Silver
C06187,2023-08-17,R01,B2C,organic,New
C06188,2024-10-20,R06,B2C,referral,Bronze
C06189,2022-09-27,R08,B2C,organic,Bronze
C06190,2025-05-04,R02,B2C,social,Bronze
C06191,2025-05-11,R10,B2C,social,Bronze
C06192,2022-09-03,R02,B2C,organic,Silver
C06193,2025-08-26,R09,B2C,paid_search,Silver
C06194,2022-12-25,R01,B2C,paid_search,Bronze
C06195,2022-03-12,R02,B2C,social,Silver
C06196,2023-06-29,R03,B2C,referral,Bronze
C06197,2024-12-25,R10,B2C,paid_search,Silver
C06198,2025-03-02,R01,B2B,organic,New
C06199,2024-06-02,R10,B2C,paid_search,Bronze
C06200,2025-01-15,R02,B2C,social,Bronze
C06201,2022-12-24,R04,B2C,paid_search,Bronze
C06202,2025-04-18,R03,B2C,referral,Silver
C06203,2024-05-19,R01,B2C,organic,Bronze
C06204,2022-07-02,R11,B2C,organic,Bronze
C06205,2022-06-26,R04,B2C,organic,Bronze
C06206,2023-01-01,R07,B2C,referral,Silver
C06207,2022-04-06,R06,B2C,social,Silver
C06208,2023-01-23,R05,B2C,paid_search,Silver
C06209,2025-09-22,R06,B2C,organic,Silver
C06210,2022-11-25,R11,B2C,partner,Silver
C06211,2024-05-21,R07,B2C,referral,New
C06212,2025-08-31,R05,B2C,paid_search,Silver
C06213,2022-12-13,R07,B2C,social,Bronze
C06214,2024-08-11,R06,B2B,partner,Silver
C06215,2023-09-09,R04,B2C,paid_search,Gold
C06216,2023-01-26,R06,B2C,paid_search,Bronze
C06217,2025-07-24,R04,B2C,paid_search,Bronze
C06218,2024-06-18,R08,B2B,paid_search,New
C06219,2023-08-24,R12,B2C,referral,Gold
C06220,2025-01-16,R12,B2C,paid_search,Bronze
C06221,2025-05-17,R09,B2C,organic,Silver
C06222,2024-12-05,R06,B2C,paid_search,New
C06223,2025-04-04,R08,B2C,social,New
C06224,2023-04-17,R02,B2C,organic,New
C06225,2022-11-15,R05,B2C,paid_search,Silver
C06226,2024-08-10,R02,B2C,organic,New
C06227,2025-01-04,R01,B2C,referral,Gold
C06228,2024-06-23,R12,B2C,organic,Silver
C06229,2024-03-31,R10,B2C,organic,Gold
C06230,2024-11-21,R05,B2C,referral,Bronze
C06231,2022-09-06,R02,B2C,organic,Bronze
C06232,2023-05-16,R07,B2C,social,New
C06233,2024-08-25,R04,B2B,paid_search,Bronze
C06234,2022-03-13,R09,B2C,referral,Silver
C06235,2025-06-01,R12,B2C,organic,New
C06236,2022-08-23,R03,B2C,organic,Gold
C06237,2024-12-13,R02,B2C,organic,New
C06238,2024-04-24,R02,B2B,partner,Bronze
C06239,2025-03-06,R01,B2C,referral,Silver
C06240,2024-11-27,R03,B2B,organic,Bronze
C06241,2023-12-08,R01,B2C,organic,New
C06242,2024-11-01,R01,B2C,organic,Gold
C06243,2023-04-20,R02,B2C,organic,New
C06244,2024-03-10,R02,B2C,organic,Bronze
C06245,2025-06-06,R08,B2B,referral,New
C06246,2022-04-27,R01,B2C,organic,New
C06247,2023-05-03,R10,B2B,referral,Bronze
C06248,2022-01-24,R02,B2C,organic,Silver
C06249,2024-01-02,R01,B2C,referral,Bronze
C06250,2024-12-06,R01,B2C,paid_search,Bronze
C06251,2022-02-22,R08,B2C,organic,New
C06252,2024-01-23,R02,B2C,referral,Gold
C06253,2023-07-23,R05,B2C,organic,New
C06254,2024-12-07,R01,B2C,referral,Bronze
C06255,2022-10-29,R12,B2C,social,New
C06256,2022-08-11,R01,B2C,partner,New
C06257,2022-05-10,R04,B2C,referral,New
C06258,2023-07-12,R10,B2C,organic,New
C06259,2023-10-30,R02,B2C,paid_search,Bronze
C06260,2025-06-12,R02,B2B,social,Bronze
C06261,2023-09-30,R09,B2C,paid_search,Silver
C06262,2022-08-23,R02,B2C,paid_search,New
C06263,2024-08-14,R01,B2C,organic,Bronze
C06264,2022-03-26,R04,B2C,social,Bronze
C06265,2023-04-18,R01,B2C,paid_search,New
C06266,2024-06-13,R11,B2C,organic,New
C06267,2022-12-14,R07,B2C,partner,New
C06268,2024-03-24,R06,B2C,referral,New
C06269,2023-09-13,R02,B2B,organic,Bronze
C06270,2025-07-27,R07,B2C,organic,New
C06271,2023-01-29,R07,B2C,social,Bronze
C06272,2025-05-25,R01,B2C,organic,Bronze
C06273,2024-05-06,R10,B2B,social,Bronze
C06274,2024-10-22,R06,B2C,referral,New
C06275,2022-08-20,R09,B2C,organic,Bronze
C06276,2022-01-27,R02,B2C,organic,Bronze
C06277,2024-09-27,R01,B2C,organic,Gold
C06278,2023-10-20,R07,B2C,paid_search,New
C06279,2023-02-27,R09,B2C,social,New
C06280,2025-05-11,R03,B2C,organic,Silver
C06281,2023-03-23,R01,B2C,partner,Bronze
C06282,2023-08-17,R09,B2C,social,New
C06283,2024-09-18,R02,B2C,organic,Gold
C06284,2025-08-10,R03,B2C,paid_search,Bronze
C06285,2025-05-15,R06,B2C,paid_search,Silver
C06286,2024-06-12,R01,B2C,paid_search,New
C06287,2022-06-01,R01,B2C,paid_search,Bronze
C06288,2022-05-30,R01,B2C,organic,Bronze
C06289,2024-08-06,R11,B2C,organic,Silver
C06290,2023-11-29,R03,B2C,organic,Bronze
C06291,2022-07-02,R07,B2C,organic,Bronze
C06292,2024-08-10,R12,B2C,social,Gold
C06293,2025-07-14,R07,B2C,partner,Gold
C06294,2022-03-31,R05,B2C,social,New
C06295,2025-02-04,R05,B2C,partner,Bronze
C06296,2023-04-17,R03,B2C,paid_search,Silver
C06297,2023-06-29,R06,B2C,organic,Silver
C06298,2024-09-08,R12,B2C,referral,Gold
C06299,2022-12-04,R09,B2C,organic,Silver
C06300,2022-08-04,R04,B2C,organic,Silver
C06301,2025-08-12,R03,B2C,partner,New
C06302,2023-04-22,R10,B2B,social,Bronze
C06303,2022-08-21,R01,B2C,partner,Silver
C06304,2024-08-02,R10,B2C,organic,Silver
C06305,2022-10-24,R02,B2C,referral,Silver
C06306,2024-11-27,R08,B2C,organic,Bronze
C06307,2022-04-07,R09,B2C,paid_search,Bronze
C06308,2023-12-11,R05,B2C,referral,Gold
C06309,2023-07-06,R02,B2C,paid_search,Bronze
C06310,2025-08-02,R10,B2C,social,Silver
C06311,2023-12-15,R03,B2C,referral,Silver
C06312,2025-06-20,R03,B2C,referral,Bronze
C06313,2022-12-07,R05,B2C,organic,Bronze
C06314,2023-10-11,R04,B2C,organic,Bronze
C06315,2025-01-19,R07,B2C,partner,Silver
C06316,2022-08-08,R01,B2C,paid_search,New
C06317,2025-06-24,R04,B2C,paid_search,Gold
C06318,2024-11-24,R10,B2C,organic,Silver
C06319,2024-07-15,R01,B2C,organic,Bronze
C06320,2022-11-29,R04,B2C,partner,New
C06321,2025-01-24,R07,B2C,paid_search,New
C06322,2025-02-27,R10,B2C,referral,New
C06323,2023-02-05,R06,B2C,organic,New
C06324,2024-03-14,R09,B2C,organic,New
C06325,2022-03-25,R02,B2C,paid_search,Gold
C06326,2023-06-24,R03,B2C,referral,Silver
C06327,2022-07-26,R11,B2C,organic,Silver
C06328,2024-02-01,R10,B2B,paid_search,Bronze
C06329,2024-01-22,R05,B2C,paid_search,Silver
C06330,2023-12-31,R04,B2C,organic,Gold
C06331,2024-07-16,R04,B2C,paid_search,Bronze
C06332,2025-06-19,R01,B2C,paid_search,Silver
C06333,2022-09-27,R10,B2C,organic,Gold
C06334,2022-10-21,R09,B2C,social,Gold
C06335,2022-10-22,R04,B2C,organic,Bronze
C06336,2025-06-24,R02,B2C,social,Silver
C06337,2022-05-07,R03,B2C,referral,Bronze
C06338,2022-02-12,R01,B2C,referral,Bronze
C06339,2022-08-08,R08,B2C,social,Bronze
C06340,2024-11-19,R05,B2C,paid_search,Bronze
C06341,2024-03-04,R02,B2C,organic,Bronze
C06342,2025-06-13,R06,B2C,paid_search,New
C06343,2022-10-07,R12,B2B,organic,New
C06344,2023-06-24,R01,B2C,social,Silver
C06345,2024-01-31,R04,B2C,organic,Gold
C06346,2022-04-11,R05,B2C,paid_search,Gold
C06347,2025-06-11,R02,B2C,paid_search,Bronze
C06348,2025-01-06,R05,B2C,social,Gold
C06349,2022-07-16,R06,B2C,paid_search,Bronze
C06350,2025-02-27,R01,B2C,paid_search,Bronze
C06351,2023-09-07,R01,B2C,social,Bronze
C06352,2023-04-06,R10,B2C,partner,Bronze
C06353,2025-07-19,R03,B2C,social,Silver
C06354,2023-12-11,R06,B2C,organic,Bronze
C06355,2022-11-08,R06,B2C,referral,Gold
C06356,2025-01-13,R09,B2C,organic,New
C06357,2024-09-06,R08,B2C,organic,New
C06358,2022-09-20,R10,B2C,organic,Bronze
C06359,2024-07-16,R06,B2C,paid_search,New
C06360,2024-05-11,R04,B2C,social,Gold
C06361,2023-01-12,R03,B2C,paid_search,Bronze
C06362,2023-08-13,R03,B2C,referral,Bronze
C06363,2025-02-23,R04,B2C,paid_search,Silver
C06364,2022-08-27,R01,B2C,organic,Bronze
C06365,2024-09-15,R04,B2C,paid_search,New
C06366,2025-02-12,R03,B2C,social,Bronze
C06367,2025-07-06,R01,B2B,paid_search,Bronze
C06368,2023-03-21,R02,B2C,paid_search,Silver
C06369,2022-12-31,R08,B2C,paid_search,Silver
C06370,2025-07-03,R06,B2C,paid_search,Bronze
C06371,2023-09-26,R09,B2C,paid_search,Silver
C06372,2024-02-18,R05,B2C,referral,Silver
C06373,2023-12-04,R10,B2C,organic,Bronze
C06374,2023-12-06,R09,B2C,organic,Bronze
C06375,2024-05-05,R01,B2C,social,Bronze
C06376,2023-08-03,R12,B2C,referral,Bronze
C06377,2023-06-21,R01,B2C,social,Bronze
C06378,2023-07-03,R06,B2C,paid_search,Bronze
C06379,2024-06-17,R09,B2C,partner,Bronze
C06380,2025-01-24,R03,B2C,paid_search,Silver
C06381,2024-01-30,R06,B2C,paid_search,Bronze
C06382,2024-07-16,R03,B2C,social,Gold
C06383,2023-07-20,R01,B2C,paid_search,New
C06384,2024-11-25,R01,B2C,paid_search,Bronze
C06385,2023-06-24,R01,B2C,partner,Silver
C06386,2023-07-31,R01,B2C,organic,Bronze
C06387,2022-03-17,R06,B2C,organic,Gold
C06388,2022-12-24,R05,B2C,paid_search,Bronze
C06389,2024-10-07,R04,B2C,paid_search,Bronze
C06390,2022-04-29,R07,B2C,social,Silver
C06391,2022-11-03,R01,B2B,partner,Silver
C06392,2024-11-29,R02,B2C,social,Silver
C06393,2025-04-10,R08,B2C,partner,Silver
C06394,2023-07-23,R11,B2C,organic,New
C06395,2023-07-12,R04,B2C,organic,Silver
C06396,2023-11-29,R01,B2B,organic,Silver
C06397,2024-11-20,R09,B2B,referral,Silver
C06398,2023-10-05,R10,B2C,organic,Bronze
C06399,2022-08-26,R04,B2C,organic,Gold
C06400,2023-08-14,R02,B2C,paid_search,Silver
C06401,2022-12-15,R01,B2C,paid_search,Bronze
C06402,2024-07-25,R06,B2C,social,Bronze
C06403,2022-07-15,R11,B2C,referral,Silver
C06404,2024-04-13,R07,B2C,organic,Gold
C06405,2022-06-27,R03,B2C,paid_search,Bronze
C06406,2025-08-23,R07,B2C,organic,Gold
C06407,2024-05-26,R09,B2B,organic,Bronze
C06408,2022-07-10,R04,B2C,organic,Bronze
C06409,2025-08-05,R09,B2C,paid_search,Silver
C06410,2024-02-25,R03,B2B,paid_search,New
C06411,2024-04-10,R03,B2C,social,New
C06412,2022-03-28,R06,B2C,referral,Silver
C06413,2022-09-15,R04,B2C,organic,New
C06414,2025-01-11,R12,B2C,social,New
C06415,2023-10-03,R05,B2C,social,New
C06416,2024-04-23,R03,B2C,organic,New
C06417,2025-09-13,R03,B2C,paid_search,Bronze
C06418,2023-08-10,R05,B2C,organic,Bronze
C06419,2023-06-06,R03,B2C,organic,Gold
C06420,2025-01-03,R08,B2C,organic,Silver
C06421,2022-04-01,R03,B2C,organic,Silver
C06422,2023-09-15,R03,B2B,referral,New
C06423,2025-03-16,R06,B2C,referral,New
C06424,2022-11-08,R01,B2C,paid_search,Gold
C06425,2023-02-21,R07,B2C,social,Silver
C06426,2023-10-09,R05,B2C,partner,Silver
C06427,2022-04-12,R04,B2C,paid_search,Bronze
C06428,2022-04-07,R08,B2C,paid_search,Bronze
C06429,2022-12-11,R08,B2C,social,Bronze
C06430,2025-05-14,R10,B2C,partner,New
C06431,2022-10-31,R03,B2C,referral,Silver
C06432,2024-09-27,R03,B2C,organic,Bronze
C06433,2023-08-07,R08,B2C,social,Bronze
C06434,2024-11-06,R06,B2B,organic,New
C06435,2023-03-29,R06,B2C,organic,Silver
C06436,2025-04-12,R05,B2C,paid_search,Silver
C06437,2023-05-23,R08,B2B,social,Bronze
C06438,2024-12-19,R02,B2C,organic,Gold
C06439,2025-02-12,R05,B2C,paid_search,Bronze
C06440,2023-08-15,R01,B2C,social,Gold
C06441,2024-07-02,R03,B2C,organic,Silver
C06442,2022-06-12,R07,B2C,referral,Gold
C06443,2023-11-11,R05,B2C,paid_search,Silver
C06444,2023-05-27,R03,B2C,social,Bronze
C06445,2025-07-30,R10,B2C,organic,Bronze
C06446,2025-07-02,R08,B2C,partner,Silver
C06447,2024-12-08,R05,B2C,referral,Silver
C06448,2025-07-23,R11,B2C,organic,Silver
C06449,2025-08-29,R04,B2C,social,Silver
C06450,2024-11-17,R09,B2C,referral,Bronze
C06451,2024-03-23,R02,B2C,organic,New
C06452,2022-10-07,R02,B2C,paid_search,New
C06453,2025-01-21,R03,B2C,referral,Silver
C06454,2022-09-24,R01,B2C,paid_search,Silver
C06455,2022-09-11,R05,B2C,partner,Silver
C06456,2025-04-19,R02,B2C,organic,Bronze
C06457,2022-06-06,R06,B2C,partner,Bronze
C06458,2022-07-14,R02,B2C,partner,New
C06459,2023-12-01,R01,B2C,organic,New
C06460,2024-03-10,R12,B2C,paid_search,New
C06461,2022-03-04,R07,B2C,social,Silver
C06462,2023-06-02,R11,B2C,referral,Silver
C06463,2022-11-05,R05,B2C,organic,Gold
C06464,2023-02-18,R01,B2C,paid_search,New
C06465,2022-09-05,R06,B2C,referral,Silver
C06466,2024-07-16,R05,B2C,paid_search,Silver
C06467,2023-10-10,R01,B2C,social,Bronze
C06468,2025-08-06,R10,B2C,paid_search,Silver
C06469,2022-01-12,R06,B2C,partner,Gold
C06470,2024-11-30,R08,B2B,organic,Bronze
C06471,2025-05-30,R05,B2C,partner,Silver
C06472,2023-10-28,R06,B2C,paid_search,Bronze
C06473,2024-08-15,R02,B2C,referral,New
C06474,2023-08-27,R12,B2C,organic,New
C06475,2024-03-25,R03,B2B,social,New
C06476,2025-05-27,R02,B2C,referral,Silver
C06477,2023-12-27,R01,B2C,referral,New
C06478,2024-03-02,R06,B2C,organic,Silver
C06479,2025-09-12,R12,B2C,paid_search,Gold
C06480,2023-11-11,R11,B2C,organic,Silver
C06481,2022-08-26,R07,B2C,organic,Bronze
C06482,2024-07-23,R12,B2C,social,New
C06483,2024-08-06,R08,B2C,partner,Bronze
C06484,2022-11-21,R03,B2C,social,New
C06485,2024-09-24,R06,B2C,organic,Bronze
C06486,2022-03-29,R01,B2C,organic,Bronze
C06487,2023-03-15,R02,B2C,paid_search,Silver
C06488,2025-03-16,R04,B2C,organic,New
C06489,2024-04-25,R02,B2C,referral,New
C06490,2024-04-11,R12,B2C,organic,Gold
C06491,2024-04-30,R12,B2C,organic,Gold
C06492,2022-08-14,R03,B2C,social,Silver
C06493,2025-08-09,R07,B2C,organic,Bronze
C06494,2023-02-13,R03,B2C,paid_search,Silver
C06495,2024-12-12,R01,B2C,paid_search,New
C06496,2025-09-17,R03,B2C,organic,Gold
C06497,2022-11-26,R02,B2B,paid_search,New
C06498,2024-05-18,R03,B2C,paid_search,Silver
C06499,2022-02-27,R02,B2C,social,New
C06500,2024-05-20,R01,B2C,organic,Silver
C06501,2023-08-27,R02,B2C,paid_search,Silver
C06502,2022-04-09,R11,B2C,social,Silver
C06503,2024-07-08,R01,B2C,organic,Bronze
C06504,2025-08-19,R03,B2B,organic,Silver
C06505,2022-04-24,R05,B2C,organic,Silver
C06506,2025-05-07,R03,B2C,organic,Silver
C06507,2025-02-28,R05,B2C,organic,Bronze
C06508,2024-01-20,R01,B2C,partner,Bronze
C06509,2025-05-18,R07,B2C,paid_search,Silver
C06510,2023-02-28,R06,B2C,paid_search,New
C06511,2024-09-12,R07,B2C,organic,Silver
C06512,2024-08-13,R06,B2C,organic,New
C06513,2024-03-05,R04,B2C,social,Silver
C06514,2025-02-14,R03,B2C,social,Bronze
C06515,2025-04-14,R02,B2C,partner,Silver
C06516,2024-12-12,R05,B2C,organic,New
C06517,2024-03-16,R01,B2C,organic,Bronze
C06518,2025-08-30,R03,B2C,social,New
C06519,2024-01-31,R07,B2C,paid_search,Gold
C06520,2024-05-21,R01,B2C,organic,New
C06521,2022-09-16,R01,B2C,organic,Bronze
C06522,2025-05-23,R07,B2C,organic,New
C06523,2023-11-13,R03,B2B,referral,Silver
C06524,2023-12-01,R09,B2C,referral,Bronze
C06525,2025-01-22,R11,B2C,social,Silver
C06526,2023-03-23,R12,B2B,paid_search,New
C06527,2022-12-30,R04,B2C,referral,Bronze
C06528,2022-01-13,R02,B2C,social,New
C06529,2022-11-13,R06,B2C,referral,Bronze
C06530,2023-12-03,R06,B2C,paid_search,New
C06531,2024-09-19,R06,B2C,partner,Gold
C06532,2023-03-27,R03,B2C,organic,Bronze
C06533,2023-09-01,R01,B2C,social,Silver
C06534,2022-10-31,R02,B2C,referral,Bronze
C06535,2025-01-22,R01,B2C,referral,Bronze
C06536,2023-12-20,R01,B2C,partner,Silver
C06537,2022-07-16,R11,B2C,paid_search,Silver
C06538,2024-04-14,R01,B2C,social,Silver
C06539,2023-04-05,R06,B2C,organic,Silver
C06540,2025-03-30,R11,B2C,social,New
C06541,2023-01-03,R03,B2C,organic,Gold
C06542,2025-03-29,R05,B2C,paid_search,Bronze
C06543,2024-08-13,R07,B2C,partner,Gold
C06544,2022-07-05,R03,B2C,referral,Silver
C06545,2024-11-05,R05,B2C,paid_search,Bronze
C06546,2024-09-13,R09,B2C,organic,Bronze
C06547,2023-09-17,R08,B2C,paid_search,Gold
C06548,2022-08-09,R09,B2C,organic,New
C06549,2023-10-17,R12,B2C,organic,Bronze
C06550,2024-04-13,R03,B2C,referral,Silver
C06551,2022-06-30,R08,B2C,paid_search,Bronze
C06552,2023-04-12,R06,B2C,organic,Bronze
C06553,2024-08-18,R07,B2C,social,Silver
C06554,2024-01-27,R08,B2C,organic,Gold
C06555,2025-09-20,R08,B2C,paid_search,Bronze
C06556,2022-10-24,R10,B2C,organic,Gold
C06557,2023-08-06,R03,B2C,organic,New
C06558,2022-11-02,R07,B2C,paid_search,New
C06559,2025-07-26,R02,B2C,social,New
C06560,2024-05-03,R06,B2C,paid_search,Bronze
C06561,2024-01-04,R08,B2C,referral,Silver
C06562,2023-02-08,R09,B2C,partner,New
C06563,2025-04-21,R04,B2C,referral,Bronze
C06564,2022-02-11,R05,B2C,partner,Silver
C06565,2022-06-07,R03,B2C,partner,Silver
C06566,2022-09-04,R02,B2C,referral,Silver
C06567,2024-06-12,R02,B2B,organic,Silver
C06568,2022-05-21,R11,B2C,organic,Gold
C06569,2024-12-27,R03,B2C,social,Silver
C06570,2022-09-26,R12,B2C,referral,Gold
C06571,2024-07-15,R02,B2C,referral,Gold
C06572,2024-12-25,R08,B2C,social,Silver
C06573,2025-04-17,R06,B2C,referral,New
C06574,2023-02-05,R07,B2C,social,Bronze
C06575,2022-04-13,R07,B2C,social,Bronze
C06576,2024-11-02,R07,B2C,organic,New
C06577,2023-09-07,R11,B2B,paid_search,Bronze
C06578,2025-07-22,R06,B2C,organic,New
C06579,2022-09-15,R01,B2C,organic,Silver
C06580,2024-02-26,R02,B2C,paid_search,Silver
C06581,2022-06-13,R07,B2C,organic,Bronze
C06582,2023-10-27,R05,B2C,partner,Gold
C06583,2022-01-02,R05,B2C,paid_search,Silver
C06584,2024-10-23,R06,B2C,social,Silver
C06585,2024-04-08,R03,B2B,organic,New
C06586,2022-05-13,R08,B2C,referral,Gold
C06587,2023-11-15,R08,B2C,paid_search,New
C06588,2023-08-10,R08,B2C,paid_search,Silver
C06589,2024-07-11,R08,B2C,social,New
C06590,2023-11-14,R10,B2C,paid_search,New
C06591,2023-09-21,R06,B2C,paid_search,Bronze
C06592,2025-02-11,R12,B2C,social,Silver
C06593,2023-12-12,R01,B2C,referral,Gold
C06594,2025-01-19,R06,B2C,organic,Silver
C06595,2025-04-27,R08,B2C,partner,Silver
C06596,2025-03-07,R05,B2C,paid_search,Bronze
C06597,2025-08-01,R02,B2C,organic,Gold
C06598,2024-08-13,R05,B2C,paid_search,Bronze
C06599,2024-02-09,R03,B2C,paid_search,Gold
C06600,2023-12-28,R11,B2C,paid_search,Silver
C06601,2022-10-07,R03,B2C,referral,Bronze
C06602,2025-02-07,R02,B2C,paid_search,Bronze
C06603,2024-08-07,R06,B2C,partner,Silver
C06604,2025-04-10,R03,B2C,organic,Gold
C06605,2024-08-18,R01,B2C,social,Silver
C06606,2023-10-20,R06,B2C,organic,Silver
C06607,2023-02-09,R05,B2C,paid_search,Gold
C06608,2025-09-11,R02,B2C,paid_search,Bronze
C06609,2024-10-01,R06,B2C,social,Bronze
C06610,2025-04-12,R06,B2C,social,Silver
C06611,2024-03-11,R08,B2C,organic,New
C06612,2023-11-30,R03,B2C,organic,Silver
C06613,2022-02-16,R02,B2C,paid_search,Bronze
C06614,2022-04-05,R11,B2C,organic,Silver
C06615,2024-08-25,R06,B2C,social,Bronze
C06616,2022-11-04,R01,B2B,paid_search,Silver
C06617,2022-04-23,R09,B2C,referral,Bronze
C06618,2024-11-28,R02,B2C,partner,Silver
C06619,2024-04-29,R09,B2C,paid_search,New
C06620,2022-06-02,R07,B2C,partner,Silver
C06621,2023-11-16,R12,B2C,referral,Bronze
C06622,2023-10-06,R12,B2C,organic,Bronze
C06623,2022-01-06,R02,B2C,referral,Silver
C06624,2024-04-08,R08,B2C,paid_search,Bronze
C06625,2023-06-28,R03,B2C,social,Bronze
C06626,2025-04-17,R06,B2C,social,Bronze
C06627,2022-06-08,R06,B2C,referral,Bronze
C06628,2025-03-05,R01,B2C,referral,Bronze
C06629,2022-01-09,R01,B2C,referral,Bronze
C06630,2024-11-12,R01,B2C,paid_search,New
C06631,2024-12-07,R01,B2C,partner,Bronze
C06632,2023-07-13,R02,B2C,social,Bronze
C06633,2023-01-20,R11,B2C,referral,Bronze
C06634,2022-07-14,R05,B2C,referral,Silver
C06635,2023-04-11,R09,B2C,organic,Silver
C06636,2024-07-05,R09,B2C,paid_search,Bronze
C06637,2024-09-19,R08,B2C,referral,Gold
C06638,2022-09-06,R03,B2C,partner,Bronze
C06639,2022-01-16,R10,B2C,social,Silver
C06640,2024-02-08,R08,B2C,paid_search,Bronze
C06641,2024-03-06,R08,B2B,organic,Bronze
C06642,2025-09-04,R11,B2C,paid_search,Silver
C06643,2024-11-08,R06,B2C,paid_search,New
C06644,2024-01-24,R05,B2C,referral,Gold
C06645,2024-03-21,R10,B2C,paid_search,Bronze
C06646,2024-06-02,R04,B2C,paid_search,New
C06647,2023-09-11,R09,B2C,paid_search,Bronze
C06648,2024-07-16,R01,B2C,partner,Silver
C06649,2022-09-25,R01,B2C,social,New
C06650,2025-02-10,R05,B2C,organic,Bronze
C06651,2025-03-25,R01,B2C,paid_search,Gold
C06652,2023-08-19,R12,B2C,paid_search,Bronze
C06653,2023-09-18,R01,B2C,paid_search,New
C06654,2023-11-13,R08,B2C,social,New
C06655,2025-01-23,R02,B2B,organic,Silver
C06656,2022-08-29,R12,B2C,paid_search,Bronze
C06657,2023-04-13,R03,B2C,paid_search,Silver
C06658,2024-04-21,R01,B2C,paid_search,Gold
C06659,2024-08-07,R01,B2C,paid_search,New
C06660,2023-02-09,R05,B2C,social,New
C06661,2022-06-10,R12,B2C,organic,New
C06662,2023-11-26,R12,B2C,organic,Bronze
C06663,2024-05-24,R03,B2C,referral,New
C06664,2024-11-15,R05,B2C,referral,Bronze
C06665,2022-01-05,R01,B2C,organic,Silver
C06666,2022-01-25,R05,B2C,organic,New
C06667,2023-06-14,R06,B2C,partner,Gold
C06668,2024-02-12,R02,B2C,organic,Gold
C06669,2022-01-05,R06,B2C,partner,Bronze
C06670,2022-08-26,R11,B2C,referral,Gold
C06671,2023-07-28,R01,B2C,organic,Silver
C06672,2023-01-18,R02,B2C,organic,Bronze
C06673,2024-08-30,R02,B2C,partner,Bronze
C06674,2022-02-17,R01,B2C,organic,New
C06675,2025-05-01,R02,B2C,paid_search,Bronze
C06676,2022-08-20,R06,B2C,organic,Silver
C06677,2023-08-27,R01,B2C,social,Silver
C06678,2025-09-12,R08,B2C,referral,Bronze
C06679,2024-06-26,R10,B2C,social,Silver
C06680,2025-09-28,R11,B2C,organic,Gold
C06681,2022-01-27,R07,B2C,social,New
C06682,2024-09-12,R02,B2C,social,Bronze
C06683,2022-04-14,R01,B2C,organic,New
C06684,2024-04-17,R02,B2C,referral,Gold
C06685,2023-03-23,R12,B2C,social,Bronze
C06686,2024-11-29,R12,B2C,organic,New
C06687,2022-06-20,R03,B2C,partner,Silver
C06688,2025-05-12,R03,B2C,paid_search,Bronze
C06689,2023-10-21,R05,B2C,organic,New
C06690,2023-12-12,R02,B2C,organic,Gold
C06691,2024-02-21,R12,B2C,paid_search,Silver
C06692,2022-02-18,R02,B2C,organic,New
C06693,2023-03-01,R03,B2C,organic,Gold
C06694,2024-08-29,R04,B2C,referral,New
C06695,2025-08-08,R01,B2C,social,New
C06696,2025-09-09,R03,B2B,organic,Bronze
C06697,2024-01-04,R10,B2C,social,New
C06698,2022-12-20,R01,B2C,social,Bronze
C06699,2023-10-16,R06,B2C,paid_search,Bronze
C06700,2023-09-27,R03,B2B,partner,New
C06701,2023-06-28,R02,B2C,organic,Gold
C06702,2023-05-10,R01,B2C,organic,Bronze
C06703,2025-04-03,R02,B2C,organic,Bronze
C06704,2023-06-19,R01,B2C,paid_search,Bronze
C06705,2022-02-10,R03,B2C,paid_search,Silver
C06706,2024-09-14,R09,B2C,organic,New
C06707,2024-06-29,R08,B2C,paid_search,New
C06708,2023-06-03,R11,B2C,referral,Gold
C06709,2024-05-12,R04,B2C,referral,New
C06710,2025-07-12,R07,B2C,social,Silver
C06711,2025-06-19,R07,B2C,social,Bronze
C06712,2024-12-17,R02,B2B,social,Silver
C06713,2024-03-09,R03,B2C,paid_search,New
C06714,2022-02-07,R05,B2C,paid_search,Gold
C06715,2023-12-03,R09,B2C,organic,Bronze
C06716,2025-01-25,R04,B2C,organic,New
C06717,2025-03-02,R02,B2C,paid_search,Silver
C06718,2024-11-24,R12,B2C,paid_search,New
C06719,2025-09-12,R01,B2C,organic,Bronze
C06720,2023-12-09,R12,B2C,organic,Silver
C06721,2022-05-31,R09,B2C,referral,New
C06722,2023-11-12,R09,B2C,organic,New
C06723,2023-03-13,R09,B2C,paid_search,Bronze
C06724,2025-02-17,R02,B2C,organic,Bronze
C06725,2024-11-29,R06,B2C,organic,Bronze
C06726,2023-08-05,R08,B2C,social,Silver
C06727,2023-06-16,R08,B2C,organic,Bronze
C06728,2022-08-07,R02,B2C,organic,Bronze
C06729,2022-03-01,R02,B2C,partner,Bronze
C06730,2023-03-05,R03,B2C,paid_search,Bronze
C06731,2022-11-26,R05,B2C,social,New
C06732,2022-12-30,R06,B2C,social,Silver
C06733,2025-09-28,R09,B2B,organic,New
C06734,2024-07-21,R08,B2C,paid_search,Silver
C06735,2024-01-25,R07,B2C,paid_search,New
C06736,2022-09-02,R02,B2C,organic,New
C06737,2025-02-25,R05,B2C,organic,Bronze
C06738,2024-06-01,R03,B2C,social,Bronze
C06739,2023-12-06,R02,B2B,organic,Silver
C06740,2023-09-30,R01,B2C,organic,Silver
C06741,2024-01-27,R03,B2C,paid_search,Gold
C06742,2025-02-23,R02,B2C,paid_search,Bronze
C06743,2024-09-12,R06,B2B,social,New
C06744,2023-10-26,R01,B2C,organic,Gold
C06745,2024-07-02,R02,B2C,social,Silver
C06746,2025-06-26,R01,B2C,referral,New
C06747,2023-03-23,R07,B2C,paid_search,New
C06748,2025-05-17,R06,B2C,referral,Bronze
C06749,2024-04-10,R03,B2B,paid_search,Bronze
C06750,2022-09-11,R01,B2C,organic,Silver
C06751,2025-08-16,R12,B2C,paid_search,New
C06752,2024-07-28,R06,B2C,paid_search,Gold
C06753,2023-06-13,R07,B2B,referral,Bronze
C06754,2022-10-21,R05,B2C,paid_search,Silver
C06755,2025-06-07,R09,B2C,paid_search,New
C06756,2025-02-01,R11,B2B,referral,Silver
C06757,2022-03-02,R03,B2C,organic,Gold
C06758,2024-05-20,R07,B2C,social,New
C06759,2022-06-06,R02,B2C,paid_search,Bronze
C06760,2023-02-07,R07,B2C,partner,New
C06761,2024-02-17,R03,B2C,organic,Bronze
C06762,2022-12-08,R01,B2C,social,Silver
C06763,2023-12-03,R12,B2C,paid_search,Silver
C06764,2023-08-12,R10,B2C,partner,Silver
C06765,2024-03-07,R02,B2C,partner,New
C06766,2025-01-01,R12,B2C,referral,Silver
C06767,2022-08-01,R03,B2C,organic,Silver
C06768,2024-12-25,R04,B2C,paid_search,New
C06769,2022-11-01,R10,B2C,referral,Gold
C06770,2022-02-15,R03,B2C,social,New
C06771,2023-09-04,R04,B2C,referral,New
C06772,2023-02-18,R07,B2C,referral,Silver
C06773,2022-09-10,R01,B2C,paid_search,New
C06774,2023-08-02,R04,B2C,organic,New
C06775,2025-04-04,R03,B2C,paid_search,New
C06776,2024-03-12,R07,B2C,social,Gold
C06777,2024-09-23,R01,B2C,paid_search,New
C06778,2022-07-24,R02,B2C,organic,Bronze
C06779,2022-04-14,R08,B2C,social,New
C06780,2023-04-05,R01,B2C,organic,Bronze
C06781,2024-11-26,R04,B2C,paid_search,Bronze
C06782,2025-04-27,R08,B2C,paid_search,Gold
C06783,2022-05-20,R08,B2C,paid_search,Silver
C06784,2023-10-15,R01,B2C,organic,Gold
C06785,2023-06-27,R10,B2C,social,Silver
C06786,2024-10-15,R08,B2C,referral,Bronze
C06787,2022-10-09,R03,B2C,social,New
C06788,2023-10-26,R08,B2C,partner,Bronze
C06789,2025-03-09,R08,B2C,organic,Bronze
C06790,2023-09-29,R06,B2C,organic,Silver
C06791,2024-12-05,R05,B2C,organic,New
C06792,2024-05-01,R08,B2C,social,Silver
C06793,2024-03-28,R12,B2C,organic,Bronze
C06794,2022-12-22,R06,B2C,partner,Bronze
C06795,2025-09-20,R09,B2C,social,Gold
C06796,2022-12-08,R08,B2C,referral,New
C06797,2025-06-28,R10,B2C,paid_search,New
C06798,2025-09-16,R12,B2C,social,New
C06799,2023-12-02,R02,B2C,paid_search,Bronze
C06800,2025-04-04,R02,B2C,paid_search,Bronze
C06801,2024-09-05,R06,B2C,referral,Gold
C06802,2024-10-06,R04,B2C,organic,Gold
C06803,2022-04-04,R06,B2C,referral,Silver
C06804,2022-07-07,R09,B2C,social,Silver
C06805,2022-04-06,R11,B2C,social,Bronze
C06806,2022-02-11,R04,B2C,organic,Gold
C06807,2025-02-18,R08,B2B,organic,Bronze
C06808,2022-08-29,R02,B2C,organic,New
C06809,2022-01-09,R05,B2C,social,Gold
C06810,2025-07-07,R01,B2C,organic,Bronze
C06811,2023-01-17,R05,B2C,partner,New
C06812,2025-01-22,R05,B2C,partner,Silver
C06813,2025-08-07,R08,B2C,organic,New
C06814,2023-12-18,R07,B2C,social,New
C06815,2025-06-22,R03,B2C,organic,Bronze
C06816,2025-08-19,R01,B2B,paid_search,Bronze
C06817,2022-07-17,R01,B2C,organic,Bronze
C06818,2022-07-20,R12,B2C,referral,New
C06819,2023-05-22,R11,B2C,referral,Bronze
C06820,2024-02-05,R03,B2C,organic,New
C06821,2024-12-12,R02,B2C,organic,Bronze
C06822,2022-09-08,R04,B2C,paid_search,Bronze
C06823,2022-09-22,R07,B2C,paid_search,New
C06824,2023-02-24,R03,B2C,organic,New
C06825,2023-01-07,R01,B2B,referral,Bronze
C06826,2025-07-11,R03,B2C,partner,Bronze
C06827,2023-06-27,R02,B2B,paid_search,Silver
C06828,2025-04-03,R03,B2C,referral,New
C06829,2022-03-18,R02,B2C,social,New
C06830,2022-05-20,R07,B2C,social,New
C06831,2025-01-05,R05,B2C,referral,Silver
C06832,2022-12-08,R02,B2C,paid_search,Bronze
C06833,2022-04-24,R05,B2C,paid_search,Silver
C06834,2024-03-24,R05,B2C,organic,Silver
C06835,2022-07-21,R09,B2C,social,New
C06836,2022-03-25,R12,B2C,organic,Bronze
C06837,2023-07-10,R01,B2C,organic,Gold
C06838,2024-01-24,R10,B2C,paid_search,Bronze
C06839,2023-12-23,R07,B2C,paid_search,Bronze
C06840,2024-03-11,R07,B2C,organic,Bronze
C06841,2022-02-02,R03,B2C,organic,Bronze
C06842,2023-02-03,R03,B2B,referral,Silver
C06843,2023-04-16,R01,B2B,social,New
C06844,2023-02-06,R12,B2C,paid_search,New
C06845,2024-02-05,R06,B2C,referral,Silver
C06846,2022-11-10,R03,B2C,referral,Gold
C06847,2024-05-15,R05,B2C,organic,New
C06848,2025-07-04,R01,B2C,paid_search,Silver
C06849,2024-06-23,R02,B2B,organic,New
C06850,2023-06-17,R06,B2B,paid_search,Silver
C06851,2023-08-19,R05,B2C,social,Bronze
C06852,2024-03-12,R09,B2C,organic,Bronze
C06853,2024-09-18,R07,B2C,paid_search,Gold
C06854,2023-02-17,R06,B2C,organic,Silver
C06855,2022-02-22,R09,B2C,paid_search,New
C06856,2024-08-19,R01,B2C,organic,Gold
C06857,2024-06-24,R07,B2C,referral,Bronze
C06858,2022-05-19,R08,B2C,paid_search,Silver
C06859,2024-05-07,R02,B2C,organic,Silver
C06860,2022-04-09,R02,B2C,referral,Silver
C06861,2024-05-30,R02,B2C,organic,Bronze
C06862,2024-10-15,R02,B2C,social,Silver
C06863,2022-01-22,R05,B2C,paid_search,Silver
C06864,2024-09-21,R01,B2C,organic,Bronze
C06865,2022-06-14,R07,B2C,organic,Gold
C06866,2022-12-29,R01,B2C,organic,Bronze
C06867,2024-08-22,R01,B2B,social,New
C06868,2023-05-02,R03,B2C,social,Silver
C06869,2025-08-30,R02,B2C,organic,New
C06870,2025-08-03,R12,B2C,organic,Silver
C06871,2025-09-13,R03,B2C,referral,Bronze
C06872,2022-05-23,R02,B2C,organic,Bronze
C06873,2022-08-30,R02,B2C,organic,Silver
C06874,2022-09-08,R03,B2C,social,Gold
C06875,2024-03-12,R06,B2C,organic,Silver
C06876,2023-08-12,R08,B2C,partner,New
C06877,2024-10-18,R03,B2B,organic,Bronze
C06878,2023-01-22,R06,B2C,referral,Silver
C06879,2022-10-01,R05,B2C,paid_search,Gold
C06880,2024-06-07,R10,B2C,organic,Silver
C06881,2024-04-25,R06,B2C,paid_search,Silver
C06882,2024-08-03,R02,B2C,partner,Bronze
C06883,2023-03-04,R07,B2C,paid_search,Bronze
C06884,2023-12-22,R09,B2C,organic,Bronze
C06885,2025-06-24,R04,B2C,partner,New
C06886,2024-04-16,R12,B2C,organic,New
C06887,2025-06-30,R10,B2C,organic,Silver
C06888,2023-08-17,R02,B2C,organic,Bronze
C06889,2022-03-03,R09,B2C,referral,New
C06890,2024-11-06,R06,B2C,organic,Gold
C06891,2023-09-23,R05,B2C,organic,New
C06892,2022-02-27,R05,B2C,partner,Silver
C06893,2022-07-09,R10,B2C,social,Silver
C06894,2023-03-05,R06,B2C,organic,Silver
C06895,2022-09-19,R05,B2C,social,Silver
C06896,2024-07-25,R01,B2C,organic,Silver
C06897,2024-04-16,R04,B2C,paid_search,Bronze
C06898,2023-03-28,R11,B2B,paid_search,Silver
C06899,2022-04-26,R08,B2C,social,Silver
C06900,2022-04-18,R01,B2C,social,Bronze
C06901,2025-07-18,R10,B2C,paid_search,Silver
C06902,2023-04-18,R09,B2C,organic,New
C06903,2022-05-27,R05,B2C,paid_search,Bronze
C06904,2024-09-01,R01,B2C,social,New
C06905,2025-04-05,R06,B2C,referral,Silver
C06906,2022-06-16,R01,B2C,referral,Bronze
C06907,2025-07-17,R03,B2C,partner,New
C06908,2024-09-19,R06,B2C,referral,Bronze
C06909,2022-12-12,R11,B2C,partner,Silver
C06910,2024-11-27,R03,B2C,social,Gold
C06911,2023-07-29,R10,B2B,organic,New
C06912,2024-05-19,R11,B2C,social,New
C06913,2022-06-23,R01,B2C,organic,Silver
C06914,2022-12-01,R02,B2C,organic,Bronze
C06915,2024-11-24,R08,B2C,organic,Bronze
C06916,2025-01-07,R08,B2C,paid_search,Silver
C06917,2022-01-15,R03,B2C,social,Gold
C06918,2022-10-21,R07,B2C,paid_search,Bronze
C06919,2024-04-11,R06,B2C,organic,Bronze
C06920,2025-05-25,R08,B2B,partner,New
C06921,2024-07-12,R08,B2C,social,Gold
C06922,2024-08-25,R01,B2C,organic,Silver
C06923,2023-06-17,R01,B2C,organic,Bronze
C06924,2022-03-16,R01,B2C,organic,Gold
C06925,2024-11-14,R11,B2C,referral,New
C06926,2024-12-30,R11,B2C,organic,Silver
C06927,2023-08-30,R09,B2C,partner,Silver
C06928,2023-11-25,R01,B2C,organic,Silver
C06929,2022-11-18,R06,B2C,referral,Silver
C06930,2023-09-12,R02,B2C,organic,New
C06931,2022-11-28,R03,B2C,paid_search,New
C06932,2023-07-30,R02,B2C,paid_search,New
C06933,2022-07-03,R09,B2C,paid_search,Silver
C06934,2024-04-10,R01,B2C,partner,Bronze
C06935,2022-12-05,R07,B2C,social,Bronze
C06936,2024-09-18,R12,B2C,organic,New
C06937,2023-12-10,R07,B2C,social,Bronze
C06938,2025-05-11,R01,B2C,organic,Bronze
C06939,2022-10-30,R11,B2C,partner,Bronze
C06940,2023-01-09,R07,B2C,paid_search,Bronze
C06941,2022-11-29,R04,B2C,organic,New
C06942,2024-05-13,R07,B2C,organic,New
C06943,2022-05-27,R10,B2C,organic,Gold
C06944,2024-07-28,R05,B2C,partner,Silver
C06945,2025-01-26,R05,B2C,organic,Silver
C06946,2024-07-12,R04,B2C,organic,Gold
C06947,2022-07-04,R01,B2C,referral,Bronze
C06948,2023-11-06,R09,B2C,organic,Silver
C06949,2024-01-01,R01,B2C,organic,Bronze
C06950,2023-06-20,R03,B2C,social,New
C06951,2023-10-01,R03,B2C,organic,Bronze
C06952,2024-11-09,R02,B2C,referral,Gold
C06953,2025-02-16,R03,B2C,paid_search,Bronze
C06954,2023-02-15,R06,B2C,organic,New
C06955,2023-03-28,R03,B2C,paid_search,Silver
C06956,2022-10-12,R02,B2C,organic,New
C06957,2023-07-05,R10,B2C,paid_search,Silver
C06958,2024-01-18,R12,B2C,paid_search,Silver
C06959,2024-09-03,R04,B2C,referral,Bronze
C06960,2023-01-02,R03,B2C,paid_search,New
C06961,2022-10-24,R01,B2C,referral,Bronze
C06962,2022-02-15,R01,B2C,organic,Silver
C06963,2022-05-09,R03,B2C,partner,Gold
C06964,2022-03-12,R11,B2C,organic,Silver
C06965,2022-10-11,R08,B2C,referral,New
C06966,2024-08-09,R03,B2C,paid_search,New
C06967,2024-11-25,R12,B2C,organic,Silver
C06968,2025-08-25,R04,B2C,paid_search,Silver
C06969,2024-01-17,R02,B2C,partner,New
C06970,2023-09-15,R04,B2C,referral,New
C06971,2025-05-16,R02,B2C,social,New
C06972,2022-07-21,R10,B2C,paid_search,Bronze
C06973,2024-05-12,R03,B2C,social,Silver
C06974,2025-01-24,R07,B2C,organic,Gold
C06975,2023-11-19,R03,B2C,social,New
C06976,2022-12-24,R11,B2C,organic,Bronze
C06977,2024-04-29,R07,B2C,referral,Bronze
C06978,2025-09-25,R05,B2C,social,Bronze
C06979,2022-11-20,R01,B2C,paid_search,New
C06980,2024-02-11,R11,B2C,social,Bronze
C06981,2022-03-11,R05,B2C,paid_search,Bronze
C06982,2022-11-15,R02,B2C,organic,Silver
C06983,2024-11-16,R10,B2C,organic,Silver
C06984,2023-11-11,R01,B2C,organic,Silver
C06985,2022-09-30,R03,B2C,organic,Bronze
C06986,2023-04-05,R05,B2C,social,Bronze
C06987,2022-06-15,R03,B2C,social,New
C06988,2024-12-03,R05,B2C,paid_search,New
C06989,2025-07-14,R02,B2C,partner,New
C06990,2022-05-25,R01,B2C,referral,New
C06991,2022-11-22,R01,B2C,organic,Gold
C06992,2025-03-19,R01,B2C,paid_search,Gold
C06993,2025-04-17,R12,B2C,referral,Silver
C06994,2024-11-16,R06,B2C,organic,Silver
C06995,2024-09-05,R05,B2C,paid_search,Silver
C06996,2025-03-25,R03,B2C,partner,Silver
C06997,2023-05-27,R07,B2C,referral,Silver
C06998,2025-05-10,R01,B2C,referral,New
C06999,2025-04-28,R02,B2C,referral,Gold
C07000,2022-11-11,R07,B2C,organic,Silver
