batch_id,source_system,load_date,extracted_at,loaded_at,expected_rows,loaded_rows,rejected_rows,freshness_minutes,schema_version,checksum_match,load_status,error_code
BATCH-000001,crm,2025-01-01,2025-01-01 01:02:00,2025-01-01 01:08:00,132,132,0,6,1.1,1,success,
BATCH-000002,portal,2025-01-01,2025-01-01 01:28:00,2025-01-01 01:54:00,25,25,0,26,1.1,1,success,
BATCH-000003,chat_platform,2025-01-01,2025-01-01 01:25:00,2025-01-01 01:32:00,49,49,0,7,1.0,1,success,
BATCH-000004,workflow,2025-01-01,2025-01-01 01:20:00,2025-01-01 01:36:00,72,72,0,16,1.0,1,success,
BATCH-000005,workforce,2025-01-01,2025-01-01 01:15:00,2025-01-01 01:23:00,154,154,0,8,1.0,1,success,
BATCH-000006,calendar,2025-01-01,2025-01-01 01:29:00,2025-01-01 01:44:00,222,222,0,15,1.0,1,success,
BATCH-000007,crm,2025-01-02,2025-01-02 01:14:00,2025-01-02 01:25:00,100,100,0,11,1.0,1,success,
BATCH-000008,portal,2025-01-02,2025-01-02 01:03:00,2025-01-02 07:35:00,75,0,75,392,1.0,0,failed,SRC_UNAVAILABLE
BATCH-000009,chat_platform,2025-01-02,2025-01-02 01:28:00,2025-01-02 02:22:00,203,203,0,54,1.0,1,success,
BATCH-000010,workflow,2025-01-02,2025-01-02 01:08:00,2025-01-02 01:29:00,236,236,0,21,1.0,1,success,
BATCH-000011,workforce,2025-01-02,2025-01-02 01:18:00,2025-01-02 01:55:00,201,201,0,37,1.0,1,success,
BATCH-000012,calendar,2025-01-02,2025-01-02 01:07:00,2025-01-02 01:36:00,252,252,0,29,1.1,1,success,
BATCH-000013,crm,2025-01-03,2025-01-03 01:07:00,2025-01-03 04:19:00,182,172,10,192,1.0,1,warning,LATE_ARRIVAL
BATCH-000014,portal,2025-01-03,2025-01-03 01:18:00,2025-01-03 01:34:00,203,203,0,16,1.0,1,success,
BATCH-000015,chat_platform,2025-01-03,2025-01-03 01:22:00,2025-01-03 01:30:00,105,105,0,8,1.0,1,success,
BATCH-000016,workflow,2025-01-03,2025-01-03 01:08:00,2025-01-03 01:36:00,164,164,0,28,1.0,1,success,
BATCH-000017,workforce,2025-01-03,2025-01-03 01:14:00,2025-01-03 01:20:00,253,253,0,6,1.0,1,success,
BATCH-000018,calendar,2025-01-03,2025-01-03 01:24:00,2025-01-03 01:33:00,28,28,0,9,1.0,1,success,
BATCH-000019,crm,2025-01-04,2025-01-04 01:07:00,2025-01-04 01:52:00,72,72,0,45,1.0,1,success,
BATCH-000020,portal,2025-01-04,2025-01-04 01:27:00,2025-01-04 02:28:00,68,68,0,61,1.0,1,success,
BATCH-000021,chat_platform,2025-01-04,2025-01-04 01:27:00,2025-01-04 01:40:00,29,29,0,13,1.0,1,success,
BATCH-000022,workflow,2025-01-04,2025-01-04 01:00:00,2025-01-04 01:43:00,72,72,0,43,1.0,1,success,
BATCH-000023,workforce,2025-01-04,2025-01-04 01:08:00,2025-01-04 01:30:00,82,82,0,22,1.0,1,success,
BATCH-000024,calendar,2025-01-04,2025-01-04 01:24:00,2025-01-04 01:35:00,60,60,0,11,2.0,1,success,
BATCH-000025,crm,2025-01-05,2025-01-05 01:03:00,2025-01-05 01:13:00,56,56,0,10,1.0,1,success,
BATCH-000026,portal,2025-01-05,2025-01-05 01:15:00,2025-01-05 01:56:00,187,187,0,41,1.0,1,success,
BATCH-000027,chat_platform,2025-01-05,2025-01-05 01:27:00,2025-01-05 01:42:00,81,81,0,15,2.0,1,success,
BATCH-000028,workflow,2025-01-05,2025-01-05 01:06:00,2025-01-05 02:07:00,171,171,0,61,1.0,1,success,
BATCH-000029,workforce,2025-01-05,2025-01-05 01:01:00,2025-01-05 01:56:00,166,166,0,55,1.0,1,success,
BATCH-000030,calendar,2025-01-05,2025-01-05 01:00:00,2025-01-05 01:45:00,146,146,0,45,1.0,1,success,
BATCH-000031,crm,2025-01-06,2025-01-06 01:20:00,2025-01-06 03:33:00,104,103,1,133,1.0,1,warning,LATE_ARRIVAL
BATCH-000032,portal,2025-01-06,2025-01-06 01:10:00,2025-01-06 02:01:00,153,153,0,51,1.0,1,success,
BATCH-000033,chat_platform,2025-01-06,2025-01-06 01:09:00,2025-01-06 02:10:00,236,236,0,61,1.1,1,success,
BATCH-000034,workflow,2025-01-06,2025-01-06 01:16:00,2025-01-06 02:07:00,215,215,0,51,1.0,1,success,
BATCH-000035,workforce,2025-01-06,2025-01-06 01:19:00,2025-01-06 01:50:00,227,227,0,31,1.0,1,success,
BATCH-000036,calendar,2025-01-06,2025-01-06 01:05:00,2025-01-06 01:49:00,196,196,0,44,2.0,1,success,
BATCH-000037,crm,2025-01-07,2025-01-07 01:03:00,2025-01-07 01:27:00,148,148,0,24,1.0,1,success,
BATCH-000038,portal,2025-01-07,2025-01-07 01:05:00,2025-01-07 02:00:00,161,161,0,55,1.1,1,success,
BATCH-000039,chat_platform,2025-01-07,2025-01-07 01:21:00,2025-01-07 02:04:00,190,190,0,43,1.0,1,success,
BATCH-000040,workflow,2025-01-07,2025-01-07 01:12:00,2025-01-07 01:55:00,65,65,0,43,1.0,1,success,
BATCH-000041,workforce,2025-01-07,2025-01-07 01:23:00,2025-01-07 01:50:00,159,159,0,27,1.0,1,success,
BATCH-000042,calendar,2025-01-07,2025-01-07 01:17:00,2025-01-07 01:33:00,219,219,0,16,1.0,1,success,
BATCH-000043,crm,2025-01-08,2025-01-08 01:03:00,2025-01-08 04:18:00,109,101,8,195,1.1,1,warning,LATE_ARRIVAL
BATCH-000044,portal,2025-01-08,2025-01-08 01:15:00,2025-01-08 01:44:00,235,235,0,29,1.1,1,success,
BATCH-000045,chat_platform,2025-01-08,2025-01-08 01:22:00,2025-01-08 02:09:00,111,111,0,47,1.0,1,success,
BATCH-000046,workflow,2025-01-08,2025-01-08 01:12:00,2025-01-08 01:22:00,59,59,0,10,1.0,1,success,
BATCH-000047,workforce,2025-01-08,2025-01-08 01:27:00,2025-01-08 01:42:00,142,142,0,15,1.0,1,success,
BATCH-000048,calendar,2025-01-08,2025-01-08 01:05:00,2025-01-08 01:52:00,136,136,0,47,1.1,1,success,
BATCH-000049,crm,2025-01-09,2025-01-09 01:16:00,2025-01-09 01:30:00,84,84,0,14,1.0,1,success,
BATCH-000050,portal,2025-01-09,2025-01-09 01:19:00,2025-01-09 02:11:00,44,44,0,52,1.1,1,success,
BATCH-000051,chat_platform,2025-01-09,2025-01-09 01:00:00,2025-01-09 09:44:00,150,0,150,524,1.0,0,failed,SRC_UNAVAILABLE
BATCH-000052,workflow,2025-01-09,2025-01-09 01:17:00,2025-01-09 01:28:00,119,119,0,11,1.0,1,success,
BATCH-000053,workforce,2025-01-09,2025-01-09 01:16:00,2025-01-09 01:22:00,34,34,0,6,1.0,1,success,
BATCH-000054,calendar,2025-01-09,2025-01-09 01:03:00,2025-01-09 01:08:00,251,251,0,5,1.0,1,success,
BATCH-000055,crm,2025-01-10,2025-01-10 01:02:00,2025-01-10 01:44:00,149,149,0,42,1.0,1,success,
BATCH-000056,portal,2025-01-10,2025-01-10 01:05:00,2025-01-10 01:56:00,183,183,0,51,1.1,1,success,
BATCH-000057,chat_platform,2025-01-10,2025-01-10 01:24:00,2025-01-10 01:43:00,105,105,0,19,2.0,1,success,
BATCH-000058,workflow,2025-01-10,2025-01-10 01:26:00,2025-01-10 02:00:00,154,154,0,34,1.0,1,success,
BATCH-000059,workforce,2025-01-10,2025-01-10 01:10:00,2025-01-10 01:33:00,157,157,0,23,1.0,1,success,
BATCH-000060,calendar,2025-01-10,2025-01-10 01:26:00,2025-01-10 01:58:00,172,172,0,32,1.0,1,success,
BATCH-000061,crm,2025-01-11,2025-01-11 01:27:00,2025-01-11 02:00:00,103,103,0,33,2.0,1,success,
BATCH-000062,portal,2025-01-11,2025-01-11 01:06:00,2025-01-11 04:56:00,169,162,7,230,1.0,1,warning,SCHEMA_DRIFT
BATCH-000063,chat_platform,2025-01-11,2025-01-11 01:28:00,2025-01-11 04:26:00,178,171,7,178,1.0,1,warning,ROW_REJECTED
BATCH-000064,workflow,2025-01-11,2025-01-11 01:14:00,2025-01-11 01:29:00,215,215,0,15,1.1,1,success,
BATCH-000065,workforce,2025-01-11,2025-01-11 01:20:00,2025-01-11 01:30:00,243,243,0,10,1.0,1,success,
BATCH-000066,calendar,2025-01-11,2025-01-11 01:26:00,2025-01-11 02:06:00,112,112,0,40,1.0,1,success,
BATCH-000067,crm,2025-01-12,2025-01-12 01:12:00,2025-01-12 03:05:00,169,166,3,113,1.0,1,warning,LATE_ARRIVAL
BATCH-000068,portal,2025-01-12,2025-01-12 01:14:00,2025-01-12 01:53:00,125,125,0,39,1.1,1,success,
BATCH-000069,chat_platform,2025-01-12,2025-01-12 01:15:00,2025-01-12 01:45:00,141,141,0,30,1.0,1,success,
BATCH-000070,workflow,2025-01-12,2025-01-12 01:29:00,2025-01-12 02:33:00,101,101,0,64,1.0,1,success,
BATCH-000071,workforce,2025-01-12,2025-01-12 01:24:00,2025-01-12 02:26:00,75,75,0,62,1.0,1,success,
BATCH-000072,calendar,2025-01-12,2025-01-12 01:24:00,2025-01-12 01:58:00,174,174,0,34,1.0,1,success,
BATCH-000073,crm,2025-01-13,2025-01-13 01:29:00,2025-01-13 02:03:00,154,154,0,34,1.1,1,success,
BATCH-000074,portal,2025-01-13,2025-01-13 01:16:00,2025-01-13 01:44:00,226,226,0,28,1.0,1,success,
BATCH-000075,chat_platform,2025-01-13,2025-01-13 01:01:00,2025-01-13 01:14:00,176,176,0,13,1.0,1,success,
BATCH-000076,workflow,2025-01-13,2025-01-13 01:11:00,2025-01-13 01:36:00,28,28,0,25,1.0,1,success,
BATCH-000077,workforce,2025-01-13,2025-01-13 01:24:00,2025-01-13 01:57:00,228,228,0,33,1.0,1,success,
BATCH-000078,calendar,2025-01-13,2025-01-13 01:11:00,2025-01-13 01:28:00,28,28,0,17,1.0,1,success,
BATCH-000079,crm,2025-01-14,2025-01-14 01:17:00,2025-01-14 01:59:00,235,235,0,42,1.0,1,success,
BATCH-000080,portal,2025-01-14,2025-01-14 01:19:00,2025-01-14 01:29:00,206,206,0,10,1.0,1,success,
BATCH-000081,chat_platform,2025-01-14,2025-01-14 01:13:00,2025-01-14 01:52:00,108,108,0,39,1.0,1,success,
BATCH-000082,workflow,2025-01-14,2025-01-14 01:07:00,2025-01-14 02:05:00,117,117,0,58,1.0,1,success,
BATCH-000083,workforce,2025-01-14,2025-01-14 01:23:00,2025-01-14 02:05:00,35,35,0,42,1.0,1,success,
BATCH-000084,calendar,2025-01-14,2025-01-14 01:02:00,2025-01-14 01:41:00,222,222,0,39,2.0,1,success,
BATCH-000085,crm,2025-01-15,2025-01-15 01:11:00,2025-01-15 02:03:00,222,222,0,52,1.0,1,success,
BATCH-000086,portal,2025-01-15,2025-01-15 01:03:00,2025-01-15 01:33:00,109,109,0,30,1.0,1,success,
BATCH-000087,chat_platform,2025-01-15,2025-01-15 01:13:00,2025-01-15 01:46:00,241,241,0,33,1.0,1,success,
BATCH-000088,workflow,2025-01-15,2025-01-15 01:10:00,2025-01-15 01:29:00,156,156,0,19,1.0,1,success,
BATCH-000089,workforce,2025-01-15,2025-01-15 01:21:00,2025-01-15 02:18:00,26,26,0,57,1.0,1,success,
BATCH-000090,calendar,2025-01-15,2025-01-15 01:11:00,2025-01-15 01:53:00,209,209,0,42,1.0,1,success,
BATCH-000091,crm,2025-01-16,2025-01-16 01:07:00,2025-01-16 01:15:00,46,46,0,8,1.0,1,success,
BATCH-000092,portal,2025-01-16,2025-01-16 01:20:00,2025-01-16 02:03:00,144,144,0,43,1.0,1,success,
BATCH-000093,chat_platform,2025-01-16,2025-01-16 01:04:00,2025-01-16 01:12:00,80,80,0,8,1.0,1,success,
BATCH-000094,workflow,2025-01-16,2025-01-16 01:20:00,2025-01-16 04:51:00,193,188,5,211,1.0,0,warning,ROW_REJECTED
BATCH-000095,workforce,2025-01-16,2025-01-16 01:22:00,2025-01-16 01:36:00,201,201,0,14,1.1,1,success,
BATCH-000096,calendar,2025-01-16,2025-01-16 01:13:00,2025-01-16 01:20:00,187,187,0,7,1.0,1,success,
BATCH-000097,crm,2025-01-17,2025-01-17 01:16:00,2025-01-17 01:33:00,220,220,0,17,1.0,1,success,
BATCH-000098,portal,2025-01-17,2025-01-17 01:24:00,2025-01-17 01:52:00,215,215,0,28,1.0,1,success,
BATCH-000099,chat_platform,2025-01-17,2025-01-17 01:06:00,2025-01-17 01:29:00,253,253,0,23,1.0,1,success,
BATCH-000100,workflow,2025-01-17,2025-01-17 01:06:00,2025-01-17 01:52:00,88,88,0,46,1.1,1,success,
BATCH-000101,workforce,2025-01-17,2025-01-17 01:02:00,2025-01-17 01:17:00,214,214,0,15,1.0,1,success,
BATCH-000102,calendar,2025-01-17,2025-01-17 01:07:00,2025-01-17 02:04:00,85,85,0,57,1.0,1,success,
BATCH-000103,crm,2025-01-18,2025-01-18 01:04:00,2025-01-18 01:25:00,60,60,0,21,1.0,1,success,
BATCH-000104,portal,2025-01-18,2025-01-18 01:25:00,2025-01-18 02:14:00,177,177,0,49,1.1,1,success,
BATCH-000105,chat_platform,2025-01-18,2025-01-18 01:23:00,2025-01-18 01:59:00,36,36,0,36,1.0,1,success,
BATCH-000106,workflow,2025-01-18,2025-01-18 01:20:00,2025-01-18 01:51:00,208,208,0,31,1.0,1,success,
BATCH-000107,workforce,2025-01-18,2025-01-18 01:06:00,2025-01-18 01:57:00,53,53,0,51,1.0,1,success,
BATCH-000108,calendar,2025-01-18,2025-01-18 01:15:00,2025-01-18 02:07:00,259,259,0,52,1.0,1,success,
BATCH-000109,crm,2025-01-19,2025-01-19 01:08:00,2025-01-19 01:31:00,226,226,0,23,1.0,1,success,
BATCH-000110,portal,2025-01-19,2025-01-19 01:23:00,2025-01-19 01:54:00,115,115,0,31,1.0,1,success,
BATCH-000111,chat_platform,2025-01-19,2025-01-19 01:18:00,2025-01-19 02:14:00,169,169,0,56,1.0,1,success,
BATCH-000112,workflow,2025-01-19,2025-01-19 01:22:00,2025-01-19 01:48:00,148,148,0,26,1.0,1,success,
BATCH-000113,workforce,2025-01-19,2025-01-19 01:19:00,2025-01-19 01:46:00,173,173,0,27,1.0,1,success,
BATCH-000114,calendar,2025-01-19,2025-01-19 01:28:00,2025-01-19 02:02:00,180,180,0,34,1.0,1,success,
BATCH-000115,crm,2025-01-20,2025-01-20 01:22:00,2025-01-20 01:58:00,159,159,0,36,1.0,1,success,
BATCH-000116,portal,2025-01-20,2025-01-20 01:24:00,2025-01-20 01:39:00,181,181,0,15,1.0,1,success,
BATCH-000117,chat_platform,2025-01-20,2025-01-20 01:08:00,2025-01-20 02:00:00,154,154,0,52,2.0,1,success,
BATCH-000118,workflow,2025-01-20,2025-01-20 01:25:00,2025-01-20 02:05:00,229,229,0,40,1.0,1,success,
BATCH-000119,workforce,2025-01-20,2025-01-20 01:24:00,2025-01-20 03:25:00,118,111,7,121,1.0,1,warning,ROW_REJECTED
BATCH-000120,calendar,2025-01-20,2025-01-20 01:22:00,2025-01-20 02:02:00,112,112,0,40,1.0,1,success,
BATCH-000121,crm,2025-01-21,2025-01-21 01:17:00,2025-01-21 01:49:00,201,201,0,32,1.0,1,success,
BATCH-000122,portal,2025-01-21,2025-01-21 01:20:00,2025-01-21 01:48:00,70,70,0,28,1.0,1,success,
BATCH-000123,chat_platform,2025-01-21,2025-01-21 01:20:00,2025-01-21 01:47:00,205,205,0,27,1.0,1,success,
BATCH-000124,workflow,2025-01-21,2025-01-21 01:18:00,2025-01-21 01:55:00,72,72,0,37,1.0,1,success,
BATCH-000125,workforce,2025-01-21,2025-01-21 01:15:00,2025-01-21 01:28:00,254,254,0,13,1.0,1,success,
BATCH-000126,calendar,2025-01-21,2025-01-21 01:02:00,2025-01-21 01:57:00,97,97,0,55,1.0,1,success,
BATCH-000127,crm,2025-01-22,2025-01-22 01:01:00,2025-01-22 01:44:00,106,106,0,43,1.1,1,success,
BATCH-000128,portal,2025-01-22,2025-01-22 01:28:00,2025-01-22 02:14:00,234,234,0,46,1.0,1,success,
BATCH-000129,chat_platform,2025-01-22,2025-01-22 01:07:00,2025-01-22 02:03:00,44,44,0,56,1.0,1,success,
BATCH-000130,workflow,2025-01-22,2025-01-22 01:07:00,2025-01-22 02:11:00,33,33,0,64,1.0,1,success,
BATCH-000131,workforce,2025-01-22,2025-01-22 01:19:00,2025-01-22 04:27:00,188,177,11,188,1.1,0,warning,ROW_REJECTED
BATCH-000132,calendar,2025-01-22,2025-01-22 01:18:00,2025-01-22 01:44:00,221,221,0,26,1.0,1,success,
BATCH-000133,crm,2025-01-23,2025-01-23 01:05:00,2025-01-23 01:25:00,102,102,0,20,1.0,1,success,
BATCH-000134,portal,2025-01-23,2025-01-23 01:09:00,2025-01-23 01:59:00,146,146,0,50,1.0,1,success,
BATCH-000135,chat_platform,2025-01-23,2025-01-23 01:19:00,2025-01-23 01:49:00,249,249,0,30,1.0,1,success,
BATCH-000136,workflow,2025-01-23,2025-01-23 01:10:00,2025-01-23 01:55:00,93,93,0,45,1.1,1,success,
BATCH-000137,workforce,2025-01-23,2025-01-23 01:24:00,2025-01-23 02:10:00,253,253,0,46,1.0,1,success,
BATCH-000138,calendar,2025-01-23,2025-01-23 01:23:00,2025-01-23 02:05:00,144,144,0,42,1.0,1,success,
BATCH-000139,crm,2025-01-24,2025-01-24 01:16:00,2025-01-24 01:33:00,162,162,0,17,1.0,1,success,
BATCH-000140,portal,2025-01-24,2025-01-24 01:10:00,2025-01-24 01:30:00,63,63,0,20,1.0,1,success,
BATCH-000141,chat_platform,2025-01-24,2025-01-24 01:16:00,2025-01-24 01:59:00,41,41,0,43,1.1,1,success,
BATCH-000142,workflow,2025-01-24,2025-01-24 01:22:00,2025-01-24 01:36:00,64,64,0,14,1.0,1,success,
BATCH-000143,workforce,2025-01-24,2025-01-24 01:21:00,2025-01-24 01:34:00,220,220,0,13,1.0,1,success,
BATCH-000144,calendar,2025-01-24,2025-01-24 01:21:00,2025-01-24 02:20:00,100,100,0,59,1.0,1,success,
BATCH-000145,crm,2025-01-25,2025-01-25 01:19:00,2025-01-25 01:44:00,102,102,0,25,1.0,1,success,
BATCH-000146,portal,2025-01-25,2025-01-25 01:25:00,2025-01-25 01:52:00,171,171,0,27,1.0,1,success,
BATCH-000147,chat_platform,2025-01-25,2025-01-25 01:08:00,2025-01-25 02:00:00,37,37,0,52,1.0,1,success,
BATCH-000148,workflow,2025-01-25,2025-01-25 01:25:00,2025-01-25 02:07:00,151,151,0,42,1.1,1,success,
BATCH-000149,workforce,2025-01-25,2025-01-25 01:27:00,2025-01-25 02:24:00,256,256,0,57,1.0,1,success,
BATCH-000150,calendar,2025-01-25,2025-01-25 01:14:00,2025-01-25 01:58:00,241,241,0,44,1.0,1,success,
BATCH-000151,crm,2025-01-26,2025-01-26 01:23:00,2025-01-26 01:28:00,139,139,0,5,1.0,1,success,
BATCH-000152,portal,2025-01-26,2025-01-26 01:13:00,2025-01-26 02:00:00,127,127,0,47,1.0,1,success,
BATCH-000153,chat_platform,2025-01-26,2025-01-26 01:01:00,2025-01-26 01:58:00,50,50,0,57,1.0,1,success,
BATCH-000154,workflow,2025-01-26,2025-01-26 01:02:00,2025-01-26 10:07:00,112,0,112,545,1.0,0,failed,SRC_UNAVAILABLE
BATCH-000155,workforce,2025-01-26,2025-01-26 01:20:00,2025-01-26 02:00:00,74,74,0,40,1.0,1,success,
BATCH-000156,calendar,2025-01-26,2025-01-26 01:22:00,2025-01-26 01:31:00,221,221,0,9,1.0,1,success,
BATCH-000157,crm,2025-01-27,2025-01-27 01:15:00,2025-01-27 01:47:00,141,141,0,32,1.0,1,success,
BATCH-000158,portal,2025-01-27,2025-01-27 01:05:00,2025-01-27 01:24:00,122,122,0,19,1.0,1,success,
BATCH-000159,chat_platform,2025-01-27,2025-01-27 01:08:00,2025-01-27 02:08:00,176,176,0,60,1.1,1,success,
BATCH-000160,workflow,2025-01-27,2025-01-27 01:15:00,2025-01-27 01:28:00,190,190,0,13,1.1,1,success,
BATCH-000161,workforce,2025-01-27,2025-01-27 01:25:00,2025-01-27 01:54:00,247,247,0,29,1.0,1,success,
BATCH-000162,calendar,2025-01-27,2025-01-27 01:12:00,2025-01-27 02:05:00,46,46,0,53,1.0,1,success,
BATCH-000163,crm,2025-01-28,2025-01-28 01:19:00,2025-01-28 02:11:00,209,209,0,52,1.0,1,success,
BATCH-000164,portal,2025-01-28,2025-01-28 01:28:00,2025-01-28 02:23:00,76,76,0,55,1.1,1,success,
BATCH-000165,chat_platform,2025-01-28,2025-01-28 01:10:00,2025-01-28 01:22:00,230,230,0,12,1.0,1,success,
BATCH-000166,workflow,2025-01-28,2025-01-28 01:15:00,2025-01-28 02:18:00,114,114,0,63,1.0,1,success,
BATCH-000167,workforce,2025-01-28,2025-01-28 01:20:00,2025-01-28 01:27:00,243,243,0,7,1.0,1,success,
BATCH-000168,calendar,2025-01-28,2025-01-28 01:23:00,2025-01-28 02:14:00,110,110,0,51,1.0,1,success,
BATCH-000169,crm,2025-01-29,2025-01-29 01:21:00,2025-01-29 02:20:00,174,174,0,59,1.1,1,success,
BATCH-000170,portal,2025-01-29,2025-01-29 01:18:00,2025-01-29 01:33:00,66,66,0,15,1.0,1,success,
BATCH-000171,chat_platform,2025-01-29,2025-01-29 01:08:00,2025-01-29 02:01:00,104,104,0,53,1.0,1,success,
BATCH-000172,workflow,2025-01-29,2025-01-29 01:12:00,2025-01-29 01:18:00,181,181,0,6,1.0,1,success,
BATCH-000173,workforce,2025-01-29,2025-01-29 01:10:00,2025-01-29 02:09:00,31,31,0,59,1.0,1,success,
BATCH-000174,calendar,2025-01-29,2025-01-29 01:19:00,2025-01-29 01:37:00,238,238,0,18,1.0,1,success,
BATCH-000175,crm,2025-01-30,2025-01-30 01:09:00,2025-01-30 01:36:00,160,160,0,27,1.0,1,success,
BATCH-000176,portal,2025-01-30,2025-01-30 01:12:00,2025-01-30 01:55:00,63,63,0,43,1.0,1,success,
BATCH-000177,chat_platform,2025-01-30,2025-01-30 01:06:00,2025-01-30 02:54:00,202,197,5,108,1.0,0,warning,ROW_REJECTED
BATCH-000178,workflow,2025-01-30,2025-01-30 01:24:00,2025-01-30 03:02:00,115,110,5,98,1.0,1,warning,ROW_REJECTED
BATCH-000179,workforce,2025-01-30,2025-01-30 01:01:00,2025-01-30 01:40:00,242,242,0,39,1.0,1,success,
BATCH-000180,calendar,2025-01-30,2025-01-30 01:26:00,2025-01-30 01:43:00,201,201,0,17,1.0,1,success,
BATCH-000181,crm,2025-01-31,2025-01-31 01:00:00,2025-01-31 01:24:00,221,221,0,24,1.0,1,success,
BATCH-000182,portal,2025-01-31,2025-01-31 01:07:00,2025-01-31 02:04:00,223,223,0,57,1.0,1,success,
BATCH-000183,chat_platform,2025-01-31,2025-01-31 01:27:00,2025-01-31 01:50:00,84,84,0,23,1.0,1,success,
BATCH-000184,workflow,2025-01-31,2025-01-31 01:10:00,2025-01-31 01:58:00,50,50,0,48,1.0,1,success,
BATCH-000185,workforce,2025-01-31,2025-01-31 01:19:00,2025-01-31 02:07:00,44,44,0,48,1.0,1,success,
BATCH-000186,calendar,2025-01-31,2025-01-31 01:22:00,2025-01-31 02:03:00,171,171,0,41,1.0,1,success,
BATCH-000187,crm,2025-02-01,2025-02-01 01:08:00,2025-02-01 02:08:00,62,62,0,60,1.0,1,success,
BATCH-000188,portal,2025-02-01,2025-02-01 01:23:00,2025-02-01 02:44:00,105,102,3,81,1.0,1,warning,LATE_ARRIVAL
BATCH-000189,chat_platform,2025-02-01,2025-02-01 01:19:00,2025-02-01 01:52:00,192,192,0,33,1.0,1,success,
BATCH-000190,workflow,2025-02-01,2025-02-01 01:13:00,2025-02-01 01:41:00,159,159,0,28,1.0,1,success,
BATCH-000191,workforce,2025-02-01,2025-02-01 01:13:00,2025-02-01 01:20:00,208,208,0,7,1.0,1,success,
BATCH-000192,calendar,2025-02-01,2025-02-01 01:18:00,2025-02-01 04:56:00,247,231,16,218,1.0,0,warning,SCHEMA_DRIFT
BATCH-000193,crm,2025-02-02,2025-02-02 01:03:00,2025-02-02 01:28:00,189,189,0,25,1.1,1,success,
BATCH-000194,portal,2025-02-02,2025-02-02 01:03:00,2025-02-02 01:11:00,224,224,0,8,1.0,1,success,
BATCH-000195,chat_platform,2025-02-02,2025-02-02 01:10:00,2025-02-02 02:12:00,196,196,0,62,1.0,1,success,
BATCH-000196,workflow,2025-02-02,2025-02-02 01:13:00,2025-02-02 02:14:00,58,58,0,61,1.0,1,success,
BATCH-000197,workforce,2025-02-02,2025-02-02 01:27:00,2025-02-02 02:05:00,25,25,0,38,1.0,1,success,
BATCH-000198,calendar,2025-02-02,2025-02-02 01:18:00,2025-02-02 01:56:00,107,107,0,38,1.0,1,success,
BATCH-000199,crm,2025-02-03,2025-02-03 01:03:00,2025-02-03 01:51:00,235,235,0,48,1.0,1,success,
BATCH-000200,portal,2025-02-03,2025-02-03 01:07:00,2025-02-03 02:01:00,33,33,0,54,1.0,1,success,
BATCH-000201,chat_platform,2025-02-03,2025-02-03 01:04:00,2025-02-03 04:32:00,234,220,14,208,1.0,1,warning,SCHEMA_DRIFT
BATCH-000202,workflow,2025-02-03,2025-02-03 01:19:00,2025-02-03 02:08:00,143,143,0,49,1.0,1,success,
BATCH-000203,workforce,2025-02-03,2025-02-03 01:22:00,2025-02-03 01:53:00,59,59,0,31,1.0,1,success,
BATCH-000204,calendar,2025-02-03,2025-02-03 01:13:00,2025-02-03 02:17:00,139,139,0,64,1.0,1,success,
BATCH-000205,crm,2025-02-04,2025-02-04 01:10:00,2025-02-04 02:03:00,245,245,0,53,1.1,1,success,
BATCH-000206,portal,2025-02-04,2025-02-04 01:08:00,2025-02-04 01:55:00,152,152,0,47,1.0,1,success,
BATCH-000207,chat_platform,2025-02-04,2025-02-04 01:29:00,2025-02-04 01:57:00,210,210,0,28,1.0,1,success,
BATCH-000208,workflow,2025-02-04,2025-02-04 01:11:00,2025-02-04 01:44:00,190,190,0,33,1.0,1,success,
BATCH-000209,workforce,2025-02-04,2025-02-04 01:28:00,2025-02-04 01:42:00,164,164,0,14,1.0,1,success,
BATCH-000210,calendar,2025-02-04,2025-02-04 01:16:00,2025-02-04 01:56:00,194,194,0,40,1.0,1,success,
BATCH-000211,crm,2025-02-05,2025-02-05 01:27:00,2025-02-05 02:20:00,180,180,0,53,2.0,1,success,
BATCH-000212,portal,2025-02-05,2025-02-05 01:25:00,2025-02-05 01:33:00,242,242,0,8,1.0,1,success,
BATCH-000213,chat_platform,2025-02-05,2025-02-05 01:09:00,2025-02-05 03:54:00,179,178,1,165,1.0,1,warning,SCHEMA_DRIFT
BATCH-000214,workflow,2025-02-05,2025-02-05 01:06:00,2025-02-05 01:11:00,135,135,0,5,1.0,1,success,
BATCH-000215,workforce,2025-02-05,2025-02-05 01:06:00,2025-02-05 01:16:00,234,234,0,10,1.0,1,success,
BATCH-000216,calendar,2025-02-05,2025-02-05 01:14:00,2025-02-05 01:52:00,112,112,0,38,1.0,1,success,
BATCH-000217,crm,2025-02-06,2025-02-06 01:25:00,2025-02-06 06:19:00,117,0,117,294,1.0,0,failed,SRC_UNAVAILABLE
BATCH-000218,portal,2025-02-06,2025-02-06 01:20:00,2025-02-06 01:35:00,35,35,0,15,1.0,1,success,
BATCH-000219,chat_platform,2025-02-06,2025-02-06 01:10:00,2025-02-06 01:42:00,236,236,0,32,1.1,1,success,
BATCH-000220,workflow,2025-02-06,2025-02-06 01:18:00,2025-02-06 01:59:00,227,227,0,41,1.0,1,success,
BATCH-000221,workforce,2025-02-06,2025-02-06 01:22:00,2025-02-06 01:31:00,202,202,0,9,2.0,1,success,
BATCH-000222,calendar,2025-02-06,2025-02-06 01:21:00,2025-02-06 01:42:00,140,140,0,21,1.0,1,success,
BATCH-000223,crm,2025-02-07,2025-02-07 01:09:00,2025-02-07 02:01:00,213,213,0,52,1.0,1,success,
BATCH-000224,portal,2025-02-07,2025-02-07 01:06:00,2025-02-07 02:26:00,240,233,7,80,1.0,1,warning,LATE_ARRIVAL
BATCH-000225,chat_platform,2025-02-07,2025-02-07 01:26:00,2025-02-07 01:59:00,161,161,0,33,1.0,1,success,
BATCH-000226,workflow,2025-02-07,2025-02-07 01:27:00,2025-02-07 02:30:00,83,83,0,63,1.0,1,success,
BATCH-000227,workforce,2025-02-07,2025-02-07 01:28:00,2025-02-07 01:38:00,57,57,0,10,1.0,1,success,
BATCH-000228,calendar,2025-02-07,2025-02-07 01:28:00,2025-02-07 02:15:00,169,169,0,47,1.0,1,success,
BATCH-000229,crm,2025-02-08,2025-02-08 01:15:00,2025-02-08 01:38:00,44,44,0,23,1.1,1,success,
BATCH-000230,portal,2025-02-08,2025-02-08 01:18:00,2025-02-08 02:12:00,109,109,0,54,1.0,1,success,
BATCH-000231,chat_platform,2025-02-08,2025-02-08 01:17:00,2025-02-08 02:02:00,218,218,0,45,1.0,1,success,
BATCH-000232,workflow,2025-02-08,2025-02-08 01:14:00,2025-02-08 02:03:00,214,214,0,49,1.0,1,success,
BATCH-000233,workforce,2025-02-08,2025-02-08 01:22:00,2025-02-08 02:23:00,173,173,0,61,1.0,1,success,
BATCH-000234,calendar,2025-02-08,2025-02-08 01:01:00,2025-02-08 01:45:00,46,46,0,44,1.0,1,success,
BATCH-000235,crm,2025-02-09,2025-02-09 01:14:00,2025-02-09 02:00:00,42,42,0,46,2.0,1,success,
BATCH-000236,portal,2025-02-09,2025-02-09 01:05:00,2025-02-09 01:43:00,138,138,0,38,1.0,1,success,
BATCH-000237,chat_platform,2025-02-09,2025-02-09 01:05:00,2025-02-09 01:21:00,206,206,0,16,1.0,1,success,
BATCH-000238,workflow,2025-02-09,2025-02-09 01:19:00,2025-02-09 01:26:00,99,99,0,7,1.0,1,success,
BATCH-000239,workforce,2025-02-09,2025-02-09 01:29:00,2025-02-09 02:09:00,227,227,0,40,1.0,1,success,
BATCH-000240,calendar,2025-02-09,2025-02-09 01:15:00,2025-02-09 02:10:00,63,63,0,55,1.0,1,success,
BATCH-000241,crm,2025-02-10,2025-02-10 01:15:00,2025-02-10 01:24:00,215,215,0,9,1.0,1,success,
BATCH-000242,portal,2025-02-10,2025-02-10 01:09:00,2025-02-10 01:15:00,225,225,0,6,1.0,1,success,
BATCH-000243,chat_platform,2025-02-10,2025-02-10 01:07:00,2025-02-10 01:56:00,247,247,0,49,1.0,1,success,
BATCH-000244,workflow,2025-02-10,2025-02-10 01:16:00,2025-02-10 02:17:00,186,186,0,61,1.0,1,success,
BATCH-000245,workforce,2025-02-10,2025-02-10 01:10:00,2025-02-10 01:22:00,87,87,0,12,1.0,1,success,
BATCH-000246,calendar,2025-02-10,2025-02-10 01:25:00,2025-02-10 03:56:00,108,100,8,151,2.0,0,warning,LATE_ARRIVAL
BATCH-000247,crm,2025-02-11,2025-02-11 01:06:00,2025-02-11 03:33:00,113,110,3,147,1.0,0,warning,ROW_REJECTED
BATCH-000248,portal,2025-02-11,2025-02-11 01:09:00,2025-02-11 01:47:00,189,189,0,38,1.0,1,success,
BATCH-000249,chat_platform,2025-02-11,2025-02-11 01:13:00,2025-02-11 01:37:00,189,189,0,24,2.0,1,success,
BATCH-000250,workflow,2025-02-11,2025-02-11 01:03:00,2025-02-11 01:35:00,213,213,0,32,1.0,1,success,
BATCH-000251,workforce,2025-02-11,2025-02-11 01:08:00,2025-02-11 02:07:00,117,117,0,59,1.0,1,success,
BATCH-000252,calendar,2025-02-11,2025-02-11 01:28:00,2025-02-11 02:20:00,33,33,0,52,1.0,1,success,
BATCH-000253,crm,2025-02-12,2025-02-12 01:07:00,2025-02-12 01:50:00,65,65,0,43,1.0,1,success,
BATCH-000254,portal,2025-02-12,2025-02-12 01:03:00,2025-02-12 01:48:00,190,190,0,45,2.0,1,success,
BATCH-000255,chat_platform,2025-02-12,2025-02-12 01:14:00,2025-02-12 01:44:00,32,32,0,30,1.0,1,success,
BATCH-000256,workflow,2025-02-12,2025-02-12 01:06:00,2025-02-12 01:27:00,89,89,0,21,1.0,1,success,
BATCH-000257,workforce,2025-02-12,2025-02-12 01:11:00,2025-02-12 01:48:00,217,217,0,37,1.0,1,success,
BATCH-000258,calendar,2025-02-12,2025-02-12 01:17:00,2025-02-12 02:14:00,26,26,0,57,2.0,1,success,
BATCH-000259,crm,2025-02-13,2025-02-13 01:27:00,2025-02-13 02:13:00,156,156,0,46,1.0,1,success,
BATCH-000260,portal,2025-02-13,2025-02-13 01:29:00,2025-02-13 02:27:00,128,128,0,58,1.0,1,success,
BATCH-000261,chat_platform,2025-02-13,2025-02-13 01:28:00,2025-02-13 01:49:00,72,72,0,21,2.0,1,success,
BATCH-000262,workflow,2025-02-13,2025-02-13 01:12:00,2025-02-13 05:03:00,127,125,2,231,1.0,1,warning,SCHEMA_DRIFT
BATCH-000263,workforce,2025-02-13,2025-02-13 01:24:00,2025-02-13 01:37:00,150,150,0,13,1.1,1,success,
BATCH-000264,calendar,2025-02-13,2025-02-13 01:09:00,2025-02-13 01:34:00,98,98,0,25,1.0,1,success,
BATCH-000265,crm,2025-02-14,2025-02-14 01:10:00,2025-02-14 02:07:00,59,59,0,57,1.0,1,success,
BATCH-000266,portal,2025-02-14,2025-02-14 01:14:00,2025-02-14 01:37:00,36,36,0,23,1.0,1,success,
BATCH-000267,chat_platform,2025-02-14,2025-02-14 01:03:00,2025-02-14 01:37:00,189,189,0,34,1.1,1,success,
BATCH-000268,workflow,2025-02-14,2025-02-14 01:27:00,2025-02-14 01:41:00,107,107,0,14,1.0,1,success,
BATCH-000269,workforce,2025-02-14,2025-02-14 01:16:00,2025-02-14 01:55:00,98,98,0,39,1.0,1,success,
BATCH-000270,calendar,2025-02-14,2025-02-14 01:04:00,2025-02-14 01:34:00,78,78,0,30,1.1,1,success,
BATCH-000271,crm,2025-02-15,2025-02-15 01:27:00,2025-02-15 03:01:00,233,229,4,94,1.0,1,warning,ROW_REJECTED
BATCH-000272,portal,2025-02-15,2025-02-15 01:25:00,2025-02-15 01:47:00,243,243,0,22,1.0,1,success,
BATCH-000273,chat_platform,2025-02-15,2025-02-15 01:11:00,2025-02-15 02:01:00,211,211,0,50,1.0,1,success,
BATCH-000274,workflow,2025-02-15,2025-02-15 01:28:00,2025-02-15 01:57:00,174,174,0,29,1.0,1,success,
BATCH-000275,workforce,2025-02-15,2025-02-15 01:19:00,2025-02-15 03:24:00,199,195,4,125,1.0,0,warning,ROW_REJECTED
BATCH-000276,calendar,2025-02-15,2025-02-15 01:04:00,2025-02-15 02:08:00,80,80,0,64,1.0,1,success,
BATCH-000277,crm,2025-02-16,2025-02-16 01:10:00,2025-02-16 01:34:00,155,155,0,24,1.0,1,success,
BATCH-000278,portal,2025-02-16,2025-02-16 01:09:00,2025-02-16 01:17:00,99,99,0,8,1.0,1,success,
BATCH-000279,chat_platform,2025-02-16,2025-02-16 01:00:00,2025-02-16 01:39:00,163,163,0,39,1.1,1,success,
BATCH-000280,workflow,2025-02-16,2025-02-16 01:24:00,2025-02-16 02:16:00,187,187,0,52,1.0,1,success,
BATCH-000281,workforce,2025-02-16,2025-02-16 01:01:00,2025-02-16 01:12:00,80,80,0,11,1.0,1,success,
BATCH-000282,calendar,2025-02-16,2025-02-16 01:03:00,2025-02-16 01:36:00,134,134,0,33,1.0,1,success,
BATCH-000283,crm,2025-02-17,2025-02-17 01:00:00,2025-02-17 01:32:00,133,133,0,32,1.0,1,success,
BATCH-000284,portal,2025-02-17,2025-02-17 01:16:00,2025-02-17 02:08:00,206,206,0,52,1.0,1,success,
BATCH-000285,chat_platform,2025-02-17,2025-02-17 01:17:00,2025-02-17 01:54:00,44,44,0,37,1.0,1,success,
BATCH-000286,workflow,2025-02-17,2025-02-17 01:08:00,2025-02-17 01:57:00,33,33,0,49,2.0,1,success,
BATCH-000287,workforce,2025-02-17,2025-02-17 01:05:00,2025-02-17 01:33:00,55,55,0,28,1.0,1,success,
BATCH-000288,calendar,2025-02-17,2025-02-17 01:29:00,2025-02-17 01:56:00,252,252,0,27,1.1,1,success,
BATCH-000289,crm,2025-02-18,2025-02-18 01:02:00,2025-02-18 01:56:00,137,137,0,54,1.0,1,success,
BATCH-000290,portal,2025-02-18,2025-02-18 01:14:00,2025-02-18 01:20:00,67,67,0,6,1.1,1,success,
BATCH-000291,chat_platform,2025-02-18,2025-02-18 01:15:00,2025-02-18 01:47:00,52,52,0,32,1.1,1,success,
BATCH-000292,workflow,2025-02-18,2025-02-18 01:02:00,2025-02-18 01:14:00,218,218,0,12,1.0,1,success,
BATCH-000293,workforce,2025-02-18,2025-02-18 01:14:00,2025-02-18 01:51:00,186,186,0,37,1.0,1,success,
BATCH-000294,calendar,2025-02-18,2025-02-18 01:08:00,2025-02-18 02:12:00,213,213,0,64,1.0,1,success,
BATCH-000295,crm,2025-02-19,2025-02-19 01:03:00,2025-02-19 02:00:00,183,183,0,57,1.1,1,success,
BATCH-000296,portal,2025-02-19,2025-02-19 01:24:00,2025-02-19 02:12:00,98,98,0,48,1.0,1,success,
BATCH-000297,chat_platform,2025-02-19,2025-02-19 01:24:00,2025-02-19 02:13:00,30,30,0,49,2.0,1,success,
BATCH-000298,workflow,2025-02-19,2025-02-19 01:26:00,2025-02-19 01:43:00,188,188,0,17,1.0,1,success,
BATCH-000299,workforce,2025-02-19,2025-02-19 01:12:00,2025-02-19 01:50:00,39,39,0,38,1.0,1,success,
BATCH-000300,calendar,2025-02-19,2025-02-19 01:14:00,2025-02-19 01:31:00,30,30,0,17,1.0,1,success,
BATCH-000301,crm,2025-02-20,2025-02-20 01:14:00,2025-02-20 02:12:00,103,103,0,58,1.0,1,success,
BATCH-000302,portal,2025-02-20,2025-02-20 01:08:00,2025-02-20 01:54:00,172,172,0,46,1.1,1,success,
BATCH-000303,chat_platform,2025-02-20,2025-02-20 01:06:00,2025-02-20 02:02:00,92,92,0,56,1.0,1,success,
BATCH-000304,workflow,2025-02-20,2025-02-20 01:24:00,2025-02-20 05:16:00,112,104,8,232,1.0,1,warning,ROW_REJECTED
BATCH-000305,workforce,2025-02-20,2025-02-20 01:29:00,2025-02-20 08:44:00,48,0,48,435,1.0,0,failed,SRC_UNAVAILABLE
BATCH-000306,calendar,2025-02-20,2025-02-20 01:24:00,2025-02-20 01:38:00,105,105,0,14,1.0,1,success,
BATCH-000307,crm,2025-02-21,2025-02-21 01:07:00,2025-02-21 01:40:00,135,135,0,33,1.0,1,success,
BATCH-000308,portal,2025-02-21,2025-02-21 01:20:00,2025-02-21 02:03:00,121,121,0,43,1.0,1,success,
BATCH-000309,chat_platform,2025-02-21,2025-02-21 01:02:00,2025-02-21 01:54:00,65,65,0,52,1.0,1,success,
BATCH-000310,workflow,2025-02-21,2025-02-21 01:10:00,2025-02-21 02:08:00,108,108,0,58,1.0,1,success,
BATCH-000311,workforce,2025-02-21,2025-02-21 01:13:00,2025-02-21 01:27:00,62,62,0,14,1.0,1,success,
BATCH-000312,calendar,2025-02-21,2025-02-21 01:20:00,2025-02-21 02:03:00,257,257,0,43,1.0,1,success,
BATCH-000313,crm,2025-02-22,2025-02-22 01:17:00,2025-02-22 02:03:00,156,156,0,46,1.1,1,success,
BATCH-000314,portal,2025-02-22,2025-02-22 01:28:00,2025-02-22 02:31:00,210,210,0,63,1.0,1,success,
BATCH-000315,chat_platform,2025-02-22,2025-02-22 01:00:00,2025-02-22 01:38:00,81,81,0,38,1.0,1,success,
BATCH-000316,workflow,2025-02-22,2025-02-22 01:28:00,2025-02-22 01:50:00,208,208,0,22,1.1,1,success,
BATCH-000317,workforce,2025-02-22,2025-02-22 01:04:00,2025-02-22 01:47:00,162,162,0,43,1.0,1,success,
BATCH-000318,calendar,2025-02-22,2025-02-22 01:10:00,2025-02-22 01:19:00,253,253,0,9,1.0,1,success,
BATCH-000319,crm,2025-02-23,2025-02-23 01:26:00,2025-02-23 02:15:00,141,141,0,49,1.1,1,success,
BATCH-000320,portal,2025-02-23,2025-02-23 01:01:00,2025-02-23 01:46:00,99,99,0,45,1.0,1,success,
BATCH-000321,chat_platform,2025-02-23,2025-02-23 01:01:00,2025-02-23 01:18:00,133,133,0,17,1.0,1,success,
BATCH-000322,workflow,2025-02-23,2025-02-23 01:25:00,2025-02-23 02:26:00,254,254,0,61,1.0,1,success,
BATCH-000323,workforce,2025-02-23,2025-02-23 01:26:00,2025-02-23 02:25:00,203,203,0,59,1.0,1,success,
BATCH-000324,calendar,2025-02-23,2025-02-23 01:25:00,2025-02-23 02:01:00,200,200,0,36,1.0,1,success,
BATCH-000325,crm,2025-02-24,2025-02-24 01:26:00,2025-02-24 01:36:00,155,155,0,10,1.0,1,success,
BATCH-000326,portal,2025-02-24,2025-02-24 01:08:00,2025-02-24 01:34:00,25,25,0,26,1.0,1,success,
BATCH-000327,chat_platform,2025-02-24,2025-02-24 01:00:00,2025-02-24 01:22:00,61,61,0,22,1.0,1,success,
BATCH-000328,workflow,2025-02-24,2025-02-24 01:11:00,2025-02-24 01:41:00,56,56,0,30,1.0,1,success,
BATCH-000329,workforce,2025-02-24,2025-02-24 01:26:00,2025-02-24 01:59:00,250,250,0,33,1.0,1,success,
BATCH-000330,calendar,2025-02-24,2025-02-24 01:07:00,2025-02-24 01:35:00,45,45,0,28,1.0,1,success,
BATCH-000331,crm,2025-02-25,2025-02-25 01:00:00,2025-02-25 01:48:00,136,136,0,48,1.0,1,success,
BATCH-000332,portal,2025-02-25,2025-02-25 01:14:00,2025-02-25 01:50:00,223,223,0,36,1.0,1,success,
BATCH-000333,chat_platform,2025-02-25,2025-02-25 01:19:00,2025-02-25 01:33:00,39,39,0,14,1.0,1,success,
BATCH-000334,workflow,2025-02-25,2025-02-25 01:04:00,2025-02-25 01:26:00,120,120,0,22,1.0,1,success,
BATCH-000335,workforce,2025-02-25,2025-02-25 01:09:00,2025-02-25 01:27:00,219,219,0,18,1.0,1,success,
BATCH-000336,calendar,2025-02-25,2025-02-25 01:07:00,2025-02-25 01:41:00,229,229,0,34,1.0,1,success,
BATCH-000337,crm,2025-02-26,2025-02-26 01:24:00,2025-02-26 08:22:00,216,0,216,418,1.0,0,failed,SRC_UNAVAILABLE
BATCH-000338,portal,2025-02-26,2025-02-26 01:03:00,2025-02-26 01:46:00,233,233,0,43,1.0,1,success,
BATCH-000339,chat_platform,2025-02-26,2025-02-26 01:22:00,2025-02-26 04:44:00,220,0,220,202,1.0,0,failed,SRC_UNAVAILABLE
BATCH-000340,workflow,2025-02-26,2025-02-26 01:13:00,2025-02-26 01:43:00,106,106,0,30,1.1,1,success,
BATCH-000341,workforce,2025-02-26,2025-02-26 01:12:00,2025-02-26 01:47:00,222,222,0,35,1.0,1,success,
BATCH-000342,calendar,2025-02-26,2025-02-26 01:09:00,2025-02-26 02:05:00,200,200,0,56,1.0,1,success,
BATCH-000343,crm,2025-02-27,2025-02-27 01:17:00,2025-02-27 01:31:00,224,224,0,14,1.0,1,success,
BATCH-000344,portal,2025-02-27,2025-02-27 01:14:00,2025-02-27 01:29:00,91,91,0,15,1.0,1,success,
BATCH-000345,chat_platform,2025-02-27,2025-02-27 01:08:00,2025-02-27 02:02:00,103,103,0,54,1.0,1,success,
BATCH-000346,workflow,2025-02-27,2025-02-27 01:16:00,2025-02-27 02:10:00,77,77,0,54,1.1,1,success,
BATCH-000347,workforce,2025-02-27,2025-02-27 01:19:00,2025-02-27 01:43:00,121,121,0,24,1.0,1,success,
BATCH-000348,calendar,2025-02-27,2025-02-27 01:15:00,2025-02-27 01:26:00,95,95,0,11,1.0,1,success,
BATCH-000349,crm,2025-02-28,2025-02-28 01:27:00,2025-02-28 02:12:00,30,30,0,45,1.0,1,success,
BATCH-000350,portal,2025-02-28,2025-02-28 01:05:00,2025-02-28 02:06:00,105,105,0,61,1.0,1,success,
BATCH-000351,chat_platform,2025-02-28,2025-02-28 01:04:00,2025-02-28 01:11:00,90,90,0,7,1.1,1,success,
BATCH-000352,workflow,2025-02-28,2025-02-28 01:25:00,2025-02-28 02:27:00,29,29,0,62,1.1,1,success,
BATCH-000353,workforce,2025-02-28,2025-02-28 01:22:00,2025-02-28 01:40:00,208,208,0,18,1.0,1,success,
BATCH-000354,calendar,2025-02-28,2025-02-28 01:17:00,2025-02-28 01:37:00,255,255,0,20,1.0,1,success,
BATCH-000355,crm,2025-03-01,2025-03-01 01:28:00,2025-03-01 02:25:00,170,170,0,57,1.1,1,success,
BATCH-000356,portal,2025-03-01,2025-03-01 01:18:00,2025-03-01 01:32:00,63,63,0,14,1.0,1,success,
BATCH-000357,chat_platform,2025-03-01,2025-03-01 01:03:00,2025-03-01 03:21:00,220,214,6,138,2.0,1,warning,ROW_REJECTED
BATCH-000358,workflow,2025-03-01,2025-03-01 01:25:00,2025-03-01 01:45:00,164,164,0,20,1.0,1,success,
BATCH-000359,workforce,2025-03-01,2025-03-01 01:17:00,2025-03-01 02:06:00,218,218,0,49,1.0,1,success,
BATCH-000360,calendar,2025-03-01,2025-03-01 01:07:00,2025-03-01 01:14:00,179,179,0,7,1.0,1,success,
BATCH-000361,crm,2025-03-02,2025-03-02 01:11:00,2025-03-02 01:49:00,154,154,0,38,1.0,1,success,
BATCH-000362,portal,2025-03-02,2025-03-02 01:02:00,2025-03-02 01:14:00,88,88,0,12,1.0,1,success,
BATCH-000363,chat_platform,2025-03-02,2025-03-02 01:01:00,2025-03-02 01:25:00,252,252,0,24,1.0,1,success,
BATCH-000364,workflow,2025-03-02,2025-03-02 01:19:00,2025-03-02 01:31:00,110,110,0,12,1.1,1,success,
BATCH-000365,workforce,2025-03-02,2025-03-02 01:10:00,2025-03-02 01:27:00,71,71,0,17,1.1,1,success,
BATCH-000366,calendar,2025-03-02,2025-03-02 01:11:00,2025-03-02 01:48:00,130,130,0,37,1.0,1,success,
BATCH-000367,crm,2025-03-03,2025-03-03 01:01:00,2025-03-03 01:29:00,57,57,0,28,1.0,1,success,
BATCH-000368,portal,2025-03-03,2025-03-03 01:00:00,2025-03-03 02:04:00,210,210,0,64,1.0,1,success,
BATCH-000369,chat_platform,2025-03-03,2025-03-03 01:26:00,2025-03-03 03:29:00,131,126,5,123,1.1,1,warning,LATE_ARRIVAL
BATCH-000370,workflow,2025-03-03,2025-03-03 01:06:00,2025-03-03 01:41:00,65,65,0,35,1.0,1,success,
BATCH-000371,workforce,2025-03-03,2025-03-03 01:00:00,2025-03-03 01:44:00,51,51,0,44,1.0,1,success,
BATCH-000372,calendar,2025-03-03,2025-03-03 01:13:00,2025-03-03 02:02:00,45,45,0,49,1.0,1,success,
BATCH-000373,crm,2025-03-04,2025-03-04 01:23:00,2025-03-04 02:19:00,32,32,0,56,1.1,1,success,
BATCH-000374,portal,2025-03-04,2025-03-04 01:06:00,2025-03-04 01:58:00,226,226,0,52,1.0,1,success,
BATCH-000375,chat_platform,2025-03-04,2025-03-04 01:23:00,2025-03-04 01:59:00,181,181,0,36,1.0,1,success,
BATCH-000376,workflow,2025-03-04,2025-03-04 01:10:00,2025-03-04 01:44:00,105,105,0,34,1.0,1,success,
BATCH-000377,workforce,2025-03-04,2025-03-04 01:21:00,2025-03-04 02:04:00,104,104,0,43,1.0,1,success,
BATCH-000378,calendar,2025-03-04,2025-03-04 01:01:00,2025-03-04 01:28:00,224,224,0,27,1.1,1,success,
BATCH-000379,crm,2025-03-05,2025-03-05 01:27:00,2025-03-05 02:01:00,112,112,0,34,1.0,1,success,
BATCH-000380,portal,2025-03-05,2025-03-05 01:23:00,2025-03-05 01:51:00,174,174,0,28,1.0,1,success,
BATCH-000381,chat_platform,2025-03-05,2025-03-05 01:15:00,2025-03-05 01:21:00,97,97,0,6,1.0,1,success,
BATCH-000382,workflow,2025-03-05,2025-03-05 01:01:00,2025-03-05 01:20:00,231,231,0,19,1.0,1,success,
BATCH-000383,workforce,2025-03-05,2025-03-05 01:09:00,2025-03-05 01:28:00,205,205,0,19,1.0,1,success,
BATCH-000384,calendar,2025-03-05,2025-03-05 01:24:00,2025-03-05 02:57:00,232,226,6,93,1.0,0,warning,LATE_ARRIVAL
BATCH-000385,crm,2025-03-06,2025-03-06 01:03:00,2025-03-06 01:46:00,143,143,0,43,1.0,1,success,
BATCH-000386,portal,2025-03-06,2025-03-06 01:02:00,2025-03-06 01:53:00,55,55,0,51,1.0,1,success,
BATCH-000387,chat_platform,2025-03-06,2025-03-06 01:14:00,2025-03-06 02:15:00,71,71,0,61,2.0,1,success,
BATCH-000388,workflow,2025-03-06,2025-03-06 01:26:00,2025-03-06 01:34:00,88,88,0,8,1.0,1,success,
BATCH-000389,workforce,2025-03-06,2025-03-06 01:14:00,2025-03-06 02:00:00,64,64,0,46,1.0,1,success,
BATCH-000390,calendar,2025-03-06,2025-03-06 01:25:00,2025-03-06 04:59:00,107,100,7,214,1.0,1,warning,LATE_ARRIVAL
BATCH-000391,crm,2025-03-07,2025-03-07 01:15:00,2025-03-07 01:46:00,208,208,0,31,1.0,1,success,
BATCH-000392,portal,2025-03-07,2025-03-07 01:00:00,2025-03-07 01:11:00,176,176,0,11,1.0,1,success,
BATCH-000393,chat_platform,2025-03-07,2025-03-07 01:18:00,2025-03-07 01:23:00,228,228,0,5,1.0,1,success,
BATCH-000394,workflow,2025-03-07,2025-03-07 01:19:00,2025-03-07 01:53:00,106,106,0,34,1.0,1,success,
BATCH-000395,workforce,2025-03-07,2025-03-07 01:08:00,2025-03-07 01:14:00,67,67,0,6,1.0,1,success,
BATCH-000396,calendar,2025-03-07,2025-03-07 01:29:00,2025-03-07 02:33:00,50,50,0,64,1.0,1,success,
BATCH-000397,crm,2025-03-08,2025-03-08 01:10:00,2025-03-08 01:54:00,222,222,0,44,1.0,1,success,
BATCH-000398,portal,2025-03-08,2025-03-08 01:25:00,2025-03-08 02:01:00,92,92,0,36,1.0,1,success,
BATCH-000399,chat_platform,2025-03-08,2025-03-08 01:06:00,2025-03-08 01:37:00,211,211,0,31,1.0,1,success,
BATCH-000400,workflow,2025-03-08,2025-03-08 01:28:00,2025-03-08 01:41:00,155,155,0,13,1.0,1,success,
BATCH-000401,workforce,2025-03-08,2025-03-08 01:10:00,2025-03-08 01:19:00,25,25,0,9,1.0,1,success,
BATCH-000402,calendar,2025-03-08,2025-03-08 01:25:00,2025-03-08 01:49:00,94,94,0,24,1.0,1,success,
BATCH-000403,crm,2025-03-09,2025-03-09 01:12:00,2025-03-09 02:08:00,37,37,0,56,1.0,1,success,
BATCH-000404,portal,2025-03-09,2025-03-09 01:28:00,2025-03-09 03:23:00,52,50,2,115,1.0,1,warning,LATE_ARRIVAL
BATCH-000405,chat_platform,2025-03-09,2025-03-09 01:05:00,2025-03-09 01:47:00,146,146,0,42,1.0,1,success,
BATCH-000406,workflow,2025-03-09,2025-03-09 01:22:00,2025-03-09 02:10:00,180,180,0,48,1.1,1,success,
BATCH-000407,workforce,2025-03-09,2025-03-09 01:25:00,2025-03-09 01:56:00,183,183,0,31,1.0,1,success,
BATCH-000408,calendar,2025-03-09,2025-03-09 01:10:00,2025-03-09 01:31:00,62,62,0,21,1.0,1,success,
BATCH-000409,crm,2025-03-10,2025-03-10 01:28:00,2025-03-10 01:35:00,200,200,0,7,1.0,1,success,
BATCH-000410,portal,2025-03-10,2025-03-10 01:16:00,2025-03-10 01:34:00,247,247,0,18,1.0,1,success,
BATCH-000411,chat_platform,2025-03-10,2025-03-10 01:12:00,2025-03-10 01:49:00,255,255,0,37,1.0,1,success,
BATCH-000412,workflow,2025-03-10,2025-03-10 01:04:00,2025-03-10 04:50:00,154,146,8,226,1.1,1,warning,ROW_REJECTED
BATCH-000413,workforce,2025-03-10,2025-03-10 01:00:00,2025-03-10 01:32:00,147,147,0,32,1.0,1,success,
BATCH-000414,calendar,2025-03-10,2025-03-10 01:14:00,2025-03-10 01:52:00,134,134,0,38,1.0,1,success,
BATCH-000415,crm,2025-03-11,2025-03-11 01:20:00,2025-03-11 01:25:00,152,152,0,5,1.0,1,success,
BATCH-000416,portal,2025-03-11,2025-03-11 01:08:00,2025-03-11 03:48:00,116,113,3,160,1.0,1,warning,ROW_REJECTED
BATCH-000417,chat_platform,2025-03-11,2025-03-11 01:07:00,2025-03-11 01:29:00,42,42,0,22,1.1,1,success,
BATCH-000418,workflow,2025-03-11,2025-03-11 01:25:00,2025-03-11 02:19:00,100,100,0,54,1.0,1,success,
BATCH-000419,workforce,2025-03-11,2025-03-11 01:23:00,2025-03-11 02:02:00,85,85,0,39,1.0,1,success,
BATCH-000420,calendar,2025-03-11,2025-03-11 01:02:00,2025-03-11 01:13:00,167,167,0,11,1.0,1,success,
BATCH-000421,crm,2025-03-12,2025-03-12 01:26:00,2025-03-12 01:46:00,126,126,0,20,1.0,1,success,
BATCH-000422,portal,2025-03-12,2025-03-12 01:28:00,2025-03-12 10:49:00,189,0,189,561,1.0,0,failed,SRC_UNAVAILABLE
BATCH-000423,chat_platform,2025-03-12,2025-03-12 01:06:00,2025-03-12 04:22:00,81,77,4,196,1.1,1,warning,SCHEMA_DRIFT
BATCH-000424,workflow,2025-03-12,2025-03-12 01:21:00,2025-03-12 01:46:00,98,98,0,25,1.0,1,success,
BATCH-000425,workforce,2025-03-12,2025-03-12 01:17:00,2025-03-12 01:42:00,33,33,0,25,1.0,1,success,
BATCH-000426,calendar,2025-03-12,2025-03-12 01:21:00,2025-03-12 12:17:00,93,0,93,656,1.0,0,failed,SRC_UNAVAILABLE
BATCH-000427,crm,2025-03-13,2025-03-13 01:07:00,2025-03-13 02:03:00,46,46,0,56,1.0,1,success,
BATCH-000428,portal,2025-03-13,2025-03-13 01:18:00,2025-03-13 01:35:00,99,99,0,17,1.0,1,success,
BATCH-000429,chat_platform,2025-03-13,2025-03-13 01:13:00,2025-03-13 08:51:00,177,0,177,458,1.0,0,failed,SRC_UNAVAILABLE
BATCH-000430,workflow,2025-03-13,2025-03-13 01:24:00,2025-03-13 01:42:00,96,96,0,18,1.0,1,success,
BATCH-000431,workforce,2025-03-13,2025-03-13 01:29:00,2025-03-13 01:34:00,256,256,0,5,1.0,1,success,
BATCH-000432,calendar,2025-03-13,2025-03-13 01:02:00,2025-03-13 02:02:00,139,139,0,60,1.1,1,success,
BATCH-000433,crm,2025-03-14,2025-03-14 01:22:00,2025-03-14 02:03:00,186,186,0,41,1.0,1,success,
BATCH-000434,portal,2025-03-14,2025-03-14 01:10:00,2025-03-14 04:30:00,141,131,10,200,1.0,0,warning,ROW_REJECTED
BATCH-000435,chat_platform,2025-03-14,2025-03-14 01:28:00,2025-03-14 01:58:00,92,92,0,30,1.0,1,success,
BATCH-000436,workflow,2025-03-14,2025-03-14 01:03:00,2025-03-14 01:53:00,41,41,0,50,1.0,1,success,
BATCH-000437,workforce,2025-03-14,2025-03-14 01:27:00,2025-03-14 02:02:00,157,157,0,35,1.0,1,success,
BATCH-000438,calendar,2025-03-14,2025-03-14 01:01:00,2025-03-14 01:31:00,227,227,0,30,1.1,1,success,
BATCH-000439,crm,2025-03-15,2025-03-15 01:22:00,2025-03-15 01:40:00,38,38,0,18,1.0,1,success,
BATCH-000440,portal,2025-03-15,2025-03-15 01:01:00,2025-03-15 01:33:00,46,46,0,32,1.0,1,success,
BATCH-000441,chat_platform,2025-03-15,2025-03-15 01:16:00,2025-03-15 02:04:00,205,205,0,48,1.1,1,success,
BATCH-000442,workflow,2025-03-15,2025-03-15 01:18:00,2025-03-15 01:56:00,208,208,0,38,1.0,1,success,
BATCH-000443,workforce,2025-03-15,2025-03-15 01:29:00,2025-03-15 02:31:00,104,104,0,62,1.0,1,success,
BATCH-000444,calendar,2025-03-15,2025-03-15 01:20:00,2025-03-15 02:09:00,241,241,0,49,1.0,1,success,
BATCH-000445,crm,2025-03-16,2025-03-16 01:03:00,2025-03-16 01:26:00,33,33,0,23,1.0,1,success,
BATCH-000446,portal,2025-03-16,2025-03-16 01:27:00,2025-03-16 01:55:00,83,83,0,28,1.0,1,success,
BATCH-000447,chat_platform,2025-03-16,2025-03-16 01:02:00,2025-03-16 01:07:00,42,42,0,5,1.0,1,success,
BATCH-000448,workflow,2025-03-16,2025-03-16 01:12:00,2025-03-16 01:40:00,158,158,0,28,1.0,1,success,
BATCH-000449,workforce,2025-03-16,2025-03-16 01:26:00,2025-03-16 02:27:00,120,120,0,61,1.0,1,success,
BATCH-000450,calendar,2025-03-16,2025-03-16 01:20:00,2025-03-16 02:12:00,102,102,0,52,1.0,1,success,
BATCH-000451,crm,2025-03-17,2025-03-17 01:23:00,2025-03-17 02:24:00,140,140,0,61,1.0,1,success,
BATCH-000452,portal,2025-03-17,2025-03-17 01:21:00,2025-03-17 01:28:00,194,194,0,7,2.0,1,success,
BATCH-000453,chat_platform,2025-03-17,2025-03-17 01:17:00,2025-03-17 01:59:00,42,42,0,42,1.0,1,success,
BATCH-000454,workflow,2025-03-17,2025-03-17 01:27:00,2025-03-17 02:26:00,109,109,0,59,1.0,1,success,
BATCH-000455,workforce,2025-03-17,2025-03-17 01:14:00,2025-03-17 02:13:00,128,128,0,59,1.0,1,success,
BATCH-000456,calendar,2025-03-17,2025-03-17 01:00:00,2025-03-17 01:14:00,25,25,0,14,1.1,1,success,
BATCH-000457,crm,2025-03-18,2025-03-18 01:16:00,2025-03-18 02:11:00,106,106,0,55,1.1,1,success,
BATCH-000458,portal,2025-03-18,2025-03-18 01:14:00,2025-03-18 01:34:00,139,139,0,20,1.0,1,success,
BATCH-000459,chat_platform,2025-03-18,2025-03-18 01:01:00,2025-03-18 01:28:00,213,213,0,27,1.0,1,success,
BATCH-000460,workflow,2025-03-18,2025-03-18 01:15:00,2025-03-18 03:14:00,205,200,5,119,1.0,0,warning,SCHEMA_DRIFT
BATCH-000461,workforce,2025-03-18,2025-03-18 01:23:00,2025-03-18 02:24:00,163,163,0,61,1.0,1,success,
BATCH-000462,calendar,2025-03-18,2025-03-18 01:15:00,2025-03-18 01:42:00,182,182,0,27,1.0,1,success,
BATCH-000463,crm,2025-03-19,2025-03-19 01:19:00,2025-03-19 02:03:00,79,79,0,44,2.0,1,success,
BATCH-000464,portal,2025-03-19,2025-03-19 01:05:00,2025-03-19 01:14:00,157,157,0,9,1.0,1,success,
BATCH-000465,chat_platform,2025-03-19,2025-03-19 01:18:00,2025-03-19 02:06:00,132,132,0,48,1.1,1,success,
BATCH-000466,workflow,2025-03-19,2025-03-19 01:22:00,2025-03-19 01:59:00,70,70,0,37,1.0,1,success,
BATCH-000467,workforce,2025-03-19,2025-03-19 01:02:00,2025-03-19 03:55:00,42,41,1,173,1.0,1,warning,SCHEMA_DRIFT
BATCH-000468,calendar,2025-03-19,2025-03-19 01:06:00,2025-03-19 01:38:00,210,210,0,32,1.1,1,success,
BATCH-000469,crm,2025-03-20,2025-03-20 01:27:00,2025-03-20 02:25:00,177,177,0,58,1.0,1,success,
BATCH-000470,portal,2025-03-20,2025-03-20 01:16:00,2025-03-20 02:04:00,84,84,0,48,1.0,1,success,
BATCH-000471,chat_platform,2025-03-20,2025-03-20 01:09:00,2025-03-20 01:36:00,231,231,0,27,1.0,1,success,
BATCH-000472,workflow,2025-03-20,2025-03-20 01:01:00,2025-03-20 02:01:00,93,93,0,60,1.1,1,success,
BATCH-000473,workforce,2025-03-20,2025-03-20 01:17:00,2025-03-20 01:59:00,242,242,0,42,1.1,1,success,
BATCH-000474,calendar,2025-03-20,2025-03-20 01:26:00,2025-03-20 02:29:00,107,107,0,63,1.0,1,success,
BATCH-000475,crm,2025-03-21,2025-03-21 01:06:00,2025-03-21 02:01:00,131,131,0,55,1.1,1,success,
BATCH-000476,portal,2025-03-21,2025-03-21 01:04:00,2025-03-21 02:03:00,57,57,0,59,1.0,1,success,
BATCH-000477,chat_platform,2025-03-21,2025-03-21 01:18:00,2025-03-21 01:52:00,256,256,0,34,1.0,1,success,
BATCH-000478,workflow,2025-03-21,2025-03-21 01:14:00,2025-03-21 01:36:00,49,49,0,22,1.0,1,success,
BATCH-000479,workforce,2025-03-21,2025-03-21 01:29:00,2025-03-21 01:45:00,154,154,0,16,2.0,1,success,
BATCH-000480,calendar,2025-03-21,2025-03-21 01:26:00,2025-03-21 01:44:00,54,54,0,18,1.0,1,success,
BATCH-000481,crm,2025-03-22,2025-03-22 01:07:00,2025-03-22 01:42:00,36,36,0,35,1.0,1,success,
BATCH-000482,portal,2025-03-22,2025-03-22 01:28:00,2025-03-22 01:35:00,39,39,0,7,1.0,1,success,
BATCH-000483,chat_platform,2025-03-22,2025-03-22 01:23:00,2025-03-22 02:24:00,95,95,0,61,1.0,1,success,
BATCH-000484,workflow,2025-03-22,2025-03-22 01:24:00,2025-03-22 02:20:00,254,254,0,56,1.0,1,success,
BATCH-000485,workforce,2025-03-22,2025-03-22 01:26:00,2025-03-22 02:19:00,45,45,0,53,1.0,1,success,
BATCH-000486,calendar,2025-03-22,2025-03-22 01:10:00,2025-03-22 03:18:00,72,70,2,128,1.0,0,warning,LATE_ARRIVAL
BATCH-000487,crm,2025-03-23,2025-03-23 01:26:00,2025-03-23 01:36:00,245,245,0,10,1.1,1,success,
BATCH-000488,portal,2025-03-23,2025-03-23 01:02:00,2025-03-23 01:07:00,126,126,0,5,1.0,1,success,
BATCH-000489,chat_platform,2025-03-23,2025-03-23 01:03:00,2025-03-23 01:12:00,55,55,0,9,1.0,1,success,
BATCH-000490,workflow,2025-03-23,2025-03-23 01:19:00,2025-03-23 01:31:00,27,27,0,12,1.0,1,success,
BATCH-000491,workforce,2025-03-23,2025-03-23 01:28:00,2025-03-23 02:31:00,95,95,0,63,1.0,1,success,
BATCH-000492,calendar,2025-03-23,2025-03-23 01:23:00,2025-03-23 02:05:00,200,200,0,42,1.0,1,success,
BATCH-000493,crm,2025-03-24,2025-03-24 01:18:00,2025-03-24 01:59:00,43,43,0,41,1.1,1,success,
BATCH-000494,portal,2025-03-24,2025-03-24 01:13:00,2025-03-24 01:57:00,107,107,0,44,1.0,1,success,
BATCH-000495,chat_platform,2025-03-24,2025-03-24 01:27:00,2025-03-24 02:00:00,32,32,0,33,1.1,1,success,
BATCH-000496,workflow,2025-03-24,2025-03-24 01:15:00,2025-03-24 01:58:00,217,217,0,43,1.0,1,success,
BATCH-000497,workforce,2025-03-24,2025-03-24 01:20:00,2025-03-24 03:05:00,75,70,5,105,1.0,1,warning,SCHEMA_DRIFT
BATCH-000498,calendar,2025-03-24,2025-03-24 01:17:00,2025-03-24 01:33:00,184,184,0,16,1.0,1,success,
BATCH-000499,crm,2025-03-25,2025-03-25 01:03:00,2025-03-25 01:52:00,180,180,0,49,1.0,1,success,
BATCH-000500,portal,2025-03-25,2025-03-25 01:14:00,2025-03-25 02:06:00,100,100,0,52,1.1,1,success,
BATCH-000501,chat_platform,2025-03-25,2025-03-25 01:09:00,2025-03-25 01:55:00,249,249,0,46,1.1,1,success,
BATCH-000502,workflow,2025-03-25,2025-03-25 01:05:00,2025-03-25 01:42:00,32,32,0,37,1.1,1,success,
BATCH-000503,workforce,2025-03-25,2025-03-25 01:04:00,2025-03-25 01:25:00,46,46,0,21,1.1,1,success,
BATCH-000504,calendar,2025-03-25,2025-03-25 01:27:00,2025-03-25 01:57:00,97,97,0,30,1.0,1,success,
BATCH-000505,crm,2025-03-26,2025-03-26 01:04:00,2025-03-26 01:39:00,49,49,0,35,1.1,1,success,
BATCH-000506,portal,2025-03-26,2025-03-26 01:28:00,2025-03-26 02:11:00,232,232,0,43,1.0,1,success,
BATCH-000507,chat_platform,2025-03-26,2025-03-26 01:05:00,2025-03-26 01:17:00,167,167,0,12,1.0,1,success,
BATCH-000508,workflow,2025-03-26,2025-03-26 01:14:00,2025-03-26 01:59:00,86,86,0,45,1.0,1,success,
BATCH-000509,workforce,2025-03-26,2025-03-26 01:04:00,2025-03-26 01:11:00,233,233,0,7,1.1,1,success,
BATCH-000510,calendar,2025-03-26,2025-03-26 01:05:00,2025-03-26 01:27:00,129,129,0,22,1.1,1,success,
BATCH-000511,crm,2025-03-27,2025-03-27 01:03:00,2025-03-27 01:27:00,153,153,0,24,1.0,1,success,
BATCH-000512,portal,2025-03-27,2025-03-27 01:23:00,2025-03-27 02:01:00,180,180,0,38,1.0,1,success,
BATCH-000513,chat_platform,2025-03-27,2025-03-27 01:05:00,2025-03-27 01:48:00,41,41,0,43,1.0,1,success,
BATCH-000514,workflow,2025-03-27,2025-03-27 01:26:00,2025-03-27 01:46:00,141,141,0,20,1.0,1,success,
BATCH-000515,workforce,2025-03-27,2025-03-27 01:13:00,2025-03-27 01:20:00,106,106,0,7,1.0,1,success,
BATCH-000516,calendar,2025-03-27,2025-03-27 01:20:00,2025-03-27 02:09:00,91,91,0,49,2.0,1,success,
BATCH-000517,crm,2025-03-28,2025-03-28 01:04:00,2025-03-28 01:47:00,117,117,0,43,1.0,1,success,
BATCH-000518,portal,2025-03-28,2025-03-28 01:07:00,2025-03-28 01:15:00,176,176,0,8,1.0,1,success,
BATCH-000519,chat_platform,2025-03-28,2025-03-28 01:14:00,2025-03-28 02:13:00,228,228,0,59,1.0,1,success,
BATCH-000520,workflow,2025-03-28,2025-03-28 01:03:00,2025-03-28 08:30:00,107,0,107,447,1.1,0,failed,SRC_UNAVAILABLE
BATCH-000521,workforce,2025-03-28,2025-03-28 01:26:00,2025-03-28 01:45:00,146,146,0,19,1.0,1,success,
BATCH-000522,calendar,2025-03-28,2025-03-28 01:14:00,2025-03-28 01:23:00,60,60,0,9,1.1,1,success,
BATCH-000523,crm,2025-03-29,2025-03-29 01:19:00,2025-03-29 03:49:00,53,51,2,150,1.0,1,warning,ROW_REJECTED
BATCH-000524,portal,2025-03-29,2025-03-29 01:14:00,2025-03-29 01:46:00,29,29,0,32,1.0,1,success,
BATCH-000525,chat_platform,2025-03-29,2025-03-29 01:06:00,2025-03-29 01:37:00,159,159,0,31,1.0,1,success,
BATCH-000526,workflow,2025-03-29,2025-03-29 01:03:00,2025-03-29 01:25:00,27,27,0,22,1.0,1,success,
BATCH-000527,workforce,2025-03-29,2025-03-29 01:14:00,2025-03-29 01:33:00,92,92,0,19,1.0,1,success,
BATCH-000528,calendar,2025-03-29,2025-03-29 01:06:00,2025-03-29 01:16:00,134,134,0,10,1.0,1,success,
BATCH-000529,crm,2025-03-30,2025-03-30 01:08:00,2025-03-30 03:53:00,99,92,7,165,1.0,1,warning,SCHEMA_DRIFT
BATCH-000530,portal,2025-03-30,2025-03-30 01:09:00,2025-03-30 01:40:00,249,249,0,31,1.0,1,success,
BATCH-000531,chat_platform,2025-03-30,2025-03-30 01:22:00,2025-03-30 02:08:00,88,88,0,46,1.1,1,success,
BATCH-000532,workflow,2025-03-30,2025-03-30 01:07:00,2025-03-30 01:48:00,117,117,0,41,1.0,1,success,
BATCH-000533,workforce,2025-03-30,2025-03-30 01:03:00,2025-03-30 10:07:00,218,0,218,544,1.0,0,failed,SRC_UNAVAILABLE
BATCH-000534,calendar,2025-03-30,2025-03-30 01:19:00,2025-03-30 01:55:00,188,188,0,36,1.0,1,success,
BATCH-000535,crm,2025-03-31,2025-03-31 01:12:00,2025-03-31 02:13:00,111,111,0,61,1.0,1,success,
BATCH-000536,portal,2025-03-31,2025-03-31 01:12:00,2025-03-31 01:49:00,217,217,0,37,1.0,1,success,
BATCH-000537,chat_platform,2025-03-31,2025-03-31 01:22:00,2025-03-31 01:49:00,151,151,0,27,1.0,1,success,
BATCH-000538,workflow,2025-03-31,2025-03-31 01:16:00,2025-03-31 04:40:00,161,157,4,204,1.0,1,warning,SCHEMA_DRIFT
BATCH-000539,workforce,2025-03-31,2025-03-31 01:07:00,2025-03-31 01:41:00,233,233,0,34,1.0,1,success,
BATCH-000540,calendar,2025-03-31,2025-03-31 01:08:00,2025-03-31 02:05:00,252,252,0,57,1.0,1,success,
BATCH-000541,crm,2025-04-01,2025-04-01 01:17:00,2025-04-01 01:37:00,121,121,0,20,1.0,1,success,
BATCH-000542,portal,2025-04-01,2025-04-01 01:24:00,2025-04-01 01:57:00,157,157,0,33,1.0,1,success,
BATCH-000543,chat_platform,2025-04-01,2025-04-01 01:25:00,2025-04-01 01:57:00,226,226,0,32,1.0,1,success,
BATCH-000544,workflow,2025-04-01,2025-04-01 01:17:00,2025-04-01 01:44:00,64,64,0,27,1.1,1,success,
BATCH-000545,workforce,2025-04-01,2025-04-01 01:16:00,2025-04-01 01:25:00,150,150,0,9,1.1,1,success,
BATCH-000546,calendar,2025-04-01,2025-04-01 01:18:00,2025-04-01 02:04:00,50,50,0,46,1.0,1,success,
BATCH-000547,crm,2025-04-02,2025-04-02 01:13:00,2025-04-02 01:49:00,124,124,0,36,1.1,1,success,
BATCH-000548,portal,2025-04-02,2025-04-02 01:21:00,2025-04-02 02:13:00,234,234,0,52,1.0,1,success,
BATCH-000549,chat_platform,2025-04-02,2025-04-02 01:07:00,2025-04-02 02:09:00,201,201,0,62,1.1,1,success,
BATCH-000550,workflow,2025-04-02,2025-04-02 01:27:00,2025-04-02 02:27:00,27,27,0,60,1.0,1,success,
BATCH-000551,workforce,2025-04-02,2025-04-02 01:22:00,2025-04-02 02:08:00,230,230,0,46,2.0,1,success,
BATCH-000552,calendar,2025-04-02,2025-04-02 01:15:00,2025-04-02 01:53:00,62,62,0,38,1.0,1,success,
BATCH-000553,crm,2025-04-03,2025-04-03 01:22:00,2025-04-03 02:19:00,211,211,0,57,1.0,1,success,
BATCH-000554,portal,2025-04-03,2025-04-03 01:03:00,2025-04-03 01:33:00,93,93,0,30,1.0,1,success,
BATCH-000555,chat_platform,2025-04-03,2025-04-03 01:29:00,2025-04-03 02:03:00,30,30,0,34,1.1,1,success,
BATCH-000556,workflow,2025-04-03,2025-04-03 01:16:00,2025-04-03 01:50:00,103,103,0,34,1.0,1,success,
BATCH-000557,workforce,2025-04-03,2025-04-03 01:19:00,2025-04-03 01:28:00,34,34,0,9,1.0,1,success,
BATCH-000558,calendar,2025-04-03,2025-04-03 01:17:00,2025-04-03 02:21:00,42,42,0,64,1.0,1,success,
BATCH-000559,crm,2025-04-04,2025-04-04 01:22:00,2025-04-04 02:19:00,67,67,0,57,1.0,1,success,
BATCH-000560,portal,2025-04-04,2025-04-04 01:16:00,2025-04-04 01:35:00,156,156,0,19,1.1,1,success,
BATCH-000561,chat_platform,2025-04-04,2025-04-04 01:08:00,2025-04-04 01:46:00,66,66,0,38,1.1,1,success,
BATCH-000562,workflow,2025-04-04,2025-04-04 01:06:00,2025-04-04 01:49:00,164,164,0,43,1.0,1,success,
BATCH-000563,workforce,2025-04-04,2025-04-04 01:25:00,2025-04-04 04:19:00,167,160,7,174,1.0,1,warning,LATE_ARRIVAL
BATCH-000564,calendar,2025-04-04,2025-04-04 01:09:00,2025-04-04 01:18:00,249,249,0,9,1.0,1,success,
BATCH-000565,crm,2025-04-05,2025-04-05 01:01:00,2025-04-05 01:28:00,109,109,0,27,1.0,1,success,
BATCH-000566,portal,2025-04-05,2025-04-05 01:25:00,2025-04-05 01:53:00,59,59,0,28,1.0,1,success,
BATCH-000567,chat_platform,2025-04-05,2025-04-05 01:19:00,2025-04-05 01:57:00,150,150,0,38,1.1,1,success,
BATCH-000568,workflow,2025-04-05,2025-04-05 01:18:00,2025-04-05 01:50:00,203,203,0,32,1.0,1,success,
BATCH-000569,workforce,2025-04-05,2025-04-05 01:27:00,2025-04-05 02:14:00,175,175,0,47,1.0,1,success,
BATCH-000570,calendar,2025-04-05,2025-04-05 01:02:00,2025-04-05 01:26:00,195,195,0,24,1.0,1,success,
BATCH-000571,crm,2025-04-06,2025-04-06 01:17:00,2025-04-06 02:16:00,158,158,0,59,1.1,1,success,
BATCH-000572,portal,2025-04-06,2025-04-06 01:21:00,2025-04-06 01:45:00,246,246,0,24,1.0,1,success,
BATCH-000573,chat_platform,2025-04-06,2025-04-06 01:22:00,2025-04-06 02:01:00,67,67,0,39,1.0,1,success,
BATCH-000574,workflow,2025-04-06,2025-04-06 01:03:00,2025-04-06 01:40:00,76,76,0,37,1.0,1,success,
BATCH-000575,workforce,2025-04-06,2025-04-06 01:01:00,2025-04-06 01:17:00,111,111,0,16,1.0,1,success,
BATCH-000576,calendar,2025-04-06,2025-04-06 01:02:00,2025-04-06 02:05:00,249,249,0,63,1.0,1,success,
BATCH-000577,crm,2025-04-07,2025-04-07 01:21:00,2025-04-07 01:52:00,247,247,0,31,1.1,1,success,
BATCH-000578,portal,2025-04-07,2025-04-07 01:08:00,2025-04-07 01:42:00,164,164,0,34,1.0,1,success,
BATCH-000579,chat_platform,2025-04-07,2025-04-07 01:17:00,2025-04-07 01:28:00,58,58,0,11,1.0,1,success,
BATCH-000580,workflow,2025-04-07,2025-04-07 01:03:00,2025-04-07 01:15:00,133,133,0,12,1.0,1,success,
BATCH-000581,workforce,2025-04-07,2025-04-07 01:11:00,2025-04-07 04:16:00,56,54,2,185,1.0,1,warning,ROW_REJECTED
BATCH-000582,calendar,2025-04-07,2025-04-07 01:13:00,2025-04-07 02:07:00,165,165,0,54,1.0,1,success,
BATCH-000583,crm,2025-04-08,2025-04-08 01:10:00,2025-04-08 01:18:00,128,128,0,8,1.0,1,success,
BATCH-000584,portal,2025-04-08,2025-04-08 01:11:00,2025-04-08 01:38:00,35,35,0,27,1.0,1,success,
BATCH-000585,chat_platform,2025-04-08,2025-04-08 01:28:00,2025-04-08 01:46:00,106,106,0,18,1.0,1,success,
BATCH-000586,workflow,2025-04-08,2025-04-08 01:21:00,2025-04-08 02:12:00,38,38,0,51,1.0,1,success,
BATCH-000587,workforce,2025-04-08,2025-04-08 01:15:00,2025-04-08 01:54:00,153,153,0,39,2.0,1,success,
BATCH-000588,calendar,2025-04-08,2025-04-08 01:23:00,2025-04-08 01:50:00,25,25,0,27,1.0,1,success,
BATCH-000589,crm,2025-04-09,2025-04-09 01:20:00,2025-04-09 09:16:00,218,0,218,476,1.1,0,failed,SRC_UNAVAILABLE
BATCH-000590,portal,2025-04-09,2025-04-09 01:15:00,2025-04-09 02:18:00,243,243,0,63,1.0,1,success,
BATCH-000591,chat_platform,2025-04-09,2025-04-09 01:22:00,2025-04-09 02:10:00,92,92,0,48,1.0,1,success,
BATCH-000592,workflow,2025-04-09,2025-04-09 01:16:00,2025-04-09 03:07:00,215,213,2,111,1.0,1,warning,LATE_ARRIVAL
BATCH-000593,workforce,2025-04-09,2025-04-09 01:25:00,2025-04-09 01:45:00,153,153,0,20,1.0,1,success,
BATCH-000594,calendar,2025-04-09,2025-04-09 01:28:00,2025-04-09 02:07:00,228,228,0,39,1.0,1,success,
BATCH-000595,crm,2025-04-10,2025-04-10 01:24:00,2025-04-10 01:59:00,188,188,0,35,1.0,1,success,
BATCH-000596,portal,2025-04-10,2025-04-10 01:21:00,2025-04-10 04:12:00,235,232,3,171,1.0,0,warning,SCHEMA_DRIFT
BATCH-000597,chat_platform,2025-04-10,2025-04-10 01:01:00,2025-04-10 01:14:00,241,241,0,13,1.0,1,success,
BATCH-000598,workflow,2025-04-10,2025-04-10 01:16:00,2025-04-10 02:09:00,61,61,0,53,1.0,1,success,
BATCH-000599,workforce,2025-04-10,2025-04-10 01:15:00,2025-04-10 02:19:00,199,199,0,64,1.0,1,success,
BATCH-000600,calendar,2025-04-10,2025-04-10 01:13:00,2025-04-10 01:42:00,254,254,0,29,1.0,1,success,
BATCH-000601,crm,2025-04-11,2025-04-11 01:18:00,2025-04-11 02:20:00,192,192,0,62,1.0,1,success,
BATCH-000602,portal,2025-04-11,2025-04-11 01:09:00,2025-04-11 02:44:00,178,171,7,95,1.0,1,warning,SCHEMA_DRIFT
BATCH-000603,chat_platform,2025-04-11,2025-04-11 01:17:00,2025-04-11 01:29:00,28,28,0,12,1.0,1,success,
BATCH-000604,workflow,2025-04-11,2025-04-11 01:10:00,2025-04-11 01:20:00,101,101,0,10,1.1,1,success,
BATCH-000605,workforce,2025-04-11,2025-04-11 01:25:00,2025-04-11 02:10:00,89,89,0,45,1.0,1,success,
BATCH-000606,calendar,2025-04-11,2025-04-11 01:25:00,2025-04-11 01:52:00,178,178,0,27,1.0,1,success,
BATCH-000607,crm,2025-04-12,2025-04-12 01:01:00,2025-04-12 02:02:00,33,33,0,61,1.0,1,success,
BATCH-000608,portal,2025-04-12,2025-04-12 01:13:00,2025-04-12 02:42:00,119,113,6,89,1.0,1,warning,ROW_REJECTED
BATCH-000609,chat_platform,2025-04-12,2025-04-12 01:19:00,2025-04-12 01:59:00,241,241,0,40,1.0,1,success,
BATCH-000610,workflow,2025-04-12,2025-04-12 01:25:00,2025-04-12 01:34:00,112,112,0,9,1.1,1,success,
BATCH-000611,workforce,2025-04-12,2025-04-12 01:25:00,2025-04-12 01:35:00,210,210,0,10,1.1,1,success,
BATCH-000612,calendar,2025-04-12,2025-04-12 01:00:00,2025-04-12 02:02:00,87,87,0,62,1.0,1,success,
BATCH-000613,crm,2025-04-13,2025-04-13 01:00:00,2025-04-13 01:31:00,252,252,0,31,1.1,1,success,
BATCH-000614,portal,2025-04-13,2025-04-13 01:23:00,2025-04-13 01:54:00,216,216,0,31,1.0,1,success,
BATCH-000615,chat_platform,2025-04-13,2025-04-13 01:14:00,2025-04-13 01:19:00,80,80,0,5,1.0,1,success,
BATCH-000616,workflow,2025-04-13,2025-04-13 01:23:00,2025-04-13 01:50:00,220,220,0,27,1.0,1,success,
BATCH-000617,workforce,2025-04-13,2025-04-13 01:24:00,2025-04-13 01:44:00,236,236,0,20,1.0,1,success,
BATCH-000618,calendar,2025-04-13,2025-04-13 01:04:00,2025-04-13 02:06:00,246,246,0,62,1.0,1,success,
BATCH-000619,crm,2025-04-14,2025-04-14 01:06:00,2025-04-14 01:31:00,256,256,0,25,1.0,1,success,
BATCH-000620,portal,2025-04-14,2025-04-14 01:26:00,2025-04-14 01:51:00,128,128,0,25,1.1,1,success,
BATCH-000621,chat_platform,2025-04-14,2025-04-14 01:23:00,2025-04-14 01:48:00,88,88,0,25,1.0,1,success,
BATCH-000622,workflow,2025-04-14,2025-04-14 01:13:00,2025-04-14 01:41:00,235,235,0,28,1.0,1,success,
BATCH-000623,workforce,2025-04-14,2025-04-14 01:04:00,2025-04-14 02:00:00,76,76,0,56,1.0,1,success,
BATCH-000624,calendar,2025-04-14,2025-04-14 01:08:00,2025-04-14 02:03:00,202,202,0,55,1.0,1,success,
BATCH-000625,crm,2025-04-15,2025-04-15 01:10:00,2025-04-15 01:42:00,196,196,0,32,1.0,1,success,
BATCH-000626,portal,2025-04-15,2025-04-15 01:20:00,2025-04-15 01:39:00,34,34,0,19,1.0,1,success,
BATCH-000627,chat_platform,2025-04-15,2025-04-15 01:25:00,2025-04-15 03:12:00,182,175,7,107,1.0,1,warning,ROW_REJECTED
BATCH-000628,workflow,2025-04-15,2025-04-15 01:02:00,2025-04-15 01:34:00,62,62,0,32,1.1,1,success,
BATCH-000629,workforce,2025-04-15,2025-04-15 01:14:00,2025-04-15 01:58:00,211,211,0,44,1.0,1,success,
BATCH-000630,calendar,2025-04-15,2025-04-15 01:18:00,2025-04-15 01:32:00,84,84,0,14,1.0,1,success,
BATCH-000631,crm,2025-04-16,2025-04-16 01:22:00,2025-04-16 01:34:00,218,218,0,12,1.0,1,success,
BATCH-000632,portal,2025-04-16,2025-04-16 01:19:00,2025-04-16 01:42:00,37,37,0,23,1.0,1,success,
BATCH-000633,chat_platform,2025-04-16,2025-04-16 01:01:00,2025-04-16 03:00:00,176,164,12,119,1.1,1,warning,LATE_ARRIVAL
BATCH-000634,workflow,2025-04-16,2025-04-16 01:26:00,2025-04-16 02:28:00,151,151,0,62,1.0,1,success,
BATCH-000635,workforce,2025-04-16,2025-04-16 01:14:00,2025-04-16 01:35:00,251,251,0,21,1.0,1,success,
BATCH-000636,calendar,2025-04-16,2025-04-16 01:17:00,2025-04-16 01:53:00,89,89,0,36,1.0,1,success,
BATCH-000637,crm,2025-04-17,2025-04-17 01:27:00,2025-04-17 01:47:00,207,207,0,20,1.0,1,success,
BATCH-000638,portal,2025-04-17,2025-04-17 01:14:00,2025-04-17 01:53:00,48,48,0,39,1.0,1,success,
BATCH-000639,chat_platform,2025-04-17,2025-04-17 01:19:00,2025-04-17 01:36:00,81,81,0,17,1.0,1,success,
BATCH-000640,workflow,2025-04-17,2025-04-17 01:26:00,2025-04-17 02:13:00,65,65,0,47,1.0,1,success,
BATCH-000641,workforce,2025-04-17,2025-04-17 01:04:00,2025-04-17 01:17:00,142,142,0,13,1.0,1,success,
BATCH-000642,calendar,2025-04-17,2025-04-17 01:27:00,2025-04-17 01:38:00,215,215,0,11,1.0,1,success,
BATCH-000643,crm,2025-04-18,2025-04-18 01:07:00,2025-04-18 01:28:00,92,92,0,21,1.0,1,success,
BATCH-000644,portal,2025-04-18,2025-04-18 01:02:00,2025-04-18 02:05:00,132,132,0,63,1.0,1,success,
BATCH-000645,chat_platform,2025-04-18,2025-04-18 01:24:00,2025-04-18 01:43:00,245,245,0,19,1.0,1,success,
BATCH-000646,workflow,2025-04-18,2025-04-18 01:17:00,2025-04-18 01:45:00,67,67,0,28,1.1,1,success,
BATCH-000647,workforce,2025-04-18,2025-04-18 01:27:00,2025-04-18 01:53:00,81,81,0,26,1.0,1,success,
BATCH-000648,calendar,2025-04-18,2025-04-18 01:21:00,2025-04-18 02:15:00,89,89,0,54,1.1,1,success,
BATCH-000649,crm,2025-04-19,2025-04-19 01:09:00,2025-04-19 03:41:00,238,233,5,152,1.0,0,warning,SCHEMA_DRIFT
BATCH-000650,portal,2025-04-19,2025-04-19 01:23:00,2025-04-19 01:30:00,142,142,0,7,1.0,1,success,
BATCH-000651,chat_platform,2025-04-19,2025-04-19 01:10:00,2025-04-19 01:57:00,25,25,0,47,1.1,1,success,
BATCH-000652,workflow,2025-04-19,2025-04-19 01:25:00,2025-04-19 02:29:00,227,227,0,64,1.0,1,success,
BATCH-000653,workforce,2025-04-19,2025-04-19 01:21:00,2025-04-19 03:42:00,168,167,1,141,1.0,1,warning,LATE_ARRIVAL
BATCH-000654,calendar,2025-04-19,2025-04-19 01:14:00,2025-04-19 01:24:00,175,175,0,10,1.0,1,success,
BATCH-000655,crm,2025-04-20,2025-04-20 01:11:00,2025-04-20 01:24:00,146,146,0,13,1.0,1,success,
BATCH-000656,portal,2025-04-20,2025-04-20 01:18:00,2025-04-20 02:13:00,247,247,0,55,1.0,1,success,
BATCH-000657,chat_platform,2025-04-20,2025-04-20 01:10:00,2025-04-20 01:30:00,166,166,0,20,1.0,1,success,
BATCH-000658,workflow,2025-04-20,2025-04-20 01:03:00,2025-04-20 04:22:00,82,81,1,199,1.0,1,warning,LATE_ARRIVAL
BATCH-000659,workforce,2025-04-20,2025-04-20 01:18:00,2025-04-20 01:34:00,85,85,0,16,1.0,1,success,
BATCH-000660,calendar,2025-04-20,2025-04-20 01:09:00,2025-04-20 01:42:00,48,48,0,33,1.0,1,success,
BATCH-000661,crm,2025-04-21,2025-04-21 01:24:00,2025-04-21 02:21:00,253,253,0,57,1.1,1,success,
BATCH-000662,portal,2025-04-21,2025-04-21 01:20:00,2025-04-21 01:36:00,205,205,0,16,1.0,1,success,
BATCH-000663,chat_platform,2025-04-21,2025-04-21 01:02:00,2025-04-21 02:02:00,95,95,0,60,1.0,1,success,
BATCH-000664,workflow,2025-04-21,2025-04-21 01:03:00,2025-04-21 01:47:00,188,188,0,44,1.1,1,success,
BATCH-000665,workforce,2025-04-21,2025-04-21 01:03:00,2025-04-21 01:56:00,155,155,0,53,1.0,1,success,
BATCH-000666,calendar,2025-04-21,2025-04-21 01:24:00,2025-04-21 01:44:00,117,117,0,20,2.0,1,success,
BATCH-000667,crm,2025-04-22,2025-04-22 01:22:00,2025-04-22 02:05:00,124,124,0,43,1.0,1,success,
BATCH-000668,portal,2025-04-22,2025-04-22 01:26:00,2025-04-22 01:47:00,95,95,0,21,1.1,1,success,
BATCH-000669,chat_platform,2025-04-22,2025-04-22 01:06:00,2025-04-22 01:11:00,34,34,0,5,1.0,1,success,
BATCH-000670,workflow,2025-04-22,2025-04-22 01:29:00,2025-04-22 02:32:00,116,116,0,63,2.0,1,success,
BATCH-000671,workforce,2025-04-22,2025-04-22 01:16:00,2025-04-22 02:00:00,71,71,0,44,1.1,1,success,
BATCH-000672,calendar,2025-04-22,2025-04-22 01:21:00,2025-04-22 04:24:00,158,150,8,183,1.0,1,warning,ROW_REJECTED
BATCH-000673,crm,2025-04-23,2025-04-23 01:21:00,2025-04-23 02:18:00,235,235,0,57,1.0,1,success,
BATCH-000674,portal,2025-04-23,2025-04-23 01:26:00,2025-04-23 01:43:00,161,161,0,17,1.0,1,success,
BATCH-000675,chat_platform,2025-04-23,2025-04-23 01:03:00,2025-04-23 01:24:00,74,74,0,21,1.1,1,success,
BATCH-000676,workflow,2025-04-23,2025-04-23 01:18:00,2025-04-23 02:16:00,217,217,0,58,1.0,1,success,
BATCH-000677,workforce,2025-04-23,2025-04-23 01:15:00,2025-04-23 02:06:00,60,60,0,51,1.0,1,success,
BATCH-000678,calendar,2025-04-23,2025-04-23 01:08:00,2025-04-23 01:52:00,232,232,0,44,1.0,1,success,
BATCH-000679,crm,2025-04-24,2025-04-24 01:00:00,2025-04-24 02:01:00,193,193,0,61,1.0,1,success,
BATCH-000680,portal,2025-04-24,2025-04-24 01:24:00,2025-04-24 01:51:00,123,123,0,27,1.0,1,success,
BATCH-000681,chat_platform,2025-04-24,2025-04-24 01:12:00,2025-04-24 01:52:00,62,62,0,40,1.0,1,success,
BATCH-000682,workflow,2025-04-24,2025-04-24 01:09:00,2025-04-24 01:38:00,48,48,0,29,1.0,1,success,
BATCH-000683,workforce,2025-04-24,2025-04-24 01:04:00,2025-04-24 01:46:00,148,148,0,42,1.0,1,success,
BATCH-000684,calendar,2025-04-24,2025-04-24 01:24:00,2025-04-24 01:43:00,226,226,0,19,1.1,1,success,
BATCH-000685,crm,2025-04-25,2025-04-25 01:21:00,2025-04-25 01:59:00,69,69,0,38,1.0,1,success,
BATCH-000686,portal,2025-04-25,2025-04-25 01:20:00,2025-04-25 01:44:00,26,26,0,24,1.1,1,success,
BATCH-000687,chat_platform,2025-04-25,2025-04-25 01:22:00,2025-04-25 01:40:00,127,127,0,18,1.0,1,success,
BATCH-000688,workflow,2025-04-25,2025-04-25 01:21:00,2025-04-25 02:21:00,156,156,0,60,2.0,1,success,
BATCH-000689,workforce,2025-04-25,2025-04-25 01:03:00,2025-04-25 01:35:00,126,126,0,32,1.1,1,success,
BATCH-000690,calendar,2025-04-25,2025-04-25 01:01:00,2025-04-25 05:00:00,65,61,4,239,1.0,1,warning,ROW_REJECTED
BATCH-000691,crm,2025-04-26,2025-04-26 01:05:00,2025-04-26 01:59:00,169,169,0,54,1.0,1,success,
BATCH-000692,portal,2025-04-26,2025-04-26 01:03:00,2025-04-26 01:42:00,156,156,0,39,1.0,1,success,
BATCH-000693,chat_platform,2025-04-26,2025-04-26 01:17:00,2025-04-26 01:27:00,139,139,0,10,1.0,1,success,
BATCH-000694,workflow,2025-04-26,2025-04-26 01:10:00,2025-04-26 01:56:00,46,46,0,46,1.0,1,success,
BATCH-000695,workforce,2025-04-26,2025-04-26 01:07:00,2025-04-26 04:37:00,28,27,1,210,1.0,0,warning,LATE_ARRIVAL
BATCH-000696,calendar,2025-04-26,2025-04-26 01:16:00,2025-04-26 01:25:00,190,190,0,9,1.0,1,success,
BATCH-000697,crm,2025-04-27,2025-04-27 01:19:00,2025-04-27 01:56:00,112,112,0,37,1.0,1,success,
BATCH-000698,portal,2025-04-27,2025-04-27 01:16:00,2025-04-27 01:54:00,148,148,0,38,1.1,1,success,
BATCH-000699,chat_platform,2025-04-27,2025-04-27 01:17:00,2025-04-27 01:24:00,48,48,0,7,1.0,1,success,
BATCH-000700,workflow,2025-04-27,2025-04-27 01:02:00,2025-04-27 01:49:00,80,80,0,47,1.0,1,success,
BATCH-000701,workforce,2025-04-27,2025-04-27 01:29:00,2025-04-27 01:47:00,196,196,0,18,1.0,1,success,
BATCH-000702,calendar,2025-04-27,2025-04-27 01:11:00,2025-04-27 01:39:00,211,211,0,28,1.0,1,success,
BATCH-000703,crm,2025-04-28,2025-04-28 01:28:00,2025-04-28 01:54:00,245,245,0,26,1.0,1,success,
BATCH-000704,portal,2025-04-28,2025-04-28 01:17:00,2025-04-28 02:06:00,175,175,0,49,1.1,1,success,
BATCH-000705,chat_platform,2025-04-28,2025-04-28 01:12:00,2025-04-28 02:00:00,205,205,0,48,1.0,1,success,
BATCH-000706,workflow,2025-04-28,2025-04-28 01:14:00,2025-04-28 02:27:00,147,141,6,73,1.0,1,warning,LATE_ARRIVAL
BATCH-000707,workforce,2025-04-28,2025-04-28 01:09:00,2025-04-28 01:14:00,181,181,0,5,1.0,1,success,
BATCH-000708,calendar,2025-04-28,2025-04-28 01:18:00,2025-04-28 02:01:00,39,39,0,43,1.0,1,success,
BATCH-000709,crm,2025-04-29,2025-04-29 01:23:00,2025-04-29 05:02:00,116,108,8,219,1.1,1,warning,LATE_ARRIVAL
BATCH-000710,portal,2025-04-29,2025-04-29 01:18:00,2025-04-29 01:37:00,95,95,0,19,1.0,1,success,
BATCH-000711,chat_platform,2025-04-29,2025-04-29 01:25:00,2025-04-29 02:00:00,63,63,0,35,1.0,1,success,
BATCH-000712,workflow,2025-04-29,2025-04-29 01:17:00,2025-04-29 01:54:00,155,155,0,37,1.0,1,success,
BATCH-000713,workforce,2025-04-29,2025-04-29 01:14:00,2025-04-29 01:23:00,94,94,0,9,1.1,1,success,
BATCH-000714,calendar,2025-04-29,2025-04-29 01:24:00,2025-04-29 01:47:00,102,102,0,23,1.0,1,success,
BATCH-000715,crm,2025-04-30,2025-04-30 01:02:00,2025-04-30 01:20:00,215,215,0,18,1.1,1,success,
BATCH-000716,portal,2025-04-30,2025-04-30 01:29:00,2025-04-30 02:28:00,202,202,0,59,2.0,1,success,
BATCH-000717,chat_platform,2025-04-30,2025-04-30 01:07:00,2025-04-30 01:52:00,30,30,0,45,1.1,1,success,
BATCH-000718,workflow,2025-04-30,2025-04-30 01:06:00,2025-04-30 01:47:00,147,147,0,41,1.0,1,success,
BATCH-000719,workforce,2025-04-30,2025-04-30 01:29:00,2025-04-30 02:05:00,30,30,0,36,1.0,1,success,
BATCH-000720,calendar,2025-04-30,2025-04-30 01:24:00,2025-04-30 01:45:00,233,233,0,21,1.1,1,success,
BATCH-000721,crm,2025-05-01,2025-05-01 01:00:00,2025-05-01 03:49:00,220,212,8,169,1.0,0,warning,ROW_REJECTED
BATCH-000722,portal,2025-05-01,2025-05-01 01:17:00,2025-05-01 01:30:00,36,36,0,13,1.0,1,success,
BATCH-000723,chat_platform,2025-05-01,2025-05-01 01:26:00,2025-05-01 02:22:00,91,91,0,56,1.0,1,success,
BATCH-000724,workflow,2025-05-01,2025-05-01 01:27:00,2025-05-01 02:24:00,105,105,0,57,1.0,1,success,
BATCH-000725,workforce,2025-05-01,2025-05-01 01:08:00,2025-05-01 01:47:00,101,101,0,39,1.0,1,success,
BATCH-000726,calendar,2025-05-01,2025-05-01 01:01:00,2025-05-01 01:31:00,242,242,0,30,1.1,1,success,
BATCH-000727,crm,2025-05-02,2025-05-02 01:04:00,2025-05-02 01:46:00,164,164,0,42,1.1,1,success,
BATCH-000728,portal,2025-05-02,2025-05-02 01:17:00,2025-05-02 01:51:00,105,105,0,34,1.0,1,success,
BATCH-000729,chat_platform,2025-05-02,2025-05-02 01:00:00,2025-05-02 01:27:00,53,53,0,27,1.0,1,success,
BATCH-000730,workflow,2025-05-02,2025-05-02 01:27:00,2025-05-02 02:21:00,217,217,0,54,1.0,1,success,
BATCH-000731,workforce,2025-05-02,2025-05-02 01:19:00,2025-05-02 01:35:00,252,252,0,16,1.0,1,success,
BATCH-000732,calendar,2025-05-02,2025-05-02 01:23:00,2025-05-02 02:14:00,237,237,0,51,1.1,1,success,
BATCH-000733,crm,2025-05-03,2025-05-03 01:28:00,2025-05-03 01:59:00,207,207,0,31,1.1,1,success,
BATCH-000734,portal,2025-05-03,2025-05-03 01:13:00,2025-05-03 01:47:00,149,149,0,34,1.0,1,success,
BATCH-000735,chat_platform,2025-05-03,2025-05-03 01:29:00,2025-05-03 02:17:00,93,93,0,48,1.0,1,success,
BATCH-000736,workflow,2025-05-03,2025-05-03 01:28:00,2025-05-03 02:19:00,242,242,0,51,1.1,1,success,
BATCH-000737,workforce,2025-05-03,2025-05-03 01:07:00,2025-05-03 01:48:00,107,107,0,41,1.0,1,success,
BATCH-000738,calendar,2025-05-03,2025-05-03 01:08:00,2025-05-03 01:59:00,258,258,0,51,1.0,1,success,
BATCH-000739,crm,2025-05-04,2025-05-04 01:08:00,2025-05-04 01:37:00,225,225,0,29,1.0,1,success,
BATCH-000740,portal,2025-05-04,2025-05-04 01:08:00,2025-05-04 01:30:00,133,133,0,22,1.1,1,success,
BATCH-000741,chat_platform,2025-05-04,2025-05-04 01:26:00,2025-05-04 02:17:00,217,217,0,51,1.1,1,success,
BATCH-000742,workflow,2025-05-04,2025-05-04 01:12:00,2025-05-04 01:41:00,34,34,0,29,1.0,1,success,
BATCH-000743,workforce,2025-05-04,2025-05-04 01:24:00,2025-05-04 01:35:00,43,43,0,11,1.1,1,success,
BATCH-000744,calendar,2025-05-04,2025-05-04 01:22:00,2025-05-04 02:24:00,110,110,0,62,1.0,1,success,
BATCH-000745,crm,2025-05-05,2025-05-05 01:03:00,2025-05-05 01:45:00,26,26,0,42,1.0,1,success,
BATCH-000746,portal,2025-05-05,2025-05-05 01:13:00,2025-05-05 01:41:00,139,139,0,28,1.0,1,success,
BATCH-000747,chat_platform,2025-05-05,2025-05-05 01:06:00,2025-05-05 01:35:00,159,159,0,29,1.0,1,success,
BATCH-000748,workflow,2025-05-05,2025-05-05 01:19:00,2025-05-05 02:22:00,174,174,0,63,1.0,1,success,
BATCH-000749,workforce,2025-05-05,2025-05-05 01:06:00,2025-05-05 02:08:00,70,70,0,62,1.0,1,success,
BATCH-000750,calendar,2025-05-05,2025-05-05 01:05:00,2025-05-05 03:30:00,107,102,5,145,1.0,0,warning,LATE_ARRIVAL
BATCH-000751,crm,2025-05-06,2025-05-06 01:29:00,2025-05-06 01:54:00,54,54,0,25,1.0,1,success,
BATCH-000752,portal,2025-05-06,2025-05-06 01:28:00,2025-05-06 05:27:00,228,224,4,239,1.0,1,warning,LATE_ARRIVAL
BATCH-000753,chat_platform,2025-05-06,2025-05-06 01:28:00,2025-05-06 01:42:00,107,107,0,14,1.0,1,success,
BATCH-000754,workflow,2025-05-06,2025-05-06 01:00:00,2025-05-06 01:58:00,199,199,0,58,1.1,1,success,
BATCH-000755,workforce,2025-05-06,2025-05-06 01:18:00,2025-05-06 01:53:00,134,134,0,35,1.0,1,success,
BATCH-000756,calendar,2025-05-06,2025-05-06 01:15:00,2025-05-06 01:59:00,220,220,0,44,1.0,1,success,
BATCH-000757,crm,2025-05-07,2025-05-07 01:09:00,2025-05-07 01:27:00,119,119,0,18,1.0,1,success,
BATCH-000758,portal,2025-05-07,2025-05-07 01:06:00,2025-05-07 01:20:00,72,72,0,14,1.0,1,success,
BATCH-000759,chat_platform,2025-05-07,2025-05-07 01:12:00,2025-05-07 02:06:00,118,118,0,54,1.0,1,success,
BATCH-000760,workflow,2025-05-07,2025-05-07 01:21:00,2025-05-07 01:26:00,127,127,0,5,1.1,1,success,
BATCH-000761,workforce,2025-05-07,2025-05-07 01:00:00,2025-05-07 05:51:00,116,0,116,291,1.0,0,failed,SRC_UNAVAILABLE
BATCH-000762,calendar,2025-05-07,2025-05-07 01:09:00,2025-05-07 01:43:00,117,117,0,34,1.0,1,success,
BATCH-000763,crm,2025-05-08,2025-05-08 01:02:00,2025-05-08 01:55:00,213,213,0,53,1.0,1,success,
BATCH-000764,portal,2025-05-08,2025-05-08 01:29:00,2025-05-08 01:41:00,257,257,0,12,1.0,1,success,
BATCH-000765,chat_platform,2025-05-08,2025-05-08 01:16:00,2025-05-08 02:02:00,38,38,0,46,1.1,1,success,
BATCH-000766,workflow,2025-05-08,2025-05-08 01:24:00,2025-05-08 02:04:00,158,158,0,40,1.0,1,success,
BATCH-000767,workforce,2025-05-08,2025-05-08 01:07:00,2025-05-08 01:37:00,120,120,0,30,1.0,1,success,
BATCH-000768,calendar,2025-05-08,2025-05-08 01:19:00,2025-05-08 01:27:00,199,199,0,8,1.0,1,success,
BATCH-000769,crm,2025-05-09,2025-05-09 01:22:00,2025-05-09 02:21:00,70,70,0,59,1.0,1,success,
BATCH-000770,portal,2025-05-09,2025-05-09 01:07:00,2025-05-09 02:00:00,40,40,0,53,1.0,1,success,
BATCH-000771,chat_platform,2025-05-09,2025-05-09 01:16:00,2025-05-09 02:01:00,196,196,0,45,1.0,1,success,
BATCH-000772,workflow,2025-05-09,2025-05-09 01:15:00,2025-05-09 01:21:00,158,158,0,6,1.0,1,success,
BATCH-000773,workforce,2025-05-09,2025-05-09 01:05:00,2025-05-09 01:30:00,237,237,0,25,1.0,1,success,
BATCH-000774,calendar,2025-05-09,2025-05-09 01:25:00,2025-05-09 02:24:00,26,26,0,59,1.0,1,success,
BATCH-000775,crm,2025-05-10,2025-05-10 01:26:00,2025-05-10 02:09:00,158,158,0,43,1.0,1,success,
BATCH-000776,portal,2025-05-10,2025-05-10 01:17:00,2025-05-10 01:59:00,57,57,0,42,1.1,1,success,
BATCH-000777,chat_platform,2025-05-10,2025-05-10 01:17:00,2025-05-10 01:50:00,220,220,0,33,1.0,1,success,
BATCH-000778,workflow,2025-05-10,2025-05-10 01:23:00,2025-05-10 04:41:00,75,70,5,198,1.0,0,warning,SCHEMA_DRIFT
BATCH-000779,workforce,2025-05-10,2025-05-10 01:08:00,2025-05-10 01:56:00,246,246,0,48,1.0,1,success,
BATCH-000780,calendar,2025-05-10,2025-05-10 01:24:00,2025-05-10 02:08:00,159,159,0,44,1.0,1,success,
BATCH-000781,crm,2025-05-11,2025-05-11 01:26:00,2025-05-11 02:04:00,52,52,0,38,1.0,1,success,
BATCH-000782,portal,2025-05-11,2025-05-11 01:13:00,2025-05-11 01:29:00,84,84,0,16,1.0,1,success,
BATCH-000783,chat_platform,2025-05-11,2025-05-11 01:13:00,2025-05-11 01:18:00,204,204,0,5,1.0,1,success,
BATCH-000784,workflow,2025-05-11,2025-05-11 01:01:00,2025-05-11 01:48:00,210,210,0,47,1.0,1,success,
BATCH-000785,workforce,2025-05-11,2025-05-11 01:28:00,2025-05-11 01:50:00,201,201,0,22,1.1,1,success,
BATCH-000786,calendar,2025-05-11,2025-05-11 01:20:00,2025-05-11 02:04:00,166,166,0,44,1.1,1,success,
BATCH-000787,crm,2025-05-12,2025-05-12 01:21:00,2025-05-12 01:31:00,61,61,0,10,1.0,1,success,
BATCH-000788,portal,2025-05-12,2025-05-12 01:13:00,2025-05-12 01:48:00,233,233,0,35,1.1,1,success,
BATCH-000789,chat_platform,2025-05-12,2025-05-12 01:05:00,2025-05-12 01:59:00,71,71,0,54,1.0,1,success,
BATCH-000790,workflow,2025-05-12,2025-05-12 01:15:00,2025-05-12 01:53:00,155,155,0,38,1.0,1,success,
BATCH-000791,workforce,2025-05-12,2025-05-12 01:03:00,2025-05-12 01:14:00,30,30,0,11,1.0,1,success,
BATCH-000792,calendar,2025-05-12,2025-05-12 01:18:00,2025-05-12 01:26:00,240,240,0,8,1.0,1,success,
BATCH-000793,crm,2025-05-13,2025-05-13 01:11:00,2025-05-13 05:10:00,132,125,7,239,1.0,1,warning,LATE_ARRIVAL
BATCH-000794,portal,2025-05-13,2025-05-13 01:28:00,2025-05-13 02:01:00,77,77,0,33,1.1,1,success,
BATCH-000795,chat_platform,2025-05-13,2025-05-13 01:22:00,2025-05-13 02:24:00,93,93,0,62,1.0,1,success,
BATCH-000796,workflow,2025-05-13,2025-05-13 01:10:00,2025-05-13 02:11:00,246,246,0,61,1.0,1,success,
BATCH-000797,workforce,2025-05-13,2025-05-13 01:13:00,2025-05-13 01:51:00,135,135,0,38,1.0,1,success,
BATCH-000798,calendar,2025-05-13,2025-05-13 01:24:00,2025-05-13 01:41:00,221,221,0,17,1.0,1,success,
BATCH-000799,crm,2025-05-14,2025-05-14 01:06:00,2025-05-14 02:03:00,203,203,0,57,1.0,1,success,
BATCH-000800,portal,2025-05-14,2025-05-14 01:17:00,2025-05-14 01:59:00,79,79,0,42,1.0,1,success,
BATCH-000801,chat_platform,2025-05-14,2025-05-14 01:09:00,2025-05-14 01:52:00,259,259,0,43,1.0,1,success,
BATCH-000802,workflow,2025-05-14,2025-05-14 01:09:00,2025-05-14 01:40:00,165,165,0,31,1.0,1,success,
BATCH-000803,workforce,2025-05-14,2025-05-14 01:06:00,2025-05-14 01:15:00,65,65,0,9,1.0,1,success,
BATCH-000804,calendar,2025-05-14,2025-05-14 01:12:00,2025-05-14 01:51:00,71,71,0,39,1.0,1,success,
BATCH-000805,crm,2025-05-15,2025-05-15 01:03:00,2025-05-15 01:26:00,225,225,0,23,1.1,1,success,
BATCH-000806,portal,2025-05-15,2025-05-15 01:21:00,2025-05-15 01:48:00,256,256,0,27,1.1,1,success,
BATCH-000807,chat_platform,2025-05-15,2025-05-15 01:18:00,2025-05-15 02:03:00,45,45,0,45,1.0,1,success,
BATCH-000808,workflow,2025-05-15,2025-05-15 01:27:00,2025-05-15 01:43:00,249,249,0,16,1.1,1,success,
BATCH-000809,workforce,2025-05-15,2025-05-15 01:25:00,2025-05-15 01:32:00,108,108,0,7,1.0,1,success,
BATCH-000810,calendar,2025-05-15,2025-05-15 01:28:00,2025-05-15 02:01:00,116,116,0,33,1.0,1,success,
BATCH-000811,crm,2025-05-16,2025-05-16 01:18:00,2025-05-16 04:59:00,213,202,11,221,1.0,1,warning,LATE_ARRIVAL
BATCH-000812,portal,2025-05-16,2025-05-16 01:06:00,2025-05-16 01:21:00,49,49,0,15,1.0,1,success,
BATCH-000813,chat_platform,2025-05-16,2025-05-16 01:02:00,2025-05-16 03:53:00,156,152,4,171,1.1,1,warning,SCHEMA_DRIFT
BATCH-000814,workflow,2025-05-16,2025-05-16 01:01:00,2025-05-16 01:06:00,67,67,0,5,1.1,1,success,
BATCH-000815,workforce,2025-05-16,2025-05-16 01:11:00,2025-05-16 02:00:00,115,115,0,49,1.0,1,success,
BATCH-000816,calendar,2025-05-16,2025-05-16 01:04:00,2025-05-16 01:23:00,117,117,0,19,1.1,1,success,
BATCH-000817,crm,2025-05-17,2025-05-17 01:22:00,2025-05-17 01:54:00,239,239,0,32,1.0,1,success,
BATCH-000818,portal,2025-05-17,2025-05-17 01:18:00,2025-05-17 01:47:00,235,235,0,29,1.0,1,success,
BATCH-000819,chat_platform,2025-05-17,2025-05-17 01:25:00,2025-05-17 02:25:00,108,108,0,60,1.0,1,success,
BATCH-000820,workflow,2025-05-17,2025-05-17 01:13:00,2025-05-17 01:20:00,248,248,0,7,1.0,1,success,
BATCH-000821,workforce,2025-05-17,2025-05-17 01:15:00,2025-05-17 01:24:00,63,63,0,9,1.0,1,success,
BATCH-000822,calendar,2025-05-17,2025-05-17 01:08:00,2025-05-17 01:29:00,175,175,0,21,2.0,1,success,
BATCH-000823,crm,2025-05-18,2025-05-18 01:06:00,2025-05-18 02:05:00,240,240,0,59,1.0,1,success,
BATCH-000824,portal,2025-05-18,2025-05-18 01:27:00,2025-05-18 02:26:00,38,38,0,59,1.1,1,success,
BATCH-000825,chat_platform,2025-05-18,2025-05-18 01:13:00,2025-05-18 02:04:00,149,149,0,51,1.0,1,success,
BATCH-000826,workflow,2025-05-18,2025-05-18 01:13:00,2025-05-18 01:59:00,171,171,0,46,1.0,1,success,
BATCH-000827,workforce,2025-05-18,2025-05-18 01:27:00,2025-05-18 01:41:00,54,54,0,14,1.1,1,success,
BATCH-000828,calendar,2025-05-18,2025-05-18 01:24:00,2025-05-18 02:00:00,198,198,0,36,1.0,1,success,
BATCH-000829,crm,2025-05-19,2025-05-19 01:28:00,2025-05-19 01:50:00,72,72,0,22,1.0,1,success,
BATCH-000830,portal,2025-05-19,2025-05-19 01:20:00,2025-05-19 01:53:00,52,52,0,33,1.0,1,success,
BATCH-000831,chat_platform,2025-05-19,2025-05-19 01:26:00,2025-05-19 01:36:00,225,225,0,10,1.1,1,success,
BATCH-000832,workflow,2025-05-19,2025-05-19 01:23:00,2025-05-19 02:11:00,239,239,0,48,1.1,1,success,
BATCH-000833,workforce,2025-05-19,2025-05-19 01:02:00,2025-05-19 01:26:00,144,144,0,24,1.0,1,success,
BATCH-000834,calendar,2025-05-19,2025-05-19 01:00:00,2025-05-19 01:47:00,67,67,0,47,1.0,1,success,
BATCH-000835,crm,2025-05-20,2025-05-20 01:08:00,2025-05-20 01:41:00,48,48,0,33,1.0,1,success,
BATCH-000836,portal,2025-05-20,2025-05-20 01:19:00,2025-05-20 01:30:00,251,251,0,11,1.0,1,success,
BATCH-000837,chat_platform,2025-05-20,2025-05-20 01:05:00,2025-05-20 01:45:00,64,64,0,40,1.0,1,success,
BATCH-000838,workflow,2025-05-20,2025-05-20 01:14:00,2025-05-20 02:13:00,259,259,0,59,1.1,1,success,
BATCH-000839,workforce,2025-05-20,2025-05-20 01:03:00,2025-05-20 01:55:00,197,197,0,52,1.0,1,success,
BATCH-000840,calendar,2025-05-20,2025-05-20 01:26:00,2025-05-20 01:34:00,161,161,0,8,1.0,1,success,
BATCH-000841,crm,2025-05-21,2025-05-21 01:16:00,2025-05-21 01:56:00,193,193,0,40,1.1,1,success,
BATCH-000842,portal,2025-05-21,2025-05-21 01:02:00,2025-05-21 02:02:00,29,29,0,60,1.0,1,success,
BATCH-000843,chat_platform,2025-05-21,2025-05-21 01:06:00,2025-05-21 01:39:00,235,235,0,33,1.0,1,success,
BATCH-000844,workflow,2025-05-21,2025-05-21 01:26:00,2025-05-21 03:11:00,119,111,8,105,1.0,0,warning,LATE_ARRIVAL
BATCH-000845,workforce,2025-05-21,2025-05-21 01:04:00,2025-05-21 01:12:00,234,234,0,8,1.0,1,success,
BATCH-000846,calendar,2025-05-21,2025-05-21 01:13:00,2025-05-21 01:42:00,67,67,0,29,1.0,1,success,
BATCH-000847,crm,2025-05-22,2025-05-22 01:13:00,2025-05-22 04:18:00,40,39,1,185,1.0,1,warning,ROW_REJECTED
BATCH-000848,portal,2025-05-22,2025-05-22 01:11:00,2025-05-22 01:47:00,199,199,0,36,1.0,1,success,
BATCH-000849,chat_platform,2025-05-22,2025-05-22 01:13:00,2025-05-22 01:36:00,48,48,0,23,1.1,1,success,
BATCH-000850,workflow,2025-05-22,2025-05-22 01:16:00,2025-05-22 01:22:00,137,137,0,6,1.1,1,success,
BATCH-000851,workforce,2025-05-22,2025-05-22 01:20:00,2025-05-22 02:20:00,139,139,0,60,1.0,1,success,
BATCH-000852,calendar,2025-05-22,2025-05-22 01:16:00,2025-05-22 04:26:00,216,208,8,190,1.0,1,warning,SCHEMA_DRIFT
BATCH-000853,crm,2025-05-23,2025-05-23 01:14:00,2025-05-23 02:42:00,221,207,14,88,1.0,1,warning,ROW_REJECTED
BATCH-000854,portal,2025-05-23,2025-05-23 01:08:00,2025-05-23 01:42:00,186,186,0,34,1.0,1,success,
BATCH-000855,chat_platform,2025-05-23,2025-05-23 01:05:00,2025-05-23 01:25:00,170,170,0,20,1.0,1,success,
BATCH-000856,workflow,2025-05-23,2025-05-23 01:14:00,2025-05-23 01:56:00,211,211,0,42,1.0,1,success,
BATCH-000857,workforce,2025-05-23,2025-05-23 01:11:00,2025-05-23 09:46:00,189,0,189,515,1.0,0,failed,SRC_UNAVAILABLE
BATCH-000858,calendar,2025-05-23,2025-05-23 01:18:00,2025-05-23 01:48:00,100,100,0,30,1.0,1,success,
BATCH-000859,crm,2025-05-24,2025-05-24 01:18:00,2025-05-24 02:06:00,241,241,0,48,1.0,1,success,
BATCH-000860,portal,2025-05-24,2025-05-24 01:00:00,2025-05-24 01:21:00,221,221,0,21,1.1,1,success,
BATCH-000861,chat_platform,2025-05-24,2025-05-24 01:25:00,2025-05-24 02:07:00,32,32,0,42,1.0,1,success,
BATCH-000862,workflow,2025-05-24,2025-05-24 01:18:00,2025-05-24 01:28:00,203,203,0,10,1.0,1,success,
BATCH-000863,workforce,2025-05-24,2025-05-24 01:27:00,2025-05-24 02:02:00,225,225,0,35,1.0,1,success,
BATCH-000864,calendar,2025-05-24,2025-05-24 01:29:00,2025-05-24 02:27:00,162,162,0,58,1.1,1,success,
BATCH-000865,crm,2025-05-25,2025-05-25 01:23:00,2025-05-25 01:47:00,156,156,0,24,1.0,1,success,
BATCH-000866,portal,2025-05-25,2025-05-25 01:19:00,2025-05-25 01:37:00,209,209,0,18,1.1,1,success,
BATCH-000867,chat_platform,2025-05-25,2025-05-25 01:13:00,2025-05-25 02:04:00,181,181,0,51,1.0,1,success,
BATCH-000868,workflow,2025-05-25,2025-05-25 01:23:00,2025-05-25 01:28:00,122,122,0,5,1.0,1,success,
BATCH-000869,workforce,2025-05-25,2025-05-25 01:24:00,2025-05-25 01:56:00,67,67,0,32,1.1,1,success,
BATCH-000870,calendar,2025-05-25,2025-05-25 01:29:00,2025-05-25 01:53:00,175,175,0,24,1.1,1,success,
BATCH-000871,crm,2025-05-26,2025-05-26 01:16:00,2025-05-26 02:16:00,121,121,0,60,1.0,1,success,
BATCH-000872,portal,2025-05-26,2025-05-26 01:03:00,2025-05-26 02:37:00,90,86,4,94,1.0,1,warning,ROW_REJECTED
BATCH-000873,chat_platform,2025-05-26,2025-05-26 01:04:00,2025-05-26 01:57:00,179,179,0,53,1.0,1,success,
BATCH-000874,workflow,2025-05-26,2025-05-26 01:25:00,2025-05-26 02:07:00,107,107,0,42,1.0,1,success,
BATCH-000875,workforce,2025-05-26,2025-05-26 01:20:00,2025-05-26 02:19:00,96,96,0,59,1.0,1,success,
BATCH-000876,calendar,2025-05-26,2025-05-26 01:22:00,2025-05-26 02:09:00,49,49,0,47,1.0,1,success,
BATCH-000877,crm,2025-05-27,2025-05-27 01:21:00,2025-05-27 02:01:00,80,80,0,40,1.0,1,success,
BATCH-000878,portal,2025-05-27,2025-05-27 01:28:00,2025-05-27 02:19:00,158,158,0,51,1.0,1,success,
BATCH-000879,chat_platform,2025-05-27,2025-05-27 01:10:00,2025-05-27 01:33:00,137,137,0,23,1.1,1,success,
BATCH-000880,workflow,2025-05-27,2025-05-27 01:09:00,2025-05-27 02:07:00,245,245,0,58,1.1,1,success,
BATCH-000881,workforce,2025-05-27,2025-05-27 01:04:00,2025-05-27 01:20:00,29,29,0,16,1.0,1,success,
BATCH-000882,calendar,2025-05-27,2025-05-27 01:25:00,2025-05-27 01:35:00,111,111,0,10,1.0,1,success,
BATCH-000883,crm,2025-05-28,2025-05-28 01:23:00,2025-05-28 09:45:00,147,0,147,502,1.0,0,failed,SRC_UNAVAILABLE
BATCH-000884,portal,2025-05-28,2025-05-28 01:25:00,2025-05-28 02:17:00,215,215,0,52,1.0,1,success,
BATCH-000885,chat_platform,2025-05-28,2025-05-28 01:20:00,2025-05-28 01:38:00,214,214,0,18,1.0,1,success,
BATCH-000886,workflow,2025-05-28,2025-05-28 01:08:00,2025-05-28 01:35:00,244,244,0,27,1.0,1,success,
BATCH-000887,workforce,2025-05-28,2025-05-28 01:25:00,2025-05-28 01:52:00,195,195,0,27,1.0,1,success,
BATCH-000888,calendar,2025-05-28,2025-05-28 01:15:00,2025-05-28 01:43:00,121,121,0,28,1.0,1,success,
BATCH-000889,crm,2025-05-29,2025-05-29 01:18:00,2025-05-29 02:11:00,185,185,0,53,1.0,1,success,
BATCH-000890,portal,2025-05-29,2025-05-29 01:19:00,2025-05-29 01:46:00,238,238,0,27,1.0,1,success,
BATCH-000891,chat_platform,2025-05-29,2025-05-29 01:14:00,2025-05-29 02:09:00,100,100,0,55,1.0,1,success,
BATCH-000892,workflow,2025-05-29,2025-05-29 01:07:00,2025-05-29 01:19:00,163,163,0,12,1.0,1,success,
BATCH-000893,workforce,2025-05-29,2025-05-29 01:23:00,2025-05-29 02:26:00,253,253,0,63,1.0,1,success,
BATCH-000894,calendar,2025-05-29,2025-05-29 01:21:00,2025-05-29 01:41:00,50,50,0,20,1.0,1,success,
BATCH-000895,crm,2025-05-30,2025-05-30 01:00:00,2025-05-30 01:22:00,149,149,0,22,1.0,1,success,
BATCH-000896,portal,2025-05-30,2025-05-30 01:29:00,2025-05-30 02:18:00,188,188,0,49,1.0,1,success,
BATCH-000897,chat_platform,2025-05-30,2025-05-30 01:19:00,2025-05-30 02:21:00,122,122,0,62,1.0,1,success,
BATCH-000898,workflow,2025-05-30,2025-05-30 01:21:00,2025-05-30 01:44:00,247,247,0,23,1.0,1,success,
BATCH-000899,workforce,2025-05-30,2025-05-30 01:20:00,2025-05-30 02:18:00,238,238,0,58,1.0,1,success,
BATCH-000900,calendar,2025-05-30,2025-05-30 01:13:00,2025-05-30 02:10:00,158,158,0,57,1.0,1,success,
BATCH-000901,crm,2025-05-31,2025-05-31 01:18:00,2025-05-31 02:04:00,89,89,0,46,1.0,1,success,
BATCH-000902,portal,2025-05-31,2025-05-31 01:24:00,2025-05-31 01:40:00,30,30,0,16,1.1,1,success,
BATCH-000903,chat_platform,2025-05-31,2025-05-31 01:03:00,2025-05-31 01:21:00,143,143,0,18,1.0,1,success,
BATCH-000904,workflow,2025-05-31,2025-05-31 01:24:00,2025-05-31 02:01:00,147,147,0,37,1.0,1,success,
BATCH-000905,workforce,2025-05-31,2025-05-31 01:20:00,2025-05-31 01:29:00,202,202,0,9,1.0,1,success,
BATCH-000906,calendar,2025-05-31,2025-05-31 01:12:00,2025-05-31 02:04:00,121,121,0,52,1.1,1,success,
BATCH-000907,crm,2025-06-01,2025-06-01 01:27:00,2025-06-01 01:45:00,249,249,0,18,1.0,1,success,
BATCH-000908,portal,2025-06-01,2025-06-01 01:28:00,2025-06-01 01:50:00,188,188,0,22,1.0,1,success,
BATCH-000909,chat_platform,2025-06-01,2025-06-01 01:07:00,2025-06-01 01:59:00,191,191,0,52,1.0,1,success,
BATCH-000910,workflow,2025-06-01,2025-06-01 01:20:00,2025-06-01 01:42:00,51,51,0,22,1.0,1,success,
BATCH-000911,workforce,2025-06-01,2025-06-01 01:04:00,2025-06-01 01:23:00,90,90,0,19,1.0,1,success,
BATCH-000912,calendar,2025-06-01,2025-06-01 01:00:00,2025-06-01 01:13:00,141,141,0,13,1.0,1,success,
BATCH-000913,crm,2025-06-02,2025-06-02 01:29:00,2025-06-02 01:52:00,176,176,0,23,1.0,1,success,
BATCH-000914,portal,2025-06-02,2025-06-02 01:26:00,2025-06-02 02:30:00,119,119,0,64,1.0,1,success,
BATCH-000915,chat_platform,2025-06-02,2025-06-02 01:16:00,2025-06-02 01:40:00,119,119,0,24,1.0,1,success,
BATCH-000916,workflow,2025-06-02,2025-06-02 01:15:00,2025-06-02 02:14:00,121,121,0,59,1.0,1,success,
BATCH-000917,workforce,2025-06-02,2025-06-02 01:04:00,2025-06-02 01:09:00,29,29,0,5,1.1,1,success,
BATCH-000918,calendar,2025-06-02,2025-06-02 01:04:00,2025-06-02 01:45:00,153,153,0,41,1.0,1,success,
BATCH-000919,crm,2025-06-03,2025-06-03 01:23:00,2025-06-03 02:07:00,59,59,0,44,1.0,1,success,
BATCH-000920,portal,2025-06-03,2025-06-03 01:03:00,2025-06-03 02:01:00,148,148,0,58,1.0,1,success,
BATCH-000921,chat_platform,2025-06-03,2025-06-03 01:06:00,2025-06-03 01:23:00,69,69,0,17,1.0,1,success,
BATCH-000922,workflow,2025-06-03,2025-06-03 01:04:00,2025-06-03 01:33:00,160,160,0,29,1.0,1,success,
BATCH-000923,workforce,2025-06-03,2025-06-03 01:10:00,2025-06-03 02:00:00,89,89,0,50,1.1,1,success,
BATCH-000924,calendar,2025-06-03,2025-06-03 01:24:00,2025-06-03 02:20:00,167,167,0,56,1.0,1,success,
BATCH-000925,crm,2025-06-04,2025-06-04 01:16:00,2025-06-04 01:51:00,117,117,0,35,1.0,1,success,
BATCH-000926,portal,2025-06-04,2025-06-04 01:07:00,2025-06-04 01:33:00,252,252,0,26,1.0,1,success,
BATCH-000927,chat_platform,2025-06-04,2025-06-04 01:15:00,2025-06-04 01:47:00,77,77,0,32,1.0,1,success,
BATCH-000928,workflow,2025-06-04,2025-06-04 01:28:00,2025-06-04 01:57:00,220,220,0,29,1.0,1,success,
BATCH-000929,workforce,2025-06-04,2025-06-04 01:17:00,2025-06-04 02:13:00,101,101,0,56,1.1,1,success,
BATCH-000930,calendar,2025-06-04,2025-06-04 01:15:00,2025-06-04 01:27:00,229,229,0,12,1.0,1,success,
BATCH-000931,crm,2025-06-05,2025-06-05 01:18:00,2025-06-05 01:30:00,173,173,0,12,1.0,1,success,
BATCH-000932,portal,2025-06-05,2025-06-05 01:24:00,2025-06-05 01:45:00,95,95,0,21,1.1,1,success,
BATCH-000933,chat_platform,2025-06-05,2025-06-05 01:26:00,2025-06-05 01:54:00,192,192,0,28,1.0,1,success,
BATCH-000934,workflow,2025-06-05,2025-06-05 01:03:00,2025-06-05 01:30:00,151,151,0,27,1.0,1,success,
BATCH-000935,workforce,2025-06-05,2025-06-05 01:02:00,2025-06-05 01:35:00,239,239,0,33,1.1,1,success,
BATCH-000936,calendar,2025-06-05,2025-06-05 01:27:00,2025-06-05 02:06:00,119,119,0,39,1.0,1,success,
BATCH-000937,crm,2025-06-06,2025-06-06 01:29:00,2025-06-06 01:56:00,98,98,0,27,1.0,1,success,
BATCH-000938,portal,2025-06-06,2025-06-06 01:25:00,2025-06-06 02:09:00,214,214,0,44,1.0,1,success,
BATCH-000939,chat_platform,2025-06-06,2025-06-06 01:03:00,2025-06-06 01:16:00,245,245,0,13,1.0,1,success,
BATCH-000940,workflow,2025-06-06,2025-06-06 01:18:00,2025-06-06 01:38:00,215,215,0,20,1.0,1,success,
BATCH-000941,workforce,2025-06-06,2025-06-06 01:17:00,2025-06-06 01:30:00,124,124,0,13,1.1,1,success,
BATCH-000942,calendar,2025-06-06,2025-06-06 01:06:00,2025-06-06 01:20:00,258,258,0,14,1.0,1,success,
BATCH-000943,crm,2025-06-07,2025-06-07 01:19:00,2025-06-07 02:02:00,241,241,0,43,1.0,1,success,
BATCH-000944,portal,2025-06-07,2025-06-07 01:29:00,2025-06-07 01:45:00,31,31,0,16,1.0,1,success,
BATCH-000945,chat_platform,2025-06-07,2025-06-07 01:26:00,2025-06-07 04:39:00,188,184,4,193,1.1,1,warning,SCHEMA_DRIFT
BATCH-000946,workflow,2025-06-07,2025-06-07 01:05:00,2025-06-07 01:56:00,230,230,0,51,1.0,1,success,
BATCH-000947,workforce,2025-06-07,2025-06-07 01:27:00,2025-06-07 02:05:00,129,129,0,38,1.1,1,success,
BATCH-000948,calendar,2025-06-07,2025-06-07 01:09:00,2025-06-07 02:38:00,234,221,13,89,1.0,1,warning,ROW_REJECTED
BATCH-000949,crm,2025-06-08,2025-06-08 01:25:00,2025-06-08 02:02:00,108,108,0,37,1.1,1,success,
BATCH-000950,portal,2025-06-08,2025-06-08 01:21:00,2025-06-08 02:09:00,152,152,0,48,1.0,1,success,
BATCH-000951,chat_platform,2025-06-08,2025-06-08 01:01:00,2025-06-08 01:51:00,143,143,0,50,1.0,1,success,
BATCH-000952,workflow,2025-06-08,2025-06-08 01:11:00,2025-06-08 02:10:00,60,60,0,59,1.0,1,success,
BATCH-000953,workforce,2025-06-08,2025-06-08 01:05:00,2025-06-08 03:51:00,99,94,5,166,1.0,1,warning,SCHEMA_DRIFT
BATCH-000954,calendar,2025-06-08,2025-06-08 01:13:00,2025-06-08 01:26:00,154,154,0,13,1.0,1,success,
BATCH-000955,crm,2025-06-09,2025-06-09 01:16:00,2025-06-09 01:41:00,151,151,0,25,1.0,1,success,
BATCH-000956,portal,2025-06-09,2025-06-09 01:06:00,2025-06-09 01:58:00,49,49,0,52,1.0,1,success,
BATCH-000957,chat_platform,2025-06-09,2025-06-09 01:07:00,2025-06-09 01:24:00,190,190,0,17,1.0,1,success,
BATCH-000958,workflow,2025-06-09,2025-06-09 01:25:00,2025-06-09 02:28:00,113,113,0,63,1.0,1,success,
BATCH-000959,workforce,2025-06-09,2025-06-09 01:08:00,2025-06-09 01:44:00,192,192,0,36,1.0,1,success,
BATCH-000960,calendar,2025-06-09,2025-06-09 01:28:00,2025-06-09 02:02:00,95,95,0,34,1.0,1,success,
BATCH-000961,crm,2025-06-10,2025-06-10 01:12:00,2025-06-10 01:27:00,190,190,0,15,1.0,1,success,
BATCH-000962,portal,2025-06-10,2025-06-10 01:25:00,2025-06-10 05:16:00,154,149,5,231,1.0,1,warning,SCHEMA_DRIFT
BATCH-000963,chat_platform,2025-06-10,2025-06-10 01:28:00,2025-06-10 02:01:00,195,195,0,33,2.0,1,success,
BATCH-000964,workflow,2025-06-10,2025-06-10 01:09:00,2025-06-10 01:34:00,100,100,0,25,1.0,1,success,
BATCH-000965,workforce,2025-06-10,2025-06-10 01:24:00,2025-06-10 02:17:00,153,153,0,53,1.0,1,success,
BATCH-000966,calendar,2025-06-10,2025-06-10 01:00:00,2025-06-10 04:39:00,124,117,7,219,1.0,1,warning,SCHEMA_DRIFT
BATCH-000967,crm,2025-06-11,2025-06-11 01:02:00,2025-06-11 01:36:00,91,91,0,34,1.0,1,success,
BATCH-000968,portal,2025-06-11,2025-06-11 01:01:00,2025-06-11 01:13:00,55,55,0,12,1.0,1,success,
BATCH-000969,chat_platform,2025-06-11,2025-06-11 01:20:00,2025-06-11 01:26:00,210,210,0,6,1.0,1,success,
BATCH-000970,workflow,2025-06-11,2025-06-11 01:05:00,2025-06-11 01:25:00,139,139,0,20,1.0,1,success,
BATCH-000971,workforce,2025-06-11,2025-06-11 01:25:00,2025-06-11 04:45:00,162,154,8,200,1.0,1,warning,SCHEMA_DRIFT
BATCH-000972,calendar,2025-06-11,2025-06-11 01:01:00,2025-06-11 01:15:00,173,173,0,14,1.0,1,success,
BATCH-000973,crm,2025-06-12,2025-06-12 01:08:00,2025-06-12 01:58:00,108,108,0,50,1.0,1,success,
BATCH-000974,portal,2025-06-12,2025-06-12 01:04:00,2025-06-12 01:36:00,214,214,0,32,1.0,1,success,
BATCH-000975,chat_platform,2025-06-12,2025-06-12 01:24:00,2025-06-12 01:50:00,229,229,0,26,1.0,1,success,
BATCH-000976,workflow,2025-06-12,2025-06-12 01:11:00,2025-06-12 01:16:00,130,130,0,5,1.0,1,success,
BATCH-000977,workforce,2025-06-12,2025-06-12 01:15:00,2025-06-12 02:08:00,160,160,0,53,1.0,1,success,
BATCH-000978,calendar,2025-06-12,2025-06-12 01:20:00,2025-06-12 01:52:00,124,124,0,32,1.0,1,success,
BATCH-000979,crm,2025-06-13,2025-06-13 01:25:00,2025-06-13 02:18:00,68,68,0,53,1.0,1,success,
BATCH-000980,portal,2025-06-13,2025-06-13 01:16:00,2025-06-13 01:23:00,178,178,0,7,1.0,1,success,
BATCH-000981,chat_platform,2025-06-13,2025-06-13 01:28:00,2025-06-13 01:48:00,170,170,0,20,1.0,1,success,
BATCH-000982,workflow,2025-06-13,2025-06-13 01:17:00,2025-06-13 01:40:00,117,117,0,23,1.0,1,success,
BATCH-000983,workforce,2025-06-13,2025-06-13 01:24:00,2025-06-13 01:38:00,93,93,0,14,1.0,1,success,
BATCH-000984,calendar,2025-06-13,2025-06-13 01:24:00,2025-06-13 01:42:00,142,142,0,18,1.0,1,success,
BATCH-000985,crm,2025-06-14,2025-06-14 01:15:00,2025-06-14 01:51:00,167,167,0,36,1.1,1,success,
BATCH-000986,portal,2025-06-14,2025-06-14 01:11:00,2025-06-14 02:39:00,113,110,3,88,1.0,1,warning,SCHEMA_DRIFT
BATCH-000987,chat_platform,2025-06-14,2025-06-14 01:03:00,2025-06-14 01:27:00,27,27,0,24,1.0,1,success,
BATCH-000988,workflow,2025-06-14,2025-06-14 01:22:00,2025-06-14 02:09:00,246,246,0,47,1.1,1,success,
BATCH-000989,workforce,2025-06-14,2025-06-14 01:06:00,2025-06-14 01:34:00,117,117,0,28,1.1,1,success,
BATCH-000990,calendar,2025-06-14,2025-06-14 01:11:00,2025-06-14 01:48:00,239,239,0,37,1.0,1,success,
BATCH-000991,crm,2025-06-15,2025-06-15 01:05:00,2025-06-15 01:20:00,101,101,0,15,1.0,1,success,
BATCH-000992,portal,2025-06-15,2025-06-15 01:29:00,2025-06-15 02:13:00,88,88,0,44,1.0,1,success,
BATCH-000993,chat_platform,2025-06-15,2025-06-15 01:15:00,2025-06-15 02:06:00,87,87,0,51,1.0,1,success,
BATCH-000994,workflow,2025-06-15,2025-06-15 01:16:00,2025-06-15 01:25:00,108,108,0,9,1.0,1,success,
BATCH-000995,workforce,2025-06-15,2025-06-15 01:29:00,2025-06-15 01:54:00,200,200,0,25,1.0,1,success,
BATCH-000996,calendar,2025-06-15,2025-06-15 01:17:00,2025-06-15 01:57:00,133,133,0,40,1.0,1,success,
BATCH-000997,crm,2025-06-16,2025-06-16 01:28:00,2025-06-16 02:20:00,68,68,0,52,1.0,1,success,
BATCH-000998,portal,2025-06-16,2025-06-16 01:18:00,2025-06-16 01:43:00,236,236,0,25,1.0,1,success,
BATCH-000999,chat_platform,2025-06-16,2025-06-16 01:11:00,2025-06-16 01:35:00,133,133,0,24,1.1,1,success,
BATCH-001000,workflow,2025-06-16,2025-06-16 01:00:00,2025-06-16 01:33:00,230,230,0,33,1.1,1,success,
BATCH-001001,workforce,2025-06-16,2025-06-16 01:10:00,2025-06-16 01:57:00,246,246,0,47,1.0,1,success,
BATCH-001002,calendar,2025-06-16,2025-06-16 01:13:00,2025-06-16 01:28:00,73,73,0,15,1.1,1,success,
BATCH-001003,crm,2025-06-17,2025-06-17 01:09:00,2025-06-17 01:37:00,228,228,0,28,1.0,1,success,
BATCH-001004,portal,2025-06-17,2025-06-17 01:19:00,2025-06-17 01:54:00,256,256,0,35,1.0,1,success,
BATCH-001005,chat_platform,2025-06-17,2025-06-17 01:14:00,2025-06-17 01:32:00,164,164,0,18,1.0,1,success,
BATCH-001006,workflow,2025-06-17,2025-06-17 01:10:00,2025-06-17 12:30:00,126,0,126,680,1.0,0,failed,SRC_UNAVAILABLE
BATCH-001007,workforce,2025-06-17,2025-06-17 01:22:00,2025-06-17 01:38:00,162,162,0,16,1.0,1,success,
BATCH-001008,calendar,2025-06-17,2025-06-17 01:22:00,2025-06-17 02:02:00,181,181,0,40,1.0,1,success,
BATCH-001009,crm,2025-06-18,2025-06-18 01:08:00,2025-06-18 01:39:00,53,53,0,31,1.0,1,success,
BATCH-001010,portal,2025-06-18,2025-06-18 01:27:00,2025-06-18 02:19:00,154,154,0,52,1.1,1,success,
BATCH-001011,chat_platform,2025-06-18,2025-06-18 01:01:00,2025-06-18 01:09:00,172,172,0,8,1.0,1,success,
BATCH-001012,workflow,2025-06-18,2025-06-18 01:04:00,2025-06-18 01:09:00,61,61,0,5,1.0,1,success,
BATCH-001013,workforce,2025-06-18,2025-06-18 01:08:00,2025-06-18 04:47:00,230,219,11,219,1.0,0,warning,SCHEMA_DRIFT
BATCH-001014,calendar,2025-06-18,2025-06-18 01:04:00,2025-06-18 01:41:00,110,110,0,37,1.0,1,success,
BATCH-001015,crm,2025-06-19,2025-06-19 01:15:00,2025-06-19 01:48:00,250,250,0,33,1.0,1,success,
BATCH-001016,portal,2025-06-19,2025-06-19 01:10:00,2025-06-19 01:55:00,255,255,0,45,1.1,1,success,
BATCH-001017,chat_platform,2025-06-19,2025-06-19 01:03:00,2025-06-19 02:06:00,212,212,0,63,1.1,1,success,
BATCH-001018,workflow,2025-06-19,2025-06-19 01:26:00,2025-06-19 01:54:00,174,174,0,28,1.1,1,success,
BATCH-001019,workforce,2025-06-19,2025-06-19 01:22:00,2025-06-19 02:18:00,117,117,0,56,1.0,1,success,
BATCH-001020,calendar,2025-06-19,2025-06-19 01:26:00,2025-06-19 01:51:00,219,219,0,25,1.0,1,success,
BATCH-001021,crm,2025-06-20,2025-06-20 01:00:00,2025-06-20 01:49:00,198,198,0,49,1.0,1,success,
BATCH-001022,portal,2025-06-20,2025-06-20 01:14:00,2025-06-20 01:30:00,189,189,0,16,1.0,1,success,
BATCH-001023,chat_platform,2025-06-20,2025-06-20 01:03:00,2025-06-20 01:13:00,159,159,0,10,1.0,1,success,
BATCH-001024,workflow,2025-06-20,2025-06-20 01:17:00,2025-06-20 01:38:00,52,52,0,21,1.0,1,success,
BATCH-001025,workforce,2025-06-20,2025-06-20 01:09:00,2025-06-20 03:58:00,110,104,6,169,1.0,1,warning,LATE_ARRIVAL
BATCH-001026,calendar,2025-06-20,2025-06-20 01:15:00,2025-06-20 02:08:00,91,91,0,53,1.0,1,success,
BATCH-001027,crm,2025-06-21,2025-06-21 01:09:00,2025-06-21 01:24:00,49,49,0,15,1.0,1,success,
BATCH-001028,portal,2025-06-21,2025-06-21 01:16:00,2025-06-21 01:31:00,93,93,0,15,1.0,1,success,
BATCH-001029,chat_platform,2025-06-21,2025-06-21 01:05:00,2025-06-21 01:29:00,166,166,0,24,1.0,1,success,
BATCH-001030,workflow,2025-06-21,2025-06-21 01:20:00,2025-06-21 01:33:00,45,45,0,13,1.0,1,success,
BATCH-001031,workforce,2025-06-21,2025-06-21 01:07:00,2025-06-21 01:54:00,59,59,0,47,1.1,1,success,
BATCH-001032,calendar,2025-06-21,2025-06-21 01:10:00,2025-06-21 02:08:00,67,67,0,58,1.0,1,success,
BATCH-001033,crm,2025-06-22,2025-06-22 01:25:00,2025-06-22 02:06:00,151,151,0,41,1.0,1,success,
BATCH-001034,portal,2025-06-22,2025-06-22 01:23:00,2025-06-22 02:08:00,177,177,0,45,1.0,1,success,
BATCH-001035,chat_platform,2025-06-22,2025-06-22 01:08:00,2025-06-22 01:57:00,68,68,0,49,1.0,1,success,
BATCH-001036,workflow,2025-06-22,2025-06-22 01:02:00,2025-06-22 01:24:00,257,257,0,22,1.0,1,success,
BATCH-001037,workforce,2025-06-22,2025-06-22 01:10:00,2025-06-22 02:00:00,76,76,0,50,1.0,1,success,
BATCH-001038,calendar,2025-06-22,2025-06-22 01:20:00,2025-06-22 01:45:00,198,198,0,25,1.0,1,success,
BATCH-001039,crm,2025-06-23,2025-06-23 01:07:00,2025-06-23 02:04:00,89,89,0,57,1.0,1,success,
BATCH-001040,portal,2025-06-23,2025-06-23 01:25:00,2025-06-23 02:11:00,120,120,0,46,1.0,1,success,
BATCH-001041,chat_platform,2025-06-23,2025-06-23 01:14:00,2025-06-23 02:13:00,179,179,0,59,1.0,1,success,
BATCH-001042,workflow,2025-06-23,2025-06-23 01:18:00,2025-06-23 01:52:00,137,137,0,34,1.1,1,success,
BATCH-001043,workforce,2025-06-23,2025-06-23 01:22:00,2025-06-23 01:53:00,214,214,0,31,1.0,1,success,
BATCH-001044,calendar,2025-06-23,2025-06-23 01:22:00,2025-06-23 02:25:00,172,172,0,63,1.0,1,success,
BATCH-001045,crm,2025-06-24,2025-06-24 01:05:00,2025-06-24 01:32:00,176,176,0,27,1.0,1,success,
BATCH-001046,portal,2025-06-24,2025-06-24 01:26:00,2025-06-24 01:52:00,245,245,0,26,1.1,1,success,
BATCH-001047,chat_platform,2025-06-24,2025-06-24 01:07:00,2025-06-24 01:21:00,33,33,0,14,1.0,1,success,
BATCH-001048,workflow,2025-06-24,2025-06-24 01:13:00,2025-06-24 01:49:00,178,178,0,36,1.0,1,success,
BATCH-001049,workforce,2025-06-24,2025-06-24 01:16:00,2025-06-24 01:53:00,257,257,0,37,1.0,1,success,
BATCH-001050,calendar,2025-06-24,2025-06-24 01:09:00,2025-06-24 02:05:00,175,175,0,56,1.0,1,success,
BATCH-001051,crm,2025-06-25,2025-06-25 01:11:00,2025-06-25 01:55:00,65,65,0,44,1.0,1,success,
BATCH-001052,portal,2025-06-25,2025-06-25 01:09:00,2025-06-25 01:35:00,206,206,0,26,1.0,1,success,
BATCH-001053,chat_platform,2025-06-25,2025-06-25 01:07:00,2025-06-25 04:04:00,81,77,4,177,1.0,1,warning,SCHEMA_DRIFT
BATCH-001054,workflow,2025-06-25,2025-06-25 01:14:00,2025-06-25 01:23:00,137,137,0,9,1.0,1,success,
BATCH-001055,workforce,2025-06-25,2025-06-25 01:26:00,2025-06-25 01:50:00,56,56,0,24,1.0,1,success,
BATCH-001056,calendar,2025-06-25,2025-06-25 01:05:00,2025-06-25 01:34:00,41,41,0,29,1.0,1,success,
BATCH-001057,crm,2025-06-26,2025-06-26 01:25:00,2025-06-26 01:38:00,32,32,0,13,1.0,1,success,
BATCH-001058,portal,2025-06-26,2025-06-26 01:11:00,2025-06-26 04:43:00,151,150,1,212,1.0,1,warning,ROW_REJECTED
BATCH-001059,chat_platform,2025-06-26,2025-06-26 01:14:00,2025-06-26 01:37:00,231,231,0,23,1.0,1,success,
BATCH-001060,workflow,2025-06-26,2025-06-26 01:03:00,2025-06-26 01:57:00,126,126,0,54,1.0,1,success,
BATCH-001061,workforce,2025-06-26,2025-06-26 01:29:00,2025-06-26 01:34:00,250,250,0,5,1.1,1,success,
BATCH-001062,calendar,2025-06-26,2025-06-26 01:12:00,2025-06-26 02:07:00,95,95,0,55,1.0,1,success,
BATCH-001063,crm,2025-06-27,2025-06-27 01:22:00,2025-06-27 02:00:00,113,113,0,38,1.1,1,success,
BATCH-001064,portal,2025-06-27,2025-06-27 01:10:00,2025-06-27 04:39:00,189,178,11,209,1.1,0,warning,LATE_ARRIVAL
BATCH-001065,chat_platform,2025-06-27,2025-06-27 01:25:00,2025-06-27 01:42:00,154,154,0,17,1.0,1,success,
BATCH-001066,workflow,2025-06-27,2025-06-27 01:03:00,2025-06-27 01:53:00,214,214,0,50,1.0,1,success,
BATCH-001067,workforce,2025-06-27,2025-06-27 01:04:00,2025-06-27 01:27:00,46,46,0,23,1.0,1,success,
BATCH-001068,calendar,2025-06-27,2025-06-27 01:05:00,2025-06-27 01:26:00,142,142,0,21,1.0,1,success,
BATCH-001069,crm,2025-06-28,2025-06-28 01:28:00,2025-06-28 01:39:00,108,108,0,11,1.0,1,success,
BATCH-001070,portal,2025-06-28,2025-06-28 01:16:00,2025-06-28 01:40:00,97,97,0,24,1.1,1,success,
BATCH-001071,chat_platform,2025-06-28,2025-06-28 01:02:00,2025-06-28 01:30:00,245,245,0,28,1.0,1,success,
BATCH-001072,workflow,2025-06-28,2025-06-28 01:20:00,2025-06-28 01:25:00,101,101,0,5,1.1,1,success,
BATCH-001073,workforce,2025-06-28,2025-06-28 01:07:00,2025-06-28 01:31:00,222,222,0,24,1.0,1,success,
BATCH-001074,calendar,2025-06-28,2025-06-28 01:05:00,2025-06-28 02:08:00,109,109,0,63,1.0,1,success,
BATCH-001075,crm,2025-06-29,2025-06-29 01:27:00,2025-06-29 01:37:00,216,216,0,10,1.1,1,success,
BATCH-001076,portal,2025-06-29,2025-06-29 01:02:00,2025-06-29 01:46:00,228,228,0,44,1.0,1,success,
BATCH-001077,chat_platform,2025-06-29,2025-06-29 01:17:00,2025-06-29 01:28:00,37,37,0,11,1.1,1,success,
BATCH-001078,workflow,2025-06-29,2025-06-29 01:21:00,2025-06-29 01:51:00,171,171,0,30,1.0,1,success,
BATCH-001079,workforce,2025-06-29,2025-06-29 01:02:00,2025-06-29 03:05:00,120,113,7,123,1.1,1,warning,SCHEMA_DRIFT
BATCH-001080,calendar,2025-06-29,2025-06-29 01:01:00,2025-06-29 01:35:00,205,205,0,34,1.0,1,success,
BATCH-001081,crm,2025-06-30,2025-06-30 01:04:00,2025-06-30 01:16:00,68,68,0,12,1.1,1,success,
BATCH-001082,portal,2025-06-30,2025-06-30 01:27:00,2025-06-30 02:19:00,137,137,0,52,1.1,1,success,
BATCH-001083,chat_platform,2025-06-30,2025-06-30 01:20:00,2025-06-30 02:07:00,92,92,0,47,1.0,1,success,
BATCH-001084,workflow,2025-06-30,2025-06-30 01:11:00,2025-06-30 01:16:00,44,44,0,5,2.0,1,success,
BATCH-001085,workforce,2025-06-30,2025-06-30 01:03:00,2025-06-30 01:59:00,225,225,0,56,1.0,1,success,
BATCH-001086,calendar,2025-06-30,2025-06-30 01:20:00,2025-06-30 01:42:00,96,96,0,22,1.0,1,success,
BATCH-001087,crm,2025-07-01,2025-07-01 01:28:00,2025-07-01 01:43:00,162,162,0,15,1.0,1,success,
BATCH-001088,portal,2025-07-01,2025-07-01 01:21:00,2025-07-01 02:04:00,48,48,0,43,1.0,1,success,
BATCH-001089,chat_platform,2025-07-01,2025-07-01 01:05:00,2025-07-01 01:37:00,26,26,0,32,1.1,1,success,
BATCH-001090,workflow,2025-07-01,2025-07-01 01:17:00,2025-07-01 01:55:00,91,91,0,38,1.1,1,success,
BATCH-001091,workforce,2025-07-01,2025-07-01 01:22:00,2025-07-01 01:52:00,87,87,0,30,1.1,1,success,
BATCH-001092,calendar,2025-07-01,2025-07-01 01:09:00,2025-07-01 01:19:00,31,31,0,10,1.0,1,success,
BATCH-001093,crm,2025-07-02,2025-07-02 01:17:00,2025-07-02 01:35:00,195,195,0,18,1.0,1,success,
BATCH-001094,portal,2025-07-02,2025-07-02 01:18:00,2025-07-02 02:03:00,26,26,0,45,1.1,1,success,
BATCH-001095,chat_platform,2025-07-02,2025-07-02 01:17:00,2025-07-02 01:52:00,138,138,0,35,1.0,1,success,
BATCH-001096,workflow,2025-07-02,2025-07-02 01:05:00,2025-07-02 01:46:00,213,213,0,41,1.0,1,success,
BATCH-001097,workforce,2025-07-02,2025-07-02 01:14:00,2025-07-02 01:41:00,245,245,0,27,1.0,1,success,
BATCH-001098,calendar,2025-07-02,2025-07-02 01:26:00,2025-07-02 02:07:00,247,247,0,41,1.0,1,success,
BATCH-001099,crm,2025-07-03,2025-07-03 01:05:00,2025-07-03 01:19:00,237,237,0,14,1.0,1,success,
BATCH-001100,portal,2025-07-03,2025-07-03 01:18:00,2025-07-03 01:25:00,70,70,0,7,1.0,1,success,
BATCH-001101,chat_platform,2025-07-03,2025-07-03 01:13:00,2025-07-03 01:38:00,119,119,0,25,1.0,1,success,
BATCH-001102,workflow,2025-07-03,2025-07-03 01:24:00,2025-07-03 01:34:00,206,206,0,10,1.0,1,success,
BATCH-001103,workforce,2025-07-03,2025-07-03 01:11:00,2025-07-03 02:14:00,232,232,0,63,1.0,1,success,
BATCH-001104,calendar,2025-07-03,2025-07-03 01:26:00,2025-07-03 01:34:00,86,86,0,8,1.0,1,success,
BATCH-001105,crm,2025-07-04,2025-07-04 01:07:00,2025-07-04 02:10:00,202,202,0,63,1.0,1,success,
BATCH-001106,portal,2025-07-04,2025-07-04 01:23:00,2025-07-04 01:39:00,244,244,0,16,1.1,1,success,
BATCH-001107,chat_platform,2025-07-04,2025-07-04 01:10:00,2025-07-04 01:21:00,258,258,0,11,1.1,1,success,
BATCH-001108,workflow,2025-07-04,2025-07-04 01:29:00,2025-07-04 02:29:00,32,32,0,60,1.1,1,success,
BATCH-001109,workforce,2025-07-04,2025-07-04 01:23:00,2025-07-04 01:39:00,173,173,0,16,1.0,1,success,
BATCH-001110,calendar,2025-07-04,2025-07-04 01:06:00,2025-07-04 01:41:00,259,259,0,35,1.0,1,success,
BATCH-001111,crm,2025-07-05,2025-07-05 01:00:00,2025-07-05 01:35:00,189,189,0,35,1.0,1,success,
BATCH-001112,portal,2025-07-05,2025-07-05 01:14:00,2025-07-05 02:52:00,100,96,4,98,1.0,1,warning,SCHEMA_DRIFT
BATCH-001113,chat_platform,2025-07-05,2025-07-05 01:21:00,2025-07-05 02:14:00,144,144,0,53,1.1,1,success,
BATCH-001114,workflow,2025-07-05,2025-07-05 01:09:00,2025-07-05 11:01:00,35,0,35,592,1.0,0,failed,SRC_UNAVAILABLE
BATCH-001115,workforce,2025-07-05,2025-07-05 01:15:00,2025-07-05 01:26:00,220,220,0,11,1.0,1,success,
BATCH-001116,calendar,2025-07-05,2025-07-05 01:08:00,2025-07-05 01:39:00,55,55,0,31,1.0,1,success,
BATCH-001117,crm,2025-07-06,2025-07-06 01:08:00,2025-07-06 01:30:00,36,36,0,22,1.0,1,success,
BATCH-001118,portal,2025-07-06,2025-07-06 01:14:00,2025-07-06 01:37:00,99,99,0,23,1.0,1,success,
BATCH-001119,chat_platform,2025-07-06,2025-07-06 01:28:00,2025-07-06 02:09:00,52,52,0,41,1.0,1,success,
BATCH-001120,workflow,2025-07-06,2025-07-06 01:18:00,2025-07-06 01:52:00,232,232,0,34,1.0,1,success,
BATCH-001121,workforce,2025-07-06,2025-07-06 01:04:00,2025-07-06 01:47:00,199,199,0,43,1.0,1,success,
BATCH-001122,calendar,2025-07-06,2025-07-06 01:07:00,2025-07-06 01:28:00,28,28,0,21,1.0,1,success,
BATCH-001123,crm,2025-07-07,2025-07-07 01:17:00,2025-07-07 02:01:00,212,212,0,44,1.0,1,success,
BATCH-001124,portal,2025-07-07,2025-07-07 01:22:00,2025-07-07 02:16:00,146,146,0,54,1.0,1,success,
BATCH-001125,chat_platform,2025-07-07,2025-07-07 01:05:00,2025-07-07 01:10:00,137,137,0,5,1.1,1,success,
BATCH-001126,workflow,2025-07-07,2025-07-07 01:00:00,2025-07-07 01:34:00,105,105,0,34,1.0,1,success,
BATCH-001127,workforce,2025-07-07,2025-07-07 01:12:00,2025-07-07 01:35:00,245,245,0,23,1.0,1,success,
BATCH-001128,calendar,2025-07-07,2025-07-07 01:15:00,2025-07-07 01:34:00,231,231,0,19,1.0,1,success,
BATCH-001129,crm,2025-07-08,2025-07-08 01:11:00,2025-07-08 03:06:00,89,83,6,115,1.0,0,warning,LATE_ARRIVAL
BATCH-001130,portal,2025-07-08,2025-07-08 01:16:00,2025-07-08 01:27:00,258,258,0,11,1.0,1,success,
BATCH-001131,chat_platform,2025-07-08,2025-07-08 01:27:00,2025-07-08 01:45:00,164,164,0,18,1.0,1,success,
BATCH-001132,workflow,2025-07-08,2025-07-08 01:08:00,2025-07-08 02:05:00,167,167,0,57,2.0,1,success,
BATCH-001133,workforce,2025-07-08,2025-07-08 01:26:00,2025-07-08 01:56:00,96,96,0,30,1.0,1,success,
BATCH-001134,calendar,2025-07-08,2025-07-08 01:03:00,2025-07-08 02:06:00,252,252,0,63,1.0,1,success,
BATCH-001135,crm,2025-07-09,2025-07-09 01:17:00,2025-07-09 01:36:00,31,31,0,19,1.0,1,success,
BATCH-001136,portal,2025-07-09,2025-07-09 01:28:00,2025-07-09 01:48:00,249,249,0,20,1.0,1,success,
BATCH-001137,chat_platform,2025-07-09,2025-07-09 01:27:00,2025-07-09 01:57:00,84,84,0,30,1.0,1,success,
BATCH-001138,workflow,2025-07-09,2025-07-09 01:21:00,2025-07-09 02:13:00,155,155,0,52,1.1,1,success,
BATCH-001139,workforce,2025-07-09,2025-07-09 01:21:00,2025-07-09 01:35:00,113,113,0,14,1.0,1,success,
BATCH-001140,calendar,2025-07-09,2025-07-09 01:14:00,2025-07-09 01:22:00,74,74,0,8,1.0,1,success,
BATCH-001141,crm,2025-07-10,2025-07-10 01:11:00,2025-07-10 02:01:00,71,71,0,50,2.0,1,success,
BATCH-001142,portal,2025-07-10,2025-07-10 01:13:00,2025-07-10 01:37:00,160,160,0,24,1.0,1,success,
BATCH-001143,chat_platform,2025-07-10,2025-07-10 01:28:00,2025-07-10 01:35:00,211,211,0,7,1.0,1,success,
BATCH-001144,workflow,2025-07-10,2025-07-10 01:05:00,2025-07-10 03:58:00,151,142,9,173,1.1,1,warning,SCHEMA_DRIFT
BATCH-001145,workforce,2025-07-10,2025-07-10 01:13:00,2025-07-10 01:53:00,142,142,0,40,1.0,1,success,
BATCH-001146,calendar,2025-07-10,2025-07-10 01:24:00,2025-07-10 02:28:00,175,175,0,64,1.1,1,success,
BATCH-001147,crm,2025-07-11,2025-07-11 01:22:00,2025-07-11 01:56:00,132,132,0,34,1.0,1,success,
BATCH-001148,portal,2025-07-11,2025-07-11 01:24:00,2025-07-11 01:47:00,80,80,0,23,1.0,1,success,
BATCH-001149,chat_platform,2025-07-11,2025-07-11 01:18:00,2025-07-11 01:58:00,150,150,0,40,1.0,1,success,
BATCH-001150,workflow,2025-07-11,2025-07-11 01:26:00,2025-07-11 02:12:00,232,232,0,46,1.0,1,success,
BATCH-001151,workforce,2025-07-11,2025-07-11 01:15:00,2025-07-11 01:43:00,178,178,0,28,1.0,1,success,
BATCH-001152,calendar,2025-07-11,2025-07-11 01:20:00,2025-07-11 01:48:00,212,212,0,28,1.0,1,success,
BATCH-001153,crm,2025-07-12,2025-07-12 01:08:00,2025-07-12 01:32:00,105,105,0,24,1.0,1,success,
BATCH-001154,portal,2025-07-12,2025-07-12 01:04:00,2025-07-12 01:28:00,178,178,0,24,1.0,1,success,
BATCH-001155,chat_platform,2025-07-12,2025-07-12 01:02:00,2025-07-12 01:44:00,41,41,0,42,1.1,1,success,
BATCH-001156,workflow,2025-07-12,2025-07-12 01:27:00,2025-07-12 02:11:00,26,26,0,44,1.1,1,success,
BATCH-001157,workforce,2025-07-12,2025-07-12 01:16:00,2025-07-12 01:57:00,93,93,0,41,1.0,1,success,
BATCH-001158,calendar,2025-07-12,2025-07-12 01:14:00,2025-07-12 01:50:00,207,207,0,36,1.0,1,success,
BATCH-001159,crm,2025-07-13,2025-07-13 01:16:00,2025-07-13 01:40:00,102,102,0,24,2.0,1,success,
BATCH-001160,portal,2025-07-13,2025-07-13 01:05:00,2025-07-13 01:26:00,110,110,0,21,1.0,1,success,
BATCH-001161,chat_platform,2025-07-13,2025-07-13 01:27:00,2025-07-13 02:08:00,112,112,0,41,1.0,1,success,
BATCH-001162,workflow,2025-07-13,2025-07-13 01:26:00,2025-07-13 01:52:00,80,80,0,26,1.0,1,success,
BATCH-001163,workforce,2025-07-13,2025-07-13 01:09:00,2025-07-13 02:59:00,157,148,9,110,1.0,0,warning,SCHEMA_DRIFT
BATCH-001164,calendar,2025-07-13,2025-07-13 01:23:00,2025-07-13 01:42:00,237,237,0,19,1.0,1,success,
BATCH-001165,crm,2025-07-14,2025-07-14 01:15:00,2025-07-14 02:19:00,122,122,0,64,1.1,1,success,
BATCH-001166,portal,2025-07-14,2025-07-14 01:20:00,2025-07-14 01:32:00,96,96,0,12,1.0,1,success,
BATCH-001167,chat_platform,2025-07-14,2025-07-14 01:25:00,2025-07-14 01:34:00,117,117,0,9,1.0,1,success,
BATCH-001168,workflow,2025-07-14,2025-07-14 01:28:00,2025-07-14 02:10:00,136,136,0,42,1.0,1,success,
BATCH-001169,workforce,2025-07-14,2025-07-14 01:27:00,2025-07-14 01:41:00,135,135,0,14,1.0,1,success,
BATCH-001170,calendar,2025-07-14,2025-07-14 01:29:00,2025-07-14 02:26:00,71,71,0,57,1.0,1,success,
BATCH-001171,crm,2025-07-15,2025-07-15 01:06:00,2025-07-15 02:04:00,46,46,0,58,1.0,1,success,
BATCH-001172,portal,2025-07-15,2025-07-15 01:03:00,2025-07-15 01:09:00,73,73,0,6,1.0,1,success,
BATCH-001173,chat_platform,2025-07-15,2025-07-15 01:13:00,2025-07-15 01:39:00,110,110,0,26,1.0,1,success,
BATCH-001174,workflow,2025-07-15,2025-07-15 01:25:00,2025-07-15 02:23:00,256,256,0,58,1.0,1,success,
BATCH-001175,workforce,2025-07-15,2025-07-15 01:25:00,2025-07-15 02:09:00,49,49,0,44,1.0,1,success,
BATCH-001176,calendar,2025-07-15,2025-07-15 01:22:00,2025-07-15 03:53:00,103,99,4,151,1.1,1,warning,SCHEMA_DRIFT
BATCH-001177,crm,2025-07-16,2025-07-16 01:06:00,2025-07-16 01:36:00,143,143,0,30,1.0,1,success,
BATCH-001178,portal,2025-07-16,2025-07-16 01:03:00,2025-07-16 01:42:00,195,195,0,39,1.0,1,success,
BATCH-001179,chat_platform,2025-07-16,2025-07-16 01:01:00,2025-07-16 01:38:00,98,98,0,37,1.0,1,success,
BATCH-001180,workflow,2025-07-16,2025-07-16 01:13:00,2025-07-16 02:12:00,148,148,0,59,1.0,1,success,
BATCH-001181,workforce,2025-07-16,2025-07-16 01:16:00,2025-07-16 01:25:00,148,148,0,9,1.0,1,success,
BATCH-001182,calendar,2025-07-16,2025-07-16 01:25:00,2025-07-16 02:14:00,36,36,0,49,1.0,1,success,
BATCH-001183,crm,2025-07-17,2025-07-17 01:13:00,2025-07-17 01:38:00,31,31,0,25,1.1,1,success,
BATCH-001184,portal,2025-07-17,2025-07-17 01:26:00,2025-07-17 02:21:00,213,213,0,55,1.0,1,success,
BATCH-001185,chat_platform,2025-07-17,2025-07-17 01:22:00,2025-07-17 01:33:00,52,52,0,11,1.0,1,success,
BATCH-001186,workflow,2025-07-17,2025-07-17 01:19:00,2025-07-17 01:55:00,154,154,0,36,1.1,1,success,
BATCH-001187,workforce,2025-07-17,2025-07-17 01:22:00,2025-07-17 04:55:00,62,58,4,213,1.1,1,warning,ROW_REJECTED
BATCH-001188,calendar,2025-07-17,2025-07-17 01:27:00,2025-07-17 02:29:00,121,121,0,62,1.0,1,success,
BATCH-001189,crm,2025-07-18,2025-07-18 01:13:00,2025-07-18 01:49:00,245,245,0,36,1.0,1,success,
BATCH-001190,portal,2025-07-18,2025-07-18 01:17:00,2025-07-18 01:59:00,173,173,0,42,2.0,1,success,
BATCH-001191,chat_platform,2025-07-18,2025-07-18 01:27:00,2025-07-18 01:42:00,74,74,0,15,1.0,1,success,
BATCH-001192,workflow,2025-07-18,2025-07-18 01:05:00,2025-07-18 01:59:00,211,211,0,54,1.0,1,success,
BATCH-001193,workforce,2025-07-18,2025-07-18 01:20:00,2025-07-18 04:00:00,173,160,13,160,1.0,1,warning,SCHEMA_DRIFT
BATCH-001194,calendar,2025-07-18,2025-07-18 01:07:00,2025-07-18 01:49:00,49,49,0,42,1.0,1,success,
BATCH-001195,crm,2025-07-19,2025-07-19 01:19:00,2025-07-19 01:53:00,245,245,0,34,1.0,1,success,
BATCH-001196,portal,2025-07-19,2025-07-19 01:09:00,2025-07-19 01:36:00,26,26,0,27,1.0,1,success,
BATCH-001197,chat_platform,2025-07-19,2025-07-19 01:02:00,2025-07-19 01:56:00,48,48,0,54,1.1,1,success,
BATCH-001198,workflow,2025-07-19,2025-07-19 01:01:00,2025-07-19 01:31:00,73,73,0,30,1.0,1,success,
BATCH-001199,workforce,2025-07-19,2025-07-19 01:03:00,2025-07-19 01:52:00,104,104,0,49,1.0,1,success,
BATCH-001200,calendar,2025-07-19,2025-07-19 01:24:00,2025-07-19 02:07:00,84,84,0,43,1.0,1,success,
BATCH-001201,crm,2025-07-20,2025-07-20 01:16:00,2025-07-20 01:23:00,89,89,0,7,1.1,1,success,
BATCH-001202,portal,2025-07-20,2025-07-20 01:13:00,2025-07-20 01:18:00,84,84,0,5,1.0,1,success,
BATCH-001203,chat_platform,2025-07-20,2025-07-20 01:07:00,2025-07-20 02:05:00,63,63,0,58,1.0,1,success,
BATCH-001204,workflow,2025-07-20,2025-07-20 01:21:00,2025-07-20 01:36:00,199,199,0,15,1.0,1,success,
BATCH-001205,workforce,2025-07-20,2025-07-20 01:13:00,2025-07-20 01:50:00,205,205,0,37,1.0,1,success,
BATCH-001206,calendar,2025-07-20,2025-07-20 01:05:00,2025-07-20 02:00:00,56,56,0,55,1.0,1,success,
BATCH-001207,crm,2025-07-21,2025-07-21 01:00:00,2025-07-21 01:41:00,242,242,0,41,1.0,1,success,
BATCH-001208,portal,2025-07-21,2025-07-21 01:06:00,2025-07-21 01:24:00,196,196,0,18,1.0,1,success,
BATCH-001209,chat_platform,2025-07-21,2025-07-21 01:05:00,2025-07-21 01:41:00,234,234,0,36,1.1,1,success,
BATCH-001210,workflow,2025-07-21,2025-07-21 01:12:00,2025-07-21 01:43:00,96,96,0,31,1.0,1,success,
BATCH-001211,workforce,2025-07-21,2025-07-21 01:28:00,2025-07-21 01:57:00,213,213,0,29,1.0,1,success,
BATCH-001212,calendar,2025-07-21,2025-07-21 01:06:00,2025-07-21 01:13:00,251,251,0,7,1.0,1,success,
BATCH-001213,crm,2025-07-22,2025-07-22 01:20:00,2025-07-22 02:14:00,131,131,0,54,1.0,1,success,
BATCH-001214,portal,2025-07-22,2025-07-22 01:00:00,2025-07-22 01:58:00,254,254,0,58,1.1,1,success,
BATCH-001215,chat_platform,2025-07-22,2025-07-22 01:28:00,2025-07-22 01:44:00,236,236,0,16,1.0,1,success,
BATCH-001216,workflow,2025-07-22,2025-07-22 01:13:00,2025-07-22 02:05:00,46,46,0,52,1.0,1,success,
BATCH-001217,workforce,2025-07-22,2025-07-22 01:25:00,2025-07-22 02:08:00,250,250,0,43,1.0,1,success,
BATCH-001218,calendar,2025-07-22,2025-07-22 01:09:00,2025-07-22 04:51:00,66,65,1,222,1.0,0,warning,SCHEMA_DRIFT
BATCH-001219,crm,2025-07-23,2025-07-23 01:05:00,2025-07-23 01:22:00,127,127,0,17,1.0,1,success,
BATCH-001220,portal,2025-07-23,2025-07-23 01:00:00,2025-07-23 01:52:00,244,244,0,52,1.1,1,success,
BATCH-001221,chat_platform,2025-07-23,2025-07-23 01:09:00,2025-07-23 01:52:00,150,150,0,43,1.0,1,success,
BATCH-001222,workflow,2025-07-23,2025-07-23 01:05:00,2025-07-23 01:23:00,173,173,0,18,1.0,1,success,
BATCH-001223,workforce,2025-07-23,2025-07-23 01:22:00,2025-07-23 02:22:00,34,34,0,60,1.1,1,success,
BATCH-001224,calendar,2025-07-23,2025-07-23 01:14:00,2025-07-23 03:28:00,231,228,3,134,1.0,0,warning,LATE_ARRIVAL
BATCH-001225,crm,2025-07-24,2025-07-24 01:23:00,2025-07-24 02:26:00,222,222,0,63,1.0,1,success,
BATCH-001226,portal,2025-07-24,2025-07-24 01:05:00,2025-07-24 01:50:00,146,146,0,45,1.0,1,success,
BATCH-001227,chat_platform,2025-07-24,2025-07-24 01:06:00,2025-07-24 01:57:00,33,33,0,51,1.0,1,success,
BATCH-001228,workflow,2025-07-24,2025-07-24 01:07:00,2025-07-24 01:22:00,172,172,0,15,1.0,1,success,
BATCH-001229,workforce,2025-07-24,2025-07-24 01:12:00,2025-07-24 01:34:00,155,155,0,22,1.0,1,success,
BATCH-001230,calendar,2025-07-24,2025-07-24 01:06:00,2025-07-24 01:57:00,185,185,0,51,1.0,1,success,
BATCH-001231,crm,2025-07-25,2025-07-25 01:12:00,2025-07-25 01:33:00,70,70,0,21,1.0,1,success,
BATCH-001232,portal,2025-07-25,2025-07-25 01:08:00,2025-07-25 01:18:00,152,152,0,10,1.0,1,success,
BATCH-001233,chat_platform,2025-07-25,2025-07-25 01:02:00,2025-07-25 01:23:00,111,111,0,21,1.1,1,success,
BATCH-001234,workflow,2025-07-25,2025-07-25 01:17:00,2025-07-25 01:48:00,94,94,0,31,1.0,1,success,
BATCH-001235,workforce,2025-07-25,2025-07-25 01:27:00,2025-07-25 01:53:00,165,165,0,26,1.0,1,success,
BATCH-001236,calendar,2025-07-25,2025-07-25 01:28:00,2025-07-25 01:36:00,257,257,0,8,1.0,1,success,
BATCH-001237,crm,2025-07-26,2025-07-26 01:04:00,2025-07-26 01:11:00,215,215,0,7,1.0,1,success,
BATCH-001238,portal,2025-07-26,2025-07-26 01:14:00,2025-07-26 01:43:00,201,201,0,29,1.0,1,success,
BATCH-001239,chat_platform,2025-07-26,2025-07-26 01:08:00,2025-07-26 01:13:00,137,137,0,5,1.0,1,success,
BATCH-001240,workflow,2025-07-26,2025-07-26 01:27:00,2025-07-26 02:12:00,60,60,0,45,1.0,1,success,
BATCH-001241,workforce,2025-07-26,2025-07-26 01:10:00,2025-07-26 01:55:00,199,199,0,45,1.1,1,success,
BATCH-001242,calendar,2025-07-26,2025-07-26 01:26:00,2025-07-26 01:48:00,166,166,0,22,1.0,1,success,
BATCH-001243,crm,2025-07-27,2025-07-27 01:02:00,2025-07-27 01:51:00,105,105,0,49,1.0,1,success,
BATCH-001244,portal,2025-07-27,2025-07-27 01:08:00,2025-07-27 01:59:00,213,213,0,51,1.0,1,success,
BATCH-001245,chat_platform,2025-07-27,2025-07-27 01:03:00,2025-07-27 01:45:00,155,155,0,42,1.0,1,success,
BATCH-001246,workflow,2025-07-27,2025-07-27 01:00:00,2025-07-27 01:34:00,240,240,0,34,1.0,1,success,
BATCH-001247,workforce,2025-07-27,2025-07-27 01:15:00,2025-07-27 02:17:00,149,149,0,62,1.1,1,success,
BATCH-001248,calendar,2025-07-27,2025-07-27 01:19:00,2025-07-27 01:30:00,116,116,0,11,1.0,1,success,
BATCH-001249,crm,2025-07-28,2025-07-28 01:27:00,2025-07-28 01:40:00,108,108,0,13,1.0,1,success,
BATCH-001250,portal,2025-07-28,2025-07-28 01:16:00,2025-07-28 01:54:00,133,133,0,38,1.0,1,success,
BATCH-001251,chat_platform,2025-07-28,2025-07-28 01:20:00,2025-07-28 02:00:00,42,42,0,40,1.0,1,success,
BATCH-001252,workflow,2025-07-28,2025-07-28 01:23:00,2025-07-28 02:26:00,57,57,0,63,1.0,1,success,
BATCH-001253,workforce,2025-07-28,2025-07-28 01:21:00,2025-07-28 02:10:00,112,112,0,49,1.0,1,success,
BATCH-001254,calendar,2025-07-28,2025-07-28 01:03:00,2025-07-28 01:58:00,103,103,0,55,1.0,1,success,
BATCH-001255,crm,2025-07-29,2025-07-29 01:17:00,2025-07-29 02:05:00,75,75,0,48,1.1,1,success,
BATCH-001256,portal,2025-07-29,2025-07-29 01:01:00,2025-07-29 01:56:00,100,100,0,55,1.0,1,success,
BATCH-001257,chat_platform,2025-07-29,2025-07-29 01:23:00,2025-07-29 02:15:00,112,112,0,52,1.1,1,success,
BATCH-001258,workflow,2025-07-29,2025-07-29 01:00:00,2025-07-29 02:00:00,34,34,0,60,1.0,1,success,
BATCH-001259,workforce,2025-07-29,2025-07-29 01:08:00,2025-07-29 01:36:00,82,82,0,28,1.0,1,success,
BATCH-001260,calendar,2025-07-29,2025-07-29 01:04:00,2025-07-29 03:11:00,114,108,6,127,1.1,0,warning,SCHEMA_DRIFT
BATCH-001261,crm,2025-07-30,2025-07-30 01:21:00,2025-07-30 02:24:00,112,112,0,63,1.0,1,success,
BATCH-001262,portal,2025-07-30,2025-07-30 01:23:00,2025-07-30 02:07:00,183,183,0,44,1.0,1,success,
BATCH-001263,chat_platform,2025-07-30,2025-07-30 01:22:00,2025-07-30 02:11:00,195,195,0,49,1.0,1,success,
BATCH-001264,workflow,2025-07-30,2025-07-30 01:06:00,2025-07-30 01:11:00,129,129,0,5,1.1,1,success,
BATCH-001265,workforce,2025-07-30,2025-07-30 01:20:00,2025-07-30 02:15:00,187,187,0,55,1.0,1,success,
BATCH-001266,calendar,2025-07-30,2025-07-30 01:07:00,2025-07-30 01:34:00,44,44,0,27,1.0,1,success,
BATCH-001267,crm,2025-07-31,2025-07-31 01:10:00,2025-07-31 01:28:00,42,42,0,18,1.0,1,success,
BATCH-001268,portal,2025-07-31,2025-07-31 01:21:00,2025-07-31 01:31:00,174,174,0,10,1.0,1,success,
BATCH-001269,chat_platform,2025-07-31,2025-07-31 01:22:00,2025-07-31 01:37:00,241,241,0,15,1.0,1,success,
BATCH-001270,workflow,2025-07-31,2025-07-31 01:16:00,2025-07-31 02:04:00,92,92,0,48,1.0,1,success,
BATCH-001271,workforce,2025-07-31,2025-07-31 01:26:00,2025-07-31 01:54:00,157,157,0,28,1.0,1,success,
BATCH-001272,calendar,2025-07-31,2025-07-31 01:24:00,2025-07-31 02:11:00,238,238,0,47,1.1,1,success,
BATCH-001273,crm,2025-08-01,2025-08-01 01:25:00,2025-08-01 01:43:00,194,194,0,18,1.0,1,success,
BATCH-001274,portal,2025-08-01,2025-08-01 01:17:00,2025-08-01 01:32:00,150,150,0,15,1.0,1,success,
BATCH-001275,chat_platform,2025-08-01,2025-08-01 01:08:00,2025-08-01 04:51:00,146,143,3,223,1.0,1,warning,SCHEMA_DRIFT
BATCH-001276,workflow,2025-08-01,2025-08-01 01:12:00,2025-08-01 02:15:00,232,232,0,63,1.1,1,success,
BATCH-001277,workforce,2025-08-01,2025-08-01 01:13:00,2025-08-01 02:02:00,130,130,0,49,1.0,1,success,
BATCH-001278,calendar,2025-08-01,2025-08-01 01:04:00,2025-08-01 01:32:00,169,169,0,28,1.0,1,success,
BATCH-001279,crm,2025-08-02,2025-08-02 01:16:00,2025-08-02 01:52:00,248,248,0,36,1.0,1,success,
BATCH-001280,portal,2025-08-02,2025-08-02 01:00:00,2025-08-02 01:39:00,51,51,0,39,1.0,1,success,
BATCH-001281,chat_platform,2025-08-02,2025-08-02 01:20:00,2025-08-02 01:30:00,180,180,0,10,1.0,1,success,
BATCH-001282,workflow,2025-08-02,2025-08-02 01:04:00,2025-08-02 02:15:00,236,218,18,71,1.0,1,warning,ROW_REJECTED
BATCH-001283,workforce,2025-08-02,2025-08-02 01:21:00,2025-08-02 02:24:00,71,71,0,63,1.0,1,success,
BATCH-001284,calendar,2025-08-02,2025-08-02 01:24:00,2025-08-02 02:20:00,236,236,0,56,1.0,1,success,
BATCH-001285,crm,2025-08-03,2025-08-03 01:29:00,2025-08-03 01:41:00,188,188,0,12,1.0,1,success,
BATCH-001286,portal,2025-08-03,2025-08-03 01:26:00,2025-08-03 03:56:00,219,204,15,150,1.0,1,warning,LATE_ARRIVAL
BATCH-001287,chat_platform,2025-08-03,2025-08-03 01:28:00,2025-08-03 02:13:00,224,224,0,45,1.0,1,success,
BATCH-001288,workflow,2025-08-03,2025-08-03 01:10:00,2025-08-03 01:31:00,119,119,0,21,1.0,1,success,
BATCH-001289,workforce,2025-08-03,2025-08-03 01:21:00,2025-08-03 02:10:00,208,208,0,49,1.0,1,success,
BATCH-001290,calendar,2025-08-03,2025-08-03 01:24:00,2025-08-03 02:28:00,105,105,0,64,1.1,1,success,
BATCH-001291,crm,2025-08-04,2025-08-04 01:26:00,2025-08-04 01:59:00,143,143,0,33,1.0,1,success,
BATCH-001292,portal,2025-08-04,2025-08-04 01:18:00,2025-08-04 01:46:00,134,134,0,28,1.0,1,success,
BATCH-001293,chat_platform,2025-08-04,2025-08-04 01:07:00,2025-08-04 01:24:00,193,193,0,17,1.0,1,success,
BATCH-001294,workflow,2025-08-04,2025-08-04 01:08:00,2025-08-04 02:07:00,242,242,0,59,1.0,1,success,
BATCH-001295,workforce,2025-08-04,2025-08-04 01:28:00,2025-08-04 01:44:00,176,176,0,16,1.0,1,success,
BATCH-001296,calendar,2025-08-04,2025-08-04 01:28:00,2025-08-04 02:17:00,148,148,0,49,1.0,1,success,
BATCH-001297,crm,2025-08-05,2025-08-05 01:21:00,2025-08-05 01:39:00,47,47,0,18,1.1,1,success,
BATCH-001298,portal,2025-08-05,2025-08-05 01:28:00,2025-08-05 02:00:00,53,53,0,32,1.0,1,success,
BATCH-001299,chat_platform,2025-08-05,2025-08-05 01:05:00,2025-08-05 01:56:00,145,145,0,51,1.0,1,success,
BATCH-001300,workflow,2025-08-05,2025-08-05 01:24:00,2025-08-05 02:07:00,145,145,0,43,1.0,1,success,
BATCH-001301,workforce,2025-08-05,2025-08-05 01:05:00,2025-08-05 02:02:00,259,259,0,57,1.0,1,success,
BATCH-001302,calendar,2025-08-05,2025-08-05 01:11:00,2025-08-05 01:26:00,150,150,0,15,1.0,1,success,
BATCH-001303,crm,2025-08-06,2025-08-06 01:11:00,2025-08-06 01:54:00,118,118,0,43,1.0,1,success,
BATCH-001304,portal,2025-08-06,2025-08-06 01:10:00,2025-08-06 01:53:00,253,253,0,43,1.0,1,success,
BATCH-001305,chat_platform,2025-08-06,2025-08-06 01:24:00,2025-08-06 01:51:00,135,135,0,27,1.0,1,success,
BATCH-001306,workflow,2025-08-06,2025-08-06 01:17:00,2025-08-06 01:41:00,149,149,0,24,1.0,1,success,
BATCH-001307,workforce,2025-08-06,2025-08-06 01:05:00,2025-08-06 01:40:00,116,116,0,35,1.0,1,success,
BATCH-001308,calendar,2025-08-06,2025-08-06 01:28:00,2025-08-06 01:58:00,189,189,0,30,1.0,1,success,
BATCH-001309,crm,2025-08-07,2025-08-07 01:01:00,2025-08-07 01:50:00,57,57,0,49,1.0,1,success,
BATCH-001310,portal,2025-08-07,2025-08-07 01:17:00,2025-08-07 02:07:00,144,144,0,50,1.0,1,success,
BATCH-001311,chat_platform,2025-08-07,2025-08-07 01:24:00,2025-08-07 01:57:00,185,185,0,33,1.0,1,success,
BATCH-001312,workflow,2025-08-07,2025-08-07 01:18:00,2025-08-07 02:11:00,201,201,0,53,1.0,1,success,
BATCH-001313,workforce,2025-08-07,2025-08-07 01:27:00,2025-08-07 01:53:00,158,158,0,26,1.0,1,success,
BATCH-001314,calendar,2025-08-07,2025-08-07 01:14:00,2025-08-07 01:59:00,160,160,0,45,1.0,1,success,
BATCH-001315,crm,2025-08-08,2025-08-08 01:08:00,2025-08-08 01:24:00,229,229,0,16,1.0,1,success,
BATCH-001316,portal,2025-08-08,2025-08-08 01:27:00,2025-08-08 01:42:00,185,185,0,15,1.0,1,success,
BATCH-001317,chat_platform,2025-08-08,2025-08-08 01:12:00,2025-08-08 01:37:00,78,78,0,25,1.0,1,success,
BATCH-001318,workflow,2025-08-08,2025-08-08 01:04:00,2025-08-08 01:47:00,199,199,0,43,1.0,1,success,
BATCH-001319,workforce,2025-08-08,2025-08-08 01:17:00,2025-08-08 11:00:00,174,0,174,583,1.0,0,failed,SRC_UNAVAILABLE
BATCH-001320,calendar,2025-08-08,2025-08-08 01:22:00,2025-08-08 01:33:00,254,254,0,11,1.1,1,success,
BATCH-001321,crm,2025-08-09,2025-08-09 01:19:00,2025-08-09 01:36:00,95,95,0,17,1.0,1,success,
BATCH-001322,portal,2025-08-09,2025-08-09 01:06:00,2025-08-09 01:53:00,61,61,0,47,1.0,1,success,
BATCH-001323,chat_platform,2025-08-09,2025-08-09 01:02:00,2025-08-09 01:44:00,123,123,0,42,1.0,1,success,
BATCH-001324,workflow,2025-08-09,2025-08-09 01:20:00,2025-08-09 01:48:00,143,143,0,28,2.0,1,success,
BATCH-001325,workforce,2025-08-09,2025-08-09 01:08:00,2025-08-09 01:58:00,175,175,0,50,1.0,1,success,
BATCH-001326,calendar,2025-08-09,2025-08-09 01:19:00,2025-08-09 01:42:00,144,144,0,23,1.0,1,success,
BATCH-001327,crm,2025-08-10,2025-08-10 01:03:00,2025-08-10 01:15:00,107,107,0,12,1.0,1,success,
BATCH-001328,portal,2025-08-10,2025-08-10 01:22:00,2025-08-10 01:52:00,30,30,0,30,1.1,1,success,
BATCH-001329,chat_platform,2025-08-10,2025-08-10 01:22:00,2025-08-10 01:54:00,181,181,0,32,1.0,1,success,
BATCH-001330,workflow,2025-08-10,2025-08-10 01:10:00,2025-08-10 02:09:00,232,232,0,59,1.0,1,success,
BATCH-001331,workforce,2025-08-10,2025-08-10 01:28:00,2025-08-10 02:26:00,32,32,0,58,1.0,1,success,
BATCH-001332,calendar,2025-08-10,2025-08-10 01:03:00,2025-08-10 01:54:00,148,148,0,51,1.0,1,success,
BATCH-001333,crm,2025-08-11,2025-08-11 01:18:00,2025-08-11 02:19:00,70,70,0,61,1.0,1,success,
BATCH-001334,portal,2025-08-11,2025-08-11 01:09:00,2025-08-11 02:10:00,231,231,0,61,1.0,1,success,
BATCH-001335,chat_platform,2025-08-11,2025-08-11 01:11:00,2025-08-11 01:47:00,149,149,0,36,1.1,1,success,
BATCH-001336,workflow,2025-08-11,2025-08-11 01:24:00,2025-08-11 01:52:00,220,220,0,28,1.0,1,success,
BATCH-001337,workforce,2025-08-11,2025-08-11 01:02:00,2025-08-11 04:40:00,132,124,8,218,1.0,1,warning,ROW_REJECTED
BATCH-001338,calendar,2025-08-11,2025-08-11 01:19:00,2025-08-11 01:53:00,145,145,0,34,1.0,1,success,
BATCH-001339,crm,2025-08-12,2025-08-12 01:17:00,2025-08-12 01:28:00,84,84,0,11,1.1,1,success,
BATCH-001340,portal,2025-08-12,2025-08-12 01:03:00,2025-08-12 01:35:00,252,252,0,32,1.0,1,success,
BATCH-001341,chat_platform,2025-08-12,2025-08-12 01:29:00,2025-08-12 01:51:00,258,258,0,22,1.0,1,success,
BATCH-001342,workflow,2025-08-12,2025-08-12 01:02:00,2025-08-12 01:19:00,185,185,0,17,1.0,1,success,
BATCH-001343,workforce,2025-08-12,2025-08-12 01:06:00,2025-08-12 01:40:00,143,143,0,34,1.0,1,success,
BATCH-001344,calendar,2025-08-12,2025-08-12 01:08:00,2025-08-12 01:16:00,91,91,0,8,1.0,1,success,
BATCH-001345,crm,2025-08-13,2025-08-13 01:00:00,2025-08-13 02:54:00,50,47,3,114,1.0,1,warning,LATE_ARRIVAL
BATCH-001346,portal,2025-08-13,2025-08-13 01:23:00,2025-08-13 02:19:00,213,213,0,56,1.0,1,success,
BATCH-001347,chat_platform,2025-08-13,2025-08-13 01:18:00,2025-08-13 01:30:00,178,178,0,12,1.0,1,success,
BATCH-001348,workflow,2025-08-13,2025-08-13 01:29:00,2025-08-13 02:00:00,175,175,0,31,2.0,1,success,
BATCH-001349,workforce,2025-08-13,2025-08-13 01:29:00,2025-08-13 02:29:00,218,218,0,60,1.0,1,success,
BATCH-001350,calendar,2025-08-13,2025-08-13 01:15:00,2025-08-13 01:22:00,222,222,0,7,1.0,1,success,
BATCH-001351,crm,2025-08-14,2025-08-14 01:25:00,2025-08-14 02:17:00,235,235,0,52,1.0,1,success,
BATCH-001352,portal,2025-08-14,2025-08-14 01:15:00,2025-08-14 01:54:00,92,92,0,39,1.0,1,success,
BATCH-001353,chat_platform,2025-08-14,2025-08-14 01:12:00,2025-08-14 02:37:00,187,177,10,85,1.1,1,warning,SCHEMA_DRIFT
BATCH-001354,workflow,2025-08-14,2025-08-14 01:23:00,2025-08-14 01:34:00,240,240,0,11,1.0,1,success,
BATCH-001355,workforce,2025-08-14,2025-08-14 01:07:00,2025-08-14 01:59:00,82,82,0,52,1.0,1,success,
BATCH-001356,calendar,2025-08-14,2025-08-14 01:05:00,2025-08-14 01:37:00,95,95,0,32,1.0,1,success,
BATCH-001357,crm,2025-08-15,2025-08-15 01:15:00,2025-08-15 01:33:00,229,229,0,18,1.0,1,success,
BATCH-001358,portal,2025-08-15,2025-08-15 01:24:00,2025-08-15 01:34:00,231,231,0,10,1.0,1,success,
BATCH-001359,chat_platform,2025-08-15,2025-08-15 01:07:00,2025-08-15 02:04:00,103,103,0,57,1.0,1,success,
BATCH-001360,workflow,2025-08-15,2025-08-15 01:11:00,2025-08-15 02:13:00,108,108,0,62,1.0,1,success,
BATCH-001361,workforce,2025-08-15,2025-08-15 01:07:00,2025-08-15 01:33:00,45,45,0,26,1.0,1,success,
BATCH-001362,calendar,2025-08-15,2025-08-15 01:12:00,2025-08-15 01:27:00,51,51,0,15,1.0,1,success,
BATCH-001363,crm,2025-08-16,2025-08-16 01:29:00,2025-08-16 01:47:00,67,67,0,18,1.1,1,success,
BATCH-001364,portal,2025-08-16,2025-08-16 01:23:00,2025-08-16 01:42:00,89,89,0,19,1.0,1,success,
BATCH-001365,chat_platform,2025-08-16,2025-08-16 01:15:00,2025-08-16 01:22:00,81,81,0,7,1.0,1,success,
BATCH-001366,workflow,2025-08-16,2025-08-16 01:20:00,2025-08-16 01:56:00,163,163,0,36,1.0,1,success,
BATCH-001367,workforce,2025-08-16,2025-08-16 01:15:00,2025-08-16 01:44:00,101,101,0,29,1.0,1,success,
BATCH-001368,calendar,2025-08-16,2025-08-16 01:29:00,2025-08-16 02:06:00,140,140,0,37,1.0,1,success,
BATCH-001369,crm,2025-08-17,2025-08-17 01:21:00,2025-08-17 02:10:00,100,100,0,49,1.0,1,success,
BATCH-001370,portal,2025-08-17,2025-08-17 01:20:00,2025-08-17 01:25:00,103,103,0,5,1.0,1,success,
BATCH-001371,chat_platform,2025-08-17,2025-08-17 01:25:00,2025-08-17 02:06:00,238,238,0,41,1.0,1,success,
BATCH-001372,workflow,2025-08-17,2025-08-17 01:29:00,2025-08-17 02:15:00,148,148,0,46,1.0,1,success,
BATCH-001373,workforce,2025-08-17,2025-08-17 01:21:00,2025-08-17 01:45:00,193,193,0,24,1.0,1,success,
BATCH-001374,calendar,2025-08-17,2025-08-17 01:01:00,2025-08-17 01:36:00,25,25,0,35,1.1,1,success,
BATCH-001375,crm,2025-08-18,2025-08-18 01:01:00,2025-08-18 04:22:00,180,169,11,201,1.0,1,warning,ROW_REJECTED
BATCH-001376,portal,2025-08-18,2025-08-18 01:20:00,2025-08-18 02:10:00,55,55,0,50,2.0,1,success,
BATCH-001377,chat_platform,2025-08-18,2025-08-18 01:01:00,2025-08-18 02:01:00,218,218,0,60,1.0,1,success,
BATCH-001378,workflow,2025-08-18,2025-08-18 01:14:00,2025-08-18 02:09:00,37,37,0,55,1.0,1,success,
BATCH-001379,workforce,2025-08-18,2025-08-18 01:08:00,2025-08-18 01:22:00,120,120,0,14,1.0,1,success,
BATCH-001380,calendar,2025-08-18,2025-08-18 01:24:00,2025-08-18 01:52:00,94,94,0,28,1.0,1,success,
BATCH-001381,crm,2025-08-19,2025-08-19 01:03:00,2025-08-19 01:21:00,258,258,0,18,1.0,1,success,
BATCH-001382,portal,2025-08-19,2025-08-19 01:25:00,2025-08-19 01:37:00,27,27,0,12,1.0,1,success,
BATCH-001383,chat_platform,2025-08-19,2025-08-19 01:20:00,2025-08-19 02:36:00,203,188,15,76,1.0,1,warning,LATE_ARRIVAL
BATCH-001384,workflow,2025-08-19,2025-08-19 01:23:00,2025-08-19 02:23:00,138,138,0,60,1.0,1,success,
BATCH-001385,workforce,2025-08-19,2025-08-19 01:05:00,2025-08-19 01:42:00,109,109,0,37,1.0,1,success,
BATCH-001386,calendar,2025-08-19,2025-08-19 01:16:00,2025-08-19 01:46:00,248,248,0,30,1.0,1,success,
BATCH-001387,crm,2025-08-20,2025-08-20 01:19:00,2025-08-20 01:42:00,128,128,0,23,1.0,1,success,
BATCH-001388,portal,2025-08-20,2025-08-20 01:02:00,2025-08-20 04:44:00,107,0,107,222,1.0,0,failed,SRC_UNAVAILABLE
BATCH-001389,chat_platform,2025-08-20,2025-08-20 01:20:00,2025-08-20 01:35:00,77,77,0,15,1.1,1,success,
BATCH-001390,workflow,2025-08-20,2025-08-20 01:23:00,2025-08-20 02:02:00,152,152,0,39,1.0,1,success,
BATCH-001391,workforce,2025-08-20,2025-08-20 01:24:00,2025-08-20 01:47:00,92,92,0,23,1.0,1,success,
BATCH-001392,calendar,2025-08-20,2025-08-20 01:14:00,2025-08-20 02:00:00,128,128,0,46,1.0,1,success,
BATCH-001393,crm,2025-08-21,2025-08-21 01:05:00,2025-08-21 02:02:00,204,204,0,57,1.0,1,success,
BATCH-001394,portal,2025-08-21,2025-08-21 01:03:00,2025-08-21 01:58:00,233,233,0,55,1.0,1,success,
BATCH-001395,chat_platform,2025-08-21,2025-08-21 01:01:00,2025-08-21 01:11:00,186,186,0,10,1.0,1,success,
BATCH-001396,workflow,2025-08-21,2025-08-21 01:15:00,2025-08-21 02:02:00,123,123,0,47,1.0,1,success,
BATCH-001397,workforce,2025-08-21,2025-08-21 01:05:00,2025-08-21 02:00:00,81,81,0,55,1.0,1,success,
BATCH-001398,calendar,2025-08-21,2025-08-21 01:18:00,2025-08-21 01:29:00,40,40,0,11,1.0,1,success,
BATCH-001399,crm,2025-08-22,2025-08-22 01:29:00,2025-08-22 02:00:00,120,120,0,31,1.0,1,success,
BATCH-001400,portal,2025-08-22,2025-08-22 01:28:00,2025-08-22 02:05:00,121,121,0,37,1.0,1,success,
BATCH-001401,chat_platform,2025-08-22,2025-08-22 01:16:00,2025-08-22 02:00:00,63,63,0,44,1.0,1,success,
BATCH-001402,workflow,2025-08-22,2025-08-22 01:10:00,2025-08-22 02:48:00,121,118,3,98,1.0,1,warning,SCHEMA_DRIFT
BATCH-001403,workforce,2025-08-22,2025-08-22 01:10:00,2025-08-22 02:14:00,165,165,0,64,1.0,1,success,
BATCH-001404,calendar,2025-08-22,2025-08-22 01:06:00,2025-08-22 01:27:00,185,185,0,21,1.0,1,success,
BATCH-001405,crm,2025-08-23,2025-08-23 01:04:00,2025-08-23 01:52:00,205,205,0,48,2.0,1,success,
BATCH-001406,portal,2025-08-23,2025-08-23 01:20:00,2025-08-23 01:38:00,119,119,0,18,2.0,1,success,
BATCH-001407,chat_platform,2025-08-23,2025-08-23 01:04:00,2025-08-23 04:34:00,53,50,3,210,1.0,1,warning,LATE_ARRIVAL
BATCH-001408,workflow,2025-08-23,2025-08-23 01:07:00,2025-08-23 01:47:00,226,226,0,40,1.0,1,success,
BATCH-001409,workforce,2025-08-23,2025-08-23 01:18:00,2025-08-23 02:18:00,103,103,0,60,1.0,1,success,
BATCH-001410,calendar,2025-08-23,2025-08-23 01:05:00,2025-08-23 02:03:00,124,124,0,58,1.0,1,success,
BATCH-001411,crm,2025-08-24,2025-08-24 01:18:00,2025-08-24 01:59:00,155,155,0,41,1.0,1,success,
BATCH-001412,portal,2025-08-24,2025-08-24 01:15:00,2025-08-24 01:48:00,233,233,0,33,1.0,1,success,
BATCH-001413,chat_platform,2025-08-24,2025-08-24 01:24:00,2025-08-24 01:45:00,112,112,0,21,1.0,1,success,
BATCH-001414,workflow,2025-08-24,2025-08-24 01:28:00,2025-08-24 04:11:00,144,136,8,163,1.0,1,warning,LATE_ARRIVAL
BATCH-001415,workforce,2025-08-24,2025-08-24 01:09:00,2025-08-24 02:08:00,174,174,0,59,1.0,1,success,
BATCH-001416,calendar,2025-08-24,2025-08-24 01:29:00,2025-08-24 02:04:00,75,75,0,35,1.1,1,success,
BATCH-001417,crm,2025-08-25,2025-08-25 01:14:00,2025-08-25 02:02:00,198,198,0,48,1.0,1,success,
BATCH-001418,portal,2025-08-25,2025-08-25 01:01:00,2025-08-25 01:19:00,37,37,0,18,1.0,1,success,
BATCH-001419,chat_platform,2025-08-25,2025-08-25 01:23:00,2025-08-25 01:45:00,176,176,0,22,1.0,1,success,
BATCH-001420,workflow,2025-08-25,2025-08-25 01:17:00,2025-08-25 01:46:00,241,241,0,29,1.0,1,success,
BATCH-001421,workforce,2025-08-25,2025-08-25 01:14:00,2025-08-25 02:00:00,254,254,0,46,1.0,1,success,
BATCH-001422,calendar,2025-08-25,2025-08-25 01:15:00,2025-08-25 01:42:00,148,148,0,27,1.0,1,success,
BATCH-001423,crm,2025-08-26,2025-08-26 01:07:00,2025-08-26 02:02:00,145,145,0,55,1.0,1,success,
BATCH-001424,portal,2025-08-26,2025-08-26 01:04:00,2025-08-26 02:03:00,198,198,0,59,1.0,1,success,
BATCH-001425,chat_platform,2025-08-26,2025-08-26 01:11:00,2025-08-26 02:12:00,117,117,0,61,2.0,1,success,
BATCH-001426,workflow,2025-08-26,2025-08-26 01:28:00,2025-08-26 02:28:00,101,101,0,60,1.0,1,success,
BATCH-001427,workforce,2025-08-26,2025-08-26 01:12:00,2025-08-26 01:32:00,228,228,0,20,1.0,1,success,
BATCH-001428,calendar,2025-08-26,2025-08-26 01:21:00,2025-08-26 01:40:00,75,75,0,19,1.0,1,success,
BATCH-001429,crm,2025-08-27,2025-08-27 01:08:00,2025-08-27 04:48:00,248,237,11,220,1.0,1,warning,SCHEMA_DRIFT
BATCH-001430,portal,2025-08-27,2025-08-27 01:24:00,2025-08-27 02:11:00,150,150,0,47,1.0,1,success,
BATCH-001431,chat_platform,2025-08-27,2025-08-27 01:08:00,2025-08-27 02:08:00,166,166,0,60,1.0,1,success,
BATCH-001432,workflow,2025-08-27,2025-08-27 01:15:00,2025-08-27 02:00:00,171,171,0,45,1.0,1,success,
BATCH-001433,workforce,2025-08-27,2025-08-27 01:12:00,2025-08-27 01:23:00,66,66,0,11,1.0,1,success,
BATCH-001434,calendar,2025-08-27,2025-08-27 01:27:00,2025-08-27 01:49:00,77,77,0,22,1.0,1,success,
BATCH-001435,crm,2025-08-28,2025-08-28 01:16:00,2025-08-28 01:32:00,26,26,0,16,1.0,1,success,
BATCH-001436,portal,2025-08-28,2025-08-28 01:18:00,2025-08-28 01:29:00,68,68,0,11,1.0,1,success,
BATCH-001437,chat_platform,2025-08-28,2025-08-28 01:02:00,2025-08-28 01:07:00,117,117,0,5,1.1,1,success,
BATCH-001438,workflow,2025-08-28,2025-08-28 01:16:00,2025-08-28 01:42:00,37,37,0,26,1.0,1,success,
BATCH-001439,workforce,2025-08-28,2025-08-28 01:21:00,2025-08-28 02:02:00,173,173,0,41,1.0,1,success,
BATCH-001440,calendar,2025-08-28,2025-08-28 01:28:00,2025-08-28 01:53:00,140,140,0,25,1.1,1,success,
BATCH-001441,crm,2025-08-29,2025-08-29 01:20:00,2025-08-29 01:57:00,63,63,0,37,1.1,1,success,
BATCH-001442,portal,2025-08-29,2025-08-29 01:09:00,2025-08-29 01:34:00,49,49,0,25,1.0,1,success,
BATCH-001443,chat_platform,2025-08-29,2025-08-29 01:25:00,2025-08-29 02:13:00,223,223,0,48,1.0,1,success,
BATCH-001444,workflow,2025-08-29,2025-08-29 01:14:00,2025-08-29 04:59:00,155,150,5,225,1.0,1,warning,ROW_REJECTED
BATCH-001445,workforce,2025-08-29,2025-08-29 01:28:00,2025-08-29 01:56:00,74,74,0,28,1.0,1,success,
BATCH-001446,calendar,2025-08-29,2025-08-29 01:02:00,2025-08-29 01:11:00,55,55,0,9,1.0,1,success,
BATCH-001447,crm,2025-08-30,2025-08-30 01:01:00,2025-08-30 01:49:00,33,33,0,48,1.0,1,success,
BATCH-001448,portal,2025-08-30,2025-08-30 01:00:00,2025-08-30 01:31:00,42,42,0,31,1.0,1,success,
BATCH-001449,chat_platform,2025-08-30,2025-08-30 01:01:00,2025-08-30 02:00:00,155,155,0,59,1.0,1,success,
BATCH-001450,workflow,2025-08-30,2025-08-30 01:02:00,2025-08-30 02:06:00,63,63,0,64,1.0,1,success,
BATCH-001451,workforce,2025-08-30,2025-08-30 01:04:00,2025-08-30 01:54:00,228,228,0,50,1.0,1,success,
BATCH-001452,calendar,2025-08-30,2025-08-30 01:24:00,2025-08-30 02:17:00,77,77,0,53,1.0,1,success,
BATCH-001453,crm,2025-08-31,2025-08-31 01:12:00,2025-08-31 04:13:00,61,60,1,181,1.0,0,warning,SCHEMA_DRIFT
BATCH-001454,portal,2025-08-31,2025-08-31 01:10:00,2025-08-31 01:50:00,191,191,0,40,1.0,1,success,
BATCH-001455,chat_platform,2025-08-31,2025-08-31 01:01:00,2025-08-31 01:25:00,245,245,0,24,1.0,1,success,
BATCH-001456,workflow,2025-08-31,2025-08-31 01:00:00,2025-08-31 03:28:00,49,47,2,148,1.1,1,warning,LATE_ARRIVAL
BATCH-001457,workforce,2025-08-31,2025-08-31 01:13:00,2025-08-31 01:59:00,43,43,0,46,1.0,1,success,
BATCH-001458,calendar,2025-08-31,2025-08-31 01:11:00,2025-08-31 01:21:00,183,183,0,10,1.1,1,success,
BATCH-001459,crm,2025-09-01,2025-09-01 01:08:00,2025-09-01 01:35:00,27,27,0,27,1.0,1,success,
BATCH-001460,portal,2025-09-01,2025-09-01 01:27:00,2025-09-01 02:00:00,197,197,0,33,1.0,1,success,
BATCH-001461,chat_platform,2025-09-01,2025-09-01 01:12:00,2025-09-01 01:22:00,238,238,0,10,1.0,1,success,
BATCH-001462,workflow,2025-09-01,2025-09-01 01:17:00,2025-09-01 01:36:00,259,259,0,19,1.0,1,success,
BATCH-001463,workforce,2025-09-01,2025-09-01 01:26:00,2025-09-01 02:13:00,187,187,0,47,1.0,1,success,
BATCH-001464,calendar,2025-09-01,2025-09-01 01:05:00,2025-09-01 01:36:00,63,63,0,31,1.0,1,success,
BATCH-001465,crm,2025-09-02,2025-09-02 01:29:00,2025-09-02 01:35:00,70,70,0,6,1.0,1,success,
BATCH-001466,portal,2025-09-02,2025-09-02 01:28:00,2025-09-02 02:30:00,208,208,0,62,2.0,1,success,
BATCH-001467,chat_platform,2025-09-02,2025-09-02 01:18:00,2025-09-02 01:45:00,218,218,0,27,1.0,1,success,
BATCH-001468,workflow,2025-09-02,2025-09-02 01:27:00,2025-09-02 02:29:00,108,108,0,62,1.0,1,success,
BATCH-001469,workforce,2025-09-02,2025-09-02 01:13:00,2025-09-02 01:46:00,68,68,0,33,1.0,1,success,
BATCH-001470,calendar,2025-09-02,2025-09-02 01:08:00,2025-09-02 01:20:00,117,117,0,12,1.0,1,success,
BATCH-001471,crm,2025-09-03,2025-09-03 01:25:00,2025-09-03 02:13:00,174,174,0,48,1.0,1,success,
BATCH-001472,portal,2025-09-03,2025-09-03 01:21:00,2025-09-03 02:23:00,132,132,0,62,1.0,1,success,
BATCH-001473,chat_platform,2025-09-03,2025-09-03 01:18:00,2025-09-03 02:09:00,213,213,0,51,1.0,1,success,
BATCH-001474,workflow,2025-09-03,2025-09-03 01:21:00,2025-09-03 01:42:00,191,191,0,21,1.1,1,success,
BATCH-001475,workforce,2025-09-03,2025-09-03 01:04:00,2025-09-03 01:16:00,244,244,0,12,1.0,1,success,
BATCH-001476,calendar,2025-09-03,2025-09-03 01:04:00,2025-09-03 02:06:00,209,209,0,62,1.1,1,success,
BATCH-001477,crm,2025-09-04,2025-09-04 01:07:00,2025-09-04 02:07:00,238,238,0,60,1.0,1,success,
BATCH-001478,portal,2025-09-04,2025-09-04 01:09:00,2025-09-04 01:46:00,216,216,0,37,1.0,1,success,
BATCH-001479,chat_platform,2025-09-04,2025-09-04 01:17:00,2025-09-04 01:39:00,101,101,0,22,1.0,1,success,
BATCH-001480,workflow,2025-09-04,2025-09-04 01:07:00,2025-09-04 01:47:00,141,141,0,40,1.0,1,success,
BATCH-001481,workforce,2025-09-04,2025-09-04 01:25:00,2025-09-04 01:56:00,124,124,0,31,1.1,1,success,
BATCH-001482,calendar,2025-09-04,2025-09-04 01:11:00,2025-09-04 01:19:00,34,34,0,8,1.0,1,success,
BATCH-001483,crm,2025-09-05,2025-09-05 01:17:00,2025-09-05 01:53:00,55,55,0,36,1.0,1,success,
BATCH-001484,portal,2025-09-05,2025-09-05 01:14:00,2025-09-05 01:20:00,210,210,0,6,1.0,1,success,
BATCH-001485,chat_platform,2025-09-05,2025-09-05 01:11:00,2025-09-05 01:48:00,235,235,0,37,1.0,1,success,
BATCH-001486,workflow,2025-09-05,2025-09-05 01:28:00,2025-09-05 01:36:00,28,28,0,8,1.0,1,success,
BATCH-001487,workforce,2025-09-05,2025-09-05 01:24:00,2025-09-05 01:53:00,167,167,0,29,1.0,1,success,
BATCH-001488,calendar,2025-09-05,2025-09-05 01:16:00,2025-09-05 02:15:00,256,256,0,59,1.0,1,success,
BATCH-001489,crm,2025-09-06,2025-09-06 01:26:00,2025-09-06 01:53:00,124,124,0,27,1.0,1,success,
BATCH-001490,portal,2025-09-06,2025-09-06 01:13:00,2025-09-06 01:42:00,141,141,0,29,1.0,1,success,
BATCH-001491,chat_platform,2025-09-06,2025-09-06 01:26:00,2025-09-06 01:32:00,76,76,0,6,1.0,1,success,
BATCH-001492,workflow,2025-09-06,2025-09-06 01:29:00,2025-09-06 02:33:00,35,35,0,64,1.1,1,success,
BATCH-001493,workforce,2025-09-06,2025-09-06 01:13:00,2025-09-06 01:48:00,32,32,0,35,1.0,1,success,
BATCH-001494,calendar,2025-09-06,2025-09-06 01:12:00,2025-09-06 01:28:00,74,74,0,16,1.0,1,success,
BATCH-001495,crm,2025-09-07,2025-09-07 01:28:00,2025-09-07 02:28:00,234,234,0,60,1.0,1,success,
BATCH-001496,portal,2025-09-07,2025-09-07 01:20:00,2025-09-07 02:09:00,36,36,0,49,1.0,1,success,
BATCH-001497,chat_platform,2025-09-07,2025-09-07 01:19:00,2025-09-07 01:36:00,219,219,0,17,1.1,1,success,
BATCH-001498,workflow,2025-09-07,2025-09-07 01:18:00,2025-09-07 04:44:00,246,239,7,206,2.0,1,warning,LATE_ARRIVAL
BATCH-001499,workforce,2025-09-07,2025-09-07 01:28:00,2025-09-07 03:15:00,61,58,3,107,1.0,1,warning,SCHEMA_DRIFT
BATCH-001500,calendar,2025-09-07,2025-09-07 01:23:00,2025-09-07 07:59:00,221,0,221,396,1.0,0,failed,SRC_UNAVAILABLE
BATCH-001501,crm,2025-09-08,2025-09-08 01:08:00,2025-09-08 02:09:00,118,118,0,61,1.0,1,success,
BATCH-001502,portal,2025-09-08,2025-09-08 01:18:00,2025-09-08 01:49:00,227,227,0,31,1.0,1,success,
BATCH-001503,chat_platform,2025-09-08,2025-09-08 01:24:00,2025-09-08 01:36:00,157,157,0,12,1.1,1,success,
BATCH-001504,workflow,2025-09-08,2025-09-08 01:00:00,2025-09-08 02:03:00,182,182,0,63,1.0,1,success,
BATCH-001505,workforce,2025-09-08,2025-09-08 01:09:00,2025-09-08 01:29:00,75,75,0,20,1.0,1,success,
BATCH-001506,calendar,2025-09-08,2025-09-08 01:20:00,2025-09-08 02:23:00,146,146,0,63,1.0,1,success,
BATCH-001507,crm,2025-09-09,2025-09-09 01:15:00,2025-09-09 01:53:00,96,96,0,38,1.0,1,success,
BATCH-001508,portal,2025-09-09,2025-09-09 01:27:00,2025-09-09 02:01:00,92,92,0,34,1.0,1,success,
BATCH-001509,chat_platform,2025-09-09,2025-09-09 01:23:00,2025-09-09 01:48:00,138,138,0,25,1.0,1,success,
BATCH-001510,workflow,2025-09-09,2025-09-09 01:04:00,2025-09-09 02:06:00,65,65,0,62,1.0,1,success,
BATCH-001511,workforce,2025-09-09,2025-09-09 01:20:00,2025-09-09 01:32:00,180,180,0,12,1.0,1,success,
BATCH-001512,calendar,2025-09-09,2025-09-09 01:08:00,2025-09-09 02:05:00,177,177,0,57,1.1,1,success,
BATCH-001513,crm,2025-09-10,2025-09-10 01:10:00,2025-09-10 01:35:00,79,79,0,25,1.0,1,success,
BATCH-001514,portal,2025-09-10,2025-09-10 01:07:00,2025-09-10 01:24:00,174,174,0,17,1.1,1,success,
BATCH-001515,chat_platform,2025-09-10,2025-09-10 01:01:00,2025-09-10 01:34:00,127,127,0,33,1.0,1,success,
BATCH-001516,workflow,2025-09-10,2025-09-10 01:10:00,2025-09-10 02:10:00,50,50,0,60,1.0,1,success,
BATCH-001517,workforce,2025-09-10,2025-09-10 01:06:00,2025-09-10 01:20:00,129,129,0,14,1.0,1,success,
BATCH-001518,calendar,2025-09-10,2025-09-10 01:07:00,2025-09-10 01:20:00,57,57,0,13,1.0,1,success,
BATCH-001519,crm,2025-09-11,2025-09-11 01:04:00,2025-09-11 02:01:00,229,229,0,57,1.0,1,success,
BATCH-001520,portal,2025-09-11,2025-09-11 01:25:00,2025-09-11 02:25:00,86,86,0,60,1.0,1,success,
BATCH-001521,chat_platform,2025-09-11,2025-09-11 01:29:00,2025-09-11 02:17:00,247,247,0,48,1.1,1,success,
BATCH-001522,workflow,2025-09-11,2025-09-11 01:12:00,2025-09-11 01:39:00,68,68,0,27,1.0,1,success,
BATCH-001523,workforce,2025-09-11,2025-09-11 01:05:00,2025-09-11 01:14:00,123,123,0,9,1.0,1,success,
BATCH-001524,calendar,2025-09-11,2025-09-11 01:18:00,2025-09-11 01:24:00,112,112,0,6,1.0,1,success,
BATCH-001525,crm,2025-09-12,2025-09-12 01:25:00,2025-09-12 02:05:00,218,218,0,40,1.0,1,success,
BATCH-001526,portal,2025-09-12,2025-09-12 01:10:00,2025-09-12 01:37:00,86,86,0,27,1.0,1,success,
BATCH-001527,chat_platform,2025-09-12,2025-09-12 01:16:00,2025-09-12 01:24:00,31,31,0,8,1.0,1,success,
BATCH-001528,workflow,2025-09-12,2025-09-12 01:22:00,2025-09-12 02:08:00,254,254,0,46,1.0,1,success,
BATCH-001529,workforce,2025-09-12,2025-09-12 01:20:00,2025-09-12 01:58:00,43,43,0,38,1.0,1,success,
BATCH-001530,calendar,2025-09-12,2025-09-12 01:07:00,2025-09-12 01:56:00,234,234,0,49,1.0,1,success,
BATCH-001531,crm,2025-09-13,2025-09-13 01:06:00,2025-09-13 02:10:00,173,173,0,64,1.1,1,success,
BATCH-001532,portal,2025-09-13,2025-09-13 01:00:00,2025-09-13 01:24:00,184,184,0,24,1.0,1,success,
BATCH-001533,chat_platform,2025-09-13,2025-09-13 01:09:00,2025-09-13 01:58:00,37,37,0,49,1.0,1,success,
BATCH-001534,workflow,2025-09-13,2025-09-13 01:00:00,2025-09-13 01:43:00,43,43,0,43,1.0,1,success,
BATCH-001535,workforce,2025-09-13,2025-09-13 01:20:00,2025-09-13 01:37:00,49,49,0,17,1.0,1,success,
BATCH-001536,calendar,2025-09-13,2025-09-13 01:15:00,2025-09-13 02:09:00,175,175,0,54,1.0,1,success,
BATCH-001537,crm,2025-09-14,2025-09-14 01:07:00,2025-09-14 01:39:00,117,117,0,32,1.0,1,success,
BATCH-001538,portal,2025-09-14,2025-09-14 01:29:00,2025-09-14 01:40:00,214,214,0,11,1.0,1,success,
BATCH-001539,chat_platform,2025-09-14,2025-09-14 01:05:00,2025-09-14 02:03:00,217,217,0,58,1.1,1,success,
BATCH-001540,workflow,2025-09-14,2025-09-14 01:11:00,2025-09-14 03:21:00,230,218,12,130,1.0,1,warning,ROW_REJECTED
BATCH-001541,workforce,2025-09-14,2025-09-14 01:26:00,2025-09-14 01:42:00,92,92,0,16,1.1,1,success,
BATCH-001542,calendar,2025-09-14,2025-09-14 01:13:00,2025-09-14 01:57:00,101,101,0,44,1.0,1,success,
BATCH-001543,crm,2025-09-15,2025-09-15 01:25:00,2025-09-15 02:23:00,168,168,0,58,1.1,1,success,
BATCH-001544,portal,2025-09-15,2025-09-15 01:24:00,2025-09-15 01:37:00,25,25,0,13,1.1,1,success,
BATCH-001545,chat_platform,2025-09-15,2025-09-15 01:10:00,2025-09-15 02:03:00,58,58,0,53,1.0,1,success,
BATCH-001546,workflow,2025-09-15,2025-09-15 01:11:00,2025-09-15 02:10:00,256,256,0,59,1.0,1,success,
BATCH-001547,workforce,2025-09-15,2025-09-15 01:28:00,2025-09-15 02:25:00,216,216,0,57,1.0,1,success,
BATCH-001548,calendar,2025-09-15,2025-09-15 01:02:00,2025-09-15 01:09:00,235,235,0,7,1.0,1,success,
BATCH-001549,crm,2025-09-16,2025-09-16 01:13:00,2025-09-16 02:08:00,92,92,0,55,1.0,1,success,
BATCH-001550,portal,2025-09-16,2025-09-16 01:29:00,2025-09-16 01:58:00,167,167,0,29,1.1,1,success,
BATCH-001551,chat_platform,2025-09-16,2025-09-16 01:23:00,2025-09-16 01:51:00,83,83,0,28,1.0,1,success,
BATCH-001552,workflow,2025-09-16,2025-09-16 01:04:00,2025-09-16 04:01:00,190,184,6,177,1.1,1,warning,ROW_REJECTED
BATCH-001553,workforce,2025-09-16,2025-09-16 01:17:00,2025-09-16 03:44:00,56,53,3,147,1.0,1,warning,SCHEMA_DRIFT
BATCH-001554,calendar,2025-09-16,2025-09-16 01:06:00,2025-09-16 01:27:00,25,25,0,21,1.0,1,success,
BATCH-001555,crm,2025-09-17,2025-09-17 01:08:00,2025-09-17 01:34:00,249,249,0,26,1.0,1,success,
BATCH-001556,portal,2025-09-17,2025-09-17 01:03:00,2025-09-17 01:43:00,176,176,0,40,1.0,1,success,
BATCH-001557,chat_platform,2025-09-17,2025-09-17 01:13:00,2025-09-17 01:41:00,51,51,0,28,1.1,1,success,
BATCH-001558,workflow,2025-09-17,2025-09-17 01:25:00,2025-09-17 01:35:00,258,258,0,10,1.0,1,success,
BATCH-001559,workforce,2025-09-17,2025-09-17 01:23:00,2025-09-17 05:05:00,103,97,6,222,1.0,0,warning,LATE_ARRIVAL
BATCH-001560,calendar,2025-09-17,2025-09-17 01:24:00,2025-09-17 01:56:00,112,112,0,32,2.0,1,success,
BATCH-001561,crm,2025-09-18,2025-09-18 01:25:00,2025-09-18 02:07:00,33,33,0,42,1.1,1,success,
BATCH-001562,portal,2025-09-18,2025-09-18 01:10:00,2025-09-18 02:04:00,194,194,0,54,1.0,1,success,
BATCH-001563,chat_platform,2025-09-18,2025-09-18 01:11:00,2025-09-18 01:34:00,27,27,0,23,1.0,1,success,
BATCH-001564,workflow,2025-09-18,2025-09-18 01:08:00,2025-09-18 01:37:00,29,29,0,29,1.0,1,success,
BATCH-001565,workforce,2025-09-18,2025-09-18 01:06:00,2025-09-18 01:42:00,208,208,0,36,1.0,1,success,
BATCH-001566,calendar,2025-09-18,2025-09-18 01:22:00,2025-09-18 02:24:00,179,179,0,62,1.0,1,success,
BATCH-001567,crm,2025-09-19,2025-09-19 01:18:00,2025-09-19 02:10:00,116,116,0,52,1.1,1,success,
BATCH-001568,portal,2025-09-19,2025-09-19 01:00:00,2025-09-19 01:36:00,229,229,0,36,2.0,1,success,
BATCH-001569,chat_platform,2025-09-19,2025-09-19 01:07:00,2025-09-19 01:17:00,27,27,0,10,1.0,1,success,
BATCH-001570,workflow,2025-09-19,2025-09-19 01:09:00,2025-09-19 01:21:00,84,84,0,12,1.0,1,success,
BATCH-001571,workforce,2025-09-19,2025-09-19 01:13:00,2025-09-19 01:31:00,221,221,0,18,1.0,1,success,
BATCH-001572,calendar,2025-09-19,2025-09-19 01:17:00,2025-09-19 04:00:00,178,176,2,163,1.0,0,warning,ROW_REJECTED
BATCH-001573,crm,2025-09-20,2025-09-20 01:23:00,2025-09-20 01:54:00,34,34,0,31,1.0,1,success,
BATCH-001574,portal,2025-09-20,2025-09-20 01:19:00,2025-09-20 02:05:00,103,103,0,46,1.0,1,success,
BATCH-001575,chat_platform,2025-09-20,2025-09-20 01:10:00,2025-09-20 01:52:00,243,243,0,42,1.0,1,success,
BATCH-001576,workflow,2025-09-20,2025-09-20 01:07:00,2025-09-20 04:19:00,187,184,3,192,1.0,0,warning,LATE_ARRIVAL
BATCH-001577,workforce,2025-09-20,2025-09-20 01:13:00,2025-09-20 01:55:00,42,42,0,42,1.1,1,success,
BATCH-001578,calendar,2025-09-20,2025-09-20 01:19:00,2025-09-20 01:52:00,42,42,0,33,1.0,1,success,
BATCH-001579,crm,2025-09-21,2025-09-21 01:10:00,2025-09-21 01:45:00,89,89,0,35,1.0,1,success,
BATCH-001580,portal,2025-09-21,2025-09-21 01:24:00,2025-09-21 01:55:00,255,255,0,31,1.0,1,success,
BATCH-001581,chat_platform,2025-09-21,2025-09-21 01:28:00,2025-09-21 01:33:00,104,104,0,5,1.0,1,success,
BATCH-001582,workflow,2025-09-21,2025-09-21 01:10:00,2025-09-21 01:36:00,116,116,0,26,1.0,1,success,
BATCH-001583,workforce,2025-09-21,2025-09-21 01:25:00,2025-09-21 02:29:00,250,250,0,64,1.0,1,success,
BATCH-001584,calendar,2025-09-21,2025-09-21 01:16:00,2025-09-21 01:52:00,112,112,0,36,1.0,1,success,
BATCH-001585,crm,2025-09-22,2025-09-22 01:24:00,2025-09-22 02:23:00,182,182,0,59,1.0,1,success,
BATCH-001586,portal,2025-09-22,2025-09-22 01:15:00,2025-09-22 01:59:00,238,238,0,44,1.0,1,success,
BATCH-001587,chat_platform,2025-09-22,2025-09-22 01:14:00,2025-09-22 01:34:00,253,253,0,20,1.0,1,success,
BATCH-001588,workflow,2025-09-22,2025-09-22 01:07:00,2025-09-22 01:24:00,203,203,0,17,1.0,1,success,
BATCH-001589,workforce,2025-09-22,2025-09-22 01:00:00,2025-09-22 01:47:00,256,256,0,47,1.0,1,success,
BATCH-001590,calendar,2025-09-22,2025-09-22 01:04:00,2025-09-22 01:09:00,173,173,0,5,1.1,1,success,
BATCH-001591,crm,2025-09-23,2025-09-23 01:03:00,2025-09-23 01:34:00,246,246,0,31,1.0,1,success,
BATCH-001592,portal,2025-09-23,2025-09-23 01:28:00,2025-09-23 02:05:00,157,157,0,37,1.0,1,success,
BATCH-001593,chat_platform,2025-09-23,2025-09-23 01:21:00,2025-09-23 02:35:00,160,149,11,74,1.1,1,warning,SCHEMA_DRIFT
BATCH-001594,workflow,2025-09-23,2025-09-23 01:29:00,2025-09-23 01:38:00,193,193,0,9,1.0,1,success,
BATCH-001595,workforce,2025-09-23,2025-09-23 01:09:00,2025-09-23 02:00:00,64,64,0,51,1.0,1,success,
BATCH-001596,calendar,2025-09-23,2025-09-23 01:01:00,2025-09-23 01:30:00,130,130,0,29,1.0,1,success,
BATCH-001597,crm,2025-09-24,2025-09-24 01:16:00,2025-09-24 04:56:00,238,235,3,220,2.0,0,warning,LATE_ARRIVAL
BATCH-001598,portal,2025-09-24,2025-09-24 01:18:00,2025-09-24 01:28:00,98,98,0,10,1.0,1,success,
BATCH-001599,chat_platform,2025-09-24,2025-09-24 01:16:00,2025-09-24 01:22:00,164,164,0,6,1.0,1,success,
BATCH-001600,workflow,2025-09-24,2025-09-24 01:16:00,2025-09-24 02:18:00,226,226,0,62,1.0,1,success,
BATCH-001601,workforce,2025-09-24,2025-09-24 01:12:00,2025-09-24 01:50:00,66,66,0,38,1.0,1,success,
BATCH-001602,calendar,2025-09-24,2025-09-24 01:21:00,2025-09-24 02:07:00,149,149,0,46,1.0,1,success,
BATCH-001603,crm,2025-09-25,2025-09-25 01:21:00,2025-09-25 01:48:00,243,243,0,27,1.0,1,success,
BATCH-001604,portal,2025-09-25,2025-09-25 01:14:00,2025-09-25 01:55:00,148,148,0,41,1.0,1,success,
BATCH-001605,chat_platform,2025-09-25,2025-09-25 01:03:00,2025-09-25 01:37:00,102,102,0,34,1.0,1,success,
BATCH-001606,workflow,2025-09-25,2025-09-25 01:07:00,2025-09-25 02:01:00,162,162,0,54,1.0,1,success,
BATCH-001607,workforce,2025-09-25,2025-09-25 01:14:00,2025-09-25 02:02:00,95,95,0,48,1.0,1,success,
BATCH-001608,calendar,2025-09-25,2025-09-25 01:07:00,2025-09-25 09:38:00,25,0,25,511,1.0,0,failed,SRC_UNAVAILABLE
BATCH-001609,crm,2025-09-26,2025-09-26 01:15:00,2025-09-26 01:43:00,170,170,0,28,1.0,1,success,
BATCH-001610,portal,2025-09-26,2025-09-26 01:08:00,2025-09-26 01:23:00,49,49,0,15,1.0,1,success,
BATCH-001611,chat_platform,2025-09-26,2025-09-26 01:26:00,2025-09-26 02:27:00,31,31,0,61,1.0,1,success,
BATCH-001612,workflow,2025-09-26,2025-09-26 01:17:00,2025-09-26 02:16:00,215,215,0,59,1.0,1,success,
BATCH-001613,workforce,2025-09-26,2025-09-26 01:05:00,2025-09-26 01:38:00,218,218,0,33,1.0,1,success,
BATCH-001614,calendar,2025-09-26,2025-09-26 01:03:00,2025-09-26 01:29:00,64,64,0,26,1.0,1,success,
BATCH-001615,crm,2025-09-27,2025-09-27 01:22:00,2025-09-27 06:12:00,233,0,233,290,1.0,0,failed,SRC_UNAVAILABLE
BATCH-001616,portal,2025-09-27,2025-09-27 01:17:00,2025-09-27 02:13:00,249,249,0,56,1.0,1,success,
BATCH-001617,chat_platform,2025-09-27,2025-09-27 01:13:00,2025-09-27 01:25:00,163,163,0,12,1.0,1,success,
BATCH-001618,workflow,2025-09-27,2025-09-27 01:18:00,2025-09-27 02:02:00,234,234,0,44,1.0,1,success,
BATCH-001619,workforce,2025-09-27,2025-09-27 01:01:00,2025-09-27 01:45:00,233,233,0,44,1.0,1,success,
BATCH-001620,calendar,2025-09-27,2025-09-27 01:26:00,2025-09-27 02:09:00,156,156,0,43,1.1,1,success,
BATCH-001621,crm,2025-09-28,2025-09-28 01:18:00,2025-09-28 01:42:00,258,258,0,24,1.0,1,success,
BATCH-001622,portal,2025-09-28,2025-09-28 01:27:00,2025-09-28 02:05:00,144,144,0,38,1.0,1,success,
BATCH-001623,chat_platform,2025-09-28,2025-09-28 01:24:00,2025-09-28 02:16:00,55,55,0,52,1.0,1,success,
BATCH-001624,workflow,2025-09-28,2025-09-28 01:14:00,2025-09-28 04:34:00,27,26,1,200,1.1,1,warning,LATE_ARRIVAL
BATCH-001625,workforce,2025-09-28,2025-09-28 01:22:00,2025-09-28 02:14:00,91,91,0,52,1.0,1,success,
BATCH-001626,calendar,2025-09-28,2025-09-28 01:15:00,2025-09-28 01:30:00,152,152,0,15,1.0,1,success,
BATCH-001627,crm,2025-09-29,2025-09-29 01:09:00,2025-09-29 02:05:00,60,60,0,56,1.0,1,success,
BATCH-001628,portal,2025-09-29,2025-09-29 01:19:00,2025-09-29 02:00:00,183,183,0,41,1.0,1,success,
BATCH-001629,chat_platform,2025-09-29,2025-09-29 01:13:00,2025-09-29 01:41:00,67,67,0,28,1.1,1,success,
BATCH-001630,workflow,2025-09-29,2025-09-29 01:10:00,2025-09-29 01:56:00,197,197,0,46,1.0,1,success,
BATCH-001631,workforce,2025-09-29,2025-09-29 01:29:00,2025-09-29 02:13:00,250,250,0,44,1.1,1,success,
BATCH-001632,calendar,2025-09-29,2025-09-29 01:02:00,2025-09-29 01:08:00,140,140,0,6,1.0,1,success,
BATCH-001633,crm,2025-09-30,2025-09-30 01:01:00,2025-09-30 01:17:00,108,108,0,16,1.0,1,success,
BATCH-001634,portal,2025-09-30,2025-09-30 01:24:00,2025-09-30 05:20:00,46,45,1,236,1.0,1,warning,LATE_ARRIVAL
BATCH-001635,chat_platform,2025-09-30,2025-09-30 01:13:00,2025-09-30 01:50:00,44,44,0,37,1.0,1,success,
BATCH-001636,workflow,2025-09-30,2025-09-30 01:07:00,2025-09-30 01:47:00,205,205,0,40,1.0,1,success,
BATCH-001637,workforce,2025-09-30,2025-09-30 01:13:00,2025-09-30 01:47:00,198,198,0,34,1.0,1,success,
BATCH-001638,calendar,2025-09-30,2025-09-30 01:17:00,2025-09-30 02:21:00,133,133,0,64,1.0,1,success,
BATCH-001639,crm,2025-10-01,2025-10-01 01:01:00,2025-10-01 01:21:00,61,61,0,20,1.0,1,success,
BATCH-001640,portal,2025-10-01,2025-10-01 01:00:00,2025-10-01 01:56:00,103,103,0,56,1.1,1,success,
BATCH-001641,chat_platform,2025-10-01,2025-10-01 01:29:00,2025-10-01 02:29:00,47,47,0,60,1.0,1,success,
BATCH-001642,workflow,2025-10-01,2025-10-01 01:05:00,2025-10-01 01:41:00,157,157,0,36,1.0,1,success,
BATCH-001643,workforce,2025-10-01,2025-10-01 01:13:00,2025-10-01 01:45:00,67,67,0,32,1.0,1,success,
BATCH-001644,calendar,2025-10-01,2025-10-01 01:06:00,2025-10-01 01:11:00,181,181,0,5,1.0,1,success,
BATCH-001645,crm,2025-10-02,2025-10-02 01:06:00,2025-10-02 01:41:00,235,235,0,35,1.1,1,success,
BATCH-001646,portal,2025-10-02,2025-10-02 01:11:00,2025-10-02 01:42:00,203,203,0,31,1.1,1,success,
BATCH-001647,chat_platform,2025-10-02,2025-10-02 01:15:00,2025-10-02 01:50:00,256,256,0,35,1.0,1,success,
BATCH-001648,workflow,2025-10-02,2025-10-02 01:04:00,2025-10-02 02:04:00,87,87,0,60,1.0,1,success,
BATCH-001649,workforce,2025-10-02,2025-10-02 01:26:00,2025-10-02 02:22:00,64,64,0,56,1.0,1,success,
BATCH-001650,calendar,2025-10-02,2025-10-02 01:00:00,2025-10-02 01:27:00,144,144,0,27,1.0,1,success,
BATCH-001651,crm,2025-10-03,2025-10-03 01:05:00,2025-10-03 02:02:00,31,31,0,57,1.0,1,success,
BATCH-001652,portal,2025-10-03,2025-10-03 01:03:00,2025-10-03 01:25:00,77,77,0,22,1.0,1,success,
BATCH-001653,chat_platform,2025-10-03,2025-10-03 01:20:00,2025-10-03 01:46:00,115,115,0,26,1.0,1,success,
BATCH-001654,workflow,2025-10-03,2025-10-03 01:14:00,2025-10-03 01:49:00,92,92,0,35,1.0,1,success,
BATCH-001655,workforce,2025-10-03,2025-10-03 01:00:00,2025-10-03 01:46:00,155,155,0,46,1.0,1,success,
BATCH-001656,calendar,2025-10-03,2025-10-03 01:28:00,2025-10-03 02:26:00,121,121,0,58,1.0,1,success,
BATCH-001657,crm,2025-10-04,2025-10-04 01:10:00,2025-10-04 01:37:00,99,99,0,27,1.0,1,success,
BATCH-001658,portal,2025-10-04,2025-10-04 01:26:00,2025-10-04 02:09:00,228,228,0,43,1.0,1,success,
BATCH-001659,chat_platform,2025-10-04,2025-10-04 01:00:00,2025-10-04 01:38:00,242,242,0,38,2.0,1,success,
BATCH-001660,workflow,2025-10-04,2025-10-04 01:14:00,2025-10-04 01:22:00,36,36,0,8,1.0,1,success,
BATCH-001661,workforce,2025-10-04,2025-10-04 01:22:00,2025-10-04 01:32:00,90,90,0,10,1.0,1,success,
BATCH-001662,calendar,2025-10-04,2025-10-04 01:22:00,2025-10-04 01:35:00,192,192,0,13,2.0,1,success,
BATCH-001663,crm,2025-10-05,2025-10-05 01:11:00,2025-10-05 01:38:00,144,144,0,27,2.0,1,success,
BATCH-001664,portal,2025-10-05,2025-10-05 01:06:00,2025-10-05 02:07:00,49,49,0,61,1.0,1,success,
BATCH-001665,chat_platform,2025-10-05,2025-10-05 01:13:00,2025-10-05 04:56:00,180,172,8,223,1.0,1,warning,ROW_REJECTED
BATCH-001666,workflow,2025-10-05,2025-10-05 01:13:00,2025-10-05 01:49:00,79,79,0,36,1.1,1,success,
BATCH-001667,workforce,2025-10-05,2025-10-05 01:05:00,2025-10-05 01:41:00,51,51,0,36,1.0,1,success,
BATCH-001668,calendar,2025-10-05,2025-10-05 01:06:00,2025-10-05 01:54:00,114,114,0,48,1.0,1,success,
BATCH-001669,crm,2025-10-06,2025-10-06 01:19:00,2025-10-06 01:53:00,240,240,0,34,1.0,1,success,
BATCH-001670,portal,2025-10-06,2025-10-06 01:24:00,2025-10-06 02:12:00,187,187,0,48,1.0,1,success,
BATCH-001671,chat_platform,2025-10-06,2025-10-06 01:12:00,2025-10-06 01:50:00,50,50,0,38,1.0,1,success,
BATCH-001672,workflow,2025-10-06,2025-10-06 01:29:00,2025-10-06 01:44:00,83,83,0,15,1.0,1,success,
BATCH-001673,workforce,2025-10-06,2025-10-06 01:18:00,2025-10-06 01:48:00,219,219,0,30,1.0,1,success,
BATCH-001674,calendar,2025-10-06,2025-10-06 01:05:00,2025-10-06 01:57:00,176,176,0,52,1.0,1,success,
BATCH-001675,crm,2025-10-07,2025-10-07 01:16:00,2025-10-07 01:46:00,168,168,0,30,1.0,1,success,
BATCH-001676,portal,2025-10-07,2025-10-07 01:02:00,2025-10-07 01:51:00,256,256,0,49,1.0,1,success,
BATCH-001677,chat_platform,2025-10-07,2025-10-07 01:10:00,2025-10-07 01:36:00,168,168,0,26,1.0,1,success,
BATCH-001678,workflow,2025-10-07,2025-10-07 01:18:00,2025-10-07 02:16:00,67,67,0,58,1.0,1,success,
BATCH-001679,workforce,2025-10-07,2025-10-07 01:09:00,2025-10-07 01:19:00,253,253,0,10,1.0,1,success,
BATCH-001680,calendar,2025-10-07,2025-10-07 01:25:00,2025-10-07 01:42:00,125,125,0,17,1.0,1,success,
BATCH-001681,crm,2025-10-08,2025-10-08 01:09:00,2025-10-08 01:35:00,35,35,0,26,2.0,1,success,
BATCH-001682,portal,2025-10-08,2025-10-08 01:09:00,2025-10-08 01:57:00,238,238,0,48,1.0,1,success,
BATCH-001683,chat_platform,2025-10-08,2025-10-08 01:10:00,2025-10-08 01:57:00,233,233,0,47,1.0,1,success,
BATCH-001684,workflow,2025-10-08,2025-10-08 01:27:00,2025-10-08 01:52:00,166,166,0,25,1.0,1,success,
BATCH-001685,workforce,2025-10-08,2025-10-08 01:13:00,2025-10-08 01:27:00,86,86,0,14,1.0,1,success,
BATCH-001686,calendar,2025-10-08,2025-10-08 01:07:00,2025-10-08 01:49:00,258,258,0,42,1.0,1,success,
BATCH-001687,crm,2025-10-09,2025-10-09 01:06:00,2025-10-09 01:18:00,107,107,0,12,1.0,1,success,
BATCH-001688,portal,2025-10-09,2025-10-09 01:28:00,2025-10-09 02:18:00,155,155,0,50,1.1,1,success,
BATCH-001689,chat_platform,2025-10-09,2025-10-09 01:29:00,2025-10-09 02:32:00,94,94,0,63,1.0,1,success,
BATCH-001690,workflow,2025-10-09,2025-10-09 01:18:00,2025-10-09 02:02:00,79,79,0,44,1.0,1,success,
BATCH-001691,workforce,2025-10-09,2025-10-09 01:19:00,2025-10-09 02:14:00,80,80,0,55,1.1,1,success,
BATCH-001692,calendar,2025-10-09,2025-10-09 01:25:00,2025-10-09 01:35:00,220,220,0,10,1.1,1,success,
BATCH-001693,crm,2025-10-10,2025-10-10 01:14:00,2025-10-10 03:42:00,158,150,8,148,1.0,1,warning,LATE_ARRIVAL
BATCH-001694,portal,2025-10-10,2025-10-10 01:02:00,2025-10-10 01:48:00,225,225,0,46,1.0,1,success,
BATCH-001695,chat_platform,2025-10-10,2025-10-10 01:28:00,2025-10-10 01:56:00,28,28,0,28,1.1,1,success,
BATCH-001696,workflow,2025-10-10,2025-10-10 01:08:00,2025-10-10 01:28:00,247,247,0,20,1.0,1,success,
BATCH-001697,workforce,2025-10-10,2025-10-10 01:02:00,2025-10-10 01:43:00,90,90,0,41,1.0,1,success,
BATCH-001698,calendar,2025-10-10,2025-10-10 01:16:00,2025-10-10 02:13:00,57,57,0,57,1.1,1,success,
BATCH-001699,crm,2025-10-11,2025-10-11 01:15:00,2025-10-11 02:06:00,151,151,0,51,1.0,1,success,
BATCH-001700,portal,2025-10-11,2025-10-11 01:11:00,2025-10-11 01:59:00,200,200,0,48,1.1,1,success,
BATCH-001701,chat_platform,2025-10-11,2025-10-11 01:25:00,2025-10-11 02:19:00,238,238,0,54,1.0,1,success,
BATCH-001702,workflow,2025-10-11,2025-10-11 01:27:00,2025-10-11 01:47:00,30,30,0,20,1.1,1,success,
BATCH-001703,workforce,2025-10-11,2025-10-11 01:17:00,2025-10-11 02:03:00,161,161,0,46,1.0,1,success,
BATCH-001704,calendar,2025-10-11,2025-10-11 01:14:00,2025-10-11 01:57:00,227,227,0,43,1.0,1,success,
BATCH-001705,crm,2025-10-12,2025-10-12 01:28:00,2025-10-12 02:15:00,42,42,0,47,1.0,1,success,
BATCH-001706,portal,2025-10-12,2025-10-12 01:11:00,2025-10-12 01:27:00,114,114,0,16,1.1,1,success,
BATCH-001707,chat_platform,2025-10-12,2025-10-12 01:18:00,2025-10-12 01:55:00,89,89,0,37,1.0,1,success,
BATCH-001708,workflow,2025-10-12,2025-10-12 01:10:00,2025-10-12 01:53:00,154,154,0,43,1.0,1,success,
BATCH-001709,workforce,2025-10-12,2025-10-12 01:10:00,2025-10-12 01:41:00,160,160,0,31,1.0,1,success,
BATCH-001710,calendar,2025-10-12,2025-10-12 01:11:00,2025-10-12 02:06:00,207,207,0,55,1.0,1,success,
BATCH-001711,crm,2025-10-13,2025-10-13 01:03:00,2025-10-13 01:31:00,238,238,0,28,1.0,1,success,
BATCH-001712,portal,2025-10-13,2025-10-13 01:28:00,2025-10-13 01:56:00,172,172,0,28,1.1,1,success,
BATCH-001713,chat_platform,2025-10-13,2025-10-13 01:23:00,2025-10-13 01:39:00,184,184,0,16,2.0,1,success,
BATCH-001714,workflow,2025-10-13,2025-10-13 01:18:00,2025-10-13 01:30:00,137,137,0,12,1.0,1,success,
BATCH-001715,workforce,2025-10-13,2025-10-13 01:27:00,2025-10-13 01:37:00,242,242,0,10,1.0,1,success,
BATCH-001716,calendar,2025-10-13,2025-10-13 01:12:00,2025-10-13 02:15:00,251,251,0,63,1.0,1,success,
BATCH-001717,crm,2025-10-14,2025-10-14 01:22:00,2025-10-14 03:20:00,39,37,2,118,1.0,0,warning,ROW_REJECTED
BATCH-001718,portal,2025-10-14,2025-10-14 01:07:00,2025-10-14 02:11:00,111,111,0,64,1.0,1,success,
BATCH-001719,chat_platform,2025-10-14,2025-10-14 01:24:00,2025-10-14 02:19:00,32,32,0,55,1.0,1,success,
BATCH-001720,workflow,2025-10-14,2025-10-14 01:00:00,2025-10-14 01:38:00,191,191,0,38,1.0,1,success,
BATCH-001721,workforce,2025-10-14,2025-10-14 01:11:00,2025-10-14 01:26:00,163,163,0,15,1.1,1,success,
BATCH-001722,calendar,2025-10-14,2025-10-14 01:16:00,2025-10-14 02:12:00,74,74,0,56,1.0,1,success,
BATCH-001723,crm,2025-10-15,2025-10-15 01:26:00,2025-10-15 01:41:00,132,132,0,15,1.0,1,success,
BATCH-001724,portal,2025-10-15,2025-10-15 01:24:00,2025-10-15 01:45:00,256,256,0,21,2.0,1,success,
BATCH-001725,chat_platform,2025-10-15,2025-10-15 01:22:00,2025-10-15 04:31:00,120,0,120,189,2.0,0,failed,SRC_UNAVAILABLE
BATCH-001726,workflow,2025-10-15,2025-10-15 01:15:00,2025-10-15 02:09:00,159,159,0,54,1.1,1,success,
BATCH-001727,workforce,2025-10-15,2025-10-15 01:13:00,2025-10-15 02:00:00,62,62,0,47,1.0,1,success,
BATCH-001728,calendar,2025-10-15,2025-10-15 01:13:00,2025-10-15 02:14:00,183,183,0,61,1.0,1,success,
BATCH-001729,crm,2025-10-16,2025-10-16 01:28:00,2025-10-16 01:56:00,226,226,0,28,1.0,1,success,
BATCH-001730,portal,2025-10-16,2025-10-16 01:10:00,2025-10-16 01:59:00,252,252,0,49,1.0,1,success,
BATCH-001731,chat_platform,2025-10-16,2025-10-16 01:19:00,2025-10-16 01:43:00,155,155,0,24,1.0,1,success,
BATCH-001732,workflow,2025-10-16,2025-10-16 01:10:00,2025-10-16 02:03:00,75,75,0,53,1.0,1,success,
BATCH-001733,workforce,2025-10-16,2025-10-16 01:05:00,2025-10-16 01:42:00,235,235,0,37,1.0,1,success,
BATCH-001734,calendar,2025-10-16,2025-10-16 01:00:00,2025-10-16 01:15:00,153,153,0,15,1.0,1,success,
BATCH-001735,crm,2025-10-17,2025-10-17 01:24:00,2025-10-17 02:28:00,175,175,0,64,1.0,1,success,
BATCH-001736,portal,2025-10-17,2025-10-17 01:12:00,2025-10-17 02:09:00,95,95,0,57,1.0,1,success,
BATCH-001737,chat_platform,2025-10-17,2025-10-17 01:06:00,2025-10-17 01:57:00,103,103,0,51,1.1,1,success,
BATCH-001738,workflow,2025-10-17,2025-10-17 01:24:00,2025-10-17 01:37:00,250,250,0,13,1.0,1,success,
BATCH-001739,workforce,2025-10-17,2025-10-17 01:21:00,2025-10-17 02:14:00,84,84,0,53,1.0,1,success,
BATCH-001740,calendar,2025-10-17,2025-10-17 01:09:00,2025-10-17 02:07:00,94,94,0,58,1.0,1,success,
BATCH-001741,crm,2025-10-18,2025-10-18 01:28:00,2025-10-18 02:03:00,244,244,0,35,1.0,1,success,
BATCH-001742,portal,2025-10-18,2025-10-18 01:10:00,2025-10-18 01:55:00,253,253,0,45,1.0,1,success,
BATCH-001743,chat_platform,2025-10-18,2025-10-18 01:21:00,2025-10-18 01:38:00,83,83,0,17,1.0,1,success,
BATCH-001744,workflow,2025-10-18,2025-10-18 01:23:00,2025-10-18 01:43:00,169,169,0,20,1.0,1,success,
BATCH-001745,workforce,2025-10-18,2025-10-18 01:28:00,2025-10-18 01:33:00,240,240,0,5,1.0,1,success,
BATCH-001746,calendar,2025-10-18,2025-10-18 01:29:00,2025-10-18 02:14:00,236,236,0,45,1.0,1,success,
BATCH-001747,crm,2025-10-19,2025-10-19 01:02:00,2025-10-19 01:27:00,144,144,0,25,1.1,1,success,
BATCH-001748,portal,2025-10-19,2025-10-19 01:21:00,2025-10-19 01:32:00,150,150,0,11,1.1,1,success,
BATCH-001749,chat_platform,2025-10-19,2025-10-19 01:13:00,2025-10-19 01:19:00,247,247,0,6,1.0,1,success,
BATCH-001750,workflow,2025-10-19,2025-10-19 01:23:00,2025-10-19 01:41:00,207,207,0,18,1.0,1,success,
BATCH-001751,workforce,2025-10-19,2025-10-19 01:20:00,2025-10-19 01:25:00,119,119,0,5,1.0,1,success,
BATCH-001752,calendar,2025-10-19,2025-10-19 01:16:00,2025-10-19 01:48:00,75,75,0,32,1.0,1,success,
BATCH-001753,crm,2025-10-20,2025-10-20 01:24:00,2025-10-20 01:57:00,70,70,0,33,1.0,1,success,
BATCH-001754,portal,2025-10-20,2025-10-20 01:13:00,2025-10-20 01:28:00,210,210,0,15,1.0,1,success,
BATCH-001755,chat_platform,2025-10-20,2025-10-20 01:00:00,2025-10-20 01:41:00,114,114,0,41,1.1,1,success,
BATCH-001756,workflow,2025-10-20,2025-10-20 01:03:00,2025-10-20 01:24:00,189,189,0,21,1.0,1,success,
BATCH-001757,workforce,2025-10-20,2025-10-20 01:13:00,2025-10-20 01:49:00,57,57,0,36,1.0,1,success,
BATCH-001758,calendar,2025-10-20,2025-10-20 01:01:00,2025-10-20 01:48:00,195,195,0,47,1.0,1,success,
BATCH-001759,crm,2025-10-21,2025-10-21 01:14:00,2025-10-21 01:51:00,118,118,0,37,1.1,1,success,
BATCH-001760,portal,2025-10-21,2025-10-21 01:27:00,2025-10-21 01:40:00,237,237,0,13,1.0,1,success,
BATCH-001761,chat_platform,2025-10-21,2025-10-21 01:09:00,2025-10-21 01:16:00,84,84,0,7,1.0,1,success,
BATCH-001762,workflow,2025-10-21,2025-10-21 01:24:00,2025-10-21 02:11:00,109,109,0,47,2.0,1,success,
BATCH-001763,workforce,2025-10-21,2025-10-21 01:29:00,2025-10-21 01:43:00,213,213,0,14,1.1,1,success,
BATCH-001764,calendar,2025-10-21,2025-10-21 01:04:00,2025-10-21 01:15:00,252,252,0,11,1.0,1,success,
BATCH-001765,crm,2025-10-22,2025-10-22 01:18:00,2025-10-22 01:38:00,177,177,0,20,1.0,1,success,
BATCH-001766,portal,2025-10-22,2025-10-22 01:07:00,2025-10-22 02:04:00,202,202,0,57,1.0,1,success,
BATCH-001767,chat_platform,2025-10-22,2025-10-22 01:08:00,2025-10-22 02:05:00,69,69,0,57,1.0,1,success,
BATCH-001768,workflow,2025-10-22,2025-10-22 01:20:00,2025-10-22 02:15:00,28,28,0,55,1.0,1,success,
BATCH-001769,workforce,2025-10-22,2025-10-22 01:04:00,2025-10-22 01:33:00,179,179,0,29,1.0,1,success,
BATCH-001770,calendar,2025-10-22,2025-10-22 01:20:00,2025-10-22 02:23:00,212,212,0,63,1.0,1,success,
BATCH-001771,crm,2025-10-23,2025-10-23 01:02:00,2025-10-23 01:42:00,221,221,0,40,1.0,1,success,
BATCH-001772,portal,2025-10-23,2025-10-23 01:00:00,2025-10-23 01:49:00,246,246,0,49,1.1,1,success,
BATCH-001773,chat_platform,2025-10-23,2025-10-23 01:23:00,2025-10-23 02:24:00,180,180,0,61,1.0,1,success,
BATCH-001774,workflow,2025-10-23,2025-10-23 01:27:00,2025-10-23 02:19:00,205,205,0,52,1.0,1,success,
BATCH-001775,workforce,2025-10-23,2025-10-23 01:14:00,2025-10-23 04:21:00,195,193,2,187,1.0,1,warning,LATE_ARRIVAL
BATCH-001776,calendar,2025-10-23,2025-10-23 01:02:00,2025-10-23 02:04:00,107,107,0,62,1.0,1,success,
BATCH-001777,crm,2025-10-24,2025-10-24 01:02:00,2025-10-24 01:42:00,66,66,0,40,1.0,1,success,
BATCH-001778,portal,2025-10-24,2025-10-24 01:18:00,2025-10-24 01:31:00,198,198,0,13,1.0,1,success,
BATCH-001779,chat_platform,2025-10-24,2025-10-24 01:06:00,2025-10-24 01:29:00,32,32,0,23,1.0,1,success,
BATCH-001780,workflow,2025-10-24,2025-10-24 01:14:00,2025-10-24 01:51:00,205,205,0,37,1.1,1,success,
BATCH-001781,workforce,2025-10-24,2025-10-24 01:26:00,2025-10-24 02:06:00,136,136,0,40,2.0,1,success,
BATCH-001782,calendar,2025-10-24,2025-10-24 01:06:00,2025-10-24 01:32:00,237,237,0,26,1.0,1,success,
BATCH-001783,crm,2025-10-25,2025-10-25 01:05:00,2025-10-25 01:21:00,180,180,0,16,1.0,1,success,
BATCH-001784,portal,2025-10-25,2025-10-25 01:10:00,2025-10-25 01:40:00,30,30,0,30,1.0,1,success,
BATCH-001785,chat_platform,2025-10-25,2025-10-25 01:14:00,2025-10-25 01:42:00,130,130,0,28,1.0,1,success,
BATCH-001786,workflow,2025-10-25,2025-10-25 01:15:00,2025-10-25 01:39:00,72,72,0,24,1.0,1,success,
BATCH-001787,workforce,2025-10-25,2025-10-25 01:00:00,2025-10-25 01:54:00,188,188,0,54,1.0,1,success,
BATCH-001788,calendar,2025-10-25,2025-10-25 01:29:00,2025-10-25 02:15:00,66,66,0,46,1.0,1,success,
BATCH-001789,crm,2025-10-26,2025-10-26 01:15:00,2025-10-26 01:36:00,198,198,0,21,1.0,1,success,
BATCH-001790,portal,2025-10-26,2025-10-26 01:27:00,2025-10-26 02:23:00,53,53,0,56,1.0,1,success,
BATCH-001791,chat_platform,2025-10-26,2025-10-26 01:20:00,2025-10-26 01:56:00,188,188,0,36,1.0,1,success,
BATCH-001792,workflow,2025-10-26,2025-10-26 01:26:00,2025-10-26 01:49:00,173,173,0,23,1.0,1,success,
BATCH-001793,workforce,2025-10-26,2025-10-26 01:27:00,2025-10-26 01:52:00,148,148,0,25,1.0,1,success,
BATCH-001794,calendar,2025-10-26,2025-10-26 01:13:00,2025-10-26 02:09:00,171,171,0,56,1.0,1,success,
BATCH-001795,crm,2025-10-27,2025-10-27 01:04:00,2025-10-27 02:08:00,115,115,0,64,1.0,1,success,
BATCH-001796,portal,2025-10-27,2025-10-27 01:05:00,2025-10-27 01:18:00,168,168,0,13,1.0,1,success,
BATCH-001797,chat_platform,2025-10-27,2025-10-27 01:19:00,2025-10-27 02:00:00,193,193,0,41,1.0,1,success,
BATCH-001798,workflow,2025-10-27,2025-10-27 01:03:00,2025-10-27 01:27:00,104,104,0,24,1.1,1,success,
BATCH-001799,workforce,2025-10-27,2025-10-27 01:02:00,2025-10-27 01:26:00,140,140,0,24,1.0,1,success,
BATCH-001800,calendar,2025-10-27,2025-10-27 01:06:00,2025-10-27 01:30:00,81,81,0,24,1.1,1,success,
BATCH-001801,crm,2025-10-28,2025-10-28 01:04:00,2025-10-28 01:48:00,32,32,0,44,1.1,1,success,
BATCH-001802,portal,2025-10-28,2025-10-28 01:20:00,2025-10-28 03:34:00,186,183,3,134,1.0,1,warning,SCHEMA_DRIFT
BATCH-001803,chat_platform,2025-10-28,2025-10-28 01:24:00,2025-10-28 01:34:00,46,46,0,10,1.0,1,success,
BATCH-001804,workflow,2025-10-28,2025-10-28 01:02:00,2025-10-28 02:00:00,154,154,0,58,1.0,1,success,
BATCH-001805,workforce,2025-10-28,2025-10-28 01:13:00,2025-10-28 01:33:00,54,54,0,20,1.0,1,success,
BATCH-001806,calendar,2025-10-28,2025-10-28 01:03:00,2025-10-28 01:46:00,52,52,0,43,1.1,1,success,
BATCH-001807,crm,2025-10-29,2025-10-29 01:14:00,2025-10-29 02:05:00,61,61,0,51,1.1,1,success,
BATCH-001808,portal,2025-10-29,2025-10-29 01:04:00,2025-10-29 02:00:00,148,148,0,56,1.1,1,success,
BATCH-001809,chat_platform,2025-10-29,2025-10-29 01:08:00,2025-10-29 01:21:00,56,56,0,13,1.0,1,success,
BATCH-001810,workflow,2025-10-29,2025-10-29 01:11:00,2025-10-29 01:34:00,61,61,0,23,1.0,1,success,
BATCH-001811,workforce,2025-10-29,2025-10-29 01:10:00,2025-10-29 02:10:00,129,129,0,60,1.0,1,success,
BATCH-001812,calendar,2025-10-29,2025-10-29 01:20:00,2025-10-29 02:09:00,178,178,0,49,1.0,1,success,
BATCH-001813,crm,2025-10-30,2025-10-30 01:06:00,2025-10-30 03:54:00,68,66,2,168,1.1,1,warning,SCHEMA_DRIFT
BATCH-001814,portal,2025-10-30,2025-10-30 01:12:00,2025-10-30 01:37:00,248,248,0,25,1.1,1,success,
BATCH-001815,chat_platform,2025-10-30,2025-10-30 01:07:00,2025-10-30 01:45:00,210,210,0,38,1.1,1,success,
BATCH-001816,workflow,2025-10-30,2025-10-30 01:16:00,2025-10-30 02:07:00,206,206,0,51,1.0,1,success,
BATCH-001817,workforce,2025-10-30,2025-10-30 01:13:00,2025-10-30 01:59:00,220,220,0,46,1.1,1,success,
BATCH-001818,calendar,2025-10-30,2025-10-30 01:19:00,2025-10-30 01:54:00,87,87,0,35,1.0,1,success,
BATCH-001819,crm,2025-10-31,2025-10-31 01:01:00,2025-10-31 01:21:00,235,235,0,20,1.0,1,success,
BATCH-001820,portal,2025-10-31,2025-10-31 01:14:00,2025-10-31 04:05:00,217,214,3,171,1.0,0,warning,LATE_ARRIVAL
BATCH-001821,chat_platform,2025-10-31,2025-10-31 01:24:00,2025-10-31 01:48:00,157,157,0,24,1.0,1,success,
BATCH-001822,workflow,2025-10-31,2025-10-31 01:10:00,2025-10-31 03:47:00,204,192,12,157,1.0,1,warning,SCHEMA_DRIFT
BATCH-001823,workforce,2025-10-31,2025-10-31 01:15:00,2025-10-31 02:10:00,149,149,0,55,1.1,1,success,
BATCH-001824,calendar,2025-10-31,2025-10-31 01:28:00,2025-10-31 02:13:00,135,135,0,45,1.0,1,success,
BATCH-001825,crm,2025-11-01,2025-11-01 01:24:00,2025-11-01 01:51:00,31,31,0,27,1.0,1,success,
BATCH-001826,portal,2025-11-01,2025-11-01 01:22:00,2025-11-01 01:31:00,141,141,0,9,1.0,1,success,
BATCH-001827,chat_platform,2025-11-01,2025-11-01 01:20:00,2025-11-01 01:51:00,226,226,0,31,1.0,1,success,
BATCH-001828,workflow,2025-11-01,2025-11-01 01:08:00,2025-11-01 01:40:00,76,76,0,32,1.1,1,success,
BATCH-001829,workforce,2025-11-01,2025-11-01 01:17:00,2025-11-01 01:52:00,105,105,0,35,1.1,1,success,
BATCH-001830,calendar,2025-11-01,2025-11-01 01:15:00,2025-11-01 04:42:00,81,77,4,207,1.0,0,warning,LATE_ARRIVAL
BATCH-001831,crm,2025-11-02,2025-11-02 01:14:00,2025-11-02 02:11:00,183,183,0,57,1.0,1,success,
BATCH-001832,portal,2025-11-02,2025-11-02 01:25:00,2025-11-02 01:40:00,105,105,0,15,1.0,1,success,
BATCH-001833,chat_platform,2025-11-02,2025-11-02 01:21:00,2025-11-02 02:18:00,113,113,0,57,1.0,1,success,
BATCH-001834,workflow,2025-11-02,2025-11-02 01:17:00,2025-11-02 02:09:00,55,55,0,52,1.0,1,success,
BATCH-001835,workforce,2025-11-02,2025-11-02 01:17:00,2025-11-02 01:39:00,165,165,0,22,1.1,1,success,
BATCH-001836,calendar,2025-11-02,2025-11-02 01:23:00,2025-11-02 01:47:00,231,231,0,24,1.0,1,success,
BATCH-001837,crm,2025-11-03,2025-11-03 01:02:00,2025-11-03 01:56:00,151,151,0,54,1.0,1,success,
BATCH-001838,portal,2025-11-03,2025-11-03 01:22:00,2025-11-03 02:02:00,257,257,0,40,1.0,1,success,
BATCH-001839,chat_platform,2025-11-03,2025-11-03 01:06:00,2025-11-03 01:43:00,92,92,0,37,1.0,1,success,
BATCH-001840,workflow,2025-11-03,2025-11-03 01:25:00,2025-11-03 02:02:00,259,259,0,37,2.0,1,success,
BATCH-001841,workforce,2025-11-03,2025-11-03 01:07:00,2025-11-03 02:01:00,49,49,0,54,1.0,1,success,
BATCH-001842,calendar,2025-11-03,2025-11-03 01:04:00,2025-11-03 01:46:00,166,166,0,42,1.0,1,success,
BATCH-001843,crm,2025-11-04,2025-11-04 01:07:00,2025-11-04 01:28:00,173,173,0,21,1.0,1,success,
BATCH-001844,portal,2025-11-04,2025-11-04 01:29:00,2025-11-04 02:17:00,74,74,0,48,1.0,1,success,
BATCH-001845,chat_platform,2025-11-04,2025-11-04 01:01:00,2025-11-04 01:48:00,201,201,0,47,1.0,1,success,
BATCH-001846,workflow,2025-11-04,2025-11-04 01:05:00,2025-11-04 01:29:00,157,157,0,24,1.0,1,success,
BATCH-001847,workforce,2025-11-04,2025-11-04 01:11:00,2025-11-04 02:02:00,72,72,0,51,1.0,1,success,
BATCH-001848,calendar,2025-11-04,2025-11-04 01:10:00,2025-11-04 01:35:00,185,185,0,25,1.0,1,success,
BATCH-001849,crm,2025-11-05,2025-11-05 01:10:00,2025-11-05 01:52:00,118,118,0,42,1.0,1,success,
BATCH-001850,portal,2025-11-05,2025-11-05 01:08:00,2025-11-05 01:27:00,129,129,0,19,1.0,1,success,
BATCH-001851,chat_platform,2025-11-05,2025-11-05 01:14:00,2025-11-05 01:34:00,110,110,0,20,1.0,1,success,
BATCH-001852,workflow,2025-11-05,2025-11-05 01:04:00,2025-11-05 01:37:00,35,35,0,33,1.0,1,success,
BATCH-001853,workforce,2025-11-05,2025-11-05 01:25:00,2025-11-05 02:29:00,151,151,0,64,1.0,1,success,
BATCH-001854,calendar,2025-11-05,2025-11-05 01:13:00,2025-11-05 02:03:00,27,27,0,50,1.0,1,success,
BATCH-001855,crm,2025-11-06,2025-11-06 01:16:00,2025-11-06 02:03:00,62,62,0,47,1.0,1,success,
BATCH-001856,portal,2025-11-06,2025-11-06 01:02:00,2025-11-06 01:09:00,103,103,0,7,1.0,1,success,
BATCH-001857,chat_platform,2025-11-06,2025-11-06 01:02:00,2025-11-06 01:38:00,128,128,0,36,1.0,1,success,
BATCH-001858,workflow,2025-11-06,2025-11-06 01:27:00,2025-11-06 01:40:00,40,40,0,13,1.0,1,success,
BATCH-001859,workforce,2025-11-06,2025-11-06 01:21:00,2025-11-06 02:53:00,146,138,8,92,1.0,1,warning,SCHEMA_DRIFT
BATCH-001860,calendar,2025-11-06,2025-11-06 01:20:00,2025-11-06 01:27:00,51,51,0,7,1.0,1,success,
BATCH-001861,crm,2025-11-07,2025-11-07 01:22:00,2025-11-07 01:45:00,67,67,0,23,1.0,1,success,
BATCH-001862,portal,2025-11-07,2025-11-07 01:17:00,2025-11-07 01:41:00,80,80,0,24,1.0,1,success,
BATCH-001863,chat_platform,2025-11-07,2025-11-07 01:08:00,2025-11-07 01:27:00,119,119,0,19,1.0,1,success,
BATCH-001864,workflow,2025-11-07,2025-11-07 01:19:00,2025-11-07 01:48:00,190,190,0,29,1.0,1,success,
BATCH-001865,workforce,2025-11-07,2025-11-07 01:16:00,2025-11-07 02:03:00,258,258,0,47,1.0,1,success,
BATCH-001866,calendar,2025-11-07,2025-11-07 01:07:00,2025-11-07 02:02:00,210,210,0,55,1.0,1,success,
BATCH-001867,crm,2025-11-08,2025-11-08 01:13:00,2025-11-08 01:18:00,237,237,0,5,1.0,1,success,
BATCH-001868,portal,2025-11-08,2025-11-08 01:18:00,2025-11-08 01:27:00,76,76,0,9,1.0,1,success,
BATCH-001869,chat_platform,2025-11-08,2025-11-08 01:15:00,2025-11-08 01:34:00,121,121,0,19,1.1,1,success,
BATCH-001870,workflow,2025-11-08,2025-11-08 01:02:00,2025-11-08 01:58:00,250,250,0,56,1.0,1,success,
BATCH-001871,workforce,2025-11-08,2025-11-08 01:27:00,2025-11-08 02:14:00,33,33,0,47,1.0,1,success,
BATCH-001872,calendar,2025-11-08,2025-11-08 01:06:00,2025-11-08 01:47:00,91,91,0,41,1.0,1,success,
BATCH-001873,crm,2025-11-09,2025-11-09 01:26:00,2025-11-09 02:09:00,106,106,0,43,1.0,1,success,
BATCH-001874,portal,2025-11-09,2025-11-09 01:11:00,2025-11-09 01:30:00,59,59,0,19,1.0,1,success,
BATCH-001875,chat_platform,2025-11-09,2025-11-09 01:26:00,2025-11-09 02:13:00,56,56,0,47,1.1,1,success,
BATCH-001876,workflow,2025-11-09,2025-11-09 01:01:00,2025-11-09 01:52:00,73,73,0,51,1.0,1,success,
BATCH-001877,workforce,2025-11-09,2025-11-09 01:02:00,2025-11-09 03:34:00,194,193,1,152,1.0,1,warning,ROW_REJECTED
BATCH-001878,calendar,2025-11-09,2025-11-09 01:07:00,2025-11-09 01:21:00,32,32,0,14,1.1,1,success,
BATCH-001879,crm,2025-11-10,2025-11-10 01:15:00,2025-11-10 01:28:00,213,213,0,13,1.0,1,success,
BATCH-001880,portal,2025-11-10,2025-11-10 01:27:00,2025-11-10 02:29:00,72,72,0,62,1.0,1,success,
BATCH-001881,chat_platform,2025-11-10,2025-11-10 01:12:00,2025-11-10 01:45:00,26,26,0,33,1.0,1,success,
BATCH-001882,workflow,2025-11-10,2025-11-10 01:27:00,2025-11-10 02:09:00,244,244,0,42,1.0,1,success,
BATCH-001883,workforce,2025-11-10,2025-11-10 01:17:00,2025-11-10 01:44:00,228,228,0,27,1.0,1,success,
BATCH-001884,calendar,2025-11-10,2025-11-10 01:18:00,2025-11-10 01:27:00,169,169,0,9,1.1,1,success,
BATCH-001885,crm,2025-11-11,2025-11-11 01:01:00,2025-11-11 01:48:00,231,231,0,47,1.1,1,success,
BATCH-001886,portal,2025-11-11,2025-11-11 01:21:00,2025-11-11 03:33:00,65,63,2,132,1.0,1,warning,LATE_ARRIVAL
BATCH-001887,chat_platform,2025-11-11,2025-11-11 01:04:00,2025-11-11 01:16:00,39,39,0,12,1.1,1,success,
BATCH-001888,workflow,2025-11-11,2025-11-11 01:06:00,2025-11-11 02:09:00,117,117,0,63,1.0,1,success,
BATCH-001889,workforce,2025-11-11,2025-11-11 01:24:00,2025-11-11 02:08:00,47,47,0,44,1.0,1,success,
BATCH-001890,calendar,2025-11-11,2025-11-11 01:11:00,2025-11-11 01:30:00,127,127,0,19,1.0,1,success,
BATCH-001891,crm,2025-11-12,2025-11-12 01:23:00,2025-11-12 01:29:00,103,103,0,6,1.0,1,success,
BATCH-001892,portal,2025-11-12,2025-11-12 01:08:00,2025-11-12 02:11:00,110,110,0,63,1.0,1,success,
BATCH-001893,chat_platform,2025-11-12,2025-11-12 01:08:00,2025-11-12 02:01:00,82,82,0,53,1.1,1,success,
BATCH-001894,workflow,2025-11-12,2025-11-12 01:18:00,2025-11-12 02:01:00,79,79,0,43,1.0,1,success,
BATCH-001895,workforce,2025-11-12,2025-11-12 01:27:00,2025-11-12 03:33:00,156,152,4,126,1.0,1,warning,LATE_ARRIVAL
BATCH-001896,calendar,2025-11-12,2025-11-12 01:16:00,2025-11-12 12:06:00,159,0,159,650,1.1,0,failed,SRC_UNAVAILABLE
BATCH-001897,crm,2025-11-13,2025-11-13 01:22:00,2025-11-13 02:08:00,195,195,0,46,1.1,1,success,
BATCH-001898,portal,2025-11-13,2025-11-13 01:18:00,2025-11-13 01:34:00,156,156,0,16,1.0,1,success,
BATCH-001899,chat_platform,2025-11-13,2025-11-13 01:27:00,2025-11-13 02:09:00,202,202,0,42,1.1,1,success,
BATCH-001900,workflow,2025-11-13,2025-11-13 01:15:00,2025-11-13 02:09:00,131,131,0,54,1.0,1,success,
BATCH-001901,workforce,2025-11-13,2025-11-13 01:08:00,2025-11-13 04:58:00,255,246,9,230,1.1,1,warning,LATE_ARRIVAL
BATCH-001902,calendar,2025-11-13,2025-11-13 01:03:00,2025-11-13 01:24:00,130,130,0,21,1.0,1,success,
BATCH-001903,crm,2025-11-14,2025-11-14 01:19:00,2025-11-14 01:58:00,140,140,0,39,1.0,1,success,
BATCH-001904,portal,2025-11-14,2025-11-14 01:23:00,2025-11-14 07:11:00,108,0,108,348,1.0,0,failed,SRC_UNAVAILABLE
BATCH-001905,chat_platform,2025-11-14,2025-11-14 01:03:00,2025-11-14 01:13:00,62,62,0,10,1.0,1,success,
BATCH-001906,workflow,2025-11-14,2025-11-14 01:15:00,2025-11-14 02:11:00,146,146,0,56,1.1,1,success,
BATCH-001907,workforce,2025-11-14,2025-11-14 01:21:00,2025-11-14 01:43:00,178,178,0,22,1.0,1,success,
BATCH-001908,calendar,2025-11-14,2025-11-14 01:22:00,2025-11-14 01:27:00,102,102,0,5,1.0,1,success,
BATCH-001909,crm,2025-11-15,2025-11-15 01:09:00,2025-11-15 01:20:00,150,150,0,11,1.0,1,success,
BATCH-001910,portal,2025-11-15,2025-11-15 01:19:00,2025-11-15 01:31:00,154,154,0,12,1.0,1,success,
BATCH-001911,chat_platform,2025-11-15,2025-11-15 01:13:00,2025-11-15 01:42:00,55,55,0,29,1.0,1,success,
BATCH-001912,workflow,2025-11-15,2025-11-15 01:10:00,2025-11-15 01:54:00,233,233,0,44,1.0,1,success,
BATCH-001913,workforce,2025-11-15,2025-11-15 01:16:00,2025-11-15 01:52:00,217,217,0,36,1.1,1,success,
BATCH-001914,calendar,2025-11-15,2025-11-15 01:16:00,2025-11-15 02:16:00,68,68,0,60,1.0,1,success,
BATCH-001915,crm,2025-11-16,2025-11-16 01:21:00,2025-11-16 02:20:00,199,199,0,59,1.0,1,success,
BATCH-001916,portal,2025-11-16,2025-11-16 01:19:00,2025-11-16 01:44:00,162,162,0,25,1.0,1,success,
BATCH-001917,chat_platform,2025-11-16,2025-11-16 01:22:00,2025-11-16 01:57:00,165,165,0,35,1.0,1,success,
BATCH-001918,workflow,2025-11-16,2025-11-16 01:06:00,2025-11-16 01:25:00,126,126,0,19,1.1,1,success,
BATCH-001919,workforce,2025-11-16,2025-11-16 01:05:00,2025-11-16 02:56:00,197,192,5,111,1.0,1,warning,SCHEMA_DRIFT
BATCH-001920,calendar,2025-11-16,2025-11-16 01:05:00,2025-11-16 01:40:00,146,146,0,35,1.1,1,success,
BATCH-001921,crm,2025-11-17,2025-11-17 01:00:00,2025-11-17 01:26:00,169,169,0,26,2.0,1,success,
BATCH-001922,portal,2025-11-17,2025-11-17 01:12:00,2025-11-17 01:41:00,164,164,0,29,1.0,1,success,
BATCH-001923,chat_platform,2025-11-17,2025-11-17 01:14:00,2025-11-17 01:45:00,151,151,0,31,1.0,1,success,
BATCH-001924,workflow,2025-11-17,2025-11-17 01:22:00,2025-11-17 01:33:00,161,161,0,11,1.0,1,success,
BATCH-001925,workforce,2025-11-17,2025-11-17 01:16:00,2025-11-17 01:27:00,138,138,0,11,1.1,1,success,
BATCH-001926,calendar,2025-11-17,2025-11-17 01:24:00,2025-11-17 01:31:00,203,203,0,7,1.0,1,success,
BATCH-001927,crm,2025-11-18,2025-11-18 01:01:00,2025-11-18 01:30:00,167,167,0,29,1.0,1,success,
BATCH-001928,portal,2025-11-18,2025-11-18 01:20:00,2025-11-18 01:37:00,146,146,0,17,1.0,1,success,
BATCH-001929,chat_platform,2025-11-18,2025-11-18 01:14:00,2025-11-18 01:19:00,209,209,0,5,1.0,1,success,
BATCH-001930,workflow,2025-11-18,2025-11-18 01:19:00,2025-11-18 02:21:00,171,171,0,62,1.0,1,success,
BATCH-001931,workforce,2025-11-18,2025-11-18 01:26:00,2025-11-18 01:54:00,122,122,0,28,1.0,1,success,
BATCH-001932,calendar,2025-11-18,2025-11-18 01:18:00,2025-11-18 04:41:00,200,189,11,203,1.0,1,warning,LATE_ARRIVAL
BATCH-001933,crm,2025-11-19,2025-11-19 01:21:00,2025-11-19 02:09:00,235,235,0,48,1.1,1,success,
BATCH-001934,portal,2025-11-19,2025-11-19 01:12:00,2025-11-19 01:41:00,98,98,0,29,1.0,1,success,
BATCH-001935,chat_platform,2025-11-19,2025-11-19 01:26:00,2025-11-19 02:27:00,73,73,0,61,1.0,1,success,
BATCH-001936,workflow,2025-11-19,2025-11-19 01:09:00,2025-11-19 01:14:00,67,67,0,5,1.0,1,success,
BATCH-001937,workforce,2025-11-19,2025-11-19 01:20:00,2025-11-19 02:23:00,79,79,0,63,1.0,1,success,
BATCH-001938,calendar,2025-11-19,2025-11-19 01:26:00,2025-11-19 01:37:00,233,233,0,11,1.0,1,success,
BATCH-001939,crm,2025-11-20,2025-11-20 01:29:00,2025-11-20 02:13:00,177,177,0,44,1.0,1,success,
BATCH-001940,portal,2025-11-20,2025-11-20 01:05:00,2025-11-20 01:25:00,26,26,0,20,1.0,1,success,
BATCH-001941,chat_platform,2025-11-20,2025-11-20 01:18:00,2025-11-20 02:21:00,92,92,0,63,1.0,1,success,
BATCH-001942,workflow,2025-11-20,2025-11-20 01:13:00,2025-11-20 01:19:00,116,116,0,6,1.1,1,success,
BATCH-001943,workforce,2025-11-20,2025-11-20 01:14:00,2025-11-20 02:08:00,155,155,0,54,1.0,1,success,
BATCH-001944,calendar,2025-11-20,2025-11-20 01:11:00,2025-11-20 01:16:00,218,218,0,5,1.0,1,success,
BATCH-001945,crm,2025-11-21,2025-11-21 01:24:00,2025-11-21 02:13:00,75,75,0,49,1.0,1,success,
BATCH-001946,portal,2025-11-21,2025-11-21 01:24:00,2025-11-21 01:31:00,179,179,0,7,1.0,1,success,
BATCH-001947,chat_platform,2025-11-21,2025-11-21 01:18:00,2025-11-21 01:27:00,50,50,0,9,1.0,1,success,
BATCH-001948,workflow,2025-11-21,2025-11-21 01:05:00,2025-11-21 02:06:00,114,114,0,61,1.0,1,success,
BATCH-001949,workforce,2025-11-21,2025-11-21 01:04:00,2025-11-21 01:59:00,232,232,0,55,1.0,1,success,
BATCH-001950,calendar,2025-11-21,2025-11-21 01:17:00,2025-11-21 02:05:00,167,167,0,48,1.0,1,success,
BATCH-001951,crm,2025-11-22,2025-11-22 01:11:00,2025-11-22 07:42:00,123,0,123,391,1.0,0,failed,SRC_UNAVAILABLE
BATCH-001952,portal,2025-11-22,2025-11-22 01:26:00,2025-11-22 01:49:00,77,77,0,23,1.0,1,success,
BATCH-001953,chat_platform,2025-11-22,2025-11-22 01:29:00,2025-11-22 01:45:00,81,81,0,16,1.0,1,success,
BATCH-001954,workflow,2025-11-22,2025-11-22 01:28:00,2025-11-22 01:42:00,154,154,0,14,1.1,1,success,
BATCH-001955,workforce,2025-11-22,2025-11-22 01:14:00,2025-11-22 02:05:00,52,52,0,51,1.0,1,success,
BATCH-001956,calendar,2025-11-22,2025-11-22 01:03:00,2025-11-22 03:35:00,173,164,9,152,1.0,0,warning,ROW_REJECTED
BATCH-001957,crm,2025-11-23,2025-11-23 01:07:00,2025-11-23 01:30:00,223,223,0,23,1.0,1,success,
BATCH-001958,portal,2025-11-23,2025-11-23 01:00:00,2025-11-23 01:51:00,52,52,0,51,1.0,1,success,
BATCH-001959,chat_platform,2025-11-23,2025-11-23 01:26:00,2025-11-23 02:30:00,215,215,0,64,2.0,1,success,
BATCH-001960,workflow,2025-11-23,2025-11-23 01:29:00,2025-11-23 01:45:00,172,172,0,16,1.0,1,success,
BATCH-001961,workforce,2025-11-23,2025-11-23 01:14:00,2025-11-23 02:12:00,82,82,0,58,1.0,1,success,
BATCH-001962,calendar,2025-11-23,2025-11-23 01:22:00,2025-11-23 02:22:00,62,62,0,60,1.0,1,success,
BATCH-001963,crm,2025-11-24,2025-11-24 01:05:00,2025-11-24 03:02:00,90,87,3,117,1.0,1,warning,ROW_REJECTED
BATCH-001964,portal,2025-11-24,2025-11-24 01:17:00,2025-11-24 01:42:00,138,138,0,25,1.0,1,success,
BATCH-001965,chat_platform,2025-11-24,2025-11-24 01:08:00,2025-11-24 01:29:00,25,25,0,21,1.0,1,success,
BATCH-001966,workflow,2025-11-24,2025-11-24 01:17:00,2025-11-24 02:07:00,132,132,0,50,1.0,1,success,
BATCH-001967,workforce,2025-11-24,2025-11-24 01:16:00,2025-11-24 01:29:00,53,53,0,13,1.0,1,success,
BATCH-001968,calendar,2025-11-24,2025-11-24 01:04:00,2025-11-24 02:03:00,115,115,0,59,1.0,1,success,
BATCH-001969,crm,2025-11-25,2025-11-25 01:06:00,2025-11-25 02:03:00,128,128,0,57,1.0,1,success,
BATCH-001970,portal,2025-11-25,2025-11-25 01:12:00,2025-11-25 01:23:00,208,208,0,11,1.1,1,success,
BATCH-001971,chat_platform,2025-11-25,2025-11-25 01:24:00,2025-11-25 02:16:00,207,207,0,52,1.0,1,success,
BATCH-001972,workflow,2025-11-25,2025-11-25 01:12:00,2025-11-25 01:33:00,156,156,0,21,1.0,1,success,
BATCH-001973,workforce,2025-11-25,2025-11-25 01:14:00,2025-11-25 01:22:00,137,137,0,8,1.0,1,success,
BATCH-001974,calendar,2025-11-25,2025-11-25 01:15:00,2025-11-25 01:54:00,175,175,0,39,1.1,1,success,
BATCH-001975,crm,2025-11-26,2025-11-26 01:12:00,2025-11-26 02:08:00,40,40,0,56,1.0,1,success,
BATCH-001976,portal,2025-11-26,2025-11-26 01:12:00,2025-11-26 01:22:00,51,51,0,10,2.0,1,success,
BATCH-001977,chat_platform,2025-11-26,2025-11-26 01:25:00,2025-11-26 01:41:00,144,144,0,16,1.0,1,success,
BATCH-001978,workflow,2025-11-26,2025-11-26 01:04:00,2025-11-26 03:27:00,60,56,4,143,1.0,1,warning,SCHEMA_DRIFT
BATCH-001979,workforce,2025-11-26,2025-11-26 01:17:00,2025-11-26 01:39:00,91,91,0,22,1.0,1,success,
BATCH-001980,calendar,2025-11-26,2025-11-26 01:00:00,2025-11-26 01:44:00,75,75,0,44,1.0,1,success,
BATCH-001981,crm,2025-11-27,2025-11-27 01:10:00,2025-11-27 01:58:00,200,200,0,48,2.0,1,success,
BATCH-001982,portal,2025-11-27,2025-11-27 01:01:00,2025-11-27 01:09:00,249,249,0,8,1.0,1,success,
BATCH-001983,chat_platform,2025-11-27,2025-11-27 01:14:00,2025-11-27 01:38:00,68,68,0,24,1.0,1,success,
BATCH-001984,workflow,2025-11-27,2025-11-27 01:19:00,2025-11-27 03:12:00,222,216,6,113,1.0,1,warning,SCHEMA_DRIFT
BATCH-001985,workforce,2025-11-27,2025-11-27 01:04:00,2025-11-27 02:08:00,55,55,0,64,1.0,1,success,
BATCH-001986,calendar,2025-11-27,2025-11-27 01:24:00,2025-11-27 01:40:00,85,85,0,16,1.0,1,success,
BATCH-001987,crm,2025-11-28,2025-11-28 01:02:00,2025-11-28 02:41:00,138,134,4,99,1.0,0,warning,LATE_ARRIVAL
BATCH-001988,portal,2025-11-28,2025-11-28 01:08:00,2025-11-28 01:52:00,214,214,0,44,1.0,1,success,
BATCH-001989,chat_platform,2025-11-28,2025-11-28 01:20:00,2025-11-28 02:09:00,222,222,0,49,1.0,1,success,
BATCH-001990,workflow,2025-11-28,2025-11-28 01:28:00,2025-11-28 02:20:00,27,27,0,52,1.0,1,success,
BATCH-001991,workforce,2025-11-28,2025-11-28 01:16:00,2025-11-28 01:51:00,178,178,0,35,1.0,1,success,
BATCH-001992,calendar,2025-11-28,2025-11-28 01:12:00,2025-11-28 02:02:00,119,119,0,50,1.0,1,success,
BATCH-001993,crm,2025-11-29,2025-11-29 01:09:00,2025-11-29 01:52:00,161,161,0,43,1.1,1,success,
BATCH-001994,portal,2025-11-29,2025-11-29 01:04:00,2025-11-29 01:09:00,40,40,0,5,2.0,1,success,
BATCH-001995,chat_platform,2025-11-29,2025-11-29 01:06:00,2025-11-29 01:26:00,66,66,0,20,1.0,1,success,
BATCH-001996,workflow,2025-11-29,2025-11-29 01:06:00,2025-11-29 01:51:00,249,249,0,45,1.0,1,success,
BATCH-001997,workforce,2025-11-29,2025-11-29 01:23:00,2025-11-29 01:39:00,126,126,0,16,1.0,1,success,
BATCH-001998,calendar,2025-11-29,2025-11-29 01:21:00,2025-11-29 02:12:00,32,32,0,51,1.0,1,success,
BATCH-001999,crm,2025-11-30,2025-11-30 01:09:00,2025-11-30 01:59:00,199,199,0,50,1.0,1,success,
BATCH-002000,portal,2025-11-30,2025-11-30 01:18:00,2025-11-30 01:24:00,226,226,0,6,1.0,1,success,
BATCH-002001,chat_platform,2025-11-30,2025-11-30 01:02:00,2025-11-30 01:31:00,149,149,0,29,1.0,1,success,
BATCH-002002,workflow,2025-11-30,2025-11-30 01:22:00,2025-11-30 01:58:00,229,229,0,36,1.0,1,success,
BATCH-002003,workforce,2025-11-30,2025-11-30 01:28:00,2025-11-30 01:33:00,239,239,0,5,1.1,1,success,
BATCH-002004,calendar,2025-11-30,2025-11-30 01:11:00,2025-11-30 02:03:00,174,174,0,52,1.0,1,success,
BATCH-002005,crm,2025-12-01,2025-12-01 01:10:00,2025-12-01 02:08:00,218,218,0,58,1.1,1,success,
BATCH-002006,portal,2025-12-01,2025-12-01 01:27:00,2025-12-01 02:25:00,150,150,0,58,1.0,1,success,
BATCH-002007,chat_platform,2025-12-01,2025-12-01 01:15:00,2025-12-01 01:31:00,179,179,0,16,1.0,1,success,
BATCH-002008,workflow,2025-12-01,2025-12-01 01:18:00,2025-12-01 01:52:00,33,33,0,34,1.0,1,success,
BATCH-002009,workforce,2025-12-01,2025-12-01 01:27:00,2025-12-01 02:20:00,181,181,0,53,1.1,1,success,
BATCH-002010,calendar,2025-12-01,2025-12-01 01:26:00,2025-12-01 01:31:00,117,117,0,5,1.0,1,success,
BATCH-002011,crm,2025-12-02,2025-12-02 01:09:00,2025-12-02 09:33:00,140,0,140,504,1.0,0,failed,SRC_UNAVAILABLE
BATCH-002012,portal,2025-12-02,2025-12-02 01:28:00,2025-12-02 04:30:00,126,119,7,182,1.1,1,warning,ROW_REJECTED
BATCH-002013,chat_platform,2025-12-02,2025-12-02 01:21:00,2025-12-02 02:37:00,118,113,5,76,1.0,0,warning,ROW_REJECTED
BATCH-002014,workflow,2025-12-02,2025-12-02 01:24:00,2025-12-02 01:40:00,140,140,0,16,1.0,1,success,
BATCH-002015,workforce,2025-12-02,2025-12-02 01:17:00,2025-12-02 02:00:00,221,221,0,43,1.0,1,success,
BATCH-002016,calendar,2025-12-02,2025-12-02 01:16:00,2025-12-02 02:10:00,115,115,0,54,1.0,1,success,
BATCH-002017,crm,2025-12-03,2025-12-03 01:17:00,2025-12-03 01:40:00,94,94,0,23,1.1,1,success,
BATCH-002018,portal,2025-12-03,2025-12-03 01:21:00,2025-12-03 01:54:00,191,191,0,33,1.0,1,success,
BATCH-002019,chat_platform,2025-12-03,2025-12-03 01:04:00,2025-12-03 05:08:00,48,0,48,244,1.0,0,failed,SRC_UNAVAILABLE
BATCH-002020,workflow,2025-12-03,2025-12-03 01:07:00,2025-12-03 01:20:00,209,209,0,13,2.0,1,success,
BATCH-002021,workforce,2025-12-03,2025-12-03 01:09:00,2025-12-03 01:25:00,189,189,0,16,1.0,1,success,
BATCH-002022,calendar,2025-12-03,2025-12-03 01:25:00,2025-12-03 01:48:00,144,144,0,23,2.0,1,success,
BATCH-002023,crm,2025-12-04,2025-12-04 01:08:00,2025-12-04 01:16:00,125,125,0,8,1.0,1,success,
BATCH-002024,portal,2025-12-04,2025-12-04 01:09:00,2025-12-04 01:42:00,40,40,0,33,1.0,1,success,
BATCH-002025,chat_platform,2025-12-04,2025-12-04 01:13:00,2025-12-04 02:07:00,145,145,0,54,2.0,1,success,
BATCH-002026,workflow,2025-12-04,2025-12-04 01:05:00,2025-12-04 02:01:00,172,172,0,56,1.0,1,success,
BATCH-002027,workforce,2025-12-04,2025-12-04 01:28:00,2025-12-04 01:37:00,228,228,0,9,1.0,1,success,
BATCH-002028,calendar,2025-12-04,2025-12-04 01:15:00,2025-12-04 01:59:00,225,225,0,44,1.0,1,success,
BATCH-002029,crm,2025-12-05,2025-12-05 01:08:00,2025-12-05 01:49:00,134,134,0,41,1.1,1,success,
BATCH-002030,portal,2025-12-05,2025-12-05 01:01:00,2025-12-05 02:05:00,58,58,0,64,1.1,1,success,
BATCH-002031,chat_platform,2025-12-05,2025-12-05 01:14:00,2025-12-05 01:39:00,137,137,0,25,1.0,1,success,
BATCH-002032,workflow,2025-12-05,2025-12-05 01:13:00,2025-12-05 02:10:00,170,170,0,57,1.0,1,success,
BATCH-002033,workforce,2025-12-05,2025-12-05 01:13:00,2025-12-05 02:03:00,156,156,0,50,1.0,1,success,
BATCH-002034,calendar,2025-12-05,2025-12-05 01:02:00,2025-12-05 02:05:00,246,246,0,63,1.0,1,success,
BATCH-002035,crm,2025-12-06,2025-12-06 01:14:00,2025-12-06 02:06:00,169,169,0,52,1.1,1,success,
BATCH-002036,portal,2025-12-06,2025-12-06 01:24:00,2025-12-06 01:47:00,65,65,0,23,1.0,1,success,
BATCH-002037,chat_platform,2025-12-06,2025-12-06 01:13:00,2025-12-06 01:37:00,83,83,0,24,1.0,1,success,
BATCH-002038,workflow,2025-12-06,2025-12-06 01:03:00,2025-12-06 01:47:00,85,85,0,44,1.0,1,success,
BATCH-002039,workforce,2025-12-06,2025-12-06 01:24:00,2025-12-06 02:08:00,182,182,0,44,1.1,1,success,
BATCH-002040,calendar,2025-12-06,2025-12-06 01:08:00,2025-12-06 01:35:00,70,70,0,27,1.0,1,success,
BATCH-002041,crm,2025-12-07,2025-12-07 01:26:00,2025-12-07 03:26:00,153,143,10,120,1.1,1,warning,LATE_ARRIVAL
BATCH-002042,portal,2025-12-07,2025-12-07 01:26:00,2025-12-07 02:00:00,49,49,0,34,1.0,1,success,
BATCH-002043,chat_platform,2025-12-07,2025-12-07 01:23:00,2025-12-07 01:35:00,244,244,0,12,2.0,1,success,
BATCH-002044,workflow,2025-12-07,2025-12-07 01:18:00,2025-12-07 01:26:00,183,183,0,8,1.0,1,success,
BATCH-002045,workforce,2025-12-07,2025-12-07 01:16:00,2025-12-07 02:02:00,166,166,0,46,1.0,1,success,
BATCH-002046,calendar,2025-12-07,2025-12-07 01:20:00,2025-12-07 01:53:00,202,202,0,33,1.0,1,success,
BATCH-002047,crm,2025-12-08,2025-12-08 01:20:00,2025-12-08 01:40:00,119,119,0,20,1.1,1,success,
BATCH-002048,portal,2025-12-08,2025-12-08 01:13:00,2025-12-08 04:07:00,172,165,7,174,1.0,1,warning,LATE_ARRIVAL
BATCH-002049,chat_platform,2025-12-08,2025-12-08 01:08:00,2025-12-08 01:46:00,135,135,0,38,1.1,1,success,
BATCH-002050,workflow,2025-12-08,2025-12-08 01:03:00,2025-12-08 01:13:00,206,206,0,10,1.0,1,success,
BATCH-002051,workforce,2025-12-08,2025-12-08 01:09:00,2025-12-08 02:07:00,197,197,0,58,1.0,1,success,
BATCH-002052,calendar,2025-12-08,2025-12-08 01:06:00,2025-12-08 01:38:00,213,213,0,32,1.0,1,success,
BATCH-002053,crm,2025-12-09,2025-12-09 01:02:00,2025-12-09 01:49:00,185,185,0,47,1.0,1,success,
BATCH-002054,portal,2025-12-09,2025-12-09 01:16:00,2025-12-09 01:48:00,162,162,0,32,1.0,1,success,
BATCH-002055,chat_platform,2025-12-09,2025-12-09 01:22:00,2025-12-09 02:20:00,189,189,0,58,1.0,1,success,
BATCH-002056,workflow,2025-12-09,2025-12-09 01:18:00,2025-12-09 04:20:00,115,111,4,182,1.0,1,warning,LATE_ARRIVAL
BATCH-002057,workforce,2025-12-09,2025-12-09 01:05:00,2025-12-09 01:59:00,122,122,0,54,1.0,1,success,
BATCH-002058,calendar,2025-12-09,2025-12-09 01:07:00,2025-12-09 01:39:00,240,240,0,32,1.0,1,success,
BATCH-002059,crm,2025-12-10,2025-12-10 01:11:00,2025-12-10 01:27:00,216,216,0,16,1.0,1,success,
BATCH-002060,portal,2025-12-10,2025-12-10 01:02:00,2025-12-10 01:14:00,138,138,0,12,1.0,1,success,
BATCH-002061,chat_platform,2025-12-10,2025-12-10 01:04:00,2025-12-10 01:35:00,197,197,0,31,1.0,1,success,
BATCH-002062,workflow,2025-12-10,2025-12-10 01:23:00,2025-12-10 02:23:00,102,102,0,60,1.1,1,success,
BATCH-002063,workforce,2025-12-10,2025-12-10 01:06:00,2025-12-10 01:44:00,79,79,0,38,1.0,1,success,
BATCH-002064,calendar,2025-12-10,2025-12-10 01:02:00,2025-12-10 01:11:00,233,233,0,9,1.0,1,success,
BATCH-002065,crm,2025-12-11,2025-12-11 01:14:00,2025-12-11 04:28:00,84,79,5,194,1.0,0,warning,LATE_ARRIVAL
BATCH-002066,portal,2025-12-11,2025-12-11 01:24:00,2025-12-11 01:37:00,239,239,0,13,1.1,1,success,
BATCH-002067,chat_platform,2025-12-11,2025-12-11 01:22:00,2025-12-11 01:44:00,244,244,0,22,2.0,1,success,
BATCH-002068,workflow,2025-12-11,2025-12-11 01:07:00,2025-12-11 01:37:00,160,160,0,30,1.0,1,success,
BATCH-002069,workforce,2025-12-11,2025-12-11 01:03:00,2025-12-11 01:13:00,254,254,0,10,1.0,1,success,
BATCH-002070,calendar,2025-12-11,2025-12-11 01:18:00,2025-12-11 02:12:00,118,118,0,54,1.0,1,success,
BATCH-002071,crm,2025-12-12,2025-12-12 01:18:00,2025-12-12 01:55:00,59,59,0,37,1.0,1,success,
BATCH-002072,portal,2025-12-12,2025-12-12 01:26:00,2025-12-12 01:55:00,207,207,0,29,1.0,1,success,
BATCH-002073,chat_platform,2025-12-12,2025-12-12 01:20:00,2025-12-12 02:45:00,48,45,3,85,1.0,1,warning,LATE_ARRIVAL
BATCH-002074,workflow,2025-12-12,2025-12-12 01:03:00,2025-12-12 01:19:00,170,170,0,16,1.1,1,success,
BATCH-002075,workforce,2025-12-12,2025-12-12 01:02:00,2025-12-12 01:35:00,79,79,0,33,1.0,1,success,
BATCH-002076,calendar,2025-12-12,2025-12-12 01:20:00,2025-12-12 02:19:00,209,209,0,59,1.0,1,success,
BATCH-002077,crm,2025-12-13,2025-12-13 01:00:00,2025-12-13 01:51:00,119,119,0,51,1.0,1,success,
BATCH-002078,portal,2025-12-13,2025-12-13 01:25:00,2025-12-13 02:11:00,124,124,0,46,1.0,1,success,
BATCH-002079,chat_platform,2025-12-13,2025-12-13 01:26:00,2025-12-13 02:12:00,87,87,0,46,1.0,1,success,
BATCH-002080,workflow,2025-12-13,2025-12-13 01:10:00,2025-12-13 01:20:00,212,212,0,10,1.0,1,success,
BATCH-002081,workforce,2025-12-13,2025-12-13 01:16:00,2025-12-13 02:05:00,53,53,0,49,1.0,1,success,
BATCH-002082,calendar,2025-12-13,2025-12-13 01:26:00,2025-12-13 02:05:00,153,153,0,39,1.0,1,success,
BATCH-002083,crm,2025-12-14,2025-12-14 01:28:00,2025-12-14 01:52:00,138,138,0,24,1.0,1,success,
BATCH-002084,portal,2025-12-14,2025-12-14 01:28:00,2025-12-14 02:00:00,179,179,0,32,1.1,1,success,
BATCH-002085,chat_platform,2025-12-14,2025-12-14 01:10:00,2025-12-14 08:54:00,71,0,71,464,1.0,0,failed,SRC_UNAVAILABLE
BATCH-002086,workflow,2025-12-14,2025-12-14 01:21:00,2025-12-14 02:14:00,133,133,0,53,2.0,1,success,
BATCH-002087,workforce,2025-12-14,2025-12-14 01:11:00,2025-12-14 02:02:00,97,97,0,51,1.1,1,success,
BATCH-002088,calendar,2025-12-14,2025-12-14 01:03:00,2025-12-14 01:57:00,146,146,0,54,1.0,1,success,
BATCH-002089,crm,2025-12-15,2025-12-15 01:04:00,2025-12-15 01:20:00,180,180,0,16,1.0,1,success,
BATCH-002090,portal,2025-12-15,2025-12-15 01:18:00,2025-12-15 02:03:00,177,177,0,45,1.0,1,success,
BATCH-002091,chat_platform,2025-12-15,2025-12-15 01:21:00,2025-12-15 02:23:00,211,211,0,62,1.0,1,success,
BATCH-002092,workflow,2025-12-15,2025-12-15 01:12:00,2025-12-15 02:08:00,165,165,0,56,1.0,1,success,
BATCH-002093,workforce,2025-12-15,2025-12-15 01:07:00,2025-12-15 01:32:00,110,110,0,25,1.1,1,success,
BATCH-002094,calendar,2025-12-15,2025-12-15 01:25:00,2025-12-15 01:45:00,184,184,0,20,1.0,1,success,
BATCH-002095,crm,2025-12-16,2025-12-16 01:11:00,2025-12-16 01:26:00,79,79,0,15,1.0,1,success,
BATCH-002096,portal,2025-12-16,2025-12-16 01:04:00,2025-12-16 01:18:00,26,26,0,14,1.0,1,success,
BATCH-002097,chat_platform,2025-12-16,2025-12-16 01:13:00,2025-12-16 01:21:00,178,178,0,8,1.0,1,success,
BATCH-002098,workflow,2025-12-16,2025-12-16 01:13:00,2025-12-16 01:48:00,255,255,0,35,1.1,1,success,
BATCH-002099,workforce,2025-12-16,2025-12-16 01:25:00,2025-12-16 02:15:00,156,156,0,50,1.0,1,success,
BATCH-002100,calendar,2025-12-16,2025-12-16 01:17:00,2025-12-16 02:40:00,106,99,7,83,1.0,1,warning,SCHEMA_DRIFT
BATCH-002101,crm,2025-12-17,2025-12-17 01:03:00,2025-12-17 01:42:00,220,220,0,39,1.0,1,success,
BATCH-002102,portal,2025-12-17,2025-12-17 01:21:00,2025-12-17 02:19:00,257,257,0,58,1.0,1,success,
BATCH-002103,chat_platform,2025-12-17,2025-12-17 01:11:00,2025-12-17 02:03:00,30,30,0,52,2.0,1,success,
BATCH-002104,workflow,2025-12-17,2025-12-17 01:08:00,2025-12-17 02:07:00,198,198,0,59,1.0,1,success,
BATCH-002105,workforce,2025-12-17,2025-12-17 01:13:00,2025-12-17 01:51:00,230,230,0,38,1.0,1,success,
BATCH-002106,calendar,2025-12-17,2025-12-17 01:14:00,2025-12-17 01:55:00,35,35,0,41,1.0,1,success,
BATCH-002107,crm,2025-12-18,2025-12-18 01:13:00,2025-12-18 02:03:00,53,53,0,50,1.0,1,success,
BATCH-002108,portal,2025-12-18,2025-12-18 01:29:00,2025-12-18 01:40:00,186,186,0,11,1.1,1,success,
BATCH-002109,chat_platform,2025-12-18,2025-12-18 01:02:00,2025-12-18 01:24:00,214,214,0,22,1.0,1,success,
BATCH-002110,workflow,2025-12-18,2025-12-18 01:00:00,2025-12-18 01:58:00,193,193,0,58,1.0,1,success,
BATCH-002111,workforce,2025-12-18,2025-12-18 01:27:00,2025-12-18 02:18:00,81,81,0,51,1.1,1,success,
BATCH-002112,calendar,2025-12-18,2025-12-18 01:05:00,2025-12-18 02:08:00,128,128,0,63,1.1,1,success,
BATCH-002113,crm,2025-12-19,2025-12-19 01:21:00,2025-12-19 02:21:00,232,232,0,60,1.0,1,success,
BATCH-002114,portal,2025-12-19,2025-12-19 01:28:00,2025-12-19 02:25:00,62,62,0,57,1.0,1,success,
BATCH-002115,chat_platform,2025-12-19,2025-12-19 01:27:00,2025-12-19 02:13:00,249,249,0,46,1.1,1,success,
BATCH-002116,workflow,2025-12-19,2025-12-19 01:17:00,2025-12-19 04:59:00,42,40,2,222,1.1,0,warning,SCHEMA_DRIFT
BATCH-002117,workforce,2025-12-19,2025-12-19 01:07:00,2025-12-19 02:01:00,118,118,0,54,1.0,1,success,
BATCH-002118,calendar,2025-12-19,2025-12-19 01:02:00,2025-12-19 01:32:00,90,90,0,30,1.0,1,success,
BATCH-002119,crm,2025-12-20,2025-12-20 01:03:00,2025-12-20 01:14:00,39,39,0,11,1.0,1,success,
BATCH-002120,portal,2025-12-20,2025-12-20 01:22:00,2025-12-20 01:28:00,176,176,0,6,1.0,1,success,
BATCH-002121,chat_platform,2025-12-20,2025-12-20 01:09:00,2025-12-20 02:03:00,34,34,0,54,1.0,1,success,
BATCH-002122,workflow,2025-12-20,2025-12-20 01:14:00,2025-12-20 02:13:00,180,180,0,59,1.0,1,success,
BATCH-002123,workforce,2025-12-20,2025-12-20 01:18:00,2025-12-20 01:49:00,123,123,0,31,1.1,1,success,
BATCH-002124,calendar,2025-12-20,2025-12-20 01:23:00,2025-12-20 01:38:00,227,227,0,15,1.0,1,success,
BATCH-002125,crm,2025-12-21,2025-12-21 01:27:00,2025-12-21 02:21:00,157,157,0,54,1.0,1,success,
BATCH-002126,portal,2025-12-21,2025-12-21 01:07:00,2025-12-21 01:50:00,28,28,0,43,1.0,1,success,
BATCH-002127,chat_platform,2025-12-21,2025-12-21 01:11:00,2025-12-21 01:54:00,108,108,0,43,1.0,1,success,
BATCH-002128,workflow,2025-12-21,2025-12-21 01:12:00,2025-12-21 02:01:00,155,155,0,49,1.0,1,success,
BATCH-002129,workforce,2025-12-21,2025-12-21 01:03:00,2025-12-21 01:45:00,79,79,0,42,1.0,1,success,
BATCH-002130,calendar,2025-12-21,2025-12-21 01:14:00,2025-12-21 04:03:00,218,211,7,169,1.0,1,warning,LATE_ARRIVAL
BATCH-002131,crm,2025-12-22,2025-12-22 01:14:00,2025-12-22 01:41:00,143,143,0,27,1.0,1,success,
BATCH-002132,portal,2025-12-22,2025-12-22 01:18:00,2025-12-22 02:13:00,26,26,0,55,1.0,1,success,
BATCH-002133,chat_platform,2025-12-22,2025-12-22 01:03:00,2025-12-22 01:47:00,165,165,0,44,1.0,1,success,
BATCH-002134,workflow,2025-12-22,2025-12-22 01:12:00,2025-12-22 01:18:00,247,247,0,6,1.0,1,success,
BATCH-002135,workforce,2025-12-22,2025-12-22 01:10:00,2025-12-22 02:04:00,259,259,0,54,1.0,1,success,
BATCH-002136,calendar,2025-12-22,2025-12-22 01:17:00,2025-12-22 02:10:00,42,42,0,53,1.0,1,success,
BATCH-002137,crm,2025-12-23,2025-12-23 01:10:00,2025-12-23 05:03:00,47,46,1,233,1.1,1,warning,SCHEMA_DRIFT
BATCH-002138,portal,2025-12-23,2025-12-23 01:13:00,2025-12-23 01:57:00,102,102,0,44,1.0,1,success,
BATCH-002139,chat_platform,2025-12-23,2025-12-23 01:06:00,2025-12-23 01:53:00,244,244,0,47,1.0,1,success,
BATCH-002140,workflow,2025-12-23,2025-12-23 01:10:00,2025-12-23 02:13:00,215,215,0,63,1.0,1,success,
BATCH-002141,workforce,2025-12-23,2025-12-23 01:18:00,2025-12-23 02:22:00,237,237,0,64,1.0,1,success,
BATCH-002142,calendar,2025-12-23,2025-12-23 01:21:00,2025-12-23 01:53:00,86,86,0,32,1.1,1,success,
BATCH-002143,crm,2025-12-24,2025-12-24 01:23:00,2025-12-24 04:18:00,30,29,1,175,1.0,1,warning,SCHEMA_DRIFT
BATCH-002144,portal,2025-12-24,2025-12-24 01:22:00,2025-12-24 01:30:00,94,94,0,8,1.0,1,success,
BATCH-002145,chat_platform,2025-12-24,2025-12-24 01:13:00,2025-12-24 01:39:00,52,52,0,26,1.0,1,success,
BATCH-002146,workflow,2025-12-24,2025-12-24 01:19:00,2025-12-24 01:59:00,196,196,0,40,1.1,1,success,
BATCH-002147,workforce,2025-12-24,2025-12-24 01:25:00,2025-12-24 02:06:00,165,165,0,41,1.0,1,success,
BATCH-002148,calendar,2025-12-24,2025-12-24 01:13:00,2025-12-24 02:04:00,164,164,0,51,1.0,1,success,
BATCH-002149,crm,2025-12-25,2025-12-25 01:18:00,2025-12-25 01:43:00,255,255,0,25,1.0,1,success,
BATCH-002150,portal,2025-12-25,2025-12-25 01:19:00,2025-12-25 01:38:00,61,61,0,19,1.0,1,success,
BATCH-002151,chat_platform,2025-12-25,2025-12-25 01:18:00,2025-12-25 01:42:00,246,246,0,24,1.0,1,success,
BATCH-002152,workflow,2025-12-25,2025-12-25 01:16:00,2025-12-25 04:28:00,166,161,5,192,1.0,1,warning,SCHEMA_DRIFT
BATCH-002153,workforce,2025-12-25,2025-12-25 01:08:00,2025-12-25 01:36:00,140,140,0,28,1.0,1,success,
BATCH-002154,calendar,2025-12-25,2025-12-25 01:06:00,2025-12-25 04:37:00,217,202,15,211,1.1,1,warning,ROW_REJECTED
BATCH-002155,crm,2025-12-26,2025-12-26 01:18:00,2025-12-26 01:52:00,81,81,0,34,1.1,1,success,
BATCH-002156,portal,2025-12-26,2025-12-26 01:16:00,2025-12-26 01:55:00,179,179,0,39,1.0,1,success,
BATCH-002157,chat_platform,2025-12-26,2025-12-26 01:15:00,2025-12-26 01:52:00,38,38,0,37,1.0,1,success,
BATCH-002158,workflow,2025-12-26,2025-12-26 01:14:00,2025-12-26 02:16:00,52,52,0,62,1.0,1,success,
BATCH-002159,workforce,2025-12-26,2025-12-26 01:04:00,2025-12-26 01:15:00,43,43,0,11,1.0,1,success,
BATCH-002160,calendar,2025-12-26,2025-12-26 01:21:00,2025-12-26 01:30:00,244,244,0,9,1.0,1,success,
BATCH-002161,crm,2025-12-27,2025-12-27 01:29:00,2025-12-27 02:10:00,140,140,0,41,1.0,1,success,
BATCH-002162,portal,2025-12-27,2025-12-27 01:12:00,2025-12-27 02:16:00,243,243,0,64,1.1,1,success,
BATCH-002163,chat_platform,2025-12-27,2025-12-27 01:19:00,2025-12-27 02:12:00,44,44,0,53,1.0,1,success,
BATCH-002164,workflow,2025-12-27,2025-12-27 01:05:00,2025-12-27 01:38:00,100,100,0,33,1.0,1,success,
BATCH-002165,workforce,2025-12-27,2025-12-27 01:24:00,2025-12-27 02:02:00,176,176,0,38,1.0,1,success,
BATCH-002166,calendar,2025-12-27,2025-12-27 01:27:00,2025-12-27 02:28:00,47,47,0,61,1.1,1,success,
BATCH-002167,crm,2025-12-28,2025-12-28 01:10:00,2025-12-28 01:18:00,246,246,0,8,1.0,1,success,
BATCH-002168,portal,2025-12-28,2025-12-28 01:19:00,2025-12-28 01:33:00,122,122,0,14,1.1,1,success,
BATCH-002169,chat_platform,2025-12-28,2025-12-28 01:18:00,2025-12-28 02:15:00,241,241,0,57,1.0,1,success,
BATCH-002170,workflow,2025-12-28,2025-12-28 01:04:00,2025-12-28 01:39:00,106,106,0,35,1.0,1,success,
BATCH-002171,workforce,2025-12-28,2025-12-28 01:21:00,2025-12-28 02:17:00,206,206,0,56,1.0,1,success,
BATCH-002172,calendar,2025-12-28,2025-12-28 01:15:00,2025-12-28 04:26:00,185,179,6,191,1.0,0,warning,ROW_REJECTED
BATCH-002173,crm,2025-12-29,2025-12-29 01:23:00,2025-12-29 02:39:00,220,207,13,76,1.0,1,warning,SCHEMA_DRIFT
BATCH-002174,portal,2025-12-29,2025-12-29 01:15:00,2025-12-29 01:28:00,81,81,0,13,1.0,1,success,
BATCH-002175,chat_platform,2025-12-29,2025-12-29 01:03:00,2025-12-29 01:38:00,242,242,0,35,1.0,1,success,
BATCH-002176,workflow,2025-12-29,2025-12-29 01:14:00,2025-12-29 01:26:00,52,52,0,12,1.0,1,success,
BATCH-002177,workforce,2025-12-29,2025-12-29 01:11:00,2025-12-29 02:09:00,159,159,0,58,1.0,1,success,
BATCH-002178,calendar,2025-12-29,2025-12-29 01:18:00,2025-12-29 02:16:00,139,139,0,58,1.1,1,success,
BATCH-002179,crm,2025-12-30,2025-12-30 01:16:00,2025-12-30 01:59:00,173,173,0,43,1.0,1,success,
BATCH-002180,portal,2025-12-30,2025-12-30 01:17:00,2025-12-30 01:38:00,244,244,0,21,1.1,1,success,
BATCH-002181,chat_platform,2025-12-30,2025-12-30 01:08:00,2025-12-30 02:09:00,156,156,0,61,1.0,1,success,
BATCH-002182,workflow,2025-12-30,2025-12-30 01:04:00,2025-12-30 01:39:00,103,103,0,35,1.0,1,success,
BATCH-002183,workforce,2025-12-30,2025-12-30 01:13:00,2025-12-30 01:50:00,94,94,0,37,1.1,1,success,
BATCH-002184,calendar,2025-12-30,2025-12-30 01:02:00,2025-12-30 03:32:00,195,188,7,150,1.0,0,warning,SCHEMA_DRIFT
BATCH-002185,crm,2025-12-31,2025-12-31 01:27:00,2025-12-31 01:44:00,87,87,0,17,1.0,1,success,
BATCH-002186,portal,2025-12-31,2025-12-31 01:18:00,2025-12-31 01:54:00,210,210,0,36,1.0,1,success,
BATCH-002187,chat_platform,2025-12-31,2025-12-31 01:13:00,2025-12-31 01:55:00,120,120,0,42,1.0,1,success,
BATCH-002188,workflow,2025-12-31,2025-12-31 01:12:00,2025-12-31 01:20:00,239,239,0,8,1.0,1,success,
BATCH-002189,workforce,2025-12-31,2025-12-31 01:21:00,2025-12-31 01:47:00,63,63,0,26,1.1,1,success,
BATCH-002190,calendar,2025-12-31,2025-12-31 01:29:00,2025-12-31 01:35:00,162,162,0,6,1.0,1,success,
BATCH-002191,crm,2026-01-01,2026-01-01 01:17:00,2026-01-01 01:45:00,162,162,0,28,1.0,1,success,
BATCH-002192,portal,2026-01-01,2026-01-01 01:15:00,2026-01-01 01:34:00,140,140,0,19,1.0,1,success,
BATCH-002193,chat_platform,2026-01-01,2026-01-01 01:29:00,2026-01-01 02:03:00,195,195,0,34,1.1,1,success,
BATCH-002194,workflow,2026-01-01,2026-01-01 01:11:00,2026-01-01 01:55:00,79,79,0,44,1.0,1,success,
BATCH-002195,workforce,2026-01-01,2026-01-01 01:27:00,2026-01-01 02:27:00,221,221,0,60,1.0,1,success,
BATCH-002196,calendar,2026-01-01,2026-01-01 01:07:00,2026-01-01 01:12:00,186,186,0,5,1.1,1,success,
BATCH-002197,crm,2026-01-02,2026-01-02 01:28:00,2026-01-02 02:25:00,156,156,0,57,1.0,1,success,
BATCH-002198,portal,2026-01-02,2026-01-02 01:11:00,2026-01-02 02:06:00,91,91,0,55,1.0,1,success,
BATCH-002199,chat_platform,2026-01-02,2026-01-02 01:24:00,2026-01-02 02:25:00,31,31,0,61,1.0,1,success,
BATCH-002200,workflow,2026-01-02,2026-01-02 01:10:00,2026-01-02 02:00:00,116,116,0,50,1.0,1,success,
BATCH-002201,workforce,2026-01-02,2026-01-02 01:20:00,2026-01-02 01:38:00,169,169,0,18,1.0,1,success,
BATCH-002202,calendar,2026-01-02,2026-01-02 01:03:00,2026-01-02 01:57:00,258,258,0,54,1.0,1,success,
BATCH-002203,crm,2026-01-03,2026-01-03 01:06:00,2026-01-03 01:57:00,175,175,0,51,1.0,1,success,
BATCH-002204,portal,2026-01-03,2026-01-03 01:21:00,2026-01-03 02:01:00,106,106,0,40,1.0,1,success,
BATCH-002205,chat_platform,2026-01-03,2026-01-03 01:07:00,2026-01-03 04:04:00,49,46,3,177,1.0,1,warning,LATE_ARRIVAL
BATCH-002206,workflow,2026-01-03,2026-01-03 01:03:00,2026-01-03 01:49:00,32,32,0,46,1.1,1,success,
BATCH-002207,workforce,2026-01-03,2026-01-03 01:00:00,2026-01-03 01:30:00,150,150,0,30,1.0,1,success,
BATCH-002208,calendar,2026-01-03,2026-01-03 01:09:00,2026-01-03 01:22:00,70,70,0,13,1.0,1,success,
BATCH-002209,crm,2026-01-04,2026-01-04 01:06:00,2026-01-04 01:26:00,136,136,0,20,1.1,1,success,
BATCH-002210,portal,2026-01-04,2026-01-04 01:21:00,2026-01-04 01:40:00,97,97,0,19,1.0,1,success,
BATCH-002211,chat_platform,2026-01-04,2026-01-04 01:22:00,2026-01-04 02:23:00,70,70,0,61,1.0,1,success,
BATCH-002212,workflow,2026-01-04,2026-01-04 01:09:00,2026-01-04 01:26:00,231,231,0,17,1.1,1,success,
BATCH-002213,workforce,2026-01-04,2026-01-04 01:05:00,2026-01-04 01:33:00,31,31,0,28,1.0,1,success,
BATCH-002214,calendar,2026-01-04,2026-01-04 01:02:00,2026-01-04 01:49:00,55,55,0,47,1.0,1,success,
BATCH-002215,crm,2026-01-05,2026-01-05 01:19:00,2026-01-05 05:09:00,183,175,8,230,1.0,0,warning,LATE_ARRIVAL
BATCH-002216,portal,2026-01-05,2026-01-05 01:20:00,2026-01-05 01:39:00,231,231,0,19,1.0,1,success,
BATCH-002217,chat_platform,2026-01-05,2026-01-05 01:17:00,2026-01-05 01:52:00,121,121,0,35,1.0,1,success,
BATCH-002218,workflow,2026-01-05,2026-01-05 01:07:00,2026-01-05 01:52:00,175,175,0,45,1.0,1,success,
BATCH-002219,workforce,2026-01-05,2026-01-05 01:28:00,2026-01-05 02:13:00,209,209,0,45,1.0,1,success,
BATCH-002220,calendar,2026-01-05,2026-01-05 01:00:00,2026-01-05 01:27:00,237,237,0,27,1.0,1,success,
BATCH-002221,crm,2026-01-06,2026-01-06 01:19:00,2026-01-06 04:24:00,217,213,4,185,1.0,0,warning,ROW_REJECTED
BATCH-002222,portal,2026-01-06,2026-01-06 01:12:00,2026-01-06 02:16:00,167,167,0,64,1.0,1,success,
BATCH-002223,chat_platform,2026-01-06,2026-01-06 01:15:00,2026-01-06 01:49:00,29,29,0,34,1.0,1,success,
BATCH-002224,workflow,2026-01-06,2026-01-06 01:02:00,2026-01-06 01:16:00,147,147,0,14,1.0,1,success,
BATCH-002225,workforce,2026-01-06,2026-01-06 01:00:00,2026-01-06 01:47:00,165,165,0,47,1.0,1,success,
BATCH-002226,calendar,2026-01-06,2026-01-06 01:24:00,2026-01-06 01:38:00,255,255,0,14,1.0,1,success,
BATCH-002227,crm,2026-01-07,2026-01-07 01:01:00,2026-01-07 01:54:00,212,212,0,53,1.0,1,success,
BATCH-002228,portal,2026-01-07,2026-01-07 01:22:00,2026-01-07 01:49:00,202,202,0,27,1.1,1,success,
BATCH-002229,chat_platform,2026-01-07,2026-01-07 01:20:00,2026-01-07 01:48:00,133,133,0,28,1.0,1,success,
BATCH-002230,workflow,2026-01-07,2026-01-07 01:09:00,2026-01-07 01:51:00,206,206,0,42,1.0,1,success,
BATCH-002231,workforce,2026-01-07,2026-01-07 01:29:00,2026-01-07 02:14:00,179,179,0,45,1.0,1,success,
BATCH-002232,calendar,2026-01-07,2026-01-07 01:12:00,2026-01-07 01:24:00,86,86,0,12,1.0,1,success,
BATCH-002233,crm,2026-01-08,2026-01-08 01:15:00,2026-01-08 01:54:00,51,51,0,39,1.1,1,success,
BATCH-002234,portal,2026-01-08,2026-01-08 01:13:00,2026-01-08 02:04:00,53,53,0,51,1.0,1,success,
BATCH-002235,chat_platform,2026-01-08,2026-01-08 01:25:00,2026-01-08 02:12:00,38,38,0,47,1.0,1,success,
BATCH-002236,workflow,2026-01-08,2026-01-08 01:03:00,2026-01-08 01:30:00,149,149,0,27,2.0,1,success,
BATCH-002237,workforce,2026-01-08,2026-01-08 01:11:00,2026-01-08 01:21:00,250,250,0,10,2.0,1,success,
BATCH-002238,calendar,2026-01-08,2026-01-08 01:06:00,2026-01-08 01:12:00,117,117,0,6,1.0,1,success,
BATCH-002239,crm,2026-01-09,2026-01-09 01:18:00,2026-01-09 01:32:00,29,29,0,14,1.0,1,success,
BATCH-002240,portal,2026-01-09,2026-01-09 01:07:00,2026-01-09 01:16:00,31,31,0,9,1.0,1,success,
BATCH-002241,chat_platform,2026-01-09,2026-01-09 01:28:00,2026-01-09 01:42:00,147,147,0,14,1.0,1,success,
BATCH-002242,workflow,2026-01-09,2026-01-09 01:17:00,2026-01-09 02:20:00,257,257,0,63,1.0,1,success,
BATCH-002243,workforce,2026-01-09,2026-01-09 01:14:00,2026-01-09 01:25:00,59,59,0,11,1.0,1,success,
BATCH-002244,calendar,2026-01-09,2026-01-09 01:06:00,2026-01-09 01:55:00,240,240,0,49,1.1,1,success,
BATCH-002245,crm,2026-01-10,2026-01-10 01:05:00,2026-01-10 02:05:00,36,36,0,60,1.0,1,success,
BATCH-002246,portal,2026-01-10,2026-01-10 01:28:00,2026-01-10 02:04:00,36,36,0,36,1.1,1,success,
BATCH-002247,chat_platform,2026-01-10,2026-01-10 01:00:00,2026-01-10 01:51:00,67,67,0,51,1.0,1,success,
BATCH-002248,workflow,2026-01-10,2026-01-10 01:19:00,2026-01-10 01:26:00,202,202,0,7,2.0,1,success,
BATCH-002249,workforce,2026-01-10,2026-01-10 01:26:00,2026-01-10 01:33:00,230,230,0,7,1.1,1,success,
BATCH-002250,calendar,2026-01-10,2026-01-10 01:10:00,2026-01-10 01:25:00,253,253,0,15,1.0,1,success,
BATCH-002251,crm,2026-01-11,2026-01-11 01:28:00,2026-01-11 02:14:00,106,106,0,46,1.0,1,success,
BATCH-002252,portal,2026-01-11,2026-01-11 01:28:00,2026-01-11 01:57:00,92,92,0,29,1.0,1,success,
BATCH-002253,chat_platform,2026-01-11,2026-01-11 01:10:00,2026-01-11 01:52:00,158,158,0,42,1.0,1,success,
BATCH-002254,workflow,2026-01-11,2026-01-11 01:18:00,2026-01-11 03:07:00,55,54,1,109,1.0,0,warning,ROW_REJECTED
BATCH-002255,workforce,2026-01-11,2026-01-11 01:23:00,2026-01-11 02:10:00,151,151,0,47,1.0,1,success,
BATCH-002256,calendar,2026-01-11,2026-01-11 01:22:00,2026-01-11 02:06:00,169,169,0,44,1.0,1,success,
BATCH-002257,crm,2026-01-12,2026-01-12 01:11:00,2026-01-12 02:05:00,126,126,0,54,1.0,1,success,
BATCH-002258,portal,2026-01-12,2026-01-12 01:20:00,2026-01-12 02:20:00,229,229,0,60,1.0,1,success,
BATCH-002259,chat_platform,2026-01-12,2026-01-12 01:23:00,2026-01-12 01:29:00,154,154,0,6,1.0,1,success,
BATCH-002260,workflow,2026-01-12,2026-01-12 01:03:00,2026-01-12 01:26:00,240,240,0,23,1.0,1,success,
BATCH-002261,workforce,2026-01-12,2026-01-12 01:24:00,2026-01-12 01:54:00,178,178,0,30,1.0,1,success,
BATCH-002262,calendar,2026-01-12,2026-01-12 01:22:00,2026-01-12 12:06:00,247,0,247,644,2.0,0,failed,SRC_UNAVAILABLE
BATCH-002263,crm,2026-01-13,2026-01-13 01:13:00,2026-01-13 01:34:00,152,152,0,21,1.0,1,success,
BATCH-002264,portal,2026-01-13,2026-01-13 01:05:00,2026-01-13 01:17:00,75,75,0,12,1.0,1,success,
BATCH-002265,chat_platform,2026-01-13,2026-01-13 01:03:00,2026-01-13 01:16:00,248,248,0,13,1.0,1,success,
BATCH-002266,workflow,2026-01-13,2026-01-13 01:18:00,2026-01-13 01:38:00,235,235,0,20,1.0,1,success,
BATCH-002267,workforce,2026-01-13,2026-01-13 01:10:00,2026-01-13 01:57:00,185,185,0,47,1.0,1,success,
BATCH-002268,calendar,2026-01-13,2026-01-13 01:14:00,2026-01-13 01:21:00,173,173,0,7,1.0,1,success,
BATCH-002269,crm,2026-01-14,2026-01-14 01:03:00,2026-01-14 01:18:00,258,258,0,15,1.0,1,success,
BATCH-002270,portal,2026-01-14,2026-01-14 01:02:00,2026-01-14 01:29:00,152,152,0,27,1.0,1,success,
BATCH-002271,chat_platform,2026-01-14,2026-01-14 01:23:00,2026-01-14 01:48:00,210,210,0,25,1.0,1,success,
BATCH-002272,workflow,2026-01-14,2026-01-14 01:17:00,2026-01-14 02:01:00,245,245,0,44,1.0,1,success,
BATCH-002273,workforce,2026-01-14,2026-01-14 01:09:00,2026-01-14 01:29:00,44,44,0,20,1.0,1,success,
BATCH-002274,calendar,2026-01-14,2026-01-14 01:10:00,2026-01-14 01:29:00,124,124,0,19,1.0,1,success,
BATCH-002275,crm,2026-01-15,2026-01-15 01:18:00,2026-01-15 05:07:00,246,240,6,229,1.0,1,warning,SCHEMA_DRIFT
BATCH-002276,portal,2026-01-15,2026-01-15 01:25:00,2026-01-15 01:55:00,145,145,0,30,1.0,1,success,
BATCH-002277,chat_platform,2026-01-15,2026-01-15 01:21:00,2026-01-15 02:24:00,146,146,0,63,1.0,1,success,
BATCH-002278,workflow,2026-01-15,2026-01-15 01:20:00,2026-01-15 02:13:00,121,121,0,53,1.0,1,success,
BATCH-002279,workforce,2026-01-15,2026-01-15 01:11:00,2026-01-15 01:57:00,176,176,0,46,1.0,1,success,
BATCH-002280,calendar,2026-01-15,2026-01-15 01:08:00,2026-01-15 02:09:00,44,44,0,61,1.0,1,success,
BATCH-002281,crm,2026-01-16,2026-01-16 01:08:00,2026-01-16 01:57:00,115,115,0,49,1.0,1,success,
BATCH-002282,portal,2026-01-16,2026-01-16 01:11:00,2026-01-16 01:20:00,77,77,0,9,1.0,1,success,
BATCH-002283,chat_platform,2026-01-16,2026-01-16 01:21:00,2026-01-16 01:41:00,29,29,0,20,1.0,1,success,
BATCH-002284,workflow,2026-01-16,2026-01-16 01:16:00,2026-01-16 01:34:00,242,242,0,18,2.0,1,success,
BATCH-002285,workforce,2026-01-16,2026-01-16 01:21:00,2026-01-16 02:07:00,216,216,0,46,1.0,1,success,
BATCH-002286,calendar,2026-01-16,2026-01-16 01:17:00,2026-01-16 01:31:00,176,176,0,14,1.0,1,success,
BATCH-002287,crm,2026-01-17,2026-01-17 01:01:00,2026-01-17 02:47:00,246,236,10,106,1.0,1,warning,SCHEMA_DRIFT
BATCH-002288,portal,2026-01-17,2026-01-17 01:02:00,2026-01-17 01:53:00,75,75,0,51,1.1,1,success,
BATCH-002289,chat_platform,2026-01-17,2026-01-17 01:01:00,2026-01-17 01:15:00,87,87,0,14,1.0,1,success,
BATCH-002290,workflow,2026-01-17,2026-01-17 01:20:00,2026-01-17 03:25:00,170,165,5,125,1.1,1,warning,LATE_ARRIVAL
BATCH-002291,workforce,2026-01-17,2026-01-17 01:25:00,2026-01-17 02:13:00,36,36,0,48,1.0,1,success,
BATCH-002292,calendar,2026-01-17,2026-01-17 01:24:00,2026-01-17 01:37:00,76,76,0,13,1.0,1,success,
BATCH-002293,crm,2026-01-18,2026-01-18 01:13:00,2026-01-18 01:36:00,257,257,0,23,1.0,1,success,
BATCH-002294,portal,2026-01-18,2026-01-18 01:04:00,2026-01-18 01:22:00,257,257,0,18,1.0,1,success,
BATCH-002295,chat_platform,2026-01-18,2026-01-18 01:02:00,2026-01-18 01:29:00,73,73,0,27,1.0,1,success,
BATCH-002296,workflow,2026-01-18,2026-01-18 01:08:00,2026-01-18 01:46:00,172,172,0,38,1.0,1,success,
BATCH-002297,workforce,2026-01-18,2026-01-18 01:00:00,2026-01-18 01:15:00,80,80,0,15,1.0,1,success,
BATCH-002298,calendar,2026-01-18,2026-01-18 01:11:00,2026-01-18 02:07:00,80,80,0,56,1.0,1,success,
BATCH-002299,crm,2026-01-19,2026-01-19 01:17:00,2026-01-19 01:41:00,62,62,0,24,1.0,1,success,
BATCH-002300,portal,2026-01-19,2026-01-19 01:09:00,2026-01-19 01:20:00,193,193,0,11,1.0,1,success,
BATCH-002301,chat_platform,2026-01-19,2026-01-19 01:13:00,2026-01-19 02:07:00,134,134,0,54,1.0,1,success,
BATCH-002302,workflow,2026-01-19,2026-01-19 01:09:00,2026-01-19 01:48:00,43,43,0,39,1.0,1,success,
BATCH-002303,workforce,2026-01-19,2026-01-19 01:10:00,2026-01-19 01:16:00,204,204,0,6,1.1,1,success,
BATCH-002304,calendar,2026-01-19,2026-01-19 01:20:00,2026-01-19 02:22:00,141,141,0,62,1.1,1,success,
BATCH-002305,crm,2026-01-20,2026-01-20 01:19:00,2026-01-20 01:24:00,215,215,0,5,1.0,1,success,
BATCH-002306,portal,2026-01-20,2026-01-20 01:05:00,2026-01-20 01:37:00,131,131,0,32,1.0,1,success,
BATCH-002307,chat_platform,2026-01-20,2026-01-20 01:00:00,2026-01-20 01:41:00,202,202,0,41,1.0,1,success,
BATCH-002308,workflow,2026-01-20,2026-01-20 01:24:00,2026-01-20 01:52:00,77,77,0,28,1.0,1,success,
BATCH-002309,workforce,2026-01-20,2026-01-20 01:07:00,2026-01-20 01:56:00,158,158,0,49,1.0,1,success,
BATCH-002310,calendar,2026-01-20,2026-01-20 01:07:00,2026-01-20 02:19:00,61,60,1,72,1.0,1,warning,LATE_ARRIVAL
BATCH-002311,crm,2026-01-21,2026-01-21 01:16:00,2026-01-21 01:41:00,246,246,0,25,1.0,1,success,
BATCH-002312,portal,2026-01-21,2026-01-21 01:07:00,2026-01-21 01:44:00,86,86,0,37,1.0,1,success,
BATCH-002313,chat_platform,2026-01-21,2026-01-21 01:03:00,2026-01-21 01:37:00,113,113,0,34,1.0,1,success,
BATCH-002314,workflow,2026-01-21,2026-01-21 01:22:00,2026-01-21 01:42:00,53,53,0,20,1.1,1,success,
BATCH-002315,workforce,2026-01-21,2026-01-21 01:12:00,2026-01-21 01:25:00,91,91,0,13,1.0,1,success,
BATCH-002316,calendar,2026-01-21,2026-01-21 01:23:00,2026-01-21 01:30:00,88,88,0,7,2.0,1,success,
BATCH-002317,crm,2026-01-22,2026-01-22 01:26:00,2026-01-22 02:16:00,147,147,0,50,1.0,1,success,
BATCH-002318,portal,2026-01-22,2026-01-22 01:21:00,2026-01-22 02:01:00,192,192,0,40,1.0,1,success,
BATCH-002319,chat_platform,2026-01-22,2026-01-22 01:08:00,2026-01-22 01:13:00,257,257,0,5,1.1,1,success,
BATCH-002320,workflow,2026-01-22,2026-01-22 01:05:00,2026-01-22 01:40:00,173,173,0,35,1.1,1,success,
BATCH-002321,workforce,2026-01-22,2026-01-22 01:22:00,2026-01-22 02:24:00,209,209,0,62,1.0,1,success,
BATCH-002322,calendar,2026-01-22,2026-01-22 01:09:00,2026-01-22 01:46:00,95,95,0,37,1.1,1,success,
BATCH-002323,crm,2026-01-23,2026-01-23 01:06:00,2026-01-23 01:11:00,96,96,0,5,1.0,1,success,
BATCH-002324,portal,2026-01-23,2026-01-23 01:05:00,2026-01-23 01:49:00,207,207,0,44,1.0,1,success,
BATCH-002325,chat_platform,2026-01-23,2026-01-23 01:17:00,2026-01-23 02:08:00,243,243,0,51,1.0,1,success,
BATCH-002326,workflow,2026-01-23,2026-01-23 01:05:00,2026-01-23 01:51:00,237,237,0,46,1.0,1,success,
BATCH-002327,workforce,2026-01-23,2026-01-23 01:22:00,2026-01-23 01:28:00,155,155,0,6,1.0,1,success,
BATCH-002328,calendar,2026-01-23,2026-01-23 01:11:00,2026-01-23 01:25:00,162,162,0,14,1.0,1,success,
BATCH-002329,crm,2026-01-24,2026-01-24 01:18:00,2026-01-24 02:01:00,236,236,0,43,1.0,1,success,
BATCH-002330,portal,2026-01-24,2026-01-24 01:01:00,2026-01-24 01:49:00,173,173,0,48,1.0,1,success,
BATCH-002331,chat_platform,2026-01-24,2026-01-24 01:13:00,2026-01-24 02:13:00,211,211,0,60,1.0,1,success,
BATCH-002332,workflow,2026-01-24,2026-01-24 01:00:00,2026-01-24 01:56:00,92,92,0,56,1.0,1,success,
BATCH-002333,workforce,2026-01-24,2026-01-24 01:26:00,2026-01-24 01:50:00,160,160,0,24,2.0,1,success,
BATCH-002334,calendar,2026-01-24,2026-01-24 01:20:00,2026-01-24 02:18:00,30,30,0,58,1.0,1,success,
BATCH-002335,crm,2026-01-25,2026-01-25 01:11:00,2026-01-25 01:47:00,96,96,0,36,1.1,1,success,
BATCH-002336,portal,2026-01-25,2026-01-25 01:13:00,2026-01-25 04:05:00,233,216,17,172,1.0,0,warning,ROW_REJECTED
BATCH-002337,chat_platform,2026-01-25,2026-01-25 01:20:00,2026-01-25 01:27:00,42,42,0,7,1.0,1,success,
BATCH-002338,workflow,2026-01-25,2026-01-25 01:11:00,2026-01-25 02:10:00,193,193,0,59,1.0,1,success,
BATCH-002339,workforce,2026-01-25,2026-01-25 01:27:00,2026-01-25 02:28:00,244,244,0,61,1.0,1,success,
BATCH-002340,calendar,2026-01-25,2026-01-25 01:20:00,2026-01-25 01:27:00,255,255,0,7,1.0,1,success,
BATCH-002341,crm,2026-01-26,2026-01-26 01:00:00,2026-01-26 01:50:00,144,144,0,50,1.1,1,success,
BATCH-002342,portal,2026-01-26,2026-01-26 01:18:00,2026-01-26 03:27:00,55,53,2,129,1.0,0,warning,ROW_REJECTED
BATCH-002343,chat_platform,2026-01-26,2026-01-26 01:11:00,2026-01-26 01:40:00,203,203,0,29,2.0,1,success,
BATCH-002344,workflow,2026-01-26,2026-01-26 01:27:00,2026-01-26 02:09:00,148,148,0,42,1.0,1,success,
BATCH-002345,workforce,2026-01-26,2026-01-26 01:20:00,2026-01-26 01:29:00,124,124,0,9,1.0,1,success,
BATCH-002346,calendar,2026-01-26,2026-01-26 01:03:00,2026-01-26 02:00:00,53,53,0,57,1.0,1,success,
BATCH-002347,crm,2026-01-27,2026-01-27 01:20:00,2026-01-27 02:20:00,215,215,0,60,1.0,1,success,
BATCH-002348,portal,2026-01-27,2026-01-27 01:12:00,2026-01-27 01:37:00,196,196,0,25,1.0,1,success,
BATCH-002349,chat_platform,2026-01-27,2026-01-27 01:02:00,2026-01-27 01:59:00,105,105,0,57,1.1,1,success,
BATCH-002350,workflow,2026-01-27,2026-01-27 01:06:00,2026-01-27 01:15:00,143,143,0,9,1.0,1,success,
BATCH-002351,workforce,2026-01-27,2026-01-27 01:19:00,2026-01-27 01:35:00,147,147,0,16,1.0,1,success,
BATCH-002352,calendar,2026-01-27,2026-01-27 01:21:00,2026-01-27 04:59:00,59,58,1,218,1.0,0,warning,SCHEMA_DRIFT
BATCH-002353,crm,2026-01-28,2026-01-28 01:25:00,2026-01-28 01:45:00,202,202,0,20,1.0,1,success,
BATCH-002354,portal,2026-01-28,2026-01-28 01:27:00,2026-01-28 02:15:00,139,139,0,48,1.0,1,success,
BATCH-002355,chat_platform,2026-01-28,2026-01-28 01:23:00,2026-01-28 02:24:00,50,50,0,61,1.0,1,success,
BATCH-002356,workflow,2026-01-28,2026-01-28 01:03:00,2026-01-28 01:25:00,136,136,0,22,1.1,1,success,
BATCH-002357,workforce,2026-01-28,2026-01-28 01:27:00,2026-01-28 01:45:00,218,218,0,18,1.0,1,success,
BATCH-002358,calendar,2026-01-28,2026-01-28 01:14:00,2026-01-28 01:57:00,219,219,0,43,1.0,1,success,
BATCH-002359,crm,2026-01-29,2026-01-29 01:03:00,2026-01-29 02:04:00,82,82,0,61,1.0,1,success,
BATCH-002360,portal,2026-01-29,2026-01-29 01:09:00,2026-01-29 03:29:00,125,117,8,140,1.0,1,warning,LATE_ARRIVAL
BATCH-002361,chat_platform,2026-01-29,2026-01-29 01:10:00,2026-01-29 01:40:00,131,131,0,30,1.0,1,success,
BATCH-002362,workflow,2026-01-29,2026-01-29 01:16:00,2026-01-29 01:35:00,52,52,0,19,1.0,1,success,
BATCH-002363,workforce,2026-01-29,2026-01-29 01:05:00,2026-01-29 01:34:00,25,25,0,29,1.0,1,success,
BATCH-002364,calendar,2026-01-29,2026-01-29 01:03:00,2026-01-29 01:57:00,161,161,0,54,1.0,1,success,
BATCH-002365,crm,2026-01-30,2026-01-30 01:01:00,2026-01-30 01:06:00,83,83,0,5,1.0,1,success,
BATCH-002366,portal,2026-01-30,2026-01-30 01:22:00,2026-01-30 01:28:00,223,223,0,6,1.1,1,success,
BATCH-002367,chat_platform,2026-01-30,2026-01-30 01:21:00,2026-01-30 01:34:00,147,147,0,13,2.0,1,success,
BATCH-002368,workflow,2026-01-30,2026-01-30 01:28:00,2026-01-30 02:26:00,127,127,0,58,1.0,1,success,
BATCH-002369,workforce,2026-01-30,2026-01-30 01:00:00,2026-01-30 01:50:00,116,116,0,50,1.0,1,success,
BATCH-002370,calendar,2026-01-30,2026-01-30 01:14:00,2026-01-30 01:27:00,210,210,0,13,1.0,1,success,
BATCH-002371,crm,2026-01-31,2026-01-31 01:29:00,2026-01-31 02:26:00,71,71,0,57,1.0,1,success,
BATCH-002372,portal,2026-01-31,2026-01-31 01:03:00,2026-01-31 02:04:00,225,225,0,61,1.0,1,success,
BATCH-002373,chat_platform,2026-01-31,2026-01-31 01:08:00,2026-01-31 01:28:00,147,147,0,20,1.0,1,success,
BATCH-002374,workflow,2026-01-31,2026-01-31 01:05:00,2026-01-31 01:29:00,115,115,0,24,1.0,1,success,
BATCH-002375,workforce,2026-01-31,2026-01-31 01:12:00,2026-01-31 01:26:00,193,193,0,14,1.0,1,success,
BATCH-002376,calendar,2026-01-31,2026-01-31 01:07:00,2026-01-31 01:28:00,81,81,0,21,1.0,1,success,
BATCH-002377,crm,2026-02-01,2026-02-01 01:02:00,2026-02-01 01:18:00,40,40,0,16,1.1,1,success,
BATCH-002378,portal,2026-02-01,2026-02-01 01:11:00,2026-02-01 01:25:00,161,161,0,14,1.0,1,success,
BATCH-002379,chat_platform,2026-02-01,2026-02-01 01:26:00,2026-02-01 02:03:00,154,154,0,37,1.0,1,success,
BATCH-002380,workflow,2026-02-01,2026-02-01 01:10:00,2026-02-01 01:32:00,257,257,0,22,1.0,1,success,
BATCH-002381,workforce,2026-02-01,2026-02-01 01:06:00,2026-02-01 04:12:00,149,145,4,186,1.0,0,warning,LATE_ARRIVAL
BATCH-002382,calendar,2026-02-01,2026-02-01 01:20:00,2026-02-01 01:50:00,79,79,0,30,1.1,1,success,
BATCH-002383,crm,2026-02-02,2026-02-02 01:09:00,2026-02-02 02:09:00,72,72,0,60,1.0,1,success,
BATCH-002384,portal,2026-02-02,2026-02-02 01:09:00,2026-02-02 01:53:00,119,119,0,44,1.0,1,success,
BATCH-002385,chat_platform,2026-02-02,2026-02-02 01:15:00,2026-02-02 01:34:00,247,247,0,19,1.0,1,success,
BATCH-002386,workflow,2026-02-02,2026-02-02 01:18:00,2026-02-02 02:21:00,107,107,0,63,1.0,1,success,
BATCH-002387,workforce,2026-02-02,2026-02-02 01:29:00,2026-02-02 02:14:00,253,253,0,45,1.0,1,success,
BATCH-002388,calendar,2026-02-02,2026-02-02 01:04:00,2026-02-02 01:43:00,143,143,0,39,1.1,1,success,
BATCH-002389,crm,2026-02-03,2026-02-03 01:06:00,2026-02-03 01:13:00,155,155,0,7,1.0,1,success,
BATCH-002390,portal,2026-02-03,2026-02-03 01:15:00,2026-02-03 01:38:00,67,67,0,23,1.0,1,success,
BATCH-002391,chat_platform,2026-02-03,2026-02-03 01:07:00,2026-02-03 01:23:00,234,234,0,16,1.0,1,success,
BATCH-002392,workflow,2026-02-03,2026-02-03 01:21:00,2026-02-03 02:07:00,121,121,0,46,1.0,1,success,
BATCH-002393,workforce,2026-02-03,2026-02-03 01:19:00,2026-02-03 02:19:00,136,136,0,60,1.0,1,success,
BATCH-002394,calendar,2026-02-03,2026-02-03 01:27:00,2026-02-03 01:58:00,201,201,0,31,1.1,1,success,
BATCH-002395,crm,2026-02-04,2026-02-04 01:08:00,2026-02-04 01:51:00,99,99,0,43,1.0,1,success,
BATCH-002396,portal,2026-02-04,2026-02-04 01:02:00,2026-02-04 02:06:00,255,255,0,64,1.0,1,success,
BATCH-002397,chat_platform,2026-02-04,2026-02-04 01:23:00,2026-02-04 02:18:00,98,98,0,55,1.1,1,success,
BATCH-002398,workflow,2026-02-04,2026-02-04 01:08:00,2026-02-04 01:44:00,96,96,0,36,1.1,1,success,
BATCH-002399,workforce,2026-02-04,2026-02-04 01:07:00,2026-02-04 01:29:00,34,34,0,22,1.0,1,success,
BATCH-002400,calendar,2026-02-04,2026-02-04 01:15:00,2026-02-04 02:15:00,180,180,0,60,1.0,1,success,
BATCH-002401,crm,2026-02-05,2026-02-05 01:12:00,2026-02-05 02:15:00,51,51,0,63,1.0,1,success,
BATCH-002402,portal,2026-02-05,2026-02-05 01:15:00,2026-02-05 01:28:00,256,256,0,13,2.0,1,success,
BATCH-002403,chat_platform,2026-02-05,2026-02-05 01:27:00,2026-02-05 01:47:00,213,213,0,20,1.0,1,success,
BATCH-002404,workflow,2026-02-05,2026-02-05 01:19:00,2026-02-05 01:57:00,177,177,0,38,1.1,1,success,
BATCH-002405,workforce,2026-02-05,2026-02-05 01:13:00,2026-02-05 03:29:00,255,237,18,136,1.0,1,warning,ROW_REJECTED
BATCH-002406,calendar,2026-02-05,2026-02-05 01:10:00,2026-02-05 01:51:00,196,196,0,41,1.0,1,success,
BATCH-002407,crm,2026-02-06,2026-02-06 01:16:00,2026-02-06 02:17:00,71,71,0,61,2.0,1,success,
BATCH-002408,portal,2026-02-06,2026-02-06 01:24:00,2026-02-06 01:47:00,205,205,0,23,1.0,1,success,
BATCH-002409,chat_platform,2026-02-06,2026-02-06 01:07:00,2026-02-06 01:17:00,131,131,0,10,1.0,1,success,
BATCH-002410,workflow,2026-02-06,2026-02-06 01:21:00,2026-02-06 01:34:00,256,256,0,13,1.0,1,success,
BATCH-002411,workforce,2026-02-06,2026-02-06 01:15:00,2026-02-06 02:06:00,144,144,0,51,1.0,1,success,
BATCH-002412,calendar,2026-02-06,2026-02-06 01:16:00,2026-02-06 02:18:00,225,225,0,62,1.0,1,success,
BATCH-002413,crm,2026-02-07,2026-02-07 01:01:00,2026-02-07 03:41:00,222,213,9,160,1.1,0,warning,SCHEMA_DRIFT
BATCH-002414,portal,2026-02-07,2026-02-07 01:06:00,2026-02-07 02:03:00,195,195,0,57,1.0,1,success,
BATCH-002415,chat_platform,2026-02-07,2026-02-07 01:14:00,2026-02-07 03:25:00,201,191,10,131,1.0,1,warning,LATE_ARRIVAL
BATCH-002416,workflow,2026-02-07,2026-02-07 01:17:00,2026-02-07 01:52:00,90,90,0,35,1.0,1,success,
BATCH-002417,workforce,2026-02-07,2026-02-07 01:05:00,2026-02-07 01:37:00,232,232,0,32,1.0,1,success,
BATCH-002418,calendar,2026-02-07,2026-02-07 01:11:00,2026-02-07 02:15:00,36,36,0,64,1.1,1,success,
BATCH-002419,crm,2026-02-08,2026-02-08 01:06:00,2026-02-08 01:47:00,56,56,0,41,1.0,1,success,
BATCH-002420,portal,2026-02-08,2026-02-08 01:13:00,2026-02-08 12:43:00,151,0,151,690,1.0,0,failed,SRC_UNAVAILABLE
BATCH-002421,chat_platform,2026-02-08,2026-02-08 01:03:00,2026-02-08 01:52:00,80,80,0,49,1.0,1,success,
BATCH-002422,workflow,2026-02-08,2026-02-08 01:25:00,2026-02-08 02:12:00,152,152,0,47,1.0,1,success,
BATCH-002423,workforce,2026-02-08,2026-02-08 01:29:00,2026-02-08 02:19:00,72,72,0,50,1.0,1,success,
BATCH-002424,calendar,2026-02-08,2026-02-08 01:04:00,2026-02-08 01:38:00,108,108,0,34,1.0,1,success,
BATCH-002425,crm,2026-02-09,2026-02-09 01:12:00,2026-02-09 02:03:00,243,243,0,51,1.0,1,success,
BATCH-002426,portal,2026-02-09,2026-02-09 01:25:00,2026-02-09 02:15:00,130,130,0,50,1.0,1,success,
BATCH-002427,chat_platform,2026-02-09,2026-02-09 01:23:00,2026-02-09 01:51:00,246,246,0,28,1.0,1,success,
BATCH-002428,workflow,2026-02-09,2026-02-09 01:28:00,2026-02-09 02:32:00,25,25,0,64,1.1,1,success,
BATCH-002429,workforce,2026-02-09,2026-02-09 01:25:00,2026-02-09 04:00:00,112,104,8,155,1.0,1,warning,SCHEMA_DRIFT
BATCH-002430,calendar,2026-02-09,2026-02-09 01:16:00,2026-02-09 01:31:00,162,162,0,15,1.0,1,success,
BATCH-002431,crm,2026-02-10,2026-02-10 01:09:00,2026-02-10 01:42:00,105,105,0,33,1.0,1,success,
BATCH-002432,portal,2026-02-10,2026-02-10 01:28:00,2026-02-10 01:35:00,244,244,0,7,1.0,1,success,
BATCH-002433,chat_platform,2026-02-10,2026-02-10 01:21:00,2026-02-10 04:48:00,79,77,2,207,1.0,1,warning,ROW_REJECTED
BATCH-002434,workflow,2026-02-10,2026-02-10 01:22:00,2026-02-10 02:07:00,145,145,0,45,1.1,1,success,
BATCH-002435,workforce,2026-02-10,2026-02-10 01:08:00,2026-02-10 01:18:00,68,68,0,10,1.0,1,success,
BATCH-002436,calendar,2026-02-10,2026-02-10 01:10:00,2026-02-10 01:40:00,99,99,0,30,1.0,1,success,
BATCH-002437,crm,2026-02-11,2026-02-11 01:27:00,2026-02-11 02:20:00,118,118,0,53,1.0,1,success,
BATCH-002438,portal,2026-02-11,2026-02-11 01:11:00,2026-02-11 02:48:00,188,187,1,97,1.0,1,warning,ROW_REJECTED
BATCH-002439,chat_platform,2026-02-11,2026-02-11 01:24:00,2026-02-11 01:57:00,100,100,0,33,1.0,1,success,
BATCH-002440,workflow,2026-02-11,2026-02-11 01:16:00,2026-02-11 02:03:00,111,111,0,47,1.1,1,success,
BATCH-002441,workforce,2026-02-11,2026-02-11 01:02:00,2026-02-11 01:26:00,103,103,0,24,1.0,1,success,
BATCH-002442,calendar,2026-02-11,2026-02-11 01:26:00,2026-02-11 01:39:00,86,86,0,13,1.0,1,success,
BATCH-002443,crm,2026-02-12,2026-02-12 01:28:00,2026-02-12 02:25:00,199,199,0,57,1.0,1,success,
BATCH-002444,portal,2026-02-12,2026-02-12 01:11:00,2026-02-12 01:35:00,145,145,0,24,2.0,1,success,
BATCH-002445,chat_platform,2026-02-12,2026-02-12 01:27:00,2026-02-12 01:33:00,155,155,0,6,1.0,1,success,
BATCH-002446,workflow,2026-02-12,2026-02-12 01:17:00,2026-02-12 01:41:00,96,96,0,24,1.0,1,success,
BATCH-002447,workforce,2026-02-12,2026-02-12 01:20:00,2026-02-12 01:39:00,98,98,0,19,1.1,1,success,
BATCH-002448,calendar,2026-02-12,2026-02-12 01:09:00,2026-02-12 01:41:00,191,191,0,32,1.0,1,success,
BATCH-002449,crm,2026-02-13,2026-02-13 01:00:00,2026-02-13 01:35:00,38,38,0,35,2.0,1,success,
BATCH-002450,portal,2026-02-13,2026-02-13 01:00:00,2026-02-13 02:03:00,106,106,0,63,1.0,1,success,
BATCH-002451,chat_platform,2026-02-13,2026-02-13 01:04:00,2026-02-13 04:20:00,84,79,5,196,1.1,1,warning,SCHEMA_DRIFT
BATCH-002452,workflow,2026-02-13,2026-02-13 01:27:00,2026-02-13 02:12:00,68,68,0,45,1.0,1,success,
BATCH-002453,workforce,2026-02-13,2026-02-13 01:26:00,2026-02-13 02:27:00,199,199,0,61,1.0,1,success,
BATCH-002454,calendar,2026-02-13,2026-02-13 01:26:00,2026-02-13 05:23:00,174,166,8,237,1.0,0,warning,LATE_ARRIVAL
BATCH-002455,crm,2026-02-14,2026-02-14 01:01:00,2026-02-14 01:21:00,62,62,0,20,1.0,1,success,
BATCH-002456,portal,2026-02-14,2026-02-14 01:15:00,2026-02-14 01:38:00,196,196,0,23,1.0,1,success,
BATCH-002457,chat_platform,2026-02-14,2026-02-14 01:14:00,2026-02-14 03:33:00,190,182,8,139,1.0,1,warning,SCHEMA_DRIFT
BATCH-002458,workflow,2026-02-14,2026-02-14 01:17:00,2026-02-14 01:47:00,196,196,0,30,1.0,1,success,
BATCH-002459,workforce,2026-02-14,2026-02-14 01:06:00,2026-02-14 01:53:00,217,217,0,47,1.0,1,success,
BATCH-002460,calendar,2026-02-14,2026-02-14 01:04:00,2026-02-14 01:48:00,143,143,0,44,1.0,1,success,
BATCH-002461,crm,2026-02-15,2026-02-15 01:24:00,2026-02-15 01:50:00,152,152,0,26,1.0,1,success,
BATCH-002462,portal,2026-02-15,2026-02-15 01:23:00,2026-02-15 01:48:00,215,215,0,25,2.0,1,success,
BATCH-002463,chat_platform,2026-02-15,2026-02-15 01:05:00,2026-02-15 01:12:00,246,246,0,7,1.1,1,success,
BATCH-002464,workflow,2026-02-15,2026-02-15 01:14:00,2026-02-15 01:59:00,194,194,0,45,1.0,1,success,
BATCH-002465,workforce,2026-02-15,2026-02-15 01:21:00,2026-02-15 01:53:00,174,174,0,32,1.1,1,success,
BATCH-002466,calendar,2026-02-15,2026-02-15 01:23:00,2026-02-15 02:02:00,137,137,0,39,1.0,1,success,
BATCH-002467,crm,2026-02-16,2026-02-16 01:21:00,2026-02-16 02:05:00,157,157,0,44,1.0,1,success,
BATCH-002468,portal,2026-02-16,2026-02-16 01:24:00,2026-02-16 01:58:00,32,32,0,34,1.0,1,success,
BATCH-002469,chat_platform,2026-02-16,2026-02-16 01:22:00,2026-02-16 02:16:00,61,61,0,54,1.1,1,success,
BATCH-002470,workflow,2026-02-16,2026-02-16 01:26:00,2026-02-16 02:18:00,75,75,0,52,1.0,1,success,
BATCH-002471,workforce,2026-02-16,2026-02-16 01:02:00,2026-02-16 01:28:00,221,221,0,26,1.0,1,success,
BATCH-002472,calendar,2026-02-16,2026-02-16 01:15:00,2026-02-16 02:46:00,131,122,9,91,1.1,0,warning,ROW_REJECTED
BATCH-002473,crm,2026-02-17,2026-02-17 01:25:00,2026-02-17 01:42:00,245,245,0,17,1.1,1,success,
BATCH-002474,portal,2026-02-17,2026-02-17 01:16:00,2026-02-17 01:45:00,89,89,0,29,1.0,1,success,
BATCH-002475,chat_platform,2026-02-17,2026-02-17 01:25:00,2026-02-17 02:29:00,110,110,0,64,1.0,1,success,
BATCH-002476,workflow,2026-02-17,2026-02-17 01:29:00,2026-02-17 02:07:00,221,221,0,38,1.0,1,success,
BATCH-002477,workforce,2026-02-17,2026-02-17 01:12:00,2026-02-17 01:44:00,47,47,0,32,1.0,1,success,
BATCH-002478,calendar,2026-02-17,2026-02-17 01:12:00,2026-02-17 01:43:00,40,40,0,31,1.1,1,success,
BATCH-002479,crm,2026-02-18,2026-02-18 01:03:00,2026-02-18 02:03:00,246,246,0,60,1.0,1,success,
BATCH-002480,portal,2026-02-18,2026-02-18 01:12:00,2026-02-18 01:20:00,118,118,0,8,1.0,1,success,
BATCH-002481,chat_platform,2026-02-18,2026-02-18 01:10:00,2026-02-18 01:41:00,66,66,0,31,1.0,1,success,
BATCH-002482,workflow,2026-02-18,2026-02-18 01:01:00,2026-02-18 01:58:00,182,182,0,57,1.0,1,success,
BATCH-002483,workforce,2026-02-18,2026-02-18 01:01:00,2026-02-18 01:16:00,196,196,0,15,1.0,1,success,
BATCH-002484,calendar,2026-02-18,2026-02-18 01:25:00,2026-02-18 02:08:00,155,155,0,43,1.1,1,success,
BATCH-002485,crm,2026-02-19,2026-02-19 01:11:00,2026-02-19 01:39:00,50,50,0,28,1.1,1,success,
BATCH-002486,portal,2026-02-19,2026-02-19 01:10:00,2026-02-19 01:28:00,33,33,0,18,1.0,1,success,
BATCH-002487,chat_platform,2026-02-19,2026-02-19 01:01:00,2026-02-19 01:18:00,106,106,0,17,1.0,1,success,
BATCH-002488,workflow,2026-02-19,2026-02-19 01:22:00,2026-02-19 02:44:00,184,177,7,82,1.0,0,warning,SCHEMA_DRIFT
BATCH-002489,workforce,2026-02-19,2026-02-19 01:28:00,2026-02-19 02:04:00,26,26,0,36,1.0,1,success,
BATCH-002490,calendar,2026-02-19,2026-02-19 01:00:00,2026-02-19 01:10:00,167,167,0,10,1.0,1,success,
BATCH-002491,crm,2026-02-20,2026-02-20 01:18:00,2026-02-20 01:55:00,54,54,0,37,1.0,1,success,
BATCH-002492,portal,2026-02-20,2026-02-20 01:02:00,2026-02-20 02:06:00,257,257,0,64,1.0,1,success,
BATCH-002493,chat_platform,2026-02-20,2026-02-20 01:04:00,2026-02-20 01:32:00,207,207,0,28,1.0,1,success,
BATCH-002494,workflow,2026-02-20,2026-02-20 01:06:00,2026-02-20 01:38:00,59,59,0,32,1.0,1,success,
BATCH-002495,workforce,2026-02-20,2026-02-20 01:21:00,2026-02-20 04:20:00,111,107,4,179,1.0,0,warning,SCHEMA_DRIFT
BATCH-002496,calendar,2026-02-20,2026-02-20 01:16:00,2026-02-20 02:01:00,115,115,0,45,1.0,1,success,
BATCH-002497,crm,2026-02-21,2026-02-21 01:12:00,2026-02-21 01:29:00,172,172,0,17,1.0,1,success,
BATCH-002498,portal,2026-02-21,2026-02-21 01:18:00,2026-02-21 04:52:00,47,45,2,214,1.0,0,warning,ROW_REJECTED
BATCH-002499,chat_platform,2026-02-21,2026-02-21 01:24:00,2026-02-21 01:51:00,96,96,0,27,1.0,1,success,
BATCH-002500,workflow,2026-02-21,2026-02-21 01:28:00,2026-02-21 01:54:00,38,38,0,26,1.0,1,success,
BATCH-002501,workforce,2026-02-21,2026-02-21 01:20:00,2026-02-21 02:03:00,127,127,0,43,1.1,1,success,
BATCH-002502,calendar,2026-02-21,2026-02-21 01:02:00,2026-02-21 01:29:00,251,251,0,27,1.0,1,success,
BATCH-002503,crm,2026-02-22,2026-02-22 01:07:00,2026-02-22 01:14:00,123,123,0,7,2.0,1,success,
BATCH-002504,portal,2026-02-22,2026-02-22 01:28:00,2026-02-22 04:00:00,164,161,3,152,2.0,1,warning,ROW_REJECTED
BATCH-002505,chat_platform,2026-02-22,2026-02-22 01:11:00,2026-02-22 01:27:00,80,80,0,16,1.0,1,success,
BATCH-002506,workflow,2026-02-22,2026-02-22 01:27:00,2026-02-22 02:18:00,60,60,0,51,1.0,1,success,
BATCH-002507,workforce,2026-02-22,2026-02-22 01:09:00,2026-02-22 01:47:00,211,211,0,38,1.0,1,success,
BATCH-002508,calendar,2026-02-22,2026-02-22 01:17:00,2026-02-22 02:51:00,54,53,1,94,1.0,0,warning,LATE_ARRIVAL
BATCH-002509,crm,2026-02-23,2026-02-23 01:18:00,2026-02-23 01:26:00,100,100,0,8,1.0,1,success,
BATCH-002510,portal,2026-02-23,2026-02-23 01:25:00,2026-02-23 01:46:00,73,73,0,21,1.0,1,success,
BATCH-002511,chat_platform,2026-02-23,2026-02-23 01:26:00,2026-02-23 01:57:00,166,166,0,31,1.0,1,success,
BATCH-002512,workflow,2026-02-23,2026-02-23 01:18:00,2026-02-23 01:26:00,64,64,0,8,2.0,1,success,
BATCH-002513,workforce,2026-02-23,2026-02-23 01:28:00,2026-02-23 02:30:00,46,46,0,62,1.0,1,success,
BATCH-002514,calendar,2026-02-23,2026-02-23 01:26:00,2026-02-23 01:39:00,70,70,0,13,1.0,1,success,
BATCH-002515,crm,2026-02-24,2026-02-24 01:20:00,2026-02-24 08:34:00,77,0,77,434,1.0,0,failed,SRC_UNAVAILABLE
BATCH-002516,portal,2026-02-24,2026-02-24 01:27:00,2026-02-24 02:20:00,253,253,0,53,1.0,1,success,
BATCH-002517,chat_platform,2026-02-24,2026-02-24 01:10:00,2026-02-24 01:54:00,244,244,0,44,2.0,1,success,
BATCH-002518,workflow,2026-02-24,2026-02-24 01:08:00,2026-02-24 02:03:00,102,102,0,55,1.1,1,success,
BATCH-002519,workforce,2026-02-24,2026-02-24 01:10:00,2026-02-24 01:49:00,142,142,0,39,1.1,1,success,
BATCH-002520,calendar,2026-02-24,2026-02-24 01:03:00,2026-02-24 01:56:00,255,255,0,53,1.0,1,success,
BATCH-002521,crm,2026-02-25,2026-02-25 01:15:00,2026-02-25 01:44:00,222,222,0,29,1.0,1,success,
BATCH-002522,portal,2026-02-25,2026-02-25 01:25:00,2026-02-25 03:21:00,231,227,4,116,1.0,1,warning,SCHEMA_DRIFT
BATCH-002523,chat_platform,2026-02-25,2026-02-25 01:15:00,2026-02-25 04:52:00,148,143,5,217,1.0,1,warning,ROW_REJECTED
BATCH-002524,workflow,2026-02-25,2026-02-25 01:27:00,2026-02-25 02:15:00,257,257,0,48,1.0,1,success,
BATCH-002525,workforce,2026-02-25,2026-02-25 01:00:00,2026-02-25 01:26:00,202,202,0,26,1.0,1,success,
BATCH-002526,calendar,2026-02-25,2026-02-25 01:01:00,2026-02-25 01:12:00,66,66,0,11,1.0,1,success,
BATCH-002527,crm,2026-02-26,2026-02-26 01:05:00,2026-02-26 01:27:00,250,250,0,22,1.0,1,success,
BATCH-002528,portal,2026-02-26,2026-02-26 01:14:00,2026-02-26 01:30:00,184,184,0,16,1.1,1,success,
BATCH-002529,chat_platform,2026-02-26,2026-02-26 01:21:00,2026-02-26 02:15:00,251,251,0,54,1.0,1,success,
BATCH-002530,workflow,2026-02-26,2026-02-26 01:02:00,2026-02-26 01:17:00,182,182,0,15,1.1,1,success,
BATCH-002531,workforce,2026-02-26,2026-02-26 01:07:00,2026-02-26 02:09:00,231,231,0,62,1.1,1,success,
BATCH-002532,calendar,2026-02-26,2026-02-26 01:29:00,2026-02-26 02:28:00,181,181,0,59,1.0,1,success,
BATCH-002533,crm,2026-02-27,2026-02-27 01:02:00,2026-02-27 01:28:00,145,145,0,26,1.0,1,success,
BATCH-002534,portal,2026-02-27,2026-02-27 01:08:00,2026-02-27 05:03:00,84,83,1,235,1.0,1,warning,SCHEMA_DRIFT
BATCH-002535,chat_platform,2026-02-27,2026-02-27 01:19:00,2026-02-27 01:38:00,41,41,0,19,1.0,1,success,
BATCH-002536,workflow,2026-02-27,2026-02-27 01:17:00,2026-02-27 02:36:00,53,52,1,79,1.0,1,warning,SCHEMA_DRIFT
BATCH-002537,workforce,2026-02-27,2026-02-27 01:02:00,2026-02-27 02:01:00,168,168,0,59,1.1,1,success,
BATCH-002538,calendar,2026-02-27,2026-02-27 01:24:00,2026-02-27 02:18:00,180,180,0,54,1.0,1,success,
BATCH-002539,crm,2026-02-28,2026-02-28 01:16:00,2026-02-28 01:58:00,122,122,0,42,1.0,1,success,
BATCH-002540,portal,2026-02-28,2026-02-28 01:13:00,2026-02-28 01:48:00,78,78,0,35,1.0,1,success,
BATCH-002541,chat_platform,2026-02-28,2026-02-28 01:25:00,2026-02-28 02:28:00,81,81,0,63,1.0,1,success,
BATCH-002542,workflow,2026-02-28,2026-02-28 01:10:00,2026-02-28 02:10:00,170,170,0,60,1.0,1,success,
BATCH-002543,workforce,2026-02-28,2026-02-28 01:15:00,2026-02-28 01:21:00,222,222,0,6,1.0,1,success,
BATCH-002544,calendar,2026-02-28,2026-02-28 01:03:00,2026-02-28 01:36:00,250,250,0,33,1.1,1,success,
BATCH-002545,crm,2026-03-01,2026-03-01 01:09:00,2026-03-01 02:34:00,193,188,5,85,1.0,0,warning,ROW_REJECTED
BATCH-002546,portal,2026-03-01,2026-03-01 01:17:00,2026-03-01 02:14:00,140,140,0,57,2.0,1,success,
BATCH-002547,chat_platform,2026-03-01,2026-03-01 01:05:00,2026-03-01 01:31:00,34,34,0,26,1.0,1,success,
BATCH-002548,workflow,2026-03-01,2026-03-01 01:08:00,2026-03-01 02:05:00,185,185,0,57,1.0,1,success,
BATCH-002549,workforce,2026-03-01,2026-03-01 01:24:00,2026-03-01 02:13:00,114,114,0,49,1.0,1,success,
BATCH-002550,calendar,2026-03-01,2026-03-01 01:16:00,2026-03-01 01:48:00,134,134,0,32,1.0,1,success,
BATCH-002551,crm,2026-03-02,2026-03-02 01:00:00,2026-03-02 01:13:00,239,239,0,13,1.1,1,success,
BATCH-002552,portal,2026-03-02,2026-03-02 01:22:00,2026-03-02 01:59:00,201,201,0,37,1.1,1,success,
BATCH-002553,chat_platform,2026-03-02,2026-03-02 01:04:00,2026-03-02 01:10:00,63,63,0,6,1.1,1,success,
BATCH-002554,workflow,2026-03-02,2026-03-02 01:28:00,2026-03-02 01:55:00,160,160,0,27,1.0,1,success,
BATCH-002555,workforce,2026-03-02,2026-03-02 01:06:00,2026-03-02 01:17:00,81,81,0,11,1.0,1,success,
BATCH-002556,calendar,2026-03-02,2026-03-02 01:01:00,2026-03-02 01:58:00,210,210,0,57,1.0,1,success,
BATCH-002557,crm,2026-03-03,2026-03-03 01:21:00,2026-03-03 02:13:00,207,207,0,52,1.0,1,success,
BATCH-002558,portal,2026-03-03,2026-03-03 01:03:00,2026-03-03 01:09:00,80,80,0,6,1.0,1,success,
BATCH-002559,chat_platform,2026-03-03,2026-03-03 01:24:00,2026-03-03 02:23:00,76,76,0,59,2.0,1,success,
BATCH-002560,workflow,2026-03-03,2026-03-03 01:05:00,2026-03-03 01:49:00,71,71,0,44,1.0,1,success,
BATCH-002561,workforce,2026-03-03,2026-03-03 01:05:00,2026-03-03 01:48:00,239,239,0,43,1.0,1,success,
BATCH-002562,calendar,2026-03-03,2026-03-03 01:17:00,2026-03-03 01:23:00,38,38,0,6,2.0,1,success,
BATCH-002563,crm,2026-03-04,2026-03-04 01:16:00,2026-03-04 02:01:00,38,38,0,45,1.0,1,success,
BATCH-002564,portal,2026-03-04,2026-03-04 01:12:00,2026-03-04 07:06:00,93,0,93,354,1.0,0,failed,SRC_UNAVAILABLE
BATCH-002565,chat_platform,2026-03-04,2026-03-04 01:13:00,2026-03-04 01:22:00,166,166,0,9,1.0,1,success,
BATCH-002566,workflow,2026-03-04,2026-03-04 01:16:00,2026-03-04 01:44:00,121,121,0,28,1.0,1,success,
BATCH-002567,workforce,2026-03-04,2026-03-04 01:13:00,2026-03-04 01:50:00,248,248,0,37,1.0,1,success,
BATCH-002568,calendar,2026-03-04,2026-03-04 01:16:00,2026-03-04 02:15:00,206,206,0,59,1.0,1,success,
BATCH-002569,crm,2026-03-05,2026-03-05 01:22:00,2026-03-05 01:42:00,54,54,0,20,1.1,1,success,
BATCH-002570,portal,2026-03-05,2026-03-05 01:09:00,2026-03-05 02:01:00,118,118,0,52,1.0,1,success,
BATCH-002571,chat_platform,2026-03-05,2026-03-05 01:01:00,2026-03-05 01:14:00,29,29,0,13,1.0,1,success,
BATCH-002572,workflow,2026-03-05,2026-03-05 01:17:00,2026-03-05 02:16:00,50,50,0,59,1.0,1,success,
BATCH-002573,workforce,2026-03-05,2026-03-05 01:11:00,2026-03-05 01:45:00,203,203,0,34,1.0,1,success,
BATCH-002574,calendar,2026-03-05,2026-03-05 01:24:00,2026-03-05 01:42:00,157,157,0,18,1.0,1,success,
BATCH-002575,crm,2026-03-06,2026-03-06 01:06:00,2026-03-06 02:31:00,230,217,13,85,1.0,1,warning,SCHEMA_DRIFT
BATCH-002576,portal,2026-03-06,2026-03-06 01:19:00,2026-03-06 01:34:00,110,110,0,15,1.0,1,success,
BATCH-002577,chat_platform,2026-03-06,2026-03-06 01:16:00,2026-03-06 01:32:00,134,134,0,16,1.0,1,success,
BATCH-002578,workflow,2026-03-06,2026-03-06 01:22:00,2026-03-06 01:54:00,81,81,0,32,1.0,1,success,
BATCH-002579,workforce,2026-03-06,2026-03-06 01:21:00,2026-03-06 01:35:00,202,202,0,14,1.0,1,success,
BATCH-002580,calendar,2026-03-06,2026-03-06 01:09:00,2026-03-06 01:42:00,110,110,0,33,1.1,1,success,
BATCH-002581,crm,2026-03-07,2026-03-07 01:17:00,2026-03-07 01:47:00,238,238,0,30,1.0,1,success,
BATCH-002582,portal,2026-03-07,2026-03-07 01:27:00,2026-03-07 02:01:00,198,198,0,34,1.0,1,success,
BATCH-002583,chat_platform,2026-03-07,2026-03-07 01:29:00,2026-03-07 01:53:00,70,70,0,24,1.0,1,success,
BATCH-002584,workflow,2026-03-07,2026-03-07 01:13:00,2026-03-07 02:17:00,252,252,0,64,1.0,1,success,
BATCH-002585,workforce,2026-03-07,2026-03-07 01:26:00,2026-03-07 01:45:00,238,238,0,19,1.1,1,success,
BATCH-002586,calendar,2026-03-07,2026-03-07 01:19:00,2026-03-07 01:33:00,118,118,0,14,1.0,1,success,
BATCH-002587,crm,2026-03-08,2026-03-08 01:00:00,2026-03-08 01:18:00,41,41,0,18,1.0,1,success,
BATCH-002588,portal,2026-03-08,2026-03-08 01:29:00,2026-03-08 01:41:00,245,245,0,12,1.0,1,success,
BATCH-002589,chat_platform,2026-03-08,2026-03-08 01:03:00,2026-03-08 01:08:00,213,213,0,5,1.1,1,success,
BATCH-002590,workflow,2026-03-08,2026-03-08 01:23:00,2026-03-08 01:54:00,50,50,0,31,1.0,1,success,
BATCH-002591,workforce,2026-03-08,2026-03-08 01:20:00,2026-03-08 02:17:00,60,60,0,57,1.1,1,success,
BATCH-002592,calendar,2026-03-08,2026-03-08 01:11:00,2026-03-08 01:55:00,187,187,0,44,1.0,1,success,
BATCH-002593,crm,2026-03-09,2026-03-09 01:23:00,2026-03-09 01:38:00,109,109,0,15,2.0,1,success,
BATCH-002594,portal,2026-03-09,2026-03-09 01:21:00,2026-03-09 01:57:00,187,187,0,36,1.1,1,success,
BATCH-002595,chat_platform,2026-03-09,2026-03-09 01:27:00,2026-03-09 01:46:00,166,166,0,19,2.0,1,success,
BATCH-002596,workflow,2026-03-09,2026-03-09 01:18:00,2026-03-09 01:26:00,130,130,0,8,1.0,1,success,
BATCH-002597,workforce,2026-03-09,2026-03-09 01:01:00,2026-03-09 01:50:00,151,151,0,49,1.0,1,success,
BATCH-002598,calendar,2026-03-09,2026-03-09 01:25:00,2026-03-09 02:08:00,220,220,0,43,1.0,1,success,
BATCH-002599,crm,2026-03-10,2026-03-10 01:27:00,2026-03-10 02:25:00,46,46,0,58,1.0,1,success,
BATCH-002600,portal,2026-03-10,2026-03-10 01:09:00,2026-03-10 02:02:00,217,217,0,53,1.0,1,success,
BATCH-002601,chat_platform,2026-03-10,2026-03-10 01:09:00,2026-03-10 02:03:00,193,193,0,54,1.0,1,success,
BATCH-002602,workflow,2026-03-10,2026-03-10 01:18:00,2026-03-10 02:03:00,136,136,0,45,1.0,1,success,
BATCH-002603,workforce,2026-03-10,2026-03-10 01:01:00,2026-03-10 02:01:00,191,191,0,60,1.0,1,success,
BATCH-002604,calendar,2026-03-10,2026-03-10 01:16:00,2026-03-10 02:03:00,47,47,0,47,1.0,1,success,
BATCH-002605,crm,2026-03-11,2026-03-11 01:22:00,2026-03-11 02:01:00,195,195,0,39,1.0,1,success,
BATCH-002606,portal,2026-03-11,2026-03-11 01:09:00,2026-03-11 01:51:00,129,129,0,42,1.0,1,success,
BATCH-002607,chat_platform,2026-03-11,2026-03-11 01:17:00,2026-03-11 01:54:00,32,32,0,37,1.0,1,success,
BATCH-002608,workflow,2026-03-11,2026-03-11 01:09:00,2026-03-11 02:10:00,256,256,0,61,1.0,1,success,
BATCH-002609,workforce,2026-03-11,2026-03-11 01:16:00,2026-03-11 01:48:00,65,65,0,32,1.0,1,success,
BATCH-002610,calendar,2026-03-11,2026-03-11 01:04:00,2026-03-11 02:02:00,218,218,0,58,1.0,1,success,
BATCH-002611,crm,2026-03-12,2026-03-12 01:12:00,2026-03-12 02:25:00,151,148,3,73,2.0,1,warning,ROW_REJECTED
BATCH-002612,portal,2026-03-12,2026-03-12 01:26:00,2026-03-12 01:51:00,146,146,0,25,1.0,1,success,
BATCH-002613,chat_platform,2026-03-12,2026-03-12 01:05:00,2026-03-12 01:27:00,47,47,0,22,1.1,1,success,
BATCH-002614,workflow,2026-03-12,2026-03-12 01:17:00,2026-03-12 01:34:00,228,228,0,17,1.0,1,success,
BATCH-002615,workforce,2026-03-12,2026-03-12 01:00:00,2026-03-12 01:54:00,215,215,0,54,1.0,1,success,
BATCH-002616,calendar,2026-03-12,2026-03-12 01:13:00,2026-03-12 01:59:00,141,141,0,46,1.0,1,success,
BATCH-002617,crm,2026-03-13,2026-03-13 01:19:00,2026-03-13 01:44:00,151,151,0,25,1.0,1,success,
BATCH-002618,portal,2026-03-13,2026-03-13 01:07:00,2026-03-13 01:47:00,244,244,0,40,1.0,1,success,
BATCH-002619,chat_platform,2026-03-13,2026-03-13 01:04:00,2026-03-13 01:12:00,144,144,0,8,1.0,1,success,
BATCH-002620,workflow,2026-03-13,2026-03-13 01:26:00,2026-03-13 01:44:00,167,167,0,18,1.0,1,success,
BATCH-002621,workforce,2026-03-13,2026-03-13 01:21:00,2026-03-13 01:44:00,191,191,0,23,1.0,1,success,
BATCH-002622,calendar,2026-03-13,2026-03-13 01:16:00,2026-03-13 01:33:00,63,63,0,17,1.0,1,success,
BATCH-002623,crm,2026-03-14,2026-03-14 01:13:00,2026-03-14 02:46:00,231,226,5,93,1.0,0,warning,ROW_REJECTED
BATCH-002624,portal,2026-03-14,2026-03-14 01:01:00,2026-03-14 01:22:00,240,240,0,21,1.0,1,success,
BATCH-002625,chat_platform,2026-03-14,2026-03-14 01:29:00,2026-03-14 02:27:00,62,62,0,58,1.0,1,success,
BATCH-002626,workflow,2026-03-14,2026-03-14 01:00:00,2026-03-14 01:34:00,88,88,0,34,1.0,1,success,
BATCH-002627,workforce,2026-03-14,2026-03-14 01:12:00,2026-03-14 01:55:00,78,78,0,43,1.0,1,success,
BATCH-002628,calendar,2026-03-14,2026-03-14 01:06:00,2026-03-14 01:18:00,93,93,0,12,1.0,1,success,
BATCH-002629,crm,2026-03-15,2026-03-15 01:00:00,2026-03-15 01:10:00,48,48,0,10,1.0,1,success,
BATCH-002630,portal,2026-03-15,2026-03-15 01:01:00,2026-03-15 01:46:00,89,89,0,45,1.0,1,success,
BATCH-002631,chat_platform,2026-03-15,2026-03-15 01:14:00,2026-03-15 01:56:00,99,99,0,42,1.0,1,success,
BATCH-002632,workflow,2026-03-15,2026-03-15 01:20:00,2026-03-15 03:43:00,142,141,1,143,1.0,0,warning,ROW_REJECTED
BATCH-002633,workforce,2026-03-15,2026-03-15 01:00:00,2026-03-15 01:31:00,178,178,0,31,1.0,1,success,
BATCH-002634,calendar,2026-03-15,2026-03-15 01:06:00,2026-03-15 01:17:00,168,168,0,11,2.0,1,success,
BATCH-002635,crm,2026-03-16,2026-03-16 01:21:00,2026-03-16 01:46:00,55,55,0,25,1.0,1,success,
BATCH-002636,portal,2026-03-16,2026-03-16 01:01:00,2026-03-16 01:12:00,246,246,0,11,1.1,1,success,
BATCH-002637,chat_platform,2026-03-16,2026-03-16 01:05:00,2026-03-16 01:48:00,97,97,0,43,1.0,1,success,
BATCH-002638,workflow,2026-03-16,2026-03-16 01:23:00,2026-03-16 01:30:00,223,223,0,7,1.0,1,success,
BATCH-002639,workforce,2026-03-16,2026-03-16 01:04:00,2026-03-16 01:54:00,121,121,0,50,1.0,1,success,
BATCH-002640,calendar,2026-03-16,2026-03-16 01:09:00,2026-03-16 01:21:00,255,255,0,12,1.0,1,success,
BATCH-002641,crm,2026-03-17,2026-03-17 01:19:00,2026-03-17 02:14:00,183,183,0,55,1.0,1,success,
BATCH-002642,portal,2026-03-17,2026-03-17 01:19:00,2026-03-17 01:52:00,184,184,0,33,1.0,1,success,
BATCH-002643,chat_platform,2026-03-17,2026-03-17 01:28:00,2026-03-17 01:38:00,115,115,0,10,1.0,1,success,
BATCH-002644,workflow,2026-03-17,2026-03-17 01:28:00,2026-03-17 02:32:00,179,179,0,64,1.0,1,success,
BATCH-002645,workforce,2026-03-17,2026-03-17 01:27:00,2026-03-17 01:56:00,208,208,0,29,2.0,1,success,
BATCH-002646,calendar,2026-03-17,2026-03-17 01:25:00,2026-03-17 02:16:00,38,38,0,51,1.1,1,success,
BATCH-002647,crm,2026-03-18,2026-03-18 01:08:00,2026-03-18 02:04:00,67,67,0,56,1.1,1,success,
BATCH-002648,portal,2026-03-18,2026-03-18 01:07:00,2026-03-18 01:49:00,107,107,0,42,1.0,1,success,
BATCH-002649,chat_platform,2026-03-18,2026-03-18 01:22:00,2026-03-18 01:41:00,177,177,0,19,1.1,1,success,
BATCH-002650,workflow,2026-03-18,2026-03-18 01:18:00,2026-03-18 01:44:00,210,210,0,26,2.0,1,success,
BATCH-002651,workforce,2026-03-18,2026-03-18 01:09:00,2026-03-18 01:39:00,72,72,0,30,1.0,1,success,
BATCH-002652,calendar,2026-03-18,2026-03-18 01:08:00,2026-03-18 01:47:00,235,235,0,39,1.0,1,success,
BATCH-002653,crm,2026-03-19,2026-03-19 01:18:00,2026-03-19 01:31:00,198,198,0,13,1.0,1,success,
BATCH-002654,portal,2026-03-19,2026-03-19 01:01:00,2026-03-19 02:54:00,205,197,8,113,1.0,1,warning,SCHEMA_DRIFT
BATCH-002655,chat_platform,2026-03-19,2026-03-19 01:23:00,2026-03-19 02:01:00,213,213,0,38,1.0,1,success,
BATCH-002656,workflow,2026-03-19,2026-03-19 01:11:00,2026-03-19 02:14:00,241,241,0,63,1.1,1,success,
BATCH-002657,workforce,2026-03-19,2026-03-19 01:17:00,2026-03-19 02:02:00,147,147,0,45,1.0,1,success,
BATCH-002658,calendar,2026-03-19,2026-03-19 01:01:00,2026-03-19 01:31:00,153,153,0,30,1.0,1,success,
BATCH-002659,crm,2026-03-20,2026-03-20 01:11:00,2026-03-20 01:48:00,107,107,0,37,1.0,1,success,
BATCH-002660,portal,2026-03-20,2026-03-20 01:20:00,2026-03-20 01:57:00,126,126,0,37,1.0,1,success,
BATCH-002661,chat_platform,2026-03-20,2026-03-20 01:27:00,2026-03-20 01:49:00,241,241,0,22,1.1,1,success,
BATCH-002662,workflow,2026-03-20,2026-03-20 01:20:00,2026-03-20 03:14:00,172,164,8,114,1.0,1,warning,LATE_ARRIVAL
BATCH-002663,workforce,2026-03-20,2026-03-20 01:06:00,2026-03-20 02:09:00,114,114,0,63,1.0,1,success,
BATCH-002664,calendar,2026-03-20,2026-03-20 01:00:00,2026-03-20 01:43:00,111,111,0,43,1.1,1,success,
BATCH-002665,crm,2026-03-21,2026-03-21 01:10:00,2026-03-21 01:16:00,76,76,0,6,1.0,1,success,
BATCH-002666,portal,2026-03-21,2026-03-21 01:22:00,2026-03-21 01:33:00,59,59,0,11,1.0,1,success,
BATCH-002667,chat_platform,2026-03-21,2026-03-21 01:26:00,2026-03-21 01:46:00,26,26,0,20,1.0,1,success,
BATCH-002668,workflow,2026-03-21,2026-03-21 01:11:00,2026-03-21 01:50:00,192,192,0,39,1.0,1,success,
BATCH-002669,workforce,2026-03-21,2026-03-21 01:02:00,2026-03-21 01:54:00,222,222,0,52,1.0,1,success,
BATCH-002670,calendar,2026-03-21,2026-03-21 01:27:00,2026-03-21 02:22:00,54,54,0,55,1.0,1,success,
BATCH-002671,crm,2026-03-22,2026-03-22 01:15:00,2026-03-22 01:58:00,207,207,0,43,1.0,1,success,
BATCH-002672,portal,2026-03-22,2026-03-22 01:00:00,2026-03-22 01:27:00,77,77,0,27,1.0,1,success,
BATCH-002673,chat_platform,2026-03-22,2026-03-22 01:25:00,2026-03-22 01:39:00,170,170,0,14,1.0,1,success,
BATCH-002674,workflow,2026-03-22,2026-03-22 01:12:00,2026-03-22 03:15:00,145,139,6,123,1.0,1,warning,ROW_REJECTED
BATCH-002675,workforce,2026-03-22,2026-03-22 01:11:00,2026-03-22 02:14:00,233,233,0,63,1.0,1,success,
BATCH-002676,calendar,2026-03-22,2026-03-22 01:11:00,2026-03-22 02:35:00,35,34,1,84,1.0,1,warning,ROW_REJECTED
BATCH-002677,crm,2026-03-23,2026-03-23 01:28:00,2026-03-23 01:44:00,176,176,0,16,1.1,1,success,
BATCH-002678,portal,2026-03-23,2026-03-23 01:11:00,2026-03-23 01:32:00,147,147,0,21,1.0,1,success,
BATCH-002679,chat_platform,2026-03-23,2026-03-23 01:12:00,2026-03-23 01:47:00,125,125,0,35,1.0,1,success,
BATCH-002680,workflow,2026-03-23,2026-03-23 01:03:00,2026-03-23 04:48:00,55,53,2,225,1.0,1,warning,SCHEMA_DRIFT
BATCH-002681,workforce,2026-03-23,2026-03-23 01:18:00,2026-03-23 04:17:00,228,226,2,179,1.0,1,warning,LATE_ARRIVAL
BATCH-002682,calendar,2026-03-23,2026-03-23 01:11:00,2026-03-23 01:28:00,72,72,0,17,1.0,1,success,
BATCH-002683,crm,2026-03-24,2026-03-24 01:25:00,2026-03-24 02:19:00,112,112,0,54,1.1,1,success,
BATCH-002684,portal,2026-03-24,2026-03-24 01:28:00,2026-03-24 02:21:00,180,180,0,53,1.0,1,success,
BATCH-002685,chat_platform,2026-03-24,2026-03-24 01:23:00,2026-03-24 02:25:00,32,32,0,62,1.0,1,success,
BATCH-002686,workflow,2026-03-24,2026-03-24 01:24:00,2026-03-24 01:48:00,82,82,0,24,1.0,1,success,
BATCH-002687,workforce,2026-03-24,2026-03-24 01:20:00,2026-03-24 01:27:00,250,250,0,7,1.0,1,success,
BATCH-002688,calendar,2026-03-24,2026-03-24 01:26:00,2026-03-24 01:58:00,181,181,0,32,1.0,1,success,
BATCH-002689,crm,2026-03-25,2026-03-25 01:19:00,2026-03-25 01:48:00,102,102,0,29,1.0,1,success,
BATCH-002690,portal,2026-03-25,2026-03-25 01:17:00,2026-03-25 01:41:00,75,75,0,24,1.0,1,success,
BATCH-002691,chat_platform,2026-03-25,2026-03-25 01:28:00,2026-03-25 01:41:00,238,238,0,13,1.0,1,success,
BATCH-002692,workflow,2026-03-25,2026-03-25 01:02:00,2026-03-25 04:09:00,121,113,8,187,1.0,0,warning,SCHEMA_DRIFT
BATCH-002693,workforce,2026-03-25,2026-03-25 01:06:00,2026-03-25 01:14:00,201,201,0,8,1.1,1,success,
BATCH-002694,calendar,2026-03-25,2026-03-25 01:03:00,2026-03-25 01:54:00,139,139,0,51,1.1,1,success,
BATCH-002695,crm,2026-03-26,2026-03-26 01:27:00,2026-03-26 01:48:00,122,122,0,21,1.0,1,success,
BATCH-002696,portal,2026-03-26,2026-03-26 01:15:00,2026-03-26 01:34:00,249,249,0,19,1.0,1,success,
BATCH-002697,chat_platform,2026-03-26,2026-03-26 01:06:00,2026-03-26 01:41:00,119,119,0,35,1.0,1,success,
BATCH-002698,workflow,2026-03-26,2026-03-26 01:18:00,2026-03-26 01:47:00,251,251,0,29,1.0,1,success,
BATCH-002699,workforce,2026-03-26,2026-03-26 01:24:00,2026-03-26 01:46:00,202,202,0,22,1.0,1,success,
BATCH-002700,calendar,2026-03-26,2026-03-26 01:17:00,2026-03-26 01:22:00,103,103,0,5,1.1,1,success,
BATCH-002701,crm,2026-03-27,2026-03-27 01:11:00,2026-03-27 01:26:00,211,211,0,15,1.1,1,success,
BATCH-002702,portal,2026-03-27,2026-03-27 01:06:00,2026-03-27 01:22:00,239,239,0,16,1.0,1,success,
BATCH-002703,chat_platform,2026-03-27,2026-03-27 01:16:00,2026-03-27 02:16:00,37,37,0,60,1.1,1,success,
BATCH-002704,workflow,2026-03-27,2026-03-27 01:15:00,2026-03-27 02:07:00,255,255,0,52,1.0,1,success,
BATCH-002705,workforce,2026-03-27,2026-03-27 01:21:00,2026-03-27 01:39:00,103,103,0,18,1.0,1,success,
BATCH-002706,calendar,2026-03-27,2026-03-27 01:19:00,2026-03-27 02:16:00,150,150,0,57,1.0,1,success,
BATCH-002707,crm,2026-03-28,2026-03-28 01:01:00,2026-03-28 01:48:00,77,77,0,47,1.0,1,success,
BATCH-002708,portal,2026-03-28,2026-03-28 01:25:00,2026-03-28 01:59:00,167,167,0,34,1.0,1,success,
BATCH-002709,chat_platform,2026-03-28,2026-03-28 01:26:00,2026-03-28 12:32:00,176,0,176,666,1.0,0,failed,SRC_UNAVAILABLE
BATCH-002710,workflow,2026-03-28,2026-03-28 01:05:00,2026-03-28 01:19:00,155,155,0,14,1.0,1,success,
BATCH-002711,workforce,2026-03-28,2026-03-28 01:27:00,2026-03-28 01:49:00,193,193,0,22,1.0,1,success,
BATCH-002712,calendar,2026-03-28,2026-03-28 01:09:00,2026-03-28 02:05:00,49,49,0,56,1.0,1,success,
BATCH-002713,crm,2026-03-29,2026-03-29 01:04:00,2026-03-29 01:43:00,119,119,0,39,1.0,1,success,
BATCH-002714,portal,2026-03-29,2026-03-29 01:19:00,2026-03-29 04:44:00,136,0,136,205,1.1,0,failed,SRC_UNAVAILABLE
BATCH-002715,chat_platform,2026-03-29,2026-03-29 01:17:00,2026-03-29 02:09:00,148,148,0,52,1.0,1,success,
BATCH-002716,workflow,2026-03-29,2026-03-29 01:13:00,2026-03-29 01:27:00,71,71,0,14,1.0,1,success,
BATCH-002717,workforce,2026-03-29,2026-03-29 01:02:00,2026-03-29 01:54:00,124,124,0,52,1.0,1,success,
BATCH-002718,calendar,2026-03-29,2026-03-29 01:22:00,2026-03-29 01:41:00,229,229,0,19,1.0,1,success,
BATCH-002719,crm,2026-03-30,2026-03-30 01:16:00,2026-03-30 01:31:00,83,83,0,15,1.0,1,success,
BATCH-002720,portal,2026-03-30,2026-03-30 01:14:00,2026-03-30 01:50:00,175,175,0,36,1.0,1,success,
BATCH-002721,chat_platform,2026-03-30,2026-03-30 01:04:00,2026-03-30 01:44:00,25,25,0,40,1.0,1,success,
BATCH-002722,workflow,2026-03-30,2026-03-30 01:19:00,2026-03-30 02:18:00,105,105,0,59,1.0,1,success,
BATCH-002723,workforce,2026-03-30,2026-03-30 01:06:00,2026-03-30 08:11:00,196,0,196,425,1.0,0,failed,SRC_UNAVAILABLE
BATCH-002724,calendar,2026-03-30,2026-03-30 01:15:00,2026-03-30 01:22:00,33,33,0,7,1.0,1,success,
BATCH-002725,crm,2026-03-31,2026-03-31 01:18:00,2026-03-31 02:17:00,199,199,0,59,1.1,1,success,
BATCH-002726,portal,2026-03-31,2026-03-31 01:24:00,2026-03-31 01:58:00,125,125,0,34,1.0,1,success,
BATCH-002727,chat_platform,2026-03-31,2026-03-31 01:15:00,2026-03-31 01:31:00,173,173,0,16,1.0,1,success,
BATCH-002728,workflow,2026-03-31,2026-03-31 01:17:00,2026-03-31 01:30:00,129,129,0,13,1.0,1,success,
BATCH-002729,workforce,2026-03-31,2026-03-31 01:18:00,2026-03-31 01:59:00,252,252,0,41,1.0,1,success,
BATCH-002730,calendar,2026-03-31,2026-03-31 01:22:00,2026-03-31 02:03:00,67,67,0,41,1.0,1,success,
BATCH-002731,crm,2026-04-01,2026-04-01 01:21:00,2026-04-01 02:10:00,75,75,0,49,1.1,1,success,
BATCH-002732,portal,2026-04-01,2026-04-01 01:04:00,2026-04-01 02:17:00,29,28,1,73,1.0,1,warning,LATE_ARRIVAL
BATCH-002733,chat_platform,2026-04-01,2026-04-01 01:09:00,2026-04-01 01:32:00,30,30,0,23,1.0,1,success,
BATCH-002734,workflow,2026-04-01,2026-04-01 01:13:00,2026-04-01 01:18:00,142,142,0,5,1.0,1,success,
BATCH-002735,workforce,2026-04-01,2026-04-01 01:28:00,2026-04-01 04:11:00,221,213,8,163,1.0,1,warning,SCHEMA_DRIFT
BATCH-002736,calendar,2026-04-01,2026-04-01 01:28:00,2026-04-01 02:20:00,85,85,0,52,1.1,1,success,
BATCH-002737,crm,2026-04-02,2026-04-02 01:14:00,2026-04-02 01:35:00,162,162,0,21,1.0,1,success,
BATCH-002738,portal,2026-04-02,2026-04-02 01:26:00,2026-04-02 02:12:00,44,44,0,46,1.1,1,success,
BATCH-002739,chat_platform,2026-04-02,2026-04-02 01:06:00,2026-04-02 02:09:00,51,51,0,63,1.1,1,success,
BATCH-002740,workflow,2026-04-02,2026-04-02 01:00:00,2026-04-02 01:14:00,38,38,0,14,1.0,1,success,
BATCH-002741,workforce,2026-04-02,2026-04-02 01:05:00,2026-04-02 01:32:00,62,62,0,27,1.0,1,success,
BATCH-002742,calendar,2026-04-02,2026-04-02 01:21:00,2026-04-02 02:11:00,212,212,0,50,1.0,1,success,
BATCH-002743,crm,2026-04-03,2026-04-03 01:12:00,2026-04-03 01:44:00,227,227,0,32,1.0,1,success,
BATCH-002744,portal,2026-04-03,2026-04-03 01:03:00,2026-04-03 02:07:00,65,65,0,64,1.0,1,success,
BATCH-002745,chat_platform,2026-04-03,2026-04-03 01:24:00,2026-04-03 02:07:00,183,183,0,43,1.0,1,success,
BATCH-002746,workflow,2026-04-03,2026-04-03 01:18:00,2026-04-03 02:01:00,135,135,0,43,1.0,1,success,
BATCH-002747,workforce,2026-04-03,2026-04-03 01:05:00,2026-04-03 01:58:00,137,137,0,53,1.0,1,success,
BATCH-002748,calendar,2026-04-03,2026-04-03 01:03:00,2026-04-03 01:36:00,44,44,0,33,1.0,1,success,
BATCH-002749,crm,2026-04-04,2026-04-04 01:29:00,2026-04-04 02:03:00,44,44,0,34,1.0,1,success,
BATCH-002750,portal,2026-04-04,2026-04-04 01:10:00,2026-04-04 01:16:00,146,146,0,6,1.0,1,success,
BATCH-002751,chat_platform,2026-04-04,2026-04-04 01:03:00,2026-04-04 01:21:00,26,26,0,18,1.0,1,success,
BATCH-002752,workflow,2026-04-04,2026-04-04 01:09:00,2026-04-04 01:16:00,188,188,0,7,1.0,1,success,
BATCH-002753,workforce,2026-04-04,2026-04-04 01:22:00,2026-04-04 02:23:00,130,130,0,61,1.1,1,success,
BATCH-002754,calendar,2026-04-04,2026-04-04 01:23:00,2026-04-04 02:24:00,213,213,0,61,1.0,1,success,
BATCH-002755,crm,2026-04-05,2026-04-05 01:28:00,2026-04-05 01:58:00,239,239,0,30,1.0,1,success,
BATCH-002756,portal,2026-04-05,2026-04-05 01:27:00,2026-04-05 02:00:00,52,52,0,33,2.0,1,success,
BATCH-002757,chat_platform,2026-04-05,2026-04-05 01:28:00,2026-04-05 02:27:00,220,220,0,59,1.0,1,success,
BATCH-002758,workflow,2026-04-05,2026-04-05 01:27:00,2026-04-05 02:29:00,122,122,0,62,1.0,1,success,
BATCH-002759,workforce,2026-04-05,2026-04-05 01:00:00,2026-04-05 01:39:00,230,230,0,39,1.0,1,success,
BATCH-002760,calendar,2026-04-05,2026-04-05 01:25:00,2026-04-05 02:24:00,197,197,0,59,2.0,1,success,
BATCH-002761,crm,2026-04-06,2026-04-06 01:23:00,2026-04-06 01:46:00,259,259,0,23,1.0,1,success,
BATCH-002762,portal,2026-04-06,2026-04-06 01:26:00,2026-04-06 01:31:00,139,139,0,5,1.0,1,success,
BATCH-002763,chat_platform,2026-04-06,2026-04-06 01:26:00,2026-04-06 02:03:00,191,191,0,37,1.0,1,success,
BATCH-002764,workflow,2026-04-06,2026-04-06 01:01:00,2026-04-06 01:30:00,56,56,0,29,1.0,1,success,
BATCH-002765,workforce,2026-04-06,2026-04-06 01:16:00,2026-04-06 07:43:00,54,0,54,387,1.0,0,failed,SRC_UNAVAILABLE
BATCH-002766,calendar,2026-04-06,2026-04-06 01:27:00,2026-04-06 01:52:00,67,67,0,25,1.0,1,success,
BATCH-002767,crm,2026-04-07,2026-04-07 01:02:00,2026-04-07 01:34:00,242,242,0,32,1.0,1,success,
BATCH-002768,portal,2026-04-07,2026-04-07 01:00:00,2026-04-07 01:33:00,189,189,0,33,1.1,1,success,
BATCH-002769,chat_platform,2026-04-07,2026-04-07 01:17:00,2026-04-07 01:38:00,160,160,0,21,1.0,1,success,
BATCH-002770,workflow,2026-04-07,2026-04-07 01:25:00,2026-04-07 02:18:00,28,28,0,53,1.1,1,success,
BATCH-002771,workforce,2026-04-07,2026-04-07 01:13:00,2026-04-07 02:04:00,240,240,0,51,1.0,1,success,
BATCH-002772,calendar,2026-04-07,2026-04-07 01:19:00,2026-04-07 01:55:00,183,183,0,36,1.0,1,success,
BATCH-002773,crm,2026-04-08,2026-04-08 01:26:00,2026-04-08 02:22:00,28,28,0,56,1.0,1,success,
BATCH-002774,portal,2026-04-08,2026-04-08 01:23:00,2026-04-08 02:02:00,83,83,0,39,1.0,1,success,
BATCH-002775,chat_platform,2026-04-08,2026-04-08 01:11:00,2026-04-08 01:22:00,227,227,0,11,1.0,1,success,
BATCH-002776,workflow,2026-04-08,2026-04-08 01:04:00,2026-04-08 01:44:00,185,185,0,40,2.0,1,success,
BATCH-002777,workforce,2026-04-08,2026-04-08 01:11:00,2026-04-08 01:16:00,240,240,0,5,1.0,1,success,
BATCH-002778,calendar,2026-04-08,2026-04-08 01:05:00,2026-04-08 01:43:00,107,107,0,38,1.0,1,success,
BATCH-002779,crm,2026-04-09,2026-04-09 01:13:00,2026-04-09 01:21:00,33,33,0,8,1.0,1,success,
BATCH-002780,portal,2026-04-09,2026-04-09 01:14:00,2026-04-09 01:31:00,138,138,0,17,1.0,1,success,
BATCH-002781,chat_platform,2026-04-09,2026-04-09 01:21:00,2026-04-09 01:55:00,197,197,0,34,1.0,1,success,
BATCH-002782,workflow,2026-04-09,2026-04-09 01:17:00,2026-04-09 01:43:00,131,131,0,26,1.0,1,success,
BATCH-002783,workforce,2026-04-09,2026-04-09 01:13:00,2026-04-09 01:26:00,194,194,0,13,1.0,1,success,
BATCH-002784,calendar,2026-04-09,2026-04-09 01:09:00,2026-04-09 01:33:00,28,28,0,24,1.0,1,success,
BATCH-002785,crm,2026-04-10,2026-04-10 01:10:00,2026-04-10 01:30:00,247,247,0,20,1.0,1,success,
BATCH-002786,portal,2026-04-10,2026-04-10 01:09:00,2026-04-10 01:36:00,165,165,0,27,1.0,1,success,
BATCH-002787,chat_platform,2026-04-10,2026-04-10 01:27:00,2026-04-10 02:23:00,150,150,0,56,1.0,1,success,
BATCH-002788,workflow,2026-04-10,2026-04-10 01:13:00,2026-04-10 02:13:00,208,208,0,60,1.0,1,success,
BATCH-002789,workforce,2026-04-10,2026-04-10 01:10:00,2026-04-10 02:06:00,259,259,0,56,1.0,1,success,
BATCH-002790,calendar,2026-04-10,2026-04-10 01:19:00,2026-04-10 01:38:00,114,114,0,19,1.0,1,success,
BATCH-002791,crm,2026-04-11,2026-04-11 01:15:00,2026-04-11 01:41:00,33,33,0,26,1.0,1,success,
BATCH-002792,portal,2026-04-11,2026-04-11 01:13:00,2026-04-11 02:09:00,119,119,0,56,1.0,1,success,
BATCH-002793,chat_platform,2026-04-11,2026-04-11 01:19:00,2026-04-11 02:17:00,219,219,0,58,1.0,1,success,
BATCH-002794,workflow,2026-04-11,2026-04-11 01:00:00,2026-04-11 01:09:00,46,46,0,9,1.0,1,success,
BATCH-002795,workforce,2026-04-11,2026-04-11 01:02:00,2026-04-11 01:47:00,192,192,0,45,1.0,1,success,
BATCH-002796,calendar,2026-04-11,2026-04-11 01:14:00,2026-04-11 02:14:00,93,93,0,60,1.0,1,success,
BATCH-002797,crm,2026-04-12,2026-04-12 01:13:00,2026-04-12 01:28:00,256,256,0,15,1.0,1,success,
BATCH-002798,portal,2026-04-12,2026-04-12 01:10:00,2026-04-12 02:05:00,185,185,0,55,1.0,1,success,
BATCH-002799,chat_platform,2026-04-12,2026-04-12 01:24:00,2026-04-12 05:11:00,38,0,38,227,1.0,0,failed,SRC_UNAVAILABLE
BATCH-002800,workflow,2026-04-12,2026-04-12 01:17:00,2026-04-12 01:31:00,243,243,0,14,1.0,1,success,
BATCH-002801,workforce,2026-04-12,2026-04-12 01:18:00,2026-04-12 01:46:00,67,67,0,28,1.0,1,success,
BATCH-002802,calendar,2026-04-12,2026-04-12 01:27:00,2026-04-12 01:53:00,136,136,0,26,1.0,1,success,
BATCH-002803,crm,2026-04-13,2026-04-13 01:16:00,2026-04-13 01:37:00,86,86,0,21,1.0,1,success,
BATCH-002804,portal,2026-04-13,2026-04-13 01:24:00,2026-04-13 02:21:00,233,233,0,57,1.0,1,success,
BATCH-002805,chat_platform,2026-04-13,2026-04-13 01:01:00,2026-04-13 01:24:00,221,221,0,23,1.0,1,success,
BATCH-002806,workflow,2026-04-13,2026-04-13 01:01:00,2026-04-13 01:40:00,170,170,0,39,1.1,1,success,
BATCH-002807,workforce,2026-04-13,2026-04-13 01:03:00,2026-04-13 01:46:00,152,152,0,43,1.0,1,success,
BATCH-002808,calendar,2026-04-13,2026-04-13 01:13:00,2026-04-13 01:51:00,127,127,0,38,1.0,1,success,
BATCH-002809,crm,2026-04-14,2026-04-14 01:00:00,2026-04-14 02:04:00,59,59,0,64,1.0,1,success,
BATCH-002810,portal,2026-04-14,2026-04-14 01:28:00,2026-04-14 01:40:00,63,63,0,12,1.1,1,success,
BATCH-002811,chat_platform,2026-04-14,2026-04-14 01:18:00,2026-04-14 01:30:00,224,224,0,12,1.0,1,success,
BATCH-002812,workflow,2026-04-14,2026-04-14 01:12:00,2026-04-14 01:19:00,223,223,0,7,1.0,1,success,
BATCH-002813,workforce,2026-04-14,2026-04-14 01:08:00,2026-04-14 01:20:00,53,53,0,12,1.0,1,success,
BATCH-002814,calendar,2026-04-14,2026-04-14 01:16:00,2026-04-14 01:26:00,233,233,0,10,1.0,1,success,
BATCH-002815,crm,2026-04-15,2026-04-15 01:25:00,2026-04-15 02:05:00,251,251,0,40,1.0,1,success,
BATCH-002816,portal,2026-04-15,2026-04-15 01:26:00,2026-04-15 01:34:00,206,206,0,8,1.0,1,success,
BATCH-002817,chat_platform,2026-04-15,2026-04-15 01:07:00,2026-04-15 01:32:00,178,178,0,25,1.0,1,success,
BATCH-002818,workflow,2026-04-15,2026-04-15 01:25:00,2026-04-15 01:49:00,138,138,0,24,1.0,1,success,
BATCH-002819,workforce,2026-04-15,2026-04-15 01:14:00,2026-04-15 02:09:00,204,204,0,55,1.0,1,success,
BATCH-002820,calendar,2026-04-15,2026-04-15 01:07:00,2026-04-15 01:56:00,156,156,0,49,1.0,1,success,
BATCH-002821,crm,2026-04-16,2026-04-16 01:21:00,2026-04-16 02:03:00,101,101,0,42,1.0,1,success,
BATCH-002822,portal,2026-04-16,2026-04-16 01:17:00,2026-04-16 02:16:00,205,205,0,59,1.0,1,success,
BATCH-002823,chat_platform,2026-04-16,2026-04-16 01:22:00,2026-04-16 01:39:00,149,149,0,17,1.0,1,success,
BATCH-002824,workflow,2026-04-16,2026-04-16 01:27:00,2026-04-16 01:47:00,88,88,0,20,1.0,1,success,
BATCH-002825,workforce,2026-04-16,2026-04-16 01:09:00,2026-04-16 01:40:00,182,182,0,31,1.0,1,success,
BATCH-002826,calendar,2026-04-16,2026-04-16 01:11:00,2026-04-16 04:14:00,99,97,2,183,1.1,1,warning,LATE_ARRIVAL
BATCH-002827,crm,2026-04-17,2026-04-17 01:15:00,2026-04-17 02:00:00,149,149,0,45,1.0,1,success,
BATCH-002828,portal,2026-04-17,2026-04-17 01:16:00,2026-04-17 02:13:00,41,41,0,57,1.0,1,success,
BATCH-002829,chat_platform,2026-04-17,2026-04-17 01:03:00,2026-04-17 01:49:00,100,100,0,46,1.0,1,success,
BATCH-002830,workflow,2026-04-17,2026-04-17 01:00:00,2026-04-17 01:39:00,108,108,0,39,1.1,1,success,
BATCH-002831,workforce,2026-04-17,2026-04-17 01:18:00,2026-04-17 02:08:00,207,207,0,50,1.0,1,success,
BATCH-002832,calendar,2026-04-17,2026-04-17 01:02:00,2026-04-17 01:13:00,47,47,0,11,1.1,1,success,
BATCH-002833,crm,2026-04-18,2026-04-18 01:23:00,2026-04-18 01:28:00,160,160,0,5,1.0,1,success,
BATCH-002834,portal,2026-04-18,2026-04-18 01:17:00,2026-04-18 01:48:00,162,162,0,31,1.0,1,success,
BATCH-002835,chat_platform,2026-04-18,2026-04-18 01:13:00,2026-04-18 01:59:00,32,32,0,46,1.0,1,success,
BATCH-002836,workflow,2026-04-18,2026-04-18 01:21:00,2026-04-18 01:51:00,196,196,0,30,1.0,1,success,
BATCH-002837,workforce,2026-04-18,2026-04-18 01:19:00,2026-04-18 02:00:00,239,239,0,41,1.0,1,success,
BATCH-002838,calendar,2026-04-18,2026-04-18 01:26:00,2026-04-18 01:45:00,49,49,0,19,1.0,1,success,
BATCH-002839,crm,2026-04-19,2026-04-19 01:17:00,2026-04-19 01:22:00,201,201,0,5,1.0,1,success,
BATCH-002840,portal,2026-04-19,2026-04-19 01:02:00,2026-04-19 01:08:00,131,131,0,6,1.0,1,success,
BATCH-002841,chat_platform,2026-04-19,2026-04-19 01:01:00,2026-04-19 01:41:00,228,228,0,40,1.0,1,success,
BATCH-002842,workflow,2026-04-19,2026-04-19 01:05:00,2026-04-19 01:52:00,223,223,0,47,1.1,1,success,
BATCH-002843,workforce,2026-04-19,2026-04-19 01:19:00,2026-04-19 02:56:00,155,148,7,97,1.1,1,warning,SCHEMA_DRIFT
BATCH-002844,calendar,2026-04-19,2026-04-19 01:10:00,2026-04-19 01:59:00,97,97,0,49,1.1,1,success,
BATCH-002845,crm,2026-04-20,2026-04-20 01:20:00,2026-04-20 01:55:00,172,172,0,35,1.0,1,success,
BATCH-002846,portal,2026-04-20,2026-04-20 01:18:00,2026-04-20 01:27:00,63,63,0,9,1.0,1,success,
BATCH-002847,chat_platform,2026-04-20,2026-04-20 01:03:00,2026-04-20 01:52:00,217,217,0,49,1.0,1,success,
BATCH-002848,workflow,2026-04-20,2026-04-20 01:21:00,2026-04-20 01:58:00,210,210,0,37,1.0,1,success,
BATCH-002849,workforce,2026-04-20,2026-04-20 01:20:00,2026-04-20 01:34:00,122,122,0,14,1.1,1,success,
BATCH-002850,calendar,2026-04-20,2026-04-20 01:16:00,2026-04-20 02:19:00,84,84,0,63,1.0,1,success,
BATCH-002851,crm,2026-04-21,2026-04-21 01:22:00,2026-04-21 01:58:00,255,255,0,36,1.0,1,success,
BATCH-002852,portal,2026-04-21,2026-04-21 01:02:00,2026-04-21 01:57:00,30,30,0,55,1.0,1,success,
BATCH-002853,chat_platform,2026-04-21,2026-04-21 01:29:00,2026-04-21 01:58:00,244,244,0,29,1.0,1,success,
BATCH-002854,workflow,2026-04-21,2026-04-21 01:20:00,2026-04-21 01:44:00,64,64,0,24,1.0,1,success,
BATCH-002855,workforce,2026-04-21,2026-04-21 01:25:00,2026-04-21 01:48:00,236,236,0,23,1.0,1,success,
BATCH-002856,calendar,2026-04-21,2026-04-21 01:16:00,2026-04-21 02:12:00,203,203,0,56,1.0,1,success,
BATCH-002857,crm,2026-04-22,2026-04-22 01:02:00,2026-04-22 01:08:00,100,100,0,6,1.0,1,success,
BATCH-002858,portal,2026-04-22,2026-04-22 01:09:00,2026-04-22 02:00:00,111,111,0,51,1.0,1,success,
BATCH-002859,chat_platform,2026-04-22,2026-04-22 01:04:00,2026-04-22 01:29:00,114,114,0,25,1.0,1,success,
BATCH-002860,workflow,2026-04-22,2026-04-22 01:01:00,2026-04-22 01:37:00,77,77,0,36,1.0,1,success,
BATCH-002861,workforce,2026-04-22,2026-04-22 01:13:00,2026-04-22 01:38:00,172,172,0,25,1.0,1,success,
BATCH-002862,calendar,2026-04-22,2026-04-22 01:27:00,2026-04-22 03:51:00,118,111,7,144,1.0,1,warning,ROW_REJECTED
BATCH-002863,crm,2026-04-23,2026-04-23 01:08:00,2026-04-23 01:51:00,223,223,0,43,1.0,1,success,
BATCH-002864,portal,2026-04-23,2026-04-23 01:19:00,2026-04-23 03:34:00,90,85,5,135,1.1,1,warning,ROW_REJECTED
BATCH-002865,chat_platform,2026-04-23,2026-04-23 01:14:00,2026-04-23 01:44:00,130,130,0,30,1.0,1,success,
BATCH-002866,workflow,2026-04-23,2026-04-23 01:20:00,2026-04-23 04:26:00,224,220,4,186,1.1,1,warning,ROW_REJECTED
BATCH-002867,workforce,2026-04-23,2026-04-23 01:09:00,2026-04-23 01:27:00,104,104,0,18,1.0,1,success,
BATCH-002868,calendar,2026-04-23,2026-04-23 01:19:00,2026-04-23 01:42:00,212,212,0,23,2.0,1,success,
BATCH-002869,crm,2026-04-24,2026-04-24 01:29:00,2026-04-24 02:22:00,102,102,0,53,1.1,1,success,
BATCH-002870,portal,2026-04-24,2026-04-24 01:25:00,2026-04-24 02:11:00,107,107,0,46,1.0,1,success,
BATCH-002871,chat_platform,2026-04-24,2026-04-24 01:18:00,2026-04-24 03:26:00,39,38,1,128,1.0,1,warning,ROW_REJECTED
BATCH-002872,workflow,2026-04-24,2026-04-24 01:18:00,2026-04-24 01:35:00,153,153,0,17,1.0,1,success,
BATCH-002873,workforce,2026-04-24,2026-04-24 01:01:00,2026-04-24 01:28:00,150,150,0,27,1.0,1,success,
BATCH-002874,calendar,2026-04-24,2026-04-24 01:14:00,2026-04-24 02:04:00,188,188,0,50,1.0,1,success,
BATCH-002875,crm,2026-04-25,2026-04-25 01:11:00,2026-04-25 01:42:00,44,44,0,31,1.0,1,success,
BATCH-002876,portal,2026-04-25,2026-04-25 01:02:00,2026-04-25 02:05:00,235,235,0,63,1.0,1,success,
BATCH-002877,chat_platform,2026-04-25,2026-04-25 01:19:00,2026-04-25 01:39:00,258,258,0,20,1.0,1,success,
BATCH-002878,workflow,2026-04-25,2026-04-25 01:08:00,2026-04-25 02:00:00,258,258,0,52,1.0,1,success,
BATCH-002879,workforce,2026-04-25,2026-04-25 01:28:00,2026-04-25 10:12:00,124,0,124,524,1.1,0,failed,SRC_UNAVAILABLE
BATCH-002880,calendar,2026-04-25,2026-04-25 01:26:00,2026-04-25 01:50:00,235,235,0,24,1.0,1,success,
BATCH-002881,crm,2026-04-26,2026-04-26 01:27:00,2026-04-26 02:24:00,182,182,0,57,1.0,1,success,
BATCH-002882,portal,2026-04-26,2026-04-26 01:25:00,2026-04-26 01:59:00,227,227,0,34,1.0,1,success,
BATCH-002883,chat_platform,2026-04-26,2026-04-26 01:19:00,2026-04-26 01:53:00,220,220,0,34,1.0,1,success,
BATCH-002884,workflow,2026-04-26,2026-04-26 01:22:00,2026-04-26 03:05:00,56,55,1,103,1.0,0,warning,LATE_ARRIVAL
BATCH-002885,workforce,2026-04-26,2026-04-26 01:19:00,2026-04-26 01:40:00,65,65,0,21,1.0,1,success,
BATCH-002886,calendar,2026-04-26,2026-04-26 01:27:00,2026-04-26 05:02:00,124,115,9,215,1.1,1,warning,LATE_ARRIVAL
BATCH-002887,crm,2026-04-27,2026-04-27 01:27:00,2026-04-27 02:10:00,45,45,0,43,1.1,1,success,
BATCH-002888,portal,2026-04-27,2026-04-27 01:11:00,2026-04-27 01:50:00,177,177,0,39,1.0,1,success,
BATCH-002889,chat_platform,2026-04-27,2026-04-27 01:09:00,2026-04-27 01:27:00,174,174,0,18,1.0,1,success,
BATCH-002890,workflow,2026-04-27,2026-04-27 01:05:00,2026-04-27 01:14:00,72,72,0,9,1.0,1,success,
BATCH-002891,workforce,2026-04-27,2026-04-27 01:02:00,2026-04-27 01:33:00,52,52,0,31,1.0,1,success,
BATCH-002892,calendar,2026-04-27,2026-04-27 01:02:00,2026-04-27 01:48:00,253,253,0,46,1.0,1,success,
BATCH-002893,crm,2026-04-28,2026-04-28 01:17:00,2026-04-28 01:48:00,236,236,0,31,1.1,1,success,
BATCH-002894,portal,2026-04-28,2026-04-28 01:17:00,2026-04-28 02:13:00,85,85,0,56,1.0,1,success,
BATCH-002895,chat_platform,2026-04-28,2026-04-28 01:04:00,2026-04-28 01:30:00,149,149,0,26,1.0,1,success,
BATCH-002896,workflow,2026-04-28,2026-04-28 01:11:00,2026-04-28 02:01:00,136,136,0,50,1.0,1,success,
BATCH-002897,workforce,2026-04-28,2026-04-28 01:21:00,2026-04-28 02:15:00,33,33,0,54,1.0,1,success,
BATCH-002898,calendar,2026-04-28,2026-04-28 01:12:00,2026-04-28 01:34:00,98,98,0,22,1.0,1,success,
BATCH-002899,crm,2026-04-29,2026-04-29 01:16:00,2026-04-29 01:34:00,129,129,0,18,1.0,1,success,
BATCH-002900,portal,2026-04-29,2026-04-29 01:29:00,2026-04-29 02:07:00,69,69,0,38,1.1,1,success,
BATCH-002901,chat_platform,2026-04-29,2026-04-29 01:24:00,2026-04-29 01:52:00,124,124,0,28,1.0,1,success,
BATCH-002902,workflow,2026-04-29,2026-04-29 01:29:00,2026-04-29 02:31:00,76,76,0,62,1.1,1,success,
BATCH-002903,workforce,2026-04-29,2026-04-29 01:23:00,2026-04-29 01:42:00,106,106,0,19,1.0,1,success,
BATCH-002904,calendar,2026-04-29,2026-04-29 01:29:00,2026-04-29 02:24:00,159,159,0,55,1.0,1,success,
BATCH-002905,crm,2026-04-30,2026-04-30 01:09:00,2026-04-30 01:14:00,52,52,0,5,1.0,1,success,
BATCH-002906,portal,2026-04-30,2026-04-30 01:00:00,2026-04-30 01:15:00,53,53,0,15,1.0,1,success,
BATCH-002907,chat_platform,2026-04-30,2026-04-30 01:05:00,2026-04-30 01:24:00,108,108,0,19,1.0,1,success,
BATCH-002908,workflow,2026-04-30,2026-04-30 01:11:00,2026-04-30 01:17:00,190,190,0,6,1.0,1,success,
BATCH-002909,workforce,2026-04-30,2026-04-30 01:23:00,2026-04-30 01:56:00,169,169,0,33,1.0,1,success,
BATCH-002910,calendar,2026-04-30,2026-04-30 01:01:00,2026-04-30 01:51:00,210,210,0,50,1.0,1,success,
BATCH-002911,crm,2026-05-01,2026-05-01 01:21:00,2026-05-01 02:01:00,83,83,0,40,1.0,1,success,
BATCH-002912,portal,2026-05-01,2026-05-01 01:13:00,2026-05-01 01:44:00,25,25,0,31,1.0,1,success,
BATCH-002913,chat_platform,2026-05-01,2026-05-01 01:03:00,2026-05-01 02:07:00,102,102,0,64,1.0,1,success,
BATCH-002914,workflow,2026-05-01,2026-05-01 01:05:00,2026-05-01 01:10:00,106,106,0,5,1.1,1,success,
BATCH-002915,workforce,2026-05-01,2026-05-01 01:10:00,2026-05-01 01:56:00,225,225,0,46,1.0,1,success,
BATCH-002916,calendar,2026-05-01,2026-05-01 01:14:00,2026-05-01 01:28:00,48,48,0,14,1.0,1,success,
BATCH-002917,crm,2026-05-02,2026-05-02 01:04:00,2026-05-02 01:59:00,102,102,0,55,1.0,1,success,
BATCH-002918,portal,2026-05-02,2026-05-02 01:20:00,2026-05-02 02:02:00,43,43,0,42,1.0,1,success,
BATCH-002919,chat_platform,2026-05-02,2026-05-02 01:15:00,2026-05-02 02:08:00,226,226,0,53,1.0,1,success,
BATCH-002920,workflow,2026-05-02,2026-05-02 01:08:00,2026-05-02 01:34:00,158,158,0,26,1.0,1,success,
BATCH-002921,workforce,2026-05-02,2026-05-02 01:07:00,2026-05-02 01:44:00,148,148,0,37,1.0,1,success,
BATCH-002922,calendar,2026-05-02,2026-05-02 01:21:00,2026-05-02 02:42:00,84,79,5,81,1.0,1,warning,ROW_REJECTED
BATCH-002923,crm,2026-05-03,2026-05-03 01:18:00,2026-05-03 01:42:00,48,48,0,24,1.0,1,success,
BATCH-002924,portal,2026-05-03,2026-05-03 01:06:00,2026-05-03 01:13:00,54,54,0,7,1.1,1,success,
BATCH-002925,chat_platform,2026-05-03,2026-05-03 01:12:00,2026-05-03 02:07:00,160,160,0,55,1.0,1,success,
BATCH-002926,workflow,2026-05-03,2026-05-03 01:15:00,2026-05-03 02:17:00,241,241,0,62,1.0,1,success,
BATCH-002927,workforce,2026-05-03,2026-05-03 01:25:00,2026-05-03 01:54:00,173,173,0,29,1.0,1,success,
BATCH-002928,calendar,2026-05-03,2026-05-03 01:27:00,2026-05-03 02:19:00,253,253,0,52,1.0,1,success,
BATCH-002929,crm,2026-05-04,2026-05-04 01:07:00,2026-05-04 01:31:00,145,145,0,24,1.0,1,success,
BATCH-002930,portal,2026-05-04,2026-05-04 01:16:00,2026-05-04 01:35:00,69,69,0,19,1.0,1,success,
BATCH-002931,chat_platform,2026-05-04,2026-05-04 01:01:00,2026-05-04 01:11:00,65,65,0,10,1.0,1,success,
BATCH-002932,workflow,2026-05-04,2026-05-04 01:29:00,2026-05-04 02:04:00,232,232,0,35,1.0,1,success,
BATCH-002933,workforce,2026-05-04,2026-05-04 01:10:00,2026-05-04 01:55:00,69,69,0,45,1.0,1,success,
BATCH-002934,calendar,2026-05-04,2026-05-04 01:22:00,2026-05-04 03:03:00,133,124,9,101,1.0,1,warning,SCHEMA_DRIFT
BATCH-002935,crm,2026-05-05,2026-05-05 01:04:00,2026-05-05 01:25:00,50,50,0,21,1.0,1,success,
BATCH-002936,portal,2026-05-05,2026-05-05 01:00:00,2026-05-05 01:37:00,63,63,0,37,1.1,1,success,
BATCH-002937,chat_platform,2026-05-05,2026-05-05 01:01:00,2026-05-05 01:14:00,134,134,0,13,1.0,1,success,
BATCH-002938,workflow,2026-05-05,2026-05-05 01:25:00,2026-05-05 02:03:00,67,67,0,38,1.1,1,success,
BATCH-002939,workforce,2026-05-05,2026-05-05 01:21:00,2026-05-05 02:06:00,220,220,0,45,1.1,1,success,
BATCH-002940,calendar,2026-05-05,2026-05-05 01:23:00,2026-05-05 02:21:00,84,84,0,58,1.0,1,success,
BATCH-002941,crm,2026-05-06,2026-05-06 01:20:00,2026-05-06 03:56:00,256,251,5,156,1.0,1,warning,ROW_REJECTED
BATCH-002942,portal,2026-05-06,2026-05-06 01:11:00,2026-05-06 02:07:00,109,109,0,56,1.0,1,success,
BATCH-002943,chat_platform,2026-05-06,2026-05-06 01:20:00,2026-05-06 01:36:00,193,193,0,16,1.0,1,success,
BATCH-002944,workflow,2026-05-06,2026-05-06 01:25:00,2026-05-06 02:19:00,64,64,0,54,1.0,1,success,
BATCH-002945,workforce,2026-05-06,2026-05-06 01:24:00,2026-05-06 01:43:00,119,119,0,19,1.0,1,success,
BATCH-002946,calendar,2026-05-06,2026-05-06 01:25:00,2026-05-06 02:18:00,145,145,0,53,1.0,1,success,
BATCH-002947,crm,2026-05-07,2026-05-07 01:04:00,2026-05-07 02:06:00,118,118,0,62,1.0,1,success,
BATCH-002948,portal,2026-05-07,2026-05-07 01:23:00,2026-05-07 02:23:00,68,68,0,60,1.0,1,success,
BATCH-002949,chat_platform,2026-05-07,2026-05-07 01:05:00,2026-05-07 01:46:00,159,159,0,41,1.0,1,success,
BATCH-002950,workflow,2026-05-07,2026-05-07 01:10:00,2026-05-07 02:04:00,238,238,0,54,1.0,1,success,
BATCH-002951,workforce,2026-05-07,2026-05-07 01:26:00,2026-05-07 02:17:00,119,119,0,51,1.0,1,success,
BATCH-002952,calendar,2026-05-07,2026-05-07 01:16:00,2026-05-07 01:31:00,133,133,0,15,1.0,1,success,
BATCH-002953,crm,2026-05-08,2026-05-08 01:08:00,2026-05-08 04:56:00,40,38,2,228,2.0,0,warning,LATE_ARRIVAL
BATCH-002954,portal,2026-05-08,2026-05-08 01:29:00,2026-05-08 02:22:00,181,181,0,53,1.0,1,success,
BATCH-002955,chat_platform,2026-05-08,2026-05-08 01:15:00,2026-05-08 02:19:00,129,129,0,64,1.1,1,success,
BATCH-002956,workflow,2026-05-08,2026-05-08 01:07:00,2026-05-08 01:50:00,60,60,0,43,1.0,1,success,
BATCH-002957,workforce,2026-05-08,2026-05-08 01:03:00,2026-05-08 01:51:00,44,44,0,48,1.0,1,success,
BATCH-002958,calendar,2026-05-08,2026-05-08 01:11:00,2026-05-08 01:20:00,223,223,0,9,1.1,1,success,
BATCH-002959,crm,2026-05-09,2026-05-09 01:25:00,2026-05-09 03:14:00,198,193,5,109,1.0,0,warning,ROW_REJECTED
BATCH-002960,portal,2026-05-09,2026-05-09 01:11:00,2026-05-09 02:06:00,93,93,0,55,1.0,1,success,
BATCH-002961,chat_platform,2026-05-09,2026-05-09 01:20:00,2026-05-09 02:02:00,227,227,0,42,1.0,1,success,
BATCH-002962,workflow,2026-05-09,2026-05-09 01:29:00,2026-05-09 02:28:00,204,204,0,59,1.0,1,success,
BATCH-002963,workforce,2026-05-09,2026-05-09 01:19:00,2026-05-09 01:39:00,63,63,0,20,1.0,1,success,
BATCH-002964,calendar,2026-05-09,2026-05-09 01:10:00,2026-05-09 01:55:00,192,192,0,45,1.0,1,success,
BATCH-002965,crm,2026-05-10,2026-05-10 01:09:00,2026-05-10 01:40:00,28,28,0,31,1.0,1,success,
BATCH-002966,portal,2026-05-10,2026-05-10 01:05:00,2026-05-10 02:07:00,193,193,0,62,1.0,1,success,
BATCH-002967,chat_platform,2026-05-10,2026-05-10 01:15:00,2026-05-10 02:08:00,139,139,0,53,1.0,1,success,
BATCH-002968,workflow,2026-05-10,2026-05-10 01:19:00,2026-05-10 01:37:00,84,84,0,18,1.0,1,success,
BATCH-002969,workforce,2026-05-10,2026-05-10 01:19:00,2026-05-10 01:43:00,186,186,0,24,1.0,1,success,
BATCH-002970,calendar,2026-05-10,2026-05-10 01:07:00,2026-05-10 01:38:00,34,34,0,31,1.0,1,success,
BATCH-002971,crm,2026-05-11,2026-05-11 01:16:00,2026-05-11 01:52:00,158,158,0,36,1.0,1,success,
BATCH-002972,portal,2026-05-11,2026-05-11 01:10:00,2026-05-11 01:49:00,84,84,0,39,1.0,1,success,
BATCH-002973,chat_platform,2026-05-11,2026-05-11 01:11:00,2026-05-11 02:09:00,41,41,0,58,1.0,1,success,
BATCH-002974,workflow,2026-05-11,2026-05-11 01:12:00,2026-05-11 01:44:00,141,141,0,32,1.0,1,success,
BATCH-002975,workforce,2026-05-11,2026-05-11 01:06:00,2026-05-11 02:01:00,104,104,0,55,1.0,1,success,
BATCH-002976,calendar,2026-05-11,2026-05-11 01:27:00,2026-05-11 02:25:00,150,150,0,58,1.0,1,success,
BATCH-002977,crm,2026-05-12,2026-05-12 01:22:00,2026-05-12 02:00:00,144,144,0,38,1.0,1,success,
BATCH-002978,portal,2026-05-12,2026-05-12 01:20:00,2026-05-12 01:28:00,62,62,0,8,2.0,1,success,
BATCH-002979,chat_platform,2026-05-12,2026-05-12 01:26:00,2026-05-12 02:17:00,71,71,0,51,1.0,1,success,
BATCH-002980,workflow,2026-05-12,2026-05-12 01:24:00,2026-05-12 02:05:00,27,27,0,41,1.1,1,success,
BATCH-002981,workforce,2026-05-12,2026-05-12 01:13:00,2026-05-12 01:52:00,113,113,0,39,1.1,1,success,
BATCH-002982,calendar,2026-05-12,2026-05-12 01:02:00,2026-05-12 01:49:00,74,74,0,47,1.0,1,success,
BATCH-002983,crm,2026-05-13,2026-05-13 01:28:00,2026-05-13 02:13:00,225,225,0,45,1.0,1,success,
BATCH-002984,portal,2026-05-13,2026-05-13 01:17:00,2026-05-13 01:38:00,222,222,0,21,1.0,1,success,
BATCH-002985,chat_platform,2026-05-13,2026-05-13 01:13:00,2026-05-13 02:09:00,223,223,0,56,1.0,1,success,
BATCH-002986,workflow,2026-05-13,2026-05-13 01:07:00,2026-05-13 01:37:00,244,244,0,30,1.0,1,success,
BATCH-002987,workforce,2026-05-13,2026-05-13 01:18:00,2026-05-13 01:47:00,189,189,0,29,1.0,1,success,
BATCH-002988,calendar,2026-05-13,2026-05-13 01:01:00,2026-05-13 02:04:00,48,48,0,63,1.0,1,success,
BATCH-002989,crm,2026-05-14,2026-05-14 01:27:00,2026-05-14 02:19:00,225,225,0,52,1.0,1,success,
BATCH-002990,portal,2026-05-14,2026-05-14 01:13:00,2026-05-14 01:48:00,118,118,0,35,1.0,1,success,
BATCH-002991,chat_platform,2026-05-14,2026-05-14 01:12:00,2026-05-14 01:38:00,169,169,0,26,1.0,1,success,
BATCH-002992,workflow,2026-05-14,2026-05-14 01:17:00,2026-05-14 01:41:00,90,90,0,24,1.1,1,success,
BATCH-002993,workforce,2026-05-14,2026-05-14 01:28:00,2026-05-14 02:12:00,256,256,0,44,1.1,1,success,
BATCH-002994,calendar,2026-05-14,2026-05-14 01:22:00,2026-05-14 01:39:00,59,59,0,17,1.0,1,success,
BATCH-002995,crm,2026-05-15,2026-05-15 01:26:00,2026-05-15 02:08:00,55,55,0,42,1.0,1,success,
BATCH-002996,portal,2026-05-15,2026-05-15 01:02:00,2026-05-15 01:12:00,150,150,0,10,1.0,1,success,
BATCH-002997,chat_platform,2026-05-15,2026-05-15 01:16:00,2026-05-15 02:09:00,137,137,0,53,1.0,1,success,
BATCH-002998,workflow,2026-05-15,2026-05-15 01:18:00,2026-05-15 01:59:00,194,194,0,41,1.0,1,success,
BATCH-002999,workforce,2026-05-15,2026-05-15 01:03:00,2026-05-15 01:11:00,230,230,0,8,1.0,1,success,
BATCH-003000,calendar,2026-05-15,2026-05-15 01:24:00,2026-05-15 01:53:00,144,144,0,29,1.0,1,success,
BATCH-003001,crm,2026-05-16,2026-05-16 01:06:00,2026-05-16 02:09:00,113,113,0,63,1.0,1,success,
BATCH-003002,portal,2026-05-16,2026-05-16 01:12:00,2026-05-16 01:30:00,221,221,0,18,1.0,1,success,
BATCH-003003,chat_platform,2026-05-16,2026-05-16 01:17:00,2026-05-16 01:51:00,99,99,0,34,2.0,1,success,
BATCH-003004,workflow,2026-05-16,2026-05-16 01:07:00,2026-05-16 01:16:00,121,121,0,9,1.0,1,success,
BATCH-003005,workforce,2026-05-16,2026-05-16 01:08:00,2026-05-16 08:33:00,183,0,183,445,1.0,0,failed,SRC_UNAVAILABLE
BATCH-003006,calendar,2026-05-16,2026-05-16 01:00:00,2026-05-16 01:14:00,62,62,0,14,1.0,1,success,
BATCH-003007,crm,2026-05-17,2026-05-17 01:06:00,2026-05-17 01:42:00,58,58,0,36,2.0,1,success,
BATCH-003008,portal,2026-05-17,2026-05-17 01:23:00,2026-05-17 01:47:00,103,103,0,24,1.0,1,success,
BATCH-003009,chat_platform,2026-05-17,2026-05-17 01:21:00,2026-05-17 02:20:00,133,133,0,59,1.1,1,success,
BATCH-003010,workflow,2026-05-17,2026-05-17 01:01:00,2026-05-17 01:44:00,243,243,0,43,2.0,1,success,
BATCH-003011,workforce,2026-05-17,2026-05-17 01:01:00,2026-05-17 01:35:00,143,143,0,34,1.0,1,success,
BATCH-003012,calendar,2026-05-17,2026-05-17 01:29:00,2026-05-17 01:58:00,36,36,0,29,1.0,1,success,
BATCH-003013,crm,2026-05-18,2026-05-18 01:22:00,2026-05-18 02:16:00,127,127,0,54,1.0,1,success,
BATCH-003014,portal,2026-05-18,2026-05-18 01:28:00,2026-05-18 02:19:00,50,50,0,51,1.0,1,success,
BATCH-003015,chat_platform,2026-05-18,2026-05-18 01:22:00,2026-05-18 01:48:00,115,115,0,26,1.1,1,success,
BATCH-003016,workflow,2026-05-18,2026-05-18 01:19:00,2026-05-18 02:19:00,83,83,0,60,1.1,1,success,
BATCH-003017,workforce,2026-05-18,2026-05-18 01:25:00,2026-05-18 01:45:00,68,68,0,20,1.0,1,success,
BATCH-003018,calendar,2026-05-18,2026-05-18 01:06:00,2026-05-18 01:45:00,187,187,0,39,1.1,1,success,
BATCH-003019,crm,2026-05-19,2026-05-19 01:13:00,2026-05-19 02:04:00,198,198,0,51,1.0,1,success,
BATCH-003020,portal,2026-05-19,2026-05-19 01:26:00,2026-05-19 02:23:00,82,82,0,57,1.0,1,success,
BATCH-003021,chat_platform,2026-05-19,2026-05-19 01:28:00,2026-05-19 01:44:00,26,26,0,16,1.0,1,success,
BATCH-003022,workflow,2026-05-19,2026-05-19 01:08:00,2026-05-19 01:55:00,72,72,0,47,1.1,1,success,
BATCH-003023,workforce,2026-05-19,2026-05-19 01:22:00,2026-05-19 02:11:00,188,188,0,49,1.1,1,success,
BATCH-003024,calendar,2026-05-19,2026-05-19 01:13:00,2026-05-19 02:15:00,221,221,0,62,1.0,1,success,
BATCH-003025,crm,2026-05-20,2026-05-20 01:26:00,2026-05-20 02:03:00,174,174,0,37,1.1,1,success,
BATCH-003026,portal,2026-05-20,2026-05-20 01:24:00,2026-05-20 01:50:00,251,251,0,26,1.0,1,success,
BATCH-003027,chat_platform,2026-05-20,2026-05-20 01:23:00,2026-05-20 02:41:00,137,131,6,78,1.1,1,warning,SCHEMA_DRIFT
BATCH-003028,workflow,2026-05-20,2026-05-20 01:22:00,2026-05-20 02:02:00,202,202,0,40,1.1,1,success,
BATCH-003029,workforce,2026-05-20,2026-05-20 01:01:00,2026-05-20 01:18:00,172,172,0,17,1.0,1,success,
BATCH-003030,calendar,2026-05-20,2026-05-20 01:24:00,2026-05-20 02:27:00,97,97,0,63,1.0,1,success,
BATCH-003031,crm,2026-05-21,2026-05-21 01:03:00,2026-05-21 01:44:00,190,190,0,41,1.0,1,success,
BATCH-003032,portal,2026-05-21,2026-05-21 01:01:00,2026-05-21 01:36:00,89,89,0,35,1.0,1,success,
BATCH-003033,chat_platform,2026-05-21,2026-05-21 01:28:00,2026-05-21 01:50:00,75,75,0,22,1.0,1,success,
BATCH-003034,workflow,2026-05-21,2026-05-21 01:08:00,2026-05-21 01:37:00,248,248,0,29,1.0,1,success,
BATCH-003035,workforce,2026-05-21,2026-05-21 01:26:00,2026-05-21 02:19:00,105,105,0,53,1.0,1,success,
BATCH-003036,calendar,2026-05-21,2026-05-21 01:26:00,2026-05-21 01:49:00,122,122,0,23,1.1,1,success,
BATCH-003037,crm,2026-05-22,2026-05-22 01:11:00,2026-05-22 01:24:00,203,203,0,13,1.1,1,success,
BATCH-003038,portal,2026-05-22,2026-05-22 01:19:00,2026-05-22 02:08:00,60,60,0,49,1.1,1,success,
BATCH-003039,chat_platform,2026-05-22,2026-05-22 01:17:00,2026-05-22 02:04:00,221,221,0,47,1.0,1,success,
BATCH-003040,workflow,2026-05-22,2026-05-22 01:17:00,2026-05-22 02:16:00,221,221,0,59,1.1,1,success,
BATCH-003041,workforce,2026-05-22,2026-05-22 01:13:00,2026-05-22 02:07:00,116,116,0,54,1.0,1,success,
BATCH-003042,calendar,2026-05-22,2026-05-22 01:25:00,2026-05-22 01:51:00,83,83,0,26,1.0,1,success,
BATCH-003043,crm,2026-05-23,2026-05-23 01:07:00,2026-05-23 01:36:00,141,141,0,29,1.0,1,success,
BATCH-003044,portal,2026-05-23,2026-05-23 01:05:00,2026-05-23 01:21:00,233,233,0,16,1.0,1,success,
BATCH-003045,chat_platform,2026-05-23,2026-05-23 01:27:00,2026-05-23 03:27:00,54,53,1,120,1.0,1,warning,ROW_REJECTED
BATCH-003046,workflow,2026-05-23,2026-05-23 01:04:00,2026-05-23 01:23:00,200,200,0,19,1.0,1,success,
BATCH-003047,workforce,2026-05-23,2026-05-23 01:16:00,2026-05-23 01:55:00,193,193,0,39,1.0,1,success,
BATCH-003048,calendar,2026-05-23,2026-05-23 01:05:00,2026-05-23 02:01:00,239,239,0,56,1.0,1,success,
BATCH-003049,crm,2026-05-24,2026-05-24 01:07:00,2026-05-24 01:41:00,193,193,0,34,1.0,1,success,
BATCH-003050,portal,2026-05-24,2026-05-24 01:09:00,2026-05-24 02:07:00,48,48,0,58,1.0,1,success,
BATCH-003051,chat_platform,2026-05-24,2026-05-24 01:27:00,2026-05-24 01:53:00,242,242,0,26,1.0,1,success,
BATCH-003052,workflow,2026-05-24,2026-05-24 01:10:00,2026-05-24 01:59:00,111,111,0,49,1.0,1,success,
BATCH-003053,workforce,2026-05-24,2026-05-24 01:05:00,2026-05-24 03:44:00,49,47,2,159,1.0,1,warning,ROW_REJECTED
BATCH-003054,calendar,2026-05-24,2026-05-24 01:02:00,2026-05-24 01:34:00,64,64,0,32,1.1,1,success,
BATCH-003055,crm,2026-05-25,2026-05-25 01:19:00,2026-05-25 04:23:00,110,102,8,184,1.1,0,warning,SCHEMA_DRIFT
BATCH-003056,portal,2026-05-25,2026-05-25 01:17:00,2026-05-25 01:42:00,244,244,0,25,2.0,1,success,
BATCH-003057,chat_platform,2026-05-25,2026-05-25 01:19:00,2026-05-25 02:02:00,26,26,0,43,2.0,1,success,
BATCH-003058,workflow,2026-05-25,2026-05-25 01:25:00,2026-05-25 02:00:00,232,232,0,35,1.0,1,success,
BATCH-003059,workforce,2026-05-25,2026-05-25 01:21:00,2026-05-25 01:32:00,235,235,0,11,1.0,1,success,
BATCH-003060,calendar,2026-05-25,2026-05-25 01:17:00,2026-05-25 01:50:00,205,205,0,33,1.1,1,success,
BATCH-003061,crm,2026-05-26,2026-05-26 01:00:00,2026-05-26 01:23:00,183,183,0,23,1.0,1,success,
BATCH-003062,portal,2026-05-26,2026-05-26 01:03:00,2026-05-26 01:40:00,28,28,0,37,1.0,1,success,
BATCH-003063,chat_platform,2026-05-26,2026-05-26 01:10:00,2026-05-26 02:07:00,228,228,0,57,1.0,1,success,
BATCH-003064,workflow,2026-05-26,2026-05-26 01:13:00,2026-05-26 01:25:00,224,224,0,12,1.0,1,success,
BATCH-003065,workforce,2026-05-26,2026-05-26 01:19:00,2026-05-26 02:13:00,93,93,0,54,1.0,1,success,
BATCH-003066,calendar,2026-05-26,2026-05-26 01:19:00,2026-05-26 03:07:00,192,191,1,108,1.0,1,warning,ROW_REJECTED
BATCH-003067,crm,2026-05-27,2026-05-27 01:17:00,2026-05-27 02:01:00,133,133,0,44,1.0,1,success,
BATCH-003068,portal,2026-05-27,2026-05-27 01:29:00,2026-05-27 01:47:00,147,147,0,18,1.0,1,success,
BATCH-003069,chat_platform,2026-05-27,2026-05-27 01:01:00,2026-05-27 01:29:00,240,240,0,28,1.0,1,success,
BATCH-003070,workflow,2026-05-27,2026-05-27 01:06:00,2026-05-27 02:08:00,45,45,0,62,1.1,1,success,
BATCH-003071,workforce,2026-05-27,2026-05-27 01:07:00,2026-05-27 01:13:00,51,51,0,6,1.0,1,success,
BATCH-003072,calendar,2026-05-27,2026-05-27 01:20:00,2026-05-27 02:16:00,50,50,0,56,2.0,1,success,
BATCH-003073,crm,2026-05-28,2026-05-28 01:00:00,2026-05-28 03:38:00,238,237,1,158,1.0,1,warning,LATE_ARRIVAL
BATCH-003074,portal,2026-05-28,2026-05-28 01:11:00,2026-05-28 03:59:00,164,163,1,168,1.0,1,warning,LATE_ARRIVAL
BATCH-003075,chat_platform,2026-05-28,2026-05-28 01:28:00,2026-05-28 02:22:00,37,37,0,54,1.0,1,success,
BATCH-003076,workflow,2026-05-28,2026-05-28 01:21:00,2026-05-28 01:45:00,140,140,0,24,1.1,1,success,
BATCH-003077,workforce,2026-05-28,2026-05-28 01:20:00,2026-05-28 01:50:00,123,123,0,30,1.0,1,success,
BATCH-003078,calendar,2026-05-28,2026-05-28 01:03:00,2026-05-28 01:47:00,70,70,0,44,1.0,1,success,
BATCH-003079,crm,2026-05-29,2026-05-29 01:22:00,2026-05-29 01:30:00,95,95,0,8,1.1,1,success,
BATCH-003080,portal,2026-05-29,2026-05-29 01:27:00,2026-05-29 02:23:00,212,212,0,56,1.0,1,success,
BATCH-003081,chat_platform,2026-05-29,2026-05-29 01:05:00,2026-05-29 01:12:00,142,142,0,7,1.1,1,success,
BATCH-003082,workflow,2026-05-29,2026-05-29 01:04:00,2026-05-29 04:18:00,72,71,1,194,1.0,1,warning,ROW_REJECTED
BATCH-003083,workforce,2026-05-29,2026-05-29 01:24:00,2026-05-29 01:52:00,238,238,0,28,1.1,1,success,
BATCH-003084,calendar,2026-05-29,2026-05-29 01:07:00,2026-05-29 01:16:00,155,155,0,9,1.0,1,success,
BATCH-003085,crm,2026-05-30,2026-05-30 01:11:00,2026-05-30 02:12:00,97,97,0,61,1.1,1,success,
BATCH-003086,portal,2026-05-30,2026-05-30 01:14:00,2026-05-30 01:38:00,256,256,0,24,1.0,1,success,
BATCH-003087,chat_platform,2026-05-30,2026-05-30 01:29:00,2026-05-30 02:29:00,236,236,0,60,1.0,1,success,
BATCH-003088,workflow,2026-05-30,2026-05-30 01:24:00,2026-05-30 02:03:00,121,121,0,39,1.0,1,success,
BATCH-003089,workforce,2026-05-30,2026-05-30 01:05:00,2026-05-30 02:50:00,39,37,2,105,1.0,1,warning,LATE_ARRIVAL
BATCH-003090,calendar,2026-05-30,2026-05-30 01:26:00,2026-05-30 02:28:00,51,51,0,62,1.1,1,success,
BATCH-003091,crm,2026-05-31,2026-05-31 01:08:00,2026-05-31 01:33:00,72,72,0,25,1.0,1,success,
BATCH-003092,portal,2026-05-31,2026-05-31 01:01:00,2026-05-31 01:45:00,44,44,0,44,1.0,1,success,
BATCH-003093,chat_platform,2026-05-31,2026-05-31 01:12:00,2026-05-31 01:36:00,59,59,0,24,1.0,1,success,
BATCH-003094,workflow,2026-05-31,2026-05-31 01:04:00,2026-05-31 02:01:00,177,177,0,57,1.0,1,success,
BATCH-003095,workforce,2026-05-31,2026-05-31 01:23:00,2026-05-31 01:49:00,58,58,0,26,1.0,1,success,
BATCH-003096,calendar,2026-05-31,2026-05-31 01:15:00,2026-05-31 02:05:00,35,35,0,50,1.0,1,success,
BATCH-003097,crm,2026-06-01,2026-06-01 01:06:00,2026-06-01 01:38:00,125,125,0,32,1.0,1,success,
BATCH-003098,portal,2026-06-01,2026-06-01 01:06:00,2026-06-01 01:47:00,63,63,0,41,1.0,1,success,
BATCH-003099,chat_platform,2026-06-01,2026-06-01 01:01:00,2026-06-01 01:20:00,99,99,0,19,1.0,1,success,
BATCH-003100,workflow,2026-06-01,2026-06-01 01:12:00,2026-06-01 01:54:00,174,174,0,42,1.0,1,success,
BATCH-003101,workforce,2026-06-01,2026-06-01 01:25:00,2026-06-01 01:31:00,82,82,0,6,1.1,1,success,
BATCH-003102,calendar,2026-06-01,2026-06-01 01:24:00,2026-06-01 02:06:00,240,240,0,42,1.0,1,success,
BATCH-003103,crm,2026-06-02,2026-06-02 01:24:00,2026-06-02 04:58:00,154,0,154,214,1.0,0,failed,SRC_UNAVAILABLE
BATCH-003104,portal,2026-06-02,2026-06-02 01:23:00,2026-06-02 02:13:00,177,177,0,50,1.0,1,success,
BATCH-003105,chat_platform,2026-06-02,2026-06-02 01:04:00,2026-06-02 01:23:00,117,117,0,19,1.1,1,success,
BATCH-003106,workflow,2026-06-02,2026-06-02 01:20:00,2026-06-02 01:25:00,135,135,0,5,1.1,1,success,
BATCH-003107,workforce,2026-06-02,2026-06-02 01:24:00,2026-06-02 01:29:00,51,51,0,5,1.0,1,success,
BATCH-003108,calendar,2026-06-02,2026-06-02 01:25:00,2026-06-02 02:23:00,111,111,0,58,1.0,1,success,
BATCH-003109,crm,2026-06-03,2026-06-03 01:17:00,2026-06-03 01:38:00,89,89,0,21,1.0,1,success,
BATCH-003110,portal,2026-06-03,2026-06-03 01:09:00,2026-06-03 01:26:00,139,139,0,17,1.0,1,success,
BATCH-003111,chat_platform,2026-06-03,2026-06-03 01:19:00,2026-06-03 01:30:00,195,195,0,11,1.0,1,success,
BATCH-003112,workflow,2026-06-03,2026-06-03 01:29:00,2026-06-03 01:45:00,31,31,0,16,1.0,1,success,
BATCH-003113,workforce,2026-06-03,2026-06-03 01:03:00,2026-06-03 01:54:00,188,188,0,51,1.0,1,success,
BATCH-003114,calendar,2026-06-03,2026-06-03 01:13:00,2026-06-03 01:33:00,237,237,0,20,1.0,1,success,
BATCH-003115,crm,2026-06-04,2026-06-04 01:28:00,2026-06-04 02:14:00,231,231,0,46,1.0,1,success,
BATCH-003116,portal,2026-06-04,2026-06-04 01:13:00,2026-06-04 01:44:00,218,218,0,31,1.0,1,success,
BATCH-003117,chat_platform,2026-06-04,2026-06-04 01:10:00,2026-06-04 01:53:00,54,54,0,43,1.0,1,success,
BATCH-003118,workflow,2026-06-04,2026-06-04 01:26:00,2026-06-04 01:56:00,212,212,0,30,1.0,1,success,
BATCH-003119,workforce,2026-06-04,2026-06-04 01:20:00,2026-06-04 02:11:00,146,146,0,51,1.0,1,success,
BATCH-003120,calendar,2026-06-04,2026-06-04 01:25:00,2026-06-04 02:24:00,61,61,0,59,1.1,1,success,
BATCH-003121,crm,2026-06-05,2026-06-05 01:02:00,2026-06-05 01:29:00,240,240,0,27,2.0,1,success,
BATCH-003122,portal,2026-06-05,2026-06-05 01:11:00,2026-06-05 01:43:00,219,219,0,32,1.0,1,success,
BATCH-003123,chat_platform,2026-06-05,2026-06-05 01:01:00,2026-06-05 02:04:00,168,168,0,63,1.0,1,success,
BATCH-003124,workflow,2026-06-05,2026-06-05 01:01:00,2026-06-05 01:15:00,57,57,0,14,1.0,1,success,
BATCH-003125,workforce,2026-06-05,2026-06-05 01:04:00,2026-06-05 12:27:00,190,0,190,683,1.1,0,failed,SRC_UNAVAILABLE
BATCH-003126,calendar,2026-06-05,2026-06-05 01:14:00,2026-06-05 01:52:00,89,89,0,38,1.0,1,success,
BATCH-003127,crm,2026-06-06,2026-06-06 01:22:00,2026-06-06 01:54:00,91,91,0,32,1.0,1,success,
BATCH-003128,portal,2026-06-06,2026-06-06 01:01:00,2026-06-06 01:33:00,243,243,0,32,1.0,1,success,
BATCH-003129,chat_platform,2026-06-06,2026-06-06 01:13:00,2026-06-06 02:05:00,151,151,0,52,1.0,1,success,
BATCH-003130,workflow,2026-06-06,2026-06-06 01:19:00,2026-06-06 02:18:00,157,157,0,59,1.0,1,success,
BATCH-003131,workforce,2026-06-06,2026-06-06 01:06:00,2026-06-06 02:08:00,27,27,0,62,1.0,1,success,
BATCH-003132,calendar,2026-06-06,2026-06-06 01:02:00,2026-06-06 01:11:00,224,224,0,9,1.0,1,success,
BATCH-003133,crm,2026-06-07,2026-06-07 01:11:00,2026-06-07 01:57:00,131,131,0,46,1.0,1,success,
BATCH-003134,portal,2026-06-07,2026-06-07 01:08:00,2026-06-07 01:32:00,92,92,0,24,1.0,1,success,
BATCH-003135,chat_platform,2026-06-07,2026-06-07 01:07:00,2026-06-07 01:49:00,203,203,0,42,1.0,1,success,
BATCH-003136,workflow,2026-06-07,2026-06-07 01:08:00,2026-06-07 01:28:00,108,108,0,20,2.0,1,success,
BATCH-003137,workforce,2026-06-07,2026-06-07 01:01:00,2026-06-07 02:18:00,231,215,16,77,1.0,1,warning,LATE_ARRIVAL
BATCH-003138,calendar,2026-06-07,2026-06-07 01:18:00,2026-06-07 02:32:00,146,144,2,74,1.0,1,warning,SCHEMA_DRIFT
BATCH-003139,crm,2026-06-08,2026-06-08 01:05:00,2026-06-08 01:31:00,252,252,0,26,1.1,1,success,
BATCH-003140,portal,2026-06-08,2026-06-08 01:29:00,2026-06-08 02:26:00,179,179,0,57,1.1,1,success,
BATCH-003141,chat_platform,2026-06-08,2026-06-08 01:22:00,2026-06-08 01:56:00,218,218,0,34,1.0,1,success,
BATCH-003142,workflow,2026-06-08,2026-06-08 01:18:00,2026-06-08 01:33:00,35,35,0,15,1.1,1,success,
BATCH-003143,workforce,2026-06-08,2026-06-08 01:24:00,2026-06-08 01:46:00,90,90,0,22,1.0,1,success,
BATCH-003144,calendar,2026-06-08,2026-06-08 01:07:00,2026-06-08 01:32:00,155,155,0,25,1.0,1,success,
BATCH-003145,crm,2026-06-09,2026-06-09 01:14:00,2026-06-09 01:19:00,94,94,0,5,1.0,1,success,
BATCH-003146,portal,2026-06-09,2026-06-09 01:15:00,2026-06-09 02:08:00,145,145,0,53,1.0,1,success,
BATCH-003147,chat_platform,2026-06-09,2026-06-09 01:28:00,2026-06-09 01:50:00,66,66,0,22,1.0,1,success,
BATCH-003148,workflow,2026-06-09,2026-06-09 01:24:00,2026-06-09 01:51:00,246,246,0,27,1.0,1,success,
BATCH-003149,workforce,2026-06-09,2026-06-09 01:19:00,2026-06-09 02:01:00,178,178,0,42,1.0,1,success,
BATCH-003150,calendar,2026-06-09,2026-06-09 01:03:00,2026-06-09 01:16:00,176,176,0,13,1.0,1,success,
BATCH-003151,crm,2026-06-10,2026-06-10 01:02:00,2026-06-10 01:28:00,68,68,0,26,1.0,1,success,
BATCH-003152,portal,2026-06-10,2026-06-10 01:24:00,2026-06-10 02:21:00,104,104,0,57,1.0,1,success,
BATCH-003153,chat_platform,2026-06-10,2026-06-10 01:23:00,2026-06-10 01:45:00,189,189,0,22,1.0,1,success,
BATCH-003154,workflow,2026-06-10,2026-06-10 01:04:00,2026-06-10 01:16:00,39,39,0,12,1.0,1,success,
BATCH-003155,workforce,2026-06-10,2026-06-10 01:23:00,2026-06-10 01:34:00,148,148,0,11,1.0,1,success,
BATCH-003156,calendar,2026-06-10,2026-06-10 01:01:00,2026-06-10 03:17:00,189,182,7,136,1.0,1,warning,SCHEMA_DRIFT
BATCH-003157,crm,2026-06-11,2026-06-11 01:29:00,2026-06-11 02:11:00,221,221,0,42,1.0,1,success,
BATCH-003158,portal,2026-06-11,2026-06-11 01:06:00,2026-06-11 03:40:00,107,105,2,154,1.0,0,warning,SCHEMA_DRIFT
BATCH-003159,chat_platform,2026-06-11,2026-06-11 01:16:00,2026-06-11 01:23:00,124,124,0,7,1.0,1,success,
BATCH-003160,workflow,2026-06-11,2026-06-11 01:22:00,2026-06-11 02:02:00,219,219,0,40,2.0,1,success,
BATCH-003161,workforce,2026-06-11,2026-06-11 01:21:00,2026-06-11 02:13:00,174,174,0,52,1.1,1,success,
BATCH-003162,calendar,2026-06-11,2026-06-11 01:05:00,2026-06-11 01:58:00,128,128,0,53,1.0,1,success,
BATCH-003163,crm,2026-06-12,2026-06-12 01:17:00,2026-06-12 02:12:00,197,197,0,55,1.0,1,success,
BATCH-003164,portal,2026-06-12,2026-06-12 01:02:00,2026-06-12 01:57:00,194,194,0,55,1.0,1,success,
BATCH-003165,chat_platform,2026-06-12,2026-06-12 01:03:00,2026-06-12 01:46:00,104,104,0,43,1.0,1,success,
BATCH-003166,workflow,2026-06-12,2026-06-12 01:01:00,2026-06-12 01:15:00,34,34,0,14,1.1,1,success,
BATCH-003167,workforce,2026-06-12,2026-06-12 01:29:00,2026-06-12 02:23:00,76,76,0,54,1.0,1,success,
BATCH-003168,calendar,2026-06-12,2026-06-12 01:26:00,2026-06-12 01:43:00,82,82,0,17,1.0,1,success,
BATCH-003169,crm,2026-06-13,2026-06-13 01:10:00,2026-06-13 01:19:00,139,139,0,9,1.0,1,success,
BATCH-003170,portal,2026-06-13,2026-06-13 01:12:00,2026-06-13 02:11:00,68,68,0,59,1.0,1,success,
BATCH-003171,chat_platform,2026-06-13,2026-06-13 01:10:00,2026-06-13 01:56:00,71,71,0,46,1.0,1,success,
BATCH-003172,workflow,2026-06-13,2026-06-13 01:02:00,2026-06-13 01:52:00,78,78,0,50,1.1,1,success,
BATCH-003173,workforce,2026-06-13,2026-06-13 01:20:00,2026-06-13 01:53:00,216,216,0,33,1.0,1,success,
BATCH-003174,calendar,2026-06-13,2026-06-13 01:25:00,2026-06-13 02:02:00,125,125,0,37,1.0,1,success,
BATCH-003175,crm,2026-06-14,2026-06-14 01:18:00,2026-06-14 03:11:00,253,250,3,113,1.1,1,warning,SCHEMA_DRIFT
BATCH-003176,portal,2026-06-14,2026-06-14 01:08:00,2026-06-14 01:31:00,68,68,0,23,1.0,1,success,
BATCH-003177,chat_platform,2026-06-14,2026-06-14 01:13:00,2026-06-14 01:50:00,235,235,0,37,1.0,1,success,
BATCH-003178,workflow,2026-06-14,2026-06-14 01:15:00,2026-06-14 02:02:00,69,69,0,47,1.0,1,success,
BATCH-003179,workforce,2026-06-14,2026-06-14 01:09:00,2026-06-14 01:16:00,246,246,0,7,2.0,1,success,
BATCH-003180,calendar,2026-06-14,2026-06-14 01:19:00,2026-06-14 01:26:00,46,46,0,7,1.0,1,success,
BATCH-003181,crm,2026-06-15,2026-06-15 01:06:00,2026-06-15 02:44:00,166,161,5,98,1.0,0,warning,ROW_REJECTED
BATCH-003182,portal,2026-06-15,2026-06-15 01:22:00,2026-06-15 02:17:00,198,198,0,55,2.0,1,success,
BATCH-003183,chat_platform,2026-06-15,2026-06-15 01:21:00,2026-06-15 02:01:00,146,146,0,40,1.0,1,success,
BATCH-003184,workflow,2026-06-15,2026-06-15 01:14:00,2026-06-15 02:11:00,142,142,0,57,1.0,1,success,
BATCH-003185,workforce,2026-06-15,2026-06-15 01:26:00,2026-06-15 02:09:00,187,187,0,43,1.0,1,success,
BATCH-003186,calendar,2026-06-15,2026-06-15 01:23:00,2026-06-15 01:42:00,234,234,0,19,2.0,1,success,
BATCH-003187,crm,2026-06-16,2026-06-16 01:07:00,2026-06-16 02:04:00,44,44,0,57,1.0,1,success,
BATCH-003188,portal,2026-06-16,2026-06-16 01:19:00,2026-06-16 01:38:00,36,36,0,19,1.0,1,success,
BATCH-003189,chat_platform,2026-06-16,2026-06-16 01:09:00,2026-06-16 01:48:00,173,173,0,39,1.0,1,success,
BATCH-003190,workflow,2026-06-16,2026-06-16 01:02:00,2026-06-16 01:32:00,107,107,0,30,1.1,1,success,
BATCH-003191,workforce,2026-06-16,2026-06-16 01:24:00,2026-06-16 04:01:00,186,177,9,157,1.0,1,warning,SCHEMA_DRIFT
BATCH-003192,calendar,2026-06-16,2026-06-16 01:06:00,2026-06-16 02:05:00,202,202,0,59,1.0,1,success,
BATCH-003193,crm,2026-06-17,2026-06-17 01:15:00,2026-06-17 01:26:00,169,169,0,11,1.1,1,success,
BATCH-003194,portal,2026-06-17,2026-06-17 01:02:00,2026-06-17 01:45:00,204,204,0,43,1.0,1,success,
BATCH-003195,chat_platform,2026-06-17,2026-06-17 01:09:00,2026-06-17 01:35:00,114,114,0,26,1.0,1,success,
BATCH-003196,workflow,2026-06-17,2026-06-17 01:04:00,2026-06-17 02:02:00,102,102,0,58,1.0,1,success,
BATCH-003197,workforce,2026-06-17,2026-06-17 01:18:00,2026-06-17 01:23:00,51,51,0,5,1.0,1,success,
BATCH-003198,calendar,2026-06-17,2026-06-17 01:22:00,2026-06-17 01:47:00,239,239,0,25,1.0,1,success,
BATCH-003199,crm,2026-06-18,2026-06-18 01:19:00,2026-06-18 02:40:00,101,98,3,81,1.0,1,warning,ROW_REJECTED
BATCH-003200,portal,2026-06-18,2026-06-18 01:08:00,2026-06-18 01:35:00,76,76,0,27,1.0,1,success,
BATCH-003201,chat_platform,2026-06-18,2026-06-18 01:11:00,2026-06-18 02:06:00,253,253,0,55,1.0,1,success,
BATCH-003202,workflow,2026-06-18,2026-06-18 01:28:00,2026-06-18 01:36:00,194,194,0,8,1.0,1,success,
BATCH-003203,workforce,2026-06-18,2026-06-18 01:28:00,2026-06-18 01:38:00,55,55,0,10,1.0,1,success,
BATCH-003204,calendar,2026-06-18,2026-06-18 01:05:00,2026-06-18 01:24:00,152,152,0,19,1.0,1,success,
BATCH-003205,crm,2026-06-19,2026-06-19 01:18:00,2026-06-19 01:40:00,209,209,0,22,1.0,1,success,
BATCH-003206,portal,2026-06-19,2026-06-19 01:03:00,2026-06-19 01:50:00,119,119,0,47,1.1,1,success,
BATCH-003207,chat_platform,2026-06-19,2026-06-19 01:12:00,2026-06-19 02:06:00,64,64,0,54,1.0,1,success,
BATCH-003208,workflow,2026-06-19,2026-06-19 01:29:00,2026-06-19 02:22:00,90,90,0,53,1.0,1,success,
BATCH-003209,workforce,2026-06-19,2026-06-19 01:21:00,2026-06-19 01:34:00,183,183,0,13,1.1,1,success,
BATCH-003210,calendar,2026-06-19,2026-06-19 01:10:00,2026-06-19 02:12:00,81,81,0,62,1.0,1,success,
BATCH-003211,crm,2026-06-20,2026-06-20 01:05:00,2026-06-20 01:19:00,231,231,0,14,1.0,1,success,
BATCH-003212,portal,2026-06-20,2026-06-20 01:08:00,2026-06-20 02:06:00,200,200,0,58,1.1,1,success,
BATCH-003213,chat_platform,2026-06-20,2026-06-20 01:19:00,2026-06-20 01:27:00,106,106,0,8,2.0,1,success,
BATCH-003214,workflow,2026-06-20,2026-06-20 01:28:00,2026-06-20 01:34:00,39,39,0,6,1.1,1,success,
BATCH-003215,workforce,2026-06-20,2026-06-20 01:04:00,2026-06-20 01:33:00,238,238,0,29,1.0,1,success,
BATCH-003216,calendar,2026-06-20,2026-06-20 01:05:00,2026-06-20 01:40:00,229,229,0,35,1.0,1,success,
BATCH-003217,crm,2026-06-21,2026-06-21 01:08:00,2026-06-21 01:55:00,255,255,0,47,1.1,1,success,
BATCH-003218,portal,2026-06-21,2026-06-21 01:05:00,2026-06-21 01:40:00,96,96,0,35,1.0,1,success,
BATCH-003219,chat_platform,2026-06-21,2026-06-21 01:08:00,2026-06-21 02:09:00,254,254,0,61,1.0,1,success,
BATCH-003220,workflow,2026-06-21,2026-06-21 01:09:00,2026-06-21 01:17:00,148,148,0,8,1.0,1,success,
BATCH-003221,workforce,2026-06-21,2026-06-21 01:10:00,2026-06-21 01:45:00,174,174,0,35,1.0,1,success,
BATCH-003222,calendar,2026-06-21,2026-06-21 01:14:00,2026-06-21 01:51:00,44,44,0,37,1.0,1,success,
BATCH-003223,crm,2026-06-22,2026-06-22 01:27:00,2026-06-22 01:57:00,139,139,0,30,1.0,1,success,
BATCH-003224,portal,2026-06-22,2026-06-22 01:24:00,2026-06-22 01:37:00,243,243,0,13,1.0,1,success,
BATCH-003225,chat_platform,2026-06-22,2026-06-22 01:23:00,2026-06-22 01:47:00,252,252,0,24,1.0,1,success,
BATCH-003226,workflow,2026-06-22,2026-06-22 01:09:00,2026-06-22 02:00:00,188,188,0,51,1.0,1,success,
BATCH-003227,workforce,2026-06-22,2026-06-22 01:09:00,2026-06-22 02:10:00,25,25,0,61,1.1,1,success,
BATCH-003228,calendar,2026-06-22,2026-06-22 01:25:00,2026-06-22 01:37:00,221,221,0,12,1.0,1,success,
BATCH-003229,crm,2026-06-23,2026-06-23 01:23:00,2026-06-23 02:21:00,27,27,0,58,1.0,1,success,
BATCH-003230,portal,2026-06-23,2026-06-23 01:04:00,2026-06-23 02:03:00,40,40,0,59,1.0,1,success,
BATCH-003231,chat_platform,2026-06-23,2026-06-23 01:22:00,2026-06-23 01:28:00,118,118,0,6,1.0,1,success,
BATCH-003232,workflow,2026-06-23,2026-06-23 01:14:00,2026-06-23 02:05:00,204,204,0,51,1.1,1,success,
BATCH-003233,workforce,2026-06-23,2026-06-23 01:13:00,2026-06-23 01:40:00,86,86,0,27,1.1,1,success,
BATCH-003234,calendar,2026-06-23,2026-06-23 01:05:00,2026-06-23 01:25:00,191,191,0,20,1.0,1,success,
BATCH-003235,crm,2026-06-24,2026-06-24 01:25:00,2026-06-24 02:13:00,168,168,0,48,1.0,1,success,
BATCH-003236,portal,2026-06-24,2026-06-24 01:13:00,2026-06-24 01:31:00,25,25,0,18,1.0,1,success,
BATCH-003237,chat_platform,2026-06-24,2026-06-24 01:02:00,2026-06-24 01:55:00,239,239,0,53,1.0,1,success,
BATCH-003238,workflow,2026-06-24,2026-06-24 01:15:00,2026-06-24 01:48:00,105,105,0,33,1.0,1,success,
BATCH-003239,workforce,2026-06-24,2026-06-24 01:05:00,2026-06-24 01:45:00,198,198,0,40,1.0,1,success,
BATCH-003240,calendar,2026-06-24,2026-06-24 01:02:00,2026-06-24 01:46:00,113,113,0,44,1.0,1,success,
BATCH-003241,crm,2026-06-25,2026-06-25 01:00:00,2026-06-25 01:08:00,221,221,0,8,1.1,1,success,
BATCH-003242,portal,2026-06-25,2026-06-25 01:11:00,2026-06-25 01:24:00,47,47,0,13,1.0,1,success,
BATCH-003243,chat_platform,2026-06-25,2026-06-25 01:25:00,2026-06-25 03:13:00,155,150,5,108,1.0,1,warning,SCHEMA_DRIFT
BATCH-003244,workflow,2026-06-25,2026-06-25 01:20:00,2026-06-25 01:39:00,100,100,0,19,1.0,1,success,
BATCH-003245,workforce,2026-06-25,2026-06-25 01:22:00,2026-06-25 02:04:00,47,47,0,42,1.0,1,success,
BATCH-003246,calendar,2026-06-25,2026-06-25 01:28:00,2026-06-25 02:26:00,56,56,0,58,1.0,1,success,
BATCH-003247,crm,2026-06-26,2026-06-26 01:04:00,2026-06-26 02:05:00,40,40,0,61,1.0,1,success,
BATCH-003248,portal,2026-06-26,2026-06-26 01:26:00,2026-06-26 01:53:00,175,175,0,27,1.0,1,success,
BATCH-003249,chat_platform,2026-06-26,2026-06-26 01:24:00,2026-06-26 03:39:00,57,55,2,135,1.0,0,warning,SCHEMA_DRIFT
BATCH-003250,workflow,2026-06-26,2026-06-26 01:17:00,2026-06-26 01:59:00,227,227,0,42,1.0,1,success,
BATCH-003251,workforce,2026-06-26,2026-06-26 01:29:00,2026-06-26 01:36:00,182,182,0,7,1.1,1,success,
BATCH-003252,calendar,2026-06-26,2026-06-26 01:03:00,2026-06-26 01:33:00,119,119,0,30,1.0,1,success,
BATCH-003253,crm,2026-06-27,2026-06-27 01:00:00,2026-06-27 01:06:00,219,219,0,6,1.0,1,success,
BATCH-003254,portal,2026-06-27,2026-06-27 01:15:00,2026-06-27 01:22:00,109,109,0,7,1.0,1,success,
BATCH-003255,chat_platform,2026-06-27,2026-06-27 01:13:00,2026-06-27 01:21:00,208,208,0,8,1.0,1,success,
BATCH-003256,workflow,2026-06-27,2026-06-27 01:03:00,2026-06-27 02:06:00,125,125,0,63,1.0,1,success,
BATCH-003257,workforce,2026-06-27,2026-06-27 01:21:00,2026-06-27 02:06:00,111,111,0,45,1.0,1,success,
BATCH-003258,calendar,2026-06-27,2026-06-27 01:08:00,2026-06-27 02:04:00,209,209,0,56,1.0,1,success,
BATCH-003259,crm,2026-06-28,2026-06-28 01:04:00,2026-06-28 01:33:00,97,97,0,29,1.1,1,success,
BATCH-003260,portal,2026-06-28,2026-06-28 01:24:00,2026-06-28 01:38:00,216,216,0,14,1.1,1,success,
BATCH-003261,chat_platform,2026-06-28,2026-06-28 01:16:00,2026-06-28 01:43:00,139,139,0,27,1.0,1,success,
BATCH-003262,workflow,2026-06-28,2026-06-28 01:13:00,2026-06-28 01:20:00,82,82,0,7,2.0,1,success,
BATCH-003263,workforce,2026-06-28,2026-06-28 01:27:00,2026-06-28 01:51:00,98,98,0,24,2.0,1,success,
BATCH-003264,calendar,2026-06-28,2026-06-28 01:02:00,2026-06-28 04:23:00,245,241,4,201,1.0,1,warning,LATE_ARRIVAL
BATCH-003265,crm,2026-06-29,2026-06-29 01:06:00,2026-06-29 02:07:00,83,83,0,61,1.0,1,success,
BATCH-003266,portal,2026-06-29,2026-06-29 01:08:00,2026-06-29 01:48:00,213,213,0,40,1.0,1,success,
BATCH-003267,chat_platform,2026-06-29,2026-06-29 01:10:00,2026-06-29 01:44:00,199,199,0,34,1.0,1,success,
BATCH-003268,workflow,2026-06-29,2026-06-29 01:04:00,2026-06-29 01:12:00,199,199,0,8,1.0,1,success,
BATCH-003269,workforce,2026-06-29,2026-06-29 01:27:00,2026-06-29 01:39:00,218,218,0,12,1.0,1,success,
BATCH-003270,calendar,2026-06-29,2026-06-29 01:00:00,2026-06-29 01:16:00,180,180,0,16,1.0,1,success,
BATCH-003271,crm,2026-06-30,2026-06-30 01:11:00,2026-06-30 01:38:00,159,159,0,27,1.0,1,success,
BATCH-003272,portal,2026-06-30,2026-06-30 01:06:00,2026-06-30 04:46:00,56,53,3,220,1.0,1,warning,SCHEMA_DRIFT
BATCH-003273,chat_platform,2026-06-30,2026-06-30 01:27:00,2026-06-30 04:35:00,169,159,10,188,1.0,1,warning,LATE_ARRIVAL
BATCH-003274,workflow,2026-06-30,2026-06-30 01:02:00,2026-06-30 04:58:00,251,249,2,236,1.0,1,warning,LATE_ARRIVAL
BATCH-003275,workforce,2026-06-30,2026-06-30 01:04:00,2026-06-30 01:56:00,254,254,0,52,1.0,1,success,
BATCH-003276,calendar,2026-06-30,2026-06-30 01:19:00,2026-06-30 01:31:00,255,255,0,12,1.0,1,success,
