ticket_id,created_at,created_date,week_start,month_start,hour,weekday_number,weekday_name,is_weekend,period_part,customer_id,region_id,region_name_clean,macro_region_clean,support_team,channel,category,priority,first_response_min,first_response_bucket,resolution_hours,resolution_bucket,sla_breached,sla_status,satisfaction_score,satisfaction_band,segment,registration_date,loyalty_level,is_premium,record_count,channel_hypothesis_group,priority_hypothesis_group,sla_hypothesis_group
TCK-000907,2026-03-31 17:13:00,2026-03-31,2026-03-30,2026-03-01,17,2,Вторник,0,Первая половина,CUST-0204,R02,Санкт-Петербург,Северо-Запад,team_b,chat,technical,normal,1.0,До 5 мин,34.7,24–48 ч,1,SLA нарушен,3.8,Средняя,b2c,2025-09-01,silver,0,1,chat,normal,sla_breached
TCK-000618,2026-05-07 21:14:00,2026-05-07,2026-05-04,2026-05-01,21,4,Четверг,0,Вторая половина,CUST-0073,R01,Москва,Центр,team_a,web_form,delivery,normal,38.9,30–60 мин,12.2,8–24 ч,0,SLA выполнен,4.3,Средняя,b2b,2025-12-29,silver,0,1,other,normal,sla_ok
TCK-000939,2026-05-08 08:20:00,2026-05-08,2026-05-04,2026-05-01,8,5,Пятница,0,Вторая половина,CUST-0043,R02,Санкт-Петербург,Северо-Запад,team_b,chat,account,low,3.9,До 5 мин,3.8,До 8 ч,0,SLA выполнен,5.0,Высокая,b2b,2024-05-12,silver,0,1,chat,other,sla_ok
TCK-000941,2026-05-08 16:31:00,2026-05-08,2026-05-04,2026-05-01,16,5,Пятница,0,Вторая половина,CUST-0071,R01,Москва,Центр,team_a,chat,login,normal,3.5,До 5 мин,4.0,До 8 ч,0,SLA выполнен,4.5,Высокая,b2c,2025-07-29,silver,0,1,chat,normal,sla_ok
TCK-000304,2026-04-18 19:00:00,2026-04-18,2026-04-13,2026-04-01,19,6,Суббота,1,Первая половина,CUST-0230,R06,Ростов-на-Дону,Юг,team_f,web_form,technical,normal,50.5,30–60 мин,21.9,8–24 ч,1,SLA нарушен,3.3,Средняя,b2c,2024-08-01,bronze,0,1,other,normal,sla_breached
TCK-000856,2026-04-15 18:36:00,2026-04-15,2026-04-13,2026-04-01,18,3,Среда,0,Первая половина,CUST-0005,R05,Новосибирск,Сибирь,team_e,phone,technical,normal,9.8,5–15 мин,6.4,До 8 ч,0,SLA выполнен,4.8,Высокая,b2c,2025-04-16,bronze,0,1,other,normal,sla_ok
TCK-000176,2026-04-22 09:39:00,2026-04-22,2026-04-20,2026-04-01,9,3,Среда,0,Вторая половина,CUST-0006,R03,Казань,Поволжье,team_c,email,account,normal,13.1,5–15 мин,6.7,До 8 ч,0,SLA выполнен,4.6,Высокая,vip,2025-07-02,,1,1,email,normal,sla_ok
TCK-000343,2026-04-22 11:02:00,2026-04-22,2026-04-20,2026-04-01,11,3,Среда,0,Вторая половина,CUST-0225,R01,Москва,Центр,team_a,email,payment,low,148.1,Более 60 мин,8.4,8–24 ч,0,SLA выполнен,3.0,Средняя,b2c,2025-10-04,gold,0,1,email,other,sla_ok
TCK-001122,2026-06-05 15:26:00,2026-06-05,2026-06-01,2026-06-01,15,5,Пятница,0,Вторая половина,CUST-0066,R04,Екатеринбург,Урал,team_d,chat,technical,normal,6.8,5–15 мин,15.2,8–24 ч,0,SLA выполнен,5.0,Высокая,b2c,2024-04-02,bronze,0,1,chat,normal,sla_ok
TCK-001229,2026-04-27 19:02:00,2026-04-27,2026-04-27,2026-04-01,19,1,Понедельник,0,Вторая половина,CUST-0239,R04,Екатеринбург,Урал,team_d,chat,login,normal,3.6,До 5 мин,227.7,Более 72 ч,1,SLA нарушен,5.0,Высокая,b2c,2024-02-25,bronze,0,1,chat,normal,sla_breached
TCK-000585,2026-06-01 13:25:00,2026-06-01,2026-06-01,2026-06-01,13,1,Понедельник,0,Вторая половина,CUST-0017,R08,Краснодар,Юг,team_f,chat,technical,normal,5.4,5–15 мин,44.6,24–48 ч,1,SLA нарушен,3.2,Средняя,b2c,2025-04-03,,0,1,chat,normal,sla_breached
TCK-000549,2026-04-29 11:28:00,2026-04-29,2026-04-27,2026-04-01,11,3,Среда,0,Вторая половина,CUST-0246,R01,Москва,Центр,team_a,chat,technical,critical,1.0,До 5 мин,81.3,Более 72 ч,1,SLA нарушен,2.6,Низкая,b2b,2025-07-14,silver,0,1,chat,other,sla_breached
TCK-000311,2026-04-17 09:21:00,2026-04-17,2026-04-13,2026-04-01,9,5,Пятница,0,Первая половина,CUST-0264,R05,Новосибирск,Сибирь,team_e,email,account,high,28.3,15–30 мин,4.8,До 8 ч,0,SLA выполнен,5.0,Высокая,b2c,2024-04-24,bronze,0,1,email,high,sla_ok
TCK-000567,2026-04-21 10:41:00,2026-04-21,2026-04-20,2026-04-01,10,2,Вторник,0,Вторая половина,CUST-0189,R07,Нижний Новгород,Поволжье,team_c,phone,technical,normal,12.8,5–15 мин,47.0,24–48 ч,1,SLA нарушен,3.2,Средняя,b2b,2025-10-09,gold,0,1,other,normal,sla_breached
TCK-000562,2026-03-20 09:07:00,2026-03-20,2026-03-16,2026-03-01,9,5,Пятница,0,Первая половина,CUST-0205,,Неизвестный регион,Неизвестно,,email,technical,high,16.4,15–30 мин,92.5,Более 72 ч,1,SLA нарушен,1.0,Низкая,b2c,2025-10-30,bronze,0,1,email,high,sla_breached
TCK-000651,2026-05-08 09:30:00,2026-05-08,2026-05-04,2026-05-01,9,5,Пятница,0,Вторая половина,CUST-0187,R01,Москва,Центр,team_a,web_form,technical,normal,4.2,До 5 мин,65.3,48–72 ч,1,SLA нарушен,2.3,Низкая,b2c,2024-05-03,bronze,0,1,other,normal,sla_breached
TCK-001252,2026-04-01 17:52:00,2026-04-01,2026-03-30,2026-04-01,17,3,Среда,0,Первая половина,CUST-0211,R08,Краснодар,Юг,team_f,email,payment,high,17.6,15–30 мин,41.9,24–48 ч,1,SLA нарушен,3.0,Средняя,b2b,2024-12-26,gold,0,1,email,high,sla_breached
TCK-001091,2026-03-28 15:38:00,2026-03-28,2026-03-23,2026-03-01,15,6,Суббота,1,Первая половина,CUST-0057,R01,Москва,Центр,team_a,email,login,high,13.2,5–15 мин,4.2,До 8 ч,0,SLA выполнен,,,b2c,2025-02-12,bronze,0,1,email,high,sla_ok
TCK-001347,2026-05-21 16:15:00,2026-05-21,2026-05-18,2026-05-01,16,4,Четверг,0,Вторая половина,CUST-0040,R01,Москва,Центр,team_a,phone,technical,normal,4.5,До 5 мин,40.8,24–48 ч,1,SLA нарушен,3.2,Средняя,b2c,2024-03-16,bronze,0,1,other,normal,sla_breached
TCK-000987,2026-06-03 14:49:00,2026-06-03,2026-06-01,2026-06-01,14,3,Среда,0,Вторая половина,CUST-0239,R03,Казань,Поволжье,team_c,phone,payment,normal,11.6,5–15 мин,10.5,8–24 ч,0,SLA выполнен,4.4,Средняя,b2c,2024-02-25,bronze,0,1,other,normal,sla_ok
TCK-001092,2026-03-06 15:08:00,2026-03-06,2026-03-02,2026-03-01,15,5,Пятница,0,Первая половина,CUST-0114,R05,Новосибирск,Сибирь,team_e,email,login,normal,32.0,30–60 мин,9.2,8–24 ч,0,SLA выполнен,4.4,Средняя,b2c,2025-07-21,silver,0,1,email,normal,sla_ok
TCK-000454,2026-04-08 19:06:00,2026-04-08,2026-04-06,2026-04-01,19,3,Среда,0,Первая половина,CUST-0296,R01,Москва,Центр,team_a,chat,technical,low,9.1,5–15 мин,3.9,До 8 ч,0,SLA выполнен,5.0,Высокая,b2b,2025-04-27,silver,0,1,chat,other,sla_ok
TCK-000472,2026-06-03 09:47:00,2026-06-03,2026-06-01,2026-06-01,9,3,Среда,0,Вторая половина,CUST-0065,R01,Москва,Центр,team_a,chat,technical,normal,8.7,5–15 мин,20.4,8–24 ч,0,SLA выполнен,5.0,Высокая,b2c,2025-09-12,bronze,0,1,chat,normal,sla_ok
TCK-000325,2026-04-20 15:33:00,2026-04-20,2026-04-20,2026-04-01,15,1,Понедельник,0,Вторая половина,CUST-0174,R05,Новосибирск,Сибирь,team_e,email,login,normal,37.3,30–60 мин,2.4,До 8 ч,0,SLA выполнен,4.5,Высокая,vip,2024-04-22,gold,1,1,email,normal,sla_ok
TCK-000428,2026-04-16 14:57:00,2026-04-16,2026-04-13,2026-04-01,14,4,Четверг,0,Первая половина,CUST-0300,R03,Казань,Поволжье,team_c,web_form,refund,high,13.5,5–15 мин,38.0,24–48 ч,1,SLA нарушен,2.9,Низкая,b2c,2024-11-21,bronze,0,1,other,high,sla_breached
TCK-001217,2026-06-08 11:36:00,2026-06-08,2026-06-08,2026-06-01,11,1,Понедельник,0,Вторая половина,CUST-0039,R01,Москва,Центр,team_a,chat,technical,normal,3.4,До 5 мин,11.9,8–24 ч,0,SLA выполнен,5.0,Высокая,b2c,2024-02-09,silver,0,1,chat,normal,sla_ok
TCK-000462,2026-04-14 17:26:00,2026-04-14,2026-04-13,2026-04-01,17,2,Вторник,0,Первая половина,CUST-0183,R02,Санкт-Петербург,Северо-Запад,team_b,email,account,critical,34.3,30–60 мин,7.3,До 8 ч,0,SLA выполнен,4.0,Средняя,b2c,2025-12-19,bronze,0,1,email,other,sla_ok
TCK-000307,2026-04-11 18:57:00,2026-04-11,2026-04-06,2026-04-01,18,6,Суббота,1,Первая половина,CUST-0311,R04,Екатеринбург,Урал,team_d,email,delivery,normal,31.2,30–60 мин,14.7,8–24 ч,0,SLA выполнен,5.0,Высокая,b2c,2024-08-23,bronze,0,1,email,normal,sla_ok
TCK-001463,2026-05-17 13:25:00,2026-05-17,2026-05-11,2026-05-01,13,7,Воскресенье,1,Вторая половина,CUST-0065,R04,Екатеринбург,Урал,team_d,web_form,technical,normal,60.2,Более 60 мин,249.5,Более 72 ч,1,SLA нарушен,2.3,Низкая,b2c,2025-09-12,bronze,0,1,other,normal,sla_breached
TCK-001481,2026-04-11 18:01:00,2026-04-11,2026-04-06,2026-04-01,18,6,Суббота,1,Первая половина,CUST-0224,R04,Екатеринбург,Урал,team_d,email,account,normal,28.2,15–30 мин,9.3,8–24 ч,0,SLA выполнен,4.6,Высокая,vip,2024-05-02,platinum,1,1,email,normal,sla_ok
TCK-000310,2026-05-25 16:14:00,2026-05-25,2026-05-25,2026-05-01,16,1,Понедельник,0,Вторая половина,CUST-0097,R01,Москва,Центр,team_a,email,delivery,low,48.4,30–60 мин,13.2,8–24 ч,0,SLA выполнен,3.4,Средняя,b2c,2025-08-05,bronze,0,1,email,other,sla_ok
TCK-000352,2026-05-25 18:11:00,2026-05-25,2026-05-25,2026-05-01,18,1,Понедельник,0,Вторая половина,CUST-0170,R04,Екатеринбург,Урал,team_d,phone,login,normal,12.7,5–15 мин,1.5,До 8 ч,0,SLA выполнен,3.9,Средняя,vip,2024-01-23,gold,1,1,other,normal,sla_ok
TCK-001047,2026-04-27 17:08:00,2026-04-27,2026-04-27,2026-04-01,17,1,Понедельник,0,Вторая половина,CUST-0292,R07,Нижний Новгород,Поволжье,team_c,chat,technical,normal,6.4,5–15 мин,37.0,24–48 ч,1,SLA нарушен,3.9,Средняя,b2c,2024-08-28,silver,0,1,chat,normal,sla_breached
TCK-000142,2026-05-06 13:23:00,2026-05-06,2026-05-04,2026-05-01,13,3,Среда,0,Вторая половина,CUST-0227,R06,Ростов-на-Дону,Юг,team_f,chat,login,low,1.7,До 5 мин,2.5,До 8 ч,0,SLA выполнен,5.0,Высокая,b2c,2024-02-11,bronze,0,1,chat,other,sla_ok
TCK-001323,2026-03-13 15:05:00,2026-03-13,2026-03-09,2026-03-01,15,5,Пятница,0,Первая половина,CUST-0142,R06,Ростов-на-Дону,Юг,team_f,chat,account,high,4.2,До 5 мин,1.1,До 8 ч,0,SLA выполнен,4.8,Высокая,b2c,2024-08-26,silver,0,1,chat,high,sla_ok
TCK-000465,2026-05-16 13:03:00,2026-05-16,2026-05-11,2026-05-01,13,6,Суббота,1,Вторая половина,CUST-0122,R03,Казань,Поволжье,team_c,email,technical,high,36.6,30–60 мин,25.1,24–48 ч,1,SLA нарушен,3.7,Средняя,b2c,2025-05-18,silver,0,1,email,high,sla_breached
TCK-000722,2026-05-20 14:06:00,2026-05-20,2026-05-18,2026-05-01,14,3,Среда,0,Вторая половина,CUST-0035,,Неизвестный регион,Неизвестно,,phone,login,high,2.8,До 5 мин,3.0,До 8 ч,0,SLA выполнен,5.0,Высокая,b2c,2024-03-12,bronze,0,1,other,high,sla_ok
TCK-000721,2026-03-30 21:21:00,2026-03-30,2026-03-30,2026-03-01,21,1,Понедельник,0,Первая половина,CUST-0012,R01,Москва,Центр,team_a,chat,login,normal,3.2,До 5 мин,3.0,До 8 ч,0,SLA выполнен,5.0,Высокая,vip,2025-04-30,gold,1,1,chat,normal,sla_ok
TCK-001294,2026-04-08 10:32:00,2026-04-08,2026-04-06,2026-04-01,10,3,Среда,0,Первая половина,CUST-0258,R02,Санкт-Петербург,Северо-Запад,team_b,chat,account,normal,3.0,До 5 мин,27.7,24–48 ч,1,SLA нарушен,3.1,Средняя,b2c,2025-09-11,bronze,0,1,chat,normal,sla_breached
TCK-001006,2026-05-18 21:59:00,2026-05-18,2026-05-18,2026-05-01,21,1,Понедельник,0,Вторая половина,CUST-0188,R03,Казань,Поволжье,team_c,chat,technical,normal,9.3,5–15 мин,13.1,8–24 ч,0,SLA выполнен,5.0,Высокая,b2c,2024-02-10,bronze,0,1,chat,normal,sla_ok
TCK-001178,2026-04-04 20:44:00,2026-04-04,2026-03-30,2026-04-01,20,6,Суббота,1,Первая половина,CUST-0092,R08,Краснодар,Юг,team_f,email,payment,high,61.3,Более 60 мин,10.4,8–24 ч,0,SLA выполнен,4.8,Высокая,b2b,2024-04-26,silver,0,1,email,high,sla_ok
TCK-000599,2026-03-05 20:55:00,2026-03-05,2026-03-02,2026-03-01,20,4,Четверг,0,Первая половина,CUST-0002,R08,Краснодар,Юг,team_f,web_form,payment,high,13.0,5–15 мин,17.3,8–24 ч,1,SLA нарушен,3.3,Средняя,b2c,2025-08-03,bronze,0,1,other,high,sla_breached
TCK-000807,2026-05-19 10:40:00,2026-05-19,2026-05-18,2026-05-01,10,2,Вторник,0,Вторая половина,CUST-0178,R04,Екатеринбург,Урал,team_d,chat,payment,low,3.8,До 5 мин,5.2,До 8 ч,0,SLA выполнен,5.0,Высокая,vip,2024-06-05,platinum,1,1,chat,other,sla_ok
TCK-000068,2026-04-01 19:45:00,2026-04-01,2026-03-30,2026-04-01,19,3,Среда,0,Первая половина,CUST-0102,R02,Санкт-Петербург,Северо-Запад,team_b,phone,payment,normal,12.4,5–15 мин,8.1,8–24 ч,0,SLA выполнен,5.0,Высокая,b2b,2025-03-12,gold,0,1,other,normal,sla_ok
TCK-000899,2026-05-19 16:28:00,2026-05-19,2026-05-18,2026-05-01,16,2,Вторник,0,Вторая половина,CUST-0317,R08,Краснодар,Юг,team_f,email,technical,normal,26.7,15–30 мин,58.7,48–72 ч,1,SLA нарушен,1.7,Низкая,b2c,2024-03-16,bronze,0,1,email,normal,sla_breached
TCK-000298,2026-04-28 21:07:00,2026-04-28,2026-04-27,2026-04-01,21,2,Вторник,0,Вторая половина,CUST-0190,R03,Казань,Поволжье,team_c,email,payment,normal,9.9,5–15 мин,8.7,8–24 ч,0,SLA выполнен,5.0,Высокая,b2c,2025-04-23,silver,0,1,email,normal,sla_ok
TCK-001278,2026-04-29 11:40:00,2026-04-29,2026-04-27,2026-04-01,11,3,Среда,0,Вторая половина,CUST-0319,R04,Екатеринбург,Урал,team_d,email,payment,normal,91.0,Более 60 мин,10.2,8–24 ч,0,SLA выполнен,3.8,Средняя,b2c,2024-10-04,silver,0,1,email,normal,sla_ok
TCK-000272,2026-05-21 12:04:00,2026-05-21,2026-05-18,2026-05-01,12,4,Четверг,0,Вторая половина,CUST-0250,R02,Санкт-Петербург,Северо-Запад,team_b,chat,account,low,16.7,15–30 мин,4.7,До 8 ч,0,SLA выполнен,5.0,Высокая,b2c,2024-03-13,bronze,0,1,chat,other,sla_ok
TCK-001084,2026-05-16 20:20:00,2026-05-16,2026-05-11,2026-05-01,20,6,Суббота,1,Вторая половина,CUST-0268,R06,Ростов-на-Дону,Юг,team_f,phone,payment,low,12.5,5–15 мин,6.5,До 8 ч,0,SLA выполнен,5.0,Высокая,b2c,2024-08-26,bronze,0,1,other,other,sla_ok
TCK-000052,2026-04-14 13:01:00,2026-04-14,2026-04-13,2026-04-01,13,2,Вторник,0,Первая половина,CUST-0009,R05,Новосибирск,Сибирь,team_e,chat,technical,critical,1.8,До 5 мин,46.0,24–48 ч,1,SLA нарушен,,,b2c,2025-12-26,bronze,0,1,chat,other,sla_breached
TCK-000427,2026-03-06 21:45:00,2026-03-06,2026-03-02,2026-03-01,21,5,Пятница,0,Первая половина,CUST-0247,R04,Екатеринбург,Урал,team_d,web_form,login,high,7.0,5–15 мин,13.3,8–24 ч,1,SLA нарушен,3.8,Средняя,b2c,2024-11-21,bronze,0,1,other,high,sla_breached
TCK-000429,2026-04-08 10:29:00,2026-04-08,2026-04-06,2026-04-01,10,3,Среда,0,Первая половина,CUST-0182,R02,Санкт-Петербург,Северо-Запад,team_b,chat,technical,normal,4.9,До 5 мин,39.3,24–48 ч,1,SLA нарушен,4.0,Средняя,b2b,2025-06-02,platinum,0,1,chat,normal,sla_breached
TCK-000241,2026-05-27 19:38:00,2026-05-27,2026-05-25,2026-05-01,19,3,Среда,0,Вторая половина,CUST-0322,R03,Казань,Поволжье,team_c,chat,delivery,high,2.7,До 5 мин,45.5,24–48 ч,1,SLA нарушен,3.9,Средняя,b2c,2025-07-08,silver,0,1,chat,high,sla_breached
TCK-000528,2026-04-14 13:08:00,2026-04-14,2026-04-13,2026-04-01,13,2,Вторник,0,Первая половина,CUST-0275,R05,Новосибирск,Сибирь,team_e,email,login,high,19.3,15–30 мин,6.0,До 8 ч,0,SLA выполнен,4.5,Высокая,b2b,2024-12-15,gold,0,1,email,high,sla_ok
TCK-000417,2026-03-13 14:43:00,2026-03-13,2026-03-09,2026-03-01,14,5,Пятница,0,Первая половина,CUST-0003,R05,Новосибирск,Сибирь,team_e,email,login,normal,47.0,30–60 мин,6.8,До 8 ч,0,SLA выполнен,4.5,Высокая,b2b,2024-01-28,gold,0,1,email,normal,sla_ok
TCK-000702,2026-04-24 17:44:00,2026-04-24,2026-04-20,2026-04-01,17,5,Пятница,0,Вторая половина,CUST-0149,R04,Екатеринбург,Урал,team_d,chat,technical,critical,2.0,До 5 мин,14.1,8–24 ч,1,SLA нарушен,4.7,Высокая,b2c,2024-11-04,bronze,0,1,chat,other,sla_breached
TCK-000675,2026-03-27 16:51:00,2026-03-27,2026-03-23,2026-03-01,16,5,Пятница,0,Первая половина,CUST-0023,R01,Москва,Центр,team_a,phone,technical,normal,11.3,5–15 мин,20.1,8–24 ч,0,SLA выполнен,4.8,Высокая,vip,2026-01-28,platinum,1,1,other,normal,sla_ok
TCK-000906,2026-05-21 11:36:00,2026-05-21,2026-05-18,2026-05-01,11,4,Четверг,0,Вторая половина,CUST-0078,R02,Санкт-Петербург,Северо-Запад,team_b,phone,account,normal,20.1,15–30 мин,7.7,До 8 ч,0,SLA выполнен,4.9,Высокая,b2c,2024-09-20,bronze,0,1,other,normal,sla_ok
TCK-001231,2026-04-18 21:01:00,2026-04-18,2026-04-13,2026-04-01,21,6,Суббота,1,Первая половина,CUST-0149,R05,Новосибирск,Сибирь,team_e,web_form,delivery,high,25.6,15–30 мин,24.7,24–48 ч,1,SLA нарушен,3.6,Средняя,b2c,2024-11-04,bronze,0,1,other,high,sla_breached
TCK-000863,2026-03-24 09:55:00,2026-03-24,2026-03-23,2026-03-01,9,2,Вторник,0,Первая половина,CUST-0132,R06,Ростов-на-Дону,Юг,team_f,email,technical,normal,32.6,30–60 мин,50.9,48–72 ч,1,SLA нарушен,1.9,Низкая,vip,2024-12-24,platinum,1,1,email,normal,sla_breached
TCK-000050,2026-04-23 20:26:00,2026-04-23,2026-04-20,2026-04-01,20,4,Четверг,0,Вторая половина,CUST-0137,R04,Екатеринбург,Урал,team_d,email,payment,high,41.0,30–60 мин,16.5,8–24 ч,1,SLA нарушен,2.9,Низкая,vip,2026-02-03,platinum,1,1,email,high,sla_breached
TCK-000071,2026-06-05 13:16:00,2026-06-05,2026-06-01,2026-06-01,13,5,Пятница,0,Вторая половина,CUST-0111,R03,Казань,Поволжье,team_c,email,account,normal,40.5,30–60 мин,3.9,До 8 ч,0,SLA выполнен,4.3,Средняя,b2c,2025-05-30,silver,0,1,email,normal,sla_ok
TCK-000498,2026-04-25 12:41:00,2026-04-25,2026-04-20,2026-04-01,12,6,Суббота,1,Вторая половина,CUST-0102,R01,Москва,Центр,team_a,web_form,payment,high,11.2,5–15 мин,24.6,24–48 ч,1,SLA нарушен,4.0,Средняя,b2b,2025-03-12,gold,0,1,other,high,sla_breached
TCK-000414,2026-03-26 12:27:00,2026-03-26,2026-03-23,2026-03-01,12,4,Четверг,0,Первая половина,CUST-0024,R01,Москва,Центр,team_a,chat,refund,normal,1.5,До 5 мин,22.1,8–24 ч,0,SLA выполнен,4.3,Средняя,b2b,2026-01-27,silver,0,1,chat,normal,sla_ok
TCK-000351,2026-03-23 15:33:00,2026-03-23,2026-03-23,2026-03-01,15,1,Понедельник,0,Первая половина,CUST-0313,R06,Ростов-на-Дону,Юг,team_f,web_form,delivery,low,32.9,30–60 мин,7.7,До 8 ч,0,SLA выполнен,4.1,Средняя,b2c,2025-01-12,bronze,0,1,other,other,sla_ok
TCK-001279,2026-03-23 09:51:00,2026-03-23,2026-03-23,2026-03-01,9,1,Понедельник,0,Первая половина,CUST-0274,R01,Москва,Центр,team_a,phone,account,critical,4.6,До 5 мин,15.4,8–24 ч,1,SLA нарушен,4.6,Высокая,b2c,2025-05-27,bronze,0,1,other,other,sla_breached
TCK-001189,2026-03-03 16:34:00,2026-03-03,2026-03-02,2026-03-01,16,2,Вторник,0,Первая половина,CUST-0318,R04,Екатеринбург,Урал,team_d,web_form,login,critical,37.6,30–60 мин,9.3,8–24 ч,1,SLA нарушен,3.5,Средняя,b2b,2025-03-28,platinum,0,1,other,other,sla_breached
TCK-000820,2026-03-18 10:31:00,2026-03-18,2026-03-16,2026-03-01,10,3,Среда,0,Первая половина,CUST-0242,R03,Казань,Поволжье,team_c,chat,payment,low,6.6,5–15 мин,2.2,До 8 ч,0,SLA выполнен,5.0,Высокая,b2b,2024-02-03,silver,0,1,chat,other,sla_ok
TCK-000501,2026-06-05 10:14:00,2026-06-05,2026-06-01,2026-06-01,10,5,Пятница,0,Вторая половина,CUST-0001,R06,Ростов-на-Дону,Юг,team_f,web_form,account,normal,5.7,5–15 мин,9.1,8–24 ч,0,SLA выполнен,4.9,Высокая,b2b,2024-05-19,gold,0,1,other,normal,sla_ok
TCK-000125,2026-04-24 21:38:00,2026-04-24,2026-04-20,2026-04-01,21,5,Пятница,0,Вторая половина,CUST-0179,R01,Москва,Центр,team_a,chat,payment,normal,1.0,До 5 мин,6.1,До 8 ч,0,SLA выполнен,4.8,Высокая,b2b,2024-01-12,gold,0,1,chat,normal,sla_ok
TCK-000782,2026-03-27 13:22:00,2026-03-27,2026-03-23,2026-03-01,13,5,Пятница,0,Первая половина,CUST-0224,R03,Казань,Поволжье,team_c,chat,technical,high,7.5,5–15 мин,54.4,48–72 ч,0,SLA выполнен,4.3,Средняя,vip,2024-05-02,platinum,1,1,chat,high,sla_ok
TCK-000757,2026-03-25 11:47:00,2026-03-25,2026-03-23,2026-03-01,11,3,Среда,0,Первая половина,CUST-0044,R04,Екатеринбург,Урал,team_d,chat,login,normal,9.5,5–15 мин,8.0,8–24 ч,0,SLA выполнен,5.0,Высокая,b2c,2024-05-15,bronze,0,1,chat,normal,sla_ok
TCK-000366,2026-05-18 13:29:00,2026-05-18,2026-05-18,2026-05-01,13,1,Понедельник,0,Вторая половина,CUST-0205,R02,Санкт-Петербург,Северо-Запад,team_b,chat,login,normal,10.2,5–15 мин,0.6,До 8 ч,0,SLA выполнен,5.0,Высокая,b2c,2025-10-30,bronze,0,1,chat,normal,sla_ok
TCK-001390,2026-03-24 08:48:00,2026-03-24,2026-03-23,2026-03-01,8,2,Вторник,0,Первая половина,CUST-0307,R06,Ростов-на-Дону,Юг,team_f,chat,login,high,1.8,До 5 мин,13.2,8–24 ч,1,SLA нарушен,5.0,Высокая,b2c,2025-04-20,bronze,0,1,chat,high,sla_breached
TCK-001069,2026-05-27 15:09:00,2026-05-27,2026-05-25,2026-05-01,15,3,Среда,0,Вторая половина,CUST-0135,R01,Москва,Центр,team_a,chat,login,critical,3.4,До 5 мин,3.5,До 8 ч,0,SLA выполнен,5.0,Высокая,b2c,2024-12-06,silver,0,1,chat,other,sla_ok
TCK-000077,2026-05-20 12:19:00,2026-05-20,2026-05-18,2026-05-01,12,3,Среда,0,Вторая половина,CUST-0182,R02,Санкт-Петербург,Северо-Запад,team_b,email,payment,high,93.5,Более 60 мин,16.3,8–24 ч,1,SLA нарушен,2.9,Низкая,b2b,2025-06-02,platinum,0,1,email,high,sla_breached
TCK-001048,2026-05-08 21:14:00,2026-05-08,2026-05-04,2026-05-01,21,5,Пятница,0,Вторая половина,CUST-0004,R01,Москва,Центр,team_a,email,technical,low,39.3,30–60 мин,27.1,24–48 ч,0,SLA выполнен,3.7,Средняя,b2b,2024-06-08,silver,0,1,email,other,sla_ok
TCK-001382,2026-03-12 10:28:00,2026-03-12,2026-03-09,2026-03-01,10,4,Четверг,0,Первая половина,CUST-0273,R07,Нижний Новгород,Поволжье,team_c,email,technical,low,92.3,Более 60 мин,24.3,24–48 ч,0,SLA выполнен,3.3,Средняя,b2c,2024-07-22,bronze,0,1,email,other,sla_ok
TCK-001177,2026-03-06 08:36:00,2026-03-06,2026-03-02,2026-03-01,8,5,Пятница,0,Первая половина,CUST-0247,R06,Ростов-на-Дону,Юг,team_f,chat,technical,critical,2.9,До 5 мин,39.3,24–48 ч,1,SLA нарушен,,,b2c,2024-11-21,bronze,0,1,chat,other,sla_breached
TCK-000248,2026-06-02 18:14:00,2026-06-02,2026-06-01,2026-06-01,18,2,Вторник,0,Вторая половина,CUST-0099,R01,Москва,Центр,team_a,web_form,delivery,high,3.1,До 5 мин,66.6,48–72 ч,1,SLA нарушен,2.3,Низкая,b2c,2024-04-11,silver,0,1,other,high,sla_breached
TCK-000491,2026-04-09 09:30:00,2026-04-09,2026-04-06,2026-04-01,9,4,Четверг,0,Первая половина,CUST-0206,R01,Москва,Центр,team_a,chat,delivery,high,3.3,До 5 мин,35.0,24–48 ч,1,SLA нарушен,4.0,Средняя,b2c,2025-07-05,bronze,0,1,chat,high,sla_breached
TCK-000276,2026-03-25 19:32:00,2026-03-25,2026-03-23,2026-03-01,19,3,Среда,0,Первая половина,CUST-0076,R01,Москва,Центр,team_a,email,technical,low,112.0,Более 60 мин,16.2,8–24 ч,0,SLA выполнен,3.2,Средняя,b2c,2025-06-14,,0,1,email,other,sla_ok
TCK-000860,2026-05-18 16:14:00,2026-05-18,2026-05-18,2026-05-01,16,1,Понедельник,0,Вторая половина,CUST-0051,R04,Екатеринбург,Урал,team_d,web_form,delivery,normal,72.4,Более 60 мин,24.6,24–48 ч,1,SLA нарушен,3.0,Средняя,b2c,2025-06-20,,0,1,other,normal,sla_breached
TCK-000124,2026-04-28 10:24:00,2026-04-28,2026-04-27,2026-04-01,10,2,Вторник,0,Вторая половина,CUST-0002,R03,Казань,Поволжье,team_c,web_form,technical,normal,20.5,15–30 мин,4.2,До 8 ч,0,SLA выполнен,5.0,Высокая,b2c,2025-08-03,bronze,0,1,other,normal,sla_ok
TCK-000030,2026-05-02 09:37:00,2026-05-02,2026-04-27,2026-05-01,9,6,Суббота,1,Вторая половина,CUST-0062,R03,Казань,Поволжье,team_c,email,refund,normal,8.8,5–15 мин,25.6,24–48 ч,1,SLA нарушен,4.2,Средняя,b2c,2026-01-05,,0,1,email,normal,sla_breached
TCK-000245,2026-05-08 15:25:00,2026-05-08,2026-05-04,2026-05-01,15,5,Пятница,0,Вторая половина,CUST-0027,R01,Москва,Центр,team_a,chat,technical,low,4.0,До 5 мин,9.0,8–24 ч,0,SLA выполнен,4.9,Высокая,b2c,2024-11-17,bronze,0,1,chat,other,sla_ok
TCK-001079,2026-06-01 08:27:00,2026-06-01,2026-06-01,2026-06-01,8,1,Понедельник,0,Вторая половина,CUST-0006,R02,Санкт-Петербург,Северо-Запад,team_b,email,delivery,normal,35.5,30–60 мин,24.5,24–48 ч,1,SLA нарушен,,,vip,2025-07-02,,1,1,email,normal,sla_breached
TCK-000169,2026-03-17 15:11:00,2026-03-17,2026-03-16,2026-03-01,15,2,Вторник,0,Первая половина,CUST-0283,R05,Новосибирск,Сибирь,team_e,web_form,technical,normal,28.3,15–30 мин,3.5,До 8 ч,0,SLA выполнен,4.8,Высокая,b2c,2025-12-22,bronze,0,1,other,normal,sla_ok
TCK-000066,2026-04-28 18:09:00,2026-04-28,2026-04-27,2026-04-01,18,2,Вторник,0,Вторая половина,CUST-0286,R01,Москва,Центр,team_a,chat,login,critical,1.5,До 5 мин,6.5,До 8 ч,1,SLA нарушен,,,b2c,2024-04-04,bronze,0,1,chat,other,sla_breached
TCK-000421,2026-03-16 11:29:00,2026-03-16,2026-03-16,2026-03-01,11,1,Понедельник,0,Первая половина,CUST-0322,R04,Екатеринбург,Урал,team_d,web_form,login,normal,20.7,15–30 мин,6.8,До 8 ч,0,SLA выполнен,4.2,Средняя,b2c,2025-07-08,silver,0,1,other,normal,sla_ok
TCK-000572,2026-04-03 20:22:00,2026-04-03,2026-03-30,2026-04-01,20,5,Пятница,0,Первая половина,CUST-0288,R06,Ростов-на-Дону,Юг,team_f,email,refund,low,66.3,Более 60 мин,59.4,48–72 ч,1,SLA нарушен,1.9,Низкая,b2c,2024-04-15,,0,1,email,other,sla_breached
TCK-001226,2026-03-07 09:17:00,2026-03-07,2026-03-02,2026-03-01,9,6,Суббота,1,Первая половина,CUST-0312,R01,Москва,Центр,team_a,chat,payment,high,1.0,До 5 мин,7.4,До 8 ч,0,SLA выполнен,5.0,Высокая,b2c,2024-11-26,silver,0,1,chat,high,sla_ok
TCK-000853,2026-04-27 15:16:00,2026-04-27,2026-04-27,2026-04-01,15,1,Понедельник,0,Вторая половина,CUST-0064,R02,Санкт-Петербург,Северо-Запад,team_b,chat,technical,normal,6.1,5–15 мин,23.8,8–24 ч,0,SLA выполнен,5.0,Высокая,b2b,2024-04-04,gold,0,1,chat,normal,sla_ok
TCK-001373,2026-05-15 11:37:00,2026-05-15,2026-05-11,2026-05-01,11,5,Пятница,0,Вторая половина,CUST-0270,R03,Казань,Поволжье,team_c,chat,payment,normal,12.3,5–15 мин,9.4,8–24 ч,0,SLA выполнен,5.0,Высокая,b2c,2025-04-01,gold,0,1,chat,normal,sla_ok
TCK-001235,2026-04-01 10:53:00,2026-04-01,2026-03-30,2026-04-01,10,3,Среда,0,Первая половина,CUST-0098,,Неизвестный регион,Неизвестно,,chat,account,low,3.7,До 5 мин,4.5,До 8 ч,0,SLA выполнен,4.7,Высокая,b2c,2024-10-29,bronze,0,1,chat,other,sla_ok
TCK-000850,2026-04-04 15:36:00,2026-04-04,2026-03-30,2026-04-01,15,6,Суббота,1,Первая половина,CUST-0053,R01,Москва,Центр,team_a,phone,technical,high,11.6,5–15 мин,120.0,Более 72 ч,1,SLA нарушен,1.0,Низкая,b2b,2025-07-28,silver,0,1,other,high,sla_breached
TCK-001492,2026-06-08 18:38:00,2026-06-08,2026-06-08,2026-06-01,18,1,Понедельник,0,Вторая половина,CUST-0308,R05,Новосибирск,Сибирь,team_e,chat,account,normal,5.8,5–15 мин,18.2,8–24 ч,0,SLA выполнен,4.6,Высокая,b2c,2024-09-07,silver,0,1,chat,normal,sla_ok
TCK-000701,2026-03-10 16:14:00,2026-03-10,2026-03-09,2026-03-01,16,2,Вторник,0,Первая половина,CUST-0286,R03,Казань,Поволжье,team_c,email,refund,normal,31.2,30–60 мин,12.2,8–24 ч,0,SLA выполнен,4.7,Высокая,b2c,2024-04-04,bronze,0,1,email,normal,sla_ok
TCK-000487,2026-04-25 17:24:00,2026-04-25,2026-04-20,2026-04-01,17,6,Суббота,1,Вторая половина,CUST-0008,R01,Москва,Центр,team_a,phone,technical,low,8.2,5–15 мин,42.8,24–48 ч,0,SLA выполнен,3.9,Средняя,b2b,2025-11-10,platinum,0,1,other,other,sla_ok
TCK-000812,2026-04-22 09:37:00,2026-04-22,2026-04-20,2026-04-01,9,3,Среда,0,Вторая половина,CUST-0260,R06,Ростов-на-Дону,Юг,team_f,web_form,technical,normal,128.8,Более 60 мин,13.0,8–24 ч,0,SLA выполнен,3.2,Средняя,b2c,2025-05-17,silver,0,1,other,normal,sla_ok
TCK-000495,2026-04-02 08:56:00,2026-04-02,2026-03-30,2026-04-01,8,4,Четверг,0,Первая половина,CUST-0193,R01,Москва,Центр,team_a,web_form,account,normal,77.2,Более 60 мин,11.4,8–24 ч,0,SLA выполнен,3.7,Средняя,b2c,2026-01-30,gold,0,1,other,normal,sla_ok
TCK-000494,2026-05-02 13:04:00,2026-05-02,2026-04-27,2026-05-01,13,6,Суббота,1,Вторая половина,CUST-0151,R05,Новосибирск,Сибирь,team_e,phone,payment,normal,3.4,До 5 мин,5.6,До 8 ч,0,SLA выполнен,5.0,Высокая,b2b,2024-02-04,gold,0,1,other,normal,sla_ok
TCK-000979,2026-05-18 08:18:00,2026-05-18,2026-05-18,2026-05-01,8,1,Понедельник,0,Вторая половина,CUST-0212,R06,Ростов-на-Дону,Юг,team_f,email,refund,normal,63.4,Более 60 мин,3.7,До 8 ч,0,SLA выполнен,3.8,Средняя,b2c,2024-06-08,silver,0,1,email,normal,sla_ok
TCK-001496,2026-04-26 11:25:00,2026-04-26,2026-04-20,2026-04-01,11,7,Воскресенье,1,Вторая половина,CUST-0191,R01,Москва,Центр,team_a,email,technical,normal,43.7,30–60 мин,8.3,8–24 ч,0,SLA выполнен,4.3,Средняя,vip,2026-02-13,gold,1,1,email,normal,sla_ok
TCK-000842,2026-06-03 15:58:00,2026-06-03,2026-06-01,2026-06-01,15,3,Среда,0,Вторая половина,CUST-0108,R08,Краснодар,Юг,team_f,chat,refund,normal,1.0,До 5 мин,26.4,24–48 ч,1,SLA нарушен,4.4,Средняя,b2c,2025-01-13,gold,0,1,chat,normal,sla_breached
TCK-000619,2026-05-28 16:58:00,2026-05-28,2026-05-25,2026-05-01,16,4,Четверг,0,Вторая половина,CUST-0019,R08,Краснодар,Юг,team_f,phone,delivery,normal,11.0,5–15 мин,18.8,8–24 ч,0,SLA выполнен,4.3,Средняя,b2b,2025-02-17,silver,0,1,other,normal,sla_ok
TCK-000661,2026-04-19 11:03:00,2026-04-19,2026-04-13,2026-04-01,11,7,Воскресенье,1,Первая половина,CUST-0305,R06,Ростов-на-Дону,Юг,team_f,chat,technical,high,5.2,5–15 мин,4.3,До 8 ч,0,SLA выполнен,5.0,Высокая,b2b,2026-01-19,gold,0,1,chat,high,sla_ok
TCK-001345,2026-04-01 18:20:00,2026-04-01,2026-03-30,2026-04-01,18,3,Среда,0,Первая половина,CUST-0233,R03,Казань,Поволжье,team_c,email,login,normal,34.4,30–60 мин,15.3,8–24 ч,0,SLA выполнен,4.7,Высокая,vip,2025-02-16,gold,1,1,email,normal,sla_ok
TCK-000045,2026-05-06 19:40:00,2026-05-06,2026-05-04,2026-05-01,19,3,Среда,0,Вторая половина,CUST-0263,R02,Санкт-Петербург,Северо-Запад,team_b,chat,payment,normal,10.1,5–15 мин,20.3,8–24 ч,0,SLA выполнен,4.4,Средняя,b2c,2024-12-18,gold,0,1,chat,normal,sla_ok
TCK-000060,2026-03-13 09:35:00,2026-03-13,2026-03-09,2026-03-01,9,5,Пятница,0,Первая половина,CUST-0142,R05,Новосибирск,Сибирь,team_e,email,delivery,normal,73.6,Более 60 мин,10.9,8–24 ч,0,SLA выполнен,4.0,Средняя,b2c,2024-08-26,silver,0,1,email,normal,sla_ok
TCK-001179,2026-03-18 10:17:00,2026-03-18,2026-03-16,2026-03-01,10,3,Среда,0,Первая половина,CUST-0003,R01,Москва,Центр,team_a,chat,payment,normal,8.4,5–15 мин,10.8,8–24 ч,0,SLA выполнен,,,b2b,2024-01-28,gold,0,1,chat,normal,sla_ok
TCK-001230,2026-03-12 08:29:00,2026-03-12,2026-03-09,2026-03-01,8,4,Четверг,0,Первая половина,CUST-0128,R08,Краснодар,Юг,team_f,chat,refund,high,5.1,5–15 мин,23.5,8–24 ч,1,SLA нарушен,4.4,Средняя,b2c,2025-06-26,gold,0,1,chat,high,sla_breached
TCK-000024,2026-05-29 08:54:00,2026-05-29,2026-05-25,2026-05-01,8,5,Пятница,0,Вторая половина,CUST-0070,R03,Казань,Поволжье,team_c,email,delivery,normal,41.9,30–60 мин,9.7,8–24 ч,0,SLA выполнен,4.4,Средняя,b2c,2025-06-03,silver,0,1,email,normal,sla_ok
TCK-000611,2026-03-25 19:26:00,2026-03-25,2026-03-23,2026-03-01,19,3,Среда,0,Первая половина,CUST-0178,R04,Екатеринбург,Урал,team_d,chat,login,low,5.0,5–15 мин,5.9,До 8 ч,0,SLA выполнен,5.0,Высокая,vip,2024-06-05,platinum,1,1,chat,other,sla_ok
TCK-001248,2026-03-25 15:14:00,2026-03-25,2026-03-23,2026-03-01,15,3,Среда,0,Первая половина,CUST-0255,R07,Нижний Новгород,Поволжье,team_c,email,account,normal,102.8,Более 60 мин,8.1,8–24 ч,0,SLA выполнен,3.9,Средняя,b2c,2025-04-12,silver,0,1,email,normal,sla_ok
TCK-000333,2026-05-25 14:28:00,2026-05-25,2026-05-25,2026-05-01,14,1,Понедельник,0,Вторая половина,CUST-0003,R02,Санкт-Петербург,Северо-Запад,team_b,chat,payment,high,5.8,5–15 мин,14.0,8–24 ч,1,SLA нарушен,4.5,Высокая,b2b,2024-01-28,gold,0,1,chat,high,sla_breached
TCK-001170,2026-05-10 20:58:00,2026-05-10,2026-05-04,2026-05-01,20,7,Воскресенье,1,Вторая половина,CUST-0065,R02,Санкт-Петербург,Северо-Запад,team_b,chat,technical,low,3.3,До 5 мин,24.6,24–48 ч,0,SLA выполнен,5.0,Высокая,b2c,2025-09-12,bronze,0,1,chat,other,sla_ok
TCK-001349,2026-05-26 09:16:00,2026-05-26,2026-05-25,2026-05-01,9,2,Вторник,0,Вторая половина,CUST-0181,R02,Санкт-Петербург,Северо-Запад,team_b,chat,account,normal,9.0,5–15 мин,9.9,8–24 ч,0,SLA выполнен,5.0,Высокая,b2b,2024-08-16,silver,0,1,chat,normal,sla_ok
TCK-000835,2026-03-07 11:24:00,2026-03-07,2026-03-02,2026-03-01,11,6,Суббота,1,Первая половина,CUST-0239,R01,Москва,Центр,team_a,web_form,delivery,normal,30.0,30–60 мин,21.4,8–24 ч,1,SLA нарушен,3.1,Средняя,b2c,2024-02-25,bronze,0,1,other,normal,sla_breached
TCK-001458,2026-05-15 09:52:00,2026-05-15,2026-05-11,2026-05-01,9,5,Пятница,0,Вторая половина,CUST-0163,R03,Казань,Поволжье,team_c,email,delivery,critical,14.2,5–15 мин,51.7,48–72 ч,1,SLA нарушен,2.0,Низкая,b2c,2024-04-17,bronze,0,1,email,other,sla_breached
TCK-001489,2026-04-16 16:19:00,2026-04-16,2026-04-13,2026-04-01,16,4,Четверг,0,Первая половина,CUST-0228,R03,Казань,Поволжье,team_c,web_form,delivery,low,57.4,30–60 мин,18.0,8–24 ч,0,SLA выполнен,3.5,Средняя,b2c,2024-06-01,bronze,0,1,other,other,sla_ok
TCK-001099,2026-05-21 15:35:00,2026-05-21,2026-05-18,2026-05-01,15,4,Четверг,0,Вторая половина,CUST-0210,R01,Москва,Центр,team_a,phone,login,low,15.3,15–30 мин,6.6,До 8 ч,0,SLA выполнен,5.0,Высокая,b2c,2024-02-01,bronze,0,1,other,other,sla_ok
TCK-000116,2026-04-09 12:35:00,2026-04-09,2026-04-06,2026-04-01,12,4,Четверг,0,Первая половина,CUST-0038,R03,Казань,Поволжье,team_c,chat,delivery,high,2.8,До 5 мин,22.3,8–24 ч,1,SLA нарушен,4.1,Средняя,b2c,2025-04-11,bronze,0,1,chat,high,sla_breached
TCK-001094,2026-05-15 09:12:00,2026-05-15,2026-05-11,2026-05-01,9,5,Пятница,0,Вторая половина,CUST-0049,R05,Новосибирск,Сибирь,team_e,email,delivery,normal,32.6,30–60 мин,13.9,8–24 ч,0,SLA выполнен,4.1,Средняя,b2b,2025-01-10,platinum,0,1,email,normal,sla_ok
TCK-001377,2026-06-08 18:57:00,2026-06-08,2026-06-08,2026-06-01,18,1,Понедельник,0,Вторая половина,CUST-0328,R08,Краснодар,Юг,team_f,email,payment,normal,9.4,5–15 мин,18.4,8–24 ч,0,SLA выполнен,4.2,Средняя,b2c,2024-09-06,bronze,0,1,email,normal,sla_ok
TCK-000440,2026-05-04 18:52:00,2026-05-04,2026-05-04,2026-05-01,18,1,Понедельник,0,Вторая половина,CUST-0189,R03,Казань,Поволжье,team_c,web_form,account,normal,76.6,Более 60 мин,12.6,8–24 ч,0,SLA выполнен,4.5,Высокая,b2b,2025-10-09,gold,0,1,other,normal,sla_ok
TCK-000711,2026-04-23 11:00:00,2026-04-23,2026-04-20,2026-04-01,11,4,Четверг,0,Вторая половина,CUST-0011,R01,Москва,Центр,team_a,email,account,normal,17.7,15–30 мин,2.1,До 8 ч,0,SLA выполнен,4.4,Средняя,b2c,2026-01-22,silver,0,1,email,normal,sla_ok
TCK-000238,2026-05-06 10:48:00,2026-05-06,2026-05-04,2026-05-01,10,3,Среда,0,Вторая половина,CUST-0320,R02,Санкт-Петербург,Северо-Запад,team_b,phone,login,normal,36.2,30–60 мин,9.7,8–24 ч,0,SLA выполнен,5.0,Высокая,vip,2025-03-22,gold,1,1,other,normal,sla_ok
TCK-000221,2026-04-03 15:41:00,2026-04-03,2026-03-30,2026-04-01,15,5,Пятница,0,Первая половина,CUST-0137,R01,Москва,Центр,team_a,phone,technical,low,10.9,5–15 мин,22.7,8–24 ч,0,SLA выполнен,4.1,Средняя,vip,2026-02-03,platinum,1,1,other,other,sla_ok
TCK-000775,2026-04-19 15:26:00,2026-04-19,2026-04-13,2026-04-01,15,7,Воскресенье,1,Первая половина,CUST-0265,R03,Казань,Поволжье,team_c,chat,delivery,normal,10.7,5–15 мин,9.9,8–24 ч,0,SLA выполнен,5.0,Высокая,vip,2024-07-15,platinum,1,1,chat,normal,sla_ok
TCK-001286,2026-03-30 10:51:00,2026-03-30,2026-03-30,2026-03-01,10,1,Понедельник,0,Первая половина,CUST-0028,R08,Краснодар,Юг,team_f,email,payment,high,71.3,Более 60 мин,12.3,8–24 ч,1,SLA нарушен,3.6,Средняя,b2c,2025-04-14,bronze,0,1,email,high,sla_breached
TCK-001074,2026-03-10 18:30:00,2026-03-10,2026-03-09,2026-03-01,18,2,Вторник,0,Первая половина,CUST-0253,R06,Ростов-на-Дону,Юг,team_f,chat,payment,high,2.5,До 5 мин,8.2,8–24 ч,0,SLA выполнен,4.9,Высокая,b2c,2024-10-24,bronze,0,1,chat,high,sla_ok
TCK-001264,2026-04-25 20:53:00,2026-04-25,2026-04-20,2026-04-01,20,6,Суббота,1,Вторая половина,CUST-0051,R04,Екатеринбург,Урал,team_d,phone,refund,normal,5.5,5–15 мин,6.7,До 8 ч,0,SLA выполнен,4.9,Высокая,b2c,2025-06-20,,0,1,other,normal,sla_ok
TCK-000079,2026-06-01 12:19:00,2026-06-01,2026-06-01,2026-06-01,12,1,Понедельник,0,Вторая половина,CUST-0068,R05,Новосибирск,Сибирь,team_e,web_form,delivery,normal,15.8,15–30 мин,12.3,8–24 ч,0,SLA выполнен,4.2,Средняя,b2c,2024-03-10,silver,0,1,other,normal,sla_ok
TCK-001304,2026-05-21 18:43:00,2026-05-21,2026-05-18,2026-05-01,18,4,Четверг,0,Вторая половина,CUST-0323,R04,Екатеринбург,Урал,team_d,chat,technical,low,6.6,5–15 мин,18.0,8–24 ч,0,SLA выполнен,4.8,Высокая,b2c,2025-03-08,silver,0,1,chat,other,sla_ok
TCK-001393,2026-05-14 13:57:00,2026-05-14,2026-05-11,2026-05-01,13,4,Четверг,0,Вторая половина,CUST-0027,R03,Казань,Поволжье,team_c,chat,login,normal,9.9,5–15 мин,1.5,До 8 ч,0,SLA выполнен,5.0,Высокая,b2c,2024-11-17,bronze,0,1,chat,normal,sla_ok
TCK-000262,2026-04-17 10:40:00,2026-04-17,2026-04-13,2026-04-01,10,5,Пятница,0,Первая половина,CUST-0075,R04,Екатеринбург,Урал,team_d,chat,account,normal,5.6,5–15 мин,6.4,До 8 ч,0,SLA выполнен,5.0,Высокая,b2c,2024-06-13,silver,0,1,chat,normal,sla_ok
TCK-000937,2026-05-04 14:33:00,2026-05-04,2026-05-04,2026-05-01,14,1,Понедельник,0,Вторая половина,CUST-0093,R99,Неизвестный регион,Неизвестно,,phone,delivery,low,11.2,5–15 мин,8.3,8–24 ч,0,SLA выполнен,4.5,Высокая,b2c,2024-03-09,bronze,0,1,other,other,sla_ok
TCK-000016,2026-06-05 17:10:00,2026-06-05,2026-06-01,2026-06-01,17,5,Пятница,0,Вторая половина,CUST-0071,R08,Краснодар,Юг,team_f,chat,payment,critical,1.0,До 5 мин,16.4,8–24 ч,1,SLA нарушен,4.7,Высокая,b2c,2025-07-29,silver,0,1,chat,other,sla_breached
TCK-000845,2026-05-29 19:34:00,2026-05-29,2026-05-25,2026-05-01,19,5,Пятница,0,Вторая половина,CUST-0079,R06,Ростов-на-Дону,Юг,team_f,chat,delivery,high,7.3,5–15 мин,8.5,8–24 ч,0,SLA выполнен,5.0,Высокая,b2c,2025-08-06,silver,0,1,chat,high,sla_ok
TCK-001141,2026-03-23 21:12:00,2026-03-23,2026-03-23,2026-03-01,21,1,Понедельник,0,Первая половина,CUST-0114,R05,Новосибирск,Сибирь,team_e,email,technical,high,25.2,15–30 мин,2.3,До 8 ч,0,SLA выполнен,4.5,Высокая,b2c,2025-07-21,silver,0,1,email,high,sla_ok
TCK-000614,2026-04-29 17:52:00,2026-04-29,2026-04-27,2026-04-01,17,3,Среда,0,Вторая половина,CUST-0043,R03,Казань,Поволжье,team_c,email,technical,normal,27.3,15–30 мин,31.0,24–48 ч,1,SLA нарушен,,,b2b,2024-05-12,silver,0,1,email,normal,sla_breached
TCK-001443,2026-05-01 16:01:00,2026-05-01,2026-04-27,2026-05-01,16,5,Пятница,0,Вторая половина,CUST-0276,R08,Краснодар,Юг,team_f,email,delivery,normal,74.5,Более 60 мин,14.1,8–24 ч,0,SLA выполнен,3.8,Средняя,b2c,2026-01-13,bronze,0,1,email,normal,sla_ok
TCK-001119,2026-05-20 16:48:00,2026-05-20,2026-05-18,2026-05-01,16,3,Среда,0,Вторая половина,CUST-0249,R03,Казань,Поволжье,team_c,chat,delivery,high,3.0,До 5 мин,32.9,24–48 ч,1,SLA нарушен,4.7,Высокая,b2c,2024-10-20,bronze,0,1,chat,high,sla_breached
TCK-000275,2026-06-08 14:16:00,2026-06-08,2026-06-08,2026-06-01,14,1,Понедельник,0,Вторая половина,CUST-0148,R04,Екатеринбург,Урал,team_d,web_form,delivery,normal,5.2,5–15 мин,26.9,24–48 ч,1,SLA нарушен,3.0,Средняя,b2c,2024-03-28,bronze,0,1,other,normal,sla_breached
TCK-000530,2026-03-06 21:52:00,2026-03-06,2026-03-02,2026-03-01,21,5,Пятница,0,Первая половина,CUST-0218,R01,Москва,Центр,team_a,web_form,technical,high,9.2,5–15 мин,27.2,24–48 ч,1,SLA нарушен,3.4,Средняя,b2c,2025-08-11,silver,0,1,other,high,sla_breached
TCK-000483,2026-05-01 15:36:00,2026-05-01,2026-04-27,2026-05-01,15,5,Пятница,0,Вторая половина,CUST-0314,R01,Москва,Центр,team_a,web_form,payment,high,39.4,30–60 мин,12.7,8–24 ч,1,SLA нарушен,3.8,Средняя,b2c,2025-01-09,bronze,0,1,other,high,sla_breached
TCK-000644,2026-06-08 20:48:00,2026-06-08,2026-06-08,2026-06-01,20,1,Понедельник,0,Вторая половина,CUST-0100,R02,Санкт-Петербург,Северо-Запад,team_b,chat,delivery,normal,6.3,5–15 мин,21.2,8–24 ч,0,SLA выполнен,4.6,Высокая,vip,2025-07-30,gold,1,1,chat,normal,sla_ok
TCK-000965,2026-05-01 15:48:00,2026-05-01,2026-04-27,2026-05-01,15,5,Пятница,0,Вторая половина,CUST-0104,R08,Краснодар,Юг,team_f,web_form,payment,normal,23.2,15–30 мин,22.3,8–24 ч,0,SLA выполнен,4.3,Средняя,vip,2026-01-09,platinum,1,1,other,normal,sla_ok
TCK-000627,2026-05-20 18:04:00,2026-05-20,2026-05-18,2026-05-01,18,3,Среда,0,Вторая половина,CUST-0226,R06,Ростов-на-Дону,Юг,team_f,email,login,normal,108.6,Более 60 мин,6.9,До 8 ч,0,SLA выполнен,3.9,Средняя,vip,2025-08-03,platinum,1,1,email,normal,sla_ok
TCK-000185,2026-03-06 18:02:00,2026-03-06,2026-03-02,2026-03-01,18,5,Пятница,0,Первая половина,CUST-0182,R07,Нижний Новгород,Поволжье,team_c,chat,payment,low,1.0,До 5 мин,15.1,8–24 ч,0,SLA выполнен,5.0,Высокая,b2b,2025-06-02,platinum,0,1,chat,other,sla_ok
TCK-000204,2026-04-16 10:59:00,2026-04-16,2026-04-13,2026-04-01,10,4,Четверг,0,Первая половина,CUST-0215,R04,Екатеринбург,Урал,team_d,web_form,account,high,19.4,15–30 мин,4.5,До 8 ч,0,SLA выполнен,4.5,Высокая,b2b,2025-07-04,gold,0,1,other,high,sla_ok
TCK-001473,2026-04-28 14:50:00,2026-04-28,2026-04-27,2026-04-01,14,2,Вторник,0,Вторая половина,CUST-0115,R02,Санкт-Петербург,Северо-Запад,team_b,web_form,account,normal,17.5,15–30 мин,9.7,8–24 ч,0,SLA выполнен,4.3,Средняя,b2c,2025-10-30,bronze,0,1,other,normal,sla_ok
TCK-001115,2026-03-03 10:16:00,2026-03-03,2026-03-02,2026-03-01,10,2,Вторник,0,Первая половина,CUST-0259,R04,Екатеринбург,Урал,team_d,phone,technical,normal,18.0,15–30 мин,20.8,8–24 ч,0,SLA выполнен,4.3,Средняя,b2c,2024-07-20,bronze,0,1,other,normal,sla_ok
TCK-000998,2026-06-05 15:37:00,2026-06-05,2026-06-01,2026-06-01,15,5,Пятница,0,Вторая половина,CUST-0182,R01,Москва,Центр,team_a,chat,refund,normal,9.2,5–15 мин,4.5,До 8 ч,0,SLA выполнен,5.0,Высокая,b2b,2025-06-02,platinum,0,1,chat,normal,sla_ok
TCK-001028,2026-06-08 16:44:00,2026-06-08,2026-06-08,2026-06-01,16,1,Понедельник,0,Вторая половина,CUST-0074,R02,Санкт-Петербург,Северо-Запад,team_b,web_form,account,low,18.7,15–30 мин,5.0,До 8 ч,0,SLA выполнен,4.9,Высокая,b2c,2025-09-03,bronze,0,1,other,other,sla_ok
TCK-000931,2026-03-16 17:06:00,2026-03-16,2026-03-16,2026-03-01,17,1,Понедельник,0,Первая половина,CUST-0045,R08,Краснодар,Юг,team_f,email,delivery,normal,31.7,30–60 мин,3.9,До 8 ч,0,SLA выполнен,4.7,Высокая,b2b,2024-04-12,gold,0,1,email,normal,sla_ok
TCK-000482,2026-05-13 13:33:00,2026-05-13,2026-05-11,2026-05-01,13,3,Среда,0,Вторая половина,CUST-0146,R04,Екатеринбург,Урал,team_d,email,technical,low,,,33.7,24–48 ч,0,SLA выполнен,2.8,Низкая,b2c,2025-09-09,silver,0,1,email,other,sla_ok
TCK-000345,2026-03-27 08:48:00,2026-03-27,2026-03-23,2026-03-01,8,5,Пятница,0,Первая половина,CUST-0093,R05,Новосибирск,Сибирь,team_e,phone,technical,high,4.8,До 5 мин,49.3,48–72 ч,1,SLA нарушен,3.6,Средняя,b2c,2024-03-09,bronze,0,1,other,high,sla_breached
TCK-000232,2026-06-06 18:34:00,2026-06-06,2026-06-01,2026-06-01,18,6,Суббота,1,Вторая половина,CUST-0109,R08,Краснодар,Юг,team_f,phone,payment,high,4.7,До 5 мин,17.2,8–24 ч,1,SLA нарушен,4.1,Средняя,b2c,2024-04-20,silver,0,1,other,high,sla_breached
TCK-001158,2026-05-12 15:28:00,2026-05-12,2026-05-11,2026-05-01,15,2,Вторник,0,Вторая половина,CUST-0089,R01,Москва,Центр,team_a,web_form,technical,critical,11.6,5–15 мин,29.3,24–48 ч,1,SLA нарушен,3.4,Средняя,b2c,2024-09-04,bronze,0,1,other,other,sla_breached
TCK-000985,2026-04-26 18:23:00,2026-04-26,2026-04-20,2026-04-01,18,7,Воскресенье,1,Вторая половина,CUST-0290,R01,Москва,Центр,team_a,email,delivery,critical,42.3,30–60 мин,256.1,Более 72 ч,1,SLA нарушен,2.3,Низкая,b2c,2024-08-07,gold,0,1,email,other,sla_breached
TCK-000589,2026-04-22 12:54:00,2026-04-22,2026-04-20,2026-04-01,12,3,Среда,0,Вторая половина,CUST-0299,R08,Краснодар,Юг,team_f,email,technical,normal,23.3,15–30 мин,24.9,24–48 ч,1,SLA нарушен,2.7,Низкая,b2b,2026-02-06,silver,0,1,email,normal,sla_breached
TCK-000044,2026-04-08 11:03:00,2026-04-08,2026-04-06,2026-04-01,11,3,Среда,0,Первая половина,CUST-0212,R04,Екатеринбург,Урал,team_d,web_form,technical,normal,40.2,30–60 мин,23.5,8–24 ч,0,SLA выполнен,3.9,Средняя,b2c,2024-06-08,silver,0,1,other,normal,sla_ok
TCK-000423,2026-05-19 15:29:00,2026-05-19,2026-05-18,2026-05-01,15,2,Вторник,0,Вторая половина,CUST-0113,R04,Екатеринбург,Урал,team_d,chat,payment,normal,4.1,До 5 мин,11.9,8–24 ч,0,SLA выполнен,5.0,Высокая,b2c,2024-01-04,bronze,0,1,chat,normal,sla_ok
TCK-000608,2026-03-07 16:56:00,2026-03-07,2026-03-02,2026-03-01,16,6,Суббота,1,Первая половина,CUST-0246,,Неизвестный регион,Неизвестно,,chat,account,high,5.3,5–15 мин,5.1,До 8 ч,0,SLA выполнен,4.6,Высокая,b2b,2025-07-14,silver,0,1,chat,high,sla_ok
TCK-000868,2026-06-07 09:50:00,2026-06-07,2026-06-01,2026-06-01,9,7,Воскресенье,1,Вторая половина,CUST-0304,R08,Краснодар,Юг,team_f,email,delivery,normal,24.1,15–30 мин,17.3,8–24 ч,0,SLA выполнен,4.5,Высокая,b2c,2024-06-20,silver,0,1,email,normal,sla_ok
TCK-001205,2026-05-05 14:05:00,2026-05-05,2026-05-04,2026-05-01,14,2,Вторник,0,Вторая половина,CUST-0317,R03,Казань,Поволжье,team_c,web_form,account,low,7.8,5–15 мин,9.6,8–24 ч,0,SLA выполнен,4.8,Высокая,b2c,2024-03-16,bronze,0,1,other,other,sla_ok
TCK-000102,2026-03-26 09:16:00,2026-03-26,2026-03-23,2026-03-01,9,4,Четверг,0,Первая половина,CUST-0197,R08,Краснодар,Юг,team_f,chat,login,normal,10.0,5–15 мин,1.9,До 8 ч,0,SLA выполнен,,,b2c,2024-07-12,silver,0,1,chat,normal,sla_ok
TCK-000108,2026-05-27 11:33:00,2026-05-27,2026-05-25,2026-05-01,11,3,Среда,0,Вторая половина,CUST-0103,R02,Санкт-Петербург,Северо-Запад,team_b,chat,technical,normal,9.3,5–15 мин,16.6,8–24 ч,0,SLA выполнен,5.0,Высокая,b2c,2026-01-19,silver,0,1,chat,normal,sla_ok
TCK-001209,2026-05-08 09:57:00,2026-05-08,2026-05-04,2026-05-01,9,5,Пятница,0,Вторая половина,CUST-0006,R07,Нижний Новгород,Поволжье,team_c,chat,refund,high,2.8,До 5 мин,79.8,Более 72 ч,1,SLA нарушен,2.8,Низкая,vip,2025-07-02,,1,1,chat,high,sla_breached
TCK-001058,2026-05-19 11:31:00,2026-05-19,2026-05-18,2026-05-01,11,2,Вторник,0,Вторая половина,CUST-0320,R06,Ростов-на-Дону,Юг,team_f,chat,account,high,4.1,До 5 мин,5.8,До 8 ч,0,SLA выполнен,5.0,Высокая,vip,2025-03-22,gold,1,1,chat,high,sla_ok
TCK-000584,2026-04-30 10:43:00,2026-04-30,2026-04-27,2026-04-01,10,4,Четверг,0,Вторая половина,CUST-0271,R08,Краснодар,Юг,team_f,chat,technical,high,9.8,5–15 мин,19.2,8–24 ч,1,SLA нарушен,3.7,Средняя,b2c,2025-02-28,bronze,0,1,chat,high,sla_breached
TCK-000910,2026-06-05 16:48:00,2026-06-05,2026-06-01,2026-06-01,16,5,Пятница,0,Вторая половина,CUST-0141,R01,Москва,Центр,team_a,phone,technical,high,2.5,До 5 мин,35.4,24–48 ч,1,SLA нарушен,2.6,Низкая,b2c,2024-01-10,bronze,0,1,other,high,sla_breached
TCK-001014,2026-05-09 10:26:00,2026-05-09,2026-05-04,2026-05-01,10,6,Суббота,1,Вторая половина,CUST-0007,R08,Краснодар,Юг,team_f,phone,technical,normal,12.0,5–15 мин,11.8,8–24 ч,0,SLA выполнен,4.8,Высокая,b2b,2025-02-01,gold,0,1,other,normal,sla_ok
TCK-000746,2026-05-29 15:17:00,2026-05-29,2026-05-25,2026-05-01,15,5,Пятница,0,Вторая половина,CUST-0193,R03,Казань,Поволжье,team_c,chat,technical,normal,11.9,5–15 мин,8.2,8–24 ч,0,SLA выполнен,5.0,Высокая,b2c,2026-01-30,gold,0,1,chat,normal,sla_ok
TCK-000934,2026-03-10 12:27:00,2026-03-10,2026-03-09,2026-03-01,12,2,Вторник,0,Первая половина,CUST-0054,R06,Ростов-на-Дону,Юг,team_f,email,technical,normal,38.5,30–60 мин,8.1,8–24 ч,0,SLA выполнен,3.6,Средняя,b2c,2025-08-26,silver,0,1,email,normal,sla_ok
TCK-000800,2026-05-13 08:54:00,2026-05-13,2026-05-11,2026-05-01,8,3,Среда,0,Вторая половина,CUST-0246,R02,Санкт-Петербург,Северо-Запад,team_b,chat,payment,normal,2.2,До 5 мин,2.4,До 8 ч,0,SLA выполнен,5.0,Высокая,b2b,2025-07-14,silver,0,1,chat,normal,sla_ok
TCK-000129,2026-03-17 10:42:00,2026-03-17,2026-03-16,2026-03-01,10,2,Вторник,0,Первая половина,CUST-0250,R01,Москва,Центр,team_a,phone,login,normal,13.9,5–15 мин,4.0,До 8 ч,0,SLA выполнен,4.8,Высокая,b2c,2024-03-13,bronze,0,1,other,normal,sla_ok
TCK-000706,2026-04-21 13:59:00,2026-04-21,2026-04-20,2026-04-01,13,2,Вторник,0,Вторая половина,CUST-0134,R07,Нижний Новгород,Поволжье,team_c,email,delivery,normal,47.7,30–60 мин,10.0,8–24 ч,0,SLA выполнен,4.5,Высокая,b2c,2025-10-14,silver,0,1,email,normal,sla_ok
TCK-000278,2026-04-18 08:02:00,2026-04-18,2026-04-13,2026-04-01,8,6,Суббота,1,Первая половина,CUST-0268,R03,Казань,Поволжье,team_c,phone,technical,normal,37.3,30–60 мин,50.7,48–72 ч,1,SLA нарушен,2.7,Низкая,b2c,2024-08-26,bronze,0,1,other,normal,sla_breached
TCK-001064,2026-04-02 19:34:00,2026-04-02,2026-03-30,2026-04-01,19,4,Четверг,0,Первая половина,CUST-0167,R01,Москва,Центр,team_a,email,payment,low,22.3,15–30 мин,6.7,До 8 ч,0,SLA выполнен,4.1,Средняя,b2b,2025-06-21,gold,0,1,email,other,sla_ok
TCK-001075,2026-05-23 16:37:00,2026-05-23,2026-05-18,2026-05-01,16,6,Суббота,1,Вторая половина,CUST-0182,R02,Санкт-Петербург,Северо-Запад,team_b,phone,technical,normal,4.1,До 5 мин,18.0,8–24 ч,0,SLA выполнен,5.0,Высокая,b2b,2025-06-02,platinum,0,1,other,normal,sla_ok
TCK-001388,2026-04-21 19:37:00,2026-04-21,2026-04-20,2026-04-01,19,2,Вторник,0,Вторая половина,CUST-0010,R04,Екатеринбург,Урал,team_d,email,delivery,high,39.2,30–60 мин,2.0,До 8 ч,0,SLA выполнен,4.6,Высокая,b2c,2024-04-14,silver,0,1,email,high,sla_ok
TCK-001032,2026-05-28 18:14:00,2026-05-28,2026-05-25,2026-05-01,18,4,Четверг,0,Вторая половина,CUST-0058,R03,Казань,Поволжье,team_c,chat,delivery,normal,3.6,До 5 мин,8.5,8–24 ч,0,SLA выполнен,4.6,Высокая,b2c,2025-01-23,bronze,0,1,chat,normal,sla_ok
TCK-001133,2026-05-17 13:51:00,2026-05-17,2026-05-11,2026-05-01,13,7,Воскресенье,1,Вторая половина,CUST-0058,R05,Новосибирск,Сибирь,team_e,email,payment,normal,19.2,15–30 мин,2.9,До 8 ч,0,SLA выполнен,4.1,Средняя,b2c,2025-01-23,bronze,0,1,email,normal,sla_ok
TCK-001259,2026-05-03 09:59:00,2026-05-03,2026-04-27,2026-05-01,9,7,Воскресенье,1,Вторая половина,CUST-0234,R01,Москва,Центр,team_a,email,delivery,normal,29.9,15–30 мин,32.3,24–48 ч,1,SLA нарушен,3.4,Средняя,b2c,2026-02-13,bronze,0,1,email,normal,sla_breached
TCK-000033,2026-05-28 08:10:00,2026-05-28,2026-05-25,2026-05-01,8,4,Четверг,0,Вторая половина,CUST-0017,R01,Москва,Центр,team_a,email,delivery,normal,85.8,Более 60 мин,2.4,До 8 ч,0,SLA выполнен,3.8,Средняя,b2c,2025-04-03,,0,1,email,normal,sla_ok
TCK-001336,2026-04-27 16:44:00,2026-04-27,2026-04-27,2026-04-01,16,1,Понедельник,0,Вторая половина,CUST-0048,R05,Новосибирск,Сибирь,team_e,chat,technical,normal,8.1,5–15 мин,41.1,24–48 ч,1,SLA нарушен,3.5,Средняя,b2c,2025-03-28,silver,0,1,chat,normal,sla_breached
TCK-000597,2026-06-03 14:51:00,2026-06-03,2026-06-01,2026-06-01,14,3,Среда,0,Вторая половина,CUST-0171,R04,Екатеринбург,Урал,team_d,chat,refund,high,7.4,5–15 мин,26.1,24–48 ч,1,SLA нарушен,3.9,Средняя,b2c,2024-07-13,silver,0,1,chat,high,sla_breached
TCK-000847,2026-05-18 20:29:00,2026-05-18,2026-05-18,2026-05-01,20,1,Понедельник,0,Вторая половина,CUST-0090,R01,Москва,Центр,team_a,web_form,login,critical,53.2,30–60 мин,4.4,До 8 ч,0,SLA выполнен,4.9,Высокая,b2c,2024-05-04,gold,0,1,other,other,sla_ok
TCK-001459,2026-05-06 11:33:00,2026-05-06,2026-05-04,2026-05-01,11,3,Среда,0,Вторая половина,CUST-0158,R01,Москва,Центр,team_a,web_form,technical,normal,48.0,30–60 мин,28.1,24–48 ч,1,SLA нарушен,3.1,Средняя,b2c,2024-03-25,silver,0,1,other,normal,sla_breached
TCK-001408,2026-03-09 20:31:00,2026-03-09,2026-03-09,2026-03-01,20,1,Понедельник,0,Первая половина,CUST-0109,R03,Казань,Поволжье,team_c,chat,delivery,critical,1.0,До 5 мин,25.4,24–48 ч,1,SLA нарушен,3.9,Средняя,b2c,2024-04-20,silver,0,1,chat,other,sla_breached
TCK-001500,2026-03-18 12:33:00,2026-03-18,2026-03-16,2026-03-01,12,3,Среда,0,Первая половина,CUST-0296,R03,Казань,Поволжье,team_c,chat,refund,normal,5.4,5–15 мин,8.9,8–24 ч,0,SLA выполнен,5.0,Высокая,b2b,2025-04-27,silver,0,1,chat,normal,sla_ok
TCK-001436,2026-05-28 14:16:00,2026-05-28,2026-05-25,2026-05-01,14,4,Четверг,0,Вторая половина,CUST-0128,R08,Краснодар,Юг,team_f,email,delivery,normal,27.8,15–30 мин,14.9,8–24 ч,0,SLA выполнен,4.6,Высокая,b2c,2025-06-26,gold,0,1,email,normal,sla_ok
TCK-000340,2026-05-19 14:56:00,2026-05-19,2026-05-18,2026-05-01,14,2,Вторник,0,Вторая половина,CUST-0291,R01,Москва,Центр,team_a,chat,account,normal,4.5,До 5 мин,6.4,До 8 ч,0,SLA выполнен,5.0,Высокая,b2b,2024-03-14,silver,0,1,chat,normal,sla_ok
TCK-001318,2026-03-05 09:01:00,2026-03-05,2026-03-02,2026-03-01,9,4,Четверг,0,Первая половина,CUST-0274,R01,Москва,Центр,team_a,chat,refund,normal,6.8,5–15 мин,22.8,8–24 ч,0,SLA выполнен,4.9,Высокая,b2c,2025-05-27,bronze,0,1,chat,normal,sla_ok
TCK-001293,2026-04-09 20:45:00,2026-04-09,2026-04-06,2026-04-01,20,4,Четверг,0,Первая половина,CUST-0207,R04,Екатеринбург,Урал,team_d,email,technical,normal,32.9,30–60 мин,17.3,8–24 ч,0,SLA выполнен,3.7,Средняя,b2c,2025-10-09,bronze,0,1,email,normal,sla_ok
TCK-001010,2026-06-03 15:44:00,2026-06-03,2026-06-01,2026-06-01,15,3,Среда,0,Вторая половина,CUST-0310,R04,Екатеринбург,Урал,team_d,email,delivery,normal,46.4,30–60 мин,14.4,8–24 ч,0,SLA выполнен,3.8,Средняя,b2c,2024-01-29,bronze,0,1,email,normal,sla_ok
TCK-000164,2026-03-01 12:03:00,2026-03-01,2026-02-23,2026-03-01,12,7,Воскресенье,1,Первая половина,CUST-0097,R02,Санкт-Петербург,Северо-Запад,team_b,email,payment,normal,19.6,15–30 мин,7.3,До 8 ч,0,SLA выполнен,4.1,Средняя,b2c,2025-08-05,bronze,0,1,email,normal,sla_ok
TCK-000888,2026-03-27 15:55:00,2026-03-27,2026-03-23,2026-03-01,15,5,Пятница,0,Первая половина,CUST-0051,R01,Москва,Центр,team_a,email,payment,high,92.0,Более 60 мин,16.1,8–24 ч,1,SLA нарушен,2.3,Низкая,b2c,2025-06-20,,0,1,email,high,sla_breached
TCK-001451,2026-03-26 11:56:00,2026-03-26,2026-03-23,2026-03-01,11,4,Четверг,0,Первая половина,CUST-0011,R01,Москва,Центр,team_a,chat,technical,low,9.3,5–15 мин,7.4,До 8 ч,0,SLA выполнен,4.5,Высокая,b2c,2026-01-22,silver,0,1,chat,other,sla_ok
TCK-000290,2026-03-23 10:17:00,2026-03-23,2026-03-23,2026-03-01,10,1,Понедельник,0,Первая половина,CUST-0020,R08,Краснодар,Юг,team_f,email,account,high,58.8,30–60 мин,15.4,8–24 ч,1,SLA нарушен,2.6,Низкая,b2c,2026-01-09,bronze,0,1,email,high,sla_breached
TCK-000412,2026-04-02 19:07:00,2026-04-02,2026-03-30,2026-04-01,19,4,Четверг,0,Первая половина,CUST-0048,R01,Москва,Центр,team_a,chat,login,critical,1.0,До 5 мин,13.2,8–24 ч,1,SLA нарушен,,,b2c,2025-03-28,silver,0,1,chat,other,sla_breached
TCK-001147,2026-05-28 21:09:00,2026-05-28,2026-05-25,2026-05-01,21,4,Четверг,0,Вторая половина,CUST-0135,R03,Казань,Поволжье,team_c,web_form,technical,normal,28.1,15–30 мин,69.1,48–72 ч,1,SLA нарушен,1.6,Низкая,b2c,2024-12-06,silver,0,1,other,normal,sla_breached
TCK-000974,2026-04-21 18:10:00,2026-04-21,2026-04-20,2026-04-01,18,2,Вторник,0,Вторая половина,CUST-0020,R02,Санкт-Петербург,Северо-Запад,team_b,email,technical,normal,47.3,30–60 мин,5.2,До 8 ч,0,SLA выполнен,3.8,Средняя,b2c,2026-01-09,bronze,0,1,email,normal,sla_ok
TCK-000989,2026-04-29 11:15:00,2026-04-29,2026-04-27,2026-04-01,11,3,Среда,0,Вторая половина,CUST-0316,R02,Санкт-Петербург,Северо-Запад,team_b,phone,technical,normal,13.3,5–15 мин,7.3,До 8 ч,0,SLA выполнен,,,b2c,2024-06-27,bronze,0,1,other,normal,sla_ok
TCK-000430,2026-06-04 16:51:00,2026-06-04,2026-06-01,2026-06-01,16,4,Четверг,0,Вторая половина,CUST-0304,R06,Ростов-на-Дону,Юг,team_f,phone,technical,low,9.3,5–15 мин,30.5,24–48 ч,0,SLA выполнен,4.1,Средняя,b2c,2024-06-20,silver,0,1,other,other,sla_ok
TCK-001197,2026-03-04 10:10:00,2026-03-04,2026-03-02,2026-03-01,10,3,Среда,0,Первая половина,CUST-0093,R05,Новосибирск,Сибирь,team_e,chat,payment,normal,14.6,5–15 мин,16.6,8–24 ч,0,SLA выполнен,5.0,Высокая,b2c,2024-03-09,bronze,0,1,chat,normal,sla_ok
TCK-000317,2026-03-19 13:33:00,2026-03-19,2026-03-16,2026-03-01,13,4,Четверг,0,Первая половина,CUST-0308,R05,Новосибирск,Сибирь,team_e,chat,refund,normal,1.0,До 5 мин,73.3,Более 72 ч,1,SLA нарушен,2.5,Низкая,b2c,2024-09-07,silver,0,1,chat,normal,sla_breached
TCK-000193,2026-06-04 18:30:00,2026-06-04,2026-06-01,2026-06-01,18,4,Четверг,0,Вторая половина,CUST-0196,R07,Нижний Новгород,Поволжье,team_c,phone,payment,normal,13.6,5–15 мин,9.4,8–24 ч,0,SLA выполнен,4.5,Высокая,b2c,2025-11-02,bronze,0,1,other,normal,sla_ok
TCK-000683,2026-03-15 16:09:00,2026-03-15,2026-03-09,2026-03-01,16,7,Воскресенье,1,Первая половина,CUST-0043,R02,Санкт-Петербург,Северо-Запад,team_b,email,payment,high,82.5,Более 60 мин,14.8,8–24 ч,1,SLA нарушен,2.0,Низкая,b2b,2024-05-12,silver,0,1,email,high,sla_breached
TCK-000527,2026-05-12 09:47:00,2026-05-12,2026-05-11,2026-05-01,9,2,Вторник,0,Вторая половина,CUST-0218,R08,Краснодар,Юг,team_f,chat,account,normal,2.6,До 5 мин,7.8,До 8 ч,0,SLA выполнен,5.0,Высокая,b2c,2025-08-11,silver,0,1,chat,normal,sla_ok
TCK-001447,2026-04-17 16:39:00,2026-04-17,2026-04-13,2026-04-01,16,5,Пятница,0,Первая половина,CUST-0211,R05,Новосибирск,Сибирь,team_e,web_form,delivery,normal,4.4,До 5 мин,17.9,8–24 ч,0,SLA выполнен,4.4,Средняя,b2b,2024-12-26,gold,0,1,other,normal,sla_ok
TCK-000064,2026-03-25 20:28:00,2026-03-25,2026-03-23,2026-03-01,20,3,Среда,0,Первая половина,CUST-0296,R03,Казань,Поволжье,team_c,email,delivery,low,57.5,30–60 мин,12.8,8–24 ч,0,SLA выполнен,3.7,Средняя,b2b,2025-04-27,silver,0,1,email,other,sla_ok
TCK-000694,2026-04-23 17:43:00,2026-04-23,2026-04-20,2026-04-01,17,4,Четверг,0,Вторая половина,CUST-0062,R05,Новосибирск,Сибирь,team_e,phone,login,high,4.8,До 5 мин,14.3,8–24 ч,1,SLA нарушен,3.6,Средняя,b2c,2026-01-05,,0,1,other,high,sla_breached
TCK-000240,2026-06-03 11:44:00,2026-06-03,2026-06-01,2026-06-01,11,3,Среда,0,Вторая половина,CUST-0089,R05,Новосибирск,Сибирь,team_e,chat,technical,normal,2.1,До 5 мин,30.4,24–48 ч,1,SLA нарушен,3.7,Средняя,b2c,2024-09-04,bronze,0,1,chat,normal,sla_breached
TCK-000908,2026-03-29 17:42:00,2026-03-29,2026-03-23,2026-03-01,17,7,Воскресенье,1,Первая половина,CUST-0028,R02,Санкт-Петербург,Северо-Запад,team_b,chat,payment,normal,3.7,До 5 мин,5.0,До 8 ч,0,SLA выполнен,5.0,Высокая,b2c,2025-04-14,bronze,0,1,chat,normal,sla_ok
TCK-000507,2026-03-13 12:31:00,2026-03-13,2026-03-09,2026-03-01,12,5,Пятница,0,Первая половина,CUST-0047,R05,Новосибирск,Сибирь,team_e,chat,delivery,normal,3.9,До 5 мин,31.5,24–48 ч,1,SLA нарушен,3.8,Средняя,b2c,2024-01-07,silver,0,1,chat,normal,sla_breached
TCK-000260,2026-04-01 13:58:00,2026-04-01,2026-03-30,2026-04-01,13,3,Среда,0,Первая половина,CUST-0118,R01,Москва,Центр,team_a,chat,login,high,4.4,До 5 мин,9.2,8–24 ч,0,SLA выполнен,5.0,Высокая,b2b,2024-04-03,platinum,0,1,chat,high,sla_ok
TCK-000529,2026-05-07 13:35:00,2026-05-07,2026-05-04,2026-05-01,13,4,Четверг,0,Вторая половина,CUST-0215,,Неизвестный регион,Неизвестно,,phone,technical,high,2.1,До 5 мин,39.3,24–48 ч,1,SLA нарушен,3.6,Средняя,b2b,2025-07-04,gold,0,1,other,high,sla_breached
TCK-000479,2026-05-04 18:42:00,2026-05-04,2026-05-04,2026-05-01,18,1,Понедельник,0,Вторая половина,CUST-0265,R01,Москва,Центр,team_a,chat,technical,normal,1.2,До 5 мин,70.9,48–72 ч,0,SLA выполнен,3.6,Средняя,vip,2024-07-15,platinum,1,1,chat,normal,sla_ok
TCK-001011,2026-03-22 13:46:00,2026-03-22,2026-03-16,2026-03-01,13,7,Воскресенье,1,Первая половина,CUST-0058,R07,Нижний Новгород,Поволжье,team_c,email,payment,low,53.3,30–60 мин,4.7,До 8 ч,0,SLA выполнен,,,b2c,2025-01-23,bronze,0,1,email,other,sla_ok
TCK-000199,2026-04-27 16:29:00,2026-04-27,2026-04-27,2026-04-01,16,1,Понедельник,0,Вторая половина,CUST-0292,R03,Казань,Поволжье,team_c,phone,account,normal,4.5,До 5 мин,13.4,8–24 ч,0,SLA выполнен,5.0,Высокая,b2c,2024-08-28,silver,0,1,other,normal,sla_ok
TCK-000715,2026-04-07 21:15:00,2026-04-07,2026-04-06,2026-04-01,21,2,Вторник,0,Первая половина,CUST-0167,R01,Москва,Центр,team_a,phone,payment,low,6.7,5–15 мин,10.8,8–24 ч,0,SLA выполнен,4.9,Высокая,b2b,2025-06-21,gold,0,1,other,other,sla_ok
TCK-001030,2026-04-28 09:18:00,2026-04-28,2026-04-27,2026-04-01,9,2,Вторник,0,Вторая половина,CUST-0254,R07,Нижний Новгород,Поволжье,team_c,phone,login,normal,8.3,5–15 мин,2.2,До 8 ч,0,SLA выполнен,5.0,Высокая,b2c,2026-02-13,silver,0,1,other,normal,sla_ok
TCK-001454,2026-05-20 11:56:00,2026-05-20,2026-05-18,2026-05-01,11,3,Среда,0,Вторая половина,CUST-0304,R06,Ростов-на-Дону,Юг,team_f,email,technical,high,20.6,15–30 мин,75.0,Более 72 ч,1,SLA нарушен,1.7,Низкая,b2c,2024-06-20,silver,0,1,email,high,sla_breached
TCK-000811,2026-03-24 17:12:00,2026-03-24,2026-03-23,2026-03-01,17,2,Вторник,0,Первая половина,CUST-0260,R04,Екатеринбург,Урал,team_d,chat,account,normal,5.7,5–15 мин,6.6,До 8 ч,0,SLA выполнен,4.3,Средняя,b2c,2025-05-17,silver,0,1,chat,normal,sla_ok
TCK-000219,2026-04-02 10:33:00,2026-04-02,2026-03-30,2026-04-01,10,4,Четверг,0,Первая половина,CUST-0107,R01,Москва,Центр,team_a,email,delivery,normal,69.0,Более 60 мин,2.6,До 8 ч,0,SLA выполнен,3.7,Средняя,b2c,2025-04-29,silver,0,1,email,normal,sla_ok
TCK-000809,2026-04-23 15:44:00,2026-04-23,2026-04-20,2026-04-01,15,4,Четверг,0,Вторая половина,CUST-0111,R01,Москва,Центр,team_a,email,login,normal,49.8,30–60 мин,2.2,До 8 ч,0,SLA выполнен,4.4,Средняя,b2c,2025-05-30,silver,0,1,email,normal,sla_ok
TCK-000031,2026-03-14 09:15:00,2026-03-14,2026-03-09,2026-03-01,9,6,Суббота,1,Первая половина,CUST-0008,R03,Казань,Поволжье,team_c,web_form,refund,normal,21.4,15–30 мин,22.0,8–24 ч,0,SLA выполнен,,,b2b,2025-11-10,platinum,0,1,other,normal,sla_ok
TCK-000057,2026-04-09 08:15:00,2026-04-09,2026-04-06,2026-04-01,8,4,Четверг,0,Первая половина,CUST-0298,R03,Казань,Поволжье,team_c,chat,account,normal,9.4,5–15 мин,23.4,8–24 ч,0,SLA выполнен,4.6,Высокая,b2b,2025-05-16,silver,0,1,chat,normal,sla_ok
TCK-001220,2026-05-27 21:47:00,2026-05-27,2026-05-25,2026-05-01,21,3,Среда,0,Вторая половина,CUST-0088,R04,Екатеринбург,Урал,team_d,chat,login,normal,10.8,5–15 мин,11.0,8–24 ч,0,SLA выполнен,5.0,Высокая,b2c,2024-09-05,bronze,0,1,chat,normal,sla_ok
TCK-000889,2026-05-15 15:09:00,2026-05-15,2026-05-11,2026-05-01,15,5,Пятница,0,Вторая половина,CUST-0264,R08,Краснодар,Юг,team_f,chat,account,low,2.3,До 5 мин,9.0,8–24 ч,0,SLA выполнен,5.0,Высокая,b2c,2024-04-24,bronze,0,1,chat,other,sla_ok
TCK-001402,2026-05-29 10:21:00,2026-05-29,2026-05-25,2026-05-01,10,5,Пятница,0,Вторая половина,CUST-0104,R04,Екатеринбург,Урал,team_d,email,refund,low,12.7,5–15 мин,10.1,8–24 ч,0,SLA выполнен,4.1,Средняя,vip,2026-01-09,platinum,1,1,email,other,sla_ok
TCK-000615,2026-05-07 18:08:00,2026-05-07,2026-05-04,2026-05-01,18,4,Четверг,0,Вторая половина,CUST-0094,R01,Москва,Центр,team_a,email,delivery,normal,23.0,15–30 мин,30.0,24–48 ч,0,SLA выполнен,3.7,Средняя,b2c,2026-01-09,bronze,0,1,email,normal,sla_ok
TCK-000426,2026-06-08 08:22:00,2026-06-08,2026-06-08,2026-06-01,8,1,Понедельник,0,Вторая половина,CUST-0284,R01,Москва,Центр,team_a,chat,login,low,1.0,До 5 мин,3.3,До 8 ч,0,SLA выполнен,5.0,Высокая,b2c,2025-01-09,silver,0,1,chat,other,sla_ok
TCK-000480,2026-03-02 14:08:00,2026-03-02,2026-03-02,2026-03-01,14,1,Понедельник,0,Первая половина,CUST-0167,R04,Екатеринбург,Урал,team_d,phone,technical,normal,6.2,5–15 мин,4.7,До 8 ч,0,SLA выполнен,,,b2b,2025-06-21,gold,0,1,other,normal,sla_ok
TCK-001324,2026-04-03 08:06:00,2026-04-03,2026-03-30,2026-04-01,8,5,Пятница,0,Первая половина,CUST-0272,R05,Новосибирск,Сибирь,team_e,email,refund,normal,97.5,Более 60 мин,15.8,8–24 ч,0,SLA выполнен,3.5,Средняя,b2c,2025-07-06,bronze,0,1,email,normal,sla_ok
TCK-001188,2026-03-14 13:55:00,2026-03-14,2026-03-09,2026-03-01,13,6,Суббота,1,Первая половина,CUST-0239,R07,Нижний Новгород,Поволжье,team_c,web_form,delivery,normal,13.4,5–15 мин,26.2,24–48 ч,1,SLA нарушен,3.3,Средняя,b2c,2024-02-25,bronze,0,1,other,normal,sla_breached
TCK-000967,2026-05-06 11:51:00,2026-05-06,2026-05-04,2026-05-01,11,3,Среда,0,Вторая половина,CUST-0285,R01,Москва,Центр,team_a,email,payment,normal,17.7,15–30 мин,28.2,24–48 ч,1,SLA нарушен,,,b2c,2024-04-12,silver,0,1,email,normal,sla_breached
TCK-001246,2026-03-05 17:39:00,2026-03-05,2026-03-02,2026-03-01,17,4,Четверг,0,Первая половина,CUST-0072,R07,Нижний Новгород,Поволжье,team_c,phone,refund,critical,5.2,5–15 мин,14.8,8–24 ч,1,SLA нарушен,4.0,Средняя,b2c,2024-11-26,silver,0,1,other,other,sla_breached
TCK-001427,2026-05-14 14:38:00,2026-05-14,2026-05-11,2026-05-01,14,4,Четверг,0,Вторая половина,CUST-0088,R04,Екатеринбург,Урал,team_d,phone,login,normal,10.1,5–15 мин,7.0,До 8 ч,0,SLA выполнен,4.0,Средняя,b2c,2024-09-05,bronze,0,1,other,normal,sla_ok
TCK-000919,2026-05-30 18:53:00,2026-05-30,2026-05-25,2026-05-01,18,6,Суббота,1,Вторая половина,CUST-0110,R01,Москва,Центр,team_a,email,delivery,high,5.6,5–15 мин,13.1,8–24 ч,1,SLA нарушен,2.7,Низкая,b2b,2024-10-24,platinum,0,1,email,high,sla_breached
TCK-000629,2026-03-24 19:06:00,2026-03-24,2026-03-23,2026-03-01,19,2,Вторник,0,Первая половина,CUST-0082,R07,Нижний Новгород,Поволжье,team_c,chat,delivery,low,3.3,До 5 мин,24.1,24–48 ч,0,SLA выполнен,4.8,Высокая,b2c,2025-08-25,gold,0,1,chat,other,sla_ok
TCK-001086,2026-06-04 09:46:00,2026-06-04,2026-06-01,2026-06-01,9,4,Четверг,0,Вторая половина,CUST-0323,R01,Москва,Центр,team_a,email,technical,normal,68.0,Более 60 мин,48.9,48–72 ч,1,SLA нарушен,,,b2c,2025-03-08,silver,0,1,email,normal,sla_breached
TCK-000848,2026-05-25 15:25:00,2026-05-25,2026-05-25,2026-05-01,15,1,Понедельник,0,Вторая половина,CUST-0163,R05,Новосибирск,Сибирь,team_e,chat,account,normal,3.4,До 5 мин,4.4,До 8 ч,0,SLA выполнен,5.0,Высокая,b2c,2024-04-17,bronze,0,1,chat,normal,sla_ok
TCK-000100,2026-05-20 15:41:00,2026-05-20,2026-05-18,2026-05-01,15,3,Среда,0,Вторая половина,CUST-0278,R08,Краснодар,Юг,team_f,chat,delivery,normal,4.7,До 5 мин,25.3,24–48 ч,1,SLA нарушен,3.8,Средняя,b2c,2024-04-27,,0,1,chat,normal,sla_breached
TCK-001171,2026-03-16 08:22:00,2026-03-16,2026-03-16,2026-03-01,8,1,Понедельник,0,Первая половина,CUST-0287,R05,Новосибирск,Сибирь,team_e,chat,technical,high,4.6,До 5 мин,11.1,8–24 ч,0,SLA выполнен,5.0,Высокая,b2c,2026-02-07,gold,0,1,chat,high,sla_ok
TCK-000630,2026-04-08 08:04:00,2026-04-08,2026-04-06,2026-04-01,8,3,Среда,0,Первая половина,CUST-0138,R06,Ростов-на-Дону,Юг,team_f,web_form,payment,high,154.4,Более 60 мин,21.2,8–24 ч,1,SLA нарушен,2.0,Низкая,b2c,2024-12-28,bronze,0,1,other,high,sla_breached
TCK-001335,2026-04-08 19:05:00,2026-04-08,2026-04-06,2026-04-01,19,3,Среда,0,Первая половина,CUST-0289,R01,Москва,Центр,team_a,chat,payment,normal,9.2,5–15 мин,12.4,8–24 ч,1,SLA нарушен,4.6,Высокая,b2c,2026-01-18,silver,0,1,chat,normal,sla_breached
TCK-000708,2026-03-30 18:26:00,2026-03-30,2026-03-30,2026-03-01,18,1,Понедельник,0,Первая половина,CUST-0255,R01,Москва,Центр,team_a,chat,login,normal,1.1,До 5 мин,1.7,До 8 ч,0,SLA выполнен,5.0,Высокая,b2c,2025-04-12,silver,0,1,chat,normal,sla_ok
TCK-000938,2026-05-21 16:16:00,2026-05-21,2026-05-18,2026-05-01,16,4,Четверг,0,Вторая половина,CUST-0244,R02,Санкт-Петербург,Северо-Запад,team_b,email,payment,low,21.5,15–30 мин,6.7,До 8 ч,0,SLA выполнен,4.3,Средняя,b2c,2025-11-29,bronze,0,1,email,other,sla_ok
TCK-001160,2026-03-10 10:14:00,2026-03-10,2026-03-09,2026-03-01,10,2,Вторник,0,Первая половина,CUST-0247,R02,Санкт-Петербург,Северо-Запад,team_b,email,payment,high,10.1,5–15 мин,21.8,8–24 ч,1,SLA нарушен,3.2,Средняя,b2c,2024-11-21,bronze,0,1,email,high,sla_breached
TCK-001033,2026-06-03 13:26:00,2026-06-03,2026-06-01,2026-06-01,13,3,Среда,0,Вторая половина,CUST-0323,R08,Краснодар,Юг,team_f,chat,delivery,low,6.8,5–15 мин,14.6,8–24 ч,0,SLA выполнен,4.3,Средняя,b2c,2025-03-08,silver,0,1,chat,other,sla_ok
TCK-000945,2026-04-10 11:47:00,2026-04-10,2026-04-06,2026-04-01,11,5,Пятница,0,Первая половина,CUST-0182,R07,Нижний Новгород,Поволжье,team_c,chat,technical,normal,3.1,До 5 мин,6.8,До 8 ч,0,SLA выполнен,5.0,Высокая,b2b,2025-06-02,platinum,0,1,chat,normal,sla_ok
TCK-001359,2026-05-16 18:05:00,2026-05-16,2026-05-11,2026-05-01,18,6,Суббота,1,Вторая половина,CUST-0294,R08,Краснодар,Юг,team_f,chat,refund,low,1.3,До 5 мин,40.2,24–48 ч,0,SLA выполнен,4.9,Высокая,b2c,2024-12-04,silver,0,1,chat,other,sla_ok
TCK-000635,2026-05-16 21:04:00,2026-05-16,2026-05-11,2026-05-01,21,6,Суббота,1,Вторая половина,CUST-0107,R07,Нижний Новгород,Поволжье,team_c,web_form,account,high,18.2,15–30 мин,13.4,8–24 ч,1,SLA нарушен,,,b2c,2025-04-29,silver,0,1,other,high,sla_breached
TCK-000431,2026-05-04 12:28:00,2026-05-04,2026-05-04,2026-05-01,12,1,Понедельник,0,Вторая половина,CUST-0246,R01,Москва,Центр,team_a,phone,delivery,normal,7.3,5–15 мин,21.4,8–24 ч,0,SLA выполнен,3.6,Средняя,b2b,2025-07-14,silver,0,1,other,normal,sla_ok
TCK-000434,2026-06-07 15:08:00,2026-06-07,2026-06-01,2026-06-01,15,7,Воскресенье,1,Вторая половина,CUST-0111,R02,Санкт-Петербург,Северо-Запад,team_b,phone,account,normal,10.6,5–15 мин,10.7,8–24 ч,0,SLA выполнен,5.0,Высокая,b2c,2025-05-30,silver,0,1,other,normal,sla_ok
TCK-001411,2026-04-15 10:20:00,2026-04-15,2026-04-13,2026-04-01,10,3,Среда,0,Первая половина,CUST-0119,R07,Нижний Новгород,Поволжье,team_c,email,login,critical,8.7,5–15 мин,2.8,До 8 ч,0,SLA выполнен,5.0,Высокая,b2c,2024-08-02,gold,0,1,email,other,sla_ok
TCK-001037,2026-04-06 14:07:00,2026-04-06,2026-04-06,2026-04-01,14,1,Понедельник,0,Первая половина,CUST-0050,R01,Москва,Центр,team_a,email,refund,low,54.0,30–60 мин,33.6,24–48 ч,0,SLA выполнен,2.5,Низкая,b2c,2025-01-03,bronze,0,1,email,other,sla_ok
TCK-001174,2026-03-18 18:52:00,2026-03-18,2026-03-16,2026-03-01,18,3,Среда,0,Первая половина,CUST-0157,R03,Казань,Поволжье,team_c,phone,login,high,14.3,5–15 мин,0.9,До 8 ч,0,SLA выполнен,5.0,Высокая,b2c,2024-02-04,silver,0,1,other,high,sla_ok
TCK-000977,2026-03-27 17:08:00,2026-03-27,2026-03-23,2026-03-01,17,5,Пятница,0,Первая половина,CUST-0133,R07,Нижний Новгород,Поволжье,team_c,email,payment,low,3.6,До 5 мин,5.3,До 8 ч,0,SLA выполнен,4.4,Средняя,b2c,2025-07-24,bronze,0,1,email,other,sla_ok
TCK-000237,2026-05-29 18:55:00,2026-05-29,2026-05-25,2026-05-01,18,5,Пятница,0,Вторая половина,CUST-0031,R05,Новосибирск,Сибирь,team_e,email,payment,normal,24.1,15–30 мин,13.9,8–24 ч,0,SLA выполнен,4.1,Средняя,b2b,2026-02-26,silver,0,1,email,normal,sla_ok
TCK-000603,2026-03-27 15:12:00,2026-03-27,2026-03-23,2026-03-01,15,5,Пятница,0,Первая половина,CUST-0036,R07,Нижний Новгород,Поволжье,team_c,phone,payment,low,13.7,5–15 мин,6.0,До 8 ч,0,SLA выполнен,,,b2c,2024-07-19,silver,0,1,other,other,sla_ok
TCK-001482,2026-04-04 09:32:00,2026-04-04,2026-03-30,2026-04-01,9,6,Суббота,1,Первая половина,CUST-0065,R03,Казань,Поволжье,team_c,email,payment,normal,115.9,Более 60 мин,7.8,До 8 ч,0,SLA выполнен,3.7,Средняя,b2c,2025-09-12,bronze,0,1,email,normal,sla_ok
TCK-001456,2026-04-05 19:50:00,2026-04-05,2026-03-30,2026-04-01,19,7,Воскресенье,1,Первая половина,CUST-0183,R08,Краснодар,Юг,team_f,email,technical,normal,24.7,15–30 мин,23.1,8–24 ч,0,SLA выполнен,4.6,Высокая,b2c,2025-12-19,bronze,0,1,email,normal,sla_ok
TCK-000271,2026-03-18 16:16:00,2026-03-18,2026-03-16,2026-03-01,16,3,Среда,0,Первая половина,CUST-0173,R05,Новосибирск,Сибирь,team_e,web_form,account,normal,9.5,5–15 мин,16.1,8–24 ч,0,SLA выполнен,4.9,Высокая,b2c,2024-12-24,gold,0,1,other,normal,sla_ok
TCK-001477,2026-06-08 21:37:00,2026-06-08,2026-06-08,2026-06-01,21,1,Понедельник,0,Вторая половина,CUST-0107,R99,Неизвестный регион,Неизвестно,,email,payment,high,25.2,15–30 мин,12.2,8–24 ч,1,SLA нарушен,2.8,Низкая,b2c,2025-04-29,silver,0,1,email,high,sla_breached
TCK-000209,2026-05-11 17:51:00,2026-05-11,2026-05-11,2026-05-01,17,1,Понедельник,0,Вторая половина,CUST-0264,R05,Новосибирск,Сибирь,team_e,chat,account,low,4.0,До 5 мин,8.1,8–24 ч,0,SLA выполнен,5.0,Высокая,b2c,2024-04-24,bronze,0,1,chat,other,sla_ok
TCK-000372,2026-03-07 21:19:00,2026-03-07,2026-03-02,2026-03-01,21,6,Суббота,1,Первая половина,CUST-0009,R01,Москва,Центр,team_a,phone,delivery,normal,3.5,До 5 мин,12.9,8–24 ч,0,SLA выполнен,4.7,Высокая,b2c,2025-12-26,bronze,0,1,other,normal,sla_ok
TCK-000433,2026-03-22 12:01:00,2026-03-22,2026-03-16,2026-03-01,12,7,Воскресенье,1,Первая половина,CUST-0219,R07,Нижний Новгород,Поволжье,team_c,email,delivery,normal,16.0,15–30 мин,9.2,8–24 ч,0,SLA выполнен,4.8,Высокая,vip,2025-03-09,platinum,1,1,email,normal,sla_ok
TCK-000359,2026-05-29 09:04:00,2026-05-29,2026-05-25,2026-05-01,9,5,Пятница,0,Вторая половина,CUST-0166,R05,Новосибирск,Сибирь,team_e,email,account,normal,109.9,Более 60 мин,8.2,8–24 ч,0,SLA выполнен,4.0,Средняя,b2c,2024-03-12,bronze,0,1,email,normal,sla_ok
TCK-000059,2026-03-31 14:42:00,2026-03-31,2026-03-30,2026-03-01,14,2,Вторник,0,Первая половина,CUST-0160,R01,Москва,Центр,team_a,email,refund,low,64.2,Более 60 мин,7.1,До 8 ч,0,SLA выполнен,4.0,Средняя,b2b,2026-02-28,gold,0,1,email,other,sla_ok
TCK-000745,2026-06-08 14:46:00,2026-06-08,2026-06-08,2026-06-01,14,1,Понедельник,0,Вторая половина,CUST-0139,R03,Казань,Поволжье,team_c,email,login,low,40.5,30–60 мин,2.9,До 8 ч,0,SLA выполнен,5.0,Высокая,b2b,2024-09-06,silver,0,1,email,other,sla_ok
TCK-000355,2026-03-18 14:04:00,2026-03-18,2026-03-16,2026-03-01,14,3,Среда,0,Первая половина,CUST-0096,R03,Казань,Поволжье,team_c,chat,technical,low,7.4,5–15 мин,11.2,8–24 ч,0,SLA выполнен,5.0,Высокая,b2c,2024-12-11,gold,0,1,chat,other,sla_ok
TCK-001166,2026-04-28 19:20:00,2026-04-28,2026-04-27,2026-04-01,19,2,Вторник,0,Вторая половина,CUST-0233,R08,Краснодар,Юг,team_f,email,account,critical,40.9,30–60 мин,4.3,До 8 ч,0,SLA выполнен,5.0,Высокая,vip,2025-02-16,gold,1,1,email,other,sla_ok
TCK-000737,2026-04-16 15:33:00,2026-04-16,2026-04-13,2026-04-01,15,4,Четверг,0,Первая половина,CUST-0182,R06,Ростов-на-Дону,Юг,team_f,chat,refund,normal,5.1,5–15 мин,17.6,8–24 ч,0,SLA выполнен,4.6,Высокая,b2b,2025-06-02,platinum,0,1,chat,normal,sla_ok
TCK-001200,2026-04-18 18:43:00,2026-04-18,2026-04-13,2026-04-01,18,6,Суббота,1,Первая половина,CUST-0176,R08,Краснодар,Юг,team_f,email,login,normal,36.9,30–60 мин,3.4,До 8 ч,0,SLA выполнен,4.5,Высокая,b2c,2025-09-05,bronze,0,1,email,normal,sla_ok
TCK-000728,2026-05-06 15:41:00,2026-05-06,2026-05-04,2026-05-01,15,3,Среда,0,Вторая половина,CUST-0154,R02,Санкт-Петербург,Северо-Запад,team_b,chat,payment,normal,12.7,5–15 мин,15.0,8–24 ч,0,SLA выполнен,5.0,Высокая,b2c,2024-08-12,silver,0,1,chat,normal,sla_ok
TCK-001234,2026-06-05 21:44:00,2026-06-05,2026-06-01,2026-06-01,21,5,Пятница,0,Вторая половина,CUST-0077,R03,Казань,Поволжье,team_c,email,account,normal,94.0,Более 60 мин,4.1,До 8 ч,0,SLA выполнен,3.8,Средняя,b2c,2025-07-31,silver,0,1,email,normal,sla_ok
TCK-000368,2026-04-30 08:58:00,2026-04-30,2026-04-27,2026-04-01,8,4,Четверг,0,Вторая половина,CUST-0077,R02,Санкт-Петербург,Северо-Запад,team_b,phone,login,normal,26.5,15–30 мин,6.2,До 8 ч,0,SLA выполнен,4.5,Высокая,b2c,2025-07-31,silver,0,1,other,normal,sla_ok
TCK-000999,2026-04-21 14:24:00,2026-04-21,2026-04-20,2026-04-01,14,2,Вторник,0,Вторая половина,CUST-0030,R01,Москва,Центр,team_a,phone,account,low,15.8,15–30 мин,0.6,До 8 ч,1,SLA нарушен,4.6,Высокая,b2b,2025-09-10,silver,0,1,other,other,sla_breached
TCK-001430,2026-03-12 17:38:00,2026-03-12,2026-03-09,2026-03-01,17,4,Четверг,0,Первая половина,CUST-0150,R02,Санкт-Петербург,Северо-Запад,team_b,web_form,technical,high,6.2,5–15 мин,30.3,24–48 ч,1,SLA нарушен,3.7,Средняя,b2c,2026-02-26,silver,0,1,other,high,sla_breached
TCK-001403,2026-03-18 21:31:00,2026-03-18,2026-03-16,2026-03-01,21,3,Среда,0,Первая половина,CUST-0153,R01,Москва,Центр,team_a,chat,login,high,4.0,До 5 мин,10.9,8–24 ч,0,SLA выполнен,5.0,Высокая,b2c,2025-06-24,bronze,0,1,chat,high,sla_ok
TCK-001134,2026-05-27 09:45:00,2026-05-27,2026-05-25,2026-05-01,9,3,Среда,0,Вторая половина,CUST-0029,R01,Москва,Центр,team_a,chat,technical,high,18.4,15–30 мин,66.8,48–72 ч,1,SLA нарушен,2.7,Низкая,b2c,2024-12-17,silver,0,1,chat,high,sla_breached
TCK-000713,2026-03-30 15:35:00,2026-03-30,2026-03-30,2026-03-01,15,1,Понедельник,0,Первая половина,CUST-0273,R01,Москва,Центр,team_a,web_form,delivery,normal,9.3,5–15 мин,8.0,8–24 ч,0,SLA выполнен,4.7,Высокая,b2c,2024-07-22,bronze,0,1,other,normal,sla_ok
TCK-000234,2026-05-13 12:32:00,2026-05-13,2026-05-11,2026-05-01,12,3,Среда,0,Вторая половина,CUST-0326,R02,Санкт-Петербург,Северо-Запад,team_b,phone,payment,critical,1.4,До 5 мин,8.7,8–24 ч,1,SLA нарушен,3.4,Средняя,b2c,2025-05-30,bronze,0,1,other,other,sla_breached
TCK-000839,2026-05-20 19:00:00,2026-05-20,2026-05-18,2026-05-01,19,3,Среда,0,Вторая половина,CUST-0261,R04,Екатеринбург,Урал,team_d,chat,delivery,high,3.1,До 5 мин,21.4,8–24 ч,1,SLA нарушен,3.9,Средняя,b2c,2025-11-20,bronze,0,1,chat,high,sla_breached
TCK-000197,2026-05-01 18:15:00,2026-05-01,2026-04-27,2026-05-01,18,5,Пятница,0,Вторая половина,CUST-0009,R08,Краснодар,Юг,team_f,email,delivery,low,41.1,30–60 мин,13.7,8–24 ч,0,SLA выполнен,3.6,Средняя,b2c,2025-12-26,bronze,0,1,email,other,sla_ok
TCK-001270,2026-06-03 10:48:00,2026-06-03,2026-06-01,2026-06-01,10,3,Среда,0,Вторая половина,CUST-0239,R05,Новосибирск,Сибирь,team_e,email,payment,high,70.6,Более 60 мин,18.5,8–24 ч,1,SLA нарушен,2.8,Низкая,b2c,2024-02-25,bronze,0,1,email,high,sla_breached
TCK-000082,2026-06-04 20:03:00,2026-06-04,2026-06-01,2026-06-01,20,4,Четверг,0,Вторая половина,CUST-0085,R02,Санкт-Петербург,Северо-Запад,team_b,chat,delivery,high,8.2,5–15 мин,15.7,8–24 ч,1,SLA нарушен,4.1,Средняя,b2c,2025-09-20,bronze,0,1,chat,high,sla_breached
TCK-001415,2026-04-15 13:13:00,2026-04-15,2026-04-13,2026-04-01,13,3,Среда,0,Первая половина,CUST-0037,R05,Новосибирск,Сибирь,team_e,chat,delivery,normal,2.9,До 5 мин,19.3,8–24 ч,0,SLA выполнен,,,b2c,2025-07-24,silver,0,1,chat,normal,sla_ok
TCK-000354,2026-06-08 20:00:00,2026-06-08,2026-06-08,2026-06-01,20,1,Понедельник,0,Вторая половина,CUST-0109,R06,Ростов-на-Дону,Юг,team_f,chat,payment,normal,4.6,До 5 мин,12.0,8–24 ч,0,SLA выполнен,4.7,Высокая,b2c,2024-04-20,silver,0,1,chat,normal,sla_ok
TCK-001165,2026-05-27 10:25:00,2026-05-27,2026-05-25,2026-05-01,10,3,Среда,0,Вторая половина,CUST-0088,R01,Москва,Центр,team_a,email,delivery,normal,42.0,30–60 мин,15.4,8–24 ч,0,SLA выполнен,4.0,Средняя,b2c,2024-09-05,bronze,0,1,email,normal,sla_ok
TCK-000112,2026-03-31 09:02:00,2026-03-31,2026-03-30,2026-03-01,9,2,Вторник,0,Первая половина,CUST-0194,R01,Москва,Центр,team_a,web_form,payment,high,1.5,До 5 мин,8.0,8–24 ч,0,SLA выполнен,5.0,Высокая,b2b,2024-07-07,,0,1,other,high,sla_ok
TCK-001287,2026-04-02 17:57:00,2026-04-02,2026-03-30,2026-04-01,17,4,Четверг,0,Первая половина,CUST-0011,R01,Москва,Центр,team_a,email,technical,normal,56.6,30–60 мин,27.9,24–48 ч,1,SLA нарушен,3.3,Средняя,b2c,2026-01-22,silver,0,1,email,normal,sla_breached
TCK-000789,2026-05-24 09:54:00,2026-05-24,2026-05-18,2026-05-01,9,7,Воскресенье,1,Вторая половина,CUST-0119,R05,Новосибирск,Сибирь,team_e,phone,technical,low,1.5,До 5 мин,13.6,8–24 ч,0,SLA выполнен,4.7,Высокая,b2c,2024-08-02,gold,0,1,other,other,sla_ok
TCK-000994,2026-04-24 09:02:00,2026-04-24,2026-04-20,2026-04-01,9,5,Пятница,0,Вторая половина,CUST-0006,,Неизвестный регион,Неизвестно,,email,account,low,114.3,Более 60 мин,3.0,До 8 ч,0,SLA выполнен,4.2,Средняя,vip,2025-07-02,,1,1,email,other,sla_ok
TCK-000383,2026-04-07 20:42:00,2026-04-07,2026-04-06,2026-04-01,20,2,Вторник,0,Первая половина,CUST-0045,R01,Москва,Центр,team_a,phone,technical,normal,17.6,15–30 мин,30.3,24–48 ч,1,SLA нарушен,3.8,Средняя,b2b,2024-04-12,gold,0,1,other,normal,sla_breached
TCK-001425,2026-03-09 21:39:00,2026-03-09,2026-03-09,2026-03-01,21,1,Понедельник,0,Первая половина,CUST-0022,R01,Москва,Центр,team_a,email,delivery,high,14.2,5–15 мин,21.5,8–24 ч,1,SLA нарушен,3.1,Средняя,b2c,2024-04-18,bronze,0,1,email,high,sla_breached
TCK-000662,2026-05-08 10:28:00,2026-05-08,2026-05-04,2026-05-01,10,5,Пятница,0,Вторая половина,CUST-0282,R06,Ростов-на-Дону,Юг,team_f,email,delivery,high,16.3,15–30 мин,21.0,8–24 ч,1,SLA нарушен,3.2,Средняя,b2c,2024-11-15,silver,0,1,email,high,sla_breached
TCK-000600,2026-03-20 15:39:00,2026-03-20,2026-03-16,2026-03-01,15,5,Пятница,0,Первая половина,CUST-0306,R02,Санкт-Петербург,Северо-Запад,team_b,email,payment,low,60.9,Более 60 мин,11.1,8–24 ч,0,SLA выполнен,4.8,Высокая,b2c,2025-04-09,silver,0,1,email,other,sla_ok
TCK-000887,2026-03-04 17:06:00,2026-03-04,2026-03-02,2026-03-01,17,3,Среда,0,Первая половина,CUST-0148,R05,Новосибирск,Сибирь,team_e,email,delivery,normal,37.6,30–60 мин,1.4,До 8 ч,0,SLA выполнен,4.3,Средняя,b2c,2024-03-28,bronze,0,1,email,normal,sla_ok
TCK-000544,2026-05-29 09:17:00,2026-05-29,2026-05-25,2026-05-01,9,5,Пятница,0,Вторая половина,CUST-0213,R02,Санкт-Петербург,Северо-Запад,team_b,chat,payment,critical,3.1,До 5 мин,8.1,8–24 ч,1,SLA нарушен,4.5,Высокая,b2c,2024-03-30,silver,0,1,chat,other,sla_breached
TCK-000424,2026-05-25 20:00:00,2026-05-25,2026-05-25,2026-05-01,20,1,Понедельник,0,Вторая половина,CUST-0175,R01,Москва,Центр,team_a,email,delivery,high,39.3,30–60 мин,52.0,48–72 ч,1,SLA нарушен,1.7,Низкая,b2c,2025-11-05,bronze,0,1,email,high,sla_breached
TCK-001120,2026-06-05 17:39:00,2026-06-05,2026-06-01,2026-06-01,17,5,Пятница,0,Вторая половина,CUST-0072,R03,Казань,Поволжье,team_c,web_form,payment,low,44.0,30–60 мин,18.6,8–24 ч,0,SLA выполнен,3.9,Средняя,b2c,2024-11-26,silver,0,1,other,other,sla_ok
TCK-001325,2026-04-17 14:43:00,2026-04-17,2026-04-13,2026-04-01,14,5,Пятница,0,Первая половина,CUST-0309,R04,Екатеринбург,Урал,team_d,email,technical,normal,39.0,30–60 мин,3.0,До 8 ч,0,SLA выполнен,4.5,Высокая,b2c,2025-12-28,silver,0,1,email,normal,sla_ok
TCK-000395,2026-06-03 16:39:00,2026-06-03,2026-06-01,2026-06-01,16,3,Среда,0,Вторая половина,CUST-0212,R02,Санкт-Петербург,Северо-Запад,team_b,email,refund,normal,20.1,15–30 мин,21.9,8–24 ч,0,SLA выполнен,4.4,Средняя,b2c,2024-06-08,silver,0,1,email,normal,sla_ok
TCK-001498,2026-04-14 11:47:00,2026-04-14,2026-04-13,2026-04-01,11,2,Вторник,0,Первая половина,CUST-0282,R03,Казань,Поволжье,team_c,phone,account,normal,16.1,15–30 мин,6.5,До 8 ч,0,SLA выполнен,5.0,Высокая,b2c,2024-11-15,silver,0,1,other,normal,sla_ok
TCK-001035,2026-04-29 13:17:00,2026-04-29,2026-04-27,2026-04-01,13,3,Среда,0,Вторая половина,CUST-0130,R03,Казань,Поволжье,team_c,email,account,normal,56.5,30–60 мин,11.9,8–24 ч,0,SLA выполнен,4.5,Высокая,b2c,2024-01-10,gold,0,1,email,normal,sla_ok
TCK-000673,2026-05-18 14:51:00,2026-05-18,2026-05-18,2026-05-01,14,1,Понедельник,0,Вторая половина,CUST-0294,R05,Новосибирск,Сибирь,team_e,email,technical,critical,12.9,5–15 мин,31.2,24–48 ч,1,SLA нарушен,4.1,Средняя,b2c,2024-12-04,silver,0,1,email,other,sla_breached
TCK-001243,2026-06-06 15:03:00,2026-06-06,2026-06-01,2026-06-01,15,6,Суббота,1,Вторая половина,CUST-0157,R01,Москва,Центр,team_a,email,delivery,low,30.3,30–60 мин,8.8,8–24 ч,0,SLA выполнен,4.8,Высокая,b2c,2024-02-04,silver,0,1,email,other,sla_ok
TCK-001284,2026-03-05 13:46:00,2026-03-05,2026-03-02,2026-03-01,13,4,Четверг,0,Первая половина,CUST-0252,R03,Казань,Поволжье,team_c,phone,technical,normal,8.0,5–15 мин,49.3,48–72 ч,1,SLA нарушен,2.5,Низкая,b2b,2024-05-24,silver,0,1,other,normal,sla_breached
TCK-001161,2026-04-23 17:40:00,2026-04-23,2026-04-20,2026-04-01,17,4,Четверг,0,Вторая половина,CUST-0134,R02,Санкт-Петербург,Северо-Запад,team_b,email,technical,low,69.4,Более 60 мин,29.0,24–48 ч,0,SLA выполнен,3.2,Средняя,b2c,2025-10-14,silver,0,1,email,other,sla_ok
TCK-001404,2026-04-08 09:41:00,2026-04-08,2026-04-06,2026-04-01,9,3,Среда,0,Первая половина,CUST-0031,R01,Москва,Центр,team_a,chat,account,normal,1.7,До 5 мин,18.1,8–24 ч,0,SLA выполнен,5.0,Высокая,b2b,2026-02-26,silver,0,1,chat,normal,sla_ok
TCK-000637,2026-06-03 13:50:00,2026-06-03,2026-06-01,2026-06-01,13,3,Среда,0,Вторая половина,CUST-0314,R05,Новосибирск,Сибирь,team_e,web_form,delivery,low,19.2,15–30 мин,5.6,До 8 ч,0,SLA выполнен,5.0,Высокая,b2c,2025-01-09,bronze,0,1,other,other,sla_ok
TCK-000552,2026-03-06 08:10:00,2026-03-06,2026-03-02,2026-03-01,8,5,Пятница,0,Первая половина,CUST-0287,R01,Москва,Центр,team_a,web_form,login,high,26.9,15–30 мин,5.9,До 8 ч,0,SLA выполнен,4.6,Высокая,b2c,2026-02-07,gold,0,1,other,high,sla_ok
TCK-001182,2026-04-28 16:55:00,2026-04-28,2026-04-27,2026-04-01,16,2,Вторник,0,Вторая половина,CUST-0225,R03,Казань,Поволжье,team_c,chat,delivery,normal,2.2,До 5 мин,9.4,8–24 ч,0,SLA выполнен,5.0,Высокая,b2c,2025-10-04,gold,0,1,chat,normal,sla_ok
TCK-001067,2026-05-04 13:21:00,2026-05-04,2026-05-04,2026-05-01,13,1,Понедельник,0,Вторая половина,CUST-0030,R03,Казань,Поволжье,team_c,email,payment,normal,34.8,30–60 мин,3.7,До 8 ч,0,SLA выполнен,4.9,Высокая,b2b,2025-09-10,silver,0,1,email,normal,sla_ok
TCK-000766,2026-04-02 12:04:00,2026-04-02,2026-03-30,2026-04-01,12,4,Четверг,0,Первая половина,CUST-0122,R01,Москва,Центр,team_a,email,login,normal,41.9,30–60 мин,3.3,До 8 ч,0,SLA выполнен,4.3,Средняя,b2c,2025-05-18,silver,0,1,email,normal,sla_ok
TCK-000255,2026-04-24 20:21:00,2026-04-24,2026-04-20,2026-04-01,20,5,Пятница,0,Вторая половина,CUST-0304,R04,Екатеринбург,Урал,team_d,chat,delivery,normal,5.9,5–15 мин,10.4,8–24 ч,0,SLA выполнен,,,b2c,2024-06-20,silver,0,1,chat,normal,sla_ok
TCK-000323,2026-03-07 20:06:00,2026-03-07,2026-03-02,2026-03-01,20,6,Суббота,1,Первая половина,CUST-0200,R03,Казань,Поволжье,team_c,web_form,refund,high,8.5,5–15 мин,11.2,8–24 ч,0,SLA выполнен,5.0,Высокая,b2c,2025-09-24,gold,0,1,other,high,sla_ok
TCK-001102,2026-03-13 14:28:00,2026-03-13,2026-03-09,2026-03-01,14,5,Пятница,0,Первая половина,CUST-0049,R01,Москва,Центр,team_a,chat,delivery,normal,5.4,5–15 мин,7.6,До 8 ч,0,SLA выполнен,5.0,Высокая,b2b,2025-01-10,platinum,0,1,chat,normal,sla_ok
TCK-000862,2026-04-28 08:26:00,2026-04-28,2026-04-27,2026-04-01,8,2,Вторник,0,Вторая половина,CUST-0277,R01,Москва,Центр,team_a,phone,delivery,normal,10.7,5–15 мин,154.7,Более 72 ч,1,SLA нарушен,5.0,Высокая,b2c,2024-05-04,,0,1,other,normal,sla_breached
TCK-001036,2026-05-26 11:15:00,2026-05-26,2026-05-25,2026-05-01,11,2,Вторник,0,Вторая половина,CUST-0064,R02,Санкт-Петербург,Северо-Запад,team_b,phone,technical,normal,9.5,5–15 мин,10.7,8–24 ч,0,SLA выполнен,5.0,Высокая,b2b,2024-04-04,gold,0,1,other,normal,sla_ok
TCK-000794,2026-03-24 20:17:00,2026-03-24,2026-03-23,2026-03-01,20,2,Вторник,0,Первая половина,CUST-0037,R07,Нижний Новгород,Поволжье,team_c,chat,login,high,4.4,До 5 мин,8.6,8–24 ч,0,SLA выполнен,4.5,Высокая,b2c,2025-07-24,silver,0,1,chat,high,sla_ok
TCK-001008,2026-05-02 14:06:00,2026-05-02,2026-04-27,2026-05-01,14,6,Суббота,1,Вторая половина,CUST-0093,R01,Москва,Центр,team_a,email,refund,normal,10.8,5–15 мин,3.8,До 8 ч,0,SLA выполнен,4.2,Средняя,b2c,2024-03-09,bronze,0,1,email,normal,sla_ok
TCK-001117,2026-06-04 21:01:00,2026-06-04,2026-06-01,2026-06-01,21,4,Четверг,0,Вторая половина,CUST-0234,R05,Новосибирск,Сибирь,team_e,chat,technical,normal,4.1,До 5 мин,28.0,24–48 ч,1,SLA нарушен,3.8,Средняя,b2c,2026-02-13,bronze,0,1,chat,normal,sla_breached
TCK-000719,2026-04-06 20:02:00,2026-04-06,2026-04-06,2026-04-01,20,1,Понедельник,0,Первая половина,CUST-0004,R05,Новосибирск,Сибирь,team_e,chat,technical,normal,4.8,До 5 мин,46.0,24–48 ч,1,SLA нарушен,3.8,Средняя,b2b,2024-06-08,silver,0,1,chat,normal,sla_breached
TCK-000087,2026-03-13 20:32:00,2026-03-13,2026-03-09,2026-03-01,20,5,Пятница,0,Первая половина,CUST-0239,R01,Москва,Центр,team_a,chat,delivery,high,1.3,До 5 мин,13.1,8–24 ч,1,SLA нарушен,4.6,Высокая,b2c,2024-02-25,bronze,0,1,chat,high,sla_breached
TCK-001432,2026-03-17 19:00:00,2026-03-17,2026-03-16,2026-03-01,19,2,Вторник,0,Первая половина,CUST-0219,R01,Москва,Центр,team_a,chat,technical,critical,1.2,До 5 мин,27.4,24–48 ч,1,SLA нарушен,4.2,Средняя,vip,2025-03-09,platinum,1,1,chat,other,sla_breached
TCK-000266,2026-03-22 20:15:00,2026-03-22,2026-03-16,2026-03-01,20,7,Воскресенье,1,Первая половина,CUST-0008,R01,Москва,Центр,team_a,web_form,delivery,low,5.3,5–15 мин,9.2,8–24 ч,0,SLA выполнен,4.2,Средняя,b2b,2025-11-10,platinum,0,1,other,other,sla_ok
TCK-000288,2026-03-15 13:27:00,2026-03-15,2026-03-09,2026-03-01,13,7,Воскресенье,1,Первая половина,CUST-0151,R01,Москва,Центр,team_a,phone,payment,low,18.8,15–30 мин,3.9,До 8 ч,0,SLA выполнен,4.6,Высокая,b2b,2024-02-04,gold,0,1,other,other,sla_ok
TCK-001494,2026-03-25 11:36:00,2026-03-25,2026-03-23,2026-03-01,11,3,Среда,0,Первая половина,CUST-0262,R03,Казань,Поволжье,team_c,web_form,technical,normal,8.4,5–15 мин,26.8,24–48 ч,0,SLA выполнен,4.1,Средняя,b2b,2025-03-28,silver,0,1,other,normal,sla_ok
TCK-000874,2026-04-17 11:31:00,2026-04-17,2026-04-13,2026-04-01,11,5,Пятница,0,Первая половина,CUST-0315,R01,Москва,Центр,team_a,email,payment,normal,22.1,15–30 мин,16.9,8–24 ч,0,SLA выполнен,4.3,Средняя,b2c,2024-04-26,gold,0,1,email,normal,sla_ok
TCK-001138,2026-06-05 12:54:00,2026-06-05,2026-06-01,2026-06-01,12,5,Пятница,0,Вторая половина,CUST-0059,R05,Новосибирск,Сибирь,team_e,chat,account,low,1.9,До 5 мин,152.8,Более 72 ч,1,SLA нарушен,5.0,Высокая,b2c,2024-07-05,gold,0,1,chat,other,sla_breached
TCK-000539,2026-04-16 14:02:00,2026-04-16,2026-04-13,2026-04-01,14,4,Четверг,0,Первая половина,CUST-0099,R08,Краснодар,Юг,team_f,email,login,normal,7.7,5–15 мин,4.7,До 8 ч,0,SLA выполнен,5.0,Высокая,b2c,2024-04-11,silver,0,1,email,normal,sla_ok
TCK-000416,2026-06-03 08:37:00,2026-06-03,2026-06-01,2026-06-01,8,3,Среда,0,Вторая половина,CUST-0189,R01,Москва,Центр,team_a,email,refund,normal,20.7,15–30 мин,12.5,8–24 ч,0,SLA выполнен,5.0,Высокая,b2b,2025-10-09,gold,0,1,email,normal,sla_ok
TCK-001366,2026-05-11 18:50:00,2026-05-11,2026-05-11,2026-05-01,18,1,Понедельник,0,Вторая половина,CUST-0074,R02,Санкт-Петербург,Северо-Запад,team_b,email,account,normal,19.6,15–30 мин,7.2,До 8 ч,0,SLA выполнен,4.5,Высокая,b2c,2025-09-03,bronze,0,1,email,normal,sla_ok
TCK-000222,2026-05-12 12:12:00,2026-05-12,2026-05-11,2026-05-01,12,2,Вторник,0,Вторая половина,CUST-0305,R03,Казань,Поволжье,team_c,web_form,technical,normal,37.2,30–60 мин,19.5,8–24 ч,0,SLA выполнен,4.1,Средняя,b2b,2026-01-19,gold,0,1,other,normal,sla_ok
TCK-000114,2026-05-27 19:00:00,2026-05-27,2026-05-25,2026-05-01,19,3,Среда,0,Вторая половина,CUST-0027,R01,Москва,Центр,team_a,chat,delivery,high,1.3,До 5 мин,18.5,8–24 ч,1,SLA нарушен,3.9,Средняя,b2c,2024-11-17,bronze,0,1,chat,high,sla_breached
TCK-000579,2026-05-27 11:51:00,2026-05-27,2026-05-25,2026-05-01,11,3,Среда,0,Вторая половина,CUST-0065,R02,Санкт-Петербург,Северо-Запад,team_b,phone,account,low,24.5,15–30 мин,1.5,До 8 ч,0,SLA выполнен,5.0,Высокая,b2c,2025-09-12,bronze,0,1,other,other,sla_ok
TCK-000590,2026-04-15 08:31:00,2026-04-15,2026-04-13,2026-04-01,8,3,Среда,0,Первая половина,CUST-0085,R04,Екатеринбург,Урал,team_d,chat,payment,normal,6.3,5–15 мин,6.8,До 8 ч,0,SLA выполнен,5.0,Высокая,b2c,2025-09-20,bronze,0,1,chat,normal,sla_ok
TCK-000175,2026-05-17 09:59:00,2026-05-17,2026-05-11,2026-05-01,9,7,Воскресенье,1,Вторая половина,CUST-0093,R02,Санкт-Петербург,Северо-Запад,team_b,chat,technical,low,1.7,До 5 мин,35.2,24–48 ч,0,SLA выполнен,,,b2c,2024-03-09,bronze,0,1,chat,other,sla_ok
TCK-001357,2026-03-16 20:19:00,2026-03-16,2026-03-16,2026-03-01,20,1,Понедельник,0,Первая половина,CUST-0226,R02,Санкт-Петербург,Северо-Запад,team_b,email,delivery,normal,94.8,Более 60 мин,6.5,До 8 ч,0,SLA выполнен,4.0,Средняя,vip,2025-08-03,platinum,1,1,email,normal,sla_ok
TCK-000362,2026-03-25 17:50:00,2026-03-25,2026-03-23,2026-03-01,17,3,Среда,0,Первая половина,CUST-0189,R02,Санкт-Петербург,Северо-Запад,team_b,email,payment,critical,15.0,15–30 мин,15.3,8–24 ч,1,SLA нарушен,4.2,Средняя,b2b,2025-10-09,gold,0,1,email,other,sla_breached
TCK-001241,2026-04-15 20:41:00,2026-04-15,2026-04-13,2026-04-01,20,3,Среда,0,Первая половина,CUST-0321,R01,Москва,Центр,team_a,web_form,delivery,critical,14.6,5–15 мин,24.3,24–48 ч,1,SLA нарушен,3.1,Средняя,b2b,2025-04-10,gold,0,1,other,other,sla_breached
TCK-001023,2026-03-28 10:02:00,2026-03-28,2026-03-23,2026-03-01,10,6,Суббота,1,Первая половина,CUST-0258,R02,Санкт-Петербург,Северо-Запад,team_b,email,delivery,normal,31.4,30–60 мин,35.8,24–48 ч,1,SLA нарушен,2.6,Низкая,b2c,2025-09-11,bronze,0,1,email,normal,sla_breached
TCK-001139,2026-05-18 10:18:00,2026-05-18,2026-05-18,2026-05-01,10,1,Понедельник,0,Вторая половина,CUST-0259,R05,Новосибирск,Сибирь,team_e,chat,refund,normal,5.8,5–15 мин,16.9,8–24 ч,0,SLA выполнен,4.7,Высокая,b2c,2024-07-20,bronze,0,1,chat,normal,sla_ok
TCK-000286,2026-05-29 18:58:00,2026-05-29,2026-05-25,2026-05-01,18,5,Пятница,0,Вторая половина,CUST-0170,R06,Ростов-на-Дону,Юг,team_f,email,login,normal,5.0,5–15 мин,6.8,До 8 ч,0,SLA выполнен,4.7,Высокая,vip,2024-01-23,gold,1,1,email,normal,sla_ok
TCK-001132,2026-03-10 15:25:00,2026-03-10,2026-03-09,2026-03-01,15,2,Вторник,0,Первая половина,CUST-0288,R04,Екатеринбург,Урал,team_d,chat,technical,high,,,17.9,8–24 ч,1,SLA нарушен,4.0,Средняя,b2c,2024-04-15,,0,1,chat,high,sla_breached
TCK-000381,2026-04-02 16:42:00,2026-04-02,2026-03-30,2026-04-01,16,4,Четверг,0,Первая половина,CUST-0138,R08,Краснодар,Юг,team_f,email,login,high,24.1,15–30 мин,13.8,8–24 ч,1,SLA нарушен,3.0,Средняя,b2c,2024-12-28,bronze,0,1,email,high,sla_breached
TCK-001206,2026-05-20 18:35:00,2026-05-20,2026-05-18,2026-05-01,18,3,Среда,0,Вторая половина,CUST-0311,R01,Москва,Центр,team_a,phone,technical,high,17.7,15–30 мин,8.8,8–24 ч,0,SLA выполнен,5.0,Высокая,b2c,2024-08-23,bronze,0,1,other,high,sla_ok
TCK-000032,2026-06-01 12:09:00,2026-06-01,2026-06-01,2026-06-01,12,1,Понедельник,0,Вторая половина,CUST-0004,R07,Нижний Новгород,Поволжье,team_c,chat,refund,normal,3.7,До 5 мин,29.2,24–48 ч,1,SLA нарушен,4.4,Средняя,b2b,2024-06-08,silver,0,1,chat,normal,sla_breached
TCK-001254,2026-04-10 10:42:00,2026-04-10,2026-04-06,2026-04-01,10,5,Пятница,0,Первая половина,CUST-0137,R08,Краснодар,Юг,team_f,email,refund,low,16.9,15–30 мин,41.7,24–48 ч,0,SLA выполнен,4.6,Высокая,vip,2026-02-03,platinum,1,1,email,other,sla_ok
TCK-000211,2026-03-03 14:08:00,2026-03-03,2026-03-02,2026-03-01,14,2,Вторник,0,Первая половина,CUST-0310,R01,Москва,Центр,team_a,email,account,critical,16.6,15–30 мин,10.5,8–24 ч,1,SLA нарушен,3.7,Средняя,b2c,2024-01-29,bronze,0,1,email,other,sla_breached
TCK-000980,2026-03-30 20:53:00,2026-03-30,2026-03-30,2026-03-01,20,1,Понедельник,0,Первая половина,CUST-0249,R01,Москва,Центр,team_a,web_form,payment,normal,26.1,15–30 мин,8.6,8–24 ч,0,SLA выполнен,4.0,Средняя,b2c,2024-10-20,bronze,0,1,other,normal,sla_ok
TCK-000452,2026-06-03 20:19:00,2026-06-03,2026-06-01,2026-06-01,20,3,Среда,0,Вторая половина,CUST-0301,R02,Санкт-Петербург,Северо-Запад,team_b,chat,technical,high,2.9,До 5 мин,40.8,24–48 ч,1,SLA нарушен,3.9,Средняя,b2b,2024-05-01,silver,0,1,chat,high,sla_breached
TCK-000818,2026-04-02 15:57:00,2026-04-02,2026-03-30,2026-04-01,15,4,Четверг,0,Первая половина,CUST-0221,R01,Москва,Центр,team_a,phone,technical,normal,12.0,5–15 мин,18.1,8–24 ч,0,SLA выполнен,4.4,Средняя,b2c,2024-03-08,bronze,0,1,other,normal,sla_ok
TCK-001043,2026-04-02 18:56:00,2026-04-02,2026-03-30,2026-04-01,18,4,Четверг,0,Первая половина,CUST-0181,R01,Москва,Центр,team_a,chat,payment,normal,5.8,5–15 мин,23.8,8–24 ч,0,SLA выполнен,4.6,Высокая,b2b,2024-08-16,silver,0,1,chat,normal,sla_ok
TCK-000943,2026-05-15 09:17:00,2026-05-15,2026-05-11,2026-05-01,9,5,Пятница,0,Вторая половина,CUST-0259,R08,Краснодар,Юг,team_f,email,payment,normal,15.2,15–30 мин,5.0,До 8 ч,0,SLA выполнен,4.6,Высокая,b2c,2024-07-20,bronze,0,1,email,normal,sla_ok
TCK-000375,2026-04-01 10:57:00,2026-04-01,2026-03-30,2026-04-01,10,3,Среда,0,Первая половина,CUST-0204,R04,Екатеринбург,Урал,team_d,email,login,low,32.7,30–60 мин,3.4,До 8 ч,0,SLA выполнен,4.0,Средняя,b2c,2025-09-01,silver,0,1,email,other,sla_ok
TCK-000463,2026-03-12 16:17:00,2026-03-12,2026-03-09,2026-03-01,16,4,Четверг,0,Первая половина,CUST-0138,R05,Новосибирск,Сибирь,team_e,email,account,normal,45.0,30–60 мин,2.3,До 8 ч,0,SLA выполнен,5.0,Высокая,b2c,2024-12-28,bronze,0,1,email,normal,sla_ok
TCK-000189,2026-06-08 17:21:00,2026-06-08,2026-06-08,2026-06-01,17,1,Понедельник,0,Вторая половина,CUST-0078,R08,Краснодар,Юг,team_f,chat,delivery,normal,7.6,5–15 мин,20.5,8–24 ч,0,SLA выполнен,4.6,Высокая,b2c,2024-09-20,bronze,0,1,chat,normal,sla_ok
TCK-001066,2026-03-08 19:26:00,2026-03-08,2026-03-02,2026-03-01,19,7,Воскресенье,1,Первая половина,CUST-0132,R05,Новосибирск,Сибирь,team_e,phone,technical,normal,46.1,30–60 мин,10.7,8–24 ч,0,SLA выполнен,4.9,Высокая,vip,2024-12-24,platinum,1,1,other,normal,sla_ok
TCK-000947,2026-03-22 12:29:00,2026-03-22,2026-03-16,2026-03-01,12,7,Воскресенье,1,Первая половина,CUST-0008,R04,Екатеринбург,Урал,team_d,chat,technical,high,2.7,До 5 мин,33.6,24–48 ч,1,SLA нарушен,,,b2b,2025-11-10,platinum,0,1,chat,high,sla_breached
TCK-000808,2026-03-13 08:18:00,2026-03-13,2026-03-09,2026-03-01,8,5,Пятница,0,Первая половина,CUST-0249,R03,Казань,Поволжье,team_c,chat,payment,high,1.9,До 5 мин,11.1,8–24 ч,0,SLA выполнен,5.0,Высокая,b2c,2024-10-20,bronze,0,1,chat,high,sla_ok
TCK-000090,2026-04-30 16:37:00,2026-04-30,2026-04-27,2026-04-01,16,4,Четверг,0,Вторая половина,CUST-0140,R01,Москва,Центр,team_a,web_form,login,normal,36.1,30–60 мин,6.7,До 8 ч,0,SLA выполнен,4.9,Высокая,b2c,2024-12-15,bronze,0,1,other,normal,sla_ok
TCK-000382,2026-04-28 12:34:00,2026-04-28,2026-04-27,2026-04-01,12,2,Вторник,0,Вторая половина,CUST-0120,R01,Москва,Центр,team_a,chat,payment,low,6.4,5–15 мин,2.2,До 8 ч,0,SLA выполнен,5.0,Высокая,b2c,2025-11-02,bronze,0,1,chat,other,sla_ok
TCK-001090,2026-04-12 12:54:00,2026-04-12,2026-04-06,2026-04-01,12,7,Воскресенье,1,Первая половина,CUST-0200,R01,Москва,Центр,team_a,web_form,technical,normal,75.1,Более 60 мин,24.0,24–48 ч,0,SLA выполнен,2.9,Низкая,b2c,2025-09-24,gold,0,1,other,normal,sla_ok
TCK-000084,2026-03-18 08:41:00,2026-03-18,2026-03-16,2026-03-01,8,3,Среда,0,Первая половина,CUST-0179,R01,Москва,Центр,team_a,email,refund,normal,52.7,30–60 мин,26.2,24–48 ч,1,SLA нарушен,2.6,Низкая,b2b,2024-01-12,gold,0,1,email,normal,sla_breached
TCK-000680,2026-05-19 14:06:00,2026-05-19,2026-05-18,2026-05-01,14,2,Вторник,0,Вторая половина,CUST-0151,R02,Санкт-Петербург,Северо-Запад,team_b,chat,account,normal,6.2,5–15 мин,9.9,8–24 ч,0,SLA выполнен,5.0,Высокая,b2b,2024-02-04,gold,0,1,chat,normal,sla_ok
TCK-000049,2026-06-03 15:38:00,2026-06-03,2026-06-01,2026-06-01,15,3,Среда,0,Вторая половина,CUST-0039,R03,Казань,Поволжье,team_c,phone,technical,normal,4.6,До 5 мин,15.1,8–24 ч,0,SLA выполнен,5.0,Высокая,b2c,2024-02-09,silver,0,1,other,normal,sla_ok
TCK-001358,2026-05-01 14:24:00,2026-05-01,2026-04-27,2026-05-01,14,5,Пятница,0,Вторая половина,CUST-0025,R02,Санкт-Петербург,Северо-Запад,team_b,phone,login,high,6.7,5–15 мин,3.6,До 8 ч,0,SLA выполнен,5.0,Высокая,b2b,2024-05-13,gold,0,1,other,high,sla_ok
TCK-000156,2026-05-22 20:07:00,2026-05-22,2026-05-18,2026-05-01,20,5,Пятница,0,Вторая половина,CUST-0047,R08,Краснодар,Юг,team_f,web_form,technical,low,2.7,До 5 мин,5.2,До 8 ч,0,SLA выполнен,4.3,Средняя,b2c,2024-01-07,silver,0,1,other,other,sla_ok
TCK-000406,2026-03-18 10:01:00,2026-03-18,2026-03-16,2026-03-01,10,3,Среда,0,Первая половина,CUST-0269,R07,Нижний Новгород,Поволжье,team_c,phone,payment,high,14.7,5–15 мин,4.0,До 8 ч,0,SLA выполнен,4.1,Средняя,b2c,2024-11-26,bronze,0,1,other,high,sla_ok
TCK-001150,2026-03-30 13:40:00,2026-03-30,2026-03-30,2026-03-01,13,1,Понедельник,0,Первая половина,CUST-0287,R02,Санкт-Петербург,Северо-Запад,team_b,chat,technical,critical,6.6,5–15 мин,24.8,24–48 ч,1,SLA нарушен,3.7,Средняя,b2c,2026-02-07,gold,0,1,chat,other,sla_breached
TCK-001262,2026-04-10 09:53:00,2026-04-10,2026-04-06,2026-04-01,9,5,Пятница,0,Первая половина,CUST-0214,R06,Ростов-на-Дону,Юг,team_f,email,delivery,high,43.7,30–60 мин,24.7,24–48 ч,1,SLA нарушен,2.4,Низкая,b2b,2024-04-08,silver,0,1,email,high,sla_breached
TCK-001173,2026-04-24 17:34:00,2026-04-24,2026-04-20,2026-04-01,17,5,Пятница,0,Вторая половина,CUST-0247,R07,Нижний Новгород,Поволжье,team_c,phone,refund,normal,8.8,5–15 мин,24.0,24–48 ч,0,SLA выполнен,3.8,Средняя,b2c,2024-11-21,bronze,0,1,other,normal,sla_ok
TCK-001212,2026-03-06 17:21:00,2026-03-06,2026-03-02,2026-03-01,17,5,Пятница,0,Первая половина,CUST-0100,R05,Новосибирск,Сибирь,team_e,web_form,technical,normal,12.1,5–15 мин,11.6,8–24 ч,0,SLA выполнен,4.8,Высокая,vip,2025-07-30,gold,1,1,other,normal,sla_ok
TCK-001194,2026-04-14 15:03:00,2026-04-14,2026-04-13,2026-04-01,15,2,Вторник,0,Первая половина,CUST-0289,R03,Казань,Поволжье,team_c,chat,login,high,1.7,До 5 мин,5.1,До 8 ч,0,SLA выполнен,5.0,Высокая,b2c,2026-01-18,silver,0,1,chat,high,sla_ok
TCK-001491,2026-04-01 16:56:00,2026-04-01,2026-03-30,2026-04-01,16,3,Среда,0,Первая половина,CUST-0011,R06,Ростов-на-Дону,Юг,team_f,chat,account,high,1.3,До 5 мин,9.1,8–24 ч,0,SLA выполнен,5.0,Высокая,b2c,2026-01-22,silver,0,1,chat,high,sla_ok
TCK-000716,2026-04-02 13:45:00,2026-04-02,2026-03-30,2026-04-01,13,4,Четверг,0,Первая половина,CUST-0189,R02,Санкт-Петербург,Северо-Запад,team_b,chat,account,low,2.8,До 5 мин,3.9,До 8 ч,0,SLA выполнен,5.0,Высокая,b2b,2025-10-09,gold,0,1,chat,other,sla_ok
TCK-000180,2026-06-04 19:33:00,2026-06-04,2026-06-01,2026-06-01,19,4,Четверг,0,Вторая половина,CUST-0216,R07,Нижний Новгород,Поволжье,team_c,chat,delivery,high,5.3,5–15 мин,24.5,24–48 ч,1,SLA нарушен,,,b2b,2025-02-02,platinum,0,1,chat,high,sla_breached
TCK-000536,2026-04-10 19:31:00,2026-04-10,2026-04-06,2026-04-01,19,5,Пятница,0,Первая половина,CUST-0252,R05,Новосибирск,Сибирь,team_e,email,payment,high,37.0,30–60 мин,8.3,8–24 ч,0,SLA выполнен,3.7,Средняя,b2b,2024-05-24,silver,0,1,email,high,sla_ok
TCK-001256,2026-04-22 17:11:00,2026-04-22,2026-04-20,2026-04-01,17,3,Среда,0,Вторая половина,CUST-0324,R05,Новосибирск,Сибирь,team_e,chat,account,low,12.2,5–15 мин,5.4,До 8 ч,0,SLA выполнен,4.9,Высокая,b2c,2025-05-26,silver,0,1,chat,other,sla_ok
TCK-001109,2026-04-17 21:12:00,2026-04-17,2026-04-13,2026-04-01,21,5,Пятница,0,Первая половина,CUST-0198,R02,Санкт-Петербург,Северо-Запад,team_b,email,technical,normal,24.0,15–30 мин,8.2,8–24 ч,0,SLA выполнен,5.0,Высокая,b2b,2024-02-15,silver,0,1,email,normal,sla_ok
TCK-001113,2026-03-25 09:32:00,2026-03-25,2026-03-23,2026-03-01,9,3,Среда,0,Первая половина,CUST-0012,R01,Москва,Центр,team_a,email,technical,high,29.0,15–30 мин,13.1,8–24 ч,1,SLA нарушен,3.5,Средняя,vip,2025-04-30,gold,1,1,email,high,sla_breached
TCK-000825,2026-04-16 18:48:00,2026-04-16,2026-04-13,2026-04-01,18,4,Четверг,0,Первая половина,CUST-0133,R02,Санкт-Петербург,Северо-Запад,team_b,email,login,low,34.3,30–60 мин,3.8,До 8 ч,0,SLA выполнен,5.0,Высокая,b2c,2025-07-24,bronze,0,1,email,other,sla_ok
TCK-000364,2026-05-11 12:03:00,2026-05-11,2026-05-11,2026-05-01,12,1,Понедельник,0,Вторая половина,CUST-0004,R03,Казань,Поволжье,team_c,web_form,refund,high,25.2,15–30 мин,76.9,Более 72 ч,1,SLA нарушен,1.3,Низкая,b2b,2024-06-08,silver,0,1,other,high,sla_breached
TCK-001186,2026-04-13 11:22:00,2026-04-13,2026-04-13,2026-04-01,11,1,Понедельник,0,Первая половина,CUST-0084,R01,Москва,Центр,team_a,email,payment,normal,72.9,Более 60 мин,27.9,24–48 ч,1,SLA нарушен,3.5,Средняя,b2c,2024-08-01,silver,0,1,email,normal,sla_breached
TCK-001341,2026-04-11 18:45:00,2026-04-11,2026-04-06,2026-04-01,18,6,Суббота,1,Первая половина,CUST-0010,R04,Екатеринбург,Урал,team_d,chat,technical,low,6.6,5–15 мин,20.1,8–24 ч,0,SLA выполнен,4.4,Средняя,b2c,2024-04-14,silver,0,1,chat,other,sla_ok
TCK-000347,2026-05-19 21:06:00,2026-05-19,2026-05-18,2026-05-01,21,2,Вторник,0,Вторая половина,CUST-0188,R03,Казань,Поволжье,team_c,phone,technical,normal,15.2,15–30 мин,18.2,8–24 ч,0,SLA выполнен,4.1,Средняя,b2c,2024-02-10,bronze,0,1,other,normal,sla_ok
TCK-001448,2026-03-24 10:47:00,2026-03-24,2026-03-23,2026-03-01,10,2,Вторник,0,Первая половина,CUST-0068,R01,Москва,Центр,team_a,chat,delivery,normal,1.7,До 5 мин,30.8,24–48 ч,1,SLA нарушен,4.4,Средняя,b2c,2024-03-10,silver,0,1,chat,normal,sla_breached
TCK-000523,2026-04-28 12:30:00,2026-04-28,2026-04-27,2026-04-01,12,2,Вторник,0,Вторая половина,CUST-0026,R03,Казань,Поволжье,team_c,web_form,account,normal,67.0,Более 60 мин,4.9,До 8 ч,0,SLA выполнен,4.2,Средняя,b2c,2025-09-24,silver,0,1,other,normal,sla_ok
TCK-000666,2026-05-11 13:26:00,2026-05-11,2026-05-11,2026-05-01,13,1,Понедельник,0,Вторая половина,CUST-0140,R01,Москва,Центр,team_a,phone,refund,low,4.0,До 5 мин,47.2,24–48 ч,0,SLA выполнен,3.7,Средняя,b2c,2024-12-15,bronze,0,1,other,other,sla_ok
TCK-000950,2026-03-20 19:30:00,2026-03-20,2026-03-16,2026-03-01,19,5,Пятница,0,Первая половина,CUST-0087,R01,Москва,Центр,team_a,email,login,normal,17.3,15–30 мин,10.4,8–24 ч,1,SLA нарушен,3.5,Средняя,b2b,2025-02-24,gold,0,1,email,normal,sla_breached
TCK-001027,2026-05-04 11:52:00,2026-05-04,2026-05-04,2026-05-01,11,1,Понедельник,0,Вторая половина,CUST-0268,R02,Санкт-Петербург,Северо-Запад,team_b,email,delivery,normal,49.3,30–60 мин,10.7,8–24 ч,0,SLA выполнен,3.5,Средняя,b2c,2024-08-26,bronze,0,1,email,normal,sla_ok
TCK-001151,2026-05-07 20:52:00,2026-05-07,2026-05-04,2026-05-01,20,4,Четверг,0,Вторая половина,CUST-0147,R06,Ростов-на-Дону,Юг,team_f,chat,refund,high,12.8,5–15 мин,12.4,8–24 ч,1,SLA нарушен,4.3,Средняя,b2c,2025-03-06,silver,0,1,chat,high,sla_breached
TCK-001232,2026-06-03 17:02:00,2026-06-03,2026-06-01,2026-06-01,17,3,Среда,0,Вторая половина,CUST-0145,R07,Нижний Новгород,Поволжье,team_c,email,technical,low,33.6,30–60 мин,8.7,8–24 ч,0,SLA выполнен,4.7,Высокая,b2c,2025-08-06,silver,0,1,email,other,sla_ok
TCK-000244,2026-04-24 21:50:00,2026-04-24,2026-04-20,2026-04-01,21,5,Пятница,0,Вторая половина,CUST-0166,R01,Москва,Центр,team_a,email,technical,critical,9.9,5–15 мин,18.6,8–24 ч,1,SLA нарушен,3.2,Средняя,b2c,2024-03-12,bronze,0,1,email,other,sla_breached
TCK-000813,2026-04-04 16:29:00,2026-04-04,2026-03-30,2026-04-01,16,6,Суббота,1,Первая половина,CUST-0212,R05,Новосибирск,Сибирь,team_e,web_form,technical,low,20.5,15–30 мин,6.6,До 8 ч,0,SLA выполнен,5.0,Высокая,b2c,2024-06-08,silver,0,1,other,other,sla_ok
TCK-000545,2026-05-08 10:21:00,2026-05-08,2026-05-04,2026-05-01,10,5,Пятница,0,Вторая половина,CUST-0139,R08,Краснодар,Юг,team_f,web_form,technical,normal,68.1,Более 60 мин,22.9,8–24 ч,0,SLA выполнен,4.6,Высокая,b2b,2024-09-06,silver,0,1,other,normal,sla_ok
TCK-000773,2026-06-05 15:58:00,2026-06-05,2026-06-01,2026-06-01,15,5,Пятница,0,Вторая половина,CUST-0014,R05,Новосибирск,Сибирь,team_e,web_form,delivery,high,14.8,5–15 мин,62.4,48–72 ч,1,SLA нарушен,2.6,Низкая,b2b,2024-03-16,gold,0,1,other,high,sla_breached
TCK-000901,2026-05-28 12:09:00,2026-05-28,2026-05-25,2026-05-01,12,4,Четверг,0,Вторая половина,CUST-0084,R04,Екатеринбург,Урал,team_d,web_form,delivery,high,10.0,5–15 мин,8.4,8–24 ч,0,SLA выполнен,4.3,Средняя,b2c,2024-08-01,silver,0,1,other,high,sla_ok
TCK-001050,2026-05-19 10:36:00,2026-05-19,2026-05-18,2026-05-01,10,2,Вторник,0,Вторая половина,CUST-0319,R07,Нижний Новгород,Поволжье,team_c,email,technical,normal,12.8,5–15 мин,10.5,8–24 ч,0,SLA выполнен,4.3,Средняя,b2c,2024-10-04,silver,0,1,email,normal,sla_ok
TCK-001431,2026-05-01 20:24:00,2026-05-01,2026-04-27,2026-05-01,20,5,Пятница,0,Вторая половина,CUST-0328,R07,Нижний Новгород,Поволжье,team_c,email,payment,normal,37.1,30–60 мин,16.5,8–24 ч,0,SLA выполнен,4.2,Средняя,b2c,2024-09-06,bronze,0,1,email,normal,sla_ok
TCK-000553,2026-05-14 12:40:00,2026-05-14,2026-05-11,2026-05-01,12,4,Четверг,0,Вторая половина,CUST-0054,R04,Екатеринбург,Урал,team_d,chat,payment,normal,8.6,5–15 мин,5.9,До 8 ч,0,SLA выполнен,5.0,Высокая,b2c,2025-08-26,silver,0,1,chat,normal,sla_ok
TCK-000309,2026-05-26 19:17:00,2026-05-26,2026-05-25,2026-05-01,19,2,Вторник,0,Вторая половина,CUST-0021,R04,Екатеринбург,Урал,team_d,chat,technical,high,9.8,5–15 мин,17.9,8–24 ч,1,SLA нарушен,4.3,Средняя,b2b,2025-07-25,silver,0,1,chat,high,sla_breached
TCK-001407,2026-04-06 16:57:00,2026-04-06,2026-04-06,2026-04-01,16,1,Понедельник,0,Первая половина,CUST-0298,R02,Санкт-Петербург,Северо-Запад,team_b,chat,account,low,2.9,До 5 мин,12.4,8–24 ч,0,SLA выполнен,5.0,Высокая,b2b,2025-05-16,silver,0,1,chat,other,sla_ok
TCK-000399,2026-03-25 17:16:00,2026-03-25,2026-03-23,2026-03-01,17,3,Среда,0,Первая половина,CUST-0065,R08,Краснодар,Юг,team_f,phone,technical,normal,8.2,5–15 мин,57.7,48–72 ч,1,SLA нарушен,2.7,Низкая,b2c,2025-09-12,bronze,0,1,other,normal,sla_breached
TCK-000371,2026-03-04 15:57:00,2026-03-04,2026-03-02,2026-03-01,15,3,Среда,0,Первая половина,CUST-0182,R04,Екатеринбург,Урал,team_d,phone,account,normal,16.8,15–30 мин,1.8,До 8 ч,0,SLA выполнен,4.9,Высокая,b2b,2025-06-02,platinum,0,1,other,normal,sla_ok
TCK-000055,2026-03-21 19:18:00,2026-03-21,2026-03-16,2026-03-01,19,6,Суббота,1,Первая половина,CUST-0057,R02,Санкт-Петербург,Северо-Запад,team_b,web_form,delivery,normal,31.9,30–60 мин,18.1,8–24 ч,0,SLA выполнен,4.7,Высокая,b2c,2025-02-12,bronze,0,1,other,normal,sla_ok
TCK-000975,2026-04-17 12:45:00,2026-04-17,2026-04-13,2026-04-01,12,5,Пятница,0,Первая половина,CUST-0127,R05,Новосибирск,Сибирь,team_e,email,delivery,critical,45.1,30–60 мин,21.3,8–24 ч,1,SLA нарушен,3.5,Средняя,b2c,2024-01-26,bronze,0,1,email,other,sla_breached
TCK-000576,2026-05-15 20:31:00,2026-05-15,2026-05-11,2026-05-01,20,5,Пятница,0,Вторая половина,CUST-0060,R02,Санкт-Петербург,Северо-Запад,team_b,chat,login,normal,6.6,5–15 мин,2.3,До 8 ч,0,SLA выполнен,5.0,Высокая,b2c,2025-04-18,bronze,0,1,chat,normal,sla_ok
TCK-000313,2026-05-19 16:19:00,2026-05-19,2026-05-18,2026-05-01,16,2,Вторник,0,Вторая половина,CUST-0234,R04,Екатеринбург,Урал,team_d,chat,account,normal,13.9,5–15 мин,9.7,8–24 ч,0,SLA выполнен,5.0,Высокая,b2c,2026-02-13,bronze,0,1,chat,normal,sla_ok
TCK-000932,2026-03-10 18:14:00,2026-03-10,2026-03-09,2026-03-01,18,2,Вторник,0,Первая половина,CUST-0099,R99,Неизвестный регион,Неизвестно,,chat,technical,low,4.6,До 5 мин,3.3,До 8 ч,0,SLA выполнен,5.0,Высокая,b2c,2024-04-11,silver,0,1,chat,other,sla_ok
TCK-000110,2026-04-17 12:04:00,2026-04-17,2026-04-13,2026-04-01,12,5,Пятница,0,Первая половина,CUST-0187,R02,Санкт-Петербург,Северо-Запад,team_b,email,technical,normal,23.8,15–30 мин,74.4,Более 72 ч,1,SLA нарушен,2.6,Низкая,b2c,2024-05-03,bronze,0,1,email,normal,sla_breached
TCK-000986,2026-05-07 08:08:00,2026-05-07,2026-05-04,2026-05-01,8,4,Четверг,0,Вторая половина,CUST-0016,R01,Москва,Центр,team_a,email,account,normal,105.4,Более 60 мин,4.8,До 8 ч,0,SLA выполнен,2.8,Низкая,b2c,2025-07-27,bronze,0,1,email,normal,sla_ok
TCK-000101,2026-05-20 08:02:00,2026-05-20,2026-05-18,2026-05-01,8,3,Среда,0,Вторая половина,CUST-0104,R06,Ростов-на-Дону,Юг,team_f,email,technical,normal,31.8,30–60 мин,17.3,8–24 ч,0,SLA выполнен,4.3,Средняя,vip,2026-01-09,platinum,1,1,email,normal,sla_ok
TCK-001272,2026-05-15 21:35:00,2026-05-15,2026-05-11,2026-05-01,21,5,Пятница,0,Вторая половина,CUST-0254,R05,Новосибирск,Сибирь,team_e,email,login,low,23.2,15–30 мин,1.9,До 8 ч,0,SLA выполнен,4.7,Высокая,b2c,2026-02-13,silver,0,1,email,other,sla_ok
TCK-000678,2026-03-25 11:16:00,2026-03-25,2026-03-23,2026-03-01,11,3,Среда,0,Первая половина,CUST-0201,R01,Москва,Центр,team_a,email,technical,normal,39.1,30–60 мин,24.5,24–48 ч,1,SLA нарушен,2.8,Низкая,b2b,2026-02-03,gold,0,1,email,normal,sla_breached
TCK-001386,2026-04-07 13:29:00,2026-04-07,2026-04-06,2026-04-01,13,2,Вторник,0,Первая половина,CUST-0071,R02,Санкт-Петербург,Северо-Запад,team_b,chat,delivery,high,4.2,До 5 мин,5.3,До 8 ч,0,SLA выполнен,4.5,Высокая,b2c,2025-07-29,silver,0,1,chat,high,sla_ok
TCK-000267,2026-03-02 19:21:00,2026-03-02,2026-03-02,2026-03-01,19,1,Понедельник,0,Первая половина,CUST-0129,R06,Ростов-на-Дону,Юг,team_f,chat,account,normal,1.6,До 5 мин,4.0,До 8 ч,0,SLA выполнен,5.0,Высокая,b2c,2025-03-06,bronze,0,1,chat,normal,sla_ok
TCK-001470,2026-04-24 10:08:00,2026-04-24,2026-04-20,2026-04-01,10,5,Пятница,0,Вторая половина,CUST-0236,R01,Москва,Центр,team_a,chat,delivery,normal,5.8,5–15 мин,26.8,24–48 ч,1,SLA нарушен,4.6,Высокая,b2b,2025-04-28,silver,0,1,chat,normal,sla_breached
TCK-000297,2026-06-08 11:06:00,2026-06-08,2026-06-08,2026-06-01,11,1,Понедельник,0,Вторая половина,CUST-0058,R03,Казань,Поволжье,team_c,phone,delivery,normal,16.7,15–30 мин,28.9,24–48 ч,1,SLA нарушен,3.4,Средняя,b2c,2025-01-23,bronze,0,1,other,normal,sla_breached
TCK-000535,2026-03-24 13:01:00,2026-03-24,2026-03-23,2026-03-01,13,2,Вторник,0,Первая половина,CUST-0177,R04,Екатеринбург,Урал,team_d,chat,login,high,4.2,До 5 мин,12.4,8–24 ч,1,SLA нарушен,4.9,Высокая,b2c,2025-09-30,silver,0,1,chat,high,sla_breached
TCK-001228,2026-04-02 15:35:00,2026-04-02,2026-03-30,2026-04-01,15,4,Четверг,0,Первая половина,CUST-0299,R03,Казань,Поволжье,team_c,chat,delivery,normal,5.7,5–15 мин,7.6,До 8 ч,0,SLA выполнен,5.0,Высокая,b2b,2026-02-06,silver,0,1,chat,normal,sla_ok
TCK-000707,2026-05-25 11:19:00,2026-05-25,2026-05-25,2026-05-01,11,1,Понедельник,0,Вторая половина,CUST-0258,R01,Москва,Центр,team_a,chat,delivery,critical,2.6,До 5 мин,16.4,8–24 ч,1,SLA нарушен,4.7,Высокая,b2c,2025-09-11,bronze,0,1,chat,other,sla_breached
TCK-001381,2026-06-02 15:49:00,2026-06-02,2026-06-01,2026-06-01,15,2,Вторник,0,Вторая половина,CUST-0161,R02,Санкт-Петербург,Северо-Запад,team_b,email,account,normal,53.7,30–60 мин,14.5,8–24 ч,0,SLA выполнен,4.2,Средняя,b2c,2024-01-19,bronze,0,1,email,normal,sla_ok
TCK-000378,2026-05-25 19:10:00,2026-05-25,2026-05-25,2026-05-01,19,1,Понедельник,0,Вторая половина,CUST-0243,R01,Москва,Центр,team_a,email,payment,high,31.7,30–60 мин,1.4,До 8 ч,0,SLA выполнен,5.0,Высокая,b2c,2024-06-22,bronze,0,1,email,high,sla_ok
TCK-000287,2026-05-11 10:40:00,2026-05-11,2026-05-11,2026-05-01,10,1,Понедельник,0,Вторая половина,CUST-0262,R07,Нижний Новгород,Поволжье,team_c,web_form,delivery,normal,34.1,30–60 мин,16.4,8–24 ч,0,SLA выполнен,4.4,Средняя,b2b,2025-03-28,silver,0,1,other,normal,sla_ok
TCK-001449,2026-04-09 10:37:00,2026-04-09,2026-04-06,2026-04-01,10,4,Четверг,0,Первая половина,CUST-0329,R02,Санкт-Петербург,Северо-Запад,team_b,web_form,account,normal,30.5,30–60 мин,27.4,24–48 ч,1,SLA нарушен,3.6,Средняя,b2c,2024-07-13,silver,0,1,other,normal,sla_breached
TCK-001038,2026-04-20 12:00:00,2026-04-20,2026-04-20,2026-04-01,12,1,Понедельник,0,Вторая половина,CUST-0085,R01,Москва,Центр,team_a,chat,login,low,5.6,5–15 мин,1.7,До 8 ч,0,SLA выполнен,4.6,Высокая,b2c,2025-09-20,bronze,0,1,chat,other,sla_ok
TCK-000127,2026-04-29 11:44:00,2026-04-29,2026-04-27,2026-04-01,11,3,Среда,0,Вторая половина,CUST-0181,R08,Краснодар,Юг,team_f,chat,technical,normal,3.0,До 5 мин,23.9,8–24 ч,0,SLA выполнен,5.0,Высокая,b2b,2024-08-16,silver,0,1,chat,normal,sla_ok
TCK-000328,2026-05-10 16:16:00,2026-05-10,2026-05-04,2026-05-01,16,7,Воскресенье,1,Вторая половина,CUST-0048,R02,Санкт-Петербург,Северо-Запад,team_b,chat,login,normal,7.0,5–15 мин,2.2,До 8 ч,0,SLA выполнен,5.0,Высокая,b2c,2025-03-28,silver,0,1,chat,normal,sla_ok
TCK-000293,2026-04-26 21:29:00,2026-04-26,2026-04-20,2026-04-01,21,7,Воскресенье,1,Вторая половина,CUST-0268,R08,Краснодар,Юг,team_f,email,technical,normal,16.3,15–30 мин,22.4,8–24 ч,0,SLA выполнен,2.7,Низкая,b2c,2024-08-26,bronze,0,1,email,normal,sla_ok
TCK-000555,2026-06-01 20:19:00,2026-06-01,2026-06-01,2026-06-01,20,1,Понедельник,0,Вторая половина,CUST-0051,R04,Екатеринбург,Урал,team_d,phone,technical,low,5.6,5–15 мин,54.6,48–72 ч,1,SLA нарушен,3.0,Средняя,b2c,2025-06-20,,0,1,other,other,sla_breached
TCK-000865,2026-06-05 21:45:00,2026-06-05,2026-06-01,2026-06-01,21,5,Пятница,0,Вторая половина,CUST-0140,R04,Екатеринбург,Урал,team_d,email,delivery,low,17.4,15–30 мин,10.6,8–24 ч,0,SLA выполнен,3.9,Средняя,b2c,2024-12-15,bronze,0,1,email,other,sla_ok
TCK-000742,2026-03-28 15:09:00,2026-03-28,2026-03-23,2026-03-01,15,6,Суббота,1,Первая половина,CUST-0113,R01,Москва,Центр,team_a,chat,account,critical,2.0,До 5 мин,3.6,До 8 ч,0,SLA выполнен,5.0,Высокая,b2c,2024-01-04,bronze,0,1,chat,other,sla_ok
TCK-000356,2026-05-11 17:09:00,2026-05-11,2026-05-11,2026-05-01,17,1,Понедельник,0,Вторая половина,CUST-0094,R01,Москва,Центр,team_a,email,refund,normal,45.3,30–60 мин,36.7,24–48 ч,1,SLA нарушен,3.0,Средняя,b2c,2026-01-09,bronze,0,1,email,normal,sla_breached
TCK-000171,2026-05-08 08:04:00,2026-05-08,2026-05-04,2026-05-01,8,5,Пятница,0,Вторая половина,CUST-0111,R06,Ростов-на-Дону,Юг,team_f,email,technical,high,20.2,15–30 мин,63.3,48–72 ч,1,SLA нарушен,2.2,Низкая,b2c,2025-05-30,silver,0,1,email,high,sla_breached
TCK-001068,2026-03-03 17:21:00,2026-03-03,2026-03-02,2026-03-01,17,2,Вторник,0,Первая половина,CUST-0278,R07,Нижний Новгород,Поволжье,team_c,chat,payment,normal,1.5,До 5 мин,10.0,8–24 ч,0,SLA выполнен,5.0,Высокая,b2c,2024-04-27,,0,1,chat,normal,sla_ok
TCK-000924,2026-06-06 09:39:00,2026-06-06,2026-06-01,2026-06-01,9,6,Суббота,1,Вторая половина,CUST-0125,R08,Краснодар,Юг,team_f,web_form,login,low,8.6,5–15 мин,8.9,8–24 ч,0,SLA выполнен,5.0,Высокая,b2c,2025-01-12,bronze,0,1,other,other,sla_ok
TCK-000922,2026-05-04 19:08:00,2026-05-04,2026-05-04,2026-05-01,19,1,Понедельник,0,Вторая половина,CUST-0191,R01,Москва,Центр,team_a,email,refund,high,9.3,5–15 мин,86.2,Более 72 ч,1,SLA нарушен,,,vip,2026-02-13,gold,1,1,email,high,sla_breached
TCK-000210,2026-05-11 13:08:00,2026-05-11,2026-05-11,2026-05-01,13,1,Понедельник,0,Вторая половина,CUST-0135,R01,Москва,Центр,team_a,web_form,account,normal,53.3,30–60 мин,9.6,8–24 ч,0,SLA выполнен,3.8,Средняя,b2c,2024-12-06,silver,0,1,other,normal,sla_ok
TCK-001296,2026-03-04 19:12:00,2026-03-04,2026-03-02,2026-03-01,19,3,Среда,0,Первая половина,CUST-0283,R01,Москва,Центр,team_a,web_form,technical,normal,16.6,15–30 мин,20.7,8–24 ч,0,SLA выполнен,5.0,Высокая,b2c,2025-12-22,bronze,0,1,other,normal,sla_ok
TCK-000533,2026-03-27 21:23:00,2026-03-27,2026-03-23,2026-03-01,21,5,Пятница,0,Первая половина,CUST-0136,R01,Москва,Центр,team_a,email,technical,low,53.2,30–60 мин,40.2,24–48 ч,0,SLA выполнен,3.1,Средняя,b2c,2024-08-21,gold,0,1,email,other,sla_ok
TCK-000141,2026-04-08 20:07:00,2026-04-08,2026-04-06,2026-04-01,20,3,Среда,0,Первая половина,CUST-0276,R01,Москва,Центр,team_a,chat,technical,normal,10.3,5–15 мин,16.6,8–24 ч,0,SLA выполнен,5.0,Высокая,b2c,2026-01-13,bronze,0,1,chat,normal,sla_ok
TCK-001089,2026-04-23 13:40:00,2026-04-23,2026-04-20,2026-04-01,13,4,Четверг,0,Вторая половина,CUST-0228,R07,Нижний Новгород,Поволжье,team_c,chat,technical,high,3.0,До 5 мин,18.7,8–24 ч,1,SLA нарушен,4.2,Средняя,b2c,2024-06-01,bronze,0,1,chat,high,sla_breached
TCK-001001,2026-03-27 19:43:00,2026-03-27,2026-03-23,2026-03-01,19,5,Пятница,0,Первая половина,CUST-0188,R05,Новосибирск,Сибирь,team_e,chat,technical,normal,1.5,До 5 мин,7.0,До 8 ч,0,SLA выполнен,5.0,Высокая,b2c,2024-02-10,bronze,0,1,chat,normal,sla_ok
TCK-000883,2026-04-09 18:30:00,2026-04-09,2026-04-06,2026-04-01,18,4,Четверг,0,Первая половина,CUST-0224,R02,Санкт-Петербург,Северо-Запад,team_b,email,account,normal,19.9,15–30 мин,11.3,8–24 ч,0,SLA выполнен,4.4,Средняя,vip,2024-05-02,platinum,1,1,email,normal,sla_ok
TCK-001198,2026-04-28 20:59:00,2026-04-28,2026-04-27,2026-04-01,20,2,Вторник,0,Вторая половина,CUST-0005,R07,Нижний Новгород,Поволжье,team_c,web_form,refund,normal,27.6,15–30 мин,20.9,8–24 ч,0,SLA выполнен,4.0,Средняя,b2c,2025-04-16,bronze,0,1,other,normal,sla_ok
TCK-000695,2026-03-19 19:33:00,2026-03-19,2026-03-16,2026-03-01,19,4,Четверг,0,Первая половина,CUST-0045,R05,Новосибирск,Сибирь,team_e,chat,refund,normal,16.1,15–30 мин,68.9,48–72 ч,1,SLA нарушен,2.4,Низкая,b2b,2024-04-12,gold,0,1,chat,normal,sla_breached
TCK-001413,2026-04-01 16:41:00,2026-04-01,2026-03-30,2026-04-01,16,3,Среда,0,Первая половина,CUST-0015,R02,Санкт-Петербург,Северо-Запад,team_b,email,account,low,95.3,Более 60 мин,5.9,До 8 ч,0,SLA выполнен,3.0,Средняя,b2c,2025-05-06,bronze,0,1,email,other,sla_ok
TCK-000927,2026-04-09 16:28:00,2026-04-09,2026-04-06,2026-04-01,16,4,Четверг,0,Первая половина,CUST-0158,R05,Новосибирск,Сибирь,team_e,email,refund,normal,15.8,15–30 мин,33.3,24–48 ч,1,SLA нарушен,3.2,Средняя,b2c,2024-03-25,silver,0,1,email,normal,sla_breached
TCK-000200,2026-06-01 14:49:00,2026-06-01,2026-06-01,2026-06-01,14,1,Понедельник,0,Вторая половина,CUST-0148,R01,Москва,Центр,team_a,email,delivery,low,12.4,5–15 мин,8.1,8–24 ч,0,SLA выполнен,4.2,Средняя,b2c,2024-03-28,bronze,0,1,email,other,sla_ok
TCK-000900,2026-04-01 11:00:00,2026-04-01,2026-03-30,2026-04-01,11,3,Среда,0,Первая половина,CUST-0045,R04,Екатеринбург,Урал,team_d,chat,payment,normal,3.4,До 5 мин,5.4,До 8 ч,0,SLA выполнен,5.0,Высокая,b2b,2024-04-12,gold,0,1,chat,normal,sla_ok
TCK-001224,2026-04-23 18:59:00,2026-04-23,2026-04-20,2026-04-01,18,4,Четверг,0,Вторая половина,CUST-0164,R01,Москва,Центр,team_a,email,payment,normal,67.5,Более 60 мин,5.7,До 8 ч,0,SLA выполнен,4.1,Средняя,b2c,2025-05-28,silver,0,1,email,normal,sla_ok
TCK-000783,2026-03-02 10:33:00,2026-03-02,2026-03-02,2026-03-01,10,1,Понедельник,0,Первая половина,CUST-0168,R01,Москва,Центр,team_a,chat,delivery,normal,10.3,5–15 мин,30.9,24–48 ч,1,SLA нарушен,2.7,Низкая,b2b,2025-12-09,silver,0,1,chat,normal,sla_breached
TCK-001356,2026-06-03 12:28:00,2026-06-03,2026-06-01,2026-06-01,12,3,Среда,0,Вторая половина,CUST-0281,R03,Казань,Поволжье,team_c,email,delivery,high,13.7,5–15 мин,24.3,24–48 ч,1,SLA нарушен,3.5,Средняя,b2c,2025-06-29,silver,0,1,email,high,sla_breached
TCK-000869,2026-04-11 17:10:00,2026-04-11,2026-04-06,2026-04-01,17,6,Суббота,1,Первая половина,CUST-0325,R06,Ростов-на-Дону,Юг,team_f,email,account,normal,131.9,Более 60 мин,9.1,8–24 ч,0,SLA выполнен,3.2,Средняя,b2b,2025-04-08,silver,0,1,email,normal,sla_ok
TCK-000011,2026-03-12 15:32:00,2026-03-12,2026-03-09,2026-03-01,15,4,Четверг,0,Первая половина,CUST-0133,R01,Москва,Центр,team_a,web_form,payment,normal,13.0,5–15 мин,3.8,До 8 ч,0,SLA выполнен,5.0,Высокая,b2c,2025-07-24,bronze,0,1,other,normal,sla_ok
TCK-000148,2026-05-25 18:51:00,2026-05-25,2026-05-25,2026-05-01,18,1,Понедельник,0,Вторая половина,CUST-0099,R06,Ростов-на-Дону,Юг,team_f,email,login,critical,15.9,15–30 мин,7.5,До 8 ч,1,SLA нарушен,2.9,Низкая,b2c,2024-04-11,silver,0,1,email,other,sla_breached
TCK-001311,2026-04-07 10:47:00,2026-04-07,2026-04-06,2026-04-01,10,2,Вторник,0,Первая половина,CUST-0011,R04,Екатеринбург,Урал,team_d,chat,account,normal,2.7,До 5 мин,2.9,До 8 ч,0,SLA выполнен,5.0,Высокая,b2c,2026-01-22,silver,0,1,chat,normal,sla_ok
TCK-000283,2026-03-18 13:08:00,2026-03-18,2026-03-16,2026-03-01,13,3,Среда,0,Первая половина,CUST-0094,R05,Новосибирск,Сибирь,team_e,email,delivery,normal,37.3,30–60 мин,5.4,До 8 ч,0,SLA выполнен,5.0,Высокая,b2c,2026-01-09,bronze,0,1,email,normal,sla_ok
TCK-000299,2026-03-13 09:31:00,2026-03-13,2026-03-09,2026-03-01,9,5,Пятница,0,Первая половина,CUST-0273,R03,Казань,Поволжье,team_c,email,delivery,low,8.8,5–15 мин,22.4,8–24 ч,0,SLA выполнен,4.2,Средняя,b2c,2024-07-22,bronze,0,1,email,other,sla_ok
TCK-000621,2026-04-10 20:01:00,2026-04-10,2026-04-06,2026-04-01,20,5,Пятница,0,Первая половина,CUST-0106,R02,Санкт-Петербург,Северо-Запад,team_b,email,delivery,critical,21.4,15–30 мин,16.8,8–24 ч,1,SLA нарушен,3.8,Средняя,b2b,2025-09-08,gold,0,1,email,other,sla_breached
TCK-000292,2026-04-30 20:20:00,2026-04-30,2026-04-27,2026-04-01,20,4,Четверг,0,Вторая половина,CUST-0267,R01,Москва,Центр,team_a,chat,account,critical,2.6,До 5 мин,13.6,8–24 ч,0,SLA выполнен,4.7,Высокая,b2c,2025-03-03,bronze,0,1,chat,other,sla_ok
TCK-000515,2026-04-17 18:20:00,2026-04-17,2026-04-13,2026-04-01,18,5,Пятница,0,Первая половина,CUST-0174,R05,Новосибирск,Сибирь,team_e,email,login,normal,40.0,30–60 мин,16.0,8–24 ч,0,SLA выполнен,4.6,Высокая,vip,2024-04-22,gold,1,1,email,normal,sla_ok
TCK-001053,2026-03-17 14:13:00,2026-03-17,2026-03-16,2026-03-01,14,2,Вторник,0,Первая половина,CUST-0069,R05,Новосибирск,Сибирь,team_e,chat,payment,normal,3.3,До 5 мин,23.0,8–24 ч,0,SLA выполнен,5.0,Высокая,b2c,2025-01-20,silver,0,1,chat,normal,sla_ok
TCK-001049,2026-04-16 14:14:00,2026-04-16,2026-04-13,2026-04-01,14,4,Четверг,0,Первая половина,CUST-0316,R03,Казань,Поволжье,team_c,email,technical,normal,32.7,30–60 мин,40.4,24–48 ч,1,SLA нарушен,2.5,Низкая,b2c,2024-06-27,bronze,0,1,email,normal,sla_breached
TCK-000577,2026-05-26 21:02:00,2026-05-26,2026-05-25,2026-05-01,21,2,Вторник,0,Вторая половина,CUST-0199,R02,Санкт-Петербург,Северо-Запад,team_b,chat,refund,high,36.7,30–60 мин,120.0,Более 72 ч,1,SLA нарушен,1.0,Низкая,b2c,2025-06-12,bronze,0,1,chat,high,sla_breached
TCK-000571,2026-03-24 19:08:00,2026-03-24,2026-03-23,2026-03-01,19,2,Вторник,0,Первая половина,CUST-0059,R07,Нижний Новгород,Поволжье,team_c,email,delivery,normal,30.5,30–60 мин,22.4,8–24 ч,0,SLA выполнен,4.5,Высокая,b2c,2024-07-05,gold,0,1,email,normal,sla_ok
TCK-000130,2026-03-17 15:08:00,2026-03-17,2026-03-16,2026-03-01,15,2,Вторник,0,Первая половина,CUST-0288,R01,Москва,Центр,team_a,chat,technical,normal,10.3,5–15 мин,17.4,8–24 ч,0,SLA выполнен,4.8,Высокая,b2c,2024-04-15,,0,1,chat,normal,sla_ok
TCK-000586,2026-06-06 17:36:00,2026-06-06,2026-06-01,2026-06-01,17,6,Суббота,1,Вторая половина,CUST-0282,R07,Нижний Новгород,Поволжье,team_c,email,payment,low,43.4,30–60 мин,4.1,До 8 ч,0,SLA выполнен,4.4,Средняя,b2c,2024-11-15,silver,0,1,email,other,sla_ok
TCK-000332,2026-05-28 17:18:00,2026-05-28,2026-05-25,2026-05-01,17,4,Четверг,0,Вторая половина,CUST-0120,R04,Екатеринбург,Урал,team_d,chat,technical,normal,3.1,До 5 мин,45.2,24–48 ч,1,SLA нарушен,3.0,Средняя,b2c,2025-11-02,bronze,0,1,chat,normal,sla_breached
TCK-000324,2026-03-01 17:52:00,2026-03-01,2026-02-23,2026-03-01,17,7,Воскресенье,1,Первая половина,CUST-0208,,Неизвестный регион,Неизвестно,,chat,technical,critical,6.5,5–15 мин,12.9,8–24 ч,1,SLA нарушен,3.8,Средняя,b2c,2025-10-24,bronze,0,1,chat,other,sla_breached
TCK-000810,2026-03-25 11:47:00,2026-03-25,2026-03-23,2026-03-01,11,3,Среда,0,Первая половина,CUST-0013,R07,Нижний Новгород,Поволжье,team_c,chat,technical,normal,7.5,5–15 мин,15.2,8–24 ч,0,SLA выполнен,5.0,Высокая,b2c,2025-05-17,silver,0,1,chat,normal,sla_ok
TCK-000486,2026-05-27 11:55:00,2026-05-27,2026-05-25,2026-05-01,11,3,Среда,0,Вторая половина,CUST-0225,R04,Екатеринбург,Урал,team_d,email,delivery,normal,51.5,30–60 мин,40.7,24–48 ч,1,SLA нарушен,2.8,Низкая,b2c,2025-10-04,gold,0,1,email,normal,sla_breached
TCK-000568,2026-03-09 13:19:00,2026-03-09,2026-03-09,2026-03-01,13,1,Понедельник,0,Первая половина,CUST-0127,R06,Ростов-на-Дону,Юг,team_f,phone,login,normal,3.5,До 5 мин,3.1,До 8 ч,0,SLA выполнен,5.0,Высокая,b2c,2024-01-26,bronze,0,1,other,normal,sla_ok
TCK-000136,2026-03-26 11:09:00,2026-03-26,2026-03-23,2026-03-01,11,4,Четверг,0,Первая половина,CUST-0204,R01,Москва,Центр,team_a,chat,login,normal,11.9,5–15 мин,12.1,8–24 ч,0,SLA выполнен,5.0,Высокая,b2c,2025-09-01,silver,0,1,chat,normal,sla_ok
TCK-000514,2026-04-13 19:11:00,2026-04-13,2026-04-13,2026-04-01,19,1,Понедельник,0,Первая половина,CUST-0008,R02,Санкт-Петербург,Северо-Запад,team_b,phone,payment,normal,37.8,30–60 мин,4.2,До 8 ч,0,SLA выполнен,4.9,Высокая,b2b,2025-11-10,platinum,0,1,other,normal,sla_ok
TCK-000966,2026-05-07 15:47:00,2026-05-07,2026-05-04,2026-05-01,15,4,Четверг,0,Вторая половина,CUST-0173,R05,Новосибирск,Сибирь,team_e,phone,refund,normal,12.9,5–15 мин,11.1,8–24 ч,0,SLA выполнен,4.4,Средняя,b2c,2024-12-24,gold,0,1,other,normal,sla_ok
TCK-000763,2026-03-25 20:45:00,2026-03-25,2026-03-23,2026-03-01,20,3,Среда,0,Первая половина,CUST-0002,R06,Ростов-на-Дону,Юг,team_f,email,login,normal,71.3,Более 60 мин,5.4,До 8 ч,0,SLA выполнен,4.4,Средняя,b2c,2025-08-03,bronze,0,1,email,normal,sla_ok
TCK-000436,2026-04-25 11:28:00,2026-04-25,2026-04-20,2026-04-01,11,6,Суббота,1,Вторая половина,CUST-0118,R01,Москва,Центр,team_a,phone,technical,normal,17.0,15–30 мин,20.5,8–24 ч,0,SLA выполнен,4.4,Средняя,b2b,2024-04-03,platinum,0,1,other,normal,sla_ok
TCK-000712,2026-04-15 14:35:00,2026-04-15,2026-04-13,2026-04-01,14,3,Среда,0,Первая половина,CUST-0030,R04,Екатеринбург,Урал,team_d,chat,delivery,normal,4.8,До 5 мин,24.5,24–48 ч,1,SLA нарушен,,,b2b,2025-09-10,silver,0,1,chat,normal,sla_breached
TCK-000665,2026-04-10 19:13:00,2026-04-10,2026-04-06,2026-04-01,19,5,Пятница,0,Первая половина,CUST-0217,R06,Ростов-на-Дону,Юг,team_f,web_form,technical,normal,24.9,15–30 мин,10.8,8–24 ч,0,SLA выполнен,4.3,Средняя,b2c,2025-03-02,silver,0,1,other,normal,sla_ok
TCK-000632,2026-05-12 10:28:00,2026-05-12,2026-05-11,2026-05-01,10,2,Вторник,0,Вторая половина,CUST-0005,R03,Казань,Поволжье,team_c,chat,refund,low,3.2,До 5 мин,9.7,8–24 ч,0,SLA выполнен,5.0,Высокая,b2c,2025-04-16,bronze,0,1,chat,other,sla_ok
TCK-000827,2026-03-20 10:43:00,2026-03-20,2026-03-16,2026-03-01,10,5,Пятница,0,Первая половина,CUST-0230,R01,Москва,Центр,team_a,phone,technical,normal,4.0,До 5 мин,38.3,24–48 ч,1,SLA нарушен,3.2,Средняя,b2c,2024-08-01,bronze,0,1,other,normal,sla_breached
TCK-000159,2026-05-22 13:08:00,2026-05-22,2026-05-18,2026-05-01,13,5,Пятница,0,Вторая половина,CUST-0211,R01,Москва,Центр,team_a,chat,payment,high,5.3,5–15 мин,5.7,До 8 ч,0,SLA выполнен,4.7,Высокая,b2b,2024-12-26,gold,0,1,chat,high,sla_ok
TCK-001025,2026-03-31 16:59:00,2026-03-31,2026-03-30,2026-03-01,16,2,Вторник,0,Первая половина,CUST-0197,R07,Нижний Новгород,Поволжье,team_c,chat,account,high,2.4,До 5 мин,16.9,8–24 ч,1,SLA нарушен,4.5,Высокая,b2c,2024-07-12,silver,0,1,chat,high,sla_breached
TCK-001303,2026-04-07 08:10:00,2026-04-07,2026-04-06,2026-04-01,8,2,Вторник,0,Первая половина,CUST-0197,R04,Екатеринбург,Урал,team_d,chat,login,normal,9.1,5–15 мин,9.4,8–24 ч,0,SLA выполнен,4.7,Высокая,b2c,2024-07-12,silver,0,1,chat,normal,sla_ok
TCK-001253,2026-04-11 20:44:00,2026-04-11,2026-04-06,2026-04-01,20,6,Суббота,1,Первая половина,CUST-0205,R04,Екатеринбург,Урал,team_d,phone,login,high,4.7,До 5 мин,2.2,До 8 ч,0,SLA выполнен,5.0,Высокая,b2c,2025-10-30,bronze,0,1,other,high,sla_ok
TCK-000353,2026-04-16 16:02:00,2026-04-16,2026-04-13,2026-04-01,16,4,Четверг,0,Первая половина,CUST-0284,R02,Санкт-Петербург,Северо-Запад,team_b,chat,login,normal,6.0,5–15 мин,2.6,До 8 ч,0,SLA выполнен,5.0,Высокая,b2c,2025-01-09,silver,0,1,chat,normal,sla_ok
TCK-000840,2026-03-17 09:36:00,2026-03-17,2026-03-16,2026-03-01,9,2,Вторник,0,Первая половина,CUST-0069,R01,Москва,Центр,team_a,chat,delivery,normal,6.6,5–15 мин,21.7,8–24 ч,0,SLA выполнен,4.3,Средняя,b2c,2025-01-20,silver,0,1,chat,normal,sla_ok
TCK-001306,2026-05-27 14:13:00,2026-05-27,2026-05-25,2026-05-01,14,3,Среда,0,Вторая половина,CUST-0166,R01,Москва,Центр,team_a,web_form,delivery,normal,15.5,15–30 мин,11.1,8–24 ч,0,SLA выполнен,5.0,Высокая,b2c,2024-03-12,bronze,0,1,other,normal,sla_ok
TCK-001435,2026-05-16 20:00:00,2026-05-16,2026-05-11,2026-05-01,20,6,Суббота,1,Вторая половина,CUST-0030,R04,Екатеринбург,Урал,team_d,web_form,technical,high,4.6,До 5 мин,14.6,8–24 ч,1,SLA нарушен,3.5,Средняя,b2b,2025-09-10,silver,0,1,other,high,sla_breached
TCK-000598,2026-05-06 19:28:00,2026-05-06,2026-05-04,2026-05-01,19,3,Среда,0,Вторая половина,CUST-0126,R01,Москва,Центр,team_a,web_form,payment,normal,58.7,30–60 мин,14.1,8–24 ч,0,SLA выполнен,4.6,Высокая,b2c,2025-04-09,silver,0,1,other,normal,sla_ok
TCK-001464,2026-03-06 08:18:00,2026-03-06,2026-03-02,2026-03-01,8,5,Пятница,0,Первая половина,CUST-0122,R02,Санкт-Петербург,Северо-Запад,team_b,chat,payment,normal,1.9,До 5 мин,10.7,8–24 ч,0,SLA выполнен,5.0,Высокая,b2c,2025-05-18,silver,0,1,chat,normal,sla_ok
TCK-000196,2026-04-16 20:45:00,2026-04-16,2026-04-13,2026-04-01,20,4,Четверг,0,Первая половина,CUST-0070,R08,Краснодар,Юг,team_f,web_form,technical,high,7.2,5–15 мин,32.1,24–48 ч,1,SLA нарушен,3.5,Средняя,b2c,2025-06-03,silver,0,1,other,high,sla_breached
TCK-001250,2026-03-23 12:48:00,2026-03-23,2026-03-23,2026-03-01,12,1,Понедельник,0,Первая половина,CUST-0187,R01,Москва,Центр,team_a,chat,payment,normal,2.8,До 5 мин,3.5,До 8 ч,0,SLA выполнен,4.8,Высокая,b2c,2024-05-03,bronze,0,1,chat,normal,sla_ok
TCK-000622,2026-03-12 11:14:00,2026-03-12,2026-03-09,2026-03-01,11,4,Четверг,0,Первая половина,CUST-0068,R01,Москва,Центр,team_a,chat,technical,normal,21.8,15–30 мин,20.5,8–24 ч,0,SLA выполнен,4.7,Высокая,b2c,2024-03-10,silver,0,1,chat,normal,sla_ok
TCK-000439,2026-04-16 17:15:00,2026-04-16,2026-04-13,2026-04-01,17,4,Четверг,0,Первая половина,CUST-0264,R01,Москва,Центр,team_a,phone,payment,low,5.3,5–15 мин,7.2,До 8 ч,0,SLA выполнен,4.3,Средняя,b2c,2024-04-24,bronze,0,1,other,other,sla_ok
TCK-000411,2026-04-12 08:05:00,2026-04-12,2026-04-06,2026-04-01,8,7,Воскресенье,1,Первая половина,CUST-0038,R01,Москва,Центр,team_a,phone,technical,normal,9.3,5–15 мин,23.7,8–24 ч,0,SLA выполнен,4.5,Высокая,b2c,2025-04-11,bronze,0,1,other,normal,sla_ok
TCK-000652,2026-03-07 18:43:00,2026-03-07,2026-03-02,2026-03-01,18,6,Суббота,1,Первая половина,CUST-0278,R04,Екатеринбург,Урал,team_d,chat,delivery,high,2.8,До 5 мин,25.3,24–48 ч,1,SLA нарушен,3.7,Средняя,b2c,2024-04-27,,0,1,chat,high,sla_breached
TCK-001446,2026-05-10 14:27:00,2026-05-10,2026-05-04,2026-05-01,14,7,Воскресенье,1,Вторая половина,CUST-0173,R03,Казань,Поволжье,team_c,phone,technical,normal,23.3,15–30 мин,226.4,Более 72 ч,1,SLA нарушен,2.8,Низкая,b2c,2024-12-24,gold,0,1,other,normal,sla_breached
TCK-000097,2026-04-05 11:54:00,2026-04-05,2026-03-30,2026-04-01,11,7,Воскресенье,1,Первая половина,CUST-0187,R03,Казань,Поволжье,team_c,email,delivery,normal,17.9,15–30 мин,19.5,8–24 ч,0,SLA выполнен,4.5,Высокая,b2c,2024-05-03,bronze,0,1,email,normal,sla_ok
TCK-000591,2026-04-12 12:27:00,2026-04-12,2026-04-06,2026-04-01,12,7,Воскресенье,1,Первая половина,CUST-0136,R02,Санкт-Петербург,Северо-Запад,team_b,email,account,high,17.8,15–30 мин,12.2,8–24 ч,1,SLA нарушен,3.8,Средняя,b2c,2024-08-21,gold,0,1,email,high,sla_breached
TCK-000157,2026-05-07 21:57:00,2026-05-07,2026-05-04,2026-05-01,21,4,Четверг,0,Вторая половина,CUST-0166,R02,Санкт-Петербург,Северо-Запад,team_b,web_form,payment,low,24.7,15–30 мин,18.0,8–24 ч,0,SLA выполнен,3.9,Средняя,b2c,2024-03-12,bronze,0,1,other,other,sla_ok
TCK-000420,2026-05-07 19:32:00,2026-05-07,2026-05-04,2026-05-01,19,4,Четверг,0,Вторая половина,CUST-0321,R01,Москва,Центр,team_a,email,technical,normal,91.2,Более 60 мин,21.8,8–24 ч,0,SLA выполнен,3.8,Средняя,b2b,2025-04-10,gold,0,1,email,normal,sla_ok
TCK-001406,2026-04-29 18:11:00,2026-04-29,2026-04-27,2026-04-01,18,3,Среда,0,Вторая половина,CUST-0183,R04,Екатеринбург,Урал,team_d,email,delivery,normal,71.0,Более 60 мин,5.5,До 8 ч,0,SLA выполнен,3.1,Средняя,b2c,2025-12-19,bronze,0,1,email,normal,sla_ok
TCK-000478,2026-06-02 16:47:00,2026-06-02,2026-06-01,2026-06-01,16,2,Вторник,0,Вторая половина,CUST-0313,R01,Москва,Центр,team_a,phone,login,normal,2.2,До 5 мин,5.9,До 8 ч,0,SLA выполнен,5.0,Высокая,b2c,2025-01-12,bronze,0,1,other,normal,sla_ok
TCK-000616,2026-03-25 19:23:00,2026-03-25,2026-03-23,2026-03-01,19,3,Среда,0,Первая половина,CUST-0170,R01,Москва,Центр,team_a,chat,technical,normal,9.0,5–15 мин,28.9,24–48 ч,1,SLA нарушен,4.2,Средняя,vip,2024-01-23,gold,1,1,chat,normal,sla_breached
TCK-000655,2026-05-31 19:39:00,2026-05-31,2026-05-25,2026-05-01,19,7,Воскресенье,1,Вторая половина,CUST-0090,R04,Екатеринбург,Урал,team_d,chat,refund,low,1.1,До 5 мин,12.4,8–24 ч,0,SLA выполнен,4.7,Высокая,b2c,2024-05-04,gold,0,1,chat,other,sla_ok
TCK-001215,2026-03-19 21:02:00,2026-03-19,2026-03-16,2026-03-01,21,4,Четверг,0,Первая половина,CUST-0046,R04,Екатеринбург,Урал,team_d,chat,technical,normal,6.1,5–15 мин,7.3,До 8 ч,0,SLA выполнен,5.0,Высокая,b2b,2025-03-22,platinum,0,1,chat,normal,sla_ok
TCK-000448,2026-04-17 11:12:00,2026-04-17,2026-04-13,2026-04-01,11,5,Пятница,0,Первая половина,CUST-0289,R04,Екатеринбург,Урал,team_d,email,refund,low,4.1,До 5 мин,18.4,8–24 ч,0,SLA выполнен,3.3,Средняя,b2c,2026-01-18,silver,0,1,email,other,sla_ok
TCK-000179,2026-04-23 18:42:00,2026-04-23,2026-04-20,2026-04-01,18,4,Четверг,0,Вторая половина,CUST-0217,R05,Новосибирск,Сибирь,team_e,web_form,delivery,low,32.2,30–60 мин,12.7,8–24 ч,0,SLA выполнен,4.4,Средняя,b2c,2025-03-02,silver,0,1,other,other,sla_ok
TCK-000391,2026-03-23 19:19:00,2026-03-23,2026-03-23,2026-03-01,19,1,Понедельник,0,Первая половина,CUST-0248,R02,Санкт-Петербург,Северо-Запад,team_b,chat,technical,normal,6.9,5–15 мин,21.8,8–24 ч,0,SLA выполнен,4.1,Средняя,b2c,2024-05-16,silver,0,1,chat,normal,sla_ok
TCK-001300,2026-06-03 18:39:00,2026-06-03,2026-06-01,2026-06-01,18,3,Среда,0,Вторая половина,CUST-0312,R06,Ростов-на-Дону,Юг,team_f,email,account,high,26.3,15–30 мин,18.9,8–24 ч,1,SLA нарушен,3.3,Средняя,b2c,2024-11-26,silver,0,1,email,high,sla_breached
TCK-000650,2026-03-29 15:52:00,2026-03-29,2026-03-23,2026-03-01,15,7,Воскресенье,1,Первая половина,CUST-0013,R01,Москва,Центр,team_a,chat,delivery,high,3.1,До 5 мин,25.2,24–48 ч,1,SLA нарушен,4.2,Средняя,b2c,2025-05-17,silver,0,1,chat,high,sla_breached
TCK-001251,2026-05-12 11:26:00,2026-05-12,2026-05-11,2026-05-01,11,2,Вторник,0,Вторая половина,CUST-0001,,Неизвестный регион,Неизвестно,,web_form,delivery,low,18.9,15–30 мин,21.0,8–24 ч,0,SLA выполнен,4.7,Высокая,b2b,2024-05-19,gold,0,1,other,other,sla_ok
TCK-001044,2026-04-08 11:46:00,2026-04-08,2026-04-06,2026-04-01,11,3,Среда,0,Первая половина,CUST-0200,R08,Краснодар,Юг,team_f,phone,technical,high,9.9,5–15 мин,74.0,Более 72 ч,1,SLA нарушен,2.9,Низкая,b2c,2025-09-24,gold,0,1,other,high,sla_breached
TCK-001322,2026-05-28 20:00:00,2026-05-28,2026-05-25,2026-05-01,20,4,Четверг,0,Вторая половина,CUST-0014,R01,Москва,Центр,team_a,chat,delivery,critical,1.0,До 5 мин,5.5,До 8 ч,0,SLA выполнен,4.9,Высокая,b2b,2024-03-16,gold,0,1,chat,other,sla_ok
TCK-001379,2026-05-29 14:40:00,2026-05-29,2026-05-25,2026-05-01,14,5,Пятница,0,Вторая половина,CUST-0300,R01,Москва,Центр,team_a,web_form,payment,normal,13.8,5–15 мин,24.5,24–48 ч,1,SLA нарушен,3.0,Средняя,b2c,2024-11-21,bronze,0,1,other,normal,sla_breached
TCK-000875,2026-05-29 10:31:00,2026-05-29,2026-05-25,2026-05-01,10,5,Пятница,0,Вторая половина,CUST-0034,R03,Казань,Поволжье,team_c,chat,login,normal,1.7,До 5 мин,7.0,До 8 ч,0,SLA выполнен,5.0,Высокая,b2c,2026-01-17,silver,0,1,chat,normal,sla_ok
TCK-001114,2026-06-03 10:38:00,2026-06-03,2026-06-01,2026-06-01,10,3,Среда,0,Вторая половина,CUST-0097,R05,Новосибирск,Сибирь,team_e,phone,delivery,normal,6.0,5–15 мин,6.3,До 8 ч,0,SLA выполнен,5.0,Высокая,b2c,2025-08-05,bronze,0,1,other,normal,sla_ok
TCK-000753,2026-04-10 16:47:00,2026-04-10,2026-04-06,2026-04-01,16,5,Пятница,0,Первая половина,CUST-0116,R01,Москва,Центр,team_a,email,delivery,low,53.5,30–60 мин,46.1,24–48 ч,0,SLA выполнен,2.8,Низкая,b2b,2026-01-21,gold,0,1,email,other,sla_ok
TCK-001330,2026-04-18 19:45:00,2026-04-18,2026-04-13,2026-04-01,19,6,Суббота,1,Первая половина,CUST-0036,R03,Казань,Поволжье,team_c,email,technical,normal,57.0,30–60 мин,4.7,До 8 ч,0,SLA выполнен,4.8,Высокая,b2c,2024-07-19,silver,0,1,email,normal,sla_ok
TCK-000295,2026-05-10 15:26:00,2026-05-10,2026-05-04,2026-05-01,15,7,Воскресенье,1,Вторая половина,CUST-0007,R02,Санкт-Петербург,Северо-Запад,team_b,phone,login,high,5.3,5–15 мин,5.6,До 8 ч,0,SLA выполнен,4.7,Высокая,b2b,2025-02-01,gold,0,1,other,high,sla_ok
TCK-000561,2026-05-26 18:35:00,2026-05-26,2026-05-25,2026-05-01,18,2,Вторник,0,Вторая половина,CUST-0024,R07,Нижний Новгород,Поволжье,team_c,email,login,high,58.6,30–60 мин,17.3,8–24 ч,1,SLA нарушен,3.5,Средняя,b2b,2026-01-27,silver,0,1,email,high,sla_breached
TCK-000880,2026-05-29 10:35:00,2026-05-29,2026-05-25,2026-05-01,10,5,Пятница,0,Вторая половина,CUST-0163,R08,Краснодар,Юг,team_f,web_form,account,normal,18.3,15–30 мин,6.7,До 8 ч,0,SLA выполнен,5.0,Высокая,b2c,2024-04-17,bronze,0,1,other,normal,sla_ok
TCK-000089,2026-05-07 16:07:00,2026-05-07,2026-05-04,2026-05-01,16,4,Четверг,0,Вторая половина,CUST-0277,R01,Москва,Центр,team_a,email,technical,normal,48.4,30–60 мин,8.7,8–24 ч,0,SLA выполнен,,,b2c,2024-05-04,,0,1,email,normal,sla_ok
TCK-000988,2026-04-25 11:25:00,2026-04-25,2026-04-20,2026-04-01,11,6,Суббота,1,Вторая половина,CUST-0173,R07,Нижний Новгород,Поволжье,team_c,chat,delivery,normal,5.6,5–15 мин,18.7,8–24 ч,0,SLA выполнен,5.0,Высокая,b2c,2024-12-24,gold,0,1,chat,normal,sla_ok
TCK-000940,2026-05-29 14:08:00,2026-05-29,2026-05-25,2026-05-01,14,5,Пятница,0,Вторая половина,CUST-0321,R08,Краснодар,Юг,team_f,email,login,critical,17.1,15–30 мин,1.9,До 8 ч,0,SLA выполнен,4.7,Высокая,b2b,2025-04-10,gold,0,1,email,other,sla_ok
TCK-000583,2026-04-30 15:30:00,2026-04-30,2026-04-27,2026-04-01,15,4,Четверг,0,Вторая половина,CUST-0114,R08,Краснодар,Юг,team_f,email,technical,normal,35.6,30–60 мин,13.2,8–24 ч,0,SLA выполнен,3.8,Средняя,b2c,2025-07-21,silver,0,1,email,normal,sla_ok
TCK-001103,2026-04-23 15:35:00,2026-04-23,2026-04-20,2026-04-01,15,4,Четверг,0,Вторая половина,CUST-0165,R04,Екатеринбург,Урал,team_d,email,account,normal,50.3,30–60 мин,14.9,8–24 ч,0,SLA выполнен,3.9,Средняя,b2c,2025-05-07,bronze,0,1,email,normal,sla_ok
TCK-001398,2026-05-11 13:16:00,2026-05-11,2026-05-11,2026-05-01,13,1,Понедельник,0,Вторая половина,CUST-0153,R01,Москва,Центр,team_a,email,account,normal,10.7,5–15 мин,5.1,До 8 ч,0,SLA выполнен,3.9,Средняя,b2c,2025-06-24,bronze,0,1,email,normal,sla_ok
TCK-000705,2026-05-25 18:33:00,2026-05-25,2026-05-25,2026-05-01,18,1,Понедельник,0,Вторая половина,CUST-0043,R01,Москва,Центр,team_a,chat,payment,low,10.8,5–15 мин,1.6,До 8 ч,0,SLA выполнен,4.8,Высокая,b2b,2024-05-12,silver,0,1,chat,other,sla_ok
TCK-000971,2026-05-12 14:50:00,2026-05-12,2026-05-11,2026-05-01,14,2,Вторник,0,Вторая половина,CUST-0257,R06,Ростов-на-Дону,Юг,team_f,phone,technical,normal,11.8,5–15 мин,18.4,8–24 ч,0,SLA выполнен,4.3,Средняя,b2b,2025-03-04,silver,0,1,other,normal,sla_ok
TCK-000291,2026-04-18 13:38:00,2026-04-18,2026-04-13,2026-04-01,13,6,Суббота,1,Первая половина,CUST-0093,R04,Екатеринбург,Урал,team_d,web_form,login,normal,49.6,30–60 мин,2.8,До 8 ч,0,SLA выполнен,4.3,Средняя,b2c,2024-03-09,bronze,0,1,other,normal,sla_ok
TCK-001429,2026-04-22 16:46:00,2026-04-22,2026-04-20,2026-04-01,16,3,Среда,0,Вторая половина,CUST-0135,,Неизвестный регион,Неизвестно,,chat,refund,high,2.8,До 5 мин,35.8,24–48 ч,1,SLA нарушен,4.1,Средняя,b2c,2024-12-06,silver,0,1,chat,high,sla_breached
TCK-000602,2026-06-06 17:31:00,2026-06-06,2026-06-01,2026-06-01,17,6,Суббота,1,Вторая половина,CUST-0153,R01,Москва,Центр,team_a,email,account,normal,17.9,15–30 мин,7.8,До 8 ч,0,SLA выполнен,4.4,Средняя,b2c,2025-06-24,bronze,0,1,email,normal,sla_ok
TCK-000349,2026-03-12 21:18:00,2026-03-12,2026-03-09,2026-03-01,21,4,Четверг,0,Первая половина,CUST-0080,R04,Екатеринбург,Урал,team_d,phone,payment,normal,25.0,15–30 мин,2.2,До 8 ч,0,SLA выполнен,5.0,Высокая,b2b,2025-12-10,gold,0,1,other,normal,sla_ok
TCK-000592,2026-04-15 17:17:00,2026-04-15,2026-04-13,2026-04-01,17,3,Среда,0,Первая половина,CUST-0274,R01,Москва,Центр,team_a,email,payment,normal,34.7,30–60 мин,14.2,8–24 ч,0,SLA выполнен,4.9,Высокая,b2c,2025-05-27,bronze,0,1,email,normal,sla_ok
TCK-001423,2026-06-01 18:33:00,2026-06-01,2026-06-01,2026-06-01,18,1,Понедельник,0,Вторая половина,CUST-0102,R04,Екатеринбург,Урал,team_d,email,technical,high,29.2,15–30 мин,33.2,24–48 ч,1,SLA нарушен,2.7,Низкая,b2b,2025-03-12,gold,0,1,email,high,sla_breached
TCK-001024,2026-04-04 13:28:00,2026-04-04,2026-03-30,2026-04-01,13,6,Суббота,1,Первая половина,CUST-0007,R08,Краснодар,Юг,team_f,phone,refund,normal,6.1,5–15 мин,44.4,24–48 ч,1,SLA нарушен,3.3,Средняя,b2b,2025-02-01,gold,0,1,other,normal,sla_breached
TCK-000837,2026-04-06 18:34:00,2026-04-06,2026-04-06,2026-04-01,18,1,Понедельник,0,Первая половина,CUST-0137,R01,Москва,Центр,team_a,chat,refund,critical,1.3,До 5 мин,87.4,Более 72 ч,1,SLA нарушен,2.4,Низкая,vip,2026-02-03,platinum,1,1,chat,other,sla_breached
TCK-000606,2026-06-06 11:57:00,2026-06-06,2026-06-01,2026-06-01,11,6,Суббота,1,Вторая половина,CUST-0215,R01,Москва,Центр,team_a,chat,technical,high,8.5,5–15 мин,19.9,8–24 ч,1,SLA нарушен,3.6,Средняя,b2b,2025-07-04,gold,0,1,chat,high,sla_breached
TCK-000459,2026-05-01 18:32:00,2026-05-01,2026-04-27,2026-05-01,18,5,Пятница,0,Вторая половина,CUST-0287,R03,Казань,Поволжье,team_c,chat,login,high,7.6,5–15 мин,3.3,До 8 ч,0,SLA выполнен,4.6,Высокая,b2c,2026-02-07,gold,0,1,chat,high,sla_ok
TCK-000376,2026-04-17 13:18:00,2026-04-17,2026-04-13,2026-04-01,13,5,Пятница,0,Первая половина,CUST-0081,R08,Краснодар,Юг,team_f,chat,account,normal,3.8,До 5 мин,5.1,До 8 ч,1,SLA нарушен,4.8,Высокая,b2c,2025-10-07,bronze,0,1,chat,normal,sla_breached
TCK-000334,2026-04-29 10:07:00,2026-04-29,2026-04-27,2026-04-01,10,3,Среда,0,Вторая половина,CUST-0304,R05,Новосибирск,Сибирь,team_e,email,refund,normal,18.1,15–30 мин,33.9,24–48 ч,1,SLA нарушен,3.6,Средняя,b2c,2024-06-20,silver,0,1,email,normal,sla_breached
TCK-000765,2026-05-24 11:47:00,2026-05-24,2026-05-18,2026-05-01,11,7,Воскресенье,1,Вторая половина,CUST-0009,R02,Санкт-Петербург,Северо-Запад,team_b,chat,account,normal,1.0,До 5 мин,11.7,8–24 ч,0,SLA выполнен,5.0,Высокая,b2c,2025-12-26,bronze,0,1,chat,normal,sla_ok
TCK-001334,2026-04-19 16:51:00,2026-04-19,2026-04-13,2026-04-01,16,7,Воскресенье,1,Первая половина,CUST-0240,R01,Москва,Центр,team_a,web_form,delivery,critical,7.6,5–15 мин,17.6,8–24 ч,1,SLA нарушен,4.3,Средняя,b2c,2025-05-01,bronze,0,1,other,other,sla_breached
TCK-001422,2026-04-28 13:06:00,2026-04-28,2026-04-27,2026-04-01,13,2,Вторник,0,Вторая половина,CUST-0005,R06,Ростов-на-Дону,Юг,team_f,web_form,login,normal,85.5,Более 60 мин,3.5,До 8 ч,0,SLA выполнен,4.5,Высокая,b2c,2025-04-16,bronze,0,1,other,normal,sla_ok
TCK-001400,2026-06-04 13:25:00,2026-06-04,2026-06-01,2026-06-01,13,4,Четверг,0,Вторая половина,CUST-0031,R04,Екатеринбург,Урал,team_d,email,technical,normal,59.8,30–60 мин,8.9,8–24 ч,0,SLA выполнен,3.7,Средняя,b2b,2026-02-26,silver,0,1,email,normal,sla_ok
TCK-000681,2026-05-31 14:24:00,2026-05-31,2026-05-25,2026-05-01,14,7,Воскресенье,1,Вторая половина,CUST-0061,R03,Казань,Поволжье,team_c,chat,delivery,high,5.4,5–15 мин,6.1,До 8 ч,0,SLA выполнен,5.0,Высокая,b2c,2024-04-19,bronze,0,1,chat,high,sla_ok
TCK-000329,2026-05-25 10:48:00,2026-05-25,2026-05-25,2026-05-01,10,1,Понедельник,0,Вторая половина,CUST-0302,R01,Москва,Центр,team_a,email,account,normal,37.8,30–60 мин,9.9,8–24 ч,0,SLA выполнен,4.7,Высокая,b2c,2024-11-18,bronze,0,1,email,normal,sla_ok
TCK-000319,2026-03-13 08:55:00,2026-03-13,2026-03-09,2026-03-01,8,5,Пятница,0,Первая половина,CUST-0134,R03,Казань,Поволжье,team_c,email,account,critical,30.9,30–60 мин,2.0,До 8 ч,0,SLA выполнен,4.5,Высокая,b2c,2025-10-14,silver,0,1,email,other,sla_ok
TCK-001162,2026-05-19 09:23:00,2026-05-19,2026-05-18,2026-05-01,9,2,Вторник,0,Вторая половина,CUST-0259,R06,Ростов-на-Дону,Юг,team_f,chat,login,normal,4.3,До 5 мин,5.7,До 8 ч,0,SLA выполнен,5.0,Высокая,b2c,2024-07-20,bronze,0,1,chat,normal,sla_ok
TCK-000963,2026-05-02 08:58:00,2026-05-02,2026-04-27,2026-05-01,8,6,Суббота,1,Вторая половина,CUST-0314,R04,Екатеринбург,Урал,team_d,chat,technical,normal,3.8,До 5 мин,31.9,24–48 ч,1,SLA нарушен,4.0,Средняя,b2c,2025-01-09,bronze,0,1,chat,normal,sla_breached
TCK-000013,2026-04-15 08:55:00,2026-04-15,2026-04-13,2026-04-01,8,3,Среда,0,Первая половина,CUST-0243,R03,Казань,Поволжье,team_c,phone,technical,normal,10.5,5–15 мин,19.7,8–24 ч,0,SLA выполнен,4.4,Средняя,b2c,2024-06-22,bronze,0,1,other,normal,sla_ok
TCK-000172,2026-04-15 19:48:00,2026-04-15,2026-04-13,2026-04-01,19,3,Среда,0,Первая половина,CUST-0019,R01,Москва,Центр,team_a,chat,delivery,normal,3.8,До 5 мин,3.5,До 8 ч,0,SLA выполнен,5.0,Высокая,b2b,2025-02-17,silver,0,1,chat,normal,sla_ok
TCK-000261,2026-05-04 16:35:00,2026-05-04,2026-05-04,2026-05-01,16,1,Понедельник,0,Вторая половина,CUST-0279,R04,Екатеринбург,Урал,team_d,chat,account,normal,6.5,5–15 мин,8.6,8–24 ч,0,SLA выполнен,5.0,Высокая,b2b,2024-12-30,gold,0,1,chat,normal,sla_ok
TCK-000894,2026-05-28 14:29:00,2026-05-28,2026-05-25,2026-05-01,14,4,Четверг,0,Вторая половина,CUST-0098,R07,Нижний Новгород,Поволжье,team_c,chat,payment,normal,5.9,5–15 мин,3.5,До 8 ч,0,SLA выполнен,4.8,Высокая,b2c,2024-10-29,bronze,0,1,chat,normal,sla_ok
TCK-000870,2026-05-08 08:04:00,2026-05-08,2026-05-04,2026-05-01,8,5,Пятница,0,Вторая половина,CUST-0034,R03,Казань,Поволжье,team_c,email,payment,normal,4.0,До 5 мин,4.7,До 8 ч,0,SLA выполнен,4.5,Высокая,b2c,2026-01-17,silver,0,1,email,normal,sla_ok
TCK-001385,2026-06-04 09:29:00,2026-06-04,2026-06-01,2026-06-01,9,4,Четверг,0,Вторая половина,CUST-0173,R03,Казань,Поволжье,team_c,chat,account,normal,3.3,До 5 мин,4.8,До 8 ч,0,SLA выполнен,5.0,Высокая,b2c,2024-12-24,gold,0,1,chat,normal,sla_ok
TCK-000139,2026-03-16 18:21:00,2026-03-16,2026-03-16,2026-03-01,18,1,Понедельник,0,Первая половина,CUST-0195,R02,Санкт-Петербург,Северо-Запад,team_b,email,refund,normal,97.6,Более 60 мин,12.5,8–24 ч,0,SLA выполнен,4.1,Средняя,b2c,2024-08-15,silver,0,1,email,normal,sla_ok
TCK-000550,2026-06-08 19:33:00,2026-06-08,2026-06-08,2026-06-01,19,1,Понедельник,0,Вторая половина,CUST-0216,R02,Санкт-Петербург,Северо-Запад,team_b,email,refund,low,34.0,30–60 мин,13.4,8–24 ч,0,SLA выполнен,4.0,Средняя,b2b,2025-02-02,platinum,0,1,email,other,sla_ok
TCK-000620,2026-06-04 12:38:00,2026-06-04,2026-06-01,2026-06-01,12,4,Четверг,0,Вторая половина,CUST-0064,R02,Санкт-Петербург,Северо-Запад,team_b,phone,login,normal,16.9,15–30 мин,6.2,До 8 ч,0,SLA выполнен,5.0,Высокая,b2b,2024-04-04,gold,0,1,other,normal,sla_ok
TCK-001316,2026-03-12 20:27:00,2026-03-12,2026-03-09,2026-03-01,20,4,Четверг,0,Первая половина,CUST-0302,R06,Ростов-на-Дону,Юг,team_f,chat,payment,low,7.5,5–15 мин,7.8,До 8 ч,0,SLA выполнен,5.0,Высокая,b2c,2024-11-18,bronze,0,1,chat,other,sla_ok
TCK-000786,2026-03-05 19:48:00,2026-03-05,2026-03-02,2026-03-01,19,4,Четверг,0,Первая половина,CUST-0289,R08,Краснодар,Юг,team_f,email,login,high,20.8,15–30 мин,7.3,До 8 ч,0,SLA выполнен,4.9,Высокая,b2c,2026-01-18,silver,0,1,email,high,sla_ok
TCK-000559,2026-03-16 14:35:00,2026-03-16,2026-03-16,2026-03-01,14,1,Понедельник,0,Первая половина,CUST-0213,R07,Нижний Новгород,Поволжье,team_c,email,account,normal,127.8,Более 60 мин,11.7,8–24 ч,0,SLA выполнен,4.3,Средняя,b2c,2024-03-30,silver,0,1,email,normal,sla_ok
TCK-000140,2026-06-02 14:48:00,2026-06-02,2026-06-01,2026-06-01,14,2,Вторник,0,Вторая половина,CUST-0172,R05,Новосибирск,Сибирь,team_e,chat,payment,critical,1.4,До 5 мин,5.0,До 8 ч,0,SLA выполнен,5.0,Высокая,b2c,2024-07-09,silver,0,1,chat,other,sla_ok
TCK-001320,2026-05-22 20:48:00,2026-05-22,2026-05-18,2026-05-01,20,5,Пятница,0,Вторая половина,CUST-0260,R04,Екатеринбург,Урал,team_d,chat,account,high,3.6,До 5 мин,13.6,8–24 ч,1,SLA нарушен,3.9,Средняя,b2c,2025-05-17,silver,0,1,chat,high,sla_breached
TCK-000882,2026-05-20 11:47:00,2026-05-20,2026-05-18,2026-05-01,11,3,Среда,0,Вторая половина,CUST-0027,R01,Москва,Центр,team_a,chat,payment,low,6.8,5–15 мин,11.2,8–24 ч,0,SLA выполнен,5.0,Высокая,b2c,2024-11-17,bronze,0,1,chat,other,sla_ok
TCK-000225,2026-04-30 16:23:00,2026-04-30,2026-04-27,2026-04-01,16,4,Четверг,0,Вторая половина,CUST-0008,R02,Санкт-Петербург,Северо-Запад,team_b,email,technical,normal,113.6,Более 60 мин,31.0,24–48 ч,1,SLA нарушен,2.1,Низкая,b2b,2025-11-10,platinum,0,1,email,normal,sla_breached
TCK-001332,2026-04-02 18:34:00,2026-04-02,2026-03-30,2026-04-01,18,4,Четверг,0,Первая половина,CUST-0261,R08,Краснодар,Юг,team_f,phone,technical,normal,8.7,5–15 мин,17.2,8–24 ч,0,SLA выполнен,4.9,Высокая,b2c,2025-11-20,bronze,0,1,other,normal,sla_ok
TCK-000410,2026-03-08 12:02:00,2026-03-08,2026-03-02,2026-03-01,12,7,Воскресенье,1,Первая половина,CUST-0246,R04,Екатеринбург,Урал,team_d,email,refund,high,98.1,Более 60 мин,35.0,24–48 ч,1,SLA нарушен,1.6,Низкая,b2b,2025-07-14,silver,0,1,email,high,sla_breached
TCK-000326,2026-05-21 21:17:00,2026-05-21,2026-05-18,2026-05-01,21,4,Четверг,0,Вторая половина,CUST-0005,R04,Екатеринбург,Урал,team_d,chat,technical,low,2.8,До 5 мин,13.7,8–24 ч,0,SLA выполнен,4.9,Высокая,b2c,2025-04-16,bronze,0,1,chat,other,sla_ok
TCK-000300,2026-05-17 11:21:00,2026-05-17,2026-05-11,2026-05-01,11,7,Воскресенье,1,Вторая половина,CUST-0260,R08,Краснодар,Юг,team_f,email,login,normal,25.1,15–30 мин,11.5,8–24 ч,0,SLA выполнен,4.4,Средняя,b2c,2025-05-17,silver,0,1,email,normal,sla_ok
TCK-000969,2026-03-18 16:28:00,2026-03-18,2026-03-16,2026-03-01,16,3,Среда,0,Первая половина,CUST-0262,R05,Новосибирск,Сибирь,team_e,chat,account,normal,11.9,5–15 мин,10.3,8–24 ч,0,SLA выполнен,5.0,Высокая,b2b,2025-03-28,silver,0,1,chat,normal,sla_ok
TCK-000747,2026-05-30 20:56:00,2026-05-30,2026-05-25,2026-05-01,20,6,Суббота,1,Вторая половина,CUST-0043,R06,Ростов-на-Дону,Юг,team_f,phone,payment,normal,3.5,До 5 мин,8.6,8–24 ч,0,SLA выполнен,5.0,Высокая,b2b,2024-05-12,silver,0,1,other,normal,sla_ok
TCK-000679,2026-05-07 13:39:00,2026-05-07,2026-05-04,2026-05-01,13,4,Четверг,0,Вторая половина,CUST-0326,R05,Новосибирск,Сибирь,team_e,web_form,login,low,20.8,15–30 мин,6.6,До 8 ч,0,SLA выполнен,5.0,Высокая,b2c,2025-05-30,bronze,0,1,other,other,sla_ok
TCK-001401,2026-05-19 11:13:00,2026-05-19,2026-05-18,2026-05-01,11,2,Вторник,0,Вторая половина,CUST-0293,R02,Санкт-Петербург,Северо-Запад,team_b,phone,login,high,14.9,5–15 мин,5.2,До 8 ч,0,SLA выполнен,4.9,Высокая,vip,2025-04-30,gold,1,1,other,high,sla_ok
TCK-001441,2026-05-28 18:10:00,2026-05-28,2026-05-25,2026-05-01,18,4,Четверг,0,Вторая половина,CUST-0260,R07,Нижний Новгород,Поволжье,team_c,email,account,normal,66.1,Более 60 мин,6.0,До 8 ч,0,SLA выполнен,3.7,Средняя,b2c,2025-05-17,silver,0,1,email,normal,sla_ok
TCK-001271,2026-05-06 16:56:00,2026-05-06,2026-05-04,2026-05-01,16,3,Среда,0,Вторая половина,CUST-0302,R03,Казань,Поволжье,team_c,phone,technical,normal,3.8,До 5 мин,23.2,8–24 ч,0,SLA выполнен,4.3,Средняя,b2c,2024-11-18,bronze,0,1,other,normal,sla_ok
TCK-000574,2026-03-12 12:00:00,2026-03-12,2026-03-09,2026-03-01,12,4,Четверг,0,Первая половина,CUST-0029,R01,Москва,Центр,team_a,email,account,normal,40.8,30–60 мин,1.3,До 8 ч,0,SLA выполнен,4.9,Высокая,b2c,2024-12-17,silver,0,1,email,normal,sla_ok
TCK-000504,2026-05-05 16:11:00,2026-05-05,2026-05-04,2026-05-01,16,2,Вторник,0,Вторая половина,CUST-0193,R03,Казань,Поволжье,team_c,chat,account,normal,5.0,5–15 мин,5.5,До 8 ч,0,SLA выполнен,5.0,Высокая,b2c,2026-01-30,gold,0,1,chat,normal,sla_ok
TCK-001143,2026-04-22 13:19:00,2026-04-22,2026-04-20,2026-04-01,13,3,Среда,0,Вторая половина,CUST-0313,R05,Новосибирск,Сибирь,team_e,email,technical,high,15.4,15–30 мин,35.6,24–48 ч,1,SLA нарушен,3.1,Средняя,b2c,2025-01-12,bronze,0,1,email,high,sla_breached
TCK-000004,2026-06-07 09:32:00,2026-06-07,2026-06-01,2026-06-01,9,7,Воскресенье,1,Вторая половина,CUST-0094,R06,Ростов-на-Дону,Юг,team_f,chat,technical,normal,2.3,До 5 мин,35.1,24–48 ч,1,SLA нарушен,3.9,Средняя,b2c,2026-01-09,bronze,0,1,chat,normal,sla_breached
TCK-000756,2026-03-22 09:28:00,2026-03-22,2026-03-16,2026-03-01,9,7,Воскресенье,1,Первая половина,CUST-0155,R08,Краснодар,Юг,team_f,web_form,technical,normal,13.5,5–15 мин,23.3,8–24 ч,0,SLA выполнен,3.4,Средняя,b2c,2025-09-06,bronze,0,1,other,normal,sla_ok
TCK-000468,2026-05-01 18:52:00,2026-05-01,2026-04-27,2026-05-01,18,5,Пятница,0,Вторая половина,CUST-0303,R01,Москва,Центр,team_a,phone,account,normal,7.4,5–15 мин,3.8,До 8 ч,0,SLA выполнен,4.3,Средняя,b2c,2025-10-25,bronze,0,1,other,normal,sla_ok
TCK-000322,2026-03-10 21:07:00,2026-03-10,2026-03-09,2026-03-01,21,2,Вторник,0,Первая половина,CUST-0297,R04,Екатеринбург,Урал,team_d,chat,payment,high,3.3,До 5 мин,26.9,24–48 ч,1,SLA нарушен,3.9,Средняя,vip,2024-11-12,platinum,1,1,chat,high,sla_breached
TCK-000006,2026-04-27 10:55:00,2026-04-27,2026-04-27,2026-04-01,10,1,Понедельник,0,Вторая половина,CUST-0099,R03,Казань,Поволжье,team_c,chat,payment,high,1.9,До 5 мин,15.9,8–24 ч,1,SLA нарушен,4.4,Средняя,b2c,2024-04-11,silver,0,1,chat,high,sla_breached
TCK-000984,2026-04-23 21:35:00,2026-04-23,2026-04-20,2026-04-01,21,4,Четверг,0,Вторая половина,CUST-0194,R08,Краснодар,Юг,team_f,email,technical,normal,135.0,Более 60 мин,22.7,8–24 ч,0,SLA выполнен,3.0,Средняя,b2b,2024-07-07,,0,1,email,normal,sla_ok
TCK-000548,2026-03-05 19:56:00,2026-03-05,2026-03-02,2026-03-01,19,4,Четверг,0,Первая половина,CUST-0012,R08,Краснодар,Юг,team_f,chat,payment,normal,3.4,До 5 мин,18.7,8–24 ч,0,SLA выполнен,,,vip,2025-04-30,gold,1,1,chat,normal,sla_ok
TCK-000758,2026-03-09 12:20:00,2026-03-09,2026-03-09,2026-03-01,12,1,Понедельник,0,Первая половина,CUST-0128,R01,Москва,Центр,team_a,email,login,high,10.4,5–15 мин,9.8,8–24 ч,0,SLA выполнен,5.0,Высокая,b2c,2025-06-26,gold,0,1,email,high,sla_ok
TCK-000040,2026-04-14 14:42:00,2026-04-14,2026-04-13,2026-04-01,14,2,Вторник,0,Первая половина,CUST-0245,R02,Санкт-Петербург,Северо-Запад,team_b,chat,account,normal,7.7,5–15 мин,12.7,8–24 ч,0,SLA выполнен,5.0,Высокая,b2c,2024-12-28,bronze,0,1,chat,normal,sla_ok
TCK-000543,2026-05-10 08:29:00,2026-05-10,2026-05-04,2026-05-01,8,7,Воскресенье,1,Вторая половина,CUST-0219,R99,Неизвестный регион,Неизвестно,,phone,account,low,13.9,5–15 мин,5.3,До 8 ч,0,SLA выполнен,5.0,Высокая,vip,2025-03-09,platinum,1,1,other,other,sla_ok
TCK-000243,2026-04-30 16:55:00,2026-04-30,2026-04-27,2026-04-01,16,4,Четверг,0,Вторая половина,CUST-0066,R03,Казань,Поволжье,team_c,phone,refund,normal,16.4,15–30 мин,2.7,До 8 ч,0,SLA выполнен,5.0,Высокая,b2c,2024-04-02,bronze,0,1,other,normal,sla_ok
TCK-000137,2026-03-31 19:35:00,2026-03-31,2026-03-30,2026-03-01,19,2,Вторник,0,Первая половина,CUST-0056,R08,Краснодар,Юг,team_f,web_form,account,high,26.9,15–30 мин,8.5,8–24 ч,0,SLA выполнен,4.4,Средняя,b2b,2025-09-23,gold,0,1,other,high,sla_ok
TCK-001207,2026-04-03 12:20:00,2026-04-03,2026-03-30,2026-04-01,12,5,Пятница,0,Первая половина,CUST-0072,R02,Санкт-Петербург,Северо-Запад,team_b,chat,refund,low,4.9,До 5 мин,8.4,8–24 ч,0,SLA выполнен,5.0,Высокая,b2c,2024-11-26,silver,0,1,chat,other,sla_ok
TCK-000781,2026-05-26 13:24:00,2026-05-26,2026-05-25,2026-05-01,13,2,Вторник,0,Вторая половина,CUST-0248,R01,Москва,Центр,team_a,chat,delivery,normal,3.4,До 5 мин,6.9,До 8 ч,0,SLA выполнен,5.0,Высокая,b2c,2024-05-16,silver,0,1,chat,normal,sla_ok
TCK-001331,2026-05-29 21:18:00,2026-05-29,2026-05-25,2026-05-01,21,5,Пятница,0,Вторая половина,CUST-0322,R02,Санкт-Петербург,Северо-Запад,team_b,phone,payment,normal,6.3,5–15 мин,3.3,До 8 ч,0,SLA выполнен,5.0,Высокая,b2c,2025-07-08,silver,0,1,other,normal,sla_ok
TCK-001076,2026-05-31 20:14:00,2026-05-31,2026-05-25,2026-05-01,20,7,Воскресенье,1,Вторая половина,CUST-0055,R05,Новосибирск,Сибирь,team_e,chat,payment,normal,6.3,5–15 мин,3.9,До 8 ч,0,SLA выполнен,5.0,Высокая,b2b,2025-12-27,silver,0,1,chat,normal,sla_ok
TCK-001376,2026-03-13 12:22:00,2026-03-13,2026-03-09,2026-03-01,12,5,Пятница,0,Первая половина,CUST-0087,R04,Екатеринбург,Урал,team_d,chat,payment,critical,2.6,До 5 мин,23.3,8–24 ч,1,SLA нарушен,4.3,Средняя,b2b,2025-02-24,gold,0,1,chat,other,sla_breached
TCK-000582,2026-05-22 20:21:00,2026-05-22,2026-05-18,2026-05-01,20,5,Пятница,0,Вторая половина,CUST-0227,R05,Новосибирск,Сибирь,team_e,phone,account,high,12.6,5–15 мин,6.6,До 8 ч,0,SLA выполнен,5.0,Высокая,b2c,2024-02-11,bronze,0,1,other,high,sla_ok
TCK-001485,2026-04-25 20:32:00,2026-04-25,2026-04-20,2026-04-01,20,6,Суббота,1,Вторая половина,CUST-0042,R02,Санкт-Петербург,Северо-Запад,team_b,email,login,normal,190.6,Более 60 мин,5.0,До 8 ч,0,SLA выполнен,3.2,Средняя,b2b,2025-05-01,gold,0,1,email,normal,sla_ok
TCK-000797,2026-04-24 12:42:00,2026-04-24,2026-04-20,2026-04-01,12,5,Пятница,0,Вторая половина,CUST-0176,R01,Москва,Центр,team_a,chat,payment,normal,3.7,До 5 мин,5.4,До 8 ч,0,SLA выполнен,5.0,Высокая,b2c,2025-09-05,bronze,0,1,chat,normal,sla_ok
TCK-001399,2026-03-12 11:55:00,2026-03-12,2026-03-09,2026-03-01,11,4,Четверг,0,Первая половина,CUST-0132,R06,Ростов-на-Дону,Юг,team_f,email,technical,high,27.9,15–30 мин,3.1,До 8 ч,1,SLA нарушен,3.9,Средняя,vip,2024-12-24,platinum,1,1,email,high,sla_breached
TCK-000377,2026-05-19 15:35:00,2026-05-19,2026-05-18,2026-05-01,15,2,Вторник,0,Вторая половина,CUST-0121,R07,Нижний Новгород,Поволжье,team_c,phone,technical,normal,2.4,До 5 мин,68.7,48–72 ч,1,SLA нарушен,,,b2c,2025-11-24,silver,0,1,other,normal,sla_breached
TCK-000315,2026-04-25 21:53:00,2026-04-25,2026-04-20,2026-04-01,21,6,Суббота,1,Вторая половина,CUST-0069,R06,Ростов-на-Дону,Юг,team_f,email,delivery,high,11.5,5–15 мин,16.2,8–24 ч,1,SLA нарушен,4.5,Высокая,b2c,2025-01-20,silver,0,1,email,high,sla_breached
TCK-000443,2026-03-25 11:43:00,2026-03-25,2026-03-23,2026-03-01,11,3,Среда,0,Первая половина,CUST-0262,R03,Казань,Поволжье,team_c,email,technical,normal,12.0,5–15 мин,51.1,48–72 ч,1,SLA нарушен,2.0,Низкая,b2b,2025-03-28,silver,0,1,email,normal,sla_breached
TCK-000320,2026-03-20 21:47:00,2026-03-20,2026-03-16,2026-03-01,21,5,Пятница,0,Первая половина,CUST-0002,R03,Казань,Поволжье,team_c,email,delivery,normal,38.8,30–60 мин,34.0,24–48 ч,1,SLA нарушен,2.6,Низкая,b2c,2025-08-03,bronze,0,1,email,normal,sla_breached
TCK-000814,2026-05-22 21:17:00,2026-05-22,2026-05-18,2026-05-01,21,5,Пятница,0,Вторая половина,CUST-0134,R06,Ростов-на-Дону,Юг,team_f,chat,delivery,normal,11.7,5–15 мин,221.6,Более 72 ч,1,SLA нарушен,5.0,Высокая,b2c,2025-10-14,silver,0,1,chat,normal,sla_breached
TCK-001081,2026-03-19 11:50:00,2026-03-19,2026-03-16,2026-03-01,11,4,Четверг,0,Первая половина,CUST-0256,R01,Москва,Центр,team_a,chat,account,high,4.4,До 5 мин,16.2,8–24 ч,1,SLA нарушен,4.4,Средняя,b2b,2024-12-28,silver,0,1,chat,high,sla_breached
TCK-001192,2026-04-15 12:52:00,2026-04-15,2026-04-13,2026-04-01,12,3,Среда,0,Первая половина,CUST-0233,R01,Москва,Центр,team_a,email,refund,normal,31.7,30–60 мин,19.5,8–24 ч,0,SLA выполнен,4.0,Средняя,vip,2025-02-16,gold,1,1,email,normal,sla_ok
TCK-000425,2026-04-28 13:57:00,2026-04-28,2026-04-27,2026-04-01,13,2,Вторник,0,Вторая половина,CUST-0167,R05,Новосибирск,Сибирь,team_e,web_form,payment,high,10.1,5–15 мин,7.8,До 8 ч,0,SLA выполнен,5.0,Высокая,b2b,2025-06-21,gold,0,1,other,high,sla_ok
TCK-000554,2026-04-06 12:51:00,2026-04-06,2026-04-06,2026-04-01,12,1,Понедельник,0,Первая половина,CUST-0083,R06,Ростов-на-Дону,Юг,team_f,chat,payment,low,8.8,5–15 мин,4.7,До 8 ч,0,SLA выполнен,5.0,Высокая,b2b,2025-05-16,gold,0,1,chat,other,sla_ok
TCK-000595,2026-05-21 09:17:00,2026-05-21,2026-05-18,2026-05-01,9,4,Четверг,0,Вторая половина,CUST-0168,R02,Санкт-Петербург,Северо-Запад,team_b,chat,technical,normal,5.1,5–15 мин,14.1,8–24 ч,0,SLA выполнен,4.7,Высокая,b2b,2025-12-09,silver,0,1,chat,normal,sla_ok
TCK-000904,2026-03-27 18:17:00,2026-03-27,2026-03-23,2026-03-01,18,5,Пятница,0,Первая половина,CUST-0046,R06,Ростов-на-Дону,Юг,team_f,chat,technical,normal,5.6,5–15 мин,21.6,8–24 ч,0,SLA выполнен,5.0,Высокая,b2b,2025-03-22,platinum,0,1,chat,normal,sla_ok
TCK-000917,2026-05-08 09:32:00,2026-05-08,2026-05-04,2026-05-01,9,5,Пятница,0,Вторая половина,CUST-0283,R05,Новосибирск,Сибирь,team_e,chat,technical,high,4.3,До 5 мин,49.0,48–72 ч,1,SLA нарушен,3.4,Средняя,b2c,2025-12-22,bronze,0,1,chat,high,sla_breached
TCK-000778,2026-05-21 11:47:00,2026-05-21,2026-05-18,2026-05-01,11,4,Четверг,0,Вторая половина,CUST-0277,R03,Казань,Поволжье,team_c,chat,delivery,high,2.8,До 5 мин,238.0,Более 72 ч,1,SLA нарушен,4.1,Средняя,b2c,2024-05-04,,0,1,chat,high,sla_breached
TCK-001227,2026-06-04 12:17:00,2026-06-04,2026-06-01,2026-06-01,12,4,Четверг,0,Вторая половина,CUST-0018,R01,Москва,Центр,team_a,chat,delivery,normal,12.8,5–15 мин,18.1,8–24 ч,0,SLA выполнен,4.0,Средняя,b2c,2024-03-07,bronze,0,1,chat,normal,sla_ok
TCK-001340,2026-03-19 11:09:00,2026-03-19,2026-03-16,2026-03-01,11,4,Четверг,0,Первая половина,CUST-0164,R02,Санкт-Петербург,Северо-Запад,team_b,chat,delivery,normal,1.7,До 5 мин,30.7,24–48 ч,1,SLA нарушен,3.3,Средняя,b2c,2025-05-28,silver,0,1,chat,normal,sla_breached
TCK-000228,2026-05-06 14:34:00,2026-05-06,2026-05-04,2026-05-01,14,3,Среда,0,Вторая половина,CUST-0206,R04,Екатеринбург,Урал,team_d,phone,delivery,low,13.3,5–15 мин,18.3,8–24 ч,0,SLA выполнен,4.9,Высокая,b2c,2025-07-05,bronze,0,1,other,other,sla_ok
TCK-000723,2026-06-03 20:52:00,2026-06-03,2026-06-01,2026-06-01,20,3,Среда,0,Вторая половина,CUST-0262,R05,Новосибирск,Сибирь,team_e,phone,login,normal,9.2,5–15 мин,2.7,До 8 ч,0,SLA выполнен,4.9,Высокая,b2b,2025-03-28,silver,0,1,other,normal,sla_ok
TCK-000819,2026-04-01 10:51:00,2026-04-01,2026-03-30,2026-04-01,10,3,Среда,0,Первая половина,CUST-0057,R05,Новосибирск,Сибирь,team_e,chat,delivery,normal,6.8,5–15 мин,8.6,8–24 ч,0,SLA выполнен,4.7,Высокая,b2c,2025-02-12,bronze,0,1,chat,normal,sla_ok
TCK-000990,2026-05-05 19:43:00,2026-05-05,2026-05-04,2026-05-01,19,2,Вторник,0,Вторая половина,CUST-0167,R06,Ростов-на-Дону,Юг,team_f,phone,login,normal,6.0,5–15 мин,3.7,До 8 ч,0,SLA выполнен,5.0,Высокая,b2b,2025-06-21,gold,0,1,other,normal,sla_ok
TCK-001098,2026-05-06 12:31:00,2026-05-06,2026-05-04,2026-05-01,12,3,Среда,0,Вторая половина,CUST-0265,R04,Екатеринбург,Урал,team_d,email,delivery,normal,24.6,15–30 мин,7.6,До 8 ч,0,SLA выполнен,4.4,Средняя,vip,2024-07-15,platinum,1,1,email,normal,sla_ok
TCK-000067,2026-04-23 11:09:00,2026-04-23,2026-04-20,2026-04-01,11,4,Четверг,0,Вторая половина,CUST-0040,R02,Санкт-Петербург,Северо-Запад,team_b,chat,technical,normal,3.3,До 5 мин,25.4,24–48 ч,1,SLA нарушен,4.2,Средняя,b2c,2024-03-16,bronze,0,1,chat,normal,sla_breached
TCK-000394,2026-04-23 15:38:00,2026-04-23,2026-04-20,2026-04-01,15,4,Четверг,0,Вторая половина,CUST-0198,R06,Ростов-на-Дону,Юг,team_f,web_form,delivery,normal,4.2,До 5 мин,13.4,8–24 ч,0,SLA выполнен,4.9,Высокая,b2b,2024-02-15,silver,0,1,other,normal,sla_ok
TCK-000580,2026-06-04 16:00:00,2026-06-04,2026-06-01,2026-06-01,16,4,Четверг,0,Вторая половина,CUST-0213,R06,Ростов-на-Дону,Юг,team_f,chat,payment,normal,9.0,5–15 мин,17.7,8–24 ч,0,SLA выполнен,4.5,Высокая,b2c,2024-03-30,silver,0,1,chat,normal,sla_ok
TCK-001000,2026-03-23 10:35:00,2026-03-23,2026-03-23,2026-03-01,10,1,Понедельник,0,Первая половина,CUST-0189,R08,Краснодар,Юг,team_f,phone,delivery,normal,14.8,5–15 мин,62.8,48–72 ч,1,SLA нарушен,,,b2b,2025-10-09,gold,0,1,other,normal,sla_breached
TCK-000212,2026-04-08 17:34:00,2026-04-08,2026-04-06,2026-04-01,17,3,Среда,0,Первая половина,CUST-0062,R02,Санкт-Петербург,Северо-Запад,team_b,chat,payment,critical,2.3,До 5 мин,17.5,8–24 ч,1,SLA нарушен,3.7,Средняя,b2c,2026-01-05,,0,1,chat,other,sla_breached
TCK-001168,2026-04-21 11:20:00,2026-04-21,2026-04-20,2026-04-01,11,2,Вторник,0,Вторая половина,CUST-0312,,Неизвестный регион,Неизвестно,,phone,delivery,high,4.9,До 5 мин,26.6,24–48 ч,1,SLA нарушен,3.9,Средняя,b2c,2024-11-26,silver,0,1,other,high,sla_breached
TCK-001104,2026-05-06 12:18:00,2026-05-06,2026-05-04,2026-05-01,12,3,Среда,0,Вторая половина,CUST-0258,R02,Санкт-Петербург,Северо-Запад,team_b,phone,payment,normal,11.6,5–15 мин,2.5,До 8 ч,0,SLA выполнен,5.0,Высокая,b2c,2025-09-11,bronze,0,1,other,normal,sla_ok
TCK-000537,2026-03-13 17:06:00,2026-03-13,2026-03-09,2026-03-01,17,5,Пятница,0,Первая половина,CUST-0017,R01,Москва,Центр,team_a,chat,account,normal,1.1,До 5 мин,3.2,До 8 ч,0,SLA выполнен,,,b2c,2025-04-03,,0,1,chat,normal,sla_ok
TCK-000725,2026-05-09 10:20:00,2026-05-09,2026-05-04,2026-05-01,10,6,Суббота,1,Вторая половина,CUST-0162,R03,Казань,Поволжье,team_c,chat,technical,high,1.0,До 5 мин,16.9,8–24 ч,1,SLA нарушен,4.7,Высокая,b2b,2025-06-09,gold,0,1,chat,high,sla_breached
TCK-000670,2026-04-18 18:42:00,2026-04-18,2026-04-13,2026-04-01,18,6,Суббота,1,Первая половина,CUST-0097,R01,Москва,Центр,team_a,email,payment,normal,29.6,15–30 мин,18.8,8–24 ч,0,SLA выполнен,3.8,Средняя,b2c,2025-08-05,bronze,0,1,email,normal,sla_ok
TCK-000086,2026-05-01 19:16:00,2026-05-01,2026-04-27,2026-05-01,19,5,Пятница,0,Вторая половина,CUST-0074,R02,Санкт-Петербург,Северо-Запад,team_b,email,delivery,normal,39.3,30–60 мин,5.9,До 8 ч,0,SLA выполнен,3.9,Средняя,b2c,2025-09-03,bronze,0,1,email,normal,sla_ok
TCK-001360,2026-03-09 14:18:00,2026-03-09,2026-03-09,2026-03-01,14,1,Понедельник,0,Первая половина,CUST-0021,R04,Екатеринбург,Урал,team_d,phone,technical,high,2.9,До 5 мин,33.3,24–48 ч,1,SLA нарушен,3.8,Средняя,b2b,2025-07-25,silver,0,1,other,high,sla_breached
TCK-000273,2026-03-16 12:19:00,2026-03-16,2026-03-16,2026-03-01,12,1,Понедельник,0,Первая половина,CUST-0120,R08,Краснодар,Юг,team_f,phone,login,normal,4.8,До 5 мин,5.5,До 8 ч,0,SLA выполнен,,,b2c,2025-11-02,bronze,0,1,other,normal,sla_ok
TCK-000926,2026-06-02 15:25:00,2026-06-02,2026-06-01,2026-06-01,15,2,Вторник,0,Вторая половина,CUST-0157,R02,Санкт-Петербург,Северо-Запад,team_b,web_form,payment,normal,40.0,30–60 мин,9.9,8–24 ч,0,SLA выполнен,4.4,Средняя,b2c,2024-02-04,silver,0,1,other,normal,sla_ok
TCK-000669,2026-04-13 08:47:00,2026-04-13,2026-04-13,2026-04-01,8,1,Понедельник,0,Первая половина,CUST-0228,R02,Санкт-Петербург,Северо-Запад,team_b,email,account,normal,27.0,15–30 мин,3.3,До 8 ч,0,SLA выполнен,,,b2c,2024-06-01,bronze,0,1,email,normal,sla_ok
TCK-001361,2026-05-05 17:14:00,2026-05-05,2026-05-04,2026-05-01,17,2,Вторник,0,Вторая половина,CUST-0099,R04,Екатеринбург,Урал,team_d,web_form,delivery,high,11.9,5–15 мин,21.4,8–24 ч,1,SLA нарушен,3.7,Средняя,b2c,2024-04-11,silver,0,1,other,high,sla_breached
TCK-000631,2026-05-11 17:41:00,2026-05-11,2026-05-11,2026-05-01,17,1,Понедельник,0,Вторая половина,CUST-0152,R01,Москва,Центр,team_a,chat,technical,critical,4.2,До 5 мин,42.6,24–48 ч,1,SLA нарушен,3.7,Средняя,b2b,2025-11-25,silver,0,1,chat,other,sla_breached
TCK-001369,2026-05-31 09:20:00,2026-05-31,2026-05-25,2026-05-01,9,7,Воскресенье,1,Вторая половина,CUST-0130,,Неизвестный регион,Неизвестно,,chat,refund,normal,3.5,До 5 мин,16.9,8–24 ч,0,SLA выполнен,4.7,Высокая,b2c,2024-01-10,gold,0,1,chat,normal,sla_ok
TCK-001410,2026-04-01 12:55:00,2026-04-01,2026-03-30,2026-04-01,12,3,Среда,0,Первая половина,CUST-0289,R03,Казань,Поволжье,team_c,chat,login,normal,4.4,До 5 мин,6.7,До 8 ч,0,SLA выполнен,5.0,Высокая,b2c,2026-01-18,silver,0,1,chat,normal,sla_ok
TCK-001007,2026-03-05 17:23:00,2026-03-05,2026-03-02,2026-03-01,17,4,Четверг,0,Первая половина,CUST-0214,R05,Новосибирск,Сибирь,team_e,web_form,technical,high,26.3,15–30 мин,81.2,Более 72 ч,1,SLA нарушен,1.0,Низкая,b2b,2024-04-08,silver,0,1,other,high,sla_breached
TCK-000274,2026-04-15 18:50:00,2026-04-15,2026-04-13,2026-04-01,18,3,Среда,0,Первая половина,CUST-0102,R04,Екатеринбург,Урал,team_d,phone,account,normal,8.5,5–15 мин,8.8,8–24 ч,0,SLA выполнен,5.0,Высокая,b2b,2025-03-12,gold,0,1,other,normal,sla_ok
TCK-000731,2026-05-22 13:19:00,2026-05-22,2026-05-18,2026-05-01,13,5,Пятница,0,Вторая половина,CUST-0055,R08,Краснодар,Юг,team_f,chat,delivery,normal,3.5,До 5 мин,6.6,До 8 ч,0,SLA выполнен,5.0,Высокая,b2b,2025-12-27,silver,0,1,chat,normal,sla_ok
TCK-000363,2026-03-27 11:20:00,2026-03-27,2026-03-23,2026-03-01,11,5,Пятница,0,Первая половина,CUST-0131,R04,Екатеринбург,Урал,team_d,chat,login,low,7.9,5–15 мин,2.0,До 8 ч,0,SLA выполнен,5.0,Высокая,b2c,2024-03-16,bronze,0,1,chat,other,sla_ok
TCK-000623,2026-03-28 12:44:00,2026-03-28,2026-03-23,2026-03-01,12,6,Суббота,1,Первая половина,CUST-0107,R06,Ростов-на-Дону,Юг,team_f,chat,account,high,4.2,До 5 мин,27.5,24–48 ч,1,SLA нарушен,4.3,Средняя,b2c,2025-04-29,silver,0,1,chat,high,sla_breached
TCK-000003,2026-05-19 13:45:00,2026-05-19,2026-05-18,2026-05-01,13,2,Вторник,0,Вторая половина,CUST-0071,R02,Санкт-Петербург,Северо-Запад,team_b,phone,technical,low,11.1,5–15 мин,7.3,До 8 ч,0,SLA выполнен,5.0,Высокая,b2c,2025-07-29,silver,0,1,other,other,sla_ok
TCK-000007,2026-03-02 20:12:00,2026-03-02,2026-03-02,2026-03-01,20,1,Понедельник,0,Первая половина,CUST-0274,R05,Новосибирск,Сибирь,team_e,phone,delivery,normal,2.0,До 5 мин,5.5,До 8 ч,0,SLA выполнен,,,b2c,2025-05-27,bronze,0,1,other,normal,sla_ok
TCK-000312,2026-04-08 20:43:00,2026-04-08,2026-04-06,2026-04-01,20,3,Среда,0,Первая половина,CUST-0039,R05,Новосибирск,Сибирь,team_e,chat,payment,high,3.2,До 5 мин,10.9,8–24 ч,0,SLA выполнен,4.8,Высокая,b2c,2024-02-09,silver,0,1,chat,high,sla_ok
TCK-000671,2026-05-24 16:03:00,2026-05-24,2026-05-18,2026-05-01,16,7,Воскресенье,1,Вторая половина,CUST-0197,R04,Екатеринбург,Урал,team_d,chat,login,normal,4.0,До 5 мин,6.5,До 8 ч,0,SLA выполнен,4.9,Высокая,b2c,2024-07-12,silver,0,1,chat,normal,sla_ok
TCK-000949,2026-04-01 18:55:00,2026-04-01,2026-03-30,2026-04-01,18,3,Среда,0,Первая половина,CUST-0261,R05,Новосибирск,Сибирь,team_e,web_form,refund,normal,50.4,30–60 мин,6.5,До 8 ч,0,SLA выполнен,4.2,Средняя,b2c,2025-11-20,bronze,0,1,other,normal,sla_ok
TCK-001488,2026-03-10 08:07:00,2026-03-10,2026-03-09,2026-03-01,8,2,Вторник,0,Первая половина,CUST-0143,R03,Казань,Поволжье,team_c,phone,refund,normal,17.1,15–30 мин,30.8,24–48 ч,1,SLA нарушен,3.2,Средняя,vip,2025-02-11,platinum,1,1,other,normal,sla_breached
TCK-000216,2026-03-31 14:36:00,2026-03-31,2026-03-30,2026-03-01,14,2,Вторник,0,Первая половина,CUST-0225,R01,Москва,Центр,team_a,phone,delivery,normal,13.0,5–15 мин,29.4,24–48 ч,1,SLA нарушен,3.6,Средняя,b2c,2025-10-04,gold,0,1,other,normal,sla_breached
TCK-000692,2026-03-23 08:25:00,2026-03-23,2026-03-23,2026-03-01,8,1,Понедельник,0,Первая половина,CUST-0222,R01,Москва,Центр,team_a,email,technical,normal,10.0,5–15 мин,26.6,24–48 ч,1,SLA нарушен,3.3,Средняя,b2c,2025-11-03,silver,0,1,email,normal,sla_breached
TCK-000028,2026-05-17 17:19:00,2026-05-17,2026-05-11,2026-05-01,17,7,Воскресенье,1,Вторая половина,CUST-0246,R02,Санкт-Петербург,Северо-Запад,team_b,chat,login,high,5.0,5–15 мин,4.0,До 8 ч,0,SLA выполнен,5.0,Высокая,b2b,2025-07-14,silver,0,1,chat,high,sla_ok
TCK-001088,2026-04-06 10:12:00,2026-04-06,2026-04-06,2026-04-01,10,1,Понедельник,0,Первая половина,CUST-0016,R02,Санкт-Петербург,Северо-Запад,team_b,chat,account,normal,3.5,До 5 мин,3.6,До 8 ч,0,SLA выполнен,5.0,Высокая,b2c,2025-07-27,bronze,0,1,chat,normal,sla_ok
TCK-000933,2026-06-08 18:51:00,2026-06-08,2026-06-08,2026-06-01,18,1,Понедельник,0,Вторая половина,CUST-0135,R04,Екатеринбург,Урал,team_d,phone,login,high,1.9,До 5 мин,11.3,8–24 ч,0,SLA выполнен,5.0,Высокая,b2c,2024-12-06,silver,0,1,other,high,sla_ok
TCK-001285,2026-03-14 19:47:00,2026-03-14,2026-03-09,2026-03-01,19,6,Суббота,1,Первая половина,CUST-0026,R03,Казань,Поволжье,team_c,chat,payment,normal,8.5,5–15 мин,14.9,8–24 ч,0,SLA выполнен,5.0,Высокая,b2c,2025-09-24,silver,0,1,chat,normal,sla_ok
TCK-000639,2026-03-14 19:31:00,2026-03-14,2026-03-09,2026-03-01,19,6,Суббота,1,Первая половина,CUST-0324,R03,Казань,Поволжье,team_c,phone,account,normal,4.1,До 5 мин,5.6,До 8 ч,0,SLA выполнен,5.0,Высокая,b2c,2025-05-26,silver,0,1,other,normal,sla_ok
TCK-000760,2026-04-16 19:23:00,2026-04-16,2026-04-13,2026-04-01,19,4,Четверг,0,Первая половина,CUST-0030,R04,Екатеринбург,Урал,team_d,chat,account,high,7.9,5–15 мин,16.8,8–24 ч,1,SLA нарушен,4.5,Высокая,b2b,2025-09-10,silver,0,1,chat,high,sla_breached
TCK-001309,2026-05-20 15:43:00,2026-05-20,2026-05-18,2026-05-01,15,3,Среда,0,Вторая половина,CUST-0323,R04,Екатеринбург,Урал,team_d,chat,payment,normal,3.6,До 5 мин,9.1,8–24 ч,0,SLA выполнен,5.0,Высокая,b2c,2025-03-08,silver,0,1,chat,normal,sla_ok
TCK-000625,2026-06-04 20:55:00,2026-06-04,2026-06-01,2026-06-01,20,4,Четверг,0,Вторая половина,CUST-0126,R06,Ростов-на-Дону,Юг,team_f,chat,technical,low,6.3,5–15 мин,22.2,8–24 ч,0,SLA выполнен,4.8,Высокая,b2c,2025-04-09,silver,0,1,chat,other,sla_ok
TCK-000859,2026-03-31 09:59:00,2026-03-31,2026-03-30,2026-03-01,9,2,Вторник,0,Первая половина,CUST-0090,R06,Ростов-на-Дону,Юг,team_f,phone,payment,normal,11.0,5–15 мин,14.7,8–24 ч,0,SLA выполнен,5.0,Высокая,b2c,2024-05-04,gold,0,1,other,normal,sla_ok
TCK-000257,2026-03-30 17:42:00,2026-03-30,2026-03-30,2026-03-01,17,1,Понедельник,0,Первая половина,CUST-0217,R01,Москва,Центр,team_a,chat,delivery,normal,4.8,До 5 мин,19.9,8–24 ч,0,SLA выполнен,4.5,Высокая,b2c,2025-03-02,silver,0,1,chat,normal,sla_ok
TCK-000026,2026-04-28 21:15:00,2026-04-28,2026-04-27,2026-04-01,21,2,Вторник,0,Вторая половина,CUST-0101,R02,Санкт-Петербург,Северо-Запад,team_b,chat,technical,low,9.3,5–15 мин,24.7,24–48 ч,0,SLA выполнен,4.6,Высокая,b2b,2024-05-19,silver,0,1,chat,other,sla_ok
TCK-000337,2026-04-15 17:33:00,2026-04-15,2026-04-13,2026-04-01,17,3,Среда,0,Первая половина,CUST-0257,R01,Москва,Центр,team_a,web_form,account,normal,50.0,30–60 мин,7.4,До 8 ч,0,SLA выполнен,4.7,Высокая,b2b,2025-03-04,silver,0,1,other,normal,sla_ok
TCK-000573,2026-06-05 20:26:00,2026-06-05,2026-06-01,2026-06-01,20,5,Пятница,0,Вторая половина,CUST-0240,R03,Казань,Поволжье,team_c,web_form,account,critical,14.6,5–15 мин,28.5,24–48 ч,1,SLA нарушен,2.8,Низкая,b2c,2025-05-01,bronze,0,1,other,other,sla_breached
TCK-000048,2026-05-05 08:42:00,2026-05-05,2026-05-04,2026-05-01,8,2,Вторник,0,Вторая половина,CUST-0275,R05,Новосибирск,Сибирь,team_e,web_form,technical,normal,13.6,5–15 мин,63.4,48–72 ч,1,SLA нарушен,2.4,Низкая,b2b,2024-12-15,gold,0,1,other,normal,sla_breached
TCK-000107,2026-04-02 21:50:00,2026-04-02,2026-03-30,2026-04-01,21,4,Четверг,0,Первая половина,CUST-0322,R03,Казань,Поволжье,team_c,chat,login,normal,4.0,До 5 мин,3.1,До 8 ч,0,SLA выполнен,5.0,Высокая,b2c,2025-07-08,silver,0,1,chat,normal,sla_ok
TCK-000350,2026-03-23 08:16:00,2026-03-23,2026-03-23,2026-03-01,8,1,Понедельник,0,Первая половина,CUST-0082,R03,Казань,Поволжье,team_c,email,account,normal,12.6,5–15 мин,9.9,8–24 ч,0,SLA выполнен,4.9,Высокая,b2c,2025-08-25,gold,0,1,email,normal,sla_ok
TCK-000056,2026-05-13 21:40:00,2026-05-13,2026-05-11,2026-05-01,21,3,Среда,0,Вторая половина,CUST-0232,R01,Москва,Центр,team_a,chat,refund,normal,4.2,До 5 мин,33.8,24–48 ч,1,SLA нарушен,3.6,Средняя,b2c,2025-07-14,bronze,0,1,chat,normal,sla_breached
TCK-000817,2026-04-02 19:00:00,2026-04-02,2026-03-30,2026-04-01,19,4,Четверг,0,Первая половина,CUST-0218,R01,Москва,Центр,team_a,web_form,technical,high,19.2,15–30 мин,42.2,24–48 ч,0,SLA выполнен,3.7,Средняя,b2c,2025-08-11,silver,0,1,other,high,sla_ok
TCK-000214,2026-05-21 13:17:00,2026-05-21,2026-05-18,2026-05-01,13,4,Четверг,0,Вторая половина,CUST-0237,R08,Краснодар,Юг,team_f,chat,account,normal,3.5,До 5 мин,11.4,8–24 ч,0,SLA выполнен,5.0,Высокая,b2c,2025-02-06,bronze,0,1,chat,normal,sla_ok
TCK-000121,2026-06-03 08:03:00,2026-06-03,2026-06-01,2026-06-01,8,3,Среда,0,Вторая половина,CUST-0232,R01,Москва,Центр,team_a,chat,refund,high,2.4,До 5 мин,24.2,24–48 ч,1,SLA нарушен,4.6,Высокая,b2c,2025-07-14,bronze,0,1,chat,high,sla_breached
TCK-001487,2026-03-05 12:16:00,2026-03-05,2026-03-02,2026-03-01,12,4,Четверг,0,Первая половина,CUST-0271,R04,Екатеринбург,Урал,team_d,chat,technical,low,2.7,До 5 мин,40.6,24–48 ч,0,SLA выполнен,,,b2c,2025-02-28,bronze,0,1,chat,other,sla_ok
TCK-000744,2026-05-27 08:38:00,2026-05-27,2026-05-25,2026-05-01,8,3,Среда,0,Вторая половина,CUST-0046,R03,Казань,Поволжье,team_c,chat,delivery,low,8.6,5–15 мин,8.2,8–24 ч,0,SLA выполнен,5.0,Высокая,b2b,2025-03-22,platinum,0,1,chat,other,sla_ok
TCK-000073,2026-04-25 15:16:00,2026-04-25,2026-04-20,2026-04-01,15,6,Суббота,1,Вторая половина,CUST-0039,R03,Казань,Поволжье,team_c,phone,delivery,high,9.8,5–15 мин,25.1,24–48 ч,1,SLA нарушен,3.5,Средняя,b2c,2024-02-09,silver,0,1,other,high,sla_breached
TCK-000788,2026-04-28 12:25:00,2026-04-28,2026-04-27,2026-04-01,12,2,Вторник,0,Вторая половина,CUST-0223,R06,Ростов-на-Дону,Юг,team_f,web_form,delivery,high,4.3,До 5 мин,25.2,24–48 ч,1,SLA нарушен,3.8,Средняя,b2c,2024-12-20,bronze,0,1,other,high,sla_breached
TCK-001440,2026-05-27 08:30:00,2026-05-27,2026-05-25,2026-05-01,8,3,Среда,0,Вторая половина,CUST-0170,R03,Казань,Поволжье,team_c,web_form,refund,high,30.4,30–60 мин,38.9,24–48 ч,1,SLA нарушен,2.9,Низкая,vip,2024-01-23,gold,1,1,other,high,sla_breached
TCK-000046,2026-05-04 20:34:00,2026-05-04,2026-05-04,2026-05-01,20,1,Понедельник,0,Вторая половина,CUST-0038,R04,Екатеринбург,Урал,team_d,email,technical,low,90.9,Более 60 мин,32.6,24–48 ч,0,SLA выполнен,3.0,Средняя,b2c,2025-04-11,bronze,0,1,email,other,sla_ok
TCK-001274,2026-06-08 11:09:00,2026-06-08,2026-06-08,2026-06-01,11,1,Понедельник,0,Вторая половина,CUST-0157,R05,Новосибирск,Сибирь,team_e,chat,payment,high,2.9,До 5 мин,16.5,8–24 ч,1,SLA нарушен,4.0,Средняя,b2c,2024-02-04,silver,0,1,chat,high,sla_breached
TCK-000524,2026-04-22 18:27:00,2026-04-22,2026-04-20,2026-04-01,18,3,Среда,0,Вторая половина,CUST-0106,R03,Казань,Поволжье,team_c,chat,account,low,9.0,5–15 мин,8.0,8–24 ч,0,SLA выполнен,4.6,Высокая,b2b,2025-09-08,gold,0,1,chat,other,sla_ok
TCK-001244,2026-03-24 10:04:00,2026-03-24,2026-03-23,2026-03-01,10,2,Вторник,0,Первая половина,CUST-0239,R01,Москва,Центр,team_a,chat,technical,normal,1.2,До 5 мин,33.6,24–48 ч,1,SLA нарушен,3.9,Средняя,b2c,2024-02-25,bronze,0,1,chat,normal,sla_breached
TCK-000799,2026-05-09 15:50:00,2026-05-09,2026-05-04,2026-05-01,15,6,Суббота,1,Вторая половина,CUST-0125,R04,Екатеринбург,Урал,team_d,chat,technical,high,2.3,До 5 мин,15.1,8–24 ч,1,SLA нарушен,4.0,Средняя,b2c,2025-01-12,bronze,0,1,chat,high,sla_breached
TCK-001378,2026-04-22 16:24:00,2026-04-22,2026-04-20,2026-04-01,16,3,Среда,0,Вторая половина,CUST-0201,,Неизвестный регион,Неизвестно,,chat,technical,critical,5.1,5–15 мин,17.4,8–24 ч,1,SLA нарушен,3.8,Средняя,b2b,2026-02-03,gold,0,1,chat,other,sla_breached
TCK-000803,2026-04-16 11:41:00,2026-04-16,2026-04-13,2026-04-01,11,4,Четверг,0,Первая половина,CUST-0252,R05,Новосибирск,Сибирь,team_e,email,refund,normal,61.8,Более 60 мин,11.0,8–24 ч,0,SLA выполнен,4.0,Средняя,b2b,2024-05-24,silver,0,1,email,normal,sla_ok
TCK-000534,2026-03-18 14:53:00,2026-03-18,2026-03-16,2026-03-01,14,3,Среда,0,Первая половина,CUST-0286,R01,Москва,Центр,team_a,email,technical,high,54.2,30–60 мин,33.5,24–48 ч,1,SLA нарушен,2.4,Низкая,b2c,2024-04-04,bronze,0,1,email,high,sla_breached
TCK-001145,2026-05-18 17:04:00,2026-05-18,2026-05-18,2026-05-01,17,1,Понедельник,0,Вторая половина,CUST-0079,R01,Москва,Центр,team_a,phone,payment,high,3.9,До 5 мин,21.4,8–24 ч,1,SLA нарушен,4.0,Средняя,b2c,2025-08-06,silver,0,1,other,high,sla_breached
TCK-000604,2026-04-28 10:33:00,2026-04-28,2026-04-27,2026-04-01,10,2,Вторник,0,Вторая половина,CUST-0024,R07,Нижний Новгород,Поволжье,team_c,chat,refund,normal,2.6,До 5 мин,16.6,8–24 ч,0,SLA выполнен,4.7,Высокая,b2b,2026-01-27,silver,0,1,chat,normal,sla_ok
TCK-000466,2026-04-15 14:11:00,2026-04-15,2026-04-13,2026-04-01,14,3,Среда,0,Первая половина,CUST-0223,R01,Москва,Центр,team_a,phone,delivery,normal,2.0,До 5 мин,21.9,8–24 ч,0,SLA выполнен,4.9,Высокая,b2c,2024-12-20,bronze,0,1,other,normal,sla_ok
TCK-001167,2026-05-27 11:12:00,2026-05-27,2026-05-25,2026-05-01,11,3,Среда,0,Вторая половина,CUST-0177,R06,Ростов-на-Дону,Юг,team_f,chat,refund,normal,11.9,5–15 мин,12.9,8–24 ч,0,SLA выполнен,4.7,Высокая,b2c,2025-09-30,silver,0,1,chat,normal,sla_ok
TCK-001288,2026-03-05 17:36:00,2026-03-05,2026-03-02,2026-03-01,17,4,Четверг,0,Первая половина,CUST-0064,R01,Москва,Центр,team_a,chat,payment,normal,2.9,До 5 мин,8.7,8–24 ч,0,SLA выполнен,4.9,Высокая,b2b,2024-04-04,gold,0,1,chat,normal,sla_ok
TCK-001176,2026-05-13 15:50:00,2026-05-13,2026-05-11,2026-05-01,15,3,Среда,0,Вторая половина,CUST-0220,R07,Нижний Новгород,Поволжье,team_c,email,account,normal,87.8,Более 60 мин,4.8,До 8 ч,0,SLA выполнен,3.4,Средняя,b2c,2025-05-12,silver,0,1,email,normal,sla_ok
TCK-001097,2026-05-09 09:57:00,2026-05-09,2026-05-04,2026-05-01,9,6,Суббота,1,Вторая половина,CUST-0310,R07,Нижний Новгород,Поволжье,team_c,phone,delivery,normal,8.3,5–15 мин,19.5,8–24 ч,0,SLA выполнен,5.0,Высокая,b2c,2024-01-29,bronze,0,1,other,normal,sla_ok
TCK-000061,2026-05-19 20:39:00,2026-05-19,2026-05-18,2026-05-01,20,2,Вторник,0,Вторая половина,CUST-0124,R01,Москва,Центр,team_a,web_form,delivery,low,143.7,Более 60 мин,14.6,8–24 ч,0,SLA выполнен,3.3,Средняя,b2c,2024-04-06,bronze,0,1,other,other,sla_ok
TCK-001204,2026-03-04 19:45:00,2026-03-04,2026-03-02,2026-03-01,19,3,Среда,0,Первая половина,CUST-0155,R07,Нижний Новгород,Поволжье,team_c,chat,account,normal,14.7,5–15 мин,9.9,8–24 ч,0,SLA выполнен,5.0,Высокая,b2c,2025-09-06,bronze,0,1,chat,normal,sla_ok
TCK-000093,2026-03-20 17:56:00,2026-03-20,2026-03-16,2026-03-01,17,5,Пятница,0,Первая половина,CUST-0140,R03,Казань,Поволжье,team_c,email,refund,normal,77.1,Более 60 мин,28.5,24–48 ч,1,SLA нарушен,2.7,Низкая,b2c,2024-12-15,bronze,0,1,email,normal,sla_breached
TCK-000667,2026-05-12 20:37:00,2026-05-12,2026-05-11,2026-05-01,20,2,Вторник,0,Вторая половина,CUST-0151,R08,Краснодар,Юг,team_f,chat,delivery,normal,2.8,До 5 мин,3.6,До 8 ч,0,SLA выполнен,5.0,Высокая,b2b,2024-02-04,gold,0,1,chat,normal,sla_ok
TCK-000793,2026-04-13 20:33:00,2026-04-13,2026-04-13,2026-04-01,20,1,Понедельник,0,Первая половина,CUST-0120,R06,Ростов-на-Дону,Юг,team_f,web_form,payment,critical,11.5,5–15 мин,45.2,24–48 ч,1,SLA нарушен,2.6,Низкая,b2c,2025-11-02,bronze,0,1,other,other,sla_breached
TCK-000195,2026-05-18 19:56:00,2026-05-18,2026-05-18,2026-05-01,19,1,Понедельник,0,Вторая половина,CUST-0003,R02,Санкт-Петербург,Северо-Запад,team_b,email,refund,normal,42.8,30–60 мин,55.8,48–72 ч,1,SLA нарушен,2.4,Низкая,b2b,2024-01-28,gold,0,1,email,normal,sla_breached
TCK-000281,2026-06-07 15:41:00,2026-06-07,2026-06-01,2026-06-01,15,7,Воскресенье,1,Вторая половина,CUST-0009,R06,Ростов-на-Дону,Юг,team_f,phone,account,high,3.9,До 5 мин,19.9,8–24 ч,1,SLA нарушен,,,b2c,2025-12-26,bronze,0,1,other,high,sla_breached
TCK-000696,2026-04-02 16:10:00,2026-04-02,2026-03-30,2026-04-01,16,4,Четверг,0,Первая половина,CUST-0126,R06,Ростов-на-Дону,Юг,team_f,email,payment,low,56.8,30–60 мин,10.4,8–24 ч,1,SLA нарушен,4.1,Средняя,b2c,2025-04-09,silver,0,1,email,other,sla_breached
TCK-000360,2026-06-06 11:00:00,2026-06-06,2026-06-01,2026-06-01,11,6,Суббота,1,Вторая половина,CUST-0098,R02,Санкт-Петербург,Северо-Запад,team_b,web_form,technical,normal,43.9,30–60 мин,36.9,24–48 ч,1,SLA нарушен,,,b2c,2024-10-29,bronze,0,1,other,normal,sla_breached
TCK-000520,2026-04-06 20:11:00,2026-04-06,2026-04-06,2026-04-01,20,1,Понедельник,0,Первая половина,CUST-0118,R02,Санкт-Петербург,Северо-Запад,team_b,chat,payment,normal,10.3,5–15 мин,9.0,8–24 ч,0,SLA выполнен,5.0,Высокая,b2b,2024-04-03,platinum,0,1,chat,normal,sla_ok
TCK-000821,2026-06-04 18:36:00,2026-06-04,2026-06-01,2026-06-01,18,4,Четверг,0,Вторая половина,CUST-0240,R04,Екатеринбург,Урал,team_d,email,delivery,normal,33.5,30–60 мин,20.0,8–24 ч,0,SLA выполнен,3.8,Средняя,b2c,2025-05-01,bronze,0,1,email,normal,sla_ok
TCK-001054,2026-03-24 21:21:00,2026-03-24,2026-03-23,2026-03-01,21,2,Вторник,0,Первая половина,CUST-0186,R05,Новосибирск,Сибирь,team_e,phone,login,normal,26.3,15–30 мин,1.8,До 8 ч,0,SLA выполнен,4.6,Высокая,b2c,2024-01-05,bronze,0,1,other,normal,sla_ok
TCK-000183,2026-05-12 20:40:00,2026-05-12,2026-05-11,2026-05-01,20,2,Вторник,0,Вторая половина,CUST-0114,R03,Казань,Поволжье,team_c,chat,payment,normal,2.2,До 5 мин,6.6,До 8 ч,0,SLA выполнен,5.0,Высокая,b2c,2025-07-21,silver,0,1,chat,normal,sla_ok
TCK-001034,2026-03-26 16:40:00,2026-03-26,2026-03-23,2026-03-01,16,4,Четверг,0,Первая половина,CUST-0091,R04,Екатеринбург,Урал,team_d,chat,payment,normal,8.1,5–15 мин,6.2,До 8 ч,0,SLA выполнен,5.0,Высокая,b2c,2026-01-29,silver,0,1,chat,normal,sla_ok
TCK-000111,2026-04-21 18:46:00,2026-04-21,2026-04-20,2026-04-01,18,2,Вторник,0,Вторая половина,CUST-0142,R03,Казань,Поволжье,team_c,chat,refund,normal,2.9,До 5 мин,29.0,24–48 ч,1,SLA нарушен,3.9,Средняя,b2c,2024-08-26,silver,0,1,chat,normal,sla_breached
TCK-000043,2026-04-15 13:38:00,2026-04-15,2026-04-13,2026-04-01,13,3,Среда,0,Первая половина,CUST-0174,R02,Санкт-Петербург,Северо-Запад,team_b,chat,payment,low,3.4,До 5 мин,29.7,24–48 ч,0,SLA выполнен,4.8,Высокая,vip,2024-04-22,gold,1,1,chat,other,sla_ok
TCK-000925,2026-06-01 16:28:00,2026-06-01,2026-06-01,2026-06-01,16,1,Понедельник,0,Вторая половина,CUST-0196,R01,Москва,Центр,team_a,chat,delivery,normal,4.1,До 5 мин,5.3,До 8 ч,0,SLA выполнен,5.0,Высокая,b2c,2025-11-02,bronze,0,1,chat,normal,sla_ok
TCK-000205,2026-04-20 21:04:00,2026-04-20,2026-04-20,2026-04-01,21,1,Понедельник,0,Вторая половина,CUST-0259,R02,Санкт-Петербург,Северо-Запад,team_b,email,delivery,high,8.2,5–15 мин,20.0,8–24 ч,1,SLA нарушен,3.1,Средняя,b2c,2024-07-20,bronze,0,1,email,high,sla_breached
TCK-000830,2026-03-26 18:20:00,2026-03-26,2026-03-23,2026-03-01,18,4,Четверг,0,Первая половина,CUST-0002,R02,Санкт-Петербург,Северо-Запад,team_b,chat,account,high,2.6,До 5 мин,5.5,До 8 ч,0,SLA выполнен,5.0,Высокая,b2c,2025-08-03,bronze,0,1,chat,high,sla_ok
TCK-000053,2026-04-15 10:56:00,2026-04-15,2026-04-13,2026-04-01,10,3,Среда,0,Первая половина,CUST-0054,R03,Казань,Поволжье,team_c,web_form,login,normal,42.7,30–60 мин,11.9,8–24 ч,0,SLA выполнен,4.5,Высокая,b2c,2025-08-26,silver,0,1,other,normal,sla_ok
TCK-000546,2026-04-19 14:33:00,2026-04-19,2026-04-13,2026-04-01,14,7,Воскресенье,1,Первая половина,CUST-0319,R05,Новосибирск,Сибирь,team_e,chat,payment,normal,6.1,5–15 мин,10.2,8–24 ч,0,SLA выполнен,5.0,Высокая,b2c,2024-10-04,silver,0,1,chat,normal,sla_ok
TCK-001142,2026-03-27 14:45:00,2026-03-27,2026-03-23,2026-03-01,14,5,Пятница,0,Первая половина,CUST-0112,R05,Новосибирск,Сибирь,team_e,email,login,high,25.4,15–30 мин,3.1,До 8 ч,0,SLA выполнен,4.7,Высокая,b2c,2026-02-18,silver,0,1,email,high,sla_ok
TCK-000905,2026-04-29 17:47:00,2026-04-29,2026-04-27,2026-04-01,17,3,Среда,0,Вторая половина,CUST-0077,R02,Санкт-Петербург,Северо-Запад,team_b,chat,technical,low,10.7,5–15 мин,30.7,24–48 ч,0,SLA выполнен,4.3,Средняя,b2c,2025-07-31,silver,0,1,chat,other,sla_ok
TCK-000866,2026-05-16 15:54:00,2026-05-16,2026-05-11,2026-05-01,15,6,Суббота,1,Вторая половина,CUST-0036,R04,Екатеринбург,Урал,team_d,phone,refund,normal,9.8,5–15 мин,78.7,Более 72 ч,1,SLA нарушен,2.0,Низкая,b2c,2024-07-19,silver,0,1,other,normal,sla_breached
TCK-001080,2026-04-30 14:08:00,2026-04-30,2026-04-27,2026-04-01,14,4,Четверг,0,Вторая половина,CUST-0013,R04,Екатеринбург,Урал,team_d,web_form,refund,high,11.1,5–15 мин,69.0,48–72 ч,1,SLA нарушен,1.8,Низкая,b2c,2025-05-17,silver,0,1,other,high,sla_breached
TCK-000184,2026-05-27 21:20:00,2026-05-27,2026-05-25,2026-05-01,21,3,Среда,0,Вторая половина,CUST-0102,R07,Нижний Новгород,Поволжье,team_c,email,payment,low,96.8,Более 60 мин,5.2,До 8 ч,0,SLA выполнен,3.7,Средняя,b2b,2025-03-12,gold,0,1,email,other,sla_ok
TCK-000138,2026-03-04 17:18:00,2026-03-04,2026-03-02,2026-03-01,17,3,Среда,0,Первая половина,CUST-0224,R02,Санкт-Петербург,Северо-Запад,team_b,chat,login,normal,1.7,До 5 мин,1.2,До 8 ч,0,SLA выполнен,5.0,Высокая,vip,2024-05-02,platinum,1,1,chat,normal,sla_ok
TCK-001299,2026-06-08 09:34:00,2026-06-08,2026-06-08,2026-06-01,9,1,Понедельник,0,Вторая половина,CUST-0211,R01,Москва,Центр,team_a,chat,refund,high,1.2,До 5 мин,49.0,48–72 ч,1,SLA нарушен,3.6,Средняя,b2b,2024-12-26,gold,0,1,chat,high,sla_breached
TCK-000081,2026-06-07 11:27:00,2026-06-07,2026-06-01,2026-06-01,11,7,Воскресенье,1,Вторая половина,CUST-0134,R03,Казань,Поволжье,team_c,email,technical,high,30.7,30–60 мин,49.9,48–72 ч,1,SLA нарушен,1.7,Низкая,b2c,2025-10-14,silver,0,1,email,high,sla_breached
TCK-001222,2026-04-24 17:14:00,2026-04-24,2026-04-20,2026-04-01,17,5,Пятница,0,Вторая половина,CUST-0289,R04,Екатеринбург,Урал,team_d,chat,delivery,normal,3.2,До 5 мин,6.9,До 8 ч,0,SLA выполнен,5.0,Высокая,b2c,2026-01-18,silver,0,1,chat,normal,sla_ok
TCK-000106,2026-03-13 10:34:00,2026-03-13,2026-03-09,2026-03-01,10,5,Пятница,0,Первая половина,CUST-0045,R05,Новосибирск,Сибирь,team_e,chat,payment,normal,6.2,5–15 мин,12.1,8–24 ч,0,SLA выполнен,5.0,Высокая,b2b,2024-04-12,gold,0,1,chat,normal,sla_ok
TCK-000542,2026-03-11 14:12:00,2026-03-11,2026-03-09,2026-03-01,14,3,Среда,0,Первая половина,CUST-0153,R05,Новосибирск,Сибирь,team_e,phone,delivery,low,1.0,До 5 мин,15.5,8–24 ч,0,SLA выполнен,4.9,Высокая,b2c,2025-06-24,bronze,0,1,other,other,sla_ok
TCK-001479,2026-04-14 19:32:00,2026-04-14,2026-04-13,2026-04-01,19,2,Вторник,0,Первая половина,CUST-0220,R06,Ростов-на-Дону,Юг,team_f,email,delivery,low,60.5,Более 60 мин,2.6,До 8 ч,0,SLA выполнен,4.1,Средняя,b2c,2025-05-12,silver,0,1,email,other,sla_ok
TCK-000481,2026-03-05 19:48:00,2026-03-05,2026-03-02,2026-03-01,19,4,Четверг,0,Первая половина,CUST-0133,R05,Новосибирск,Сибирь,team_e,chat,account,normal,6.0,5–15 мин,3.2,До 8 ч,0,SLA выполнен,5.0,Высокая,b2c,2025-07-24,bronze,0,1,chat,normal,sla_ok
TCK-000166,2026-04-03 13:13:00,2026-04-03,2026-03-30,2026-04-01,13,5,Пятница,0,Первая половина,CUST-0217,R06,Ростов-на-Дону,Юг,team_f,chat,payment,high,2.1,До 5 мин,28.4,24–48 ч,1,SLA нарушен,4.6,Высокая,b2c,2025-03-02,silver,0,1,chat,high,sla_breached
TCK-000249,2026-06-02 09:03:00,2026-06-02,2026-06-01,2026-06-01,9,2,Вторник,0,Вторая половина,CUST-0295,R02,Санкт-Петербург,Северо-Запад,team_b,phone,delivery,high,11.4,5–15 мин,49.2,48–72 ч,1,SLA нарушен,2.8,Низкая,b2b,2025-09-12,gold,0,1,other,high,sla_breached
TCK-000308,2026-05-22 19:14:00,2026-05-22,2026-05-18,2026-05-01,19,5,Пятница,0,Вторая половина,CUST-0255,R07,Нижний Новгород,Поволжье,team_c,email,technical,high,55.9,30–60 мин,95.8,Более 72 ч,1,SLA нарушен,1.4,Низкая,b2c,2025-04-12,silver,0,1,email,high,sla_breached
TCK-000447,2026-04-12 08:03:00,2026-04-12,2026-04-06,2026-04-01,8,7,Воскресенье,1,Первая половина,CUST-0224,R04,Екатеринбург,Урал,team_d,chat,refund,high,1.8,До 5 мин,52.6,48–72 ч,1,SLA нарушен,2.8,Низкая,vip,2024-05-02,platinum,1,1,chat,high,sla_breached
TCK-000755,2026-04-06 21:27:00,2026-04-06,2026-04-06,2026-04-01,21,1,Понедельник,0,Первая половина,CUST-0238,R07,Нижний Новгород,Поволжье,team_c,phone,delivery,normal,17.3,15–30 мин,12.9,8–24 ч,0,SLA выполнен,4.7,Высокая,b2b,2024-02-13,silver,0,1,other,normal,sla_ok
TCK-000335,2026-05-25 08:58:00,2026-05-25,2026-05-25,2026-05-01,8,1,Понедельник,0,Вторая половина,CUST-0007,R03,Казань,Поволжье,team_c,email,technical,normal,26.2,15–30 мин,38.1,24–48 ч,1,SLA нарушен,2.1,Низкая,b2b,2025-02-01,gold,0,1,email,normal,sla_breached
TCK-000098,2026-04-13 14:32:00,2026-04-13,2026-04-13,2026-04-01,14,1,Понедельник,0,Первая половина,CUST-0089,R01,Москва,Центр,team_a,email,delivery,high,19.7,15–30 мин,19.1,8–24 ч,1,SLA нарушен,4.5,Высокая,b2c,2024-09-04,bronze,0,1,email,high,sla_breached
TCK-000768,2026-03-18 15:23:00,2026-03-18,2026-03-16,2026-03-01,15,3,Среда,0,Первая половина,CUST-0193,R05,Новосибирск,Сибирь,team_e,web_form,payment,critical,21.7,15–30 мин,4.4,До 8 ч,0,SLA выполнен,4.6,Высокая,b2c,2026-01-30,gold,0,1,other,other,sla_ok
TCK-000738,2026-05-02 08:38:00,2026-05-02,2026-04-27,2026-05-01,8,6,Суббота,1,Вторая половина,CUST-0165,R07,Нижний Новгород,Поволжье,team_c,web_form,login,critical,2.7,До 5 мин,13.4,8–24 ч,1,SLA нарушен,3.7,Средняя,b2c,2025-05-07,bronze,0,1,other,other,sla_breached
TCK-000846,2026-04-29 20:44:00,2026-04-29,2026-04-27,2026-04-01,20,3,Среда,0,Вторая половина,CUST-0067,R03,Казань,Поволжье,team_c,web_form,delivery,critical,19.6,15–30 мин,27.8,24–48 ч,1,SLA нарушен,3.4,Средняя,b2c,2025-07-23,bronze,0,1,other,other,sla_breached
TCK-000953,2026-04-09 10:30:00,2026-04-09,2026-04-06,2026-04-01,10,4,Четверг,0,Первая половина,CUST-0291,R07,Нижний Новгород,Поволжье,team_c,chat,account,normal,7.4,5–15 мин,10.0,8–24 ч,0,SLA выполнен,5.0,Высокая,b2b,2024-03-14,silver,0,1,chat,normal,sla_ok
TCK-000103,2026-06-03 08:43:00,2026-06-03,2026-06-01,2026-06-01,8,3,Среда,0,Вторая половина,CUST-0057,R05,Новосибирск,Сибирь,team_e,email,technical,high,11.2,5–15 мин,33.5,24–48 ч,1,SLA нарушен,3.1,Средняя,b2c,2025-02-12,bronze,0,1,email,high,sla_breached
TCK-000435,2026-04-26 15:56:00,2026-04-26,2026-04-20,2026-04-01,15,7,Воскресенье,1,Вторая половина,CUST-0201,R02,Санкт-Петербург,Северо-Запад,team_b,phone,delivery,high,2.0,До 5 мин,6.6,До 8 ч,0,SLA выполнен,4.7,Высокая,b2b,2026-02-03,gold,0,1,other,high,sla_ok
TCK-000075,2026-03-31 14:09:00,2026-03-31,2026-03-30,2026-03-01,14,2,Вторник,0,Первая половина,CUST-0140,R01,Москва,Центр,team_a,email,payment,critical,23.4,15–30 мин,7.4,До 8 ч,1,SLA нарушен,3.3,Средняя,b2c,2024-12-15,bronze,0,1,email,other,sla_breached
TCK-001351,2026-04-28 09:55:00,2026-04-28,2026-04-27,2026-04-01,9,2,Вторник,0,Вторая половина,CUST-0230,R02,Санкт-Петербург,Северо-Запад,team_b,chat,payment,normal,6.2,5–15 мин,6.4,До 8 ч,0,SLA выполнен,5.0,Высокая,b2c,2024-08-01,bronze,0,1,chat,normal,sla_ok
TCK-000890,2026-05-01 09:22:00,2026-05-01,2026-04-27,2026-05-01,9,5,Пятница,0,Вторая половина,CUST-0100,R02,Санкт-Петербург,Северо-Запад,team_b,email,payment,normal,25.6,15–30 мин,12.4,8–24 ч,0,SLA выполнен,4.2,Средняя,vip,2025-07-30,gold,1,1,email,normal,sla_ok
TCK-001453,2026-05-30 11:47:00,2026-05-30,2026-05-25,2026-05-01,11,6,Суббота,1,Вторая половина,CUST-0276,R05,Новосибирск,Сибирь,team_e,phone,delivery,normal,26.8,15–30 мин,29.2,24–48 ч,1,SLA нарушен,2.9,Низкая,b2c,2026-01-13,bronze,0,1,other,normal,sla_breached
TCK-000303,2026-04-22 19:09:00,2026-04-22,2026-04-20,2026-04-01,19,3,Среда,0,Вторая половина,CUST-0256,R07,Нижний Новгород,Поволжье,team_c,email,payment,low,59.6,30–60 мин,3.6,До 8 ч,0,SLA выполнен,4.4,Средняя,b2b,2024-12-28,silver,0,1,email,other,sla_ok
TCK-001273,2026-05-15 10:28:00,2026-05-15,2026-05-11,2026-05-01,10,5,Пятница,0,Вторая половина,CUST-0177,R03,Казань,Поволжье,team_c,chat,technical,normal,13.9,5–15 мин,48.3,48–72 ч,1,SLA нарушен,3.2,Средняя,b2c,2025-09-30,silver,0,1,chat,normal,sla_breached
TCK-001233,2026-04-26 20:25:00,2026-04-26,2026-04-20,2026-04-01,20,7,Воскресенье,1,Вторая половина,CUST-0053,R02,Санкт-Петербург,Северо-Запад,team_b,email,account,low,11.3,5–15 мин,5.5,До 8 ч,0,SLA выполнен,4.0,Средняя,b2b,2025-07-28,silver,0,1,email,other,sla_ok
TCK-000734,2026-03-03 19:02:00,2026-03-03,2026-03-02,2026-03-01,19,2,Вторник,0,Первая половина,CUST-0141,R01,Москва,Центр,team_a,chat,payment,normal,6.9,5–15 мин,9.1,8–24 ч,0,SLA выполнен,5.0,Высокая,b2c,2024-01-10,bronze,0,1,chat,normal,sla_ok
TCK-000389,2026-05-31 20:32:00,2026-05-31,2026-05-25,2026-05-01,20,7,Воскресенье,1,Вторая половина,CUST-0230,R01,Москва,Центр,team_a,chat,login,normal,1.4,До 5 мин,3.1,До 8 ч,0,SLA выполнен,4.5,Высокая,b2c,2024-08-01,bronze,0,1,chat,normal,sla_ok
TCK-000236,2026-04-16 16:18:00,2026-04-16,2026-04-13,2026-04-01,16,4,Четверг,0,Первая половина,CUST-0196,R01,Москва,Центр,team_a,web_form,technical,normal,5.7,5–15 мин,16.3,8–24 ч,0,SLA выполнен,5.0,Высокая,b2c,2025-11-02,bronze,0,1,other,normal,sla_ok
TCK-001344,2026-05-25 13:22:00,2026-05-25,2026-05-25,2026-05-01,13,1,Понедельник,0,Вторая половина,CUST-0262,R06,Ростов-на-Дону,Юг,team_f,chat,refund,normal,2.7,До 5 мин,29.0,24–48 ч,1,SLA нарушен,3.9,Средняя,b2b,2025-03-28,silver,0,1,chat,normal,sla_breached
TCK-000268,2026-04-09 13:36:00,2026-04-09,2026-04-06,2026-04-01,13,4,Четверг,0,Первая половина,CUST-0016,R03,Казань,Поволжье,team_c,phone,login,normal,17.8,15–30 мин,5.1,До 8 ч,0,SLA выполнен,5.0,Высокая,b2c,2025-07-27,bronze,0,1,other,normal,sla_ok
TCK-000306,2026-05-12 19:26:00,2026-05-12,2026-05-11,2026-05-01,19,2,Вторник,0,Вторая половина,CUST-0170,R01,Москва,Центр,team_a,phone,account,low,13.4,5–15 мин,4.1,До 8 ч,0,SLA выполнен,4.1,Средняя,vip,2024-01-23,gold,1,1,other,other,sla_ok
TCK-000118,2026-03-31 19:27:00,2026-03-31,2026-03-30,2026-03-01,19,2,Вторник,0,Первая половина,CUST-0121,R08,Краснодар,Юг,team_f,web_form,account,critical,24.9,15–30 мин,2.0,До 8 ч,0,SLA выполнен,4.9,Высокая,b2c,2025-11-24,silver,0,1,other,other,sla_ok
TCK-001221,2026-04-08 10:32:00,2026-04-08,2026-04-06,2026-04-01,10,3,Среда,0,Первая половина,CUST-0253,R07,Нижний Новгород,Поволжье,team_c,phone,payment,high,4.9,До 5 мин,23.4,8–24 ч,1,SLA нарушен,4.0,Средняя,b2c,2024-10-24,bronze,0,1,other,high,sla_breached
TCK-000674,2026-04-22 12:16:00,2026-04-22,2026-04-20,2026-04-01,12,3,Среда,0,Вторая половина,CUST-0028,R03,Казань,Поволжье,team_c,chat,technical,high,3.5,До 5 мин,70.8,48–72 ч,1,SLA нарушен,2.5,Низкая,b2c,2025-04-14,bronze,0,1,chat,high,sla_breached
TCK-000250,2026-05-27 09:12:00,2026-05-27,2026-05-25,2026-05-01,9,3,Среда,0,Вторая половина,CUST-0180,R04,Екатеринбург,Урал,team_d,chat,technical,normal,6.8,5–15 мин,19.0,8–24 ч,0,SLA выполнен,5.0,Высокая,b2b,2025-12-20,gold,0,1,chat,normal,sla_ok
TCK-001101,2026-05-15 12:24:00,2026-05-15,2026-05-11,2026-05-01,12,5,Пятница,0,Вторая половина,CUST-0009,R01,Москва,Центр,team_a,phone,account,normal,12.9,5–15 мин,9.4,8–24 ч,0,SLA выполнен,4.3,Средняя,b2c,2025-12-26,bronze,0,1,other,normal,sla_ok
TCK-001085,2026-05-05 11:33:00,2026-05-05,2026-05-04,2026-05-01,11,2,Вторник,0,Вторая половина,CUST-0101,R07,Нижний Новгород,Поволжье,team_c,web_form,technical,high,19.7,15–30 мин,42.5,24–48 ч,1,SLA нарушен,3.0,Средняя,b2b,2024-05-19,silver,0,1,other,high,sla_breached
TCK-000072,2026-05-10 12:59:00,2026-05-10,2026-05-04,2026-05-01,12,7,Воскресенье,1,Вторая половина,CUST-0103,R07,Нижний Новгород,Поволжье,team_c,phone,technical,high,17.6,15–30 мин,26.4,24–48 ч,1,SLA нарушен,2.8,Низкая,b2c,2026-01-19,silver,0,1,other,high,sla_breached
TCK-000095,2026-05-04 19:25:00,2026-05-04,2026-05-04,2026-05-01,19,1,Понедельник,0,Вторая половина,CUST-0164,R06,Ростов-на-Дону,Юг,team_f,chat,refund,normal,5.6,5–15 мин,26.9,24–48 ч,1,SLA нарушен,4.6,Высокая,b2c,2025-05-28,silver,0,1,chat,normal,sla_breached
TCK-001478,2026-03-11 08:06:00,2026-03-11,2026-03-09,2026-03-01,8,3,Среда,0,Первая половина,CUST-0224,R03,Казань,Поволжье,team_c,chat,payment,normal,5.4,5–15 мин,2.6,До 8 ч,0,SLA выполнен,5.0,Высокая,vip,2024-05-02,platinum,1,1,chat,normal,sla_ok
TCK-000034,2026-05-22 20:56:00,2026-05-22,2026-05-18,2026-05-01,20,5,Пятница,0,Вторая половина,CUST-0234,R04,Екатеринбург,Урал,team_d,chat,technical,low,12.5,5–15 мин,3.1,До 8 ч,0,SLA выполнен,5.0,Высокая,b2c,2026-02-13,bronze,0,1,chat,other,sla_ok
TCK-001108,2026-04-21 14:04:00,2026-04-21,2026-04-20,2026-04-01,14,2,Вторник,0,Вторая половина,CUST-0088,R01,Москва,Центр,team_a,chat,refund,normal,1.9,До 5 мин,34.2,24–48 ч,1,SLA нарушен,3.2,Средняя,b2c,2024-09-05,bronze,0,1,chat,normal,sla_breached
TCK-000449,2026-04-20 11:01:00,2026-04-20,2026-04-20,2026-04-01,11,1,Понедельник,0,Вторая половина,CUST-0244,R08,Краснодар,Юг,team_f,email,refund,low,35.3,30–60 мин,8.1,8–24 ч,0,SLA выполнен,4.9,Высокая,b2c,2025-11-29,bronze,0,1,email,other,sla_ok
TCK-000446,2026-05-05 21:55:00,2026-05-05,2026-05-04,2026-05-01,21,2,Вторник,0,Вторая половина,CUST-0116,R02,Санкт-Петербург,Северо-Запад,team_b,phone,login,high,10.1,5–15 мин,4.6,До 8 ч,0,SLA выполнен,5.0,Высокая,b2b,2026-01-21,gold,0,1,other,high,sla_ok
TCK-000772,2026-04-03 13:47:00,2026-04-03,2026-03-30,2026-04-01,13,5,Пятница,0,Первая половина,CUST-0328,R01,Москва,Центр,team_a,chat,refund,critical,3.8,До 5 мин,42.4,24–48 ч,1,SLA нарушен,3.7,Средняя,b2c,2024-09-06,bronze,0,1,chat,other,sla_breached
TCK-000717,2026-03-17 13:11:00,2026-03-17,2026-03-16,2026-03-01,13,2,Вторник,0,Первая половина,CUST-0108,R01,Москва,Центр,team_a,chat,delivery,high,1.0,До 5 мин,8.6,8–24 ч,0,SLA выполнен,5.0,Высокая,b2c,2025-01-13,gold,0,1,chat,high,sla_ok
TCK-001107,2026-03-28 08:49:00,2026-03-28,2026-03-23,2026-03-01,8,6,Суббота,1,Первая половина,CUST-0016,R08,Краснодар,Юг,team_f,web_form,delivery,low,26.2,15–30 мин,15.5,8–24 ч,0,SLA выполнен,4.1,Средняя,b2c,2025-07-27,bronze,0,1,other,other,sla_ok
TCK-001152,2026-06-02 13:32:00,2026-06-02,2026-06-01,2026-06-01,13,2,Вторник,0,Вторая половина,CUST-0233,R01,Москва,Центр,team_a,chat,refund,normal,3.6,До 5 мин,26.7,24–48 ч,1,SLA нарушен,,,vip,2025-02-16,gold,1,1,chat,normal,sla_breached
TCK-000911,2026-05-15 21:09:00,2026-05-15,2026-05-11,2026-05-01,21,5,Пятница,0,Вторая половина,CUST-0109,R02,Санкт-Петербург,Северо-Запад,team_b,chat,payment,high,8.2,5–15 мин,24.2,24–48 ч,1,SLA нарушен,3.6,Средняя,b2c,2024-04-20,silver,0,1,chat,high,sla_breached
TCK-001041,2026-06-01 12:13:00,2026-06-01,2026-06-01,2026-06-01,12,1,Понедельник,0,Вторая половина,CUST-0198,R01,Москва,Центр,team_a,email,payment,normal,7.3,5–15 мин,12.3,8–24 ч,0,SLA выполнен,4.6,Высокая,b2b,2024-02-15,silver,0,1,email,normal,sla_ok
TCK-000078,2026-05-29 17:48:00,2026-05-29,2026-05-25,2026-05-01,17,5,Пятница,0,Вторая половина,CUST-0091,R07,Нижний Новгород,Поволжье,team_c,email,technical,normal,52.8,30–60 мин,33.6,24–48 ч,1,SLA нарушен,2.1,Низкая,b2c,2026-01-29,silver,0,1,email,normal,sla_breached
TCK-000085,2026-04-06 10:11:00,2026-04-06,2026-04-06,2026-04-01,10,1,Понедельник,0,Первая половина,CUST-0191,R01,Москва,Центр,team_a,phone,payment,normal,2.4,До 5 мин,5.5,До 8 ч,0,SLA выполнен,5.0,Высокая,vip,2026-02-13,gold,1,1,other,normal,sla_ok
TCK-000844,2026-04-20 13:01:00,2026-04-20,2026-04-20,2026-04-01,13,1,Понедельник,0,Вторая половина,CUST-0290,R01,Москва,Центр,team_a,chat,delivery,critical,2.1,До 5 мин,23.0,8–24 ч,1,SLA нарушен,,,b2c,2024-08-07,gold,0,1,chat,other,sla_breached
TCK-000083,2026-03-10 13:11:00,2026-03-10,2026-03-09,2026-03-01,13,2,Вторник,0,Первая половина,CUST-0210,R04,Екатеринбург,Урал,team_d,email,login,normal,24.3,15–30 мин,5.6,До 8 ч,0,SLA выполнен,4.0,Средняя,b2c,2024-02-01,bronze,0,1,email,normal,sla_ok
TCK-000458,2026-05-11 09:31:00,2026-05-11,2026-05-11,2026-05-01,9,1,Понедельник,0,Вторая половина,CUST-0315,R08,Краснодар,Юг,team_f,chat,technical,normal,10.7,5–15 мин,16.5,8–24 ч,0,SLA выполнен,5.0,Высокая,b2c,2024-04-26,gold,0,1,chat,normal,sla_ok
TCK-001337,2026-04-17 16:30:00,2026-04-17,2026-04-13,2026-04-01,16,5,Пятница,0,Первая половина,CUST-0082,R01,Москва,Центр,team_a,phone,delivery,critical,6.9,5–15 мин,25.0,24–48 ч,1,SLA нарушен,3.4,Средняя,b2c,2025-08-25,gold,0,1,other,other,sla_breached
TCK-000677,2026-03-17 14:20:00,2026-03-17,2026-03-16,2026-03-01,14,2,Вторник,0,Первая половина,CUST-0116,R07,Нижний Новгород,Поволжье,team_c,email,technical,normal,36.1,30–60 мин,12.9,8–24 ч,0,SLA выполнен,3.0,Средняя,b2b,2026-01-21,gold,0,1,email,normal,sla_ok
TCK-000995,2026-06-02 11:45:00,2026-06-02,2026-06-01,2026-06-01,11,2,Вторник,0,Вторая половина,CUST-0022,R05,Новосибирск,Сибирь,team_e,phone,delivery,high,11.4,5–15 мин,42.7,24–48 ч,1,SLA нарушен,2.3,Низкая,b2c,2024-04-18,bronze,0,1,other,high,sla_breached
TCK-001476,2026-05-31 15:25:00,2026-05-31,2026-05-25,2026-05-01,15,7,Воскресенье,1,Вторая половина,CUST-0023,R07,Нижний Новгород,Поволжье,team_c,chat,technical,critical,1.0,До 5 мин,26.6,24–48 ч,1,SLA нарушен,4.0,Средняя,vip,2026-01-28,platinum,1,1,chat,other,sla_breached
TCK-000437,2026-06-05 14:19:00,2026-06-05,2026-06-01,2026-06-01,14,5,Пятница,0,Вторая половина,CUST-0215,R07,Нижний Новгород,Поволжье,team_c,web_form,technical,high,23.4,15–30 мин,42.7,24–48 ч,1,SLA нарушен,3.3,Средняя,b2b,2025-07-04,gold,0,1,other,high,sla_breached
TCK-000771,2026-03-30 08:18:00,2026-03-30,2026-03-30,2026-03-01,8,1,Понедельник,0,Первая половина,CUST-0176,R01,Москва,Центр,team_a,phone,delivery,high,20.2,15–30 мин,32.4,24–48 ч,1,SLA нарушен,3.8,Средняя,b2c,2025-09-05,bronze,0,1,other,high,sla_breached
TCK-000645,2026-04-24 20:48:00,2026-04-24,2026-04-20,2026-04-01,20,5,Пятница,0,Вторая половина,CUST-0069,R04,Екатеринбург,Урал,team_d,phone,payment,normal,13.5,5–15 мин,12.7,8–24 ч,0,SLA выполнен,4.4,Средняя,b2c,2025-01-20,silver,0,1,other,normal,sla_ok
TCK-001466,2026-05-17 20:59:00,2026-05-17,2026-05-11,2026-05-01,20,7,Воскресенье,1,Вторая половина,CUST-0090,R04,Екатеринбург,Урал,team_d,chat,payment,normal,,,8.6,8–24 ч,0,SLA выполнен,5.0,Высокая,b2c,2024-05-04,gold,0,1,chat,normal,sla_ok
TCK-000916,2026-04-21 17:43:00,2026-04-21,2026-04-20,2026-04-01,17,2,Вторник,0,Вторая половина,CUST-0078,R03,Казань,Поволжье,team_c,chat,delivery,high,2.2,До 5 мин,4.9,До 8 ч,0,SLA выполнен,5.0,Высокая,b2c,2024-09-20,bronze,0,1,chat,high,sla_ok
TCK-001203,2026-06-04 17:11:00,2026-06-04,2026-06-01,2026-06-01,17,4,Четверг,0,Вторая половина,CUST-0268,R99,Неизвестный регион,Неизвестно,,web_form,login,normal,84.5,Более 60 мин,15.2,8–24 ч,0,SLA выполнен,4.3,Средняя,b2c,2024-08-26,bronze,0,1,other,normal,sla_ok
TCK-000405,2026-03-23 16:38:00,2026-03-23,2026-03-23,2026-03-01,16,1,Понедельник,0,Первая половина,CUST-0077,R99,Неизвестный регион,Неизвестно,,email,refund,normal,26.0,15–30 мин,22.4,8–24 ч,0,SLA выполнен,3.6,Средняя,b2c,2025-07-31,silver,0,1,email,normal,sla_ok
TCK-001314,2026-06-08 16:38:00,2026-06-08,2026-06-08,2026-06-01,16,1,Понедельник,0,Вторая половина,CUST-0053,R02,Санкт-Петербург,Северо-Запад,team_b,email,login,normal,21.9,15–30 мин,2.1,До 8 ч,0,SLA выполнен,4.1,Средняя,b2b,2025-07-28,silver,0,1,email,normal,sla_ok
TCK-000944,2026-04-21 11:02:00,2026-04-21,2026-04-20,2026-04-01,11,2,Вторник,0,Вторая половина,CUST-0067,R01,Москва,Центр,team_a,chat,technical,high,7.3,5–15 мин,83.2,Более 72 ч,1,SLA нарушен,2.2,Низкая,b2c,2025-07-23,bronze,0,1,chat,high,sla_breached
TCK-001002,2026-03-13 18:23:00,2026-03-13,2026-03-09,2026-03-01,18,5,Пятница,0,Первая половина,CUST-0281,R06,Ростов-на-Дону,Юг,team_f,phone,delivery,normal,,,7.8,До 8 ч,0,SLA выполнен,5.0,Высокая,b2c,2025-06-29,silver,0,1,other,normal,sla_ok
TCK-000105,2026-05-31 18:45:00,2026-05-31,2026-05-25,2026-05-01,18,7,Воскресенье,1,Вторая половина,CUST-0128,R06,Ростов-на-Дону,Юг,team_f,email,refund,low,14.4,5–15 мин,28.4,24–48 ч,0,SLA выполнен,3.7,Средняя,b2c,2025-06-26,gold,0,1,email,other,sla_ok
TCK-000610,2026-03-09 11:31:00,2026-03-09,2026-03-09,2026-03-01,11,1,Понедельник,0,Первая половина,CUST-0004,R01,Москва,Центр,team_a,web_form,technical,low,82.0,Более 60 мин,18.8,8–24 ч,0,SLA выполнен,3.5,Средняя,b2b,2024-06-08,silver,0,1,other,other,sla_ok
TCK-001462,2026-03-05 12:43:00,2026-03-05,2026-03-02,2026-03-01,12,4,Четверг,0,Первая половина,CUST-0105,R07,Нижний Новгород,Поволжье,team_c,email,account,normal,61.8,Более 60 мин,3.2,До 8 ч,0,SLA выполнен,3.5,Средняя,b2b,2024-10-12,gold,0,1,email,normal,sla_ok
TCK-000689,2026-05-29 19:52:00,2026-05-29,2026-05-25,2026-05-01,19,5,Пятница,0,Вторая половина,CUST-0222,R05,Новосибирск,Сибирь,team_e,phone,login,normal,2.4,До 5 мин,0.5,До 8 ч,0,SLA выполнен,5.0,Высокая,b2c,2025-11-03,silver,0,1,other,normal,sla_ok
TCK-000959,2026-03-27 17:54:00,2026-03-27,2026-03-23,2026-03-01,17,5,Пятница,0,Первая половина,CUST-0194,R04,Екатеринбург,Урал,team_d,chat,refund,low,3.1,До 5 мин,37.5,24–48 ч,0,SLA выполнен,4.6,Высокая,b2b,2024-07-07,,0,1,chat,other,sla_ok
TCK-000942,2026-04-28 16:16:00,2026-04-28,2026-04-27,2026-04-01,16,2,Вторник,0,Вторая половина,CUST-0130,R01,Москва,Центр,team_a,chat,technical,normal,4.9,До 5 мин,12.4,8–24 ч,0,SLA выполнен,4.9,Высокая,b2c,2024-01-10,gold,0,1,chat,normal,sla_ok
TCK-000063,2026-04-03 17:27:00,2026-04-03,2026-03-30,2026-04-01,17,5,Пятница,0,Первая половина,CUST-0183,R01,Москва,Центр,team_a,chat,payment,high,3.4,До 5 мин,31.5,24–48 ч,1,SLA нарушен,3.5,Средняя,b2c,2025-12-19,bronze,0,1,chat,high,sla_breached
TCK-000282,2026-03-10 11:11:00,2026-03-10,2026-03-09,2026-03-01,11,2,Вторник,0,Первая половина,CUST-0052,R02,Санкт-Петербург,Северо-Запад,team_b,chat,payment,high,6.6,5–15 мин,19.7,8–24 ч,1,SLA нарушен,3.5,Средняя,b2c,2025-02-16,bronze,0,1,chat,high,sla_breached
TCK-000779,2026-05-20 12:33:00,2026-05-20,2026-05-18,2026-05-01,12,3,Среда,0,Вторая половина,CUST-0241,R01,Москва,Центр,team_a,phone,payment,normal,20.9,15–30 мин,2.9,До 8 ч,0,SLA выполнен,5.0,Высокая,b2b,2024-01-04,gold,0,1,other,normal,sla_ok
TCK-001051,2026-04-09 18:11:00,2026-04-09,2026-04-06,2026-04-01,18,4,Четверг,0,Первая половина,CUST-0084,R04,Екатеринбург,Урал,team_d,web_form,payment,low,98.5,Более 60 мин,8.2,8–24 ч,0,SLA выполнен,4.1,Средняя,b2c,2024-08-01,silver,0,1,other,other,sla_ok
TCK-000239,2026-04-21 16:55:00,2026-04-21,2026-04-20,2026-04-01,16,2,Вторник,0,Вторая половина,CUST-0051,R01,Москва,Центр,team_a,email,account,normal,15.3,15–30 мин,2.9,До 8 ч,0,SLA выполнен,4.8,Высокая,b2c,2025-06-20,,0,1,email,normal,sla_ok
TCK-000224,2026-03-26 19:45:00,2026-03-26,2026-03-23,2026-03-01,19,4,Четверг,0,Первая половина,CUST-0256,R08,Краснодар,Юг,team_f,web_form,delivery,low,1.8,До 5 мин,7.2,До 8 ч,0,SLA выполнен,4.6,Высокая,b2b,2024-12-28,silver,0,1,other,other,sla_ok
TCK-000146,2026-03-24 15:02:00,2026-03-24,2026-03-23,2026-03-01,15,2,Вторник,0,Первая половина,CUST-0099,R02,Санкт-Петербург,Северо-Запад,team_b,phone,refund,normal,14.2,5–15 мин,28.1,24–48 ч,1,SLA нарушен,3.3,Средняя,b2c,2024-04-11,silver,0,1,other,normal,sla_breached
TCK-001409,2026-04-13 08:07:00,2026-04-13,2026-04-13,2026-04-01,8,1,Понедельник,0,Первая половина,CUST-0186,R08,Краснодар,Юг,team_f,chat,login,critical,1.3,До 5 мин,7.1,До 8 ч,1,SLA нарушен,4.0,Средняя,b2c,2024-01-05,bronze,0,1,chat,other,sla_breached
TCK-000374,2026-04-24 12:56:00,2026-04-24,2026-04-20,2026-04-01,12,5,Пятница,0,Вторая половина,CUST-0157,R01,Москва,Центр,team_a,chat,technical,low,3.5,До 5 мин,34.8,24–48 ч,0,SLA выполнен,4.8,Высокая,b2c,2024-02-04,silver,0,1,chat,other,sla_ok
TCK-001238,2026-04-21 10:25:00,2026-04-21,2026-04-20,2026-04-01,10,2,Вторник,0,Вторая половина,CUST-0158,R03,Казань,Поволжье,team_c,email,account,normal,65.3,Более 60 мин,2.9,До 8 ч,0,SLA выполнен,4.6,Высокая,b2c,2024-03-25,silver,0,1,email,normal,sla_ok
TCK-000119,2026-03-31 13:59:00,2026-03-31,2026-03-30,2026-03-01,13,2,Вторник,0,Первая половина,CUST-0148,R03,Казань,Поволжье,team_c,web_form,technical,low,29.2,15–30 мин,13.7,8–24 ч,0,SLA выполнен,,,b2c,2024-03-28,bronze,0,1,other,other,sla_ok
TCK-001135,2026-04-23 13:17:00,2026-04-23,2026-04-20,2026-04-01,13,4,Четверг,0,Вторая половина,CUST-0063,R01,Москва,Центр,team_a,chat,refund,low,1.7,До 5 мин,52.1,48–72 ч,0,SLA выполнен,4.6,Высокая,b2c,2025-10-29,bronze,0,1,chat,other,sla_ok
TCK-000251,2026-06-07 11:06:00,2026-06-07,2026-06-01,2026-06-01,11,7,Воскресенье,1,Вторая половина,CUST-0217,R05,Новосибирск,Сибирь,team_e,email,technical,normal,26.2,15–30 мин,58.2,48–72 ч,1,SLA нарушен,1.3,Низкая,b2c,2025-03-02,silver,0,1,email,normal,sla_breached
TCK-001455,2026-03-25 16:34:00,2026-03-25,2026-03-23,2026-03-01,16,3,Среда,0,Первая половина,CUST-0283,R03,Казань,Поволжье,team_c,chat,technical,normal,2.8,До 5 мин,32.9,24–48 ч,1,SLA нарушен,3.5,Средняя,b2c,2025-12-22,bronze,0,1,chat,normal,sla_breached
TCK-001218,2026-03-03 09:37:00,2026-03-03,2026-03-02,2026-03-01,9,2,Вторник,0,Первая половина,CUST-0101,R04,Екатеринбург,Урал,team_d,email,payment,high,36.9,30–60 мин,6.6,До 8 ч,0,SLA выполнен,4.5,Высокая,b2b,2024-05-19,silver,0,1,email,high,sla_ok
TCK-000902,2026-05-19 12:37:00,2026-05-19,2026-05-18,2026-05-01,12,2,Вторник,0,Вторая половина,CUST-0158,R08,Краснодар,Юг,team_f,phone,login,normal,15.2,15–30 мин,8.2,8–24 ч,0,SLA выполнен,4.2,Средняя,b2c,2024-03-25,silver,0,1,other,normal,sla_ok
TCK-000010,2026-04-16 15:44:00,2026-04-16,2026-04-13,2026-04-01,15,4,Четверг,0,Первая половина,CUST-0032,R01,Москва,Центр,team_a,email,account,normal,73.0,Более 60 мин,13.1,8–24 ч,0,SLA выполнен,4.2,Средняя,vip,2025-09-20,platinum,1,1,email,normal,sla_ok
TCK-000450,2026-05-08 11:28:00,2026-05-08,2026-05-04,2026-05-01,11,5,Пятница,0,Вторая половина,CUST-0156,R03,Казань,Поволжье,team_c,chat,technical,low,4.1,До 5 мин,47.6,24–48 ч,0,SLA выполнен,4.1,Средняя,b2c,2025-10-23,bronze,0,1,chat,other,sla_ok
TCK-000893,2026-04-10 09:29:00,2026-04-10,2026-04-06,2026-04-01,9,5,Пятница,0,Первая половина,CUST-0079,R05,Новосибирск,Сибирь,team_e,phone,delivery,low,15.6,15–30 мин,19.5,8–24 ч,0,SLA выполнен,4.1,Средняя,b2c,2025-08-06,silver,0,1,other,other,sla_ok
TCK-000709,2026-04-12 17:19:00,2026-04-12,2026-04-06,2026-04-01,17,7,Воскресенье,1,Первая половина,CUST-0085,R01,Москва,Центр,team_a,web_form,technical,normal,10.2,5–15 мин,25.3,24–48 ч,1,SLA нарушен,3.2,Средняя,b2c,2025-09-20,bronze,0,1,other,normal,sla_breached
TCK-000256,2026-04-22 15:10:00,2026-04-22,2026-04-20,2026-04-01,15,3,Среда,0,Вторая половина,CUST-0157,R02,Санкт-Петербург,Северо-Запад,team_b,chat,account,normal,10.0,5–15 мин,2.8,До 8 ч,0,SLA выполнен,5.0,Высокая,b2c,2024-02-04,silver,0,1,chat,normal,sla_ok
TCK-000594,2026-03-11 21:01:00,2026-03-11,2026-03-09,2026-03-01,21,3,Среда,0,Первая половина,CUST-0078,R05,Новосибирск,Сибирь,team_e,chat,technical,low,8.5,5–15 мин,69.6,48–72 ч,0,SLA выполнен,3.1,Средняя,b2c,2024-09-20,bronze,0,1,chat,other,sla_ok
TCK-000390,2026-05-09 21:08:00,2026-05-09,2026-05-04,2026-05-01,21,6,Суббота,1,Вторая половина,CUST-0315,R01,Москва,Центр,team_a,chat,refund,low,7.6,5–15 мин,30.5,24–48 ч,0,SLA выполнен,4.7,Высокая,b2c,2024-04-26,gold,0,1,chat,other,sla_ok
TCK-000968,2026-05-07 18:00:00,2026-05-07,2026-05-04,2026-05-01,18,4,Четверг,0,Вторая половина,CUST-0182,R01,Москва,Центр,team_a,chat,delivery,high,3.9,До 5 мин,30.7,24–48 ч,1,SLA нарушен,4.4,Средняя,b2b,2025-06-02,platinum,0,1,chat,high,sla_breached
TCK-001210,2026-06-03 20:36:00,2026-06-03,2026-06-01,2026-06-01,20,3,Среда,0,Вторая половина,CUST-0196,R02,Санкт-Петербург,Северо-Запад,team_b,email,account,normal,23.6,15–30 мин,14.9,8–24 ч,0,SLA выполнен,4.2,Средняя,b2c,2025-11-02,bronze,0,1,email,normal,sla_ok
TCK-000558,2026-05-26 15:16:00,2026-05-26,2026-05-25,2026-05-01,15,2,Вторник,0,Вторая половина,CUST-0233,R01,Москва,Центр,team_a,phone,account,low,1.7,До 5 мин,6.7,До 8 ч,0,SLA выполнен,5.0,Высокая,vip,2025-02-16,gold,1,1,other,other,sla_ok
TCK-001056,2026-04-21 17:23:00,2026-04-21,2026-04-20,2026-04-01,17,2,Вторник,0,Вторая половина,CUST-0261,R01,Москва,Центр,team_a,web_form,payment,normal,41.8,30–60 мин,9.5,8–24 ч,0,SLA выполнен,4.3,Средняя,b2c,2025-11-20,bronze,0,1,other,normal,sla_ok
TCK-000461,2026-04-10 15:36:00,2026-04-10,2026-04-06,2026-04-01,15,5,Пятница,0,Первая половина,CUST-0082,R04,Екатеринбург,Урал,team_d,phone,technical,normal,8.0,5–15 мин,28.0,24–48 ч,1,SLA нарушен,,,b2c,2025-08-25,gold,0,1,other,normal,sla_breached
TCK-000724,2026-04-26 10:08:00,2026-04-26,2026-04-20,2026-04-01,10,7,Воскресенье,1,Вторая половина,CUST-0193,R01,Москва,Центр,team_a,phone,account,normal,22.9,15–30 мин,12.8,8–24 ч,0,SLA выполнен,5.0,Высокая,b2c,2026-01-30,gold,0,1,other,normal,sla_ok
TCK-001392,2026-03-31 16:06:00,2026-03-31,2026-03-30,2026-03-01,16,2,Вторник,0,Первая половина,CUST-0209,R01,Москва,Центр,team_a,email,delivery,low,68.3,Более 60 мин,9.7,8–24 ч,0,SLA выполнен,3.6,Средняя,b2c,2024-12-18,silver,0,1,email,other,sla_ok
TCK-000145,2026-04-29 11:19:00,2026-04-29,2026-04-27,2026-04-01,11,3,Среда,0,Вторая половина,CUST-0273,R06,Ростов-на-Дону,Юг,team_f,email,account,high,30.9,30–60 мин,2.2,До 8 ч,0,SLA выполнен,4.7,Высокая,b2c,2024-07-22,bronze,0,1,email,high,sla_ok
TCK-000502,2026-05-27 12:27:00,2026-05-27,2026-05-25,2026-05-01,12,3,Среда,0,Вторая половина,CUST-0175,R07,Нижний Новгород,Поволжье,team_c,chat,login,high,7.9,5–15 мин,15.4,8–24 ч,1,SLA нарушен,4.0,Средняя,b2c,2025-11-05,bronze,0,1,chat,high,sla_breached
TCK-001106,2026-03-06 13:34:00,2026-03-06,2026-03-02,2026-03-01,13,5,Пятница,0,Первая половина,CUST-0234,R01,Москва,Центр,team_a,chat,account,normal,9.0,5–15 мин,10.5,8–24 ч,0,SLA выполнен,5.0,Высокая,b2c,2026-02-13,bronze,0,1,chat,normal,sla_ok
TCK-000740,2026-05-26 18:01:00,2026-05-26,2026-05-25,2026-05-01,18,2,Вторник,0,Вторая половина,CUST-0231,R03,Казань,Поволжье,team_c,email,payment,normal,27.7,15–30 мин,20.6,8–24 ч,1,SLA нарушен,3.0,Средняя,b2c,2024-03-19,bronze,0,1,email,normal,sla_breached
TCK-001395,2026-03-05 19:05:00,2026-03-05,2026-03-02,2026-03-01,19,4,Четверг,0,Первая половина,CUST-0112,R01,Москва,Центр,team_a,email,technical,critical,3.1,До 5 мин,69.1,48–72 ч,1,SLA нарушен,1.8,Низкая,b2c,2026-02-18,silver,0,1,email,other,sla_breached
TCK-000732,2026-04-22 21:56:00,2026-04-22,2026-04-20,2026-04-01,21,3,Среда,0,Вторая половина,CUST-0077,R01,Москва,Центр,team_a,phone,technical,high,12.3,5–15 мин,8.9,8–24 ч,0,SLA выполнен,4.6,Высокая,b2c,2025-07-31,silver,0,1,other,high,sla_ok
TCK-000540,2026-05-24 17:01:00,2026-05-24,2026-05-18,2026-05-01,17,7,Воскресенье,1,Вторая половина,CUST-0119,R05,Новосибирск,Сибирь,team_e,chat,payment,high,2.4,До 5 мин,1.6,До 8 ч,0,SLA выполнен,5.0,Высокая,b2c,2024-08-02,gold,0,1,chat,high,sla_ok
TCK-000178,2026-05-05 18:10:00,2026-05-05,2026-05-04,2026-05-01,18,2,Вторник,0,Вторая половина,CUST-0174,R01,Москва,Центр,team_a,chat,account,critical,3.5,До 5 мин,31.1,24–48 ч,1,SLA нарушен,3.6,Средняя,vip,2024-04-22,gold,1,1,chat,other,sla_breached
TCK-001457,2026-06-06 14:08:00,2026-06-06,2026-06-01,2026-06-01,14,6,Суббота,1,Вторая половина,CUST-0303,R08,Краснодар,Юг,team_f,chat,delivery,high,4.3,До 5 мин,10.9,8–24 ч,0,SLA выполнен,4.4,Средняя,b2c,2025-10-25,bronze,0,1,chat,high,sla_ok
TCK-000698,2026-03-17 11:54:00,2026-03-17,2026-03-16,2026-03-01,11,2,Вторник,0,Первая половина,CUST-0204,R03,Казань,Поволжье,team_c,chat,delivery,low,2.8,До 5 мин,6.9,До 8 ч,0,SLA выполнен,5.0,Высокая,b2c,2025-09-01,silver,0,1,chat,other,sla_ok
TCK-000951,2026-03-31 10:37:00,2026-03-31,2026-03-30,2026-03-01,10,2,Вторник,0,Первая половина,CUST-0301,R08,Краснодар,Юг,team_f,web_form,technical,normal,17.9,15–30 мин,19.6,8–24 ч,0,SLA выполнен,4.3,Средняя,b2b,2024-05-01,silver,0,1,other,normal,sla_ok
TCK-001055,2026-05-27 13:39:00,2026-05-27,2026-05-25,2026-05-01,13,3,Среда,0,Вторая половина,CUST-0071,R02,Санкт-Петербург,Северо-Запад,team_b,email,refund,normal,52.2,30–60 мин,76.9,Более 72 ч,1,SLA нарушен,1.4,Низкая,b2c,2025-07-29,silver,0,1,email,normal,sla_breached
TCK-001315,2026-05-20 19:12:00,2026-05-20,2026-05-18,2026-05-01,19,3,Среда,0,Вторая половина,CUST-0292,R07,Нижний Новгород,Поволжье,team_c,web_form,refund,high,23.5,15–30 мин,44.7,24–48 ч,1,SLA нарушен,2.9,Низкая,b2c,2024-08-28,silver,0,1,other,high,sla_breached
TCK-000909,2026-03-04 15:35:00,2026-03-04,2026-03-02,2026-03-01,15,3,Среда,0,Первая половина,CUST-0218,R02,Санкт-Петербург,Северо-Запад,team_b,phone,login,high,4.0,До 5 мин,7.3,До 8 ч,0,SLA выполнен,4.4,Средняя,b2c,2025-08-11,silver,0,1,other,high,sla_ok
TCK-000023,2026-05-18 18:27:00,2026-05-18,2026-05-18,2026-05-01,18,1,Понедельник,0,Вторая половина,CUST-0275,R01,Москва,Центр,team_a,phone,account,normal,2.2,До 5 мин,11.5,8–24 ч,0,SLA выполнен,5.0,Высокая,b2b,2024-12-15,gold,0,1,other,normal,sla_ok
TCK-000008,2026-05-22 19:27:00,2026-05-22,2026-05-18,2026-05-01,19,5,Пятница,0,Вторая половина,CUST-0123,R04,Екатеринбург,Урал,team_d,phone,login,critical,2.6,До 5 мин,15.3,8–24 ч,1,SLA нарушен,3.0,Средняя,b2c,2024-04-06,bronze,0,1,other,other,sla_breached
TCK-001280,2026-05-06 11:08:00,2026-05-06,2026-05-04,2026-05-01,11,3,Среда,0,Вторая половина,CUST-0280,R05,Новосибирск,Сибирь,team_e,web_form,login,high,11.8,5–15 мин,5.7,До 8 ч,0,SLA выполнен,5.0,Высокая,b2b,2025-02-05,silver,0,1,other,high,sla_ok
TCK-000668,2026-06-05 16:03:00,2026-06-05,2026-06-01,2026-06-01,16,5,Пятница,0,Вторая половина,CUST-0164,R07,Нижний Новгород,Поволжье,team_c,email,refund,high,91.4,Более 60 мин,7.5,До 8 ч,0,SLA выполнен,3.8,Средняя,b2c,2025-05-28,silver,0,1,email,high,sla_ok
TCK-001169,2026-06-04 19:07:00,2026-06-04,2026-06-01,2026-06-01,19,4,Четверг,0,Вторая половина,CUST-0073,R07,Нижний Новгород,Поволжье,team_c,email,account,normal,9.0,5–15 мин,4.8,До 8 ч,0,SLA выполнен,5.0,Высокая,b2b,2025-12-29,silver,0,1,email,normal,sla_ok
TCK-000358,2026-04-15 20:17:00,2026-04-15,2026-04-13,2026-04-01,20,3,Среда,0,Первая половина,CUST-0258,R08,Краснодар,Юг,team_f,phone,login,normal,21.1,15–30 мин,4.9,До 8 ч,1,SLA нарушен,4.9,Высокая,b2c,2025-09-11,bronze,0,1,other,normal,sla_breached
TCK-000784,2026-05-03 11:41:00,2026-05-03,2026-04-27,2026-05-01,11,7,Воскресенье,1,Вторая половина,CUST-0146,R06,Ростов-на-Дону,Юг,team_f,email,login,normal,143.8,Более 60 мин,3.4,До 8 ч,0,SLA выполнен,3.6,Средняя,b2c,2025-09-09,silver,0,1,email,normal,sla_ok
TCK-000736,2026-04-25 17:48:00,2026-04-25,2026-04-20,2026-04-01,17,6,Суббота,1,Вторая половина,CUST-0074,R07,Нижний Новгород,Поволжье,team_c,email,login,critical,12.5,5–15 мин,8.9,8–24 ч,1,SLA нарушен,3.9,Средняя,b2c,2025-09-03,bronze,0,1,email,other,sla_breached
TCK-000330,2026-03-22 18:36:00,2026-03-22,2026-03-16,2026-03-01,18,7,Воскресенье,1,Первая половина,CUST-0017,R08,Краснодар,Юг,team_f,email,login,high,90.1,Более 60 мин,8.1,8–24 ч,0,SLA выполнен,3.8,Средняя,b2c,2025-04-03,,0,1,email,high,sla_ok
TCK-001201,2026-03-13 20:29:00,2026-03-13,2026-03-09,2026-03-01,20,5,Пятница,0,Первая половина,CUST-0318,R01,Москва,Центр,team_a,email,delivery,low,37.6,30–60 мин,19.7,8–24 ч,0,SLA выполнен,4.5,Высокая,b2b,2025-03-28,platinum,0,1,email,other,sla_ok
TCK-001157,2026-03-12 10:54:00,2026-03-12,2026-03-09,2026-03-01,10,4,Четверг,0,Первая половина,CUST-0166,R02,Санкт-Петербург,Северо-Запад,team_b,chat,payment,normal,4.0,До 5 мин,17.3,8–24 ч,0,SLA выполнен,4.8,Высокая,b2c,2024-03-12,bronze,0,1,chat,normal,sla_ok
TCK-001125,2026-05-27 09:45:00,2026-05-27,2026-05-25,2026-05-01,9,3,Среда,0,Вторая половина,CUST-0040,R02,Санкт-Петербург,Северо-Запад,team_b,email,account,low,97.9,Более 60 мин,6.5,До 8 ч,0,SLA выполнен,3.7,Средняя,b2c,2024-03-16,bronze,0,1,email,other,sla_ok
TCK-000259,2026-04-04 09:47:00,2026-04-04,2026-03-30,2026-04-01,9,6,Суббота,1,Первая половина,CUST-0218,R06,Ростов-на-Дону,Юг,team_f,web_form,account,high,20.6,15–30 мин,12.6,8–24 ч,1,SLA нарушен,3.5,Средняя,b2c,2025-08-11,silver,0,1,other,high,sla_breached
TCK-001365,2026-04-01 17:47:00,2026-04-01,2026-03-30,2026-04-01,17,3,Среда,0,Первая половина,CUST-0279,R01,Москва,Центр,team_a,phone,technical,normal,8.7,5–15 мин,52.1,48–72 ч,1,SLA нарушен,2.5,Низкая,b2b,2024-12-30,gold,0,1,other,normal,sla_breached
TCK-000373,2026-05-05 11:08:00,2026-05-05,2026-05-04,2026-05-01,11,2,Вторник,0,Вторая половина,CUST-0035,R01,Москва,Центр,team_a,chat,refund,normal,12.5,5–15 мин,13.1,8–24 ч,0,SLA выполнен,5.0,Высокая,b2c,2024-03-12,bronze,0,1,chat,normal,sla_ok
TCK-001111,2026-05-25 09:48:00,2026-05-25,2026-05-25,2026-05-01,9,1,Понедельник,0,Вторая половина,CUST-0257,R01,Москва,Центр,team_a,email,payment,normal,124.8,Более 60 мин,12.0,8–24 ч,1,SLA нарушен,2.2,Низкая,b2b,2025-03-04,silver,0,1,email,normal,sla_breached
TCK-001126,2026-05-06 13:16:00,2026-05-06,2026-05-04,2026-05-01,13,3,Среда,0,Вторая половина,CUST-0188,R02,Санкт-Петербург,Северо-Запад,team_b,phone,technical,critical,10.2,5–15 мин,13.9,8–24 ч,1,SLA нарушен,3.7,Средняя,b2c,2024-02-10,bronze,0,1,other,other,sla_breached
TCK-000143,2026-04-22 19:11:00,2026-04-22,2026-04-20,2026-04-01,19,3,Среда,0,Вторая половина,CUST-0308,R08,Краснодар,Юг,team_f,chat,payment,high,6.9,5–15 мин,14.1,8–24 ч,1,SLA нарушен,4.1,Средняя,b2c,2024-09-07,silver,0,1,chat,high,sla_breached
TCK-000526,2026-03-21 14:49:00,2026-03-21,2026-03-16,2026-03-01,14,6,Суббота,1,Первая половина,CUST-0325,R02,Санкт-Петербург,Северо-Запад,team_b,phone,payment,normal,4.6,До 5 мин,10.4,8–24 ч,0,SLA выполнен,4.2,Средняя,b2b,2025-04-08,silver,0,1,other,normal,sla_ok
TCK-001146,2026-03-27 12:30:00,2026-03-27,2026-03-23,2026-03-01,12,5,Пятница,0,Первая половина,CUST-0301,R02,Санкт-Петербург,Северо-Запад,team_b,web_form,delivery,normal,5.3,5–15 мин,5.9,До 8 ч,0,SLA выполнен,4.6,Высокая,b2b,2024-05-01,silver,0,1,other,normal,sla_ok
TCK-001396,2026-05-11 13:29:00,2026-05-11,2026-05-11,2026-05-01,13,1,Понедельник,0,Вторая половина,CUST-0172,R07,Нижний Новгород,Поволжье,team_c,chat,account,normal,8.7,5–15 мин,11.2,8–24 ч,0,SLA выполнен,5.0,Высокая,b2c,2024-07-09,silver,0,1,chat,normal,sla_ok
TCK-001129,2026-05-03 10:23:00,2026-05-03,2026-04-27,2026-05-01,10,7,Воскресенье,1,Вторая половина,CUST-0100,R01,Москва,Центр,team_a,email,technical,normal,65.5,Более 60 мин,18.7,8–24 ч,0,SLA выполнен,,,vip,2025-07-30,gold,1,1,email,normal,sla_ok
TCK-001434,2026-04-27 10:07:00,2026-04-27,2026-04-27,2026-04-01,10,1,Понедельник,0,Вторая половина,CUST-0157,R05,Новосибирск,Сибирь,team_e,web_form,delivery,normal,39.3,30–60 мин,39.7,24–48 ч,1,SLA нарушен,2.3,Низкая,b2c,2024-02-04,silver,0,1,other,normal,sla_breached
TCK-000441,2026-03-17 21:59:00,2026-03-17,2026-03-16,2026-03-01,21,2,Вторник,0,Первая половина,CUST-0235,R01,Москва,Центр,team_a,chat,payment,normal,2.4,До 5 мин,22.0,8–24 ч,0,SLA выполнен,4.9,Высокая,vip,2025-08-15,platinum,1,1,chat,normal,sla_ok
TCK-000532,2026-04-28 15:19:00,2026-04-28,2026-04-27,2026-04-01,15,2,Вторник,0,Вторая половина,CUST-0021,R03,Казань,Поволжье,team_c,chat,delivery,low,4.3,До 5 мин,12.2,8–24 ч,0,SLA выполнен,5.0,Высокая,b2b,2025-07-25,silver,0,1,chat,other,sla_ok
TCK-001211,2026-06-07 11:36:00,2026-06-07,2026-06-01,2026-06-01,11,7,Воскресенье,1,Вторая половина,CUST-0145,R01,Москва,Центр,team_a,chat,payment,high,3.1,До 5 мин,43.1,24–48 ч,1,SLA нарушен,3.6,Средняя,b2c,2025-08-06,silver,0,1,chat,high,sla_breached
TCK-000227,2026-06-04 08:33:00,2026-06-04,2026-06-01,2026-06-01,8,4,Четверг,0,Вторая половина,CUST-0144,R01,Москва,Центр,team_a,web_form,refund,low,6.5,5–15 мин,33.1,24–48 ч,0,SLA выполнен,4.5,Высокая,b2c,2025-12-26,silver,0,1,other,other,sla_ok
TCK-001042,2026-05-22 15:26:00,2026-05-22,2026-05-18,2026-05-01,15,5,Пятница,0,Вторая половина,CUST-0129,R02,Санкт-Петербург,Северо-Запад,team_b,email,payment,low,115.7,Более 60 мин,5.2,До 8 ч,0,SLA выполнен,3.6,Средняя,b2c,2025-03-06,bronze,0,1,email,other,sla_ok
TCK-000229,2026-04-01 13:05:00,2026-04-01,2026-03-30,2026-04-01,13,3,Среда,0,Первая половина,CUST-0225,R02,Санкт-Петербург,Северо-Запад,team_b,chat,login,normal,1.7,До 5 мин,8.9,8–24 ч,0,SLA выполнен,5.0,Высокая,b2c,2025-10-04,gold,0,1,chat,normal,sla_ok
TCK-001290,2026-03-25 11:33:00,2026-03-25,2026-03-23,2026-03-01,11,3,Среда,0,Первая половина,CUST-0238,R01,Москва,Центр,team_a,email,delivery,normal,59.9,30–60 мин,1.6,До 8 ч,0,SLA выполнен,4.3,Средняя,b2b,2024-02-13,silver,0,1,email,normal,sla_ok
TCK-001308,2026-04-20 21:28:00,2026-04-20,2026-04-20,2026-04-01,21,1,Понедельник,0,Вторая половина,CUST-0299,R08,Краснодар,Юг,team_f,email,technical,normal,9.7,5–15 мин,34.6,24–48 ч,1,SLA нарушен,3.2,Средняя,b2b,2026-02-06,silver,0,1,email,normal,sla_breached
TCK-000213,2026-03-25 18:17:00,2026-03-25,2026-03-23,2026-03-01,18,3,Среда,0,Первая половина,CUST-0057,R01,Москва,Центр,team_a,chat,refund,normal,1.6,До 5 мин,23.5,8–24 ч,0,SLA выполнен,5.0,Высокая,b2c,2025-02-12,bronze,0,1,chat,normal,sla_ok
TCK-000886,2026-05-26 17:40:00,2026-05-26,2026-05-25,2026-05-01,17,2,Вторник,0,Вторая половина,CUST-0168,R04,Екатеринбург,Урал,team_d,chat,delivery,normal,7.5,5–15 мин,24.4,24–48 ч,1,SLA нарушен,4.4,Средняя,b2b,2025-12-09,silver,0,1,chat,normal,sla_breached
TCK-000080,2026-06-07 18:47:00,2026-06-07,2026-06-01,2026-06-01,18,7,Воскресенье,1,Вторая половина,CUST-0293,R04,Екатеринбург,Урал,team_d,email,payment,high,42.3,30–60 мин,17.7,8–24 ч,1,SLA нарушен,4.0,Средняя,vip,2025-04-30,gold,1,1,email,high,sla_breached
TCK-000149,2026-05-18 12:03:00,2026-05-18,2026-05-18,2026-05-01,12,1,Понедельник,0,Вторая половина,CUST-0236,,Неизвестный регион,Неизвестно,,email,delivery,normal,16.0,15–30 мин,11.2,8–24 ч,0,SLA выполнен,4.3,Средняя,b2b,2025-04-28,silver,0,1,email,normal,sla_ok
TCK-000815,2026-06-01 09:35:00,2026-06-01,2026-06-01,2026-06-01,9,1,Понедельник,0,Вторая половина,CUST-0003,R05,Новосибирск,Сибирь,team_e,chat,refund,normal,2.7,До 5 мин,21.2,8–24 ч,0,SLA выполнен,5.0,Высокая,b2b,2024-01-28,gold,0,1,chat,normal,sla_ok
TCK-001245,2026-04-06 12:09:00,2026-04-06,2026-04-06,2026-04-01,12,1,Понедельник,0,Первая половина,CUST-0123,R02,Санкт-Петербург,Северо-Запад,team_b,email,refund,critical,27.0,15–30 мин,41.3,24–48 ч,1,SLA нарушен,2.0,Низкая,b2c,2024-04-06,bronze,0,1,email,other,sla_breached
TCK-000923,2026-03-18 19:19:00,2026-03-18,2026-03-16,2026-03-01,19,3,Среда,0,Первая половина,CUST-0185,R02,Санкт-Петербург,Северо-Запад,team_b,email,technical,low,85.7,Более 60 мин,43.2,24–48 ч,0,SLA выполнен,2.5,Низкая,b2b,2024-01-05,silver,0,1,email,other,sla_ok
TCK-000672,2026-04-27 13:03:00,2026-04-27,2026-04-27,2026-04-01,13,1,Понедельник,0,Вторая половина,CUST-0081,R03,Казань,Поволжье,team_c,email,delivery,high,46.3,30–60 мин,25.4,24–48 ч,1,SLA нарушен,2.9,Низкая,b2c,2025-10-07,bronze,0,1,email,high,sla_breached
TCK-001164,2026-04-09 12:15:00,2026-04-09,2026-04-06,2026-04-01,12,4,Четверг,0,Первая половина,CUST-0321,R02,Санкт-Петербург,Северо-Запад,team_b,email,delivery,normal,30.9,30–60 мин,20.1,8–24 ч,0,SLA выполнен,5.0,Высокая,b2b,2025-04-10,gold,0,1,email,normal,sla_ok
TCK-000556,2026-03-06 20:10:00,2026-03-06,2026-03-02,2026-03-01,20,5,Пятница,0,Первая половина,CUST-0062,R02,Санкт-Петербург,Северо-Запад,team_b,email,login,normal,12.5,5–15 мин,2.1,До 8 ч,0,SLA выполнен,4.7,Высокая,b2c,2026-01-05,,0,1,email,normal,sla_ok
TCK-000918,2026-03-25 14:32:00,2026-03-25,2026-03-23,2026-03-01,14,3,Среда,0,Первая половина,CUST-0059,R05,Новосибирск,Сибирь,team_e,email,payment,normal,34.9,30–60 мин,16.4,8–24 ч,0,SLA выполнен,4.3,Средняя,b2c,2024-07-05,gold,0,1,email,normal,sla_ok
TCK-000134,2026-03-21 16:20:00,2026-03-21,2026-03-16,2026-03-01,16,6,Суббота,1,Первая половина,CUST-0143,R08,Краснодар,Юг,team_f,chat,payment,low,8.6,5–15 мин,7.3,До 8 ч,0,SLA выполнен,5.0,Высокая,vip,2025-02-11,platinum,1,1,chat,other,sla_ok
TCK-001156,2026-03-19 20:54:00,2026-03-19,2026-03-16,2026-03-01,20,4,Четверг,0,Первая половина,CUST-0089,R02,Санкт-Петербург,Северо-Запад,team_b,chat,refund,high,3.1,До 5 мин,65.6,48–72 ч,1,SLA нарушен,2.2,Низкая,b2c,2024-09-04,bronze,0,1,chat,high,sla_breached
TCK-000824,2026-05-27 14:34:00,2026-05-27,2026-05-25,2026-05-01,14,3,Среда,0,Вторая половина,CUST-0242,R06,Ростов-на-Дону,Юг,team_f,chat,login,high,1.2,До 5 мин,17.9,8–24 ч,1,SLA нарушен,4.4,Средняя,b2b,2024-02-03,silver,0,1,chat,high,sla_breached
TCK-000409,2026-04-12 13:25:00,2026-04-12,2026-04-06,2026-04-01,13,7,Воскресенье,1,Первая половина,CUST-0314,R07,Нижний Новгород,Поволжье,team_c,email,technical,normal,13.2,5–15 мин,71.6,48–72 ч,1,SLA нарушен,1.8,Низкая,b2c,2025-01-09,bronze,0,1,email,normal,sla_breached
TCK-000369,2026-05-26 11:45:00,2026-05-26,2026-05-25,2026-05-01,11,2,Вторник,0,Вторая половина,CUST-0054,R06,Ростов-на-Дону,Юг,team_f,chat,login,low,7.3,5–15 мин,3.1,До 8 ч,0,SLA выполнен,,,b2c,2025-08-26,silver,0,1,chat,other,sla_ok
TCK-000508,2026-05-24 10:33:00,2026-05-24,2026-05-18,2026-05-01,10,7,Воскресенье,1,Вторая половина,CUST-0079,R01,Москва,Центр,team_a,chat,delivery,normal,4.3,До 5 мин,29.1,24–48 ч,1,SLA нарушен,4.0,Средняя,b2c,2025-08-06,silver,0,1,chat,normal,sla_breached
TCK-001191,2026-04-22 13:16:00,2026-04-22,2026-04-20,2026-04-01,13,3,Среда,0,Вторая половина,CUST-0126,R01,Москва,Центр,team_a,phone,delivery,normal,3.4,До 5 мин,7.6,До 8 ч,0,SLA выполнен,4.6,Высокая,b2c,2025-04-09,silver,0,1,other,normal,sla_ok
TCK-000505,2026-05-29 14:21:00,2026-05-29,2026-05-25,2026-05-01,14,5,Пятница,0,Вторая половина,CUST-0120,R06,Ростов-на-Дону,Юг,team_f,email,delivery,low,50.2,30–60 мин,12.4,8–24 ч,0,SLA выполнен,,,b2c,2025-11-02,bronze,0,1,email,other,sla_ok
TCK-001343,2026-04-17 09:27:00,2026-04-17,2026-04-13,2026-04-01,9,5,Пятница,0,Первая половина,CUST-0003,R01,Москва,Центр,team_a,chat,delivery,normal,2.6,До 5 мин,10.4,8–24 ч,1,SLA нарушен,4.3,Средняя,b2b,2024-01-28,gold,0,1,chat,normal,sla_breached
TCK-000348,2026-03-16 17:48:00,2026-03-16,2026-03-16,2026-03-01,17,1,Понедельник,0,Первая половина,CUST-0199,,Неизвестный регион,Неизвестно,,chat,delivery,normal,22.4,15–30 мин,6.9,До 8 ч,0,SLA выполнен,5.0,Высокая,b2c,2025-06-12,bronze,0,1,chat,normal,sla_ok
TCK-000387,2026-03-01 20:29:00,2026-03-01,2026-02-23,2026-03-01,20,7,Воскресенье,1,Первая половина,CUST-0271,R05,Новосибирск,Сибирь,team_e,chat,technical,normal,2.5,До 5 мин,15.8,8–24 ч,0,SLA выполнен,5.0,Высокая,b2c,2025-02-28,bronze,0,1,chat,normal,sla_ok
TCK-000001,2026-05-16 17:46:00,2026-05-16,2026-05-11,2026-05-01,17,6,Суббота,1,Вторая половина,CUST-0156,R01,Москва,Центр,team_a,chat,delivery,normal,8.9,5–15 мин,28.0,24–48 ч,1,SLA нарушен,3.8,Средняя,b2c,2025-10-23,bronze,0,1,chat,normal,sla_breached
TCK-000361,2026-05-29 09:28:00,2026-05-29,2026-05-25,2026-05-01,9,5,Пятница,0,Вторая половина,CUST-0317,R05,Новосибирск,Сибирь,team_e,chat,technical,high,4.9,До 5 мин,48.6,48–72 ч,1,SLA нарушен,3.8,Средняя,b2c,2024-03-16,bronze,0,1,chat,high,sla_breached
TCK-000895,2026-03-05 09:02:00,2026-03-05,2026-03-02,2026-03-01,9,4,Четверг,0,Первая половина,CUST-0197,R01,Москва,Центр,team_a,email,delivery,normal,53.8,30–60 мин,8.2,8–24 ч,1,SLA нарушен,3.0,Средняя,b2c,2024-07-12,silver,0,1,email,normal,sla_breached
TCK-000829,2026-05-21 10:45:00,2026-05-21,2026-05-18,2026-05-01,10,4,Четверг,0,Вторая половина,CUST-0283,R07,Нижний Новгород,Поволжье,team_c,email,delivery,normal,63.3,Более 60 мин,6.2,До 8 ч,0,SLA выполнен,4.2,Средняя,b2c,2025-12-22,bronze,0,1,email,normal,sla_ok
TCK-001426,2026-04-19 10:32:00,2026-04-19,2026-04-13,2026-04-01,10,7,Воскресенье,1,Первая половина,CUST-0157,R06,Ростов-на-Дону,Юг,team_f,chat,payment,normal,2.9,До 5 мин,6.2,До 8 ч,0,SLA выполнен,5.0,Высокая,b2c,2024-02-04,silver,0,1,chat,normal,sla_ok
TCK-000476,2026-06-04 17:58:00,2026-06-04,2026-06-01,2026-06-01,17,4,Четверг,0,Вторая половина,CUST-0238,R05,Новосибирск,Сибирь,team_e,email,technical,normal,14.4,5–15 мин,182.8,Более 72 ч,1,SLA нарушен,4.3,Средняя,b2b,2024-02-13,silver,0,1,email,normal,sla_breached
TCK-001291,2026-04-14 18:42:00,2026-04-14,2026-04-13,2026-04-01,18,2,Вторник,0,Первая половина,CUST-0237,R05,Новосибирск,Сибирь,team_e,email,login,critical,23.7,15–30 мин,19.1,8–24 ч,1,SLA нарушен,4.1,Средняя,b2c,2025-02-06,bronze,0,1,email,other,sla_breached
TCK-000058,2026-06-04 12:22:00,2026-06-04,2026-06-01,2026-06-01,12,4,Четверг,0,Вторая половина,CUST-0165,R08,Краснодар,Юг,team_f,phone,delivery,normal,20.0,15–30 мин,31.7,24–48 ч,0,SLA выполнен,3.8,Средняя,b2c,2025-05-07,bronze,0,1,other,normal,sla_ok
TCK-000638,2026-03-24 11:26:00,2026-03-24,2026-03-23,2026-03-01,11,2,Вторник,0,Первая половина,CUST-0286,R08,Краснодар,Юг,team_f,chat,login,high,1.0,До 5 мин,5.3,До 8 ч,0,SLA выполнен,5.0,Высокая,b2c,2024-04-04,bronze,0,1,chat,high,sla_ok
TCK-001317,2026-05-11 19:11:00,2026-05-11,2026-05-11,2026-05-01,19,1,Понедельник,0,Вторая половина,CUST-0060,R08,Краснодар,Юг,team_f,phone,technical,normal,18.0,15–30 мин,16.3,8–24 ч,0,SLA выполнен,4.2,Средняя,b2c,2025-04-18,bronze,0,1,other,normal,sla_ok
TCK-001059,2026-05-01 12:36:00,2026-05-01,2026-04-27,2026-05-01,12,5,Пятница,0,Вторая половина,CUST-0282,R02,Санкт-Петербург,Северо-Запад,team_b,email,payment,low,15.3,15–30 мин,2.6,До 8 ч,0,SLA выполнен,4.5,Высокая,b2c,2024-11-15,silver,0,1,email,other,sla_ok
TCK-000964,2026-04-04 14:19:00,2026-04-04,2026-03-30,2026-04-01,14,6,Суббота,1,Первая половина,CUST-0117,R03,Казань,Поволжье,team_c,email,technical,high,27.4,15–30 мин,30.2,24–48 ч,1,SLA нарушен,3.1,Средняя,b2b,2024-11-30,gold,0,1,email,high,sla_breached
TCK-000173,2026-06-02 21:36:00,2026-06-02,2026-06-01,2026-06-01,21,2,Вторник,0,Вторая половина,CUST-0031,R04,Екатеринбург,Урал,team_d,email,payment,high,27.0,15–30 мин,11.0,8–24 ч,0,SLA выполнен,5.0,Высокая,b2b,2026-02-26,silver,0,1,email,high,sla_ok
TCK-000451,2026-06-02 14:35:00,2026-06-02,2026-06-01,2026-06-01,14,2,Вторник,0,Вторая половина,CUST-0099,R07,Нижний Новгород,Поволжье,team_c,web_form,payment,high,3.2,До 5 мин,9.5,8–24 ч,0,SLA выполнен,5.0,Высокая,b2c,2024-04-11,silver,0,1,other,high,sla_ok
TCK-000126,2026-04-29 21:02:00,2026-04-29,2026-04-27,2026-04-01,21,3,Среда,0,Вторая половина,CUST-0220,R05,Новосибирск,Сибирь,team_e,email,login,high,61.0,Более 60 мин,3.8,До 8 ч,0,SLA выполнен,3.7,Средняя,b2c,2025-05-12,silver,0,1,email,high,sla_ok
TCK-000991,2026-05-18 19:44:00,2026-05-18,2026-05-18,2026-05-01,19,1,Понедельник,0,Вторая половина,CUST-0059,R01,Москва,Центр,team_a,email,account,critical,15.9,15–30 мин,8.3,8–24 ч,1,SLA нарушен,3.2,Средняя,b2c,2024-07-05,gold,0,1,email,other,sla_breached
TCK-000531,2026-04-22 21:46:00,2026-04-22,2026-04-20,2026-04-01,21,3,Среда,0,Вторая половина,CUST-0141,R01,Москва,Центр,team_a,phone,technical,normal,10.9,5–15 мин,36.4,24–48 ч,1,SLA нарушен,3.6,Средняя,b2c,2024-01-10,bronze,0,1,other,normal,sla_breached
TCK-000858,2026-06-02 16:07:00,2026-06-02,2026-06-01,2026-06-01,16,2,Вторник,0,Вторая половина,CUST-0269,R01,Москва,Центр,team_a,chat,login,normal,5.7,5–15 мин,5.5,До 8 ч,0,SLA выполнен,5.0,Высокая,b2c,2024-11-26,bronze,0,1,chat,normal,sla_ok
TCK-000714,2026-05-19 10:18:00,2026-05-19,2026-05-18,2026-05-01,10,2,Вторник,0,Вторая половина,CUST-0259,R02,Санкт-Петербург,Северо-Запад,team_b,chat,login,low,13.0,5–15 мин,2.7,До 8 ч,0,SLA выполнен,5.0,Высокая,b2c,2024-07-20,bronze,0,1,chat,other,sla_ok
TCK-000091,2026-03-21 09:41:00,2026-03-21,2026-03-16,2026-03-01,9,6,Суббота,1,Первая половина,CUST-0136,R07,Нижний Новгород,Поволжье,team_c,chat,refund,normal,3.3,До 5 мин,48.9,48–72 ч,1,SLA нарушен,2.7,Низкая,b2c,2024-08-21,gold,0,1,chat,normal,sla_breached
TCK-001461,2026-04-06 20:03:00,2026-04-06,2026-04-06,2026-04-01,20,1,Понедельник,0,Первая половина,CUST-0260,R01,Москва,Центр,team_a,phone,account,normal,13.0,5–15 мин,21.9,8–24 ч,0,SLA выполнен,3.3,Средняя,b2c,2025-05-17,silver,0,1,other,normal,sla_ok
TCK-000182,2026-03-23 10:28:00,2026-03-23,2026-03-23,2026-03-01,10,1,Понедельник,0,Первая половина,CUST-0049,R05,Новосибирск,Сибирь,team_e,email,refund,critical,9.4,5–15 мин,98.8,Более 72 ч,1,SLA нарушен,1.3,Низкая,b2b,2025-01-10,platinum,0,1,email,other,sla_breached
TCK-000876,2026-04-03 12:36:00,2026-04-03,2026-03-30,2026-04-01,12,5,Пятница,0,Первая половина,CUST-0089,R02,Санкт-Петербург,Северо-Запад,team_b,email,technical,normal,31.3,30–60 мин,13.2,8–24 ч,0,SLA выполнен,4.1,Средняя,b2c,2024-09-04,bronze,0,1,email,normal,sla_ok
TCK-001019,2026-04-26 14:48:00,2026-04-26,2026-04-20,2026-04-01,14,7,Воскресенье,1,Вторая половина,CUST-0049,R08,Краснодар,Юг,team_f,phone,technical,normal,4.7,До 5 мин,25.2,24–48 ч,1,SLA нарушен,3.3,Средняя,b2b,2025-01-10,platinum,0,1,other,normal,sla_breached
TCK-000787,2026-03-26 18:49:00,2026-03-26,2026-03-23,2026-03-01,18,4,Четверг,0,Первая половина,CUST-0327,R01,Москва,Центр,team_a,chat,login,normal,4.2,До 5 мин,8.7,8–24 ч,0,SLA выполнен,5.0,Высокая,b2b,2025-05-02,gold,0,1,chat,normal,sla_ok
TCK-000415,2026-05-30 15:21:00,2026-05-30,2026-05-25,2026-05-01,15,6,Суббота,1,Вторая половина,CUST-0061,R08,Краснодар,Юг,team_f,chat,refund,high,3.8,До 5 мин,29.0,24–48 ч,1,SLA нарушен,3.7,Средняя,b2c,2024-04-19,bronze,0,1,chat,high,sla_breached
TCK-000252,2026-05-18 19:58:00,2026-05-18,2026-05-18,2026-05-01,19,1,Понедельник,0,Вторая половина,CUST-0232,R06,Ростов-на-Дону,Юг,team_f,web_form,refund,high,47.9,30–60 мин,5.4,До 8 ч,1,SLA нарушен,3.2,Средняя,b2c,2025-07-14,bronze,0,1,other,high,sla_breached
TCK-000070,2026-04-24 08:48:00,2026-04-24,2026-04-20,2026-04-01,8,5,Пятница,0,Вторая половина,CUST-0181,R08,Краснодар,Юг,team_f,email,payment,normal,16.6,15–30 мин,7.5,До 8 ч,0,SLA выполнен,4.7,Высокая,b2b,2024-08-16,silver,0,1,email,normal,sla_ok
TCK-000804,2026-06-02 16:11:00,2026-06-02,2026-06-01,2026-06-01,16,2,Вторник,0,Вторая половина,CUST-0025,R06,Ростов-на-Дону,Юг,team_f,phone,payment,critical,13.3,5–15 мин,6.1,До 8 ч,0,SLA выполнен,4.3,Средняя,b2b,2024-05-13,gold,0,1,other,other,sla_ok
TCK-000132,2026-04-24 13:17:00,2026-04-24,2026-04-20,2026-04-01,13,5,Пятница,0,Вторая половина,CUST-0292,R05,Новосибирск,Сибирь,team_e,chat,technical,normal,4.7,До 5 мин,13.0,8–24 ч,0,SLA выполнен,5.0,Высокая,b2c,2024-08-28,silver,0,1,chat,normal,sla_ok
TCK-000301,2026-06-06 12:05:00,2026-06-06,2026-06-01,2026-06-01,12,6,Суббота,1,Вторая половина,CUST-0182,R03,Казань,Поволжье,team_c,email,login,normal,121.9,Более 60 мин,6.9,До 8 ч,0,SLA выполнен,3.7,Средняя,b2b,2025-06-02,platinum,0,1,email,normal,sla_ok
TCK-001031,2026-05-08 18:57:00,2026-05-08,2026-05-04,2026-05-01,18,5,Пятница,0,Вторая половина,CUST-0264,R01,Москва,Центр,team_a,phone,technical,high,3.5,До 5 мин,9.1,8–24 ч,0,SLA выполнен,5.0,Высокая,b2c,2024-04-24,bronze,0,1,other,high,sla_ok
TCK-000327,2026-03-05 15:20:00,2026-03-05,2026-03-02,2026-03-01,15,4,Четверг,0,Первая половина,CUST-0053,R02,Санкт-Петербург,Северо-Запад,team_b,email,delivery,normal,109.0,Более 60 мин,34.8,24–48 ч,1,SLA нарушен,2.3,Низкая,b2b,2025-07-28,silver,0,1,email,normal,sla_breached
TCK-001475,2026-05-05 08:46:00,2026-05-05,2026-05-04,2026-05-01,8,2,Вторник,0,Вторая половина,CUST-0072,R06,Ростов-на-Дону,Юг,team_f,chat,delivery,normal,3.3,До 5 мин,10.9,8–24 ч,0,SLA выполнен,5.0,Высокая,b2c,2024-11-26,silver,0,1,chat,normal,sla_ok
TCK-001121,2026-06-01 16:10:00,2026-06-01,2026-06-01,2026-06-01,16,1,Понедельник,0,Вторая половина,CUST-0081,R05,Новосибирск,Сибирь,team_e,chat,technical,high,1.3,До 5 мин,17.7,8–24 ч,1,SLA нарушен,4.9,Высокая,b2c,2025-10-07,bronze,0,1,chat,high,sla_breached
TCK-000500,2026-06-05 18:04:00,2026-06-05,2026-06-01,2026-06-01,18,5,Пятница,0,Вторая половина,CUST-0100,R06,Ростов-на-Дону,Юг,team_f,email,technical,normal,38.4,30–60 мин,16.5,8–24 ч,0,SLA выполнен,4.4,Средняя,vip,2025-07-30,gold,1,1,email,normal,sla_ok
TCK-000342,2026-05-19 18:40:00,2026-05-19,2026-05-18,2026-05-01,18,2,Вторник,0,Вторая половина,CUST-0133,R06,Ростов-на-Дону,Юг,team_f,email,refund,low,47.6,30–60 мин,32.4,24–48 ч,0,SLA выполнен,3.1,Средняя,b2c,2025-07-24,bronze,0,1,email,other,sla_ok
TCK-000833,2026-05-27 08:51:00,2026-05-27,2026-05-25,2026-05-01,8,3,Среда,0,Вторая половина,CUST-0180,R04,Екатеринбург,Урал,team_d,phone,account,high,5.8,5–15 мин,26.2,24–48 ч,1,SLA нарушен,4.0,Средняя,b2b,2025-12-20,gold,0,1,other,high,sla_breached
TCK-000365,2026-04-04 19:13:00,2026-04-04,2026-03-30,2026-04-01,19,6,Суббота,1,Первая половина,CUST-0186,R01,Москва,Центр,team_a,chat,technical,normal,2.3,До 5 мин,17.8,8–24 ч,0,SLA выполнен,5.0,Высокая,b2c,2024-01-05,bronze,0,1,chat,normal,sla_ok
TCK-000496,2026-03-20 12:28:00,2026-03-20,2026-03-16,2026-03-01,12,5,Пятница,0,Первая половина,CUST-0037,R01,Москва,Центр,team_a,web_form,technical,normal,42.3,30–60 мин,34.8,24–48 ч,1,SLA нарушен,3.0,Средняя,b2c,2025-07-24,silver,0,1,other,normal,sla_breached
TCK-001405,2026-04-13 17:55:00,2026-04-13,2026-04-13,2026-04-01,17,1,Понедельник,0,Первая половина,CUST-0096,R08,Краснодар,Юг,team_f,email,technical,normal,60.3,Более 60 мин,29.1,24–48 ч,1,SLA нарушен,2.8,Низкая,b2c,2024-12-11,gold,0,1,email,normal,sla_breached
TCK-000339,2026-04-01 21:16:00,2026-04-01,2026-03-30,2026-04-01,21,3,Среда,0,Первая половина,CUST-0054,R04,Екатеринбург,Урал,team_d,web_form,delivery,high,16.7,15–30 мин,37.0,24–48 ч,1,SLA нарушен,3.4,Средняя,b2c,2025-08-26,silver,0,1,other,high,sla_breached
TCK-000422,2026-05-27 09:14:00,2026-05-27,2026-05-25,2026-05-01,9,3,Среда,0,Вторая половина,CUST-0280,R04,Екатеринбург,Урал,team_d,chat,account,low,,,2.5,До 8 ч,0,SLA выполнен,5.0,Высокая,b2b,2025-02-05,silver,0,1,chat,other,sla_ok
TCK-000165,2026-06-08 09:41:00,2026-06-08,2026-06-08,2026-06-01,9,1,Понедельник,0,Вторая половина,CUST-0274,R04,Екатеринбург,Урал,team_d,chat,login,high,11.1,5–15 мин,16.2,8–24 ч,1,SLA нарушен,4.4,Средняя,b2c,2025-05-27,bronze,0,1,chat,high,sla_breached
TCK-000029,2026-05-21 19:23:00,2026-05-21,2026-05-18,2026-05-01,19,4,Четверг,0,Вторая половина,CUST-0047,R03,Казань,Поволжье,team_c,phone,payment,low,13.4,5–15 мин,14.1,8–24 ч,0,SLA выполнен,4.4,Средняя,b2c,2024-01-07,silver,0,1,other,other,sla_ok
TCK-000517,2026-05-22 20:49:00,2026-05-22,2026-05-18,2026-05-01,20,5,Пятница,0,Вторая половина,CUST-0015,R03,Казань,Поволжье,team_c,chat,refund,low,6.0,5–15 мин,4.4,До 8 ч,0,SLA выполнен,5.0,Высокая,b2c,2025-05-06,bronze,0,1,chat,other,sla_ok
TCK-000194,2026-04-13 08:37:00,2026-04-13,2026-04-13,2026-04-01,8,1,Понедельник,0,Первая половина,CUST-0059,R01,Москва,Центр,team_a,phone,payment,normal,5.3,5–15 мин,27.9,24–48 ч,1,SLA нарушен,4.0,Средняя,b2c,2024-07-05,gold,0,1,other,normal,sla_breached
TCK-000983,2026-05-20 21:19:00,2026-05-20,2026-05-18,2026-05-01,21,3,Среда,0,Вторая половина,CUST-0291,R02,Санкт-Петербург,Северо-Запад,team_b,chat,account,normal,6.6,5–15 мин,3.3,До 8 ч,0,SLA выполнен,5.0,Высокая,b2b,2024-03-14,silver,0,1,chat,normal,sla_ok
TCK-001372,2026-05-04 14:17:00,2026-05-04,2026-05-04,2026-05-01,14,1,Понедельник,0,Вторая половина,CUST-0288,R06,Ростов-на-Дону,Юг,team_f,chat,delivery,normal,2.1,До 5 мин,10.8,8–24 ч,0,SLA выполнен,4.6,Высокая,b2c,2024-04-15,,0,1,chat,normal,sla_ok
TCK-000946,2026-04-23 16:56:00,2026-04-23,2026-04-20,2026-04-01,16,4,Четверг,0,Вторая половина,CUST-0260,R05,Новосибирск,Сибирь,team_e,phone,login,normal,1.3,До 5 мин,3.9,До 8 ч,0,SLA выполнен,5.0,Высокая,b2c,2025-05-17,silver,0,1,other,normal,sla_ok
TCK-001371,2026-04-08 12:39:00,2026-04-08,2026-04-06,2026-04-01,12,3,Среда,0,Первая половина,CUST-0235,R02,Санкт-Петербург,Северо-Запад,team_b,chat,delivery,normal,3.2,До 5 мин,25.9,24–48 ч,1,SLA нарушен,4.6,Высокая,vip,2025-08-15,platinum,1,1,chat,normal,sla_breached
TCK-000170,2026-03-20 09:32:00,2026-03-20,2026-03-16,2026-03-01,9,5,Пятница,0,Первая половина,CUST-0060,R06,Ростов-на-Дону,Юг,team_f,chat,account,normal,9.6,5–15 мин,7.5,До 8 ч,0,SLA выполнен,5.0,Высокая,b2c,2025-04-18,bronze,0,1,chat,normal,sla_ok
TCK-000168,2026-04-22 21:03:00,2026-04-22,2026-04-20,2026-04-01,21,3,Среда,0,Вторая половина,CUST-0306,R02,Санкт-Петербург,Северо-Запад,team_b,email,account,high,22.3,15–30 мин,30.1,24–48 ч,1,SLA нарушен,3.7,Средняя,b2c,2025-04-09,silver,0,1,email,high,sla_breached
TCK-000653,2026-06-07 11:06:00,2026-06-07,2026-06-01,2026-06-01,11,7,Воскресенье,1,Вторая половина,CUST-0141,R01,Москва,Центр,team_a,phone,login,normal,11.6,5–15 мин,3.5,До 8 ч,0,SLA выполнен,4.6,Высокая,b2c,2024-01-10,bronze,0,1,other,normal,sla_ok
TCK-000174,2026-04-08 18:17:00,2026-04-08,2026-04-06,2026-04-01,18,3,Среда,0,Первая половина,CUST-0077,R07,Нижний Новгород,Поволжье,team_c,chat,delivery,low,4.2,До 5 мин,15.1,8–24 ч,0,SLA выполнен,,,b2c,2025-07-31,silver,0,1,chat,other,sla_ok
TCK-000519,2026-04-03 17:09:00,2026-04-03,2026-03-30,2026-04-01,17,5,Пятница,0,Первая половина,CUST-0288,R05,Новосибирск,Сибирь,team_e,phone,login,critical,2.0,До 5 мин,8.9,8–24 ч,1,SLA нарушен,4.5,Высокая,b2c,2024-04-15,,0,1,other,other,sla_breached
TCK-001223,2026-06-06 11:45:00,2026-06-06,2026-06-01,2026-06-01,11,6,Суббота,1,Вторая половина,CUST-0260,R03,Казань,Поволжье,team_c,email,technical,normal,59.0,30–60 мин,43.8,24–48 ч,1,SLA нарушен,2.7,Низкая,b2c,2025-05-17,silver,0,1,email,normal,sla_breached
TCK-001190,2026-03-31 14:17:00,2026-03-31,2026-03-30,2026-03-01,14,2,Вторник,0,Первая половина,CUST-0273,R02,Санкт-Петербург,Северо-Запад,team_b,email,payment,normal,162.3,Более 60 мин,14.1,8–24 ч,0,SLA выполнен,3.3,Средняя,b2c,2024-07-22,bronze,0,1,email,normal,sla_ok
TCK-000913,2026-05-18 13:18:00,2026-05-18,2026-05-18,2026-05-01,13,1,Понедельник,0,Вторая половина,CUST-0271,R02,Санкт-Петербург,Северо-Запад,team_b,email,refund,normal,62.6,Более 60 мин,20.0,8–24 ч,0,SLA выполнен,4.4,Средняя,b2c,2025-02-28,bronze,0,1,email,normal,sla_ok
TCK-000492,2026-05-29 09:34:00,2026-05-29,2026-05-25,2026-05-01,9,5,Пятница,0,Вторая половина,CUST-0003,R04,Екатеринбург,Урал,team_d,email,payment,normal,8.8,5–15 мин,5.6,До 8 ч,0,SLA выполнен,3.9,Средняя,b2b,2024-01-28,gold,0,1,email,normal,sla_ok
TCK-000954,2026-05-13 08:31:00,2026-05-13,2026-05-11,2026-05-01,8,3,Среда,0,Вторая половина,CUST-0329,R04,Екатеринбург,Урал,team_d,phone,refund,high,17.4,15–30 мин,87.9,Более 72 ч,1,SLA нарушен,2.0,Низкая,b2c,2024-07-13,silver,0,1,other,high,sla_breached
TCK-000074,2026-03-15 11:39:00,2026-03-15,2026-03-09,2026-03-01,11,7,Воскресенье,1,Первая половина,CUST-0110,R01,Москва,Центр,team_a,web_form,payment,high,7.0,5–15 мин,27.1,24–48 ч,1,SLA нарушен,3.4,Средняя,b2b,2024-10-24,platinum,0,1,other,high,sla_breached
TCK-001263,2026-03-05 11:51:00,2026-03-05,2026-03-02,2026-03-01,11,4,Четверг,0,Первая половина,CUST-0122,R04,Екатеринбург,Урал,team_d,phone,payment,low,7.6,5–15 мин,1.9,До 8 ч,0,SLA выполнен,5.0,Высокая,b2c,2025-05-18,silver,0,1,other,other,sla_ok
TCK-000588,2026-04-24 12:39:00,2026-04-24,2026-04-20,2026-04-01,12,5,Пятница,0,Вторая половина,CUST-0205,R08,Краснодар,Юг,team_f,chat,login,normal,15.5,15–30 мин,2.2,До 8 ч,0,SLA выполнен,5.0,Высокая,b2c,2025-10-30,bronze,0,1,chat,normal,sla_ok
TCK-000751,2026-05-06 10:01:00,2026-05-06,2026-05-04,2026-05-01,10,3,Среда,0,Вторая половина,CUST-0012,R07,Нижний Новгород,Поволжье,team_c,phone,login,normal,9.5,5–15 мин,2.4,До 8 ч,0,SLA выполнен,5.0,Высокая,vip,2025-04-30,gold,1,1,other,normal,sla_ok
TCK-000658,2026-05-25 20:32:00,2026-05-25,2026-05-25,2026-05-01,20,1,Понедельник,0,Вторая половина,CUST-0305,R02,Санкт-Петербург,Северо-Запад,team_b,web_form,technical,critical,15.5,15–30 мин,30.0,24–48 ч,1,SLA нарушен,3.3,Средняя,b2b,2026-01-19,gold,0,1,other,other,sla_breached
TCK-000843,2026-05-17 20:43:00,2026-05-17,2026-05-11,2026-05-01,20,7,Воскресенье,1,Вторая половина,CUST-0046,R05,Новосибирск,Сибирь,team_e,chat,technical,normal,1.9,До 5 мин,19.9,8–24 ч,0,SLA выполнен,4.1,Средняя,b2b,2025-03-22,platinum,0,1,chat,normal,sla_ok
TCK-000235,2026-03-04 17:45:00,2026-03-04,2026-03-02,2026-03-01,17,3,Среда,0,Первая половина,CUST-0311,R06,Ростов-на-Дону,Юг,team_f,web_form,payment,normal,20.0,15–30 мин,8.4,8–24 ч,0,SLA выполнен,4.6,Высокая,b2c,2024-08-23,bronze,0,1,other,normal,sla_ok
TCK-000733,2026-03-11 20:49:00,2026-03-11,2026-03-09,2026-03-01,20,3,Среда,0,Первая половина,CUST-0038,R01,Москва,Центр,team_a,phone,delivery,low,12.5,5–15 мин,17.6,8–24 ч,0,SLA выполнен,4.4,Средняя,b2c,2025-04-11,bronze,0,1,other,other,sla_ok
TCK-000215,2026-05-28 21:11:00,2026-05-28,2026-05-25,2026-05-01,21,4,Четверг,0,Вторая половина,CUST-0253,R05,Новосибирск,Сибирь,team_e,email,technical,normal,68.5,Более 60 мин,32.7,24–48 ч,1,SLA нарушен,2.5,Низкая,b2c,2024-10-24,bronze,0,1,email,normal,sla_breached
TCK-000163,2026-05-08 14:36:00,2026-05-08,2026-05-04,2026-05-01,14,5,Пятница,0,Вторая половина,CUST-0030,R03,Казань,Поволжье,team_c,chat,refund,high,2.3,До 5 мин,69.8,48–72 ч,1,SLA нарушен,2.7,Низкая,b2b,2025-09-10,silver,0,1,chat,high,sla_breached
TCK-000133,2026-06-04 15:11:00,2026-06-04,2026-06-01,2026-06-01,15,4,Четверг,0,Вторая половина,CUST-0263,R08,Краснодар,Юг,team_f,email,payment,normal,70.7,Более 60 мин,33.9,24–48 ч,1,SLA нарушен,2.5,Низкая,b2c,2024-12-18,gold,0,1,email,normal,sla_breached
TCK-001112,2026-06-02 17:30:00,2026-06-02,2026-06-01,2026-06-01,17,2,Вторник,0,Вторая половина,CUST-0176,R08,Краснодар,Юг,team_f,phone,payment,normal,21.0,15–30 мин,10.1,8–24 ч,0,SLA выполнен,4.2,Средняя,b2c,2025-09-05,bronze,0,1,other,normal,sla_ok
TCK-000223,2026-06-01 14:38:00,2026-06-01,2026-06-01,2026-06-01,14,1,Понедельник,0,Вторая половина,CUST-0286,R07,Нижний Новгород,Поволжье,team_c,chat,payment,high,1.0,До 5 мин,9.9,8–24 ч,0,SLA выполнен,4.9,Высокая,b2c,2024-04-04,bronze,0,1,chat,high,sla_ok
TCK-001237,2026-05-28 18:14:00,2026-05-28,2026-05-25,2026-05-01,18,4,Четверг,0,Вторая половина,CUST-0166,R06,Ростов-на-Дону,Юг,team_f,chat,technical,normal,3.2,До 5 мин,16.3,8–24 ч,0,SLA выполнен,5.0,Высокая,b2c,2024-03-12,bronze,0,1,chat,normal,sla_ok
TCK-000935,2026-03-17 21:51:00,2026-03-17,2026-03-16,2026-03-01,21,2,Вторник,0,Первая половина,CUST-0059,R02,Санкт-Петербург,Северо-Запад,team_b,chat,login,critical,1.0,До 5 мин,7.7,До 8 ч,1,SLA нарушен,4.2,Средняя,b2c,2024-07-05,gold,0,1,chat,other,sla_breached
TCK-000186,2026-04-21 09:07:00,2026-04-21,2026-04-20,2026-04-01,9,2,Вторник,0,Вторая половина,CUST-0174,R07,Нижний Новгород,Поволжье,team_c,phone,account,normal,14.8,5–15 мин,2.4,До 8 ч,0,SLA выполнен,,,vip,2024-04-22,gold,1,1,other,normal,sla_ok
TCK-000042,2026-05-30 18:17:00,2026-05-30,2026-05-25,2026-05-01,18,6,Суббота,1,Вторая половина,CUST-0173,R08,Краснодар,Юг,team_f,email,technical,normal,14.4,5–15 мин,10.1,8–24 ч,0,SLA выполнен,4.5,Высокая,b2c,2024-12-24,gold,0,1,email,normal,sla_ok
TCK-000693,2026-04-12 12:49:00,2026-04-12,2026-04-06,2026-04-01,12,7,Воскресенье,1,Первая половина,CUST-0229,,Неизвестный регион,Неизвестно,,phone,payment,high,7.7,5–15 мин,9.1,8–24 ч,0,SLA выполнен,4.7,Высокая,b2c,2024-01-13,gold,0,1,other,high,sla_ok
TCK-000109,2026-03-23 08:03:00,2026-03-23,2026-03-23,2026-03-01,8,1,Понедельник,0,Первая половина,CUST-0193,R03,Казань,Поволжье,team_c,chat,technical,normal,5.8,5–15 мин,41.4,24–48 ч,1,SLA нарушен,3.0,Средняя,b2c,2026-01-30,gold,0,1,chat,normal,sla_breached
TCK-000039,2026-06-07 11:57:00,2026-06-07,2026-06-01,2026-06-01,11,7,Воскресенье,1,Вторая половина,CUST-0267,R07,Нижний Новгород,Поволжье,team_c,chat,login,normal,1.0,До 5 мин,4.6,До 8 ч,0,SLA выполнен,5.0,Высокая,b2c,2025-03-03,bronze,0,1,chat,normal,sla_ok
TCK-000569,2026-06-05 20:38:00,2026-06-05,2026-06-01,2026-06-01,20,5,Пятница,0,Вторая половина,CUST-0227,R01,Москва,Центр,team_a,chat,login,normal,2.0,До 5 мин,2.4,До 8 ч,0,SLA выполнен,5.0,Высокая,b2c,2024-02-11,bronze,0,1,chat,normal,sla_ok
TCK-001005,2026-05-20 17:48:00,2026-05-20,2026-05-18,2026-05-01,17,3,Среда,0,Вторая половина,CUST-0027,R01,Москва,Центр,team_a,chat,payment,high,1.0,До 5 мин,10.0,8–24 ч,0,SLA выполнен,4.8,Высокая,b2c,2024-11-17,bronze,0,1,chat,high,sla_ok
TCK-001277,2026-04-28 17:30:00,2026-04-28,2026-04-27,2026-04-01,17,2,Вторник,0,Вторая половина,CUST-0129,R06,Ростов-на-Дону,Юг,team_f,chat,technical,normal,3.1,До 5 мин,20.4,8–24 ч,0,SLA выполнен,5.0,Высокая,b2c,2025-03-06,bronze,0,1,chat,normal,sla_ok
TCK-001452,2026-03-12 15:15:00,2026-03-12,2026-03-09,2026-03-01,15,4,Четверг,0,Первая половина,CUST-0146,R02,Санкт-Петербург,Северо-Запад,team_b,chat,account,low,7.8,5–15 мин,7.2,До 8 ч,0,SLA выполнен,4.8,Высокая,b2c,2025-09-09,silver,0,1,chat,other,sla_ok
TCK-000484,2026-03-04 10:12:00,2026-03-04,2026-03-02,2026-03-01,10,3,Среда,0,Первая половина,CUST-0068,R06,Ростов-на-Дону,Юг,team_f,phone,payment,critical,10.1,5–15 мин,5.3,До 8 ч,0,SLA выполнен,5.0,Высокая,b2c,2024-03-10,silver,0,1,other,other,sla_ok
TCK-000469,2026-05-19 09:06:00,2026-05-19,2026-05-18,2026-05-01,9,2,Вторник,0,Вторая половина,CUST-0151,R04,Екатеринбург,Урал,team_d,web_form,technical,high,34.3,30–60 мин,46.5,24–48 ч,1,SLA нарушен,3.3,Средняя,b2b,2024-02-04,gold,0,1,other,high,sla_breached
TCK-000891,2026-04-25 11:50:00,2026-04-25,2026-04-20,2026-04-01,11,6,Суббота,1,Вторая половина,CUST-0286,R04,Екатеринбург,Урал,team_d,chat,account,high,2.0,До 5 мин,11.9,8–24 ч,0,SLA выполнен,5.0,Высокая,b2c,2024-04-04,bronze,0,1,chat,high,sla_ok
TCK-000948,2026-05-22 16:32:00,2026-05-22,2026-05-18,2026-05-01,16,5,Пятница,0,Вторая половина,CUST-0009,R06,Ростов-на-Дону,Юг,team_f,web_form,payment,normal,14.3,5–15 мин,26.2,24–48 ч,1,SLA нарушен,2.9,Низкая,b2c,2025-12-26,bronze,0,1,other,normal,sla_breached
TCK-000025,2026-04-14 08:02:00,2026-04-14,2026-04-13,2026-04-01,8,2,Вторник,0,Первая половина,CUST-0169,R06,Ростов-на-Дону,Юг,team_f,phone,delivery,normal,18.6,15–30 мин,17.9,8–24 ч,0,SLA выполнен,5.0,Высокая,b2c,2025-11-13,bronze,0,1,other,normal,sla_ok
TCK-001213,2026-04-21 08:22:00,2026-04-21,2026-04-20,2026-04-01,8,2,Вторник,0,Вторая половина,CUST-0309,R05,Новосибирск,Сибирь,team_e,chat,login,high,8.9,5–15 мин,5.6,До 8 ч,0,SLA выполнен,4.3,Средняя,b2c,2025-12-28,silver,0,1,chat,high,sla_ok
TCK-001202,2026-05-21 20:05:00,2026-05-21,2026-05-18,2026-05-01,20,4,Четверг,0,Вторая половина,CUST-0207,R01,Москва,Центр,team_a,chat,payment,high,7.4,5–15 мин,30.9,24–48 ч,1,SLA нарушен,4.0,Средняя,b2c,2025-10-09,bronze,0,1,chat,high,sla_breached
TCK-000069,2026-03-06 13:40:00,2026-03-06,2026-03-02,2026-03-01,13,5,Пятница,0,Первая половина,CUST-0250,R03,Казань,Поволжье,team_c,phone,delivery,normal,9.3,5–15 мин,33.7,24–48 ч,1,SLA нарушен,3.4,Средняя,b2c,2024-03-13,bronze,0,1,other,normal,sla_breached
TCK-000885,2026-05-11 12:25:00,2026-05-11,2026-05-11,2026-05-01,12,1,Понедельник,0,Вторая половина,CUST-0060,R01,Москва,Центр,team_a,email,payment,high,30.3,30–60 мин,12.4,8–24 ч,1,SLA нарушен,4.0,Средняя,b2c,2025-04-18,bronze,0,1,email,high,sla_breached
TCK-001275,2026-04-10 14:38:00,2026-04-10,2026-04-06,2026-04-01,14,5,Пятница,0,Первая половина,CUST-0286,R05,Новосибирск,Сибирь,team_e,email,login,normal,16.5,15–30 мин,2.3,До 8 ч,0,SLA выполнен,4.4,Средняя,b2c,2024-04-04,bronze,0,1,email,normal,sla_ok
TCK-000367,2026-05-02 10:11:00,2026-05-02,2026-04-27,2026-05-01,10,6,Суббота,1,Вторая половина,CUST-0307,R08,Краснодар,Юг,team_f,chat,technical,normal,3.8,До 5 мин,28.6,24–48 ч,1,SLA нарушен,4.4,Средняя,b2c,2025-04-20,bronze,0,1,chat,normal,sla_breached
TCK-000506,2026-04-14 20:20:00,2026-04-14,2026-04-13,2026-04-01,20,2,Вторник,0,Первая половина,CUST-0160,R01,Москва,Центр,team_a,phone,payment,high,9.2,5–15 мин,8.6,8–24 ч,1,SLA нарушен,4.7,Высокая,b2b,2026-02-28,gold,0,1,other,high,sla_breached
TCK-000851,2026-03-16 17:40:00,2026-03-16,2026-03-16,2026-03-01,17,1,Понедельник,0,Первая половина,CUST-0130,R07,Нижний Новгород,Поволжье,team_c,web_form,delivery,low,87.9,Более 60 мин,9.2,8–24 ч,0,SLA выполнен,3.3,Средняя,b2c,2024-01-10,gold,0,1,other,other,sla_ok
TCK-001326,2026-03-06 19:12:00,2026-03-06,2026-03-02,2026-03-01,19,5,Пятница,0,Первая половина,CUST-0040,R02,Санкт-Петербург,Северо-Запад,team_b,chat,delivery,normal,3.9,До 5 мин,37.1,24–48 ч,1,SLA нарушен,3.9,Средняя,b2c,2024-03-16,bronze,0,1,chat,normal,sla_breached
TCK-000384,2026-05-01 14:33:00,2026-05-01,2026-04-27,2026-05-01,14,5,Пятница,0,Вторая половина,CUST-0018,R04,Екатеринбург,Урал,team_d,chat,refund,high,3.3,До 5 мин,43.5,24–48 ч,1,SLA нарушен,3.4,Средняя,b2c,2024-03-07,bronze,0,1,chat,high,sla_breached
TCK-000735,2026-04-23 17:41:00,2026-04-23,2026-04-20,2026-04-01,17,4,Четверг,0,Вторая половина,CUST-0092,R02,Санкт-Петербург,Северо-Запад,team_b,email,payment,high,10.7,5–15 мин,20.0,8–24 ч,1,SLA нарушен,3.0,Средняя,b2b,2024-04-26,silver,0,1,email,high,sla_breached
TCK-000718,2026-04-20 08:02:00,2026-04-20,2026-04-20,2026-04-01,8,1,Понедельник,0,Вторая половина,CUST-0064,R04,Екатеринбург,Урал,team_d,phone,account,normal,15.7,15–30 мин,7.3,До 8 ч,0,SLA выполнен,5.0,Высокая,b2b,2024-04-04,gold,0,1,other,normal,sla_ok
TCK-001346,2026-06-05 17:28:00,2026-06-05,2026-06-01,2026-06-01,17,5,Пятница,0,Вторая половина,CUST-0269,R04,Екатеринбург,Урал,team_d,email,delivery,normal,133.6,Более 60 мин,16.7,8–24 ч,0,SLA выполнен,3.2,Средняя,b2c,2024-11-26,bronze,0,1,email,normal,sla_ok
TCK-000455,2026-04-21 16:56:00,2026-04-21,2026-04-20,2026-04-01,16,2,Вторник,0,Вторая половина,CUST-0101,R05,Новосибирск,Сибирь,team_e,web_form,technical,normal,2.8,До 5 мин,55.8,48–72 ч,1,SLA нарушен,2.9,Низкая,b2b,2024-05-19,silver,0,1,other,normal,sla_breached
TCK-000265,2026-05-28 18:44:00,2026-05-28,2026-05-25,2026-05-01,18,4,Четверг,0,Вторая половина,CUST-0167,R05,Новосибирск,Сибирь,team_e,phone,account,normal,1.0,До 5 мин,8.3,8–24 ч,0,SLA выполнен,4.8,Высокая,b2b,2025-06-21,gold,0,1,other,normal,sla_ok
TCK-000076,2026-04-05 13:55:00,2026-04-05,2026-03-30,2026-04-01,13,7,Воскресенье,1,Первая половина,CUST-0138,R02,Санкт-Петербург,Северо-Запад,team_b,phone,technical,normal,7.9,5–15 мин,29.0,24–48 ч,1,SLA нарушен,3.3,Средняя,b2c,2024-12-28,bronze,0,1,other,normal,sla_breached
TCK-000915,2026-04-23 19:53:00,2026-04-23,2026-04-20,2026-04-01,19,4,Четверг,0,Вторая половина,CUST-0293,R02,Санкт-Петербург,Северо-Запад,team_b,web_form,account,normal,17.4,15–30 мин,10.8,8–24 ч,0,SLA выполнен,4.4,Средняя,vip,2025-04-30,gold,1,1,other,normal,sla_ok
TCK-000233,2026-04-16 16:55:00,2026-04-16,2026-04-13,2026-04-01,16,4,Четверг,0,Первая половина,CUST-0262,R07,Нижний Новгород,Поволжье,team_c,chat,technical,high,2.4,До 5 мин,47.6,24–48 ч,1,SLA нарушен,2.4,Низкая,b2b,2025-03-28,silver,0,1,chat,high,sla_breached
TCK-000445,2026-05-28 17:02:00,2026-05-28,2026-05-25,2026-05-01,17,4,Четверг,0,Вторая половина,CUST-0049,R06,Ростов-на-Дону,Юг,team_f,chat,technical,normal,7.0,5–15 мин,12.2,8–24 ч,0,SLA выполнен,,,b2b,2025-01-10,platinum,0,1,chat,normal,sla_ok
TCK-000396,2026-03-09 16:28:00,2026-03-09,2026-03-09,2026-03-01,16,1,Понедельник,0,Первая половина,CUST-0141,R05,Новосибирск,Сибирь,team_e,chat,payment,critical,1.0,До 5 мин,21.0,8–24 ч,1,SLA нарушен,4.2,Средняя,b2c,2024-01-10,bronze,0,1,chat,other,sla_breached
TCK-000612,2026-05-02 13:08:00,2026-05-02,2026-04-27,2026-05-01,13,6,Суббота,1,Вторая половина,CUST-0060,R02,Санкт-Петербург,Северо-Запад,team_b,email,payment,normal,22.2,15–30 мин,4.9,До 8 ч,0,SLA выполнен,4.9,Высокая,b2c,2025-04-18,bronze,0,1,email,normal,sla_ok
TCK-000177,2026-05-11 10:40:00,2026-05-11,2026-05-11,2026-05-01,10,1,Понедельник,0,Вторая половина,CUST-0279,R08,Краснодар,Юг,team_f,chat,login,low,14.1,5–15 мин,1.0,До 8 ч,0,SLA выполнен,5.0,Высокая,b2b,2024-12-30,gold,0,1,chat,other,sla_ok
TCK-000019,2026-05-28 18:51:00,2026-05-28,2026-05-25,2026-05-01,18,4,Четверг,0,Вторая половина,CUST-0222,R03,Казань,Поволжье,team_c,email,technical,normal,68.2,Более 60 мин,54.1,48–72 ч,1,SLA нарушен,1.5,Низкая,b2c,2025-11-03,silver,0,1,email,normal,sla_breached
TCK-001321,2026-05-06 15:30:00,2026-05-06,2026-05-04,2026-05-01,15,3,Среда,0,Вторая половина,CUST-0121,R01,Москва,Центр,team_a,chat,account,normal,6.6,5–15 мин,9.4,8–24 ч,0,SLA выполнен,5.0,Высокая,b2c,2025-11-24,silver,0,1,chat,normal,sla_ok
TCK-001062,2026-03-23 13:54:00,2026-03-23,2026-03-23,2026-03-01,13,1,Понедельник,0,Первая половина,CUST-0009,R08,Краснодар,Юг,team_f,email,technical,normal,16.5,15–30 мин,8.8,8–24 ч,0,SLA выполнен,4.5,Высокая,b2c,2025-12-26,bronze,0,1,email,normal,sla_ok
TCK-000596,2026-04-21 16:08:00,2026-04-21,2026-04-20,2026-04-01,16,2,Вторник,0,Вторая половина,CUST-0110,R02,Санкт-Петербург,Северо-Запад,team_b,chat,login,high,6.2,5–15 мин,9.8,8–24 ч,0,SLA выполнен,5.0,Высокая,b2b,2024-10-24,platinum,0,1,chat,high,sla_ok
TCK-000062,2026-05-29 09:00:00,2026-05-29,2026-05-25,2026-05-01,9,5,Пятница,0,Вторая половина,CUST-0126,R05,Новосибирск,Сибирь,team_e,email,delivery,low,74.8,Более 60 мин,31.2,24–48 ч,0,SLA выполнен,3.2,Средняя,b2c,2025-04-09,silver,0,1,email,other,sla_ok
TCK-000873,2026-03-12 21:45:00,2026-03-12,2026-03-09,2026-03-01,21,4,Четверг,0,Первая половина,CUST-0027,R05,Новосибирск,Сибирь,team_e,chat,delivery,normal,13.9,5–15 мин,27.1,24–48 ч,1,SLA нарушен,4.0,Средняя,b2c,2024-11-17,bronze,0,1,chat,normal,sla_breached
TCK-001175,2026-03-20 21:21:00,2026-03-20,2026-03-16,2026-03-01,21,5,Пятница,0,Первая половина,CUST-0136,R02,Санкт-Петербург,Северо-Запад,team_b,phone,account,high,2.7,До 5 мин,4.4,До 8 ч,0,SLA выполнен,5.0,Высокая,b2c,2024-08-21,gold,0,1,other,high,sla_ok
TCK-001417,2026-04-29 20:19:00,2026-04-29,2026-04-27,2026-04-01,20,3,Среда,0,Вторая половина,CUST-0046,R02,Санкт-Петербург,Северо-Запад,team_b,email,login,normal,39.7,30–60 мин,3.3,До 8 ч,0,SLA выполнен,4.2,Средняя,b2b,2025-03-22,platinum,0,1,email,normal,sla_ok
TCK-000279,2026-05-07 18:45:00,2026-05-07,2026-05-04,2026-05-01,18,4,Четверг,0,Вторая половина,CUST-0138,R04,Екатеринбург,Урал,team_d,phone,payment,normal,20.7,15–30 мин,9.3,8–24 ч,0,SLA выполнен,5.0,Высокая,b2c,2024-12-28,bronze,0,1,other,normal,sla_ok
TCK-000037,2026-05-18 19:11:00,2026-05-18,2026-05-18,2026-05-01,19,1,Понедельник,0,Вторая половина,CUST-0292,R04,Екатеринбург,Урал,team_d,email,payment,normal,33.8,30–60 мин,8.1,8–24 ч,0,SLA выполнен,4.2,Средняя,b2c,2024-08-28,silver,0,1,email,normal,sla_ok
TCK-000663,2026-05-27 14:17:00,2026-05-27,2026-05-25,2026-05-01,14,3,Среда,0,Вторая половина,CUST-0026,R05,Новосибирск,Сибирь,team_e,email,account,normal,45.0,30–60 мин,8.9,8–24 ч,0,SLA выполнен,3.8,Средняя,b2c,2025-09-24,silver,0,1,email,normal,sla_ok
TCK-001362,2026-05-25 15:48:00,2026-05-25,2026-05-25,2026-05-01,15,1,Понедельник,0,Вторая половина,CUST-0072,R01,Москва,Центр,team_a,web_form,payment,normal,30.9,30–60 мин,8.1,8–24 ч,0,SLA выполнен,4.8,Высокая,b2c,2024-11-26,silver,0,1,other,normal,sla_ok
TCK-001095,2026-03-03 10:06:00,2026-03-03,2026-03-02,2026-03-01,10,2,Вторник,0,Первая половина,CUST-0239,R02,Санкт-Петербург,Северо-Запад,team_b,phone,delivery,low,2.9,До 5 мин,16.5,8–24 ч,0,SLA выполнен,3.8,Средняя,b2c,2024-02-25,bronze,0,1,other,other,sla_ok
TCK-000978,2026-04-20 16:13:00,2026-04-20,2026-04-20,2026-04-01,16,1,Понедельник,0,Вторая половина,CUST-0251,R03,Казань,Поволжье,team_c,phone,technical,normal,31.1,30–60 мин,11.1,8–24 ч,0,SLA выполнен,4.4,Средняя,b2c,2025-08-31,bronze,0,1,other,normal,sla_ok
TCK-000739,2026-04-30 13:00:00,2026-04-30,2026-04-27,2026-04-01,13,4,Четверг,0,Вторая половина,CUST-0070,R04,Екатеринбург,Урал,team_d,chat,login,low,6.4,5–15 мин,2.7,До 8 ч,0,SLA выполнен,5.0,Высокая,b2c,2025-06-03,silver,0,1,chat,other,sla_ok
TCK-000192,2026-04-06 11:02:00,2026-04-06,2026-04-06,2026-04-01,11,1,Понедельник,0,Первая половина,CUST-0192,R01,Москва,Центр,team_a,web_form,refund,normal,44.7,30–60 мин,61.7,48–72 ч,1,SLA нарушен,2.3,Низкая,b2c,2025-09-25,bronze,0,1,other,normal,sla_breached
TCK-000920,2026-05-24 11:26:00,2026-05-24,2026-05-18,2026-05-01,11,7,Воскресенье,1,Вторая половина,CUST-0184,R01,Москва,Центр,team_a,email,delivery,high,12.2,5–15 мин,1.9,До 8 ч,0,SLA выполнен,5.0,Высокая,b2c,2024-01-29,bronze,0,1,email,high,sla_ok
TCK-000457,2026-04-22 17:56:00,2026-04-22,2026-04-20,2026-04-01,17,3,Среда,0,Вторая половина,CUST-0081,R08,Краснодар,Юг,team_f,chat,technical,normal,2.6,До 5 мин,7.0,До 8 ч,0,SLA выполнен,5.0,Высокая,b2c,2025-10-07,bronze,0,1,chat,normal,sla_ok
TCK-000676,2026-05-18 15:29:00,2026-05-18,2026-05-18,2026-05-01,15,1,Понедельник,0,Вторая половина,CUST-0013,R01,Москва,Центр,team_a,chat,technical,normal,9.4,5–15 мин,69.0,48–72 ч,1,SLA нарушен,2.2,Низкая,b2c,2025-05-17,silver,0,1,chat,normal,sla_breached
TCK-000761,2026-05-26 09:17:00,2026-05-26,2026-05-25,2026-05-01,9,2,Вторник,0,Вторая половина,CUST-0237,R01,Москва,Центр,team_a,chat,refund,normal,2.4,До 5 мин,29.5,24–48 ч,0,SLA выполнен,5.0,Высокая,b2c,2025-02-06,bronze,0,1,chat,normal,sla_ok
TCK-001363,2026-03-10 11:03:00,2026-03-10,2026-03-09,2026-03-01,11,2,Вторник,0,Первая половина,CUST-0322,R07,Нижний Новгород,Поволжье,team_c,email,delivery,normal,31.6,30–60 мин,8.6,8–24 ч,0,SLA выполнен,4.0,Средняя,b2c,2025-07-08,silver,0,1,email,normal,sla_ok
TCK-000729,2026-05-30 08:45:00,2026-05-30,2026-05-25,2026-05-01,8,6,Суббота,1,Вторая половина,CUST-0119,R04,Екатеринбург,Урал,team_d,chat,payment,low,3.1,До 5 мин,4.9,До 8 ч,0,SLA выполнен,5.0,Высокая,b2c,2024-08-02,gold,0,1,chat,other,sla_ok
TCK-000413,2026-05-06 15:26:00,2026-05-06,2026-05-04,2026-05-01,15,3,Среда,0,Вторая половина,CUST-0085,R01,Москва,Центр,team_a,web_form,payment,high,4.6,До 5 мин,15.0,8–24 ч,1,SLA нарушен,3.5,Средняя,b2c,2025-09-20,bronze,0,1,other,high,sla_breached
TCK-000826,2026-03-05 10:13:00,2026-03-05,2026-03-02,2026-03-01,10,4,Четверг,0,Первая половина,CUST-0230,R07,Нижний Новгород,Поволжье,team_c,chat,refund,normal,6.3,5–15 мин,26.9,24–48 ч,1,SLA нарушен,4.3,Средняя,b2c,2024-08-01,bronze,0,1,chat,normal,sla_breached
TCK-000617,2026-05-22 18:41:00,2026-05-22,2026-05-18,2026-05-01,18,5,Пятница,0,Вторая половина,CUST-0327,R01,Москва,Центр,team_a,web_form,delivery,normal,9.5,5–15 мин,13.9,8–24 ч,0,SLA выполнен,5.0,Высокая,b2b,2025-05-02,gold,0,1,other,normal,sla_ok
TCK-000115,2026-05-29 16:18:00,2026-05-29,2026-05-25,2026-05-01,16,5,Пятница,0,Вторая половина,CUST-0221,R02,Санкт-Петербург,Северо-Запад,team_b,web_form,payment,high,37.7,30–60 мин,11.3,8–24 ч,0,SLA выполнен,4.8,Высокая,b2c,2024-03-08,bronze,0,1,other,high,sla_ok
TCK-000418,2026-03-14 15:43:00,2026-03-14,2026-03-09,2026-03-01,15,6,Суббота,1,Первая половина,CUST-0095,R04,Екатеринбург,Урал,team_d,chat,delivery,normal,1.3,До 5 мин,21.7,8–24 ч,0,SLA выполнен,4.4,Средняя,b2c,2025-03-14,bronze,0,1,chat,normal,sla_ok
TCK-001439,2026-05-19 17:18:00,2026-05-19,2026-05-18,2026-05-01,17,2,Вторник,0,Вторая половина,CUST-0304,R01,Москва,Центр,team_a,phone,delivery,critical,1.0,До 5 мин,16.1,8–24 ч,1,SLA нарушен,4.2,Средняя,b2c,2024-06-20,silver,0,1,other,other,sla_breached
TCK-000970,2026-05-14 11:33:00,2026-05-14,2026-05-11,2026-05-01,11,4,Четверг,0,Вторая половина,CUST-0071,R03,Казань,Поволжье,team_c,email,payment,normal,84.0,Более 60 мин,6.4,До 8 ч,0,SLA выполнен,3.7,Средняя,b2c,2025-07-29,silver,0,1,email,normal,sla_ok
TCK-000605,2026-06-03 14:41:00,2026-06-03,2026-06-01,2026-06-01,14,3,Среда,0,Вторая половина,CUST-0158,R01,Москва,Центр,team_a,chat,technical,normal,15.4,15–30 мин,81.0,Более 72 ч,1,SLA нарушен,2.2,Низкая,b2c,2024-03-25,silver,0,1,chat,normal,sla_breached
TCK-001445,2026-05-28 14:09:00,2026-05-28,2026-05-25,2026-05-01,14,4,Четверг,0,Вторая половина,CUST-0307,R01,Москва,Центр,team_a,chat,delivery,high,6.1,5–15 мин,36.1,24–48 ч,1,SLA нарушен,4.2,Средняя,b2c,2025-04-20,bronze,0,1,chat,high,sla_breached
TCK-000849,2026-05-19 17:48:00,2026-05-19,2026-05-18,2026-05-01,17,2,Вторник,0,Вторая половина,CUST-0055,R03,Казань,Поволжье,team_c,phone,technical,normal,16.9,15–30 мин,9.0,8–24 ч,1,SLA нарушен,4.5,Высокая,b2b,2025-12-27,silver,0,1,other,normal,sla_breached
TCK-001313,2026-03-12 16:26:00,2026-03-12,2026-03-09,2026-03-01,16,4,Четверг,0,Первая половина,CUST-0128,R01,Москва,Центр,team_a,web_form,login,normal,23.6,15–30 мин,2.2,До 8 ч,0,SLA выполнен,4.7,Высокая,b2c,2025-06-26,gold,0,1,other,normal,sla_ok
TCK-001444,2026-03-27 20:03:00,2026-03-27,2026-03-23,2026-03-01,20,5,Пятница,0,Первая половина,CUST-0122,R05,Новосибирск,Сибирь,team_e,phone,account,high,6.8,5–15 мин,7.4,До 8 ч,0,SLA выполнен,5.0,Высокая,b2c,2025-05-18,silver,0,1,other,high,sla_ok
TCK-000754,2026-05-01 19:15:00,2026-05-01,2026-04-27,2026-05-01,19,5,Пятница,0,Вторая половина,CUST-0203,R03,Казань,Поволжье,team_c,web_form,payment,critical,8.9,5–15 мин,15.4,8–24 ч,1,SLA нарушен,3.6,Средняя,b2c,2024-04-04,silver,0,1,other,other,sla_breached
TCK-000499,2026-04-29 09:01:00,2026-04-29,2026-04-27,2026-04-01,9,3,Среда,0,Вторая половина,CUST-0177,R01,Москва,Центр,team_a,chat,delivery,normal,1.1,До 5 мин,37.1,24–48 ч,1,SLA нарушен,3.8,Средняя,b2c,2025-09-30,silver,0,1,chat,normal,sla_breached
TCK-000012,2026-05-30 17:47:00,2026-05-30,2026-05-25,2026-05-01,17,6,Суббота,1,Вторая половина,CUST-0135,R04,Екатеринбург,Урал,team_d,email,login,low,16.2,15–30 мин,1.3,До 8 ч,0,SLA выполнен,5.0,Высокая,b2c,2024-12-06,silver,0,1,email,other,sla_ok
TCK-000397,2026-03-27 16:02:00,2026-03-27,2026-03-23,2026-03-01,16,5,Пятница,0,Первая половина,CUST-0013,R08,Краснодар,Юг,team_f,web_form,payment,normal,8.2,5–15 мин,6.6,До 8 ч,0,SLA выполнен,,,b2c,2025-05-17,silver,0,1,other,normal,sla_ok
TCK-000285,2026-04-02 08:48:00,2026-04-02,2026-03-30,2026-04-01,8,4,Четверг,0,Первая половина,CUST-0077,R06,Ростов-на-Дону,Юг,team_f,chat,account,normal,5.4,5–15 мин,20.7,8–24 ч,0,SLA выполнен,5.0,Высокая,b2c,2025-07-31,silver,0,1,chat,normal,sla_ok
TCK-000691,2026-05-15 18:55:00,2026-05-15,2026-05-11,2026-05-01,18,5,Пятница,0,Вторая половина,CUST-0257,R06,Ростов-на-Дону,Юг,team_f,phone,technical,normal,7.7,5–15 мин,40.3,24–48 ч,1,SLA нарушен,3.4,Средняя,b2b,2025-03-04,silver,0,1,other,normal,sla_breached
TCK-001240,2026-05-27 14:59:00,2026-05-27,2026-05-25,2026-05-01,14,3,Среда,0,Вторая половина,CUST-0059,R04,Екатеринбург,Урал,team_d,email,account,normal,23.8,15–30 мин,7.2,До 8 ч,0,SLA выполнен,4.3,Средняя,b2c,2024-07-05,gold,0,1,email,normal,sla_ok
TCK-001490,2026-03-11 09:48:00,2026-03-11,2026-03-09,2026-03-01,9,3,Среда,0,Первая половина,CUST-0247,R02,Санкт-Петербург,Северо-Запад,team_b,chat,login,high,5.5,5–15 мин,3.2,До 8 ч,0,SLA выполнен,5.0,Высокая,b2c,2024-11-21,bronze,0,1,chat,high,sla_ok
TCK-000690,2026-05-20 17:41:00,2026-05-20,2026-05-18,2026-05-01,17,3,Среда,0,Вторая половина,CUST-0270,R04,Екатеринбург,Урал,team_d,web_form,technical,low,19.4,15–30 мин,27.6,24–48 ч,0,SLA выполнен,,,b2c,2025-04-01,gold,0,1,other,other,sla_ok
TCK-000852,2026-03-30 15:27:00,2026-03-30,2026-03-30,2026-03-01,15,1,Понедельник,0,Первая половина,CUST-0072,R02,Санкт-Петербург,Северо-Запад,team_b,email,technical,high,59.6,30–60 мин,10.1,8–24 ч,0,SLA выполнен,3.1,Средняя,b2c,2024-11-26,silver,0,1,email,high,sla_ok
TCK-000160,2026-03-26 10:03:00,2026-03-26,2026-03-23,2026-03-01,10,4,Четверг,0,Первая половина,CUST-0210,R02,Санкт-Петербург,Северо-Запад,team_b,chat,delivery,normal,7.2,5–15 мин,14.0,8–24 ч,0,SLA выполнен,4.5,Высокая,b2c,2024-02-01,bronze,0,1,chat,normal,sla_ok
TCK-000896,2026-04-15 19:58:00,2026-04-15,2026-04-13,2026-04-01,19,3,Среда,0,Первая половина,CUST-0133,R01,Москва,Центр,team_a,email,delivery,low,49.6,30–60 мин,17.1,8–24 ч,0,SLA выполнен,3.6,Средняя,b2c,2025-07-24,bronze,0,1,email,other,sla_ok
TCK-001199,2026-04-10 15:25:00,2026-04-10,2026-04-06,2026-04-01,15,5,Пятница,0,Первая половина,CUST-0047,R03,Казань,Поволжье,team_c,chat,technical,normal,16.4,15–30 мин,13.4,8–24 ч,0,SLA выполнен,5.0,Высокая,b2c,2024-01-07,silver,0,1,chat,normal,sla_ok
TCK-000258,2026-05-09 12:58:00,2026-05-09,2026-05-04,2026-05-01,12,6,Суббота,1,Вторая половина,CUST-0183,R01,Москва,Центр,team_a,phone,technical,normal,3.2,До 5 мин,30.3,24–48 ч,1,SLA нарушен,2.9,Низкая,b2c,2025-12-19,bronze,0,1,other,normal,sla_breached
TCK-000336,2026-03-12 16:30:00,2026-03-12,2026-03-09,2026-03-01,16,4,Четверг,0,Первая половина,CUST-0283,R08,Краснодар,Юг,team_f,email,technical,low,58.2,30–60 мин,14.5,8–24 ч,0,SLA выполнен,4.1,Средняя,b2c,2025-12-22,bronze,0,1,email,other,sla_ok
TCK-001418,2026-05-20 17:00:00,2026-05-20,2026-05-18,2026-05-01,17,3,Среда,0,Вторая половина,CUST-0234,R01,Москва,Центр,team_a,chat,payment,low,5.2,5–15 мин,1.7,До 8 ч,0,SLA выполнен,5.0,Высокая,b2c,2026-02-13,bronze,0,1,chat,other,sla_ok
TCK-001040,2026-06-08 13:59:00,2026-06-08,2026-06-08,2026-06-01,13,1,Понедельник,0,Вторая половина,CUST-0242,R01,Москва,Центр,team_a,email,technical,low,44.6,30–60 мин,9.0,8–24 ч,0,SLA выполнен,3.7,Средняя,b2b,2024-02-03,silver,0,1,email,other,sla_ok
TCK-000516,2026-03-16 16:44:00,2026-03-16,2026-03-16,2026-03-01,16,1,Понедельник,0,Первая половина,CUST-0193,R04,Екатеринбург,Урал,team_d,web_form,technical,low,27.6,15–30 мин,10.3,8–24 ч,0,SLA выполнен,4.7,Высокая,b2c,2026-01-30,gold,0,1,other,other,sla_ok
TCK-001016,2026-05-20 13:03:00,2026-05-20,2026-05-18,2026-05-01,13,3,Среда,0,Вторая половина,CUST-0131,R01,Москва,Центр,team_a,phone,technical,normal,15.0,15–30 мин,16.5,8–24 ч,0,SLA выполнен,4.9,Высокая,b2c,2024-03-16,bronze,0,1,other,normal,sla_ok
TCK-000769,2026-05-12 21:18:00,2026-05-12,2026-05-11,2026-05-01,21,2,Вторник,0,Вторая половина,CUST-0019,R02,Санкт-Петербург,Северо-Запад,team_b,web_form,technical,normal,31.4,30–60 мин,29.3,24–48 ч,1,SLA нарушен,4.2,Средняя,b2b,2025-02-17,silver,0,1,other,normal,sla_breached
TCK-001327,2026-04-21 17:15:00,2026-04-21,2026-04-20,2026-04-01,17,2,Вторник,0,Вторая половина,CUST-0276,R03,Казань,Поволжье,team_c,web_form,delivery,normal,19.8,15–30 мин,12.3,8–24 ч,0,SLA выполнен,5.0,Высокая,b2c,2026-01-13,bronze,0,1,other,normal,sla_ok
TCK-000762,2026-05-13 08:43:00,2026-05-13,2026-05-11,2026-05-01,8,3,Среда,0,Вторая половина,CUST-0128,R04,Екатеринбург,Урал,team_d,web_form,delivery,high,10.9,5–15 мин,17.7,8–24 ч,1,SLA нарушен,3.2,Средняя,b2c,2025-06-26,gold,0,1,other,high,sla_breached
TCK-001352,2026-03-22 18:14:00,2026-03-22,2026-03-16,2026-03-01,18,7,Воскресенье,1,Первая половина,CUST-0217,R08,Краснодар,Юг,team_f,web_form,delivery,high,3.7,До 5 мин,10.5,8–24 ч,0,SLA выполнен,,,b2c,2025-03-02,silver,0,1,other,high,sla_ok
TCK-000522,2026-03-04 19:41:00,2026-03-04,2026-03-02,2026-03-01,19,3,Среда,0,Первая половина,CUST-0073,R08,Краснодар,Юг,team_f,phone,technical,normal,18.6,15–30 мин,21.2,8–24 ч,0,SLA выполнен,5.0,Высокая,b2b,2025-12-29,silver,0,1,other,normal,sla_ok
TCK-000357,2026-04-21 13:41:00,2026-04-21,2026-04-20,2026-04-01,13,2,Вторник,0,Вторая половина,CUST-0175,R04,Екатеринбург,Урал,team_d,chat,account,normal,3.3,До 5 мин,4.7,До 8 ч,0,SLA выполнен,5.0,Высокая,b2c,2025-11-05,bronze,0,1,chat,normal,sla_ok
TCK-001282,2026-06-03 21:43:00,2026-06-03,2026-06-01,2026-06-01,21,3,Среда,0,Вторая половина,CUST-0043,R01,Москва,Центр,team_a,web_form,login,high,25.3,15–30 мин,4.5,До 8 ч,0,SLA выполнен,5.0,Высокая,b2b,2024-05-12,silver,0,1,other,high,sla_ok
TCK-000341,2026-04-27 19:29:00,2026-04-27,2026-04-27,2026-04-01,19,1,Понедельник,0,Вторая половина,CUST-0198,R04,Екатеринбург,Урал,team_d,phone,account,normal,21.6,15–30 мин,7.1,До 8 ч,0,SLA выполнен,5.0,Высокая,b2b,2024-02-15,silver,0,1,other,normal,sla_ok
TCK-000432,2026-05-23 21:07:00,2026-05-23,2026-05-18,2026-05-01,21,6,Суббота,1,Вторая половина,CUST-0244,R08,Краснодар,Юг,team_f,email,delivery,low,95.3,Более 60 мин,8.3,8–24 ч,0,SLA выполнен,3.6,Средняя,b2c,2025-11-29,bronze,0,1,email,other,sla_ok
TCK-000474,2026-05-12 13:19:00,2026-05-12,2026-05-11,2026-05-01,13,2,Вторник,0,Вторая половина,CUST-0116,R04,Екатеринбург,Урал,team_d,email,delivery,high,19.9,15–30 мин,10.7,8–24 ч,0,SLA выполнен,4.6,Высокая,b2b,2026-01-21,gold,0,1,email,high,sla_ok
TCK-000218,2026-03-17 08:14:00,2026-03-17,2026-03-16,2026-03-01,8,2,Вторник,0,Первая половина,CUST-0004,R02,Санкт-Петербург,Северо-Запад,team_b,phone,login,normal,9.9,5–15 мин,3.0,До 8 ч,0,SLA выполнен,5.0,Высокая,b2b,2024-06-08,silver,0,1,other,normal,sla_ok
TCK-000912,2026-05-08 14:13:00,2026-05-08,2026-05-04,2026-05-01,14,5,Пятница,0,Вторая половина,CUST-0285,R03,Казань,Поволжье,team_c,chat,login,normal,2.8,До 5 мин,10.6,8–24 ч,0,SLA выполнен,5.0,Высокая,b2c,2024-04-12,silver,0,1,chat,normal,sla_ok
TCK-001214,2026-04-30 10:41:00,2026-04-30,2026-04-27,2026-04-01,10,4,Четверг,0,Вторая половина,CUST-0219,R03,Казань,Поволжье,team_c,web_form,account,critical,18.0,15–30 мин,2.6,До 8 ч,0,SLA выполнен,4.9,Высокая,vip,2025-03-09,platinum,1,1,other,other,sla_ok
TCK-001012,2026-05-07 16:23:00,2026-05-07,2026-05-04,2026-05-01,16,4,Четверг,0,Вторая половина,CUST-0189,R05,Новосибирск,Сибирь,team_e,phone,account,normal,6.7,5–15 мин,4.2,До 8 ч,0,SLA выполнен,5.0,Высокая,b2b,2025-10-09,gold,0,1,other,normal,sla_ok
TCK-001469,2026-04-23 10:16:00,2026-04-23,2026-04-20,2026-04-01,10,4,Четверг,0,Вторая половина,CUST-0197,R08,Краснодар,Юг,team_f,phone,delivery,normal,12.3,5–15 мин,20.7,8–24 ч,0,SLA выполнен,4.7,Высокая,b2c,2024-07-12,silver,0,1,other,normal,sla_ok
TCK-000094,2026-05-27 21:07:00,2026-05-27,2026-05-25,2026-05-01,21,3,Среда,0,Вторая половина,CUST-0220,R03,Казань,Поволжье,team_c,phone,technical,high,21.0,15–30 мин,21.8,8–24 ч,1,SLA нарушен,4.0,Средняя,b2c,2025-05-12,silver,0,1,other,high,sla_breached
TCK-001009,2026-03-20 11:29:00,2026-03-20,2026-03-16,2026-03-01,11,5,Пятница,0,Первая половина,CUST-0242,R01,Москва,Центр,team_a,chat,refund,low,5.2,5–15 мин,41.8,24–48 ч,0,SLA выполнен,4.2,Средняя,b2b,2024-02-03,silver,0,1,chat,other,sla_ok
TCK-001071,2026-05-06 21:19:00,2026-05-06,2026-05-04,2026-05-01,21,3,Среда,0,Вторая половина,CUST-0134,R02,Санкт-Петербург,Северо-Запад,team_b,phone,payment,critical,7.2,5–15 мин,172.4,Более 72 ч,1,SLA нарушен,3.5,Средняя,b2c,2025-10-14,silver,0,1,other,other,sla_breached
TCK-001093,2026-04-11 08:11:00,2026-04-11,2026-04-06,2026-04-01,8,6,Суббота,1,Первая половина,CUST-0162,R01,Москва,Центр,team_a,chat,login,normal,4.3,До 5 мин,5.3,До 8 ч,0,SLA выполнен,5.0,Высокая,b2b,2025-06-09,gold,0,1,chat,normal,sla_ok
TCK-000697,2026-04-07 19:33:00,2026-04-07,2026-04-06,2026-04-01,19,2,Вторник,0,Первая половина,CUST-0201,R01,Москва,Центр,team_a,phone,delivery,low,9.3,5–15 мин,33.7,24–48 ч,0,SLA выполнен,4.6,Высокая,b2b,2026-02-03,gold,0,1,other,other,sla_ok
TCK-000997,2026-04-23 14:47:00,2026-04-23,2026-04-20,2026-04-01,14,4,Четверг,0,Вторая половина,CUST-0184,R03,Казань,Поволжье,team_c,email,delivery,critical,49.9,30–60 мин,72.8,Более 72 ч,1,SLA нарушен,2.2,Низкая,b2c,2024-01-29,bronze,0,1,email,other,sla_breached
TCK-000154,2026-03-07 15:46:00,2026-03-07,2026-03-02,2026-03-01,15,6,Суббота,1,Первая половина,CUST-0315,R05,Новосибирск,Сибирь,team_e,chat,payment,low,58.4,30–60 мин,6.4,До 8 ч,0,SLA выполнен,4.7,Высокая,b2c,2024-04-26,gold,0,1,chat,other,sla_ok
TCK-001100,2026-05-24 12:46:00,2026-05-24,2026-05-18,2026-05-01,12,7,Воскресенье,1,Вторая половина,CUST-0040,R01,Москва,Центр,team_a,chat,refund,low,12.7,5–15 мин,5.0,До 8 ч,0,SLA выполнен,4.5,Высокая,b2c,2024-03-16,bronze,0,1,chat,other,sla_ok
TCK-001310,2026-05-23 21:57:00,2026-05-23,2026-05-18,2026-05-01,21,6,Суббота,1,Вторая половина,CUST-0024,R04,Екатеринбург,Урал,team_d,web_form,delivery,normal,14.1,5–15 мин,20.0,8–24 ч,0,SLA выполнен,4.7,Высокая,b2b,2026-01-27,silver,0,1,other,normal,sla_ok
TCK-000790,2026-03-12 10:10:00,2026-03-12,2026-03-09,2026-03-01,10,4,Четверг,0,Первая половина,CUST-0037,R01,Москва,Центр,team_a,web_form,delivery,low,39.1,30–60 мин,4.6,До 8 ч,0,SLA выполнен,4.2,Средняя,b2c,2025-07-24,silver,0,1,other,other,sla_ok
TCK-000581,2026-03-17 21:09:00,2026-03-17,2026-03-16,2026-03-01,21,2,Вторник,0,Первая половина,CUST-0225,R01,Москва,Центр,team_a,chat,payment,normal,5.8,5–15 мин,244.9,Более 72 ч,1,SLA нарушен,5.0,Высокая,b2c,2025-10-04,gold,0,1,chat,normal,sla_breached
TCK-000704,2026-05-19 18:09:00,2026-05-19,2026-05-18,2026-05-01,18,2,Вторник,0,Вторая половина,CUST-0243,R02,Санкт-Петербург,Северо-Запад,team_b,web_form,payment,high,22.6,15–30 мин,5.6,До 8 ч,0,SLA выполнен,4.5,Высокая,b2c,2024-06-22,bronze,0,1,other,high,sla_ok
TCK-001269,2026-05-23 11:48:00,2026-05-23,2026-05-18,2026-05-01,11,6,Суббота,1,Вторая половина,CUST-0106,R04,Екатеринбург,Урал,team_d,chat,payment,high,3.7,До 5 мин,55.3,48–72 ч,0,SLA выполнен,3.2,Средняя,b2b,2025-09-08,gold,0,1,chat,high,sla_ok
TCK-000488,2026-04-22 19:05:00,2026-04-22,2026-04-20,2026-04-01,19,3,Среда,0,Вторая половина,CUST-0210,R05,Новосибирск,Сибирь,team_e,email,technical,low,87.1,Более 60 мин,82.2,Более 72 ч,1,SLA нарушен,1.0,Низкая,b2c,2024-02-01,bronze,0,1,email,other,sla_breached
TCK-000560,2026-03-09 12:51:00,2026-03-09,2026-03-09,2026-03-01,12,1,Понедельник,0,Первая половина,CUST-0285,R01,Москва,Центр,team_a,phone,technical,high,3.8,До 5 мин,31.2,24–48 ч,1,SLA нарушен,3.5,Средняя,b2c,2024-04-12,silver,0,1,other,high,sla_breached
TCK-000802,2026-04-17 15:32:00,2026-04-17,2026-04-13,2026-04-01,15,5,Пятница,0,Первая половина,CUST-0317,R07,Нижний Новгород,Поволжье,team_c,chat,payment,low,7.3,5–15 мин,10.8,8–24 ч,0,SLA выполнен,4.7,Высокая,b2c,2024-03-16,bronze,0,1,chat,other,sla_ok
TCK-000513,2026-04-18 13:31:00,2026-04-18,2026-04-13,2026-04-01,13,6,Суббота,1,Первая половина,CUST-0211,R01,Москва,Центр,team_a,phone,refund,normal,1.4,До 5 мин,40.6,24–48 ч,1,SLA нарушен,4.0,Средняя,b2b,2024-12-26,gold,0,1,other,normal,sla_breached
TCK-000634,2026-03-29 08:51:00,2026-03-29,2026-03-23,2026-03-01,8,7,Воскресенье,1,Первая половина,CUST-0100,R01,Москва,Центр,team_a,phone,payment,normal,3.3,До 5 мин,4.0,До 8 ч,0,SLA выполнен,5.0,Высокая,vip,2025-07-30,gold,1,1,other,normal,sla_ok
TCK-001118,2026-03-02 15:06:00,2026-03-02,2026-03-02,2026-03-01,15,1,Понедельник,0,Первая половина,CUST-0233,R06,Ростов-на-Дону,Юг,team_f,phone,payment,normal,10.8,5–15 мин,20.8,8–24 ч,0,SLA выполнен,4.6,Высокая,vip,2025-02-16,gold,1,1,other,normal,sla_ok
TCK-001348,2026-06-05 15:16:00,2026-06-05,2026-06-01,2026-06-01,15,5,Пятница,0,Вторая половина,CUST-0288,R04,Екатеринбург,Урал,team_d,email,refund,high,19.6,15–30 мин,70.1,48–72 ч,1,SLA нарушен,2.0,Низкая,b2c,2024-04-15,,0,1,email,high,sla_breached
TCK-000791,2026-04-15 13:55:00,2026-04-15,2026-04-13,2026-04-01,13,3,Среда,0,Первая половина,CUST-0042,R01,Москва,Центр,team_a,chat,login,normal,3.7,До 5 мин,12.9,8–24 ч,0,SLA выполнен,4.9,Высокая,b2b,2025-05-01,gold,0,1,chat,normal,sla_ok
TCK-000117,2026-04-29 18:10:00,2026-04-29,2026-04-27,2026-04-01,18,3,Среда,0,Вторая половина,CUST-0144,R01,Москва,Центр,team_a,email,login,normal,9.7,5–15 мин,5.4,До 8 ч,0,SLA выполнен,4.7,Высокая,b2c,2025-12-26,silver,0,1,email,normal,sla_ok
TCK-000741,2026-03-14 19:02:00,2026-03-14,2026-03-09,2026-03-01,19,6,Суббота,1,Первая половина,CUST-0114,R02,Санкт-Петербург,Северо-Запад,team_b,web_form,technical,low,158.8,Более 60 мин,13.7,8–24 ч,0,SLA выполнен,2.7,Низкая,b2c,2025-07-21,silver,0,1,other,other,sla_ok
TCK-001082,2026-03-26 20:24:00,2026-03-26,2026-03-23,2026-03-01,20,4,Четверг,0,Первая половина,CUST-0128,R08,Краснодар,Юг,team_f,phone,payment,critical,4.8,До 5 мин,62.5,48–72 ч,1,SLA нарушен,2.5,Низкая,b2c,2025-06-26,gold,0,1,other,other,sla_breached
TCK-000831,2026-06-02 14:23:00,2026-06-02,2026-06-01,2026-06-01,14,2,Вторник,0,Вторая половина,CUST-0257,R02,Санкт-Петербург,Северо-Запад,team_b,email,refund,low,42.4,30–60 мин,42.9,24–48 ч,0,SLA выполнен,3.2,Средняя,b2b,2025-03-04,silver,0,1,email,other,sla_ok
TCK-000120,2026-03-20 15:04:00,2026-03-20,2026-03-16,2026-03-01,15,5,Пятница,0,Первая половина,CUST-0024,R02,Санкт-Петербург,Северо-Запад,team_b,phone,payment,normal,15.2,15–30 мин,6.4,До 8 ч,0,SLA выполнен,4.9,Высокая,b2b,2026-01-27,silver,0,1,other,normal,sla_ok
TCK-000657,2026-03-09 13:08:00,2026-03-09,2026-03-09,2026-03-01,13,1,Понедельник,0,Первая половина,CUST-0092,R03,Казань,Поволжье,team_c,email,login,critical,50.0,30–60 мин,7.1,До 8 ч,1,SLA нарушен,3.0,Средняя,b2b,2024-04-26,silver,0,1,email,other,sla_breached
TCK-000636,2026-03-22 10:31:00,2026-03-22,2026-03-16,2026-03-01,10,7,Воскресенье,1,Первая половина,CUST-0199,R01,Москва,Центр,team_a,chat,technical,normal,5.0,5–15 мин,6.8,До 8 ч,0,SLA выполнен,4.1,Средняя,b2c,2025-06-12,bronze,0,1,chat,normal,sla_ok
TCK-000370,2026-05-15 20:20:00,2026-05-15,2026-05-11,2026-05-01,20,5,Пятница,0,Вторая половина,CUST-0330,R05,Новосибирск,Сибирь,team_e,email,technical,critical,31.8,30–60 мин,11.2,8–24 ч,1,SLA нарушен,2.5,Низкая,b2c,2025-09-14,silver,0,1,email,other,sla_breached
TCK-000269,2026-05-22 16:00:00,2026-05-22,2026-05-18,2026-05-01,16,5,Пятница,0,Вторая половина,CUST-0167,R02,Санкт-Петербург,Северо-Запад,team_b,email,refund,normal,28.3,15–30 мин,64.1,48–72 ч,1,SLA нарушен,1.6,Низкая,b2b,2025-06-21,gold,0,1,email,normal,sla_breached
TCK-000656,2026-04-23 17:59:00,2026-04-23,2026-04-20,2026-04-01,17,4,Четверг,0,Вторая половина,CUST-0126,R05,Новосибирск,Сибирь,team_e,email,delivery,low,51.8,30–60 мин,7.4,До 8 ч,0,SLA выполнен,4.9,Высокая,b2c,2025-04-09,silver,0,1,email,other,sla_ok
TCK-000936,2026-05-25 08:38:00,2026-05-25,2026-05-25,2026-05-01,8,1,Понедельник,0,Вторая половина,CUST-0314,R05,Новосибирск,Сибирь,team_e,phone,login,normal,23.1,15–30 мин,3.1,До 8 ч,0,SLA выполнен,4.9,Высокая,b2c,2025-01-09,bronze,0,1,other,normal,sla_ok
TCK-000823,2026-03-28 13:07:00,2026-03-28,2026-03-23,2026-03-01,13,6,Суббота,1,Первая половина,CUST-0188,R04,Екатеринбург,Урал,team_d,web_form,delivery,high,34.7,30–60 мин,12.9,8–24 ч,1,SLA нарушен,3.2,Средняя,b2c,2024-02-10,bronze,0,1,other,high,sla_breached
TCK-000867,2026-06-02 14:36:00,2026-06-02,2026-06-01,2026-06-01,14,2,Вторник,0,Вторая половина,CUST-0264,R01,Москва,Центр,team_a,web_form,account,low,68.0,Более 60 мин,2.3,До 8 ч,0,SLA выполнен,4.4,Средняя,b2c,2024-04-24,bronze,0,1,other,other,sla_ok
TCK-000047,2026-04-17 14:19:00,2026-04-17,2026-04-13,2026-04-01,14,5,Пятница,0,Первая половина,CUST-0223,R01,Москва,Центр,team_a,phone,payment,low,2.2,До 5 мин,5.7,До 8 ч,0,SLA выполнен,,,b2c,2024-12-20,bronze,0,1,other,other,sla_ok
TCK-001301,2026-04-27 16:34:00,2026-04-27,2026-04-27,2026-04-01,16,1,Понедельник,0,Вторая половина,CUST-0273,R06,Ростов-на-Дону,Юг,team_f,web_form,technical,normal,3.5,До 5 мин,19.1,8–24 ч,0,SLA выполнен,4.6,Высокая,b2c,2024-07-22,bronze,0,1,other,normal,sla_ok
TCK-000992,2026-03-10 15:09:00,2026-03-10,2026-03-09,2026-03-01,15,2,Вторник,0,Первая половина,CUST-0239,R05,Новосибирск,Сибирь,team_e,web_form,payment,normal,32.5,30–60 мин,9.4,8–24 ч,0,SLA выполнен,4.3,Средняя,b2c,2024-02-25,bronze,0,1,other,normal,sla_ok
TCK-000877,2026-05-22 19:52:00,2026-05-22,2026-05-18,2026-05-01,19,5,Пятница,0,Вторая половина,CUST-0320,R03,Казань,Поволжье,team_c,phone,login,normal,7.6,5–15 мин,8.5,8–24 ч,0,SLA выполнен,5.0,Высокая,vip,2025-03-22,gold,1,1,other,normal,sla_ok
TCK-000774,2026-04-02 15:48:00,2026-04-02,2026-03-30,2026-04-01,15,4,Четверг,0,Первая половина,CUST-0153,R04,Екатеринбург,Урал,team_d,chat,login,low,5.5,5–15 мин,0.8,До 8 ч,0,SLA выполнен,5.0,Высокая,b2c,2025-06-24,bronze,0,1,chat,other,sla_ok
TCK-000961,2026-06-01 08:11:00,2026-06-01,2026-06-01,2026-06-01,8,1,Понедельник,0,Вторая половина,CUST-0318,R02,Санкт-Петербург,Северо-Запад,team_b,chat,login,normal,4.8,До 5 мин,3.5,До 8 ч,0,SLA выполнен,4.5,Высокая,b2b,2025-03-28,platinum,0,1,chat,normal,sla_ok
TCK-000005,2026-04-17 17:18:00,2026-04-17,2026-04-13,2026-04-01,17,5,Пятница,0,Первая половина,CUST-0227,R03,Казань,Поволжье,team_c,phone,technical,critical,12.6,5–15 мин,25.2,24–48 ч,1,SLA нарушен,2.9,Низкая,b2c,2024-02-11,bronze,0,1,other,other,sla_breached
TCK-001004,2026-04-20 12:53:00,2026-04-20,2026-04-20,2026-04-01,12,1,Понедельник,0,Вторая половина,CUST-0115,R06,Ростов-на-Дону,Юг,team_f,chat,delivery,high,1.1,До 5 мин,28.1,24–48 ч,1,SLA нарушен,4.3,Средняя,b2c,2025-10-30,bronze,0,1,chat,high,sla_breached
TCK-001312,2026-06-03 10:47:00,2026-06-03,2026-06-01,2026-06-01,10,3,Среда,0,Вторая половина,CUST-0038,R03,Казань,Поволжье,team_c,web_form,login,normal,54.7,30–60 мин,4.3,До 8 ч,0,SLA выполнен,4.1,Средняя,b2c,2025-04-11,bronze,0,1,other,normal,sla_ok
TCK-000264,2026-05-25 08:51:00,2026-05-25,2026-05-25,2026-05-01,8,1,Понедельник,0,Вторая половина,CUST-0191,R06,Ростов-на-Дону,Юг,team_f,email,delivery,normal,14.5,5–15 мин,26.2,24–48 ч,1,SLA нарушен,3.7,Средняя,vip,2026-02-13,gold,1,1,email,normal,sla_breached
TCK-001193,2026-05-24 17:03:00,2026-05-24,2026-05-18,2026-05-01,17,7,Воскресенье,1,Вторая половина,CUST-0116,R05,Новосибирск,Сибирь,team_e,email,payment,normal,30.2,30–60 мин,2.5,До 8 ч,0,SLA выполнен,4.5,Высокая,b2b,2026-01-21,gold,0,1,email,normal,sla_ok
TCK-001380,2026-04-24 09:39:00,2026-04-24,2026-04-20,2026-04-01,9,5,Пятница,0,Вторая половина,CUST-0144,R05,Новосибирск,Сибирь,team_e,web_form,account,normal,5.9,5–15 мин,6.4,До 8 ч,0,SLA выполнен,5.0,Высокая,b2c,2025-12-26,silver,0,1,other,normal,sla_ok
TCK-000444,2026-03-13 15:20:00,2026-03-13,2026-03-09,2026-03-01,15,5,Пятница,0,Первая половина,CUST-0265,R01,Москва,Центр,team_a,web_form,account,normal,94.0,Более 60 мин,5.7,До 8 ч,0,SLA выполнен,4.1,Средняя,vip,2024-07-15,platinum,1,1,other,normal,sla_ok
TCK-001003,2026-03-01 17:54:00,2026-03-01,2026-02-23,2026-03-01,17,7,Воскресенье,1,Первая половина,CUST-0129,R05,Новосибирск,Сибирь,team_e,chat,delivery,normal,11.6,5–15 мин,7.8,До 8 ч,0,SLA выполнен,5.0,Высокая,b2c,2025-03-06,bronze,0,1,chat,normal,sla_ok
TCK-001078,2026-03-23 08:43:00,2026-03-23,2026-03-23,2026-03-01,8,1,Понедельник,0,Первая половина,CUST-0094,R04,Екатеринбург,Урал,team_d,email,technical,low,15.5,15–30 мин,24.7,24–48 ч,0,SLA выполнен,3.8,Средняя,b2c,2026-01-09,bronze,0,1,email,other,sla_ok
TCK-000838,2026-05-07 15:23:00,2026-05-07,2026-05-04,2026-05-01,15,4,Четверг,0,Вторая половина,CUST-0266,R04,Екатеринбург,Урал,team_d,chat,delivery,low,6.5,5–15 мин,1.6,До 8 ч,0,SLA выполнен,5.0,Высокая,b2c,2026-01-17,silver,0,1,chat,other,sla_ok
TCK-001350,2026-03-18 12:00:00,2026-03-18,2026-03-16,2026-03-01,12,3,Среда,0,Первая половина,CUST-0285,R03,Казань,Поволжье,team_c,phone,technical,low,19.8,15–30 мин,30.6,24–48 ч,0,SLA выполнен,3.4,Средняя,b2c,2024-04-12,silver,0,1,other,other,sla_ok
TCK-000305,2026-03-07 13:07:00,2026-03-07,2026-03-02,2026-03-01,13,6,Суббота,1,Первая половина,CUST-0277,R01,Москва,Центр,team_a,phone,login,high,7.0,5–15 мин,1.9,До 8 ч,0,SLA выполнен,5.0,Высокая,b2c,2024-05-04,,0,1,other,high,sla_ok
TCK-001183,2026-04-03 08:47:00,2026-04-03,2026-03-30,2026-04-01,8,5,Пятница,0,Первая половина,CUST-0146,R03,Казань,Поволжье,team_c,email,technical,high,17.0,15–30 мин,31.0,24–48 ч,1,SLA нарушен,3.7,Средняя,b2c,2025-09-09,silver,0,1,email,high,sla_breached
TCK-000314,2026-05-23 20:39:00,2026-05-23,2026-05-18,2026-05-01,20,6,Суббота,1,Вторая половина,CUST-0113,R07,Нижний Новгород,Поволжье,team_c,phone,login,high,12.9,5–15 мин,9.6,8–24 ч,0,SLA выполнен,4.2,Средняя,b2c,2024-01-04,bronze,0,1,other,high,sla_ok
TCK-000150,2026-04-23 20:46:00,2026-04-23,2026-04-20,2026-04-01,20,4,Четверг,0,Вторая половина,CUST-0286,R07,Нижний Новгород,Поволжье,team_c,chat,delivery,high,6.4,5–15 мин,31.0,24–48 ч,1,SLA нарушен,4.1,Средняя,b2c,2024-04-04,bronze,0,1,chat,high,sla_breached
TCK-001149,2026-05-27 08:25:00,2026-05-27,2026-05-25,2026-05-01,8,3,Среда,0,Вторая половина,CUST-0269,R02,Санкт-Петербург,Северо-Запад,team_b,chat,technical,high,2.0,До 5 мин,30.6,24–48 ч,1,SLA нарушен,3.8,Средняя,b2c,2024-11-26,bronze,0,1,chat,high,sla_breached
TCK-000575,2026-05-28 20:53:00,2026-05-28,2026-05-25,2026-05-01,20,4,Четверг,0,Вторая половина,CUST-0309,R08,Краснодар,Юг,team_f,web_form,payment,normal,48.0,30–60 мин,17.8,8–24 ч,0,SLA выполнен,3.7,Средняя,b2c,2025-12-28,silver,0,1,other,normal,sla_ok
TCK-000051,2026-03-25 21:11:00,2026-03-25,2026-03-23,2026-03-01,21,3,Среда,0,Первая половина,CUST-0296,R01,Москва,Центр,team_a,web_form,payment,high,9.9,5–15 мин,180.2,Более 72 ч,1,SLA нарушен,4.8,Высокая,b2b,2025-04-27,silver,0,1,other,high,sla_breached
TCK-001180,2026-04-20 09:02:00,2026-04-20,2026-04-20,2026-04-01,9,1,Понедельник,0,Вторая половина,CUST-0025,R01,Москва,Центр,team_a,phone,technical,normal,18.7,15–30 мин,23.4,8–24 ч,0,SLA выполнен,4.5,Высокая,b2b,2024-05-13,gold,0,1,other,normal,sla_ok
TCK-000727,2026-06-08 19:40:00,2026-06-08,2026-06-08,2026-06-01,19,1,Понедельник,0,Вторая половина,CUST-0050,R02,Санкт-Петербург,Северо-Запад,team_b,web_form,refund,high,23.9,15–30 мин,12.4,8–24 ч,1,SLA нарушен,3.3,Средняя,b2c,2025-01-03,bronze,0,1,other,high,sla_breached
TCK-000834,2026-03-28 21:54:00,2026-03-28,2026-03-23,2026-03-01,21,6,Суббота,1,Первая половина,CUST-0172,R03,Казань,Поволжье,team_c,email,delivery,normal,12.7,5–15 мин,18.8,8–24 ч,1,SLA нарушен,3.5,Средняя,b2c,2024-07-09,silver,0,1,email,normal,sla_breached
TCK-001116,2026-06-02 20:42:00,2026-06-02,2026-06-01,2026-06-01,20,2,Вторник,0,Вторая половина,CUST-0027,R06,Ростов-на-Дону,Юг,team_f,phone,technical,high,7.7,5–15 мин,21.9,8–24 ч,1,SLA нарушен,4.0,Средняя,b2c,2024-11-17,bronze,0,1,other,high,sla_breached
TCK-000471,2026-05-25 17:05:00,2026-05-25,2026-05-25,2026-05-01,17,1,Понедельник,0,Вторая половина,CUST-0230,R01,Москва,Центр,team_a,web_form,account,normal,12.6,5–15 мин,5.6,До 8 ч,0,SLA выполнен,5.0,Высокая,b2c,2024-08-01,bronze,0,1,other,normal,sla_ok
TCK-000972,2026-05-13 09:13:00,2026-05-13,2026-05-11,2026-05-01,9,3,Среда,0,Вторая половина,CUST-0242,R01,Москва,Центр,team_a,phone,login,normal,4.7,До 5 мин,3.3,До 8 ч,0,SLA выполнен,5.0,Высокая,b2b,2024-02-03,silver,0,1,other,normal,sla_ok
TCK-000654,2026-04-23 12:47:00,2026-04-23,2026-04-20,2026-04-01,12,4,Четверг,0,Вторая половина,CUST-0106,R01,Москва,Центр,team_a,chat,delivery,low,11.1,5–15 мин,15.1,8–24 ч,0,SLA выполнен,4.9,Высокая,b2b,2025-09-08,gold,0,1,chat,other,sla_ok
TCK-000400,2026-05-13 15:06:00,2026-05-13,2026-05-11,2026-05-01,15,3,Среда,0,Вторая половина,CUST-0322,R04,Екатеринбург,Урал,team_d,phone,refund,normal,13.5,5–15 мин,28.8,24–48 ч,1,SLA нарушен,3.4,Средняя,b2c,2025-07-08,silver,0,1,other,normal,sla_breached
TCK-000512,2026-05-06 09:54:00,2026-05-06,2026-05-04,2026-05-01,9,3,Среда,0,Вторая половина,CUST-0318,R03,Казань,Поволжье,team_c,web_form,refund,normal,17.7,15–30 мин,8.8,8–24 ч,0,SLA выполнен,4.3,Средняя,b2b,2025-03-28,platinum,0,1,other,normal,sla_ok
TCK-000321,2026-04-29 20:17:00,2026-04-29,2026-04-27,2026-04-01,20,3,Среда,0,Вторая половина,CUST-0293,R05,Новосибирск,Сибирь,team_e,email,payment,high,27.4,15–30 мин,2.7,До 8 ч,0,SLA выполнен,5.0,Высокая,vip,2025-04-30,gold,1,1,email,high,sla_ok
TCK-000020,2026-06-01 21:23:00,2026-06-01,2026-06-01,2026-06-01,21,1,Понедельник,0,Вторая половина,CUST-0305,R05,Новосибирск,Сибирь,team_e,email,technical,normal,8.8,5–15 мин,12.2,8–24 ч,0,SLA выполнен,4.8,Высокая,b2b,2026-01-19,gold,0,1,email,normal,sla_ok
TCK-000685,2026-03-20 15:31:00,2026-03-20,2026-03-16,2026-03-01,15,5,Пятница,0,Первая половина,CUST-0241,R05,Новосибирск,Сибирь,team_e,phone,technical,normal,10.2,5–15 мин,15.4,8–24 ч,0,SLA выполнен,,,b2b,2024-01-04,gold,0,1,other,normal,sla_ok
TCK-000036,2026-03-26 15:13:00,2026-03-26,2026-03-23,2026-03-01,15,4,Четверг,0,Первая половина,CUST-0136,,Неизвестный регион,Неизвестно,,email,payment,normal,61.0,Более 60 мин,13.0,8–24 ч,0,SLA выполнен,3.7,Средняя,b2c,2024-08-21,gold,0,1,email,normal,sla_ok
TCK-000903,2026-05-30 11:42:00,2026-05-30,2026-05-25,2026-05-01,11,6,Суббота,1,Вторая половина,CUST-0240,R06,Ростов-на-Дону,Юг,team_f,phone,delivery,high,1.0,До 5 мин,14.1,8–24 ч,1,SLA нарушен,4.8,Высокая,b2c,2025-05-01,bronze,0,1,other,high,sla_breached
TCK-000828,2026-05-08 18:44:00,2026-05-08,2026-05-04,2026-05-01,18,5,Пятница,0,Вторая половина,CUST-0258,R04,Екатеринбург,Урал,team_d,web_form,account,critical,9.9,5–15 мин,14.2,8–24 ч,1,SLA нарушен,4.3,Средняя,b2c,2025-09-11,bronze,0,1,other,other,sla_breached
TCK-001355,2026-04-01 12:59:00,2026-04-01,2026-03-30,2026-04-01,12,3,Среда,0,Первая половина,CUST-0149,,Неизвестный регион,Неизвестно,,web_form,account,normal,13.8,5–15 мин,6.9,До 8 ч,0,SLA выполнен,4.7,Высокая,b2c,2024-11-04,bronze,0,1,other,normal,sla_ok
TCK-000408,2026-04-08 10:08:00,2026-04-08,2026-04-06,2026-04-01,10,3,Среда,0,Первая половина,CUST-0083,,Неизвестный регион,Неизвестно,,phone,technical,normal,10.7,5–15 мин,4.0,До 8 ч,0,SLA выполнен,5.0,Высокая,b2b,2025-05-16,gold,0,1,other,normal,sla_ok
TCK-000921,2026-04-10 21:13:00,2026-04-10,2026-04-06,2026-04-01,21,5,Пятница,0,Первая половина,CUST-0246,R02,Санкт-Петербург,Северо-Запад,team_b,web_form,refund,normal,31.7,30–60 мин,51.8,48–72 ч,1,SLA нарушен,3.0,Средняя,b2b,2025-07-14,silver,0,1,other,normal,sla_breached
TCK-000538,2026-06-04 15:53:00,2026-06-04,2026-06-01,2026-06-01,15,4,Четверг,0,Вторая половина,CUST-0067,R05,Новосибирск,Сибирь,team_e,chat,payment,high,7.3,5–15 мин,19.2,8–24 ч,1,SLA нарушен,4.0,Средняя,b2c,2025-07-23,bronze,0,1,chat,high,sla_breached
TCK-000759,2026-06-04 11:00:00,2026-06-04,2026-06-01,2026-06-01,11,4,Четверг,0,Вторая половина,CUST-0260,R01,Москва,Центр,team_a,phone,account,high,8.9,5–15 мин,10.5,8–24 ч,0,SLA выполнен,4.9,Высокая,b2c,2025-05-17,silver,0,1,other,high,sla_ok
TCK-001063,2026-05-11 13:36:00,2026-05-11,2026-05-11,2026-05-01,13,1,Понедельник,0,Вторая половина,CUST-0023,R01,Москва,Центр,team_a,chat,technical,normal,7.8,5–15 мин,20.6,8–24 ч,0,SLA выполнен,4.9,Высокая,vip,2026-01-28,platinum,1,1,chat,normal,sla_ok
TCK-000246,2026-04-09 08:05:00,2026-04-09,2026-04-06,2026-04-01,8,4,Четверг,0,Первая половина,CUST-0105,R04,Екатеринбург,Урал,team_d,email,technical,critical,6.2,5–15 мин,19.4,8–24 ч,1,SLA нарушен,3.0,Средняя,b2b,2024-10-12,gold,0,1,email,other,sla_breached
TCK-001128,2026-04-17 13:14:00,2026-04-17,2026-04-13,2026-04-01,13,5,Пятница,0,Первая половина,CUST-0186,R03,Казань,Поволжье,team_c,chat,technical,normal,11.9,5–15 мин,32.6,24–48 ч,1,SLA нарушен,3.2,Средняя,b2c,2024-01-05,bronze,0,1,chat,normal,sla_breached
TCK-000785,2026-06-08 18:25:00,2026-06-08,2026-06-08,2026-06-01,18,1,Понедельник,0,Вторая половина,CUST-0306,R01,Москва,Центр,team_a,email,technical,high,25.0,15–30 мин,17.5,8–24 ч,1,SLA нарушен,3.2,Средняя,b2c,2025-04-09,silver,0,1,email,high,sla_breached
TCK-000490,2026-05-21 21:53:00,2026-05-21,2026-05-18,2026-05-01,21,4,Четверг,0,Вторая половина,CUST-0093,R05,Новосибирск,Сибирь,team_e,chat,payment,high,4.2,До 5 мин,8.6,8–24 ч,0,SLA выполнен,4.7,Высокая,b2c,2024-03-09,bronze,0,1,chat,high,sla_ok
TCK-000155,2026-04-10 17:58:00,2026-04-10,2026-04-06,2026-04-01,17,5,Пятница,0,Первая половина,CUST-0227,R06,Ростов-на-Дону,Юг,team_f,web_form,delivery,low,34.4,30–60 мин,11.4,8–24 ч,0,SLA выполнен,3.8,Средняя,b2c,2024-02-11,bronze,0,1,other,other,sla_ok
TCK-000962,2026-04-05 14:17:00,2026-04-05,2026-03-30,2026-04-01,14,7,Воскресенье,1,Первая половина,CUST-0196,R03,Казань,Поволжье,team_c,chat,technical,high,4.7,До 5 мин,7.4,До 8 ч,0,SLA выполнен,4.9,Высокая,b2c,2025-11-02,bronze,0,1,chat,high,sla_ok
TCK-000854,2026-04-27 14:31:00,2026-04-27,2026-04-27,2026-04-01,14,1,Понедельник,0,Вторая половина,CUST-0302,R02,Санкт-Петербург,Северо-Запад,team_b,email,payment,normal,55.3,30–60 мин,19.1,8–24 ч,0,SLA выполнен,4.3,Средняя,b2c,2024-11-18,bronze,0,1,email,normal,sla_ok
TCK-000626,2026-04-14 12:51:00,2026-04-14,2026-04-13,2026-04-01,12,2,Вторник,0,Первая половина,CUST-0210,R04,Екатеринбург,Урал,team_d,phone,payment,normal,13.8,5–15 мин,24.9,24–48 ч,1,SLA нарушен,3.8,Средняя,b2c,2024-02-01,bronze,0,1,other,normal,sla_breached
TCK-000686,2026-03-25 09:40:00,2026-03-25,2026-03-23,2026-03-01,9,3,Среда,0,Первая половина,CUST-0012,R01,Москва,Центр,team_a,chat,refund,low,5.3,5–15 мин,40.1,24–48 ч,0,SLA выполнен,4.5,Высокая,vip,2025-04-30,gold,1,1,chat,other,sla_ok
TCK-000570,2026-04-07 15:23:00,2026-04-07,2026-04-06,2026-04-01,15,2,Вторник,0,Первая половина,CUST-0276,R05,Новосибирск,Сибирь,team_e,chat,technical,normal,3.6,До 5 мин,11.3,8–24 ч,0,SLA выполнен,5.0,Высокая,b2c,2026-01-13,bronze,0,1,chat,normal,sla_ok
TCK-001437,2026-05-08 09:12:00,2026-05-08,2026-05-04,2026-05-01,9,5,Пятница,0,Вторая половина,CUST-0192,R07,Нижний Новгород,Поволжье,team_c,web_form,delivery,normal,23.9,15–30 мин,5.6,До 8 ч,0,SLA выполнен,4.7,Высокая,b2c,2025-09-25,bronze,0,1,other,normal,sla_ok
TCK-000018,2026-03-25 15:10:00,2026-03-25,2026-03-23,2026-03-01,15,3,Среда,0,Первая половина,CUST-0111,R03,Казань,Поволжье,team_c,chat,technical,normal,6.2,5–15 мин,38.1,24–48 ч,1,SLA нарушен,4.0,Средняя,b2c,2025-05-30,silver,0,1,chat,normal,sla_breached
TCK-000128,2026-04-20 13:04:00,2026-04-20,2026-04-20,2026-04-01,13,1,Понедельник,0,Вторая половина,CUST-0238,R02,Санкт-Петербург,Северо-Запад,team_b,chat,login,low,7.9,5–15 мин,2.2,До 8 ч,0,SLA выполнен,5.0,Высокая,b2b,2024-02-13,silver,0,1,chat,other,sla_ok
TCK-001484,2026-05-20 08:22:00,2026-05-20,2026-05-18,2026-05-01,8,3,Среда,0,Вторая половина,CUST-0187,R06,Ростов-на-Дону,Юг,team_f,web_form,payment,high,33.6,30–60 мин,35.5,24–48 ч,1,SLA нарушен,2.4,Низкая,b2c,2024-05-03,bronze,0,1,other,high,sla_breached
TCK-000928,2026-03-22 19:58:00,2026-03-22,2026-03-16,2026-03-01,19,7,Воскресенье,1,Первая половина,CUST-0194,R03,Казань,Поволжье,team_c,email,login,critical,5.1,5–15 мин,7.8,До 8 ч,1,SLA нарушен,3.9,Средняя,b2b,2024-07-07,,0,1,email,other,sla_breached
TCK-000981,2026-05-26 21:26:00,2026-05-26,2026-05-25,2026-05-01,21,2,Вторник,0,Вторая половина,CUST-0244,R04,Екатеринбург,Урал,team_d,email,technical,normal,7.3,5–15 мин,31.9,24–48 ч,1,SLA нарушен,3.4,Средняя,b2c,2025-11-29,bronze,0,1,email,normal,sla_breached
TCK-001480,2026-03-23 15:33:00,2026-03-23,2026-03-23,2026-03-01,15,1,Понедельник,0,Первая половина,CUST-0043,R01,Москва,Центр,team_a,phone,login,normal,1.2,До 5 мин,2.1,До 8 ч,0,SLA выполнен,4.4,Средняя,b2b,2024-05-12,silver,0,1,other,normal,sla_ok
TCK-000191,2026-05-11 16:00:00,2026-05-11,2026-05-11,2026-05-01,16,1,Понедельник,0,Вторая половина,CUST-0319,R04,Екатеринбург,Урал,team_d,phone,payment,low,5.9,5–15 мин,5.3,До 8 ч,0,SLA выполнен,4.9,Высокая,b2c,2024-10-04,silver,0,1,other,other,sla_ok
TCK-001140,2026-04-13 13:32:00,2026-04-13,2026-04-13,2026-04-01,13,1,Понедельник,0,Первая половина,CUST-0230,R05,Новосибирск,Сибирь,team_e,web_form,account,low,18.6,15–30 мин,7.9,До 8 ч,0,SLA выполнен,4.9,Высокая,b2c,2024-08-01,bronze,0,1,other,other,sla_ok
TCK-000993,2026-04-28 18:04:00,2026-04-28,2026-04-27,2026-04-01,18,2,Вторник,0,Вторая половина,CUST-0314,R04,Екатеринбург,Урал,team_d,chat,technical,high,7.9,5–15 мин,61.5,48–72 ч,1,SLA нарушен,3.5,Средняя,b2c,2025-01-09,bronze,0,1,chat,high,sla_breached
TCK-001474,2026-04-20 12:37:00,2026-04-20,2026-04-20,2026-04-01,12,1,Понедельник,0,Вторая половина,CUST-0215,R01,Москва,Центр,team_a,chat,refund,normal,10.2,5–15 мин,1.8,До 8 ч,0,SLA выполнен,5.0,Высокая,b2b,2025-07-04,gold,0,1,chat,normal,sla_ok
TCK-001261,2026-06-01 16:45:00,2026-06-01,2026-06-01,2026-06-01,16,1,Понедельник,0,Вторая половина,CUST-0184,R02,Санкт-Петербург,Северо-Запад,team_b,web_form,refund,low,43.6,30–60 мин,49.7,48–72 ч,1,SLA нарушен,2.6,Низкая,b2c,2024-01-29,bronze,0,1,other,other,sla_breached
TCK-000607,2026-03-30 14:32:00,2026-03-30,2026-03-30,2026-03-01,14,1,Понедельник,0,Первая половина,CUST-0086,R03,Казань,Поволжье,team_c,chat,technical,high,5.4,5–15 мин,24.2,24–48 ч,1,SLA нарушен,4.7,Высокая,b2c,2024-10-14,bronze,0,1,chat,high,sla_breached
TCK-000181,2026-04-10 09:59:00,2026-04-10,2026-04-06,2026-04-01,9,5,Пятница,0,Первая половина,CUST-0320,R01,Москва,Центр,team_a,email,login,normal,61.8,Более 60 мин,1.9,До 8 ч,0,SLA выполнен,3.3,Средняя,vip,2025-03-22,gold,1,1,email,normal,sla_ok
TCK-000302,2026-04-08 08:30:00,2026-04-08,2026-04-06,2026-04-01,8,3,Среда,0,Первая половина,CUST-0125,R03,Казань,Поволжье,team_c,chat,technical,normal,19.1,15–30 мин,38.3,24–48 ч,1,SLA нарушен,3.8,Средняя,b2c,2025-01-12,bronze,0,1,chat,normal,sla_breached
TCK-000497,2026-05-21 19:16:00,2026-05-21,2026-05-18,2026-05-01,19,4,Четверг,0,Вторая половина,CUST-0120,R05,Новосибирск,Сибирь,team_e,chat,technical,normal,3.4,До 5 мин,14.7,8–24 ч,0,SLA выполнен,4.9,Высокая,b2c,2025-11-02,bronze,0,1,chat,normal,sla_ok
TCK-001302,2026-04-29 10:54:00,2026-04-29,2026-04-27,2026-04-01,10,3,Среда,0,Вторая половина,CUST-0165,R02,Санкт-Петербург,Северо-Запад,team_b,email,payment,normal,55.3,30–60 мин,1.1,До 8 ч,0,SLA выполнен,4.4,Средняя,b2c,2025-05-07,bronze,0,1,email,normal,sla_ok
TCK-001266,2026-03-30 12:22:00,2026-03-30,2026-03-30,2026-03-01,12,1,Понедельник,0,Первая половина,CUST-0311,R06,Ростов-на-Дону,Юг,team_f,web_form,delivery,high,61.9,Более 60 мин,14.4,8–24 ч,1,SLA нарушен,3.2,Средняя,b2c,2024-08-23,bronze,0,1,other,high,sla_breached
TCK-001247,2026-04-15 10:19:00,2026-04-15,2026-04-13,2026-04-01,10,3,Среда,0,Первая половина,CUST-0223,R02,Санкт-Петербург,Северо-Запад,team_b,chat,technical,normal,1.0,До 5 мин,36.7,24–48 ч,1,SLA нарушен,2.8,Низкая,b2c,2024-12-20,bronze,0,1,chat,normal,sla_breached
TCK-000518,2026-05-26 18:22:00,2026-05-26,2026-05-25,2026-05-01,18,2,Вторник,0,Вторая половина,CUST-0128,R01,Москва,Центр,team_a,chat,technical,low,2.3,До 5 мин,7.7,До 8 ч,0,SLA выполнен,5.0,Высокая,b2c,2025-06-26,gold,0,1,chat,other,sla_ok
TCK-001070,2026-03-20 12:50:00,2026-03-20,2026-03-16,2026-03-01,12,5,Пятница,0,Первая половина,CUST-0156,R02,Санкт-Петербург,Северо-Запад,team_b,web_form,account,normal,57.3,30–60 мин,17.0,8–24 ч,0,SLA выполнен,3.8,Средняя,b2c,2025-10-23,bronze,0,1,other,normal,sla_ok
TCK-000477,2026-04-15 15:26:00,2026-04-15,2026-04-13,2026-04-01,15,3,Среда,0,Первая половина,CUST-0312,R05,Новосибирск,Сибирь,team_e,email,account,normal,54.2,30–60 мин,2.0,До 8 ч,0,SLA выполнен,4.9,Высокая,b2c,2024-11-26,silver,0,1,email,normal,sla_ok
TCK-000158,2026-05-19 14:56:00,2026-05-19,2026-05-18,2026-05-01,14,2,Вторник,0,Вторая половина,CUST-0119,R03,Казань,Поволжье,team_c,email,technical,normal,65.0,Более 60 мин,16.2,8–24 ч,0,SLA выполнен,3.1,Средняя,b2c,2024-08-02,gold,0,1,email,normal,sla_ok
TCK-001196,2026-05-05 16:00:00,2026-05-05,2026-05-04,2026-05-01,16,2,Вторник,0,Вторая половина,CUST-0276,R08,Краснодар,Юг,team_f,chat,login,normal,1.0,До 5 мин,3.9,До 8 ч,0,SLA выполнен,4.8,Высокая,b2c,2026-01-13,bronze,0,1,chat,normal,sla_ok
TCK-000017,2026-03-23 08:54:00,2026-03-23,2026-03-23,2026-03-01,8,1,Понедельник,0,Первая половина,CUST-0187,R02,Санкт-Петербург,Северо-Запад,team_b,email,refund,critical,56.6,30–60 мин,19.8,8–24 ч,1,SLA нарушен,3.3,Средняя,b2c,2024-05-03,bronze,0,1,email,other,sla_breached
TCK-001073,2026-04-20 08:57:00,2026-04-20,2026-04-20,2026-04-01,8,1,Понедельник,0,Вторая половина,CUST-0214,R03,Казань,Поволжье,team_c,web_form,refund,normal,23.6,15–30 мин,4.5,До 8 ч,0,SLA выполнен,4.1,Средняя,b2b,2024-04-08,silver,0,1,other,normal,sla_ok
TCK-000547,2026-04-19 16:33:00,2026-04-19,2026-04-13,2026-04-01,16,7,Воскресенье,1,Первая половина,CUST-0074,R06,Ростов-на-Дону,Юг,team_f,email,payment,normal,18.1,15–30 мин,2.4,До 8 ч,0,SLA выполнен,4.6,Высокая,b2c,2025-09-03,bronze,0,1,email,normal,sla_ok
TCK-000659,2026-05-10 13:30:00,2026-05-10,2026-05-04,2026-05-01,13,7,Воскресенье,1,Вторая половина,CUST-0328,R04,Екатеринбург,Урал,team_d,web_form,refund,high,6.6,5–15 мин,85.7,Более 72 ч,1,SLA нарушен,1.0,Низкая,b2c,2024-09-06,bronze,0,1,other,high,sla_breached
TCK-001236,2026-04-27 09:05:00,2026-04-27,2026-04-27,2026-04-01,9,1,Понедельник,0,Вторая половина,CUST-0002,R03,Казань,Поволжье,team_c,email,refund,critical,8.1,5–15 мин,120.0,Более 72 ч,1,SLA нарушен,1.0,Низкая,b2c,2025-08-03,bronze,0,1,email,other,sla_breached
TCK-001020,2026-05-19 18:28:00,2026-05-19,2026-05-18,2026-05-01,18,2,Вторник,0,Вторая половина,CUST-0296,R06,Ростов-на-Дону,Юг,team_f,chat,delivery,normal,3.1,До 5 мин,16.8,8–24 ч,0,SLA выполнен,5.0,Высокая,b2b,2025-04-27,silver,0,1,chat,normal,sla_ok
TCK-001353,2026-05-25 18:09:00,2026-05-25,2026-05-25,2026-05-01,18,1,Понедельник,0,Вторая половина,CUST-0011,R01,Москва,Центр,team_a,chat,refund,normal,4.2,До 5 мин,12.4,8–24 ч,0,SLA выполнен,4.8,Высокая,b2c,2026-01-22,silver,0,1,chat,normal,sla_ok
TCK-000960,2026-05-13 13:53:00,2026-05-13,2026-05-11,2026-05-01,13,3,Среда,0,Вторая половина,CUST-0002,R05,Новосибирск,Сибирь,team_e,web_form,refund,normal,33.7,30–60 мин,16.2,8–24 ч,0,SLA выполнен,4.0,Средняя,b2c,2025-08-03,bronze,0,1,other,normal,sla_ok
TCK-001420,2026-05-04 14:49:00,2026-05-04,2026-05-04,2026-05-01,14,1,Понедельник,0,Вторая половина,CUST-0233,R04,Екатеринбург,Урал,team_d,phone,refund,high,14.2,5–15 мин,33.2,24–48 ч,1,SLA нарушен,3.7,Средняя,vip,2025-02-16,gold,1,1,other,high,sla_breached
TCK-000284,2026-05-22 12:47:00,2026-05-22,2026-05-18,2026-05-01,12,5,Пятница,0,Вторая половина,CUST-0129,R06,Ростов-на-Дону,Юг,team_f,web_form,technical,normal,13.4,5–15 мин,22.8,8–24 ч,0,SLA выполнен,4.5,Высокая,b2c,2025-03-06,bronze,0,1,other,normal,sla_ok
TCK-000798,2026-05-28 10:04:00,2026-05-28,2026-05-25,2026-05-01,10,4,Четверг,0,Вторая половина,CUST-0196,R01,Москва,Центр,team_a,email,technical,normal,59.4,30–60 мин,20.2,8–24 ч,0,SLA выполнен,3.7,Средняя,b2c,2025-11-02,bronze,0,1,email,normal,sla_ok
TCK-000226,2026-05-14 08:15:00,2026-05-14,2026-05-11,2026-05-01,8,4,Четверг,0,Вторая половина,CUST-0043,R04,Екатеринбург,Урал,team_d,phone,payment,normal,10.9,5–15 мин,2.3,До 8 ч,0,SLA выполнен,5.0,Высокая,b2b,2024-05-12,silver,0,1,other,normal,sla_ok
TCK-000027,2026-05-18 20:05:00,2026-05-18,2026-05-18,2026-05-01,20,1,Понедельник,0,Вторая половина,CUST-0207,R08,Краснодар,Юг,team_f,email,technical,normal,54.0,30–60 мин,48.0,48–72 ч,1,SLA нарушен,1.8,Низкая,b2c,2025-10-09,bronze,0,1,email,normal,sla_breached
TCK-000438,2026-04-14 09:26:00,2026-04-14,2026-04-13,2026-04-01,9,2,Вторник,0,Первая половина,CUST-0085,R04,Екатеринбург,Урал,team_d,email,technical,high,96.9,Более 60 мин,26.3,24–48 ч,1,SLA нарушен,2.4,Низкая,b2c,2025-09-20,bronze,0,1,email,high,sla_breached
TCK-001468,2026-05-19 17:04:00,2026-05-19,2026-05-18,2026-05-01,17,2,Вторник,0,Вторая половина,CUST-0109,R01,Москва,Центр,team_a,email,technical,normal,45.7,30–60 мин,7.1,До 8 ч,0,SLA выполнен,3.8,Средняя,b2c,2024-04-20,silver,0,1,email,normal,sla_ok
TCK-000230,2026-05-07 19:33:00,2026-05-07,2026-05-04,2026-05-01,19,4,Четверг,0,Вторая половина,CUST-0098,R04,Екатеринбург,Урал,team_d,email,payment,low,21.6,15–30 мин,39.6,24–48 ч,0,SLA выполнен,3.4,Средняя,b2c,2024-10-29,bronze,0,1,email,other,sla_ok
TCK-000038,2026-03-04 18:03:00,2026-03-04,2026-03-02,2026-03-01,18,3,Среда,0,Первая половина,CUST-0241,R08,Краснодар,Юг,team_f,chat,refund,normal,1.0,До 5 мин,17.3,8–24 ч,0,SLA выполнен,4.7,Высокая,b2b,2024-01-04,gold,0,1,chat,normal,sla_ok
TCK-000750,2026-04-02 12:01:00,2026-04-02,2026-03-30,2026-04-01,12,4,Четверг,0,Первая половина,CUST-0200,R05,Новосибирск,Сибирь,team_e,web_form,login,high,1.9,До 5 мин,4.6,До 8 ч,0,SLA выполнен,5.0,Высокая,b2c,2025-09-24,gold,0,1,other,high,sla_ok
TCK-001046,2026-05-01 14:30:00,2026-05-01,2026-04-27,2026-05-01,14,5,Пятница,0,Вторая половина,CUST-0098,R02,Санкт-Петербург,Северо-Запад,team_b,email,delivery,critical,17.7,15–30 мин,30.0,24–48 ч,1,SLA нарушен,3.6,Средняя,b2c,2024-10-29,bronze,0,1,email,other,sla_breached
TCK-000470,2026-04-01 14:05:00,2026-04-01,2026-03-30,2026-04-01,14,3,Среда,0,Первая половина,CUST-0274,R01,Москва,Центр,team_a,email,account,normal,24.0,15–30 мин,2.7,До 8 ч,0,SLA выполнен,3.9,Средняя,b2c,2025-05-27,bronze,0,1,email,normal,sla_ok
TCK-001289,2026-04-03 17:14:00,2026-04-03,2026-03-30,2026-04-01,17,5,Пятница,0,Первая половина,CUST-0304,R01,Москва,Центр,team_a,email,login,high,11.3,5–15 мин,2.0,До 8 ч,0,SLA выполнен,5.0,Высокая,b2c,2024-06-20,silver,0,1,email,high,sla_ok
TCK-001499,2026-05-25 17:24:00,2026-05-25,2026-05-25,2026-05-01,17,1,Понедельник,0,Вторая половина,CUST-0039,R99,Неизвестный регион,Неизвестно,,chat,payment,low,4.9,До 5 мин,4.5,До 8 ч,0,SLA выполнен,5.0,Высокая,b2c,2024-02-09,silver,0,1,chat,other,sla_ok
TCK-000688,2026-04-29 18:52:00,2026-04-29,2026-04-27,2026-04-01,18,3,Среда,0,Вторая половина,CUST-0076,R05,Новосибирск,Сибирь,team_e,email,refund,normal,59.4,30–60 мин,29.2,24–48 ч,0,SLA выполнен,3.2,Средняя,b2c,2025-06-14,,0,1,email,normal,sla_ok
TCK-001389,2026-04-17 20:04:00,2026-04-17,2026-04-13,2026-04-01,20,5,Пятница,0,Первая половина,CUST-0273,R06,Ростов-на-Дону,Юг,team_f,chat,delivery,normal,5.8,5–15 мин,27.1,24–48 ч,0,SLA выполнен,4.6,Высокая,b2c,2024-07-22,bronze,0,1,chat,normal,sla_ok
TCK-000640,2026-04-26 13:29:00,2026-04-26,2026-04-20,2026-04-01,13,7,Воскресенье,1,Вторая половина,CUST-0137,R02,Санкт-Петербург,Северо-Запад,team_b,chat,refund,normal,8.0,5–15 мин,45.1,24–48 ч,1,SLA нарушен,3.8,Средняя,vip,2026-02-03,platinum,1,1,chat,normal,sla_breached
TCK-001305,2026-05-20 11:58:00,2026-05-20,2026-05-18,2026-05-01,11,3,Среда,0,Вторая половина,CUST-0248,R01,Москва,Центр,team_a,chat,technical,high,3.4,До 5 мин,22.9,8–24 ч,1,SLA нарушен,4.3,Средняя,b2c,2024-05-16,silver,0,1,chat,high,sla_breached
TCK-001219,2026-04-21 19:05:00,2026-04-21,2026-04-20,2026-04-01,19,2,Вторник,0,Вторая половина,CUST-0023,R04,Екатеринбург,Урал,team_d,email,technical,high,32.7,30–60 мин,19.0,8–24 ч,1,SLA нарушен,3.4,Средняя,vip,2026-01-28,platinum,1,1,email,high,sla_breached
TCK-001159,2026-04-09 15:53:00,2026-04-09,2026-04-06,2026-04-01,15,4,Четверг,0,Первая половина,CUST-0205,R01,Москва,Центр,team_a,phone,technical,low,13.9,5–15 мин,23.5,8–24 ч,0,SLA выполнен,4.3,Средняя,b2c,2025-10-30,bronze,0,1,other,other,sla_ok
TCK-001260,2026-03-27 18:34:00,2026-03-27,2026-03-23,2026-03-01,18,5,Пятница,0,Первая половина,CUST-0160,R08,Краснодар,Юг,team_f,email,technical,critical,17.1,15–30 мин,13.8,8–24 ч,1,SLA нарушен,3.8,Средняя,b2b,2026-02-28,gold,0,1,email,other,sla_breached
TCK-001374,2026-04-20 13:39:00,2026-04-20,2026-04-20,2026-04-01,13,1,Понедельник,0,Вторая половина,CUST-0172,R01,Москва,Центр,team_a,web_form,account,normal,98.7,Более 60 мин,1.8,До 8 ч,0,SLA выполнен,4.3,Средняя,b2c,2024-07-09,silver,0,1,other,normal,sla_ok
TCK-000801,2026-06-07 12:33:00,2026-06-07,2026-06-01,2026-06-01,12,7,Воскресенье,1,Вторая половина,CUST-0159,R01,Москва,Центр,team_a,phone,delivery,low,8.9,5–15 мин,7.8,До 8 ч,0,SLA выполнен,4.8,Высокая,b2b,2025-06-09,silver,0,1,other,other,sla_ok
TCK-000161,2026-06-02 15:42:00,2026-06-02,2026-06-01,2026-06-01,15,2,Вторник,0,Вторая половина,CUST-0098,R02,Санкт-Петербург,Северо-Запад,team_b,chat,technical,high,4.3,До 5 мин,30.0,24–48 ч,1,SLA нарушен,4.3,Средняя,b2c,2024-10-29,bronze,0,1,chat,high,sla_breached
TCK-000957,2026-05-20 20:30:00,2026-05-20,2026-05-18,2026-05-01,20,3,Среда,0,Вторая половина,CUST-0328,R01,Москва,Центр,team_a,email,technical,high,50.2,30–60 мин,32.4,24–48 ч,1,SLA нарушен,3.0,Средняя,b2c,2024-09-06,bronze,0,1,email,high,sla_breached
TCK-001187,2026-05-10 17:19:00,2026-05-10,2026-05-04,2026-05-01,17,7,Воскресенье,1,Вторая половина,CUST-0248,R05,Новосибирск,Сибирь,team_e,web_form,refund,normal,24.7,15–30 мин,29.6,24–48 ч,1,SLA нарушен,3.6,Средняя,b2c,2024-05-16,silver,0,1,other,normal,sla_breached
TCK-000822,2026-04-16 20:22:00,2026-04-16,2026-04-13,2026-04-01,20,4,Четверг,0,Первая половина,CUST-0283,R05,Новосибирск,Сибирь,team_e,web_form,login,high,3.4,До 5 мин,12.4,8–24 ч,1,SLA нарушен,3.7,Средняя,b2c,2025-12-22,bronze,0,1,other,high,sla_breached
TCK-001281,2026-03-03 21:25:00,2026-03-03,2026-03-02,2026-03-01,21,2,Вторник,0,Первая половина,CUST-0019,R01,Москва,Центр,team_a,chat,refund,low,4.1,До 5 мин,35.4,24–48 ч,0,SLA выполнен,5.0,Высокая,b2b,2025-02-17,silver,0,1,chat,other,sla_ok
TCK-000878,2026-04-14 11:50:00,2026-04-14,2026-04-13,2026-04-01,11,2,Вторник,0,Первая половина,CUST-0184,R03,Казань,Поволжье,team_c,chat,technical,high,1.0,До 5 мин,17.7,8–24 ч,1,SLA нарушен,4.7,Высокая,b2c,2024-01-29,bronze,0,1,chat,high,sla_breached
TCK-000914,2026-04-29 15:20:00,2026-04-29,2026-04-27,2026-04-01,15,3,Среда,0,Вторая половина,CUST-0265,R01,Москва,Центр,team_a,email,refund,normal,41.1,30–60 мин,13.2,8–24 ч,0,SLA выполнен,4.2,Средняя,vip,2024-07-15,platinum,1,1,email,normal,sla_ok
TCK-000153,2026-04-10 21:18:00,2026-04-10,2026-04-06,2026-04-01,21,5,Пятница,0,Первая половина,CUST-0225,R02,Санкт-Петербург,Северо-Запад,team_b,chat,refund,normal,6.2,5–15 мин,25.2,24–48 ч,1,SLA нарушен,4.2,Средняя,b2c,2025-10-04,gold,0,1,chat,normal,sla_breached
TCK-001384,2026-06-03 13:21:00,2026-06-03,2026-06-01,2026-06-01,13,3,Среда,0,Вторая половина,CUST-0067,R01,Москва,Центр,team_a,chat,technical,normal,3.6,До 5 мин,30.3,24–48 ч,1,SLA нарушен,3.7,Средняя,b2c,2025-07-23,bronze,0,1,chat,normal,sla_breached
TCK-000510,2026-05-01 10:48:00,2026-05-01,2026-04-27,2026-05-01,10,5,Пятница,0,Вторая половина,CUST-0196,R04,Екатеринбург,Урал,team_d,chat,account,low,12.8,5–15 мин,3.4,До 8 ч,0,SLA выполнен,5.0,Высокая,b2c,2025-11-02,bronze,0,1,chat,other,sla_ok
TCK-001136,2026-04-27 14:56:00,2026-04-27,2026-04-27,2026-04-01,14,1,Понедельник,0,Вторая половина,CUST-0139,R05,Новосибирск,Сибирь,team_e,email,technical,low,79.6,Более 60 мин,11.8,8–24 ч,0,SLA выполнен,3.8,Средняя,b2b,2024-09-06,silver,0,1,email,other,sla_ok
TCK-001467,2026-06-04 13:25:00,2026-06-04,2026-06-01,2026-06-01,13,4,Четверг,0,Вторая половина,CUST-0119,R08,Краснодар,Юг,team_f,email,delivery,normal,10.7,5–15 мин,12.1,8–24 ч,0,SLA выполнен,4.3,Средняя,b2c,2024-08-02,gold,0,1,email,normal,sla_ok
TCK-000104,2026-03-16 12:30:00,2026-03-16,2026-03-16,2026-03-01,12,1,Понедельник,0,Первая половина,CUST-0112,R04,Екатеринбург,Урал,team_d,phone,payment,normal,4.6,До 5 мин,2.3,До 8 ч,0,SLA выполнен,4.4,Средняя,b2c,2026-02-18,silver,0,1,other,normal,sla_ok
TCK-000587,2026-05-14 15:00:00,2026-05-14,2026-05-11,2026-05-01,15,4,Четверг,0,Вторая половина,CUST-0100,R02,Санкт-Петербург,Северо-Запад,team_b,chat,delivery,low,8.3,5–15 мин,11.4,8–24 ч,0,SLA выполнен,4.6,Высокая,vip,2025-07-30,gold,1,1,chat,other,sla_ok
TCK-001339,2026-04-27 11:27:00,2026-04-27,2026-04-27,2026-04-01,11,1,Понедельник,0,Вторая половина,CUST-0162,R03,Казань,Поволжье,team_c,web_form,account,normal,8.1,5–15 мин,4.6,До 8 ч,0,SLA выполнен,5.0,Высокая,b2b,2025-06-09,gold,0,1,other,normal,sla_ok
TCK-001144,2026-06-04 17:52:00,2026-06-04,2026-06-01,2026-06-01,17,4,Четверг,0,Вторая половина,CUST-0236,R01,Москва,Центр,team_a,chat,delivery,critical,1.6,До 5 мин,24.9,24–48 ч,1,SLA нарушен,4.2,Средняя,b2b,2025-04-28,silver,0,1,chat,other,sla_breached
TCK-000054,2026-03-17 16:16:00,2026-03-17,2026-03-16,2026-03-01,16,2,Вторник,0,Первая половина,CUST-0266,R04,Екатеринбург,Урал,team_d,web_form,payment,normal,25.9,15–30 мин,9.8,8–24 ч,0,SLA выполнен,4.2,Средняя,b2c,2026-01-17,silver,0,1,other,normal,sla_ok
TCK-000152,2026-06-02 15:27:00,2026-06-02,2026-06-01,2026-06-01,15,2,Вторник,0,Вторая половина,CUST-0226,R02,Санкт-Петербург,Северо-Запад,team_b,chat,refund,normal,2.5,До 5 мин,17.0,8–24 ч,0,SLA выполнен,5.0,Высокая,vip,2025-08-03,platinum,1,1,chat,normal,sla_ok
TCK-000404,2026-04-18 20:50:00,2026-04-18,2026-04-13,2026-04-01,20,6,Суббота,1,Первая половина,CUST-0210,R03,Казань,Поволжье,team_c,web_form,technical,normal,28.3,15–30 мин,21.0,8–24 ч,0,SLA выполнен,4.4,Средняя,b2c,2024-02-01,bronze,0,1,other,normal,sla_ok
TCK-001465,2026-03-02 14:23:00,2026-03-02,2026-03-02,2026-03-01,14,1,Понедельник,0,Первая половина,CUST-0200,R04,Екатеринбург,Урал,team_d,chat,account,low,4.1,До 5 мин,1.4,До 8 ч,0,SLA выполнен,5.0,Высокая,b2c,2025-09-24,gold,0,1,chat,other,sla_ok
TCK-000208,2026-05-12 10:08:00,2026-05-12,2026-05-11,2026-05-01,10,2,Вторник,0,Вторая половина,CUST-0132,R07,Нижний Новгород,Поволжье,team_c,phone,account,normal,3.4,До 5 мин,14.4,8–24 ч,0,SLA выполнен,5.0,Высокая,vip,2024-12-24,platinum,1,1,other,normal,sla_ok
TCK-001428,2026-06-08 12:29:00,2026-06-08,2026-06-08,2026-06-01,12,1,Понедельник,0,Вторая половина,CUST-0030,R06,Ростов-на-Дону,Юг,team_f,email,account,low,50.4,30–60 мин,3.0,До 8 ч,0,SLA выполнен,4.1,Средняя,b2b,2025-09-10,silver,0,1,email,other,sla_ok
TCK-001123,2026-04-30 21:03:00,2026-04-30,2026-04-27,2026-04-01,21,4,Четверг,0,Вторая половина,CUST-0130,R03,Казань,Поволжье,team_c,web_form,delivery,normal,21.4,15–30 мин,31.0,24–48 ч,1,SLA нарушен,3.4,Средняя,b2c,2024-01-10,gold,0,1,other,normal,sla_breached
TCK-001329,2026-04-15 10:52:00,2026-04-15,2026-04-13,2026-04-01,10,3,Среда,0,Первая половина,CUST-0154,R01,Москва,Центр,team_a,chat,login,normal,5.7,5–15 мин,3.7,До 8 ч,0,SLA выполнен,5.0,Высокая,b2c,2024-08-12,silver,0,1,chat,normal,sla_ok
TCK-000009,2026-04-28 13:27:00,2026-04-28,2026-04-27,2026-04-01,13,2,Вторник,0,Вторая половина,CUST-0037,R01,Москва,Центр,team_a,phone,technical,high,1.0,До 5 мин,16.5,8–24 ч,1,SLA нарушен,4.1,Средняя,b2c,2025-07-24,silver,0,1,other,high,sla_breached
TCK-001015,2026-04-17 19:48:00,2026-04-17,2026-04-13,2026-04-01,19,5,Пятница,0,Первая половина,CUST-0060,R01,Москва,Центр,team_a,chat,delivery,normal,7.9,5–15 мин,25.1,24–48 ч,1,SLA нарушен,3.9,Средняя,b2c,2025-04-18,bronze,0,1,chat,normal,sla_breached
TCK-001354,2026-05-04 11:09:00,2026-05-04,2026-05-04,2026-05-01,11,1,Понедельник,0,Вторая половина,CUST-0229,R07,Нижний Новгород,Поволжье,team_c,email,refund,normal,111.2,Более 60 мин,36.6,24–48 ч,1,SLA нарушен,2.1,Низкая,b2c,2024-01-13,gold,0,1,email,normal,sla_breached
TCK-001061,2026-04-07 09:53:00,2026-04-07,2026-04-06,2026-04-01,9,2,Вторник,0,Первая половина,CUST-0197,R03,Казань,Поволжье,team_c,phone,account,normal,33.3,30–60 мин,9.5,8–24 ч,0,SLA выполнен,4.3,Средняя,b2c,2024-07-12,silver,0,1,other,normal,sla_ok
TCK-000453,2026-04-15 08:04:00,2026-04-15,2026-04-13,2026-04-01,8,3,Среда,0,Первая половина,CUST-0289,R07,Нижний Новгород,Поволжье,team_c,web_form,technical,high,19.8,15–30 мин,40.3,24–48 ч,1,SLA нарушен,3.2,Средняя,b2c,2026-01-18,silver,0,1,other,high,sla_breached
TCK-000254,2026-05-20 21:37:00,2026-05-20,2026-05-18,2026-05-01,21,3,Среда,0,Вторая половина,CUST-0012,R04,Екатеринбург,Урал,team_d,email,payment,normal,9.7,5–15 мин,15.9,8–24 ч,0,SLA выполнен,4.5,Высокая,vip,2025-04-30,gold,1,1,email,normal,sla_ok
TCK-000897,2026-06-04 09:00:00,2026-06-04,2026-06-01,2026-06-01,9,4,Четверг,0,Вторая половина,CUST-0052,R02,Санкт-Петербург,Северо-Запад,team_b,chat,refund,normal,5.6,5–15 мин,43.4,24–48 ч,1,SLA нарушен,3.3,Средняя,b2c,2025-02-16,bronze,0,1,chat,normal,sla_breached
TCK-001319,2026-05-20 12:51:00,2026-05-20,2026-05-18,2026-05-01,12,3,Среда,0,Вторая половина,CUST-0047,R03,Казань,Поволжье,team_c,email,technical,normal,34.6,30–60 мин,29.9,24–48 ч,1,SLA нарушен,2.6,Низкая,b2c,2024-01-07,silver,0,1,email,normal,sla_breached
TCK-000881,2026-04-06 08:22:00,2026-04-06,2026-04-06,2026-04-01,8,1,Понедельник,0,Первая половина,CUST-0249,R01,Москва,Центр,team_a,email,payment,normal,89.7,Более 60 мин,7.5,До 8 ч,0,SLA выполнен,,,b2c,2024-10-20,bronze,0,1,email,normal,sla_ok
TCK-001424,2026-05-22 10:07:00,2026-05-22,2026-05-18,2026-05-01,10,5,Пятница,0,Вторая половина,CUST-0002,R01,Москва,Центр,team_a,email,refund,normal,29.5,15–30 мин,19.5,8–24 ч,0,SLA выполнен,3.5,Средняя,b2c,2025-08-03,bronze,0,1,email,normal,sla_ok
TCK-000624,2026-04-20 19:51:00,2026-04-20,2026-04-20,2026-04-01,19,1,Понедельник,0,Вторая половина,CUST-0320,R08,Краснодар,Юг,team_f,email,login,high,19.6,15–30 мин,6.8,До 8 ч,0,SLA выполнен,4.6,Высокая,vip,2025-03-22,gold,1,1,email,high,sla_ok
TCK-000346,2026-03-26 16:05:00,2026-03-26,2026-03-23,2026-03-01,16,4,Четверг,0,Первая половина,CUST-0096,R06,Ростов-на-Дону,Юг,team_f,web_form,delivery,normal,66.3,Более 60 мин,18.1,8–24 ч,0,SLA выполнен,4.1,Средняя,b2c,2024-12-11,gold,0,1,other,normal,sla_ok
TCK-001297,2026-03-25 11:54:00,2026-03-25,2026-03-23,2026-03-01,11,3,Среда,0,Первая половина,CUST-0188,R05,Новосибирск,Сибирь,team_e,chat,technical,normal,1.0,До 5 мин,51.3,48–72 ч,1,SLA нарушен,3.2,Средняя,b2c,2024-02-10,bronze,0,1,chat,normal,sla_breached
TCK-000263,2026-03-27 11:08:00,2026-03-27,2026-03-23,2026-03-01,11,5,Пятница,0,Первая половина,CUST-0216,R02,Санкт-Петербург,Северо-Запад,team_b,email,refund,normal,80.2,Более 60 мин,30.3,24–48 ч,1,SLA нарушен,2.7,Низкая,b2b,2025-02-02,platinum,0,1,email,normal,sla_breached
TCK-000151,2026-03-20 12:54:00,2026-03-20,2026-03-16,2026-03-01,12,5,Пятница,0,Первая половина,CUST-0291,R01,Москва,Центр,team_a,email,refund,normal,44.5,30–60 мин,12.7,8–24 ч,0,SLA выполнен,3.8,Средняя,b2b,2024-03-14,silver,0,1,email,normal,sla_ok
TCK-000473,2026-05-05 21:18:00,2026-05-05,2026-05-04,2026-05-01,21,2,Вторник,0,Вторая половина,CUST-0263,R02,Санкт-Петербург,Северо-Запад,team_b,email,technical,low,108.8,Более 60 мин,19.1,8–24 ч,0,SLA выполнен,3.2,Средняя,b2c,2024-12-18,gold,0,1,email,other,sla_ok
TCK-000641,2026-04-28 18:54:00,2026-04-28,2026-04-27,2026-04-01,18,2,Вторник,0,Вторая половина,CUST-0040,R04,Екатеринбург,Урал,team_d,email,refund,normal,29.8,15–30 мин,52.9,48–72 ч,1,SLA нарушен,3.1,Средняя,b2c,2024-03-16,bronze,0,1,email,normal,sla_breached
TCK-001495,2026-05-03 11:28:00,2026-05-03,2026-04-27,2026-05-01,11,7,Воскресенье,1,Вторая половина,CUST-0155,R02,Санкт-Петербург,Северо-Запад,team_b,email,account,high,21.2,15–30 мин,7.5,До 8 ч,0,SLA выполнен,3.6,Средняя,b2c,2025-09-06,bronze,0,1,email,high,sla_ok
TCK-001421,2026-06-05 14:09:00,2026-06-05,2026-06-01,2026-06-01,14,5,Пятница,0,Вторая половина,CUST-0201,R06,Ростов-на-Дону,Юг,team_f,phone,delivery,normal,5.5,5–15 мин,3.2,До 8 ч,0,SLA выполнен,5.0,Высокая,b2b,2026-02-03,gold,0,1,other,normal,sla_ok
TCK-000551,2026-06-05 17:40:00,2026-06-05,2026-06-01,2026-06-01,17,5,Пятница,0,Вторая половина,CUST-0086,R04,Екатеринбург,Урал,team_d,web_form,delivery,low,31.8,30–60 мин,38.2,24–48 ч,0,SLA выполнен,3.7,Средняя,b2c,2024-10-14,bronze,0,1,other,other,sla_ok
TCK-000929,2026-03-26 12:59:00,2026-03-26,2026-03-23,2026-03-01,12,4,Четверг,0,Первая половина,CUST-0199,R01,Москва,Центр,team_a,web_form,login,normal,35.3,30–60 мин,7.4,До 8 ч,0,SLA выполнен,4.7,Высокая,b2c,2025-06-12,bronze,0,1,other,normal,sla_ok
TCK-000489,2026-03-02 20:50:00,2026-03-02,2026-03-02,2026-03-01,20,1,Понедельник,0,Первая половина,CUST-0086,R03,Казань,Поволжье,team_c,email,technical,normal,52.8,30–60 мин,37.1,24–48 ч,1,SLA нарушен,2.9,Низкая,b2c,2024-10-14,bronze,0,1,email,normal,sla_breached
TCK-001367,2026-03-16 21:30:00,2026-03-16,2026-03-16,2026-03-01,21,1,Понедельник,0,Первая половина,CUST-0215,R03,Казань,Поволжье,team_c,chat,payment,low,19.7,15–30 мин,7.0,До 8 ч,0,SLA выполнен,5.0,Высокая,b2b,2025-07-04,gold,0,1,chat,other,sla_ok
TCK-001172,2026-05-30 11:06:00,2026-05-30,2026-05-25,2026-05-01,11,6,Суббота,1,Вторая половина,CUST-0298,R02,Санкт-Петербург,Северо-Запад,team_b,email,login,normal,26.1,15–30 мин,2.8,До 8 ч,0,SLA выполнен,5.0,Высокая,b2b,2025-05-16,silver,0,1,email,normal,sla_ok
TCK-000147,2026-06-08 15:04:00,2026-06-08,2026-06-08,2026-06-01,15,1,Понедельник,0,Вторая половина,CUST-0063,R01,Москва,Центр,team_a,web_form,login,critical,1.8,До 5 мин,4.2,До 8 ч,0,SLA выполнен,5.0,Высокая,b2c,2025-10-29,bronze,0,1,other,other,sla_ok
TCK-000403,2026-03-26 21:11:00,2026-03-26,2026-03-23,2026-03-01,21,4,Четверг,0,Первая половина,CUST-0244,R04,Екатеринбург,Урал,team_d,email,account,normal,20.2,15–30 мин,9.1,8–24 ч,0,SLA выполнен,4.2,Средняя,b2c,2025-11-29,bronze,0,1,email,normal,sla_ok
TCK-000955,2026-05-28 08:42:00,2026-05-28,2026-05-25,2026-05-01,8,4,Четверг,0,Вторая половина,CUST-0272,R03,Казань,Поволжье,team_c,chat,delivery,normal,2.5,До 5 мин,10.3,8–24 ч,0,SLA выполнен,5.0,Высокая,b2c,2025-07-06,bronze,0,1,chat,normal,sla_ok
TCK-001416,2026-04-10 11:41:00,2026-04-10,2026-04-06,2026-04-01,11,5,Пятница,0,Первая половина,CUST-0072,R06,Ростов-на-Дону,Юг,team_f,phone,technical,low,10.8,5–15 мин,26.8,24–48 ч,0,SLA выполнен,4.2,Средняя,b2c,2024-11-26,silver,0,1,other,other,sla_ok
TCK-000660,2026-05-21 15:32:00,2026-05-21,2026-05-18,2026-05-01,15,4,Четверг,0,Вторая половина,CUST-0114,R04,Екатеринбург,Урал,team_d,chat,refund,low,4.9,До 5 мин,21.3,8–24 ч,0,SLA выполнен,4.9,Высокая,b2c,2025-07-21,silver,0,1,chat,other,sla_ok
TCK-000464,2026-03-21 12:29:00,2026-03-21,2026-03-16,2026-03-01,12,6,Суббота,1,Первая половина,CUST-0152,R05,Новосибирск,Сибирь,team_e,email,refund,low,98.4,Более 60 мин,30.9,24–48 ч,0,SLA выполнен,3.6,Средняя,b2b,2025-11-25,silver,0,1,email,other,sla_ok
TCK-000187,2026-05-31 08:52:00,2026-05-31,2026-05-25,2026-05-01,8,7,Воскресенье,1,Вторая половина,CUST-0261,R01,Москва,Центр,team_a,chat,delivery,critical,2.4,До 5 мин,29.5,24–48 ч,1,SLA нарушен,3.7,Средняя,b2c,2025-11-20,bronze,0,1,chat,other,sla_breached
TCK-001148,2026-04-14 16:53:00,2026-04-14,2026-04-13,2026-04-01,16,2,Вторник,0,Первая половина,CUST-0027,R06,Ростов-на-Дону,Юг,team_f,chat,delivery,high,8.5,5–15 мин,14.4,8–24 ч,0,SLA выполнен,4.9,Высокая,b2c,2024-11-17,bronze,0,1,chat,high,sla_ok
TCK-001225,2026-03-17 13:25:00,2026-03-17,2026-03-16,2026-03-01,13,2,Вторник,0,Первая половина,CUST-0230,R05,Новосибирск,Сибирь,team_e,email,technical,normal,154.6,Более 60 мин,7.7,До 8 ч,0,SLA выполнен,2.4,Низкая,b2c,2024-08-01,bronze,0,1,email,normal,sla_ok
TCK-000609,2026-03-20 10:56:00,2026-03-20,2026-03-16,2026-03-01,10,5,Пятница,0,Первая половина,CUST-0130,R05,Новосибирск,Сибирь,team_e,web_form,payment,high,10.4,5–15 мин,2.5,До 8 ч,0,SLA выполнен,,,b2c,2024-01-10,gold,0,1,other,high,sla_ok
TCK-000144,2026-04-16 10:28:00,2026-04-16,2026-04-13,2026-04-01,10,4,Четверг,0,Первая половина,CUST-0323,R06,Ростов-на-Дону,Юг,team_f,chat,delivery,normal,1.8,До 5 мин,26.6,24–48 ч,1,SLA нарушен,3.9,Средняя,b2c,2025-03-08,silver,0,1,chat,normal,sla_breached
TCK-000752,2026-06-03 15:04:00,2026-06-03,2026-06-01,2026-06-01,15,3,Среда,0,Вторая половина,CUST-0058,R01,Москва,Центр,team_a,phone,technical,normal,9.4,5–15 мин,23.7,8–24 ч,0,SLA выполнен,4.5,Высокая,b2c,2025-01-23,bronze,0,1,other,normal,sla_ok
TCK-000982,2026-04-30 21:16:00,2026-04-30,2026-04-27,2026-04-01,21,4,Четверг,0,Вторая половина,CUST-0328,R08,Краснодар,Юг,team_f,chat,account,normal,9.3,5–15 мин,6.9,До 8 ч,0,SLA выполнен,5.0,Высокая,b2c,2024-09-06,bronze,0,1,chat,normal,sla_ok
TCK-000198,2026-05-16 20:48:00,2026-05-16,2026-05-11,2026-05-01,20,6,Суббота,1,Вторая половина,CUST-0150,R08,Краснодар,Юг,team_f,email,technical,normal,143.4,Более 60 мин,9.4,8–24 ч,0,SLA выполнен,2.8,Низкая,b2c,2026-02-26,silver,0,1,email,normal,sla_ok
TCK-000884,2026-05-06 16:59:00,2026-05-06,2026-05-04,2026-05-01,16,3,Среда,0,Вторая половина,CUST-0022,R04,Екатеринбург,Урал,team_d,email,technical,high,26.1,15–30 мин,16.3,8–24 ч,1,SLA нарушен,3.3,Средняя,b2c,2024-04-18,bronze,0,1,email,high,sla_breached
TCK-000280,2026-06-03 13:17:00,2026-06-03,2026-06-01,2026-06-01,13,3,Среда,0,Вторая половина,CUST-0262,R03,Казань,Поволжье,team_c,email,technical,normal,30.7,30–60 мин,12.5,8–24 ч,0,SLA выполнен,4.4,Средняя,b2b,2025-03-28,silver,0,1,email,normal,sla_ok
TCK-000294,2026-05-13 13:10:00,2026-05-13,2026-05-11,2026-05-01,13,3,Среда,0,Вторая половина,CUST-0035,R01,Москва,Центр,team_a,email,technical,normal,57.4,30–60 мин,28.9,24–48 ч,1,SLA нарушен,2.6,Низкая,b2c,2024-03-12,bronze,0,1,email,normal,sla_breached
TCK-001375,2026-03-20 13:56:00,2026-03-20,2026-03-16,2026-03-01,13,5,Пятница,0,Первая половина,CUST-0101,R02,Санкт-Петербург,Северо-Запад,team_b,chat,account,normal,6.5,5–15 мин,15.7,8–24 ч,0,SLA выполнен,4.8,Высокая,b2b,2024-05-19,silver,0,1,chat,normal,sla_ok
TCK-000401,2026-03-27 08:05:00,2026-03-27,2026-03-23,2026-03-01,8,5,Пятница,0,Первая половина,CUST-0308,R05,Новосибирск,Сибирь,team_e,chat,technical,normal,4.5,До 5 мин,15.3,8–24 ч,0,SLA выполнен,5.0,Высокая,b2c,2024-09-07,silver,0,1,chat,normal,sla_ok
TCK-000123,2026-05-21 16:49:00,2026-05-21,2026-05-18,2026-05-01,16,4,Четверг,0,Вторая половина,CUST-0021,R04,Екатеринбург,Урал,team_d,web_form,payment,normal,13.2,5–15 мин,4.0,До 8 ч,0,SLA выполнен,4.8,Высокая,b2b,2025-07-25,silver,0,1,other,normal,sla_ok
TCK-001208,2026-05-22 17:22:00,2026-05-22,2026-05-18,2026-05-01,17,5,Пятница,0,Вторая половина,CUST-0285,R06,Ростов-на-Дону,Юг,team_f,chat,payment,normal,4.7,До 5 мин,4.8,До 8 ч,0,SLA выполнен,5.0,Высокая,b2c,2024-04-12,silver,0,1,chat,normal,sla_ok
TCK-000203,2026-04-10 17:03:00,2026-04-10,2026-04-06,2026-04-01,17,5,Пятница,0,Первая половина,CUST-0252,R07,Нижний Новгород,Поволжье,team_c,chat,payment,low,10.0,5–15 мин,16.7,8–24 ч,0,SLA выполнен,5.0,Высокая,b2b,2024-05-24,silver,0,1,chat,other,sla_ok
TCK-000836,2026-05-28 08:58:00,2026-05-28,2026-05-25,2026-05-01,8,4,Четверг,0,Вторая половина,CUST-0151,R07,Нижний Новгород,Поволжье,team_c,chat,technical,normal,1.4,До 5 мин,12.7,8–24 ч,0,SLA выполнен,4.8,Высокая,b2b,2024-02-04,gold,0,1,chat,normal,sla_ok
TCK-000247,2026-03-31 16:00:00,2026-03-31,2026-03-30,2026-03-01,16,2,Вторник,0,Первая половина,CUST-0315,R04,Екатеринбург,Урал,team_d,email,technical,high,19.3,15–30 мин,87.5,Более 72 ч,1,SLA нарушен,,,b2c,2024-04-26,gold,0,1,email,high,sla_breached
TCK-001433,2026-05-19 11:16:00,2026-05-19,2026-05-18,2026-05-01,11,2,Вторник,0,Вторая половина,CUST-0130,R01,Москва,Центр,team_a,chat,technical,high,1.0,До 5 мин,78.8,Более 72 ч,1,SLA нарушен,3.0,Средняя,b2c,2024-01-10,gold,0,1,chat,high,sla_breached
TCK-001419,2026-04-14 18:01:00,2026-04-14,2026-04-13,2026-04-01,18,2,Вторник,0,Первая половина,CUST-0121,R01,Москва,Центр,team_a,chat,technical,high,3.4,До 5 мин,24.8,24–48 ч,1,SLA нарушен,4.2,Средняя,b2c,2025-11-24,silver,0,1,chat,high,sla_breached
TCK-001154,2026-05-14 16:13:00,2026-05-14,2026-05-11,2026-05-01,16,4,Четверг,0,Вторая половина,CUST-0281,R01,Москва,Центр,team_a,chat,technical,critical,1.6,До 5 мин,30.3,24–48 ч,1,SLA нарушен,4.4,Средняя,b2c,2025-06-29,silver,0,1,chat,other,sla_breached
TCK-000385,2026-05-12 10:49:00,2026-05-12,2026-05-11,2026-05-01,10,2,Вторник,0,Вторая половина,CUST-0276,R04,Екатеринбург,Урал,team_d,web_form,login,normal,58.8,30–60 мин,1.4,До 8 ч,0,SLA выполнен,3.8,Средняя,b2c,2026-01-13,bronze,0,1,other,normal,sla_ok
TCK-001493,2026-03-26 11:37:00,2026-03-26,2026-03-23,2026-03-01,11,4,Четверг,0,Первая половина,CUST-0111,R06,Ростов-на-Дону,Юг,team_f,email,login,normal,42.2,30–60 мин,6.3,До 8 ч,0,SLA выполнен,,,b2c,2025-05-30,silver,0,1,email,normal,sla_ok
TCK-000855,2026-05-04 17:57:00,2026-05-04,2026-05-04,2026-05-01,17,1,Понедельник,0,Вторая половина,CUST-0197,R06,Ростов-на-Дону,Юг,team_f,web_form,account,normal,34.0,30–60 мин,8.1,8–24 ч,0,SLA выполнен,4.1,Средняя,b2c,2024-07-12,silver,0,1,other,normal,sla_ok
TCK-000220,2026-03-18 17:29:00,2026-03-18,2026-03-16,2026-03-01,17,3,Среда,0,Первая половина,CUST-0154,R04,Екатеринбург,Урал,team_d,email,payment,normal,11.4,5–15 мин,5.7,До 8 ч,0,SLA выполнен,4.8,Высокая,b2c,2024-08-12,silver,0,1,email,normal,sla_ok
TCK-000642,2026-04-27 08:02:00,2026-04-27,2026-04-27,2026-04-01,8,1,Понедельник,0,Вторая половина,CUST-0072,R06,Ростов-на-Дону,Юг,team_f,phone,payment,normal,4.5,До 5 мин,31.7,24–48 ч,1,SLA нарушен,4.1,Средняя,b2c,2024-11-26,silver,0,1,other,normal,sla_breached
TCK-000002,2026-05-02 18:49:00,2026-05-02,2026-04-27,2026-05-01,18,6,Суббота,1,Вторая половина,CUST-0057,R01,Москва,Центр,team_a,email,technical,low,124.9,Более 60 мин,53.3,48–72 ч,1,SLA нарушен,1.1,Низкая,b2c,2025-02-12,bronze,0,1,email,other,sla_breached
TCK-000113,2026-05-15 09:22:00,2026-05-15,2026-05-11,2026-05-01,9,5,Пятница,0,Вторая половина,CUST-0187,,Неизвестный регион,Неизвестно,,chat,technical,high,3.2,До 5 мин,38.7,24–48 ч,1,SLA нарушен,2.9,Низкая,b2c,2024-05-03,bronze,0,1,chat,high,sla_breached
TCK-000699,2026-04-30 10:59:00,2026-04-30,2026-04-27,2026-04-01,10,4,Четверг,0,Вторая половина,CUST-0257,R05,Новосибирск,Сибирь,team_e,phone,refund,normal,9.5,5–15 мин,4.5,До 8 ч,0,SLA выполнен,4.7,Высокая,b2b,2025-03-04,silver,0,1,other,normal,sla_ok
TCK-001442,2026-03-05 16:16:00,2026-03-05,2026-03-02,2026-03-01,16,4,Четверг,0,Первая половина,CUST-0091,R03,Казань,Поволжье,team_c,phone,delivery,normal,27.1,15–30 мин,68.2,48–72 ч,1,SLA нарушен,1.8,Низкая,b2c,2026-01-29,silver,0,1,other,normal,sla_breached
TCK-000952,2026-05-27 20:25:00,2026-05-27,2026-05-25,2026-05-01,20,3,Среда,0,Вторая половина,CUST-0307,R08,Краснодар,Юг,team_f,phone,account,critical,12.3,5–15 мин,9.3,8–24 ч,1,SLA нарушен,4.2,Средняя,b2c,2025-04-20,bronze,0,1,other,other,sla_breached
TCK-001328,2026-04-02 09:51:00,2026-04-02,2026-03-30,2026-04-01,9,4,Четверг,0,Первая половина,CUST-0097,R01,Москва,Центр,team_a,web_form,refund,normal,33.1,30–60 мин,9.7,8–24 ч,0,SLA выполнен,4.1,Средняя,b2c,2025-08-05,bronze,0,1,other,normal,sla_ok
TCK-001292,2026-04-14 16:06:00,2026-04-14,2026-04-13,2026-04-01,16,2,Вторник,0,Первая половина,CUST-0097,R06,Ростов-на-Дону,Юг,team_f,chat,refund,normal,3.8,До 5 мин,14.1,8–24 ч,0,SLA выполнен,4.4,Средняя,b2c,2025-08-05,bronze,0,1,chat,normal,sla_ok
TCK-001450,2026-05-14 19:37:00,2026-05-14,2026-05-11,2026-05-01,19,4,Четверг,0,Вторая половина,CUST-0064,R05,Новосибирск,Сибирь,team_e,email,login,normal,65.6,Более 60 мин,4.2,До 8 ч,0,SLA выполнен,4.2,Средняя,b2b,2024-04-04,gold,0,1,email,normal,sla_ok
TCK-000442,2026-04-08 12:05:00,2026-04-08,2026-04-06,2026-04-01,12,3,Среда,0,Первая половина,CUST-0074,R04,Екатеринбург,Урал,team_d,chat,login,high,2.9,До 5 мин,23.6,8–24 ч,1,SLA нарушен,4.5,Высокая,b2c,2025-09-03,bronze,0,1,chat,high,sla_breached
TCK-001137,2026-04-07 21:12:00,2026-04-07,2026-04-06,2026-04-01,21,2,Вторник,0,Первая половина,CUST-0298,R06,Ростов-на-Дону,Юг,team_f,email,delivery,normal,42.4,30–60 мин,51.6,48–72 ч,1,SLA нарушен,2.4,Низкая,b2b,2025-05-16,silver,0,1,email,normal,sla_breached
TCK-001257,2026-04-12 21:45:00,2026-04-12,2026-04-06,2026-04-01,21,7,Воскресенье,1,Первая половина,CUST-0124,R06,Ростов-на-Дону,Юг,team_f,email,payment,normal,41.9,30–60 мин,15.9,8–24 ч,0,SLA выполнен,4.2,Средняя,b2c,2024-04-06,bronze,0,1,email,normal,sla_ok
TCK-000664,2026-05-08 15:37:00,2026-05-08,2026-05-04,2026-05-01,15,5,Пятница,0,Вторая половина,CUST-0162,R07,Нижний Новгород,Поволжье,team_c,email,technical,normal,43.1,30–60 мин,26.2,24–48 ч,1,SLA нарушен,3.0,Средняя,b2b,2025-06-09,gold,0,1,email,normal,sla_breached
TCK-001383,2026-03-16 12:47:00,2026-03-16,2026-03-16,2026-03-01,12,1,Понедельник,0,Первая половина,CUST-0239,R02,Санкт-Петербург,Северо-Запад,team_b,email,technical,high,63.5,Более 60 мин,49.7,48–72 ч,1,SLA нарушен,1.9,Низкая,b2c,2024-02-25,bronze,0,1,email,high,sla_breached
TCK-001258,2026-05-27 20:57:00,2026-05-27,2026-05-25,2026-05-01,20,3,Среда,0,Вторая половина,CUST-0090,R08,Краснодар,Юг,team_f,phone,technical,low,16.0,15–30 мин,29.4,24–48 ч,0,SLA выполнен,4.0,Средняя,b2c,2024-05-04,gold,0,1,other,other,sla_ok
TCK-001342,2026-05-02 08:37:00,2026-05-02,2026-04-27,2026-05-01,8,6,Суббота,1,Вторая половина,CUST-0219,R03,Казань,Поволжье,team_c,chat,login,high,3.9,До 5 мин,10.3,8–24 ч,0,SLA выполнен,5.0,Высокая,vip,2025-03-09,platinum,1,1,chat,high,sla_ok
TCK-000318,2026-05-29 10:42:00,2026-05-29,2026-05-25,2026-05-01,10,5,Пятница,0,Вторая половина,CUST-0297,R05,Новосибирск,Сибирь,team_e,email,delivery,high,68.5,Более 60 мин,15.8,8–24 ч,1,SLA нарушен,2.3,Низкая,vip,2024-11-12,platinum,1,1,email,high,sla_breached
TCK-000649,2026-05-05 15:15:00,2026-05-05,2026-05-04,2026-05-01,15,2,Вторник,0,Вторая половина,CUST-0163,R08,Краснодар,Юг,team_f,phone,technical,normal,4.2,До 5 мин,54.9,48–72 ч,1,SLA нарушен,3.3,Средняя,b2c,2024-04-17,bronze,0,1,other,normal,sla_breached
TCK-000710,2026-03-23 10:26:00,2026-03-23,2026-03-23,2026-03-01,10,1,Понедельник,0,Первая половина,CUST-0055,R01,Москва,Центр,team_a,email,refund,critical,17.3,15–30 мин,53.9,48–72 ч,1,SLA нарушен,3.0,Средняя,b2b,2025-12-27,silver,0,1,email,other,sla_breached
TCK-001283,2026-04-02 15:49:00,2026-04-02,2026-03-30,2026-04-01,15,4,Четверг,0,Первая половина,CUST-0099,R06,Ростов-на-Дону,Юг,team_f,email,delivery,normal,32.4,30–60 мин,14.5,8–24 ч,0,SLA выполнен,4.8,Высокая,b2c,2024-04-11,silver,0,1,email,normal,sla_ok
TCK-000973,2026-03-10 20:18:00,2026-03-10,2026-03-09,2026-03-01,20,2,Вторник,0,Первая половина,CUST-0296,R01,Москва,Центр,team_a,email,technical,high,82.4,Более 60 мин,178.7,Более 72 ч,1,SLA нарушен,1.9,Низкая,b2b,2025-04-27,silver,0,1,email,high,sla_breached
TCK-000628,2026-04-30 20:43:00,2026-04-30,2026-04-27,2026-04-01,20,4,Четверг,0,Вторая половина,CUST-0043,R02,Санкт-Петербург,Северо-Запад,team_b,email,payment,normal,57.7,30–60 мин,9.8,8–24 ч,0,SLA выполнен,4.8,Высокая,b2b,2024-05-12,silver,0,1,email,normal,sla_ok
TCK-000633,2026-04-20 19:38:00,2026-04-20,2026-04-20,2026-04-01,19,1,Понедельник,0,Вторая половина,CUST-0213,R02,Санкт-Петербург,Северо-Запад,team_b,chat,technical,normal,2.0,До 5 мин,19.0,8–24 ч,0,SLA выполнен,5.0,Высокая,b2c,2024-03-30,silver,0,1,chat,normal,sla_ok
TCK-001307,2026-05-31 08:15:00,2026-05-31,2026-05-25,2026-05-01,8,7,Воскресенье,1,Вторая половина,CUST-0093,R05,Новосибирск,Сибирь,team_e,email,login,normal,78.9,Более 60 мин,7.7,До 8 ч,0,SLA выполнен,4.4,Средняя,b2c,2024-03-09,bronze,0,1,email,normal,sla_ok
TCK-001249,2026-05-13 08:40:00,2026-05-13,2026-05-11,2026-05-01,8,3,Среда,0,Вторая половина,CUST-0215,R04,Екатеринбург,Урал,team_d,email,technical,low,7.5,5–15 мин,26.7,24–48 ч,0,SLA выполнен,3.8,Средняя,b2b,2025-07-04,gold,0,1,email,other,sla_ok
TCK-001472,2026-04-08 08:48:00,2026-04-08,2026-04-06,2026-04-01,8,3,Среда,0,Первая половина,CUST-0047,R07,Нижний Новгород,Поволжье,team_c,phone,technical,low,27.1,15–30 мин,14.7,8–24 ч,0,SLA выполнен,4.5,Высокая,b2c,2024-01-07,silver,0,1,other,other,sla_ok
TCK-001255,2026-05-15 19:52:00,2026-05-15,2026-05-11,2026-05-01,19,5,Пятница,0,Вторая половина,CUST-0081,R02,Санкт-Петербург,Северо-Запад,team_b,web_form,technical,normal,29.8,15–30 мин,25.1,24–48 ч,1,SLA нарушен,3.6,Средняя,b2c,2025-10-07,bronze,0,1,other,normal,sla_breached
TCK-001394,2026-03-10 14:39:00,2026-03-10,2026-03-09,2026-03-01,14,2,Вторник,0,Первая половина,CUST-0119,R03,Казань,Поволжье,team_c,chat,payment,low,3.2,До 5 мин,4.8,До 8 ч,0,SLA выполнен,,,b2c,2024-08-02,gold,0,1,chat,other,sla_ok
TCK-000796,2026-04-17 17:20:00,2026-04-17,2026-04-13,2026-04-01,17,5,Пятница,0,Первая половина,CUST-0007,R02,Санкт-Петербург,Северо-Запад,team_b,chat,login,high,3.3,До 5 мин,3.3,До 8 ч,0,SLA выполнен,5.0,Высокая,b2b,2025-02-01,gold,0,1,chat,high,sla_ok
TCK-000646,2026-04-23 10:24:00,2026-04-23,2026-04-20,2026-04-01,10,4,Четверг,0,Вторая половина,CUST-0050,R08,Краснодар,Юг,team_f,web_form,technical,high,19.9,15–30 мин,37.1,24–48 ч,1,SLA нарушен,2.0,Низкая,b2c,2025-01-03,bronze,0,1,other,high,sla_breached
TCK-001013,2026-04-08 08:17:00,2026-04-08,2026-04-06,2026-04-01,8,3,Среда,0,Первая половина,CUST-0230,R01,Москва,Центр,team_a,chat,refund,normal,3.9,До 5 мин,21.4,8–24 ч,0,SLA выполнен,4.9,Высокая,b2c,2024-08-01,bronze,0,1,chat,normal,sla_ok
TCK-000557,2026-06-03 19:20:00,2026-06-03,2026-06-01,2026-06-01,19,3,Среда,0,Вторая половина,CUST-0241,R05,Новосибирск,Сибирь,team_e,chat,refund,normal,8.2,5–15 мин,31.1,24–48 ч,1,SLA нарушен,4.5,Высокая,b2b,2024-01-04,gold,0,1,chat,normal,sla_breached
TCK-000682,2026-04-02 12:20:00,2026-04-02,2026-03-30,2026-04-01,12,4,Четверг,0,Первая половина,CUST-0122,R04,Екатеринбург,Урал,team_d,chat,login,normal,7.9,5–15 мин,1.3,До 8 ч,0,SLA выполнен,5.0,Высокая,b2c,2025-05-18,silver,0,1,chat,normal,sla_ok
TCK-000578,2026-06-06 12:52:00,2026-06-06,2026-06-01,2026-06-01,12,6,Суббота,1,Вторая половина,CUST-0043,R06,Ростов-на-Дону,Юг,team_f,chat,delivery,high,1.4,До 5 мин,2.2,До 8 ч,0,SLA выполнен,5.0,Высокая,b2b,2024-05-12,silver,0,1,chat,high,sla_ok
TCK-001110,2026-03-23 13:15:00,2026-03-23,2026-03-23,2026-03-01,13,1,Понедельник,0,Первая половина,CUST-0274,R03,Казань,Поволжье,team_c,web_form,technical,normal,15.2,15–30 мин,7.6,До 8 ч,0,SLA выполнен,5.0,Высокая,b2c,2025-05-27,bronze,0,1,other,normal,sla_ok
TCK-001267,2026-05-19 12:43:00,2026-05-19,2026-05-18,2026-05-01,12,2,Вторник,0,Вторая половина,CUST-0167,R02,Санкт-Петербург,Северо-Запад,team_b,email,login,normal,117.2,Более 60 мин,5.0,До 8 ч,0,SLA выполнен,3.8,Средняя,b2b,2025-06-21,gold,0,1,email,normal,sla_ok
TCK-001184,2026-03-05 10:47:00,2026-03-05,2026-03-02,2026-03-01,10,4,Четверг,0,Первая половина,CUST-0205,R02,Санкт-Петербург,Северо-Запад,team_b,email,technical,normal,20.2,15–30 мин,48.6,48–72 ч,1,SLA нарушен,3.0,Средняя,b2c,2025-10-30,bronze,0,1,email,normal,sla_breached
TCK-000525,2026-05-13 20:40:00,2026-05-13,2026-05-11,2026-05-01,20,3,Среда,0,Вторая половина,CUST-0256,R08,Краснодар,Юг,team_f,email,account,normal,51.0,30–60 мин,3.3,До 8 ч,0,SLA выполнен,3.6,Средняя,b2b,2024-12-28,silver,0,1,email,normal,sla_ok
TCK-001060,2026-03-03 15:00:00,2026-03-03,2026-03-02,2026-03-01,15,2,Вторник,0,Первая половина,CUST-0133,R01,Москва,Центр,team_a,chat,login,low,3.3,До 5 мин,9.2,8–24 ч,0,SLA выполнен,5.0,Высокая,b2c,2025-07-24,bronze,0,1,chat,other,sla_ok
TCK-000541,2026-06-06 18:19:00,2026-06-06,2026-06-01,2026-06-01,18,6,Суббота,1,Вторая половина,CUST-0327,R06,Ростов-на-Дону,Юг,team_f,email,payment,normal,14.0,5–15 мин,5.5,До 8 ч,0,SLA выполнен,4.6,Высокая,b2b,2025-05-02,gold,0,1,email,normal,sla_ok
TCK-001195,2026-04-29 16:44:00,2026-04-29,2026-04-27,2026-04-01,16,3,Среда,0,Вторая половина,CUST-0202,R01,Москва,Центр,team_a,email,account,critical,30.1,30–60 мин,15.6,8–24 ч,1,SLA нарушен,3.5,Средняя,vip,2026-01-02,platinum,1,1,email,other,sla_breached
TCK-000749,2026-04-16 11:54:00,2026-04-16,2026-04-13,2026-04-01,11,4,Четверг,0,Первая половина,CUST-0013,R05,Новосибирск,Сибирь,team_e,web_form,account,low,57.6,30–60 мин,13.5,8–24 ч,0,SLA выполнен,4.1,Средняя,b2c,2025-05-17,silver,0,1,other,other,sla_ok
TCK-001497,2026-05-04 09:37:00,2026-05-04,2026-05-04,2026-05-01,9,1,Понедельник,0,Вторая половина,CUST-0120,R06,Ростов-на-Дону,Юг,team_f,phone,delivery,normal,9.3,5–15 мин,30.8,24–48 ч,1,SLA нарушен,3.7,Средняя,b2c,2025-11-02,bronze,0,1,other,normal,sla_breached
TCK-000485,2026-05-18 16:50:00,2026-05-18,2026-05-18,2026-05-01,16,1,Понедельник,0,Вторая половина,CUST-0174,R01,Москва,Центр,team_a,web_form,delivery,normal,1.2,До 5 мин,13.5,8–24 ч,0,SLA выполнен,4.5,Высокая,vip,2024-04-22,gold,1,1,other,normal,sla_ok
TCK-000096,2026-05-18 09:14:00,2026-05-18,2026-05-18,2026-05-01,9,1,Понедельник,0,Вторая половина,CUST-0042,R01,Москва,Центр,team_a,web_form,account,critical,23.2,15–30 мин,15.3,8–24 ч,1,SLA нарушен,4.2,Средняя,b2b,2025-05-01,gold,0,1,other,other,sla_breached
TCK-001021,2026-05-27 11:05:00,2026-05-27,2026-05-25,2026-05-01,11,3,Среда,0,Вторая половина,CUST-0198,R05,Новосибирск,Сибирь,team_e,chat,payment,normal,9.3,5–15 мин,9.2,8–24 ч,0,SLA выполнен,5.0,Высокая,b2b,2024-02-15,silver,0,1,chat,normal,sla_ok
TCK-000564,2026-06-02 09:41:00,2026-06-02,2026-06-01,2026-06-01,9,2,Вторник,0,Вторая половина,CUST-0316,R03,Казань,Поволжье,team_c,phone,technical,normal,3.5,До 5 мин,29.3,24–48 ч,1,SLA нарушен,3.3,Средняя,b2c,2024-06-27,bronze,0,1,other,normal,sla_breached
TCK-001265,2026-03-17 15:49:00,2026-03-17,2026-03-16,2026-03-01,15,2,Вторник,0,Первая половина,CUST-0056,R02,Санкт-Петербург,Северо-Запад,team_b,phone,login,normal,1.1,До 5 мин,5.2,До 8 ч,0,SLA выполнен,4.7,Высокая,b2b,2025-09-23,gold,0,1,other,normal,sla_ok
TCK-000743,2026-05-22 17:59:00,2026-05-22,2026-05-18,2026-05-01,17,5,Пятница,0,Вторая половина,CUST-0158,R07,Нижний Новгород,Поволжье,team_c,phone,account,high,19.0,15–30 мин,21.6,8–24 ч,1,SLA нарушен,3.6,Средняя,b2c,2024-03-25,silver,0,1,other,high,sla_breached
TCK-000864,2026-05-22 16:53:00,2026-05-22,2026-05-18,2026-05-01,16,5,Пятница,0,Вторая половина,CUST-0246,R01,Москва,Центр,team_a,email,payment,high,22.0,15–30 мин,25.2,24–48 ч,1,SLA нарушен,3.5,Средняя,b2b,2025-07-14,silver,0,1,email,high,sla_breached
TCK-000892,2026-03-08 15:58:00,2026-03-08,2026-03-02,2026-03-01,15,7,Воскресенье,1,Первая половина,CUST-0005,R01,Москва,Центр,team_a,chat,login,normal,3.9,До 5 мин,4.3,До 8 ч,0,SLA выполнен,5.0,Высокая,b2c,2025-04-16,bronze,0,1,chat,normal,sla_ok
TCK-001039,2026-06-08 19:30:00,2026-06-08,2026-06-08,2026-06-01,19,1,Понедельник,0,Вторая половина,CUST-0045,R01,Москва,Центр,team_a,phone,refund,normal,5.8,5–15 мин,58.6,48–72 ч,1,SLA нарушен,2.8,Низкая,b2b,2024-04-12,gold,0,1,other,normal,sla_breached
TCK-000207,2026-03-12 16:43:00,2026-03-12,2026-03-09,2026-03-01,16,4,Четверг,0,Первая половина,CUST-0139,R02,Санкт-Петербург,Северо-Запад,team_b,email,refund,normal,6.0,5–15 мин,65.4,48–72 ч,1,SLA нарушен,2.0,Низкая,b2b,2024-09-06,silver,0,1,email,normal,sla_breached
TCK-000393,2026-04-23 16:06:00,2026-04-23,2026-04-20,2026-04-01,16,4,Четверг,0,Вторая половина,CUST-0088,R04,Екатеринбург,Урал,team_d,email,technical,low,61.4,Более 60 мин,28.2,24–48 ч,0,SLA выполнен,3.5,Средняя,b2c,2024-09-05,bronze,0,1,email,other,sla_ok
TCK-000795,2026-03-25 08:26:00,2026-03-25,2026-03-23,2026-03-01,8,3,Среда,0,Первая половина,CUST-0074,R01,Москва,Центр,team_a,chat,account,low,5.6,5–15 мин,16.0,8–24 ч,0,SLA выполнен,4.3,Средняя,b2c,2025-09-03,bronze,0,1,chat,other,sla_ok
TCK-000871,2026-04-23 19:32:00,2026-04-23,2026-04-20,2026-04-01,19,4,Четверг,0,Вторая половина,CUST-0187,R05,Новосибирск,Сибирь,team_e,chat,payment,normal,7.0,5–15 мин,2.6,До 8 ч,0,SLA выполнен,5.0,Высокая,b2c,2024-05-03,bronze,0,1,chat,normal,sla_ok
TCK-000398,2026-05-04 15:02:00,2026-05-04,2026-05-04,2026-05-01,15,1,Понедельник,0,Вторая половина,CUST-0302,R02,Санкт-Петербург,Северо-Запад,team_b,chat,refund,normal,14.2,5–15 мин,25.1,24–48 ч,1,SLA нарушен,3.9,Средняя,b2c,2024-11-18,bronze,0,1,chat,normal,sla_breached
TCK-000767,2026-06-02 15:37:00,2026-06-02,2026-06-01,2026-06-01,15,2,Вторник,0,Вторая половина,CUST-0065,R02,Санкт-Петербург,Северо-Запад,team_b,email,account,critical,23.7,15–30 мин,2.0,До 8 ч,0,SLA выполнен,5.0,Высокая,b2c,2025-09-12,bronze,0,1,email,other,sla_ok
TCK-001387,2026-04-11 11:42:00,2026-04-11,2026-04-06,2026-04-01,11,6,Суббота,1,Первая половина,CUST-0252,R01,Москва,Центр,team_a,chat,delivery,normal,4.3,До 5 мин,33.2,24–48 ч,1,SLA нарушен,3.8,Средняя,b2b,2024-05-24,silver,0,1,chat,normal,sla_breached
TCK-001242,2026-04-29 19:32:00,2026-04-29,2026-04-27,2026-04-01,19,3,Среда,0,Вторая половина,CUST-0224,R01,Москва,Центр,team_a,chat,account,normal,6.1,5–15 мин,9.4,8–24 ч,0,SLA выполнен,5.0,Высокая,vip,2024-05-02,platinum,1,1,chat,normal,sla_ok
TCK-001029,2026-06-08 08:52:00,2026-06-08,2026-06-08,2026-06-01,8,1,Понедельник,0,Вторая половина,CUST-0196,R02,Санкт-Петербург,Северо-Запад,team_b,chat,account,low,10.3,5–15 мин,1.0,До 8 ч,0,SLA выполнен,4.4,Средняя,b2c,2025-11-02,bronze,0,1,chat,other,sla_ok
TCK-000643,2026-04-20 14:52:00,2026-04-20,2026-04-20,2026-04-01,14,1,Понедельник,0,Вторая половина,CUST-0114,R01,Москва,Центр,team_a,email,technical,normal,40.3,30–60 мин,6.2,До 8 ч,0,SLA выполнен,4.7,Высокая,b2c,2025-07-21,silver,0,1,email,normal,sla_ok
TCK-000613,2026-06-01 10:16:00,2026-06-01,2026-06-01,2026-06-01,10,1,Понедельник,0,Вторая половина,CUST-0005,R03,Казань,Поволжье,team_c,email,login,normal,78.3,Более 60 мин,11.5,8–24 ч,0,SLA выполнен,3.8,Средняя,b2c,2025-04-16,bronze,0,1,email,normal,sla_ok
TCK-000726,2026-05-28 19:01:00,2026-05-28,2026-05-25,2026-05-01,19,4,Четверг,0,Вторая половина,CUST-0073,R06,Ростов-на-Дону,Юг,team_f,phone,refund,high,8.6,5–15 мин,94.8,Более 72 ч,1,SLA нарушен,1.6,Низкая,b2b,2025-12-29,silver,0,1,other,high,sla_breached
TCK-000684,2026-06-04 11:21:00,2026-06-04,2026-06-01,2026-06-01,11,4,Четверг,0,Вторая половина,CUST-0156,R05,Новосибирск,Сибирь,team_e,chat,technical,normal,2.7,До 5 мин,18.4,8–24 ч,0,SLA выполнен,4.4,Средняя,b2c,2025-10-23,bronze,0,1,chat,normal,sla_ok
TCK-000099,2026-04-16 10:05:00,2026-04-16,2026-04-13,2026-04-01,10,4,Четверг,0,Первая половина,CUST-0036,R02,Санкт-Петербург,Северо-Запад,team_b,email,technical,normal,44.4,30–60 мин,16.2,8–24 ч,0,SLA выполнен,4.0,Средняя,b2c,2024-07-19,silver,0,1,email,normal,sla_ok
TCK-000805,2026-03-31 14:44:00,2026-03-31,2026-03-30,2026-03-01,14,2,Вторник,0,Первая половина,CUST-0091,R01,Москва,Центр,team_a,chat,payment,normal,5.3,5–15 мин,6.1,До 8 ч,0,SLA выполнен,5.0,Высокая,b2c,2026-01-29,silver,0,1,chat,normal,sla_ok
TCK-000407,2026-05-28 18:37:00,2026-05-28,2026-05-25,2026-05-01,18,4,Четверг,0,Вторая половина,CUST-0037,R02,Санкт-Петербург,Северо-Запад,team_b,phone,technical,normal,13.4,5–15 мин,10.9,8–24 ч,0,SLA выполнен,4.8,Высокая,b2c,2025-07-24,silver,0,1,other,normal,sla_ok
TCK-000503,2026-03-24 08:22:00,2026-03-24,2026-03-23,2026-03-01,8,2,Вторник,0,Первая половина,CUST-0280,R02,Санкт-Петербург,Северо-Запад,team_b,chat,technical,normal,6.2,5–15 мин,28.8,24–48 ч,1,SLA нарушен,3.8,Средняя,b2b,2025-02-05,silver,0,1,chat,normal,sla_breached
TCK-001072,2026-04-21 11:17:00,2026-04-21,2026-04-20,2026-04-01,11,2,Вторник,0,Вторая половина,CUST-0165,R02,Санкт-Петербург,Северо-Запад,team_b,email,technical,normal,32.7,30–60 мин,37.6,24–48 ч,1,SLA нарушен,2.3,Низкая,b2c,2025-05-07,bronze,0,1,email,normal,sla_breached
TCK-001057,2026-03-29 15:19:00,2026-03-29,2026-03-23,2026-03-01,15,7,Воскресенье,1,Первая половина,CUST-0128,R99,Неизвестный регион,Неизвестно,,chat,login,normal,1.7,До 5 мин,8.3,8–24 ч,0,SLA выполнен,5.0,Высокая,b2c,2025-06-26,gold,0,1,chat,normal,sla_ok
TCK-000930,2026-03-12 15:09:00,2026-03-12,2026-03-09,2026-03-01,15,4,Четверг,0,Первая половина,CUST-0109,R01,Москва,Центр,team_a,email,technical,normal,63.9,Более 60 мин,10.5,8–24 ч,0,SLA выполнен,4.2,Средняя,b2c,2024-04-20,silver,0,1,email,normal,sla_ok
TCK-000780,2026-04-14 17:28:00,2026-04-14,2026-04-13,2026-04-01,17,2,Вторник,0,Первая половина,CUST-0097,R08,Краснодар,Юг,team_f,email,refund,normal,18.6,15–30 мин,35.2,24–48 ч,1,SLA нарушен,3.1,Средняя,b2c,2025-08-05,bronze,0,1,email,normal,sla_breached
TCK-000201,2026-04-17 12:10:00,2026-04-17,2026-04-13,2026-04-01,12,5,Пятница,0,Первая половина,CUST-0213,R03,Казань,Поволжье,team_c,chat,technical,low,2.3,До 5 мин,21.7,8–24 ч,0,SLA выполнен,5.0,Высокая,b2c,2024-03-30,silver,0,1,chat,other,sla_ok
TCK-000135,2026-05-01 16:00:00,2026-05-01,2026-04-27,2026-05-01,16,5,Пятница,0,Вторая половина,CUST-0167,R06,Ростов-на-Дону,Юг,team_f,email,account,normal,30.8,30–60 мин,12.6,8–24 ч,0,SLA выполнен,3.8,Средняя,b2b,2025-06-21,gold,0,1,email,normal,sla_ok
TCK-001052,2026-04-09 08:15:00,2026-04-09,2026-04-06,2026-04-01,8,4,Четверг,0,Первая половина,CUST-0106,R01,Москва,Центр,team_a,web_form,technical,normal,15.3,15–30 мин,13.9,8–24 ч,0,SLA выполнен,4.3,Средняя,b2b,2025-09-08,gold,0,1,other,normal,sla_ok
TCK-000041,2026-05-15 15:45:00,2026-05-15,2026-05-11,2026-05-01,15,5,Пятница,0,Вторая половина,CUST-0066,R07,Нижний Новгород,Поволжье,team_c,email,technical,normal,10.2,5–15 мин,21.8,8–24 ч,0,SLA выполнен,4.0,Средняя,b2c,2024-04-02,bronze,0,1,email,normal,sla_ok
TCK-001018,2026-06-01 15:13:00,2026-06-01,2026-06-01,2026-06-01,15,1,Понедельник,0,Вторая половина,CUST-0118,R06,Ростов-на-Дону,Юг,team_f,phone,refund,high,12.1,5–15 мин,22.7,8–24 ч,1,SLA нарушен,4.3,Средняя,b2b,2024-04-03,platinum,0,1,other,high,sla_breached
TCK-000231,2026-04-08 16:09:00,2026-04-08,2026-04-06,2026-04-01,16,3,Среда,0,Первая половина,CUST-0037,R01,Москва,Центр,team_a,chat,refund,normal,10.6,5–15 мин,3.4,До 8 ч,0,SLA выполнен,4.3,Средняя,b2c,2025-07-24,silver,0,1,chat,normal,sla_ok
TCK-000379,2026-05-01 13:38:00,2026-05-01,2026-04-27,2026-05-01,13,5,Пятница,0,Вторая половина,CUST-0320,,Неизвестный регион,Неизвестно,,email,refund,normal,78.8,Более 60 мин,29.1,24–48 ч,1,SLA нарушен,3.0,Средняя,vip,2025-03-22,gold,1,1,email,normal,sla_breached
TCK-000289,2026-05-26 10:11:00,2026-05-26,2026-05-25,2026-05-01,10,2,Вторник,0,Вторая половина,CUST-0149,R05,Новосибирск,Сибирь,team_e,web_form,technical,critical,3.9,До 5 мин,17.2,8–24 ч,1,SLA нарушен,4.0,Средняя,b2c,2024-11-04,bronze,0,1,other,other,sla_breached
TCK-000419,2026-03-16 12:34:00,2026-03-16,2026-03-16,2026-03-01,12,1,Понедельник,0,Первая половина,CUST-0104,R04,Екатеринбург,Урал,team_d,chat,technical,high,3.8,До 5 мин,31.0,24–48 ч,1,SLA нарушен,4.0,Средняя,vip,2026-01-09,platinum,1,1,chat,high,sla_breached
TCK-000392,2026-05-30 11:57:00,2026-05-30,2026-05-25,2026-05-01,11,6,Суббота,1,Вторая половина,CUST-0241,R08,Краснодар,Юг,team_f,web_form,refund,low,18.4,15–30 мин,30.5,24–48 ч,0,SLA выполнен,4.6,Высокая,b2b,2024-01-04,gold,0,1,other,other,sla_ok
TCK-000593,2026-03-12 11:57:00,2026-03-12,2026-03-09,2026-03-01,11,4,Четверг,0,Первая половина,CUST-0286,R04,Екатеринбург,Урал,team_d,chat,technical,critical,1.0,До 5 мин,92.1,Более 72 ч,1,SLA нарушен,2.2,Низкая,b2c,2024-04-04,bronze,0,1,chat,other,sla_breached
TCK-001163,2026-04-03 14:14:00,2026-04-03,2026-03-30,2026-04-01,14,5,Пятница,0,Первая половина,CUST-0143,R01,Москва,Центр,team_a,chat,delivery,low,2.8,До 5 мин,18.5,8–24 ч,0,SLA выполнен,4.5,Высокая,vip,2025-02-11,platinum,1,1,chat,other,sla_ok
TCK-001087,2026-04-25 11:53:00,2026-04-25,2026-04-20,2026-04-01,11,6,Суббота,1,Вторая половина,CUST-0291,R03,Казань,Поволжье,team_c,email,delivery,normal,35.7,30–60 мин,4.0,До 8 ч,0,SLA выполнен,4.5,Высокая,b2b,2024-03-14,silver,0,1,email,normal,sla_ok
TCK-000648,2026-03-10 13:22:00,2026-03-10,2026-03-09,2026-03-01,13,2,Вторник,0,Первая половина,CUST-0218,R02,Санкт-Петербург,Северо-Запад,team_b,phone,account,high,16.2,15–30 мин,15.2,8–24 ч,1,SLA нарушен,4.3,Средняя,b2c,2025-08-11,silver,0,1,other,high,sla_breached
TCK-001153,2026-04-01 15:03:00,2026-04-01,2026-03-30,2026-04-01,15,3,Среда,0,Первая половина,CUST-0078,R06,Ростов-на-Дону,Юг,team_f,phone,payment,critical,3.6,До 5 мин,22.1,8–24 ч,1,SLA нарушен,4.3,Средняя,b2c,2024-09-20,bronze,0,1,other,other,sla_breached
TCK-001368,2026-06-03 11:13:00,2026-06-03,2026-06-01,2026-06-01,11,3,Среда,0,Вторая половина,CUST-0030,R07,Нижний Новгород,Поволжье,team_c,chat,account,critical,1.0,До 5 мин,25.0,24–48 ч,1,SLA нарушен,3.9,Средняя,b2b,2025-09-10,silver,0,1,chat,other,sla_breached
TCK-000521,2026-05-29 09:06:00,2026-05-29,2026-05-25,2026-05-01,9,5,Пятница,0,Вторая половина,CUST-0151,R01,Москва,Центр,team_a,web_form,login,normal,2.6,До 5 мин,2.5,До 8 ч,0,SLA выполнен,5.0,Высокая,b2b,2024-02-04,gold,0,1,other,normal,sla_ok
TCK-000065,2026-03-24 17:37:00,2026-03-24,2026-03-23,2026-03-01,17,2,Вторник,0,Первая половина,CUST-0324,R02,Санкт-Петербург,Северо-Запад,team_b,chat,technical,normal,10.7,5–15 мин,15.2,8–24 ч,0,SLA выполнен,4.7,Высокая,b2c,2025-05-26,silver,0,1,chat,normal,sla_ok
TCK-000015,2026-03-19 10:52:00,2026-03-19,2026-03-16,2026-03-01,10,4,Четверг,0,Первая половина,CUST-0055,R04,Екатеринбург,Урал,team_d,chat,technical,normal,6.7,5–15 мин,80.9,Более 72 ч,1,SLA нарушен,1.6,Низкая,b2b,2025-12-27,silver,0,1,chat,normal,sla_breached
TCK-001181,2026-04-17 17:20:00,2026-04-17,2026-04-13,2026-04-01,17,5,Пятница,0,Первая половина,CUST-0114,R02,Санкт-Петербург,Северо-Запад,team_b,chat,payment,low,6.5,5–15 мин,6.1,До 8 ч,0,SLA выполнен,5.0,Высокая,b2c,2025-07-21,silver,0,1,chat,other,sla_ok
TCK-001065,2026-03-09 09:41:00,2026-03-09,2026-03-09,2026-03-01,9,1,Понедельник,0,Первая половина,CUST-0157,R03,Казань,Поволжье,team_c,web_form,account,critical,5.8,5–15 мин,14.0,8–24 ч,1,SLA нарушен,3.7,Средняя,b2c,2024-02-04,silver,0,1,other,other,sla_breached
TCK-000493,2026-04-13 20:13:00,2026-04-13,2026-04-13,2026-04-01,20,1,Понедельник,0,Первая половина,CUST-0052,R01,Москва,Центр,team_a,chat,technical,critical,8.4,5–15 мин,33.3,24–48 ч,1,SLA нарушен,3.8,Средняя,b2c,2025-02-16,bronze,0,1,chat,other,sla_breached
TCK-000380,2026-04-15 18:41:00,2026-04-15,2026-04-13,2026-04-01,18,3,Среда,0,Первая половина,CUST-0163,R01,Москва,Центр,team_a,chat,technical,normal,13.1,5–15 мин,5.1,До 8 ч,0,SLA выполнен,5.0,Высокая,b2c,2024-04-17,bronze,0,1,chat,normal,sla_ok
TCK-000188,2026-05-19 08:44:00,2026-05-19,2026-05-18,2026-05-01,8,2,Вторник,0,Вторая половина,CUST-0186,R06,Ростов-на-Дону,Юг,team_f,chat,payment,critical,4.2,До 5 мин,8.2,8–24 ч,1,SLA нарушен,4.5,Высокая,b2c,2024-01-05,bronze,0,1,chat,other,sla_breached
TCK-000764,2026-03-23 21:05:00,2026-03-23,2026-03-23,2026-03-01,21,1,Понедельник,0,Первая половина,CUST-0230,R02,Санкт-Петербург,Северо-Запад,team_b,chat,account,normal,5.6,5–15 мин,4.6,До 8 ч,0,SLA выполнен,5.0,Высокая,b2c,2024-08-01,bronze,0,1,chat,normal,sla_ok
TCK-000217,2026-05-12 10:01:00,2026-05-12,2026-05-11,2026-05-01,10,2,Вторник,0,Вторая половина,CUST-0102,R06,Ростов-на-Дону,Юг,team_f,web_form,payment,critical,17.6,15–30 мин,27.4,24–48 ч,0,SLA выполнен,4.9,Высокая,b2b,2025-03-12,gold,0,1,other,other,sla_ok
TCK-000792,2026-05-19 15:17:00,2026-05-19,2026-05-18,2026-05-01,15,2,Вторник,0,Вторая половина,CUST-0314,R02,Санкт-Петербург,Северо-Запад,team_b,email,payment,low,24.7,15–30 мин,10.0,8–24 ч,0,SLA выполнен,3.6,Средняя,b2c,2025-01-09,bronze,0,1,email,other,sla_ok
TCK-001077,2026-03-02 14:16:00,2026-03-02,2026-03-02,2026-03-01,14,1,Понедельник,0,Первая половина,CUST-0289,R01,Москва,Центр,team_a,chat,login,critical,1.8,До 5 мин,10.4,8–24 ч,1,SLA нарушен,4.3,Средняя,b2c,2026-01-18,silver,0,1,chat,other,sla_breached
TCK-000879,2026-06-07 20:06:00,2026-06-07,2026-06-01,2026-06-01,20,7,Воскресенье,1,Вторая половина,CUST-0225,R01,Москва,Центр,team_a,email,delivery,normal,39.4,30–60 мин,18.1,8–24 ч,0,SLA выполнен,4.4,Средняя,b2c,2025-10-04,gold,0,1,email,normal,sla_ok
TCK-000338,2026-05-18 18:24:00,2026-05-18,2026-05-18,2026-05-01,18,1,Понедельник,0,Вторая половина,CUST-0262,R01,Москва,Центр,team_a,phone,technical,normal,6.5,5–15 мин,217.9,Более 72 ч,1,SLA нарушен,4.2,Средняя,b2b,2025-03-28,silver,0,1,other,normal,sla_breached
TCK-000720,2026-04-13 11:52:00,2026-04-13,2026-04-13,2026-04-01,11,1,Понедельник,0,Первая половина,CUST-0222,R05,Новосибирск,Сибирь,team_e,phone,payment,normal,20.2,15–30 мин,17.4,8–24 ч,0,SLA выполнен,4.6,Высокая,b2c,2025-11-03,silver,0,1,other,normal,sla_ok
TCK-000296,2026-06-08 21:14:00,2026-06-08,2026-06-08,2026-06-01,21,1,Понедельник,0,Вторая половина,CUST-0275,R01,Москва,Центр,team_a,web_form,payment,normal,29.6,15–30 мин,13.3,8–24 ч,0,SLA выполнен,4.4,Средняя,b2b,2024-12-15,gold,0,1,other,normal,sla_ok
TCK-001017,2026-03-29 14:19:00,2026-03-29,2026-03-23,2026-03-01,14,7,Воскресенье,1,Первая половина,CUST-0046,R08,Краснодар,Юг,team_f,chat,technical,normal,4.0,До 5 мин,34.2,24–48 ч,0,SLA выполнен,4.3,Средняя,b2b,2025-03-22,platinum,0,1,chat,normal,sla_ok
TCK-001276,2026-03-21 10:33:00,2026-03-21,2026-03-16,2026-03-01,10,6,Суббота,1,Первая половина,CUST-0283,R05,Новосибирск,Сибирь,team_e,web_form,login,normal,36.3,30–60 мин,2.5,До 8 ч,0,SLA выполнен,4.7,Высокая,b2c,2025-12-22,bronze,0,1,other,normal,sla_ok
TCK-000456,2026-05-02 16:48:00,2026-05-02,2026-04-27,2026-05-01,16,6,Суббота,1,Вторая половина,CUST-0145,R01,Москва,Центр,team_a,email,delivery,normal,12.8,5–15 мин,6.4,До 8 ч,0,SLA выполнен,5.0,Высокая,b2c,2025-08-06,silver,0,1,email,normal,sla_ok
TCK-000816,2026-05-23 12:59:00,2026-05-23,2026-05-18,2026-05-01,12,6,Суббота,1,Вторая половина,CUST-0241,R08,Краснодар,Юг,team_f,email,technical,normal,58.0,30–60 мин,5.9,До 8 ч,0,SLA выполнен,4.9,Высокая,b2b,2024-01-04,gold,0,1,email,normal,sla_ok
TCK-000270,2026-05-26 21:49:00,2026-05-26,2026-05-25,2026-05-01,21,2,Вторник,0,Вторая половина,CUST-0227,R05,Новосибирск,Сибирь,team_e,chat,refund,low,16.9,15–30 мин,35.2,24–48 ч,0,SLA выполнен,4.3,Средняя,b2c,2024-02-11,bronze,0,1,chat,other,sla_ok
TCK-000996,2026-04-25 20:37:00,2026-04-25,2026-04-20,2026-04-01,20,6,Суббота,1,Вторая половина,CUST-0219,R05,Новосибирск,Сибирь,team_e,web_form,payment,normal,13.4,5–15 мин,13.7,8–24 ч,0,SLA выполнен,5.0,Высокая,vip,2025-03-09,platinum,1,1,other,normal,sla_ok
TCK-000202,2026-05-10 20:01:00,2026-05-10,2026-05-04,2026-05-01,20,7,Воскресенье,1,Вторая половина,CUST-0283,R01,Москва,Центр,team_a,email,technical,normal,32.6,30–60 мин,68.1,48–72 ч,1,SLA нарушен,1.4,Низкая,b2c,2025-12-22,bronze,0,1,email,normal,sla_breached
TCK-000162,2026-04-20 20:04:00,2026-04-20,2026-04-20,2026-04-01,20,1,Понедельник,0,Вторая половина,CUST-0099,R04,Екатеринбург,Урал,team_d,chat,payment,high,6.9,5–15 мин,36.1,24–48 ч,1,SLA нарушен,3.4,Средняя,b2c,2024-04-11,silver,0,1,chat,high,sla_breached
TCK-000730,2026-06-01 21:15:00,2026-06-01,2026-06-01,2026-06-01,21,1,Понедельник,0,Вторая половина,CUST-0177,R01,Москва,Центр,team_a,phone,delivery,normal,2.0,До 5 мин,16.3,8–24 ч,0,SLA выполнен,4.6,Высокая,b2c,2025-09-30,silver,0,1,other,normal,sla_ok
TCK-000402,2026-03-13 08:09:00,2026-03-13,2026-03-09,2026-03-01,8,5,Пятница,0,Первая половина,CUST-0007,R02,Санкт-Петербург,Северо-Запад,team_b,chat,refund,high,10.4,5–15 мин,22.7,8–24 ч,1,SLA нарушен,4.7,Высокая,b2b,2025-02-01,gold,0,1,chat,high,sla_breached
TCK-000703,2026-05-21 11:04:00,2026-05-21,2026-05-18,2026-05-01,11,4,Четверг,0,Вторая половина,CUST-0082,R01,Москва,Центр,team_a,phone,refund,normal,20.6,15–30 мин,40.9,24–48 ч,1,SLA нарушен,3.1,Средняя,b2c,2025-08-25,gold,0,1,other,normal,sla_breached
TCK-001130,2026-03-20 20:16:00,2026-03-20,2026-03-16,2026-03-01,20,5,Пятница,0,Первая половина,CUST-0316,R04,Екатеринбург,Урал,team_d,chat,payment,high,1.5,До 5 мин,8.1,8–24 ч,0,SLA выполнен,5.0,Высокая,b2c,2024-06-27,bronze,0,1,chat,high,sla_ok
TCK-000566,2026-04-16 12:35:00,2026-04-16,2026-04-13,2026-04-01,12,4,Четверг,0,Первая половина,CUST-0251,R03,Казань,Поволжье,team_c,phone,login,high,1.3,До 5 мин,4.9,До 8 ч,0,SLA выполнен,4.9,Высокая,b2c,2025-08-31,bronze,0,1,other,high,sla_ok
TCK-001414,2026-05-07 20:00:00,2026-05-07,2026-05-04,2026-05-01,20,4,Четверг,0,Вторая половина,CUST-0300,R05,Новосибирск,Сибирь,team_e,chat,account,low,6.8,5–15 мин,6.6,До 8 ч,0,SLA выполнен,4.3,Средняя,b2c,2024-11-21,bronze,0,1,chat,other,sla_ok
TCK-001022,2026-06-08 18:15:00,2026-06-08,2026-06-08,2026-06-01,18,1,Понедельник,0,Вторая половина,CUST-0109,R02,Санкт-Петербург,Северо-Запад,team_b,email,delivery,high,30.8,30–60 мин,43.7,24–48 ч,1,SLA нарушен,2.6,Низкая,b2c,2024-04-20,silver,0,1,email,high,sla_breached
TCK-001026,2026-04-01 20:34:00,2026-04-01,2026-03-30,2026-04-01,20,3,Среда,0,Первая половина,CUST-0226,R02,Санкт-Петербург,Северо-Запад,team_b,chat,delivery,high,5.5,5–15 мин,30.4,24–48 ч,1,SLA нарушен,4.4,Средняя,vip,2025-08-03,platinum,1,1,chat,high,sla_breached
TCK-001412,2026-03-25 16:37:00,2026-03-25,2026-03-23,2026-03-01,16,3,Среда,0,Первая половина,CUST-0098,R07,Нижний Новгород,Поволжье,team_c,phone,login,low,21.8,15–30 мин,3.0,До 8 ч,0,SLA выполнен,,,b2c,2024-10-29,bronze,0,1,other,other,sla_ok
TCK-001105,2026-03-31 11:03:00,2026-03-31,2026-03-30,2026-03-01,11,2,Вторник,0,Первая половина,CUST-0051,R01,Москва,Центр,team_a,phone,technical,normal,9.9,5–15 мин,22.9,8–24 ч,0,SLA выполнен,4.4,Средняя,b2c,2025-06-20,,0,1,other,normal,sla_ok
TCK-000206,2026-03-17 08:56:00,2026-03-17,2026-03-16,2026-03-01,8,2,Вторник,0,Первая половина,CUST-0093,R01,Москва,Центр,team_a,phone,login,high,11.4,5–15 мин,7.6,До 8 ч,0,SLA выполнен,4.6,Высокая,b2c,2024-03-09,bronze,0,1,other,high,sla_ok
TCK-000035,2026-03-13 08:57:00,2026-03-13,2026-03-09,2026-03-01,8,5,Пятница,0,Первая половина,CUST-0299,R04,Екатеринбург,Урал,team_d,email,technical,normal,24.5,15–30 мин,4.9,До 8 ч,0,SLA выполнен,4.9,Высокая,b2b,2026-02-06,silver,0,1,email,normal,sla_ok
TCK-000776,2026-04-20 20:30:00,2026-04-20,2026-04-20,2026-04-01,20,1,Понедельник,0,Вторая половина,CUST-0096,R03,Казань,Поволжье,team_c,web_form,account,high,22.2,15–30 мин,4.5,До 8 ч,0,SLA выполнен,3.6,Средняя,b2c,2024-12-11,gold,0,1,other,high,sla_ok
TCK-000509,2026-04-24 10:52:00,2026-04-24,2026-04-20,2026-04-01,10,5,Пятница,0,Вторая половина,CUST-0145,R07,Нижний Новгород,Поволжье,team_c,email,payment,high,84.4,Более 60 мин,42.6,24–48 ч,1,SLA нарушен,1.4,Низкая,b2c,2025-08-06,silver,0,1,email,high,sla_breached
TCK-001486,2026-06-02 17:17:00,2026-06-02,2026-06-01,2026-06-01,17,2,Вторник,0,Вторая половина,CUST-0116,R08,Краснодар,Юг,team_f,chat,refund,normal,17.7,15–30 мин,27.9,24–48 ч,1,SLA нарушен,4.2,Средняя,b2b,2026-01-21,gold,0,1,chat,normal,sla_breached
TCK-001391,2026-06-01 16:45:00,2026-06-01,2026-06-01,2026-06-01,16,1,Понедельник,0,Вторая половина,CUST-0008,R02,Санкт-Петербург,Северо-Запад,team_b,email,delivery,normal,90.0,Более 60 мин,5.7,До 8 ч,0,SLA выполнен,3.5,Средняя,b2b,2025-11-10,platinum,0,1,email,normal,sla_ok
TCK-000092,2026-03-31 14:43:00,2026-03-31,2026-03-30,2026-03-01,14,2,Вторник,0,Первая половина,CUST-0129,R08,Краснодар,Юг,team_f,email,technical,low,50.2,30–60 мин,17.3,8–24 ч,0,SLA выполнен,3.7,Средняя,b2c,2025-03-06,bronze,0,1,email,other,sla_ok
TCK-001364,2026-04-27 20:25:00,2026-04-27,2026-04-27,2026-04-01,20,1,Понедельник,0,Вторая половина,CUST-0051,R01,Москва,Центр,team_a,email,login,normal,18.3,15–30 мин,9.7,8–24 ч,0,SLA выполнен,5.0,Высокая,b2c,2025-06-20,,0,1,email,normal,sla_ok
TCK-000898,2026-03-07 09:01:00,2026-03-07,2026-03-02,2026-03-01,9,6,Суббота,1,Первая половина,CUST-0189,R01,Москва,Центр,team_a,web_form,delivery,normal,28.3,15–30 мин,30.9,24–48 ч,1,SLA нарушен,3.7,Средняя,b2b,2025-10-09,gold,0,1,other,normal,sla_breached
TCK-000565,2026-05-02 14:19:00,2026-05-02,2026-04-27,2026-05-01,14,6,Суббота,1,Вторая половина,CUST-0210,R01,Москва,Центр,team_a,chat,account,critical,2.2,До 5 мин,18.9,8–24 ч,1,SLA нарушен,4.3,Средняя,b2c,2024-02-01,bronze,0,1,chat,other,sla_breached
TCK-001370,2026-03-24 16:13:00,2026-03-24,2026-03-23,2026-03-01,16,2,Вторник,0,Первая половина,CUST-0206,R01,Москва,Центр,team_a,email,login,normal,23.1,15–30 мин,3.5,До 8 ч,0,SLA выполнен,4.2,Средняя,b2c,2025-07-05,bronze,0,1,email,normal,sla_ok
TCK-000777,2026-03-31 19:26:00,2026-03-31,2026-03-30,2026-03-01,19,2,Вторник,0,Первая половина,CUST-0163,R01,Москва,Центр,team_a,web_form,login,high,20.0,15–30 мин,25.0,24–48 ч,1,SLA нарушен,3.9,Средняя,b2c,2024-04-17,bronze,0,1,other,high,sla_breached
TCK-000242,2026-04-08 19:31:00,2026-04-08,2026-04-06,2026-04-01,19,3,Среда,0,Первая половина,CUST-0167,R04,Екатеринбург,Урал,team_d,email,login,normal,122.8,Более 60 мин,3.9,До 8 ч,0,SLA выполнен,4.3,Средняя,b2b,2025-06-21,gold,0,1,email,normal,sla_ok
TCK-000014,2026-05-13 12:23:00,2026-05-13,2026-05-11,2026-05-01,12,3,Среда,0,Вторая половина,CUST-0158,R02,Санкт-Петербург,Северо-Запад,team_b,phone,technical,normal,27.3,15–30 мин,26.6,24–48 ч,1,SLA нарушен,3.0,Средняя,b2c,2024-03-25,silver,0,1,other,normal,sla_breached
TCK-000316,2026-05-31 10:56:00,2026-05-31,2026-05-25,2026-05-01,10,7,Воскресенье,1,Вторая половина,CUST-0179,R05,Новосибирск,Сибирь,team_e,email,payment,normal,119.6,Более 60 мин,7.1,До 8 ч,0,SLA выполнен,2.9,Низкая,b2b,2024-01-12,gold,0,1,email,normal,sla_ok
TCK-000601,2026-03-26 16:33:00,2026-03-26,2026-03-23,2026-03-01,16,4,Четверг,0,Первая половина,CUST-0211,R01,Москва,Центр,team_a,email,payment,low,108.6,Более 60 мин,148.6,Более 72 ч,1,SLA нарушен,4.0,Средняя,b2b,2024-12-26,gold,0,1,email,other,sla_breached
TCK-000388,2026-03-26 08:24:00,2026-03-26,2026-03-23,2026-03-01,8,4,Четверг,0,Первая половина,CUST-0082,R01,Москва,Центр,team_a,chat,login,normal,6.1,5–15 мин,7.0,До 8 ч,0,SLA выполнен,5.0,Высокая,b2c,2025-08-25,gold,0,1,chat,normal,sla_ok
TCK-001298,2026-05-19 18:26:00,2026-05-19,2026-05-18,2026-05-01,18,2,Вторник,0,Вторая половина,CUST-0108,R04,Екатеринбург,Урал,team_d,chat,login,high,7.9,5–15 мин,18.1,8–24 ч,1,SLA нарушен,4.2,Средняя,b2c,2025-01-13,gold,0,1,chat,high,sla_breached
TCK-000167,2026-03-09 11:05:00,2026-03-09,2026-03-09,2026-03-01,11,1,Понедельник,0,Первая половина,CUST-0312,R01,Москва,Центр,team_a,phone,payment,high,2.4,До 5 мин,5.7,До 8 ч,0,SLA выполнен,4.6,Высокая,b2c,2024-11-26,silver,0,1,other,high,sla_ok
TCK-000841,2026-05-21 09:38:00,2026-05-21,2026-05-18,2026-05-01,9,4,Четверг,0,Вторая половина,CUST-0274,R01,Москва,Центр,team_a,phone,delivery,normal,9.3,5–15 мин,17.9,8–24 ч,0,SLA выполнен,5.0,Высокая,b2c,2025-05-27,bronze,0,1,other,normal,sla_ok
TCK-000021,2026-03-26 12:57:00,2026-03-26,2026-03-23,2026-03-01,12,4,Четверг,0,Первая половина,CUST-0118,R05,Новосибирск,Сибирь,team_e,email,refund,low,150.3,Более 60 мин,42.6,24–48 ч,0,SLA выполнен,1.5,Низкая,b2b,2024-04-03,platinum,0,1,email,other,sla_ok
TCK-000647,2026-04-18 13:30:00,2026-04-18,2026-04-13,2026-04-01,13,6,Суббота,1,Первая половина,CUST-0062,R02,Санкт-Петербург,Северо-Запад,team_b,email,account,normal,34.9,30–60 мин,10.5,8–24 ч,0,SLA выполнен,4.5,Высокая,b2c,2026-01-05,,0,1,email,normal,sla_ok
TCK-001155,2026-06-08 17:12:00,2026-06-08,2026-06-08,2026-06-01,17,1,Понедельник,0,Вторая половина,CUST-0122,R02,Санкт-Петербург,Северо-Запад,team_b,web_form,refund,normal,10.6,5–15 мин,2.5,До 8 ч,0,SLA выполнен,4.3,Средняя,b2c,2025-05-18,silver,0,1,other,normal,sla_ok
TCK-000832,2026-05-27 21:24:00,2026-05-27,2026-05-25,2026-05-01,21,3,Среда,0,Вторая половина,CUST-0262,R02,Санкт-Петербург,Северо-Запад,team_b,email,technical,normal,17.2,15–30 мин,31.2,24–48 ч,1,SLA нарушен,3.0,Средняя,b2b,2025-03-28,silver,0,1,email,normal,sla_breached
TCK-001268,2026-03-17 19:24:00,2026-03-17,2026-03-16,2026-03-01,19,2,Вторник,0,Первая половина,CUST-0138,R03,Казань,Поволжье,team_c,chat,login,low,6.1,5–15 мин,2.5,До 8 ч,0,SLA выполнен,5.0,Высокая,b2c,2024-12-28,bronze,0,1,chat,other,sla_ok
TCK-000563,2026-04-29 11:18:00,2026-04-29,2026-04-27,2026-04-01,11,3,Среда,0,Вторая половина,CUST-0038,R03,Казань,Поволжье,team_c,chat,login,normal,7.6,5–15 мин,11.2,8–24 ч,0,SLA выполнен,5.0,Высокая,b2c,2025-04-11,bronze,0,1,chat,normal,sla_ok
TCK-001471,2026-04-20 18:41:00,2026-04-20,2026-04-20,2026-04-01,18,1,Понедельник,0,Вторая половина,CUST-0223,R06,Ростов-на-Дону,Юг,team_f,chat,refund,high,3.0,До 5 мин,35.2,24–48 ч,1,SLA нарушен,,,b2c,2024-12-20,bronze,0,1,chat,high,sla_breached
TCK-000687,2026-04-05 14:05:00,2026-04-05,2026-03-30,2026-04-01,14,7,Воскресенье,1,Первая половина,CUST-0257,R02,Санкт-Петербург,Северо-Запад,team_b,chat,refund,low,17.3,15–30 мин,5.0,До 8 ч,0,SLA выполнен,5.0,Высокая,b2b,2025-03-04,silver,0,1,chat,other,sla_ok
TCK-000958,2026-04-07 10:04:00,2026-04-07,2026-04-06,2026-04-01,10,2,Вторник,0,Первая половина,CUST-0115,R03,Казань,Поволжье,team_c,chat,refund,normal,2.7,До 5 мин,29.2,24–48 ч,1,SLA нарушен,3.9,Средняя,b2c,2025-10-30,bronze,0,1,chat,normal,sla_breached
TCK-000190,2026-04-29 19:41:00,2026-04-29,2026-04-27,2026-04-01,19,3,Среда,0,Вторая половина,CUST-0187,R04,Екатеринбург,Урал,team_d,web_form,technical,normal,37.7,30–60 мин,36.4,24–48 ч,1,SLA нарушен,3.7,Средняя,b2c,2024-05-03,bronze,0,1,other,normal,sla_breached
TCK-000976,2026-03-12 17:59:00,2026-03-12,2026-03-09,2026-03-01,17,4,Четверг,0,Первая половина,CUST-0030,R08,Краснодар,Юг,team_f,email,technical,low,60.8,Более 60 мин,18.1,8–24 ч,0,SLA выполнен,3.7,Средняя,b2b,2025-09-10,silver,0,1,email,other,sla_ok
TCK-000700,2026-05-14 09:26:00,2026-05-14,2026-05-11,2026-05-01,9,4,Четверг,0,Вторая половина,CUST-0102,R01,Москва,Центр,team_a,email,login,low,119.8,Более 60 мин,1.4,До 8 ч,0,SLA выполнен,3.1,Средняя,b2b,2025-03-12,gold,0,1,email,other,sla_ok
TCK-000511,2026-06-07 14:17:00,2026-06-07,2026-06-01,2026-06-01,14,7,Воскресенье,1,Вторая половина,CUST-0161,R03,Казань,Поволжье,team_c,phone,delivery,normal,15.9,15–30 мин,10.4,8–24 ч,0,SLA выполнен,4.5,Высокая,b2c,2024-01-19,bronze,0,1,other,normal,sla_ok
TCK-001083,2026-05-11 09:40:00,2026-05-11,2026-05-11,2026-05-01,9,1,Понедельник,0,Вторая половина,CUST-0008,R07,Нижний Новгород,Поволжье,team_c,phone,delivery,high,5.6,5–15 мин,19.0,8–24 ч,1,SLA нарушен,4.0,Средняя,b2b,2025-11-10,platinum,0,1,other,high,sla_breached
TCK-000475,2026-03-07 08:00:00,2026-03-07,2026-03-02,2026-03-01,8,6,Суббота,1,Первая половина,CUST-0208,R03,Казань,Поволжье,team_c,web_form,login,low,14.5,5–15 мин,8.3,8–24 ч,0,SLA выполнен,,,b2c,2025-10-24,bronze,0,1,other,other,sla_ok
TCK-000857,2026-05-21 20:42:00,2026-05-21,2026-05-18,2026-05-01,20,4,Четверг,0,Вторая половина,CUST-0034,R07,Нижний Новгород,Поволжье,team_c,email,technical,low,65.7,Более 60 мин,10.3,8–24 ч,0,SLA выполнен,3.7,Средняя,b2c,2026-01-17,silver,0,1,email,other,sla_ok
TCK-000748,2026-04-07 12:11:00,2026-04-07,2026-04-06,2026-04-01,12,2,Вторник,0,Первая половина,CUST-0187,R01,Москва,Центр,team_a,phone,login,high,4.9,До 5 мин,2.4,До 8 ч,0,SLA выполнен,5.0,Высокая,b2c,2024-05-03,bronze,0,1,other,high,sla_ok
TCK-000253,2026-05-20 15:05:00,2026-05-20,2026-05-18,2026-05-01,15,3,Среда,0,Вторая половина,CUST-0182,R03,Казань,Поволжье,team_c,email,account,high,15.1,15–30 мин,4.1,До 8 ч,0,SLA выполнен,4.5,Высокая,b2b,2025-06-02,platinum,0,1,email,high,sla_ok
TCK-000022,2026-04-23 08:07:00,2026-04-23,2026-04-20,2026-04-01,8,4,Четверг,0,Вторая половина,CUST-0183,R05,Новосибирск,Сибирь,team_e,chat,refund,normal,3.6,До 5 мин,60.5,48–72 ч,1,SLA нарушен,2.5,Низкая,b2c,2025-12-19,bronze,0,1,chat,normal,sla_breached
TCK-001338,2026-04-01 14:45:00,2026-04-01,2026-03-30,2026-04-01,14,3,Среда,0,Первая половина,CUST-0013,R01,Москва,Центр,team_a,email,delivery,normal,43.0,30–60 мин,28.6,24–48 ч,1,SLA нарушен,2.9,Низкая,b2c,2025-05-17,silver,0,1,email,normal,sla_breached
TCK-000460,2026-04-08 11:47:00,2026-04-08,2026-04-06,2026-04-01,11,3,Среда,0,Первая половина,CUST-0058,R03,Казань,Поволжье,team_c,email,login,low,61.5,Более 60 мин,8.9,8–24 ч,0,SLA выполнен,3.3,Средняя,b2c,2025-01-23,bronze,0,1,email,other,sla_ok
TCK-001185,2026-05-06 16:52:00,2026-05-06,2026-05-04,2026-05-01,16,3,Среда,0,Вторая половина,CUST-0156,R06,Ростов-на-Дону,Юг,team_f,email,payment,normal,5.9,5–15 мин,5.7,До 8 ч,0,SLA выполнен,4.8,Высокая,b2c,2025-10-23,bronze,0,1,email,normal,sla_ok
TCK-000277,2026-03-20 20:48:00,2026-03-20,2026-03-16,2026-03-01,20,5,Пятница,0,Первая половина,CUST-0265,R02,Санкт-Петербург,Северо-Запад,team_b,chat,login,critical,2.0,До 5 мин,11.1,8–24 ч,1,SLA нарушен,4.4,Средняя,vip,2024-07-15,platinum,1,1,chat,other,sla_breached
TCK-000956,2026-03-11 10:36:00,2026-03-11,2026-03-09,2026-03-01,10,3,Среда,0,Первая половина,CUST-0127,R04,Екатеринбург,Урал,team_d,phone,refund,normal,22.4,15–30 мин,33.3,24–48 ч,1,SLA нарушен,3.9,Средняя,b2c,2024-01-26,bronze,0,1,other,normal,sla_breached
TCK-001216,2026-04-09 19:14:00,2026-04-09,2026-04-06,2026-04-01,19,4,Четверг,0,Первая половина,CUST-0046,R08,Краснодар,Юг,team_f,web_form,payment,normal,20.1,15–30 мин,7.5,До 8 ч,0,SLA выполнен,,,b2b,2025-03-22,platinum,0,1,other,normal,sla_ok
TCK-000386,2026-03-09 21:10:00,2026-03-09,2026-03-09,2026-03-01,21,1,Понедельник,0,Первая половина,CUST-0013,R01,Москва,Центр,team_a,phone,login,normal,9.9,5–15 мин,6.2,До 8 ч,0,SLA выполнен,4.5,Высокая,b2c,2025-05-17,silver,0,1,other,normal,sla_ok
TCK-000806,2026-05-17 19:13:00,2026-05-17,2026-05-11,2026-05-01,19,7,Воскресенье,1,Вторая половина,CUST-0249,R07,Нижний Новгород,Поволжье,team_c,chat,delivery,normal,13.3,5–15 мин,7.2,До 8 ч,0,SLA выполнен,4.9,Высокая,b2c,2024-10-20,bronze,0,1,chat,normal,sla_ok
TCK-001438,2026-05-06 19:04:00,2026-05-06,2026-05-04,2026-05-01,19,3,Среда,0,Вторая половина,CUST-0007,R05,Новосибирск,Сибирь,team_e,web_form,account,low,73.0,Более 60 мин,8.1,8–24 ч,0,SLA выполнен,3.9,Средняя,b2b,2025-02-01,gold,0,1,other,other,sla_ok
TCK-000344,2026-04-13 19:16:00,2026-04-13,2026-04-13,2026-04-01,19,1,Понедельник,0,Первая половина,CUST-0113,R03,Казань,Поволжье,team_c,web_form,account,critical,7.8,5–15 мин,6.5,До 8 ч,1,SLA нарушен,3.5,Средняя,b2c,2024-01-04,bronze,0,1,other,other,sla_breached
TCK-000770,2026-05-25 13:28:00,2026-05-25,2026-05-25,2026-05-01,13,1,Понедельник,0,Вторая половина,CUST-0031,R01,Москва,Центр,team_a,phone,technical,normal,14.0,5–15 мин,13.1,8–24 ч,0,SLA выполнен,4.5,Высокая,b2b,2026-02-26,silver,0,1,other,normal,sla_ok
TCK-001333,2026-05-31 09:12:00,2026-05-31,2026-05-25,2026-05-01,9,7,Воскресенье,1,Вторая половина,CUST-0212,R03,Казань,Поволжье,team_c,email,technical,normal,63.4,Более 60 мин,15.6,8–24 ч,0,SLA выполнен,,,b2c,2024-06-08,silver,0,1,email,normal,sla_ok
TCK-000131,2026-06-04 09:51:00,2026-06-04,2026-06-01,2026-06-01,9,4,Четверг,0,Вторая половина,CUST-0325,R01,Москва,Центр,team_a,phone,login,low,54.7,30–60 мин,8.7,8–24 ч,0,SLA выполнен,3.8,Средняя,b2b,2025-04-08,silver,0,1,other,other,sla_ok
TCK-000872,2026-06-08 19:48:00,2026-06-08,2026-06-08,2026-06-01,19,1,Понедельник,0,Вторая половина,CUST-0206,R03,Казань,Поволжье,team_c,chat,technical,normal,5.8,5–15 мин,11.7,8–24 ч,0,SLA выполнен,4.6,Высокая,b2c,2025-07-05,bronze,0,1,chat,normal,sla_ok
TCK-001124,2026-03-11 18:40:00,2026-03-11,2026-03-09,2026-03-01,18,3,Среда,0,Первая половина,CUST-0173,R01,Москва,Центр,team_a,chat,technical,normal,9.1,5–15 мин,22.8,8–24 ч,0,SLA выполнен,3.9,Средняя,b2c,2024-12-24,gold,0,1,chat,normal,sla_ok
TCK-001397,2026-04-09 08:50:00,2026-04-09,2026-04-06,2026-04-01,8,4,Четверг,0,Первая половина,CUST-0303,R08,Краснодар,Юг,team_f,phone,technical,normal,11.3,5–15 мин,34.5,24–48 ч,1,SLA нарушен,3.4,Средняя,b2c,2025-10-25,bronze,0,1,other,normal,sla_breached
TCK-000088,2026-05-27 10:15:00,2026-05-27,2026-05-25,2026-05-01,10,3,Среда,0,Вторая половина,CUST-0064,R05,Новосибирск,Сибирь,team_e,web_form,delivery,high,21.1,15–30 мин,13.9,8–24 ч,1,SLA нарушен,4.4,Средняя,b2b,2024-04-04,gold,0,1,other,high,sla_breached
TCK-001483,2026-03-23 20:43:00,2026-03-23,2026-03-23,2026-03-01,20,1,Понедельник,0,Первая половина,CUST-0245,R01,Москва,Центр,team_a,chat,account,high,2.3,До 5 мин,3.9,До 8 ч,0,SLA выполнен,5.0,Высокая,b2c,2024-12-28,bronze,0,1,chat,high,sla_ok
TCK-000331,2026-03-19 19:52:00,2026-03-19,2026-03-16,2026-03-01,19,4,Четверг,0,Первая половина,CUST-0184,R07,Нижний Новгород,Поволжье,team_c,phone,payment,high,11.6,5–15 мин,13.3,8–24 ч,1,SLA нарушен,4.2,Средняя,b2c,2024-01-29,bronze,0,1,other,high,sla_breached
TCK-001239,2026-04-03 10:34:00,2026-04-03,2026-03-30,2026-04-01,10,5,Пятница,0,Первая половина,CUST-0109,R01,Москва,Центр,team_a,email,technical,normal,29.4,15–30 мин,23.5,8–24 ч,0,SLA выполнен,4.1,Средняя,b2c,2024-04-20,silver,0,1,email,normal,sla_ok
TCK-000467,2026-03-27 08:44:00,2026-03-27,2026-03-23,2026-03-01,8,5,Пятница,0,Первая половина,CUST-0297,R07,Нижний Новгород,Поволжье,team_c,email,delivery,normal,3.2,До 5 мин,18.7,8–24 ч,0,SLA выполнен,4.1,Средняя,vip,2024-11-12,platinum,1,1,email,normal,sla_ok
TCK-000122,2026-05-30 12:16:00,2026-05-30,2026-05-25,2026-05-01,12,6,Суббота,1,Вторая половина,CUST-0139,R07,Нижний Новгород,Поволжье,team_c,email,account,normal,86.1,Более 60 мин,10.9,8–24 ч,0,SLA выполнен,4.2,Средняя,b2b,2024-09-06,silver,0,1,email,normal,sla_ok
TCK-001045,2026-04-30 21:00:00,2026-04-30,2026-04-27,2026-04-01,21,4,Четверг,0,Вторая половина,CUST-0061,R01,Москва,Центр,team_a,email,payment,critical,9.2,5–15 мин,18.6,8–24 ч,1,SLA нарушен,3.7,Средняя,b2c,2024-04-19,bronze,0,1,email,other,sla_breached
TCK-001096,2026-04-20 10:45:00,2026-04-20,2026-04-20,2026-04-01,10,1,Понедельник,0,Вторая половина,CUST-0092,R05,Новосибирск,Сибирь,team_e,chat,login,normal,2.0,До 5 мин,0.9,До 8 ч,0,SLA выполнен,4.7,Высокая,b2b,2024-04-26,silver,0,1,chat,normal,sla_ok
TCK-001131,2026-05-18 16:14:00,2026-05-18,2026-05-18,2026-05-01,16,1,Понедельник,0,Вторая половина,CUST-0106,R05,Новосибирск,Сибирь,team_e,chat,account,low,1.0,До 5 мин,12.0,8–24 ч,0,SLA выполнен,5.0,Высокая,b2b,2025-09-08,gold,0,1,chat,other,sla_ok
TCK-001295,2026-03-12 16:56:00,2026-03-12,2026-03-09,2026-03-01,16,4,Четверг,0,Первая половина,CUST-0176,R03,Казань,Поволжье,team_c,web_form,payment,normal,11.2,5–15 мин,4.1,До 8 ч,0,SLA выполнен,4.9,Высокая,b2c,2025-09-05,bronze,0,1,other,normal,sla_ok
TCK-000861,2026-05-12 12:58:00,2026-05-12,2026-05-11,2026-05-01,12,2,Вторник,0,Вторая половина,CUST-0220,R02,Санкт-Петербург,Северо-Запад,team_b,email,login,normal,45.4,30–60 мин,5.4,До 8 ч,0,SLA выполнен,4.2,Средняя,b2c,2025-05-12,silver,0,1,email,normal,sla_ok
TCK-001460,2026-04-07 10:13:00,2026-04-07,2026-04-06,2026-04-01,10,2,Вторник,0,Первая половина,CUST-0060,R06,Ростов-на-Дону,Юг,team_f,phone,account,low,7.4,5–15 мин,1.3,До 8 ч,0,SLA выполнен,5.0,Высокая,b2c,2025-04-18,bronze,0,1,other,other,sla_ok
TCK-001127,2026-05-06 21:21:00,2026-05-06,2026-05-04,2026-05-01,21,3,Среда,0,Вторая половина,CUST-0079,R01,Москва,Центр,team_a,chat,payment,low,22.3,15–30 мин,15.2,8–24 ч,0,SLA выполнен,4.8,Высокая,b2c,2025-08-06,silver,0,1,chat,other,sla_ok
