client_id,client_segment,loyalty_level,registration_date
CL-00001,regular,none,2025-11-30
CL-00002,regular,gold,2025-09-01
CL-00003,vip,platinum,2024-06-14
CL-00004,regular,none,2024-05-09
CL-00005,new,gold,2024-09-13
CL-00006,sleeping,gold,2024-12-16
CL-00007,regular,gold,2024-08-11
CL-00008,regular,silver,2024-03-09
CL-00009,new,none,2025-01-13
CL-00010,regular,none,2024-11-08
CL-00011,regular,gold,2024-08-20
CL-00012,sleeping,gold,2025-09-20
CL-00013,regular,silver,2024-08-08
CL-00014,vip,none,2025-11-09
CL-00015,regular,none,2024-01-09
CL-00016,new,silver,2025-01-29
CL-00017,regular,gold,2025-12-23
CL-00018,new,none,2024-08-05
CL-00019,vip,silver,2025-05-12
CL-00020,regular,silver,2025-07-11
CL-00021,regular,gold,2024-09-17
CL-00022,regular,gold,2025-04-30
CL-00023,sleeping,none,2025-05-10
CL-00024,sleeping,silver,2024-12-23
CL-00025,regular,gold,2024-10-13
CL-00026,new,platinum,2024-12-27
CL-00027,regular,silver,2024-04-23
CL-00028,new,none,2025-01-09
CL-00029,new,silver,2024-09-04
CL-00030,regular,silver,2024-09-14
CL-00031,regular,none,2024-07-05
CL-00032,sleeping,platinum,2025-01-29
CL-00033,new,none,2024-01-06
CL-00034,regular,gold,2024-02-13
CL-00035,regular,silver,2024-06-07
CL-00036,new,none,2025-03-09
CL-00037,new,silver,2024-07-14
CL-00038,regular,silver,2025-01-12
CL-00039,new,gold,2024-04-22
CL-00040,regular,silver,2024-11-15
CL-00041,regular,none,2024-12-10
CL-00042,vip,gold,2024-09-03
CL-00043,regular,silver,2024-02-07
CL-00044,new,none,2025-04-17
CL-00045,vip,gold,2024-06-03
CL-00046,vip,none,2025-01-03
CL-00047,regular,none,2025-06-23
CL-00048,new,silver,2024-03-17
CL-00049,regular,silver,2025-05-30
CL-00050,new,silver,2024-10-11
CL-00051,new,gold,2025-01-17
CL-00052,new,none,2024-02-28
CL-00053,regular,platinum,2025-01-14
CL-00054,regular,none,2024-10-15
CL-00055,regular,none,2024-05-15
CL-00056,regular,none,2025-02-08
CL-00057,regular,none,2025-05-09
CL-00058,regular,silver,2024-10-24
CL-00059,new,gold,2025-04-27
CL-00060,new,gold,2024-09-16
CL-00061,regular,silver,2025-09-23
CL-00062,regular,none,2024-08-01
CL-00063,regular,gold,2025-08-29
CL-00064,regular,none,2024-10-17
CL-00065,regular,silver,2025-02-28
CL-00066,regular,silver,2024-02-22
CL-00067,regular,none,2024-02-26
CL-00068,new,silver,2026-01-25
CL-00069,new,gold,2024-01-06
CL-00070,regular,none,2025-02-26
CL-00071,new,silver,2024-12-13
CL-00072,regular,platinum,2025-04-28
CL-00073,vip,none,2024-01-03
CL-00074,new,none,2024-05-19
CL-00075,new,silver,2024-09-14
CL-00076,new,gold,2025-12-02
CL-00077,new,silver,2024-09-22
CL-00078,regular,silver,2025-03-10
CL-00079,regular,none,2025-03-11
CL-00080,regular,platinum,2024-11-10
CL-00081,regular,gold,2025-09-22
CL-00082,regular,silver,2025-06-26
CL-00083,vip,platinum,2024-12-03
CL-00084,new,silver,2024-08-19
CL-00085,new,platinum,2024-07-30
CL-00086,new,none,2025-12-11
CL-00087,regular,none,2024-04-05
CL-00088,regular,gold,2024-05-08
CL-00089,new,silver,2024-07-17
CL-00090,regular,none,2025-09-25
CL-00091,new,gold,2025-06-06
CL-00092,regular,silver,2026-01-04
CL-00093,regular,none,2025-07-02
CL-00094,regular,none,2025-01-08
CL-00095,new,silver,2024-01-31
CL-00096,regular,none,2025-10-28
CL-00097,regular,none,2025-05-24
CL-00098,new,silver,2024-02-24
CL-00099,new,gold,2026-01-07
CL-00100,sleeping,silver,2025-04-16
CL-00101,sleeping,none,2025-04-16
CL-00102,regular,silver,2024-09-27
CL-00103,new,none,2024-09-08
CL-00104,sleeping,none,2024-10-03
CL-00105,regular,none,2024-02-08
CL-00106,regular,silver,2024-12-08
CL-00107,regular,none,2024-02-17
CL-00108,new,silver,2025-03-29
CL-00109,new,silver,2024-06-06
CL-00110,sleeping,gold,2025-04-13
CL-00111,regular,silver,2024-10-10
CL-00112,new,platinum,2024-07-30
CL-00113,new,silver,2024-04-20
CL-00114,regular,none,2024-10-18
CL-00115,new,none,2024-02-22
CL-00116,vip,none,2024-07-08
CL-00117,regular,none,2024-12-18
CL-00118,regular,none,2025-04-25
CL-00119,regular,none,2024-12-15
CL-00120,regular,silver,2024-03-18
CL-00121,regular,silver,2025-07-01
CL-00122,regular,none,2024-11-17
CL-00123,new,silver,2025-04-21
CL-00124,regular,none,2026-01-13
CL-00125,new,silver,2024-02-06
CL-00126,regular,silver,2026-01-21
CL-00127,new,none,2025-12-24
CL-00128,new,none,2025-01-28
CL-00129,new,platinum,2024-01-21
CL-00130,regular,silver,2024-07-07
CL-00131,new,silver,2024-06-20
CL-00132,sleeping,none,2025-03-19
CL-00133,regular,none,2025-06-09
CL-00134,new,none,2025-01-06
CL-00135,regular,platinum,2024-09-27
CL-00136,new,none,2024-02-02
CL-00137,sleeping,none,2025-12-14
CL-00138,regular,platinum,2026-01-21
CL-00139,regular,silver,2024-01-25
CL-00140,new,none,2024-09-05
CL-00141,regular,silver,2026-01-16
CL-00142,regular,silver,2024-10-30
CL-00143,sleeping,platinum,2025-04-18
CL-00144,regular,none,2025-01-25
CL-00145,regular,gold,2025-04-26
CL-00146,new,none,2025-10-31
CL-00147,new,gold,2024-10-15
CL-00148,regular,gold,2025-08-30
CL-00149,regular,gold,2024-12-12
CL-00150,new,gold,2024-06-05
CL-00151,vip,silver,2024-02-26
CL-00152,sleeping,none,2025-06-28
CL-00153,new,none,2025-04-02
CL-00154,regular,none,2025-10-26
CL-00155,new,silver,2024-06-27
CL-00156,regular,none,2025-06-26
CL-00157,new,silver,2024-01-18
CL-00158,regular,silver,2024-04-15
CL-00159,regular,platinum,2025-03-27
CL-00160,regular,silver,2025-02-13
CL-00161,new,gold,2025-03-26
CL-00162,sleeping,silver,2025-09-29
CL-00163,new,platinum,2025-09-25
CL-00164,new,gold,2024-05-28
CL-00165,regular,none,2024-06-02
CL-00166,regular,none,2025-02-13
CL-00167,vip,platinum,2025-12-28
CL-00168,vip,silver,2025-05-23
CL-00169,new,gold,2024-04-21
CL-00170,sleeping,gold,2025-04-27
CL-00171,new,silver,2024-09-13
CL-00172,regular,gold,2024-03-22
CL-00173,new,gold,2025-06-25
CL-00174,sleeping,gold,2024-07-29
CL-00175,new,none,2025-08-12
CL-00176,new,none,2025-02-23
CL-00177,regular,none,2024-12-05
CL-00178,sleeping,silver,2024-06-07
CL-00179,sleeping,gold,2024-08-10
CL-00180,regular,gold,2024-09-10
CL-00181,sleeping,silver,2025-06-10
CL-00182,sleeping,none,2024-11-11
CL-00183,regular,silver,2024-01-26
CL-00184,new,gold,2024-01-11
CL-00185,regular,silver,2024-07-27
CL-00186,regular,none,2025-01-22
CL-00187,regular,none,2024-09-10
CL-00188,new,silver,2026-01-26
CL-00189,regular,silver,2024-06-24
CL-00190,new,gold,2024-11-06
CL-00191,sleeping,platinum,2024-10-29
CL-00192,new,none,2024-07-27
CL-00193,new,none,2025-11-01
CL-00194,vip,none,2024-07-11
CL-00195,new,none,2024-01-09
CL-00196,new,silver,2025-01-26
CL-00197,regular,none,2025-04-27
CL-00198,vip,none,2024-12-12
CL-00199,new,gold,2024-11-16
CL-00200,new,none,2025-10-17
CL-00201,regular,gold,2024-10-11
CL-00202,sleeping,none,2025-04-30
CL-00203,regular,none,2025-09-28
CL-00204,new,none,2024-10-29
CL-00205,new,none,2025-02-14
CL-00206,new,none,2024-10-20
CL-00207,new,gold,2025-04-11
CL-00208,regular,gold,2025-02-19
CL-00209,new,none,2025-10-09
CL-00210,regular,none,2024-07-11
CL-00211,regular,none,2024-05-02
CL-00212,regular,gold,2024-11-17
CL-00213,new,none,2025-04-10
CL-00214,vip,none,2024-08-04
CL-00215,regular,gold,2026-01-28
CL-00216,regular,gold,2025-01-26
CL-00217,new,silver,2025-09-08
CL-00218,new,none,2025-02-19
CL-00219,sleeping,none,2024-10-25
CL-00220,regular,none,2025-10-05
CL-00221,new,silver,2024-04-29
CL-00222,regular,gold,2024-07-09
CL-00223,regular,none,2025-08-04
CL-00224,sleeping,gold,2025-11-18
CL-00225,new,silver,2024-08-09
CL-00226,sleeping,gold,2025-02-10
CL-00227,new,none,2025-01-04
CL-00228,regular,none,2025-07-06
CL-00229,regular,none,2025-01-14
CL-00230,new,silver,2025-04-09
CL-00231,new,none,2025-05-23
CL-00232,regular,none,2025-09-22
CL-00233,sleeping,gold,2024-04-15
CL-00234,regular,silver,2025-05-18
CL-00235,sleeping,silver,2024-05-17
CL-00236,vip,silver,2024-01-09
CL-00237,regular,silver,2025-06-28
CL-00238,regular,silver,2024-10-23
CL-00239,new,none,2025-06-28
CL-00240,new,none,2025-12-14
CL-00241,vip,silver,2024-04-07
CL-00242,regular,none,2024-12-09
CL-00243,new,silver,2024-03-16
CL-00244,regular,silver,2025-09-21
CL-00245,regular,none,2026-01-29
CL-00246,vip,gold,2025-10-22
CL-00247,regular,silver,2026-01-25
CL-00248,regular,silver,2024-09-09
CL-00249,regular,gold,2024-07-30
CL-00250,regular,none,2025-10-13
CL-00251,regular,none,2025-05-10
CL-00252,vip,none,2024-10-13
CL-00253,regular,silver,2024-06-08
CL-00254,new,none,2024-01-20
CL-00255,new,gold,2024-01-29
CL-00256,regular,none,2025-06-11
CL-00257,vip,silver,2024-07-19
CL-00258,new,silver,2025-09-15
CL-00259,new,none,2025-10-05
CL-00260,regular,silver,2024-12-09
CL-00261,new,silver,2024-08-15
CL-00262,vip,gold,2024-05-11
CL-00263,new,silver,2024-07-14
CL-00264,new,silver,2025-04-12
CL-00265,sleeping,silver,2025-07-28
CL-00266,new,silver,2025-07-15
CL-00267,new,none,2025-12-29
CL-00268,new,silver,2025-05-12
CL-00269,new,none,2025-01-21
CL-00270,new,silver,2024-09-27
CL-00271,new,none,2024-09-12
CL-00272,new,platinum,2024-10-06
CL-00273,new,none,2025-10-30
CL-00274,regular,none,2025-02-21
CL-00275,regular,none,2024-06-16
CL-00276,regular,none,2024-05-26
CL-00277,new,none,2024-01-22
CL-00278,regular,silver,2025-10-05
CL-00279,vip,none,2024-06-15
CL-00280,vip,none,2024-03-18
CL-00281,new,none,2024-08-08
CL-00282,new,none,2025-01-04
CL-00283,new,platinum,2025-12-30
CL-00284,new,none,2025-10-15
CL-00285,regular,gold,2024-05-09
CL-00286,regular,silver,2025-02-06
CL-00287,new,silver,2025-09-18
CL-00288,regular,gold,2025-08-01
CL-00289,regular,none,2024-12-22
CL-00290,new,gold,2024-07-01
CL-00291,vip,silver,2025-08-19
CL-00292,new,none,2024-12-04
CL-00293,sleeping,gold,2024-06-29
CL-00294,new,none,2025-06-25
CL-00295,vip,platinum,2025-11-01
CL-00296,sleeping,platinum,2025-11-06
CL-00297,sleeping,none,2025-12-13
CL-00298,vip,none,2025-05-03
CL-00299,regular,gold,2025-08-06
CL-00300,regular,none,2024-07-03
CL-00301,regular,silver,2024-09-03
CL-00302,new,none,2024-04-21
CL-00303,regular,none,2024-03-02
CL-00304,regular,silver,2025-10-01
CL-00305,vip,silver,2024-12-13
CL-00306,regular,silver,2025-02-25
CL-00307,regular,silver,2024-03-07
CL-00308,regular,none,2024-05-19
CL-00309,new,silver,2024-02-27
CL-00310,new,none,2025-01-04
CL-00311,regular,none,2025-03-17
CL-00312,regular,none,2024-04-06
CL-00313,new,silver,2025-06-22
CL-00314,regular,none,2024-03-20
CL-00315,regular,none,2025-09-29
CL-00316,new,silver,2025-11-30
CL-00317,regular,none,2025-05-01
CL-00318,regular,platinum,2025-02-17
CL-00319,new,none,2025-07-10
CL-00320,sleeping,none,2024-07-08
CL-00321,sleeping,gold,2025-12-01
CL-00322,regular,silver,2025-10-31
CL-00323,new,gold,2025-06-12
CL-00324,regular,silver,2026-01-29
CL-00325,vip,none,2024-08-18
CL-00326,regular,silver,2025-11-02
CL-00327,vip,silver,2024-01-26
CL-00328,regular,silver,2025-07-22
CL-00329,regular,none,2024-08-07
CL-00330,new,none,2026-01-01
CL-00331,regular,none,2025-03-07
CL-00332,new,gold,2024-05-30
CL-00333,regular,none,2024-08-27
CL-00334,vip,platinum,2025-10-29
CL-00335,new,none,2025-09-03
CL-00336,regular,silver,2024-09-29
CL-00337,new,none,2024-07-18
CL-00338,regular,silver,2024-01-25
CL-00339,new,gold,2024-04-03
CL-00340,sleeping,silver,2024-01-25
CL-00341,new,none,2024-09-07
CL-00342,sleeping,silver,2024-05-22
CL-00343,vip,none,2024-01-16
CL-00344,regular,silver,2025-08-15
CL-00345,regular,silver,2025-10-30
CL-00346,regular,none,2025-11-12
CL-00347,sleeping,silver,2025-09-27
CL-00348,new,silver,2024-04-07
CL-00349,regular,none,2024-05-04
CL-00350,new,none,2025-10-04
CL-00351,regular,silver,2024-01-12
CL-00352,new,gold,2025-07-28
CL-00353,regular,silver,2024-04-05
CL-00354,regular,silver,2024-02-09
CL-00355,regular,none,2025-08-16
CL-00356,regular,none,2025-07-09
CL-00357,regular,none,2024-03-05
CL-00358,regular,none,2024-01-30
CL-00359,regular,none,2025-11-02
CL-00360,regular,none,2024-07-18
CL-00361,sleeping,silver,2026-01-06
CL-00362,new,silver,2025-02-07
CL-00363,new,none,2026-01-13
CL-00364,new,silver,2025-11-22
CL-00365,regular,none,2025-04-13
CL-00366,regular,none,2024-03-21
CL-00367,regular,platinum,2025-11-12
CL-00368,regular,silver,2024-09-21
CL-00369,new,none,2024-07-10
CL-00370,sleeping,none,2025-03-14
CL-00371,regular,silver,2024-09-28
CL-00372,new,none,2025-07-16
CL-00373,regular,platinum,2024-07-20
CL-00374,new,silver,2025-11-26
CL-00375,new,none,2024-03-16
CL-00376,new,silver,2024-12-22
CL-00377,sleeping,silver,2025-12-30
CL-00378,regular,silver,2025-10-01
CL-00379,regular,gold,2025-09-15
CL-00380,regular,gold,2025-04-13
CL-00381,regular,none,2025-03-08
CL-00382,sleeping,none,2024-06-04
CL-00383,regular,none,2024-08-14
CL-00384,regular,silver,2025-03-16
CL-00385,regular,silver,2024-08-21
CL-00386,sleeping,none,2024-08-26
CL-00387,regular,platinum,2025-05-31
CL-00388,sleeping,none,2025-06-18
CL-00389,new,gold,2025-01-12
CL-00390,vip,gold,2024-08-04
CL-00391,regular,none,2024-05-13
CL-00392,new,none,2024-07-18
CL-00393,regular,none,2024-09-07
CL-00394,regular,gold,2025-12-19
CL-00395,new,none,2024-09-02
CL-00396,regular,gold,2025-11-21
CL-00397,vip,silver,2025-02-13
CL-00398,new,silver,2024-12-09
CL-00399,regular,gold,2024-07-22
CL-00400,regular,silver,2025-08-04
CL-00401,new,silver,2025-10-02
CL-00402,sleeping,silver,2026-01-16
CL-00403,regular,none,2025-09-15
CL-00404,new,none,2024-03-08
CL-00405,sleeping,none,2025-10-30
CL-00406,vip,silver,2025-04-05
CL-00407,new,none,2025-01-24
CL-00408,vip,silver,2024-07-11
CL-00409,new,none,2025-01-19
CL-00410,sleeping,silver,2025-08-31
CL-00411,regular,gold,2025-03-23
CL-00412,regular,silver,2024-03-18
CL-00413,new,platinum,2025-07-28
CL-00414,sleeping,none,2025-08-22
CL-00415,new,none,2025-05-25
CL-00416,new,silver,2024-06-01
CL-00417,new,none,2024-08-12
CL-00418,regular,silver,2024-12-12
CL-00419,new,gold,2025-10-22
CL-00420,sleeping,none,2025-09-10
CL-00421,regular,gold,2024-03-13
CL-00422,new,none,2024-02-21
CL-00423,new,silver,2024-02-07
CL-00424,new,none,2025-12-06
CL-00425,regular,silver,2025-10-18
CL-00426,vip,none,2024-06-14
CL-00427,new,platinum,2025-11-27
CL-00428,vip,platinum,2025-01-15
CL-00429,new,silver,2024-08-26
CL-00430,vip,silver,2025-07-12
CL-00431,sleeping,silver,2024-02-22
CL-00432,regular,silver,2024-04-03
CL-00433,regular,silver,2024-07-13
CL-00434,vip,silver,2025-04-07
CL-00435,new,gold,2025-09-29
CL-00436,new,silver,2025-01-26
CL-00437,new,none,2024-11-30
CL-00438,regular,gold,2025-03-21
CL-00439,regular,none,2024-01-09
CL-00440,regular,none,2025-05-18
CL-00441,vip,platinum,2025-09-03
CL-00442,new,none,2024-11-15
CL-00443,regular,none,2025-05-07
CL-00444,new,silver,2024-08-15
CL-00445,new,gold,2025-12-12
CL-00446,regular,none,2024-05-19
CL-00447,sleeping,silver,2024-04-14
CL-00448,regular,none,2025-12-14
CL-00449,new,silver,2025-01-20
CL-00450,regular,none,2024-11-01
CL-00451,new,none,2025-09-12
CL-00452,sleeping,platinum,2024-08-02
CL-00453,regular,silver,2024-08-12
CL-00454,new,gold,2024-02-09
CL-00455,new,gold,2025-01-28
CL-00456,new,platinum,2025-07-24
CL-00457,sleeping,silver,2026-01-19
CL-00458,regular,none,2025-02-05
CL-00459,regular,gold,2024-02-26
CL-00460,regular,silver,2024-05-25
CL-00461,regular,none,2024-08-01
CL-00462,new,none,2025-11-09
CL-00463,sleeping,none,2025-03-17
CL-00464,new,silver,2025-12-10
CL-00465,regular,gold,2025-10-03
CL-00466,regular,silver,2025-10-31
CL-00467,regular,none,2024-07-31
CL-00468,sleeping,none,2025-03-02
CL-00469,new,gold,2024-02-15
CL-00470,regular,silver,2024-10-10
CL-00471,regular,silver,2024-08-25
CL-00472,regular,gold,2024-05-03
CL-00473,new,gold,2024-02-16
CL-00474,new,silver,2024-10-13
CL-00475,new,silver,2024-02-23
CL-00476,new,none,2025-04-10
CL-00477,regular,platinum,2024-07-29
CL-00478,regular,silver,2024-06-21
CL-00479,regular,silver,2024-03-25
CL-00480,regular,none,2024-12-18
CL-00481,regular,silver,2024-05-08
CL-00482,new,none,2025-03-11
CL-00483,regular,silver,2026-01-19
CL-00484,new,silver,2025-07-09
CL-00485,new,gold,2024-03-29
CL-00486,regular,none,2024-03-10
CL-00487,regular,gold,2025-10-27
CL-00488,new,none,2025-10-20
CL-00489,regular,silver,2024-10-02
CL-00490,regular,none,2024-12-12
CL-00491,regular,none,2024-10-13
CL-00492,regular,gold,2025-03-18
CL-00493,regular,none,2024-06-07
CL-00494,new,gold,2025-12-15
CL-00495,regular,none,2024-11-02
CL-00496,regular,silver,2024-05-07
CL-00497,regular,none,2024-08-16
CL-00498,regular,silver,2025-11-03
CL-00499,regular,gold,2024-08-07
CL-00500,regular,silver,2025-09-03
CL-00501,regular,none,2025-08-05
CL-00502,sleeping,gold,2026-01-25
CL-00503,sleeping,silver,2024-04-26
CL-00504,regular,none,2024-10-25
CL-00505,regular,silver,2025-10-01
CL-00506,regular,silver,2024-04-06
CL-00507,new,gold,2024-01-27
CL-00508,vip,none,2024-01-11
CL-00509,regular,silver,2024-03-03
CL-00510,new,platinum,2025-08-25
CL-00511,new,silver,2024-09-22
CL-00512,vip,silver,2024-04-13
CL-00513,new,platinum,2025-06-18
CL-00514,new,none,2024-08-20
CL-00515,new,none,2024-04-15
CL-00516,new,gold,2026-01-20
CL-00517,new,silver,2025-03-19
CL-00518,regular,platinum,2024-12-01
CL-00519,new,silver,2025-12-01
CL-00520,vip,none,2024-06-24
CL-00521,vip,none,2025-03-24
CL-00522,regular,none,2025-07-26
CL-00523,new,gold,2024-01-05
CL-00524,regular,none,2024-07-25
CL-00525,new,silver,2024-03-13
CL-00526,regular,silver,2025-02-07
CL-00527,sleeping,none,2025-06-01
CL-00528,sleeping,none,2024-04-29
CL-00529,regular,silver,2024-04-17
CL-00530,new,none,2024-12-16
CL-00531,regular,platinum,2024-10-28
CL-00532,regular,gold,2024-03-23
CL-00533,regular,none,2025-06-01
CL-00534,regular,gold,2025-08-10
CL-00535,new,none,2024-11-21
CL-00536,new,none,2024-10-04
CL-00537,regular,none,2024-05-01
CL-00538,new,gold,2024-08-30
CL-00539,new,silver,2025-01-20
CL-00540,vip,none,2026-01-25
CL-00541,sleeping,silver,2024-05-21
CL-00542,regular,silver,2025-09-22
CL-00543,vip,silver,2025-01-16
CL-00544,sleeping,silver,2025-02-24
CL-00545,new,gold,2024-08-16
CL-00546,regular,silver,2025-12-18
CL-00547,regular,none,2024-02-18
CL-00548,new,gold,2024-06-09
CL-00549,regular,none,2024-08-28
CL-00550,regular,silver,2025-03-11
CL-00551,regular,silver,2024-11-17
CL-00552,new,none,2025-12-07
CL-00553,new,none,2024-05-20
CL-00554,sleeping,silver,2025-03-08
CL-00555,new,gold,2025-01-03
CL-00556,new,gold,2024-08-22
CL-00557,new,silver,2024-01-18
CL-00558,regular,none,2025-09-08
CL-00559,regular,none,2024-06-01
CL-00560,regular,gold,2024-04-15
CL-00561,new,silver,2025-03-09
CL-00562,new,silver,2024-04-25
CL-00563,vip,none,2025-04-30
CL-00564,regular,none,2025-07-09
CL-00565,regular,silver,2024-06-23
CL-00566,regular,silver,2024-02-22
CL-00567,regular,silver,2024-03-14
CL-00568,new,none,2024-02-08
CL-00569,regular,gold,2025-01-03
CL-00570,regular,silver,2024-10-15
CL-00571,new,gold,2025-08-14
CL-00572,vip,silver,2024-10-29
CL-00573,regular,silver,2025-05-09
CL-00574,regular,silver,2024-12-22
CL-00575,vip,silver,2024-11-21
CL-00576,regular,silver,2025-07-16
CL-00577,sleeping,silver,2025-01-21
CL-00578,regular,none,2025-03-08
CL-00579,vip,gold,2024-12-08
CL-00580,new,none,2025-06-26
CL-00581,regular,none,2024-08-19
CL-00582,regular,gold,2024-02-07
CL-00583,new,none,2024-11-17
CL-00584,regular,platinum,2024-08-27
CL-00585,sleeping,silver,2025-11-12
CL-00586,regular,none,2026-01-04
CL-00587,new,none,2024-06-14
CL-00588,new,none,2024-11-21
CL-00589,new,none,2024-11-24
CL-00590,new,none,2024-06-18
CL-00591,sleeping,none,2024-01-08
CL-00592,regular,none,2026-01-23
CL-00593,new,silver,2025-05-10
CL-00594,regular,none,2024-11-08
CL-00595,new,none,2024-05-19
CL-00596,new,none,2024-12-29
CL-00597,regular,none,2024-07-26
CL-00598,regular,none,2024-06-19
CL-00599,sleeping,none,2025-12-28
CL-00600,regular,none,2025-05-13
CL-00601,regular,gold,2024-08-22
CL-00602,regular,none,2024-06-06
CL-00603,sleeping,none,2025-08-07
CL-00604,regular,silver,2025-04-08
CL-00605,sleeping,silver,2025-10-11
CL-00606,regular,none,2025-07-29
CL-00607,vip,gold,2024-11-01
CL-00608,new,silver,2025-05-10
CL-00609,regular,platinum,2024-10-16
CL-00610,regular,platinum,2024-03-09
CL-00611,regular,silver,2024-01-25
CL-00612,regular,silver,2024-03-01
CL-00613,sleeping,silver,2025-11-29
CL-00614,sleeping,gold,2025-10-02
CL-00615,new,silver,2024-10-24
CL-00616,regular,none,2025-11-18
CL-00617,regular,none,2025-07-14
CL-00618,new,silver,2024-04-13
CL-00619,new,silver,2024-06-20
CL-00620,new,gold,2024-10-12
CL-00621,regular,none,2025-09-03
CL-00622,regular,gold,2025-05-12
CL-00623,sleeping,none,2024-10-25
CL-00624,regular,silver,2025-09-26
CL-00625,sleeping,none,2024-09-04
CL-00626,regular,none,2025-11-21
CL-00627,regular,silver,2025-07-02
CL-00628,new,none,2025-06-14
CL-00629,regular,none,2024-03-07
CL-00630,vip,gold,2024-04-22
CL-00631,sleeping,none,2026-01-17
CL-00632,vip,silver,2025-08-06
CL-00633,new,silver,2024-07-14
CL-00634,regular,none,2025-10-14
CL-00635,new,gold,2024-08-22
CL-00636,new,gold,2024-09-23
CL-00637,regular,gold,2024-08-19
CL-00638,regular,gold,2025-01-10
CL-00639,regular,silver,2025-08-01
CL-00640,vip,platinum,2024-05-06
CL-00641,regular,none,2026-01-05
CL-00642,vip,none,2024-08-19
CL-00643,new,silver,2026-01-06
CL-00644,new,none,2025-10-23
CL-00645,regular,silver,2025-02-20
CL-00646,vip,none,2024-03-08
CL-00647,new,none,2025-03-12
CL-00648,regular,gold,2025-08-02
CL-00649,regular,none,2026-01-16
CL-00650,new,none,2024-03-15
CL-00651,regular,silver,2025-07-19
CL-00652,sleeping,gold,2024-08-10
CL-00653,regular,gold,2025-07-23
CL-00654,new,none,2025-03-18
CL-00655,vip,gold,2025-10-20
CL-00656,new,silver,2024-01-03
CL-00657,vip,gold,2025-01-19
CL-00658,new,none,2025-05-28
CL-00659,regular,none,2024-10-15
CL-00660,regular,silver,2024-08-28
CL-00661,new,silver,2024-09-05
CL-00662,sleeping,none,2025-07-22
CL-00663,new,silver,2024-06-06
CL-00664,new,silver,2026-01-11
CL-00665,new,none,2024-06-07
CL-00666,regular,silver,2024-11-12
CL-00667,vip,none,2026-01-24
CL-00668,sleeping,gold,2024-01-23
CL-00669,new,silver,2024-09-12
CL-00670,regular,silver,2025-10-07
CL-00671,new,platinum,2024-08-28
CL-00672,regular,silver,2024-07-27
CL-00673,sleeping,none,2024-01-01
CL-00674,regular,silver,2024-04-22
CL-00675,regular,platinum,2024-05-28
CL-00676,regular,none,2025-10-30
CL-00677,sleeping,silver,2025-02-19
CL-00678,regular,none,2024-06-25
CL-00679,new,gold,2025-09-07
CL-00680,regular,silver,2025-04-05
CL-00681,new,platinum,2024-08-27
CL-00682,new,silver,2024-07-12
CL-00683,new,none,2024-06-16
CL-00684,regular,silver,2025-06-25
CL-00685,regular,gold,2025-06-28
CL-00686,new,none,2025-05-08
CL-00687,regular,none,2024-12-05
CL-00688,sleeping,silver,2025-01-21
CL-00689,regular,silver,2025-11-13
CL-00690,regular,none,2025-02-25
CL-00691,new,none,2025-04-11
CL-00692,sleeping,none,2024-06-21
CL-00693,new,silver,2024-12-12
CL-00694,new,silver,2024-01-17
CL-00695,sleeping,silver,2024-12-16
CL-00696,regular,gold,2025-08-31
CL-00697,regular,none,2025-05-24
CL-00698,regular,silver,2025-11-06
CL-00699,regular,none,2024-09-15
CL-00700,new,silver,2025-08-14
CL-00701,new,silver,2025-07-10
CL-00702,new,silver,2025-06-22
CL-00703,new,platinum,2025-08-30
CL-00704,vip,none,2024-12-24
CL-00705,new,none,2024-09-16
CL-00706,regular,silver,2025-03-19
CL-00707,regular,silver,2024-10-19
CL-00708,regular,none,2025-06-09
CL-00709,regular,gold,2025-10-20
CL-00710,regular,gold,2024-01-20
CL-00711,sleeping,silver,2025-04-16
CL-00712,regular,silver,2024-11-17
CL-00713,vip,none,2024-03-20
CL-00714,sleeping,silver,2024-06-19
CL-00715,regular,silver,2025-09-19
CL-00716,new,gold,2024-10-03
CL-00717,regular,silver,2024-03-07
CL-00718,new,none,2025-07-23
CL-00719,regular,none,2024-06-29
CL-00720,sleeping,none,2024-10-03
CL-00721,regular,platinum,2024-05-29
CL-00722,regular,gold,2025-07-15
CL-00723,new,gold,2025-11-28
CL-00724,sleeping,gold,2026-01-08
CL-00725,new,none,2024-02-26
CL-00726,new,silver,2025-12-02
CL-00727,new,silver,2025-04-27
CL-00728,new,none,2025-09-21
CL-00729,regular,silver,2024-02-27
CL-00730,regular,silver,2025-10-10
CL-00731,new,gold,2024-09-06
CL-00732,new,none,2024-10-26
CL-00733,new,gold,2025-11-11
CL-00734,regular,gold,2025-07-10
CL-00735,new,gold,2025-01-24
CL-00736,regular,none,2025-05-21
CL-00737,new,none,2024-09-27
CL-00738,new,silver,2026-01-16
CL-00739,regular,none,2024-02-23
CL-00740,regular,none,2025-03-12
CL-00741,new,gold,2024-02-03
CL-00742,new,none,2024-11-22
CL-00743,vip,silver,2025-01-21
CL-00744,new,platinum,2025-09-28
CL-00745,regular,silver,2025-12-14
CL-00746,regular,gold,2025-07-23
CL-00747,new,silver,2026-01-02
CL-00748,regular,none,2024-04-04
CL-00749,regular,none,2025-02-03
CL-00750,vip,none,2025-03-29
CL-00751,new,none,2024-02-28
CL-00752,new,gold,2025-03-26
CL-00753,new,gold,2024-02-02
CL-00754,regular,none,2025-04-25
CL-00755,regular,none,2024-06-17
CL-00756,new,silver,2025-12-16
CL-00757,new,silver,2024-09-05
CL-00758,sleeping,none,2025-04-02
CL-00759,new,none,2025-04-08
CL-00760,regular,none,2025-10-23
CL-00761,regular,silver,2024-09-13
CL-00762,new,none,2024-09-29
CL-00763,new,silver,2025-06-03
CL-00764,new,none,2024-02-13
CL-00765,sleeping,silver,2025-02-24
CL-00766,new,silver,2024-10-12
CL-00767,new,none,2026-01-13
CL-00768,new,gold,2025-02-08
CL-00769,new,silver,2025-08-09
CL-00770,regular,gold,2025-09-25
CL-00771,new,silver,2024-04-21
CL-00772,regular,silver,2025-04-25
CL-00773,regular,none,2025-05-31
CL-00774,vip,silver,2024-12-02
CL-00775,new,silver,2024-05-30
CL-00776,vip,silver,2024-12-17
CL-00777,regular,none,2024-02-08
CL-00778,new,none,2026-01-27
CL-00779,regular,none,2024-03-08
CL-00780,vip,none,2024-04-17
CL-00781,new,silver,2024-04-13
CL-00782,sleeping,platinum,2024-06-05
CL-00783,regular,none,2024-05-19
CL-00784,regular,none,2025-04-20
CL-00785,sleeping,none,2024-03-25
CL-00786,regular,none,2025-06-17
CL-00787,vip,silver,2024-11-05
CL-00788,new,none,2024-10-27
CL-00789,regular,platinum,2025-01-22
CL-00790,regular,gold,2024-01-25
CL-00791,new,silver,2025-01-15
CL-00792,regular,gold,2025-01-31
CL-00793,new,silver,2025-07-23
CL-00794,new,platinum,2024-04-19
CL-00795,new,none,2024-02-08
CL-00796,new,platinum,2024-02-12
CL-00797,new,none,2025-12-29
CL-00798,new,none,2024-09-19
CL-00799,regular,platinum,2024-06-28
CL-00800,regular,none,2024-04-13
CL-00801,regular,none,2024-07-13
CL-00802,new,none,2024-11-29
CL-00803,sleeping,none,2026-01-07
CL-00804,regular,none,2025-08-01
CL-00805,new,silver,2025-10-09
CL-00806,new,silver,2024-02-05
CL-00807,regular,gold,2025-03-12
CL-00808,new,none,2025-01-14
CL-00809,regular,gold,2024-05-28
CL-00810,sleeping,silver,2025-01-12
CL-00811,new,gold,2025-03-20
CL-00812,new,gold,2024-01-02
CL-00813,sleeping,gold,2026-01-15
CL-00814,regular,none,2025-07-15
CL-00815,new,silver,2025-12-04
CL-00816,sleeping,gold,2024-03-09
CL-00817,sleeping,silver,2024-02-15
CL-00818,regular,none,2025-12-09
CL-00819,regular,silver,2025-12-10
CL-00820,new,gold,2025-04-30
CL-00821,new,none,2024-06-01
CL-00822,regular,silver,2024-08-06
CL-00823,new,gold,2025-08-26
CL-00824,regular,silver,2025-12-04
CL-00825,vip,none,2025-05-25
CL-00826,new,silver,2024-10-31
CL-00827,regular,silver,2025-09-16
CL-00828,new,silver,2024-07-16
CL-00829,vip,silver,2024-04-08
CL-00830,new,silver,2024-10-19
CL-00831,regular,gold,2024-12-21
CL-00832,regular,gold,2025-04-09
CL-00833,regular,gold,2025-06-07
CL-00834,regular,silver,2025-07-03
CL-00835,regular,none,2024-06-04
CL-00836,regular,silver,2025-05-17
CL-00837,regular,none,2024-02-04
CL-00838,sleeping,silver,2025-12-01
CL-00839,regular,none,2024-12-01
CL-00840,regular,silver,2025-12-27
CL-00841,new,silver,2025-10-21
CL-00842,regular,silver,2024-05-29
CL-00843,regular,silver,2024-03-25
CL-00844,regular,none,2025-11-24
CL-00845,new,none,2025-01-08
CL-00846,sleeping,silver,2024-03-22
CL-00847,regular,gold,2025-04-07
CL-00848,regular,gold,2025-12-28
CL-00849,new,platinum,2025-04-01
CL-00850,sleeping,none,2024-07-16
CL-00851,new,none,2024-09-13
CL-00852,new,silver,2024-07-20
CL-00853,vip,silver,2025-02-13
CL-00854,sleeping,silver,2024-11-16
CL-00855,new,gold,2024-09-17
CL-00856,regular,silver,2024-05-18
CL-00857,regular,silver,2024-01-23
CL-00858,vip,platinum,2025-09-21
CL-00859,regular,none,2025-09-02
CL-00860,regular,gold,2024-04-04
CL-00861,regular,silver,2024-06-22
CL-00862,regular,none,2024-11-29
CL-00863,regular,gold,2025-03-28
CL-00864,regular,gold,2025-11-20
CL-00865,new,gold,2025-06-13
CL-00866,sleeping,none,2025-04-27
CL-00867,vip,none,2025-07-19
CL-00868,regular,silver,2025-04-06
CL-00869,new,none,2025-12-07
CL-00870,new,none,2026-01-25
CL-00871,regular,silver,2024-12-09
CL-00872,new,none,2024-01-18
CL-00873,sleeping,silver,2026-01-25
CL-00874,regular,silver,2024-08-31
CL-00875,regular,none,2024-07-22
CL-00876,sleeping,silver,2024-04-05
CL-00877,regular,none,2025-08-02
CL-00878,new,none,2024-05-20
CL-00879,regular,silver,2026-01-02
CL-00880,regular,silver,2024-06-13
CL-00881,regular,none,2024-02-25
CL-00882,regular,silver,2025-04-21
CL-00883,sleeping,none,2024-06-05
CL-00884,regular,silver,2024-07-25
CL-00885,new,none,2024-03-20
CL-00886,regular,silver,2025-05-19
CL-00887,regular,silver,2024-06-16
CL-00888,new,none,2025-07-14
CL-00889,new,silver,2024-07-16
CL-00890,regular,gold,2024-11-01
CL-00891,new,none,2025-01-08
CL-00892,sleeping,silver,2025-02-11
CL-00893,new,gold,2025-09-21
CL-00894,new,none,2024-04-10
CL-00895,regular,gold,2024-06-22
CL-00896,sleeping,silver,2025-07-26
CL-00897,new,silver,2025-10-12
CL-00898,new,gold,2024-11-14
CL-00899,new,platinum,2024-01-05
CL-00900,regular,silver,2025-09-26
CL-00901,regular,silver,2025-04-09
CL-00902,new,none,2025-02-03
CL-00903,new,none,2024-10-22
CL-00904,regular,gold,2025-06-13
CL-00905,sleeping,none,2024-08-07
CL-00906,regular,gold,2024-09-29
CL-00907,regular,none,2025-08-07
CL-00908,new,none,2024-10-09
CL-00909,new,none,2025-12-20
CL-00910,new,silver,2024-11-27
CL-00911,regular,none,2025-03-03
CL-00912,vip,none,2025-04-28
CL-00913,sleeping,platinum,2025-06-15
CL-00914,sleeping,gold,2025-01-19
CL-00915,sleeping,gold,2024-10-02
CL-00916,sleeping,none,2025-09-03
CL-00917,new,none,2025-06-28
CL-00918,new,silver,2024-02-11
CL-00919,new,none,2025-04-20
CL-00920,regular,silver,2025-11-15
CL-00921,new,gold,2025-03-01
CL-00922,vip,none,2025-12-04
CL-00923,regular,gold,2024-10-23
CL-00924,regular,none,2024-07-04
CL-00925,new,none,2025-01-14
CL-00926,new,none,2024-03-17
CL-00927,new,platinum,2024-02-19
CL-00928,vip,silver,2025-03-10
CL-00929,regular,gold,2024-01-23
CL-00930,regular,none,2024-02-18
CL-00931,new,gold,2024-12-12
CL-00932,regular,silver,2024-06-23
CL-00933,regular,silver,2024-05-16
CL-00934,regular,gold,2025-01-20
CL-00935,regular,gold,2024-09-06
CL-00936,new,silver,2025-04-11
CL-00937,sleeping,none,2024-11-19
CL-00938,new,gold,2024-05-27
CL-00939,sleeping,none,2025-06-19
CL-00940,new,platinum,2025-12-09
CL-00941,new,none,2025-07-06
CL-00942,vip,none,2024-05-17
CL-00943,new,none,2025-02-27
CL-00944,regular,silver,2024-04-26
CL-00945,regular,none,2024-01-20
CL-00946,new,gold,2024-05-03
CL-00947,regular,silver,2025-09-07
CL-00948,vip,none,2025-12-07
CL-00949,vip,silver,2025-03-29
CL-00950,new,gold,2025-10-29
CL-00951,regular,gold,2024-11-07
CL-00952,new,none,2024-01-26
CL-00953,new,gold,2025-11-18
CL-00954,new,none,2025-07-06
CL-00955,sleeping,silver,2025-05-15
CL-00956,sleeping,gold,2024-02-25
CL-00957,regular,silver,2026-01-01
CL-00958,regular,none,2024-02-27
CL-00959,regular,silver,2024-01-12
CL-00960,regular,none,2024-02-27
CL-00961,regular,none,2025-12-16
CL-00962,regular,none,2025-09-22
CL-00963,new,gold,2024-03-27
CL-00964,new,none,2024-11-20
CL-00965,sleeping,silver,2025-02-05
CL-00966,regular,platinum,2025-02-27
CL-00967,sleeping,gold,2024-06-02
CL-00968,new,silver,2024-01-24
CL-00969,regular,silver,2024-01-24
CL-00970,new,none,2025-11-15
CL-00971,new,silver,2025-04-17
CL-00972,new,none,2026-01-16
CL-00973,new,none,2025-10-15
CL-00974,sleeping,none,2024-06-27
CL-00975,new,silver,2024-03-09
CL-00976,regular,none,2025-05-13
CL-00977,regular,none,2024-06-19
CL-00978,regular,gold,2025-05-30
CL-00979,regular,none,2026-01-05
CL-00980,new,silver,2026-01-04
CL-00981,sleeping,silver,2024-07-09
CL-00982,vip,silver,2025-01-02
CL-00983,regular,none,2025-06-21
CL-00984,regular,none,2024-06-29
CL-00985,new,gold,2025-03-03
CL-00986,sleeping,silver,2024-09-30
CL-00987,new,none,2025-03-12
CL-00988,new,none,2025-05-01
CL-00989,new,silver,2025-10-28
CL-00990,regular,none,2024-12-25
CL-00991,regular,silver,2024-08-06
CL-00992,regular,silver,2024-03-01
CL-00993,regular,silver,2025-06-15
CL-00994,new,gold,2025-09-05
CL-00995,sleeping,silver,2024-11-08
CL-00996,regular,gold,2025-10-18
CL-00997,regular,silver,2024-12-26
CL-00998,new,silver,2024-12-29
CL-00999,sleeping,silver,2024-02-05
CL-01000,new,silver,2025-02-01
CL-01001,new,none,2025-03-28
CL-01002,regular,platinum,2025-01-08
CL-01003,new,platinum,2025-02-12
CL-01004,new,none,2025-02-06
CL-01005,regular,silver,2025-06-15
CL-01006,regular,gold,2024-03-18
CL-01007,sleeping,gold,2025-02-07
CL-01008,new,silver,2024-11-25
CL-01009,regular,none,2024-09-20
CL-01010,regular,silver,2024-12-06
CL-01011,regular,none,2025-05-31
CL-01012,regular,silver,2026-01-28
CL-01013,regular,silver,2024-06-17
CL-01014,sleeping,silver,2024-02-06
CL-01015,new,none,2024-09-22
CL-01016,new,silver,2024-08-25
CL-01017,regular,silver,2024-02-22
CL-01018,vip,none,2025-01-11
CL-01019,new,none,2025-01-28
CL-01020,regular,none,2025-10-05
CL-01021,sleeping,gold,2025-06-14
CL-01022,regular,silver,2024-12-16
CL-01023,sleeping,silver,2025-05-14
CL-01024,regular,silver,2024-08-09
CL-01025,regular,gold,2024-04-29
CL-01026,new,silver,2025-02-10
CL-01027,sleeping,none,2025-01-12
CL-01028,regular,none,2024-08-13
CL-01029,regular,none,2025-11-14
CL-01030,regular,gold,2025-02-20
CL-01031,regular,silver,2025-03-07
CL-01032,regular,gold,2025-06-08
CL-01033,regular,silver,2024-08-08
CL-01034,sleeping,gold,2025-02-07
CL-01035,regular,platinum,2025-11-12
CL-01036,regular,silver,2025-04-08
CL-01037,new,none,2025-10-09
CL-01038,regular,none,2024-01-30
CL-01039,regular,silver,2025-07-01
CL-01040,new,gold,2025-05-15
CL-01041,new,silver,2025-11-13
CL-01042,regular,none,2026-01-06
CL-01043,regular,silver,2024-04-15
CL-01044,regular,silver,2025-01-08
CL-01045,new,none,2025-12-09
CL-01046,new,gold,2025-09-02
CL-01047,new,silver,2024-03-17
CL-01048,regular,none,2025-02-21
CL-01049,vip,none,2024-09-21
CL-01050,new,silver,2025-06-19
CL-01051,regular,silver,2025-01-24
CL-01052,new,none,2024-08-23
CL-01053,new,silver,2024-11-13
CL-01054,new,silver,2026-01-04
CL-01055,new,none,2024-10-04
CL-01056,regular,silver,2024-06-12
CL-01057,sleeping,silver,2024-03-26
CL-01058,new,none,2024-04-30
CL-01059,regular,none,2024-02-10
CL-01060,regular,none,2024-02-04
CL-01061,sleeping,silver,2025-02-09
CL-01062,regular,gold,2025-02-15
CL-01063,new,silver,2025-08-27
CL-01064,regular,platinum,2025-04-15
CL-01065,new,none,2024-05-25
CL-01066,sleeping,silver,2025-05-08
CL-01067,regular,silver,2024-12-03
CL-01068,regular,gold,2024-05-10
CL-01069,new,gold,2025-05-09
CL-01070,regular,silver,2025-05-10
CL-01071,vip,silver,2024-11-17
CL-01072,regular,platinum,2024-05-05
CL-01073,regular,platinum,2024-01-23
CL-01074,sleeping,platinum,2025-07-27
CL-01075,vip,none,2024-04-28
CL-01076,new,none,2024-07-28
CL-01077,regular,silver,2025-05-28
CL-01078,regular,silver,2024-11-16
CL-01079,regular,none,2025-09-15
CL-01080,new,none,2024-10-06
CL-01081,new,silver,2025-11-08
CL-01082,sleeping,none,2024-10-06
CL-01083,sleeping,silver,2024-03-03
CL-01084,vip,none,2025-07-01
CL-01085,sleeping,gold,2025-05-16
CL-01086,regular,none,2026-01-28
CL-01087,regular,silver,2024-03-16
CL-01088,regular,silver,2025-02-04
CL-01089,regular,none,2025-06-23
CL-01090,regular,silver,2024-10-31
CL-01091,new,gold,2024-07-18
CL-01092,regular,silver,2024-08-11
CL-01093,new,none,2024-01-09
CL-01094,new,silver,2025-04-19
CL-01095,regular,none,2025-08-14
CL-01096,regular,silver,2024-12-08
CL-01097,new,silver,2024-01-30
CL-01098,vip,silver,2025-08-10
CL-01099,vip,none,2025-11-21
CL-01100,new,none,2025-04-06
CL-01101,new,none,2024-03-07
CL-01102,new,silver,2024-11-09
CL-01103,regular,silver,2025-03-08
CL-01104,vip,silver,2025-12-25
CL-01105,new,none,2025-01-14
CL-01106,regular,none,2024-01-09
CL-01107,new,silver,2025-06-19
CL-01108,regular,silver,2025-06-08
CL-01109,sleeping,gold,2024-06-27
CL-01110,new,none,2024-11-08
CL-01111,new,none,2024-02-02
CL-01112,regular,none,2024-04-02
CL-01113,regular,silver,2024-08-24
CL-01114,sleeping,silver,2024-03-11
CL-01115,sleeping,none,2024-07-28
CL-01116,new,none,2025-05-08
CL-01117,new,silver,2024-10-17
CL-01118,regular,none,2024-04-22
CL-01119,new,silver,2025-04-19
CL-01120,sleeping,none,2025-10-12
CL-01121,regular,none,2025-03-24
CL-01122,new,none,2024-08-24
CL-01123,vip,platinum,2025-09-05
CL-01124,new,none,2024-09-18
CL-01125,regular,none,2024-01-12
CL-01126,regular,gold,2025-05-16
CL-01127,regular,none,2025-06-30
CL-01128,regular,none,2024-06-16
CL-01129,regular,none,2024-10-13
CL-01130,sleeping,silver,2024-01-06
CL-01131,sleeping,silver,2024-12-23
CL-01132,regular,gold,2024-12-04
CL-01133,new,silver,2024-07-15
CL-01134,regular,silver,2025-02-05
CL-01135,sleeping,none,2025-05-30
CL-01136,new,gold,2024-12-04
CL-01137,regular,gold,2025-08-27
CL-01138,regular,gold,2024-12-14
CL-01139,new,none,2024-11-07
CL-01140,regular,silver,2025-05-20
CL-01141,regular,silver,2024-05-10
CL-01142,regular,platinum,2025-10-04
CL-01143,vip,none,2025-04-04
CL-01144,vip,gold,2024-10-04
CL-01145,regular,silver,2024-06-27
CL-01146,new,gold,2025-08-23
CL-01147,regular,silver,2024-01-11
CL-01148,vip,gold,2024-02-17
CL-01149,regular,none,2025-04-06
CL-01150,sleeping,none,2024-12-30
CL-01151,new,none,2024-05-10
CL-01152,vip,gold,2024-10-12
CL-01153,new,none,2025-08-18
CL-01154,new,silver,2024-12-20
CL-01155,regular,platinum,2025-02-05
CL-01156,new,gold,2024-03-10
CL-01157,new,silver,2025-07-02
CL-01158,new,gold,2024-04-15
CL-01159,regular,none,2024-06-26
CL-01160,regular,silver,2024-08-11
CL-01161,new,silver,2024-11-23
CL-01162,regular,gold,2024-07-26
CL-01163,vip,none,2025-09-11
CL-01164,new,none,2024-10-19
CL-01165,new,silver,2024-01-28
CL-01166,vip,silver,2024-12-13
CL-01167,vip,gold,2024-04-03
CL-01168,regular,silver,2024-06-17
CL-01169,vip,gold,2025-03-25
CL-01170,new,silver,2025-04-15
CL-01171,regular,gold,2025-05-21
CL-01172,regular,silver,2024-10-12
CL-01173,new,none,2025-09-28
CL-01174,regular,none,2024-02-15
CL-01175,regular,gold,2024-10-15
CL-01176,regular,none,2024-07-04
CL-01177,regular,silver,2024-02-01
CL-01178,regular,none,2025-03-01
CL-01179,new,gold,2024-02-13
CL-01180,new,none,2025-04-06
CL-01181,regular,silver,2025-10-11
CL-01182,new,silver,2025-08-30
CL-01183,new,none,2025-06-01
CL-01184,new,silver,2024-07-05
CL-01185,new,gold,2025-05-11
CL-01186,vip,silver,2025-03-03
CL-01187,regular,platinum,2025-01-10
CL-01188,sleeping,gold,2024-12-27
CL-01189,new,silver,2024-04-17
CL-01190,regular,silver,2025-10-06
CL-01191,regular,platinum,2025-09-27
CL-01192,regular,silver,2025-07-08
CL-01193,vip,silver,2025-02-20
CL-01194,sleeping,gold,2024-04-10
CL-01195,vip,platinum,2025-04-27
CL-01196,new,silver,2025-12-29
CL-01197,new,none,2024-04-10
CL-01198,regular,silver,2024-09-26
CL-01199,new,silver,2025-11-19
CL-01200,regular,none,2025-12-26
CL-01201,regular,silver,2024-12-04
CL-01202,regular,silver,2024-08-04
CL-01203,vip,none,2024-08-06
CL-01204,regular,silver,2024-12-22
CL-01205,new,none,2024-08-30
CL-01206,new,gold,2025-02-22
CL-01207,regular,none,2024-03-01
CL-01208,regular,gold,2024-02-18
CL-01209,new,none,2024-01-04
CL-01210,regular,platinum,2025-06-27
CL-01211,regular,gold,2025-12-02
CL-01212,vip,none,2024-03-20
CL-01213,regular,platinum,2025-11-26
CL-01214,regular,silver,2024-05-04
CL-01215,new,silver,2024-02-06
CL-01216,regular,gold,2024-08-08
CL-01217,new,gold,2024-08-10
CL-01218,regular,silver,2025-12-31
CL-01219,regular,platinum,2024-03-26
CL-01220,new,none,2026-01-09
CL-01221,new,none,2025-10-17
CL-01222,new,none,2025-01-06
CL-01223,sleeping,none,2025-05-26
CL-01224,regular,silver,2025-02-09
CL-01225,new,none,2025-11-22
CL-01226,sleeping,silver,2024-06-10
CL-01227,regular,none,2025-12-27
CL-01228,regular,none,2024-11-13
CL-01229,sleeping,silver,2025-12-09
CL-01230,new,none,2026-01-18
CL-01231,new,silver,2025-10-06
CL-01232,regular,gold,2025-08-24
CL-01233,new,silver,2024-11-26
CL-01234,regular,gold,2025-06-14
CL-01235,new,platinum,2024-07-04
CL-01236,new,none,2024-07-30
CL-01237,new,silver,2025-07-17
CL-01238,regular,none,2025-08-02
CL-01239,new,silver,2024-07-17
CL-01240,new,silver,2026-01-04
CL-01241,vip,silver,2025-06-02
CL-01242,new,gold,2026-01-20
CL-01243,regular,silver,2024-12-29
CL-01244,new,gold,2025-03-31
CL-01245,regular,silver,2025-05-10
CL-01246,new,none,2024-05-02
CL-01247,regular,none,2024-07-31
CL-01248,new,silver,2026-01-02
CL-01249,sleeping,silver,2025-05-27
CL-01250,sleeping,none,2025-02-15
CL-01251,new,silver,2024-01-03
CL-01252,new,none,2024-01-30
CL-01253,new,silver,2025-02-27
CL-01254,regular,none,2024-03-02
CL-01255,new,none,2024-04-18
CL-01256,vip,none,2025-03-14
CL-01257,regular,none,2025-12-31
CL-01258,vip,silver,2025-09-26
CL-01259,regular,gold,2024-12-19
CL-01260,sleeping,none,2025-12-16
CL-01261,new,silver,2025-04-05
CL-01262,regular,silver,2025-12-18
CL-01263,new,silver,2024-06-29
CL-01264,sleeping,none,2025-03-15
CL-01265,regular,none,2025-12-02
CL-01266,vip,gold,2026-01-15
CL-01267,new,platinum,2025-10-15
CL-01268,sleeping,silver,2024-04-23
CL-01269,regular,silver,2025-04-15
CL-01270,regular,none,2024-03-12
CL-01271,sleeping,none,2024-10-17
CL-01272,regular,none,2024-01-24
CL-01273,regular,silver,2025-07-31
CL-01274,regular,none,2025-08-11
CL-01275,new,none,2024-03-11
CL-01276,new,none,2025-11-27
CL-01277,new,none,2025-09-29
CL-01278,new,silver,2025-09-30
CL-01279,vip,silver,2024-12-05
CL-01280,regular,silver,2025-12-15
CL-01281,regular,silver,2026-01-17
CL-01282,regular,silver,2025-02-20
CL-01283,regular,gold,2024-10-14
CL-01284,regular,none,2025-08-02
CL-01285,sleeping,none,2024-02-03
CL-01286,sleeping,gold,2024-09-12
CL-01287,regular,silver,2024-01-04
CL-01288,new,silver,2025-08-05
CL-01289,regular,none,2024-02-02
CL-01290,regular,none,2025-07-26
CL-01291,regular,none,2025-03-05
CL-01292,regular,gold,2024-11-27
CL-01293,regular,silver,2025-04-24
CL-01294,new,none,2024-02-03
CL-01295,new,none,2025-09-08
CL-01296,regular,none,2024-07-21
CL-01297,new,none,2025-10-02
CL-01298,new,silver,2025-11-03
CL-01299,regular,none,2025-02-22
CL-01300,regular,gold,2025-03-22
CL-01301,new,silver,2025-12-02
CL-01302,regular,gold,2024-11-03
CL-01303,regular,gold,2024-10-29
CL-01304,new,gold,2025-12-21
CL-01305,vip,platinum,2024-11-02
CL-01306,sleeping,none,2024-10-05
CL-01307,regular,none,2024-01-05
CL-01308,regular,none,2024-09-06
CL-01309,new,silver,2024-07-08
CL-01310,sleeping,silver,2025-08-08
CL-01311,regular,none,2025-01-15
CL-01312,sleeping,gold,2024-09-27
CL-01313,regular,gold,2025-12-10
CL-01314,new,silver,2024-12-05
CL-01315,new,silver,2024-11-12
CL-01316,regular,none,2025-07-03
CL-01317,regular,silver,2024-07-17
CL-01318,new,none,2024-11-22
CL-01319,regular,silver,2025-06-20
CL-01320,vip,none,2024-09-01
CL-01321,regular,none,2024-11-22
CL-01322,regular,silver,2024-01-12
CL-01323,new,silver,2025-08-26
CL-01324,regular,none,2025-10-16
CL-01325,new,platinum,2025-05-22
CL-01326,vip,none,2025-02-04
CL-01327,regular,gold,2025-11-10
CL-01328,regular,none,2025-10-09
CL-01329,new,none,2024-12-22
CL-01330,new,platinum,2025-04-14
CL-01331,regular,silver,2025-12-14
CL-01332,regular,silver,2024-06-01
CL-01333,regular,silver,2025-08-14
CL-01334,sleeping,silver,2024-10-03
CL-01335,sleeping,gold,2024-03-11
CL-01336,vip,none,2024-11-13
CL-01337,new,gold,2025-01-28
CL-01338,regular,platinum,2025-07-16
CL-01339,vip,gold,2024-04-25
CL-01340,regular,silver,2025-02-20
CL-01341,new,silver,2025-05-17
CL-01342,vip,silver,2025-04-28
CL-01343,regular,none,2025-09-24
CL-01344,regular,gold,2025-07-26
CL-01345,sleeping,silver,2024-12-19
CL-01346,regular,silver,2024-07-27
CL-01347,regular,gold,2025-10-31
CL-01348,regular,none,2025-11-01
CL-01349,regular,gold,2024-04-08
CL-01350,new,gold,2024-12-10
CL-01351,regular,none,2025-07-25
CL-01352,vip,none,2025-05-17
CL-01353,new,silver,2025-10-26
CL-01354,new,none,2024-06-14
CL-01355,vip,platinum,2025-12-16
CL-01356,new,none,2024-06-26
CL-01357,regular,none,2024-03-13
CL-01358,regular,none,2025-07-12
CL-01359,regular,gold,2025-12-06
CL-01360,new,silver,2024-09-23
CL-01361,regular,gold,2024-05-01
CL-01362,regular,platinum,2025-10-27
CL-01363,regular,silver,2024-03-13
CL-01364,new,none,2025-05-20
CL-01365,regular,none,2024-04-06
CL-01366,regular,gold,2025-05-20
CL-01367,new,none,2024-03-27
CL-01368,new,gold,2024-10-16
CL-01369,new,gold,2024-12-19
CL-01370,new,silver,2025-11-17
CL-01371,new,silver,2025-06-24
CL-01372,sleeping,platinum,2025-12-18
CL-01373,regular,gold,2025-02-14
CL-01374,vip,silver,2024-07-15
CL-01375,sleeping,silver,2024-11-18
CL-01376,new,silver,2025-01-26
CL-01377,regular,none,2025-03-04
CL-01378,vip,platinum,2025-11-20
CL-01379,regular,silver,2025-11-12
CL-01380,regular,gold,2024-03-17
CL-01381,regular,none,2025-08-26
CL-01382,new,gold,2024-08-14
CL-01383,regular,silver,2025-03-22
CL-01384,sleeping,silver,2025-12-26
CL-01385,sleeping,none,2025-11-01
CL-01386,new,gold,2025-01-03
CL-01387,regular,silver,2024-02-04
CL-01388,new,silver,2025-12-24
CL-01389,sleeping,none,2025-11-20
CL-01390,new,none,2024-10-15
CL-01391,sleeping,none,2024-04-14
CL-01392,vip,none,2025-02-04
CL-01393,new,silver,2025-09-01
CL-01394,new,silver,2024-12-11
CL-01395,vip,silver,2024-01-16
CL-01396,new,silver,2024-12-13
CL-01397,regular,silver,2025-01-26
CL-01398,sleeping,none,2025-11-28
CL-01399,regular,gold,2025-09-05
CL-01400,regular,silver,2025-06-11
CL-01401,regular,silver,2024-11-03
CL-01402,new,gold,2025-12-19
CL-01403,sleeping,gold,2024-06-25
CL-01404,new,silver,2024-09-07
CL-01405,new,silver,2025-10-05
CL-01406,new,gold,2026-01-25
CL-01407,sleeping,gold,2025-09-11
CL-01408,new,none,2025-06-21
CL-01409,vip,silver,2025-12-13
CL-01410,regular,gold,2024-04-09
CL-01411,vip,gold,2025-05-23
CL-01412,sleeping,none,2024-11-09
CL-01413,vip,silver,2025-03-30
CL-01414,sleeping,silver,2024-07-07
CL-01415,new,none,2025-01-06
CL-01416,regular,silver,2024-06-27
CL-01417,regular,silver,2025-05-04
CL-01418,regular,none,2025-12-07
CL-01419,sleeping,none,2024-02-14
CL-01420,sleeping,gold,2025-12-30
CL-01421,regular,gold,2025-05-16
CL-01422,regular,gold,2024-01-11
CL-01423,regular,gold,2025-03-16
CL-01424,regular,platinum,2024-04-14
CL-01425,regular,silver,2025-09-01
CL-01426,regular,none,2024-07-30
CL-01427,new,gold,2024-02-13
CL-01428,new,silver,2025-10-06
CL-01429,regular,none,2025-02-11
CL-01430,regular,platinum,2025-04-09
CL-01431,sleeping,none,2025-09-24
CL-01432,regular,gold,2025-03-05
CL-01433,new,silver,2025-08-28
CL-01434,new,none,2025-03-30
CL-01435,new,gold,2024-01-22
CL-01436,sleeping,gold,2025-12-23
CL-01437,new,silver,2025-12-30
CL-01438,regular,silver,2024-07-28
CL-01439,sleeping,none,2025-05-09
CL-01440,sleeping,none,2024-04-03
CL-01441,new,none,2024-08-04
CL-01442,new,none,2025-04-06
CL-01443,new,none,2024-09-21
CL-01444,new,silver,2026-01-06
CL-01445,new,none,2024-02-29
CL-01446,regular,silver,2025-06-23
CL-01447,sleeping,none,2025-04-10
CL-01448,regular,none,2025-11-09
CL-01449,regular,platinum,2025-09-06
CL-01450,new,platinum,2025-11-12
CL-01451,vip,gold,2025-08-26
CL-01452,regular,none,2024-06-15
CL-01453,vip,silver,2024-11-18
CL-01454,sleeping,none,2025-06-05
CL-01455,new,silver,2026-01-29
CL-01456,new,gold,2025-10-17
CL-01457,new,none,2025-05-08
CL-01458,regular,gold,2024-03-18
CL-01459,sleeping,silver,2024-11-15
CL-01460,regular,none,2025-05-10
CL-01461,regular,none,2025-08-09
CL-01462,regular,gold,2024-07-25
CL-01463,new,silver,2024-12-21
CL-01464,new,none,2025-09-16
CL-01465,regular,none,2025-09-25
CL-01466,regular,platinum,2024-06-18
CL-01467,regular,none,2024-07-11
CL-01468,new,platinum,2024-10-10
CL-01469,regular,silver,2025-05-04
CL-01470,new,none,2025-05-29
CL-01471,sleeping,none,2025-07-30
CL-01472,new,gold,2025-02-26
CL-01473,new,silver,2025-11-28
CL-01474,regular,none,2024-04-01
CL-01475,regular,none,2025-02-02
CL-01476,regular,gold,2024-06-20
CL-01477,regular,silver,2025-02-13
CL-01478,sleeping,silver,2025-11-04
CL-01479,regular,none,2025-11-03
CL-01480,regular,silver,2026-01-21
CL-01481,regular,gold,2025-01-07
CL-01482,new,none,2025-06-11
CL-01483,regular,platinum,2024-12-28
CL-01484,new,gold,2024-01-08
CL-01485,regular,none,2024-08-03
CL-01486,new,gold,2025-07-18
CL-01487,sleeping,silver,2024-02-10
CL-01488,regular,silver,2025-05-03
CL-01489,sleeping,none,2024-12-14
CL-01490,regular,gold,2024-11-08
CL-01491,new,silver,2025-07-13
CL-01492,vip,gold,2024-06-22
CL-01493,regular,none,2024-07-15
CL-01494,regular,none,2024-05-05
CL-01495,regular,platinum,2024-03-23
CL-01496,regular,silver,2024-03-04
CL-01497,vip,none,2024-03-19
CL-01498,regular,gold,2025-04-30
CL-01499,new,none,2024-08-15
CL-01500,regular,gold,2024-09-13
CL-01501,regular,gold,2025-07-26
CL-01502,sleeping,none,2025-01-28
CL-01503,regular,silver,2024-02-28
CL-01504,regular,platinum,2025-02-03
CL-01505,vip,platinum,2025-05-17
CL-01506,regular,silver,2025-04-06
CL-01507,regular,silver,2025-10-21
CL-01508,regular,silver,2025-03-27
CL-01509,new,none,2025-09-09
CL-01510,regular,silver,2025-01-29
CL-01511,new,none,2025-04-28
CL-01512,new,none,2024-04-27
CL-01513,regular,silver,2026-01-24
CL-01514,regular,gold,2024-01-21
CL-01515,sleeping,none,2026-01-05
CL-01516,new,none,2025-03-13
CL-01517,new,none,2024-09-13
CL-01518,sleeping,none,2024-11-17
CL-01519,new,platinum,2024-02-28
CL-01520,new,silver,2024-11-07
CL-01521,new,none,2024-02-24
CL-01522,regular,platinum,2024-11-22
CL-01523,sleeping,none,2024-04-13
CL-01524,regular,silver,2024-03-27
CL-01525,regular,gold,2025-06-25
CL-01526,new,gold,2024-05-16
CL-01527,regular,none,2024-09-11
CL-01528,regular,silver,2025-05-18
CL-01529,new,silver,2025-01-18
CL-01530,new,silver,2025-01-25
CL-01531,new,none,2024-12-01
CL-01532,new,gold,2025-04-08
CL-01533,regular,silver,2025-05-11
CL-01534,regular,silver,2024-04-08
CL-01535,new,platinum,2026-01-01
CL-01536,regular,gold,2025-09-10
CL-01537,regular,gold,2024-11-18
CL-01538,regular,none,2024-10-10
CL-01539,vip,none,2025-07-05
CL-01540,regular,silver,2025-04-10
CL-01541,vip,none,2025-09-02
CL-01542,new,silver,2024-12-19
CL-01543,regular,silver,2024-12-01
CL-01544,new,silver,2024-12-21
CL-01545,regular,none,2024-08-12
CL-01546,regular,gold,2025-08-14
CL-01547,new,silver,2025-08-28
CL-01548,regular,silver,2024-03-24
CL-01549,new,silver,2024-03-12
CL-01550,new,none,2024-02-26
CL-01551,new,silver,2024-09-07
CL-01552,regular,none,2024-03-17
CL-01553,new,silver,2025-03-08
CL-01554,regular,none,2026-01-26
CL-01555,new,none,2025-06-19
CL-01556,regular,none,2025-12-05
CL-01557,sleeping,none,2024-04-22
CL-01558,regular,gold,2025-06-16
CL-01559,regular,gold,2025-07-07
CL-01560,vip,none,2024-12-06
CL-01561,sleeping,none,2025-07-20
CL-01562,regular,gold,2024-03-05
CL-01563,sleeping,none,2025-04-12
CL-01564,sleeping,silver,2025-09-15
CL-01565,regular,none,2024-10-25
CL-01566,regular,silver,2024-05-23
CL-01567,new,platinum,2024-01-08
CL-01568,new,none,2024-07-26
CL-01569,regular,platinum,2025-09-16
CL-01570,regular,gold,2025-10-01
CL-01571,regular,platinum,2025-04-13
CL-01572,regular,gold,2024-07-14
CL-01573,regular,gold,2024-07-16
CL-01574,vip,silver,2025-10-03
CL-01575,new,gold,2025-03-19
CL-01576,new,none,2025-08-20
CL-01577,regular,silver,2024-10-08
CL-01578,vip,silver,2025-09-28
CL-01579,sleeping,none,2024-12-23
CL-01580,vip,none,2025-05-27
CL-01581,sleeping,none,2025-10-08
CL-01582,new,silver,2024-09-24
CL-01583,regular,none,2025-08-21
CL-01584,new,none,2025-05-11
CL-01585,regular,none,2025-01-12
CL-01586,sleeping,silver,2025-09-22
CL-01587,new,none,2024-11-30
CL-01588,regular,none,2025-07-23
CL-01589,new,none,2024-02-28
CL-01590,new,silver,2025-10-17
CL-01591,new,none,2026-01-03
CL-01592,new,platinum,2026-01-17
CL-01593,sleeping,none,2025-10-03
CL-01594,regular,none,2025-06-08
CL-01595,vip,silver,2025-07-17
CL-01596,regular,gold,2025-12-06
CL-01597,new,silver,2025-07-08
CL-01598,new,none,2024-07-25
CL-01599,vip,silver,2024-05-01
CL-01600,new,silver,2026-01-09
CL-01601,sleeping,silver,2024-04-15
CL-01602,new,platinum,2025-11-22
CL-01603,regular,platinum,2025-12-12
CL-01604,vip,silver,2024-02-01
CL-01605,new,none,2025-09-05
CL-01606,new,silver,2025-03-24
CL-01607,sleeping,platinum,2024-10-23
CL-01608,new,gold,2025-01-17
CL-01609,regular,none,2024-11-21
CL-01610,regular,none,2025-09-11
CL-01611,new,none,2024-11-08
CL-01612,regular,gold,2024-04-06
CL-01613,regular,silver,2024-10-28
CL-01614,regular,none,2025-02-05
CL-01615,vip,none,2024-12-08
CL-01616,new,none,2025-01-15
CL-01617,new,gold,2026-01-20
CL-01618,regular,silver,2024-10-27
CL-01619,sleeping,none,2025-09-13
CL-01620,new,silver,2026-01-24
CL-01621,new,silver,2025-09-23
CL-01622,regular,silver,2025-02-14
CL-01623,vip,gold,2026-01-21
CL-01624,new,none,2024-11-10
CL-01625,regular,none,2024-07-31
CL-01626,regular,none,2025-10-12
CL-01627,regular,silver,2025-11-29
CL-01628,new,platinum,2024-04-15
CL-01629,new,none,2024-08-30
CL-01630,regular,gold,2024-08-06
CL-01631,regular,silver,2025-09-15
CL-01632,vip,platinum,2024-07-30
CL-01633,regular,silver,2025-05-19
CL-01634,regular,none,2025-12-10
CL-01635,sleeping,gold,2025-11-22
CL-01636,regular,gold,2025-10-31
CL-01637,regular,silver,2025-02-06
CL-01638,sleeping,gold,2025-04-06
CL-01639,new,none,2025-07-05
CL-01640,regular,silver,2024-08-30
CL-01641,regular,none,2025-01-15
CL-01642,new,silver,2024-12-21
CL-01643,regular,none,2025-08-31
CL-01644,new,none,2025-03-10
CL-01645,new,none,2024-12-04
CL-01646,regular,silver,2025-02-14
CL-01647,new,gold,2024-05-10
CL-01648,regular,none,2024-07-13
CL-01649,sleeping,silver,2025-08-31
CL-01650,vip,none,2024-04-09
CL-01651,new,silver,2025-06-02
CL-01652,new,none,2025-11-20
CL-01653,new,silver,2025-06-03
CL-01654,new,gold,2025-05-02
CL-01655,sleeping,silver,2025-06-29
CL-01656,regular,silver,2024-04-20
CL-01657,new,silver,2024-04-14
CL-01658,vip,none,2026-01-22
CL-01659,regular,none,2024-11-20
CL-01660,new,none,2024-11-08
CL-01661,new,silver,2024-04-30
CL-01662,regular,gold,2025-07-11
CL-01663,regular,silver,2024-01-26
CL-01664,new,silver,2024-05-14
CL-01665,sleeping,none,2024-06-19
CL-01666,vip,none,2025-12-09
CL-01667,vip,platinum,2025-12-23
CL-01668,new,none,2024-03-01
CL-01669,new,silver,2024-04-15
CL-01670,vip,none,2025-12-27
CL-01671,new,none,2025-04-27
CL-01672,regular,none,2025-07-06
CL-01673,regular,gold,2025-03-07
CL-01674,new,none,2024-06-21
CL-01675,regular,silver,2025-07-09
CL-01676,sleeping,none,2024-05-17
CL-01677,regular,silver,2024-01-23
CL-01678,regular,silver,2025-09-28
CL-01679,vip,silver,2024-10-15
CL-01680,regular,none,2024-01-31
CL-01681,regular,none,2024-11-26
CL-01682,vip,gold,2024-03-27
CL-01683,regular,silver,2024-12-23
CL-01684,new,none,2025-05-26
CL-01685,new,silver,2024-09-13
CL-01686,new,none,2024-02-28
CL-01687,regular,silver,2025-11-07
CL-01688,regular,silver,2025-02-15
CL-01689,regular,none,2024-01-18
CL-01690,regular,silver,2025-03-12
CL-01691,regular,silver,2025-12-03
CL-01692,sleeping,gold,2024-01-14
CL-01693,new,silver,2025-08-20
CL-01694,regular,silver,2024-10-13
CL-01695,regular,gold,2025-06-21
CL-01696,regular,none,2024-01-22
CL-01697,new,silver,2025-11-20
CL-01698,regular,none,2026-01-04
CL-01699,sleeping,none,2025-02-21
CL-01700,regular,silver,2024-06-12
CL-01701,sleeping,none,2024-04-24
CL-01702,sleeping,silver,2025-06-08
CL-01703,regular,silver,2025-08-26
CL-01704,regular,none,2025-05-27
CL-01705,regular,none,2025-01-09
CL-01706,sleeping,silver,2025-08-09
CL-01707,new,silver,2025-07-14
CL-01708,regular,gold,2024-09-11
CL-01709,vip,none,2025-08-13
CL-01710,new,gold,2024-05-20
CL-01711,regular,none,2025-09-15
CL-01712,regular,none,2025-02-07
CL-01713,sleeping,silver,2025-07-21
CL-01714,sleeping,none,2025-06-11
CL-01715,new,none,2024-03-13
CL-01716,regular,none,2025-07-28
CL-01717,new,gold,2025-08-18
CL-01718,regular,gold,2024-02-07
CL-01719,regular,platinum,2024-06-20
CL-01720,vip,none,2025-07-26
CL-01721,new,silver,2024-10-01
CL-01722,new,gold,2024-03-26
CL-01723,regular,none,2025-10-11
CL-01724,regular,none,2025-02-02
CL-01725,regular,none,2024-10-26
CL-01726,new,silver,2025-02-26
CL-01727,new,silver,2024-10-30
CL-01728,vip,none,2024-04-06
CL-01729,new,none,2025-03-02
CL-01730,regular,silver,2026-01-02
CL-01731,sleeping,silver,2025-12-24
CL-01732,new,none,2025-04-29
CL-01733,regular,none,2024-05-03
CL-01734,new,platinum,2024-06-19
CL-01735,vip,silver,2024-08-27
CL-01736,regular,silver,2024-02-08
CL-01737,sleeping,silver,2024-04-16
CL-01738,new,platinum,2025-08-12
CL-01739,regular,none,2024-11-22
CL-01740,regular,none,2025-10-01
CL-01741,new,none,2024-02-16
CL-01742,new,gold,2024-03-09
CL-01743,new,none,2025-06-08
CL-01744,sleeping,none,2024-07-14
CL-01745,regular,none,2024-06-20
CL-01746,regular,silver,2025-05-03
CL-01747,regular,silver,2025-11-25
CL-01748,regular,none,2024-11-14
CL-01749,regular,none,2025-08-02
CL-01750,regular,gold,2024-09-17
CL-01751,regular,none,2025-09-29
CL-01752,new,silver,2024-11-18
CL-01753,sleeping,none,2024-04-25
CL-01754,vip,gold,2025-01-19
CL-01755,new,silver,2024-08-10
CL-01756,regular,silver,2024-05-20
CL-01757,new,none,2024-05-19
CL-01758,sleeping,none,2024-10-21
CL-01759,sleeping,silver,2024-01-08
CL-01760,sleeping,silver,2024-02-23
CL-01761,new,gold,2025-03-24
CL-01762,new,silver,2024-01-05
CL-01763,new,silver,2025-08-09
CL-01764,new,gold,2026-01-11
CL-01765,new,silver,2024-05-19
CL-01766,new,gold,2024-02-11
CL-01767,sleeping,none,2024-06-08
CL-01768,new,none,2024-02-03
CL-01769,new,gold,2024-07-23
CL-01770,vip,none,2025-11-07
CL-01771,regular,none,2025-09-15
CL-01772,regular,none,2026-01-11
CL-01773,regular,silver,2025-09-08
CL-01774,sleeping,silver,2025-10-03
CL-01775,regular,none,2025-03-26
CL-01776,regular,none,2024-04-16
CL-01777,regular,none,2025-08-07
CL-01778,regular,none,2025-05-01
CL-01779,new,none,2026-01-01
CL-01780,regular,none,2025-06-13
CL-01781,new,gold,2025-02-18
CL-01782,regular,silver,2025-08-09
CL-01783,new,none,2025-05-13
CL-01784,new,none,2024-03-26
CL-01785,new,none,2025-04-09
CL-01786,vip,none,2024-10-23
CL-01787,new,none,2024-05-03
CL-01788,regular,gold,2024-07-28
CL-01789,vip,silver,2025-09-26
CL-01790,new,silver,2025-05-12
CL-01791,regular,none,2024-02-14
CL-01792,new,silver,2024-09-18
CL-01793,new,platinum,2025-06-05
CL-01794,regular,none,2025-01-21
CL-01795,sleeping,gold,2025-08-12
CL-01796,new,none,2025-04-21
CL-01797,regular,silver,2024-01-29
CL-01798,new,none,2025-10-20
CL-01799,regular,silver,2025-03-09
CL-01800,regular,none,2025-11-30
CL-01801,regular,silver,2024-06-16
CL-01802,regular,silver,2025-06-11
CL-01803,new,silver,2024-01-23
CL-01804,regular,silver,2024-04-28
CL-01805,regular,none,2025-11-01
CL-01806,regular,silver,2025-11-06
CL-01807,new,none,2025-12-26
CL-01808,regular,silver,2024-06-04
CL-01809,regular,none,2025-11-08
CL-01810,new,silver,2024-02-10
CL-01811,new,none,2024-10-31
CL-01812,regular,platinum,2024-11-28
CL-01813,regular,silver,2025-08-25
CL-01814,new,none,2025-06-04
CL-01815,vip,silver,2024-09-29
CL-01816,regular,none,2024-04-23
CL-01817,regular,none,2024-10-04
CL-01818,regular,none,2024-08-15
CL-01819,regular,gold,2025-05-24
CL-01820,regular,platinum,2024-03-01
CL-01821,sleeping,gold,2024-11-08
CL-01822,regular,none,2025-04-14
CL-01823,regular,none,2025-05-06
CL-01824,regular,gold,2025-06-22
CL-01825,regular,none,2024-08-05
CL-01826,new,silver,2025-01-29
CL-01827,regular,platinum,2024-03-15
CL-01828,regular,none,2024-12-03
CL-01829,sleeping,none,2026-01-16
CL-01830,regular,gold,2025-10-06
CL-01831,regular,silver,2025-04-18
CL-01832,sleeping,platinum,2024-11-14
CL-01833,regular,silver,2025-11-15
CL-01834,new,none,2024-12-01
CL-01835,new,gold,2025-08-03
CL-01836,new,gold,2025-03-14
CL-01837,new,platinum,2024-01-17
CL-01838,regular,silver,2025-06-18
CL-01839,regular,silver,2025-11-09
CL-01840,regular,none,2025-08-13
CL-01841,new,none,2025-04-12
CL-01842,regular,platinum,2024-02-01
CL-01843,new,platinum,2024-01-18
CL-01844,sleeping,silver,2025-10-08
CL-01845,new,platinum,2024-12-26
CL-01846,regular,none,2024-12-09
CL-01847,new,gold,2025-05-02
CL-01848,regular,silver,2025-11-19
CL-01849,regular,silver,2024-11-27
CL-01850,regular,silver,2025-02-11
CL-01851,new,silver,2025-02-28
CL-01852,sleeping,gold,2024-12-27
CL-01853,regular,none,2025-05-13
CL-01854,regular,gold,2024-05-28
CL-01855,vip,none,2024-10-10
CL-01856,sleeping,none,2024-12-22
CL-01857,new,silver,2025-01-29
CL-01858,new,gold,2025-01-09
CL-01859,new,gold,2024-11-14
CL-01860,new,none,2025-11-10
CL-01861,regular,none,2025-08-31
CL-01862,sleeping,silver,2025-11-05
CL-01863,sleeping,gold,2025-03-27
CL-01864,regular,platinum,2025-01-04
CL-01865,regular,gold,2024-11-23
CL-01866,vip,silver,2025-10-21
CL-01867,sleeping,gold,2025-05-21
CL-01868,new,none,2025-10-11
CL-01869,regular,gold,2025-10-07
CL-01870,vip,silver,2025-12-21
CL-01871,new,none,2025-02-18
CL-01872,regular,silver,2024-10-01
CL-01873,sleeping,gold,2025-11-21
CL-01874,sleeping,none,2024-06-10
CL-01875,sleeping,none,2024-09-02
CL-01876,regular,silver,2025-12-18
CL-01877,new,platinum,2025-06-26
CL-01878,new,silver,2025-03-20
CL-01879,regular,none,2025-02-07
CL-01880,regular,silver,2024-12-20
CL-01881,regular,none,2025-11-12
CL-01882,regular,none,2024-11-08
CL-01883,regular,none,2024-12-30
CL-01884,regular,silver,2024-03-05
CL-01885,new,none,2024-03-28
CL-01886,new,none,2024-06-04
CL-01887,new,none,2024-08-15
CL-01888,new,silver,2024-08-09
CL-01889,vip,none,2025-05-21
CL-01890,regular,none,2025-02-23
CL-01891,new,silver,2024-01-04
CL-01892,regular,gold,2025-01-27
CL-01893,regular,gold,2024-03-03
CL-01894,new,silver,2025-02-16
CL-01895,new,silver,2024-02-08
CL-01896,new,gold,2024-02-28
CL-01897,regular,silver,2025-09-19
CL-01898,new,silver,2024-01-08
CL-01899,new,none,2026-01-09
CL-01900,new,none,2024-12-17
CL-01901,regular,none,2025-09-19
CL-01902,new,none,2024-05-27
CL-01903,vip,platinum,2024-12-20
CL-01904,new,none,2025-11-08
CL-01905,regular,silver,2024-02-28
CL-01906,regular,platinum,2024-11-23
CL-01907,regular,silver,2024-04-03
CL-01908,new,none,2024-09-24
CL-01909,vip,platinum,2026-01-07
CL-01910,sleeping,none,2025-02-17
CL-01911,new,none,2024-09-10
CL-01912,new,silver,2025-04-22
CL-01913,sleeping,none,2024-08-02
CL-01914,regular,gold,2024-03-03
CL-01915,new,none,2025-03-05
CL-01916,new,gold,2025-07-17
CL-01917,regular,none,2024-05-15
CL-01918,regular,gold,2024-04-14
CL-01919,regular,none,2025-03-30
CL-01920,sleeping,platinum,2024-10-20
CL-01921,regular,none,2025-12-12
CL-01922,new,gold,2024-09-28
CL-01923,regular,gold,2024-10-25
CL-01924,regular,silver,2025-03-08
CL-01925,new,none,2026-01-13
CL-01926,new,silver,2025-06-07
CL-01927,regular,silver,2025-05-21
CL-01928,regular,silver,2025-08-31
CL-01929,new,silver,2025-09-12
CL-01930,regular,platinum,2025-02-04
CL-01931,regular,platinum,2024-08-05
CL-01932,regular,silver,2024-04-28
CL-01933,regular,none,2025-03-07
CL-01934,vip,none,2025-06-12
CL-01935,regular,silver,2024-10-05
CL-01936,new,platinum,2024-12-29
CL-01937,regular,silver,2024-12-04
CL-01938,regular,none,2025-03-23
CL-01939,new,none,2025-09-14
CL-01940,new,none,2024-12-03
CL-01941,new,platinum,2025-01-29
CL-01942,regular,silver,2024-11-12
CL-01943,regular,none,2024-08-17
CL-01944,new,none,2025-06-17
CL-01945,vip,none,2025-04-13
CL-01946,sleeping,silver,2025-02-02
CL-01947,new,silver,2024-08-12
CL-01948,sleeping,none,2025-10-21
CL-01949,new,none,2025-09-03
CL-01950,sleeping,gold,2025-07-19
CL-01951,sleeping,gold,2025-09-11
CL-01952,new,silver,2024-12-27
CL-01953,regular,silver,2025-04-22
CL-01954,sleeping,platinum,2024-06-11
CL-01955,sleeping,silver,2025-08-18
CL-01956,sleeping,platinum,2024-01-14
CL-01957,regular,none,2025-01-21
CL-01958,new,none,2024-06-05
CL-01959,vip,none,2025-03-28
CL-01960,regular,gold,2024-08-01
CL-01961,regular,silver,2026-01-02
CL-01962,regular,none,2024-03-30
CL-01963,regular,platinum,2025-09-17
CL-01964,new,platinum,2025-05-23
CL-01965,regular,none,2026-01-26
CL-01966,new,silver,2024-09-04
CL-01967,regular,silver,2025-06-19
CL-01968,vip,none,2024-01-23
CL-01969,regular,silver,2025-05-29
CL-01970,regular,none,2024-11-28
CL-01971,new,gold,2025-07-06
CL-01972,sleeping,gold,2025-08-19
CL-01973,regular,gold,2025-01-04
CL-01974,regular,gold,2024-09-15
CL-01975,new,none,2025-06-25
CL-01976,new,none,2025-11-16
CL-01977,regular,silver,2024-09-30
CL-01978,sleeping,none,2025-10-10
CL-01979,regular,silver,2024-12-03
CL-01980,new,none,2025-11-06
CL-01981,vip,none,2025-05-08
CL-01982,regular,silver,2025-05-22
CL-01983,vip,silver,2025-06-07
CL-01984,new,silver,2025-09-05
CL-01985,regular,silver,2025-10-16
CL-01986,sleeping,silver,2024-10-22
CL-01987,new,gold,2025-07-20
CL-01988,regular,silver,2025-06-10
CL-01989,sleeping,silver,2025-03-25
CL-01990,new,silver,2024-06-19
CL-01991,new,silver,2024-12-19
CL-01992,regular,none,2024-06-04
CL-01993,new,silver,2024-04-13
CL-01994,new,none,2025-12-18
CL-01995,regular,gold,2025-07-04
CL-01996,regular,gold,2025-02-21
CL-01997,new,silver,2024-12-01
CL-01998,new,gold,2024-02-24
CL-01999,vip,silver,2024-09-23
CL-02000,regular,none,2024-05-29
CL-02001,vip,silver,2025-02-13
CL-02002,regular,platinum,2024-12-16
CL-02003,sleeping,none,2026-01-02
CL-02004,regular,none,2025-10-04
CL-02005,new,silver,2025-04-01
CL-02006,sleeping,silver,2025-11-11
CL-02007,regular,silver,2024-09-07
CL-02008,new,silver,2024-03-27
CL-02009,new,gold,2025-03-02
CL-02010,regular,none,2024-02-17
CL-02011,new,silver,2025-12-17
CL-02012,new,gold,2024-04-02
CL-02013,new,none,2025-10-12
CL-02014,regular,silver,2025-05-25
CL-02015,regular,none,2024-07-06
CL-02016,regular,none,2025-02-08
CL-02017,new,silver,2025-02-17
CL-02018,new,none,2025-07-14
CL-02019,regular,silver,2024-11-20
CL-02020,regular,silver,2025-03-26
CL-02021,regular,gold,2024-11-11
CL-02022,new,gold,2024-03-13
CL-02023,new,none,2025-06-24
CL-02024,new,none,2024-07-14
CL-02025,regular,gold,2024-07-30
CL-02026,regular,none,2024-09-08
CL-02027,vip,none,2025-03-06
CL-02028,regular,none,2025-06-21
CL-02029,regular,silver,2025-09-11
CL-02030,regular,none,2025-03-29
CL-02031,new,none,2024-10-29
CL-02032,regular,silver,2025-12-20
CL-02033,new,gold,2024-12-27
CL-02034,regular,none,2024-04-20
CL-02035,new,silver,2025-09-01
CL-02036,regular,silver,2025-12-14
CL-02037,sleeping,silver,2024-08-08
CL-02038,new,none,2024-06-16
CL-02039,regular,none,2024-09-24
CL-02040,regular,none,2024-09-18
CL-02041,new,gold,2024-05-26
CL-02042,regular,none,2024-01-27
CL-02043,regular,platinum,2024-05-22
CL-02044,sleeping,none,2024-08-13
CL-02045,sleeping,none,2024-05-23
CL-02046,new,silver,2024-05-31
CL-02047,regular,gold,2025-12-17
CL-02048,regular,none,2024-06-14
CL-02049,new,none,2025-09-16
CL-02050,new,silver,2025-03-10
CL-02051,sleeping,none,2024-11-27
CL-02052,new,silver,2025-08-16
CL-02053,regular,gold,2024-01-13
CL-02054,vip,none,2025-07-20
CL-02055,new,gold,2024-11-12
CL-02056,regular,none,2025-09-22
CL-02057,sleeping,gold,2026-01-01
CL-02058,regular,platinum,2025-07-09
CL-02059,new,silver,2024-03-27
CL-02060,new,platinum,2026-01-12
CL-02061,sleeping,gold,2025-07-31
CL-02062,new,none,2024-01-15
CL-02063,regular,none,2024-05-24
CL-02064,new,none,2026-01-20
CL-02065,regular,silver,2025-09-27
CL-02066,sleeping,silver,2024-11-07
CL-02067,regular,silver,2025-12-27
CL-02068,sleeping,silver,2024-12-29
CL-02069,new,silver,2025-10-21
CL-02070,regular,none,2025-03-14
CL-02071,vip,none,2025-05-16
CL-02072,regular,platinum,2024-01-07
CL-02073,new,none,2026-01-07
CL-02074,vip,none,2024-05-18
CL-02075,regular,none,2024-06-11
CL-02076,regular,platinum,2024-12-04
CL-02077,sleeping,none,2025-07-27
CL-02078,new,silver,2025-08-07
CL-02079,new,none,2025-04-21
CL-02080,new,none,2025-10-23
CL-02081,regular,silver,2025-06-11
CL-02082,new,silver,2024-04-22
CL-02083,regular,silver,2025-08-18
CL-02084,new,none,2024-07-18
CL-02085,regular,platinum,2025-01-29
CL-02086,new,silver,2025-04-06
CL-02087,regular,platinum,2024-10-25
CL-02088,new,none,2024-10-01
CL-02089,regular,silver,2024-07-22
CL-02090,regular,none,2024-08-14
CL-02091,regular,gold,2026-01-19
CL-02092,vip,silver,2024-10-18
CL-02093,regular,silver,2024-12-25
CL-02094,new,none,2025-06-17
CL-02095,sleeping,none,2024-07-07
CL-02096,new,none,2024-05-30
CL-02097,new,gold,2024-06-08
CL-02098,regular,none,2024-02-17
CL-02099,new,none,2024-12-08
CL-02100,new,none,2024-01-03
CL-02101,regular,none,2024-10-14
CL-02102,new,platinum,2025-02-04
CL-02103,vip,none,2024-07-15
CL-02104,sleeping,platinum,2024-07-09
CL-02105,regular,silver,2025-04-01
CL-02106,regular,silver,2025-03-02
CL-02107,regular,silver,2025-08-22
CL-02108,sleeping,silver,2025-10-31
CL-02109,new,silver,2024-07-07
CL-02110,new,none,2024-08-11
CL-02111,regular,gold,2025-02-02
CL-02112,regular,none,2024-05-19
CL-02113,new,none,2025-07-07
CL-02114,regular,silver,2024-01-02
CL-02115,new,silver,2024-10-06
CL-02116,sleeping,none,2026-01-15
CL-02117,new,none,2025-07-11
CL-02118,new,none,2025-01-27
CL-02119,new,silver,2024-01-03
CL-02120,new,none,2025-09-01
CL-02121,new,gold,2024-12-04
CL-02122,new,none,2025-10-14
CL-02123,new,platinum,2025-08-18
CL-02124,new,silver,2026-01-26
CL-02125,regular,gold,2024-03-30
CL-02126,regular,platinum,2025-10-15
CL-02127,new,none,2025-06-24
CL-02128,new,silver,2024-08-11
CL-02129,new,none,2025-10-03
CL-02130,new,none,2025-03-04
CL-02131,new,none,2025-05-16
CL-02132,regular,silver,2026-01-01
CL-02133,sleeping,gold,2025-03-11
CL-02134,sleeping,none,2025-04-26
CL-02135,regular,silver,2025-10-19
CL-02136,regular,none,2025-08-07
CL-02137,new,none,2025-05-02
CL-02138,regular,none,2025-11-20
CL-02139,regular,silver,2025-11-22
CL-02140,vip,silver,2025-04-11
CL-02141,sleeping,none,2024-03-15
CL-02142,regular,none,2025-06-10
CL-02143,regular,silver,2024-09-09
CL-02144,vip,gold,2025-03-23
CL-02145,new,none,2024-10-13
CL-02146,sleeping,silver,2024-09-14
CL-02147,new,silver,2026-01-10
CL-02148,sleeping,silver,2024-07-08
CL-02149,regular,none,2024-05-02
CL-02150,new,gold,2025-04-26
CL-02151,regular,silver,2025-05-04
CL-02152,new,none,2026-01-15
CL-02153,regular,gold,2024-02-13
CL-02154,regular,gold,2025-11-27
CL-02155,regular,silver,2025-09-30
CL-02156,vip,gold,2024-06-08
CL-02157,new,none,2025-09-14
CL-02158,new,gold,2025-10-02
CL-02159,regular,none,2024-03-28
CL-02160,new,gold,2024-01-17
CL-02161,regular,none,2025-05-17
CL-02162,new,none,2025-03-23
CL-02163,regular,silver,2025-10-18
CL-02164,regular,gold,2025-12-08
CL-02165,vip,silver,2024-03-20
CL-02166,new,gold,2025-12-30
CL-02167,sleeping,none,2025-10-10
CL-02168,regular,none,2025-04-03
CL-02169,new,silver,2024-10-01
CL-02170,regular,none,2025-04-24
CL-02171,regular,silver,2025-03-05
CL-02172,new,platinum,2024-10-23
CL-02173,regular,silver,2024-02-29
CL-02174,new,silver,2025-07-03
CL-02175,regular,silver,2024-08-20
CL-02176,regular,gold,2024-07-05
CL-02177,regular,silver,2024-10-12
CL-02178,vip,gold,2024-01-26
CL-02179,new,none,2024-10-24
CL-02180,sleeping,silver,2025-09-26
CL-02181,regular,none,2025-07-09
CL-02182,sleeping,silver,2024-02-15
CL-02183,vip,gold,2024-09-07
CL-02184,new,gold,2025-05-20
CL-02185,regular,none,2025-12-08
CL-02186,new,gold,2024-11-28
CL-02187,vip,none,2026-01-21
CL-02188,regular,silver,2024-02-02
CL-02189,new,silver,2025-11-22
CL-02190,sleeping,silver,2024-05-01
CL-02191,new,none,2025-07-08
CL-02192,regular,silver,2024-03-17
CL-02193,regular,silver,2026-01-21
CL-02194,new,silver,2024-06-11
CL-02195,regular,silver,2024-10-06
CL-02196,vip,silver,2025-04-27
CL-02197,new,silver,2024-02-08
CL-02198,regular,none,2025-03-09
CL-02199,new,silver,2024-08-10
CL-02200,regular,silver,2024-11-25
CL-02201,new,none,2024-09-10
CL-02202,sleeping,none,2025-10-02
CL-02203,sleeping,gold,2024-12-12
CL-02204,new,gold,2025-07-26
CL-02205,new,silver,2024-02-01
CL-02206,regular,gold,2025-06-02
CL-02207,regular,platinum,2024-10-18
CL-02208,regular,silver,2025-03-31
CL-02209,new,none,2025-10-05
CL-02210,new,silver,2025-06-13
CL-02211,sleeping,gold,2024-09-25
CL-02212,regular,silver,2024-06-21
CL-02213,vip,none,2025-11-05
CL-02214,regular,gold,2024-07-16
CL-02215,sleeping,gold,2024-01-27
CL-02216,new,silver,2024-08-14
CL-02217,new,platinum,2024-01-09
CL-02218,sleeping,silver,2025-07-17
CL-02219,sleeping,gold,2025-11-07
CL-02220,new,platinum,2024-11-24
CL-02221,regular,none,2025-04-11
CL-02222,regular,gold,2025-12-30
CL-02223,regular,none,2025-12-04
CL-02224,new,gold,2024-01-31
CL-02225,sleeping,gold,2024-02-22
CL-02226,new,gold,2024-10-18
CL-02227,regular,gold,2024-07-31
CL-02228,new,gold,2024-04-27
CL-02229,new,none,2024-04-24
CL-02230,regular,silver,2025-09-12
CL-02231,new,none,2024-05-27
CL-02232,regular,gold,2024-12-30
CL-02233,new,silver,2024-02-04
CL-02234,sleeping,silver,2025-04-16
CL-02235,regular,none,2025-07-17
CL-02236,vip,silver,2025-03-30
CL-02237,new,silver,2024-08-04
CL-02238,new,platinum,2024-03-01
CL-02239,regular,gold,2024-10-31
CL-02240,regular,silver,2025-08-18
CL-02241,new,gold,2024-03-31
CL-02242,new,none,2025-09-16
CL-02243,regular,none,2025-11-25
CL-02244,new,silver,2025-04-06
CL-02245,regular,silver,2025-10-03
CL-02246,new,none,2024-08-01
CL-02247,new,none,2025-04-17
CL-02248,regular,silver,2025-07-04
CL-02249,regular,none,2025-06-27
CL-02250,new,silver,2025-06-16
CL-02251,regular,silver,2024-05-27
CL-02252,regular,gold,2025-11-24
CL-02253,regular,none,2025-06-02
CL-02254,regular,none,2024-03-30
CL-02255,sleeping,none,2025-04-30
CL-02256,regular,none,2025-11-22
CL-02257,sleeping,gold,2024-01-19
CL-02258,regular,silver,2025-11-05
CL-02259,new,none,2024-09-07
CL-02260,regular,platinum,2024-08-14
CL-02261,regular,gold,2025-01-05
CL-02262,sleeping,none,2025-06-28
CL-02263,regular,none,2024-03-19
CL-02264,new,gold,2024-07-19
CL-02265,regular,silver,2025-09-05
CL-02266,new,platinum,2024-06-27
CL-02267,regular,none,2024-09-22
CL-02268,regular,gold,2025-05-02
CL-02269,regular,none,2024-07-09
CL-02270,vip,none,2024-02-08
CL-02271,regular,gold,2025-02-04
CL-02272,regular,silver,2024-03-14
CL-02273,regular,none,2024-10-20
CL-02274,vip,none,2025-05-16
CL-02275,vip,gold,2025-07-16
CL-02276,new,none,2025-12-24
CL-02277,regular,none,2025-10-24
CL-02278,new,none,2024-01-26
CL-02279,vip,none,2025-01-04
CL-02280,regular,gold,2024-01-18
CL-02281,regular,none,2025-08-31
CL-02282,new,silver,2024-02-26
CL-02283,new,silver,2025-08-13
CL-02284,regular,none,2024-01-02
CL-02285,new,silver,2024-03-25
CL-02286,new,none,2025-12-06
CL-02287,sleeping,gold,2024-05-21
CL-02288,regular,gold,2024-12-26
CL-02289,new,gold,2025-01-30
CL-02290,new,none,2025-06-10
CL-02291,sleeping,gold,2025-12-11
CL-02292,regular,silver,2024-11-12
CL-02293,regular,none,2025-04-03
CL-02294,new,none,2026-01-27
CL-02295,new,none,2024-03-23
CL-02296,new,none,2024-12-30
CL-02297,regular,none,2024-08-18
CL-02298,new,gold,2025-12-14
CL-02299,new,platinum,2025-04-12
CL-02300,regular,none,2025-05-08
CL-02301,sleeping,platinum,2024-05-22
CL-02302,regular,silver,2025-12-21
CL-02303,regular,silver,2024-02-21
CL-02304,regular,platinum,2025-01-11
CL-02305,regular,silver,2025-06-15
CL-02306,new,silver,2025-10-29
CL-02307,regular,none,2024-07-26
CL-02308,regular,none,2024-09-10
CL-02309,regular,gold,2024-01-29
CL-02310,sleeping,none,2025-05-17
CL-02311,sleeping,none,2024-05-29
CL-02312,new,none,2025-04-14
CL-02313,regular,silver,2024-03-05
CL-02314,new,none,2025-01-04
CL-02315,regular,platinum,2024-12-29
CL-02316,new,silver,2025-01-16
CL-02317,new,gold,2024-08-22
CL-02318,regular,silver,2024-05-09
CL-02319,regular,silver,2025-08-12
CL-02320,sleeping,none,2025-11-19
CL-02321,new,none,2024-07-29
CL-02322,new,gold,2024-12-11
CL-02323,regular,gold,2024-03-23
CL-02324,new,silver,2024-04-25
CL-02325,new,gold,2024-09-24
CL-02326,sleeping,gold,2025-06-19
CL-02327,new,none,2025-05-26
CL-02328,new,silver,2025-07-06
CL-02329,regular,gold,2024-03-08
CL-02330,regular,gold,2024-02-04
CL-02331,regular,none,2024-07-28
CL-02332,regular,none,2024-09-09
CL-02333,vip,silver,2025-01-25
CL-02334,new,none,2025-03-20
CL-02335,regular,none,2024-05-22
CL-02336,regular,silver,2025-09-16
CL-02337,vip,silver,2025-07-21
CL-02338,regular,none,2024-08-24
CL-02339,regular,silver,2025-05-05
CL-02340,new,none,2024-08-15
CL-02341,new,none,2024-02-16
CL-02342,new,gold,2025-07-13
CL-02343,regular,gold,2024-03-06
CL-02344,new,none,2024-06-15
CL-02345,regular,gold,2024-08-18
CL-02346,new,gold,2025-11-11
CL-02347,vip,silver,2025-03-21
CL-02348,vip,platinum,2025-08-23
CL-02349,new,none,2025-11-21
CL-02350,new,none,2025-11-09
CL-02351,new,gold,2025-04-07
CL-02352,vip,silver,2024-09-25
CL-02353,new,none,2024-11-02
CL-02354,regular,none,2024-05-05
CL-02355,regular,none,2025-03-23
CL-02356,regular,none,2025-03-20
CL-02357,regular,none,2026-01-08
CL-02358,regular,platinum,2024-05-24
CL-02359,sleeping,none,2025-07-29
CL-02360,new,gold,2024-07-21
CL-02361,vip,none,2024-02-29
CL-02362,new,none,2024-10-31
CL-02363,regular,gold,2026-01-02
CL-02364,sleeping,none,2024-12-17
CL-02365,regular,none,2024-05-21
CL-02366,regular,gold,2024-09-02
CL-02367,new,none,2025-06-12
CL-02368,regular,none,2024-08-04
CL-02369,regular,platinum,2024-06-24
CL-02370,regular,silver,2024-07-06
CL-02371,regular,silver,2024-03-03
CL-02372,new,none,2025-06-08
CL-02373,new,none,2024-08-31
CL-02374,new,silver,2024-08-20
CL-02375,regular,silver,2024-09-06
CL-02376,new,none,2025-06-11
CL-02377,vip,gold,2025-10-26
CL-02378,regular,gold,2025-07-18
CL-02379,new,silver,2025-03-07
CL-02380,regular,silver,2025-06-26
CL-02381,vip,silver,2024-06-21
CL-02382,new,silver,2025-11-25
CL-02383,new,none,2025-04-10
CL-02384,new,gold,2025-12-26
CL-02385,new,silver,2024-07-22
CL-02386,regular,platinum,2024-04-21
CL-02387,sleeping,platinum,2025-06-27
CL-02388,new,none,2024-08-31
CL-02389,regular,none,2024-06-06
CL-02390,new,silver,2025-08-21
CL-02391,regular,silver,2025-02-09
CL-02392,regular,gold,2025-08-17
CL-02393,regular,none,2024-07-04
CL-02394,new,silver,2024-02-23
CL-02395,regular,platinum,2024-11-07
CL-02396,sleeping,platinum,2026-01-01
CL-02397,new,none,2025-03-21
CL-02398,new,platinum,2025-10-12
CL-02399,new,none,2025-10-02
CL-02400,regular,silver,2025-11-14
CL-02401,regular,none,2024-12-14
CL-02402,regular,silver,2024-06-04
CL-02403,regular,none,2025-11-14
CL-02404,sleeping,none,2025-01-15
CL-02405,vip,none,2024-08-31
CL-02406,new,gold,2024-11-30
CL-02407,regular,silver,2025-08-17
CL-02408,new,silver,2024-09-30
CL-02409,new,silver,2025-09-23
CL-02410,sleeping,none,2024-06-21
CL-02411,regular,none,2024-08-29
CL-02412,sleeping,none,2024-04-16
CL-02413,regular,silver,2025-10-24
CL-02414,regular,platinum,2025-10-23
CL-02415,regular,none,2024-06-06
CL-02416,new,silver,2025-02-07
CL-02417,new,gold,2025-08-24
CL-02418,regular,gold,2025-04-01
CL-02419,new,none,2025-05-05
CL-02420,sleeping,platinum,2024-07-17
CL-02421,new,silver,2024-01-23
CL-02422,new,silver,2025-12-11
CL-02423,regular,gold,2025-11-25
CL-02424,new,none,2025-12-12
CL-02425,sleeping,gold,2024-02-02
CL-02426,regular,silver,2025-05-25
CL-02427,new,gold,2024-07-09
CL-02428,regular,gold,2024-08-31
CL-02429,regular,silver,2024-11-09
CL-02430,regular,none,2024-06-25
CL-02431,vip,none,2025-03-28
CL-02432,regular,gold,2025-03-28
CL-02433,regular,silver,2025-12-06
CL-02434,new,gold,2025-09-24
CL-02435,regular,none,2025-06-17
CL-02436,sleeping,silver,2026-01-04
CL-02437,regular,gold,2024-11-21
CL-02438,regular,gold,2024-02-21
CL-02439,regular,none,2025-10-30
CL-02440,regular,none,2024-09-10
CL-02441,sleeping,gold,2024-12-05
CL-02442,new,gold,2024-10-24
CL-02443,new,silver,2025-11-23
CL-02444,regular,silver,2024-10-07
CL-02445,regular,none,2025-06-03
CL-02446,regular,silver,2025-05-22
CL-02447,new,none,2025-02-26
CL-02448,regular,none,2025-02-19
CL-02449,regular,gold,2024-02-24
CL-02450,regular,none,2025-11-08
CL-02451,regular,gold,2024-09-10
CL-02452,regular,silver,2024-06-18
CL-02453,regular,none,2024-06-15
CL-02454,regular,none,2024-10-30
CL-02455,regular,none,2025-04-19
CL-02456,regular,silver,2025-02-15
CL-02457,regular,gold,2025-09-26
CL-02458,new,gold,2025-09-12
CL-02459,new,gold,2024-09-12
CL-02460,regular,gold,2025-09-17
CL-02461,vip,gold,2025-06-02
CL-02462,regular,silver,2025-10-15
CL-02463,new,silver,2024-01-01
CL-02464,regular,silver,2025-01-29
CL-02465,new,none,2025-04-20
CL-02466,regular,silver,2024-07-02
CL-02467,vip,silver,2025-05-13
CL-02468,regular,none,2025-07-05
CL-02469,regular,platinum,2024-04-15
CL-02470,new,none,2025-12-26
CL-02471,regular,silver,2025-12-19
CL-02472,vip,platinum,2024-08-04
CL-02473,regular,none,2024-05-31
CL-02474,regular,gold,2024-05-30
CL-02475,regular,gold,2024-01-28
CL-02476,new,silver,2024-01-18
CL-02477,new,platinum,2024-08-25
CL-02478,new,silver,2025-05-21
CL-02479,regular,silver,2025-06-01
CL-02480,sleeping,silver,2025-02-18
CL-02481,regular,silver,2025-05-09
CL-02482,new,none,2024-04-12
CL-02483,new,none,2026-01-26
CL-02484,new,none,2024-05-31
CL-02485,vip,gold,2024-10-05
CL-02486,regular,platinum,2025-05-18
CL-02487,regular,platinum,2024-04-06
CL-02488,vip,none,2024-11-27
CL-02489,new,silver,2025-12-10
CL-02490,regular,silver,2024-06-26
CL-02491,sleeping,none,2025-04-15
CL-02492,regular,silver,2025-04-05
CL-02493,new,none,2024-02-28
CL-02494,sleeping,platinum,2024-02-10
CL-02495,sleeping,none,2024-04-21
CL-02496,regular,gold,2024-01-13
CL-02497,regular,gold,2025-02-08
CL-02498,new,silver,2024-07-17
CL-02499,vip,none,2025-03-30
CL-02500,regular,none,2024-08-08
CL-02501,new,platinum,2024-09-23
CL-02502,regular,none,2024-03-20
CL-02503,sleeping,none,2025-08-27
CL-02504,vip,platinum,2024-03-28
CL-02505,new,gold,2025-11-24
CL-02506,new,silver,2024-05-07
CL-02507,sleeping,none,2026-01-22
CL-02508,sleeping,silver,2025-07-04
CL-02509,regular,gold,2025-09-17
CL-02510,regular,none,2025-09-04
CL-02511,regular,none,2024-12-04
CL-02512,regular,none,2024-05-18
CL-02513,new,silver,2025-05-29
CL-02514,new,none,2025-05-14
CL-02515,new,gold,2025-09-05
CL-02516,vip,none,2024-06-26
CL-02517,new,none,2025-09-14
CL-02518,new,platinum,2025-10-30
CL-02519,regular,platinum,2025-07-09
CL-02520,new,silver,2024-07-23
CL-02521,new,gold,2024-07-06
CL-02522,regular,none,2024-04-08
CL-02523,regular,silver,2025-09-22
CL-02524,regular,none,2024-11-29
CL-02525,sleeping,silver,2024-08-21
CL-02526,new,gold,2024-04-27
CL-02527,sleeping,gold,2025-01-10
CL-02528,sleeping,none,2024-05-30
CL-02529,vip,none,2025-09-27
CL-02530,regular,platinum,2024-09-14
CL-02531,regular,silver,2024-12-04
CL-02532,regular,none,2025-05-17
CL-02533,regular,none,2025-06-15
CL-02534,new,none,2024-03-29
CL-02535,sleeping,silver,2024-02-28
CL-02536,regular,silver,2024-08-03
CL-02537,regular,silver,2025-07-21
CL-02538,regular,silver,2025-10-14
CL-02539,new,silver,2026-01-08
CL-02540,regular,none,2024-07-27
CL-02541,regular,none,2025-08-03
CL-02542,regular,none,2024-05-08
CL-02543,new,gold,2024-05-23
CL-02544,new,gold,2025-02-09
CL-02545,regular,none,2024-03-15
CL-02546,regular,silver,2024-01-26
CL-02547,sleeping,silver,2026-01-26
CL-02548,new,silver,2025-09-03
CL-02549,new,silver,2025-05-28
CL-02550,new,platinum,2024-06-18
CL-02551,regular,none,2024-02-28
CL-02552,regular,silver,2024-04-10
CL-02553,regular,silver,2024-11-16
CL-02554,sleeping,silver,2025-09-06
CL-02555,new,none,2025-03-27
CL-02556,regular,silver,2025-10-02
CL-02557,new,none,2025-11-21
CL-02558,new,silver,2025-07-12
CL-02559,regular,silver,2024-03-16
CL-02560,new,none,2024-06-27
CL-02561,regular,platinum,2024-09-13
CL-02562,regular,gold,2025-02-04
CL-02563,regular,silver,2025-08-25
CL-02564,regular,platinum,2026-01-06
CL-02565,regular,gold,2026-01-17
CL-02566,regular,none,2024-12-29
CL-02567,new,silver,2026-01-23
CL-02568,new,silver,2025-12-22
CL-02569,regular,silver,2024-05-06
CL-02570,sleeping,platinum,2025-05-29
CL-02571,new,silver,2024-11-29
CL-02572,regular,none,2025-10-04
CL-02573,regular,silver,2025-10-21
CL-02574,vip,gold,2024-05-26
CL-02575,regular,none,2025-04-03
CL-02576,regular,none,2025-12-05
CL-02577,regular,none,2025-05-22
CL-02578,vip,silver,2025-10-10
CL-02579,new,none,2025-07-03
CL-02580,sleeping,none,2025-08-19
CL-02581,new,none,2025-10-05
CL-02582,vip,silver,2025-12-16
CL-02583,new,none,2024-05-30
CL-02584,new,none,2025-08-22
CL-02585,new,silver,2024-10-18
CL-02586,regular,none,2025-03-14
CL-02587,new,none,2025-05-14
CL-02588,new,silver,2025-05-08
CL-02589,regular,none,2024-05-29
CL-02590,regular,none,2025-09-15
CL-02591,regular,silver,2025-06-27
CL-02592,sleeping,none,2025-07-23
CL-02593,regular,silver,2025-04-13
CL-02594,new,platinum,2025-03-25
CL-02595,new,silver,2024-07-29
CL-02596,sleeping,silver,2025-03-30
CL-02597,new,gold,2024-08-01
CL-02598,regular,silver,2025-10-31
CL-02599,sleeping,gold,2024-02-08
CL-02600,sleeping,silver,2024-01-08
CL-02601,regular,silver,2025-07-07
CL-02602,regular,platinum,2025-06-29
CL-02603,regular,none,2025-03-01
CL-02604,regular,gold,2025-03-05
CL-02605,new,silver,2024-01-27
CL-02606,new,silver,2025-09-29
CL-02607,regular,silver,2025-10-05
CL-02608,new,none,2024-06-05
CL-02609,regular,none,2024-01-12
CL-02610,regular,platinum,2025-02-03
CL-02611,sleeping,silver,2024-07-11
CL-02612,vip,gold,2024-04-07
CL-02613,regular,none,2024-03-26
CL-02614,regular,none,2025-05-16
CL-02615,new,none,2024-09-29
CL-02616,regular,none,2025-08-03
CL-02617,new,silver,2024-08-26
CL-02618,vip,platinum,2025-04-18
CL-02619,vip,gold,2024-07-25
CL-02620,sleeping,silver,2025-02-25
CL-02621,vip,none,2025-06-15
CL-02622,sleeping,silver,2024-09-17
CL-02623,new,silver,2025-11-05
CL-02624,sleeping,silver,2025-05-01
CL-02625,regular,silver,2024-06-02
CL-02626,regular,none,2025-11-14
CL-02627,regular,none,2025-01-13
CL-02628,new,platinum,2025-07-02
CL-02629,new,silver,2024-09-19
CL-02630,new,platinum,2024-01-18
CL-02631,new,none,2025-03-04
CL-02632,regular,silver,2025-01-21
CL-02633,sleeping,none,2025-07-04
CL-02634,regular,gold,2025-07-13
CL-02635,regular,none,2025-06-07
CL-02636,regular,silver,2025-01-18
CL-02637,regular,none,2024-01-05
CL-02638,new,none,2025-03-25
CL-02639,vip,none,2025-12-22
CL-02640,new,silver,2025-11-23
CL-02641,regular,gold,2024-03-02
CL-02642,regular,platinum,2025-10-26
CL-02643,regular,silver,2024-04-19
CL-02644,vip,silver,2024-03-02
CL-02645,new,gold,2024-01-21
CL-02646,sleeping,none,2025-01-23
CL-02647,regular,gold,2024-05-14
CL-02648,regular,gold,2025-04-17
CL-02649,regular,silver,2024-12-20
CL-02650,vip,none,2025-10-09
CL-02651,sleeping,none,2024-06-09
CL-02652,regular,none,2024-07-20
CL-02653,vip,platinum,2025-01-28
CL-02654,regular,silver,2024-04-16
CL-02655,regular,silver,2024-12-14
CL-02656,sleeping,silver,2025-03-29
CL-02657,regular,gold,2025-04-14
CL-02658,regular,none,2024-12-21
CL-02659,new,none,2024-03-17
CL-02660,new,silver,2024-07-14
CL-02661,vip,none,2024-02-24
CL-02662,regular,none,2025-12-17
CL-02663,regular,silver,2025-03-17
CL-02664,new,none,2024-08-29
CL-02665,regular,gold,2024-08-17
CL-02666,vip,gold,2024-02-12
CL-02667,sleeping,platinum,2024-12-25
CL-02668,new,platinum,2024-02-14
CL-02669,regular,none,2025-06-17
CL-02670,regular,none,2024-06-01
CL-02671,regular,silver,2024-03-17
CL-02672,regular,none,2024-03-29
CL-02673,regular,platinum,2024-01-22
CL-02674,regular,none,2024-10-26
CL-02675,regular,silver,2024-02-14
CL-02676,regular,silver,2024-03-02
CL-02677,regular,gold,2024-06-15
CL-02678,vip,silver,2025-03-02
CL-02679,regular,silver,2024-06-16
CL-02680,new,none,2024-11-06
CL-02681,vip,silver,2024-11-22
CL-02682,vip,silver,2025-03-30
CL-02683,new,silver,2024-02-05
CL-02684,regular,gold,2026-01-21
CL-02685,new,none,2024-03-11
CL-02686,regular,none,2026-01-23
CL-02687,new,platinum,2024-08-04
CL-02688,regular,none,2024-11-12
CL-02689,new,silver,2024-02-20
CL-02690,regular,silver,2024-10-05
CL-02691,sleeping,platinum,2025-11-14
CL-02692,regular,none,2025-06-01
CL-02693,vip,none,2025-04-18
CL-02694,sleeping,gold,2024-10-06
CL-02695,vip,silver,2025-12-04
CL-02696,new,silver,2025-08-14
CL-02697,vip,none,2024-07-10
CL-02698,new,silver,2025-04-02
CL-02699,regular,platinum,2024-10-28
CL-02700,vip,silver,2024-05-31
CL-02701,regular,gold,2025-05-13
CL-02702,regular,platinum,2024-11-11
CL-02703,regular,silver,2024-03-15
CL-02704,vip,silver,2025-10-18
CL-02705,regular,silver,2025-04-05
CL-02706,regular,gold,2025-02-24
CL-02707,sleeping,silver,2026-01-29
CL-02708,new,none,2025-06-23
CL-02709,new,platinum,2026-01-14
CL-02710,regular,silver,2025-06-23
CL-02711,sleeping,gold,2024-05-08
CL-02712,new,silver,2025-01-01
CL-02713,new,silver,2025-01-21
CL-02714,new,silver,2024-08-12
CL-02715,vip,gold,2024-08-23
CL-02716,new,none,2025-03-29
CL-02717,regular,silver,2024-11-08
CL-02718,sleeping,gold,2024-03-26
CL-02719,new,platinum,2025-03-17
CL-02720,regular,none,2025-03-30
CL-02721,regular,none,2025-09-12
CL-02722,vip,silver,2024-03-19
CL-02723,regular,none,2024-12-13
CL-02724,regular,none,2025-11-16
CL-02725,new,silver,2024-07-20
CL-02726,regular,silver,2025-07-19
CL-02727,regular,silver,2024-09-18
CL-02728,new,none,2024-05-17
CL-02729,regular,platinum,2025-06-24
CL-02730,sleeping,silver,2025-08-19
CL-02731,new,gold,2025-11-26
CL-02732,new,none,2025-07-05
CL-02733,regular,gold,2024-08-21
CL-02734,new,gold,2025-07-07
CL-02735,new,none,2024-01-25
CL-02736,regular,silver,2024-09-11
CL-02737,new,silver,2024-06-10
CL-02738,regular,silver,2025-02-01
CL-02739,regular,gold,2025-06-08
CL-02740,regular,none,2025-03-21
CL-02741,new,silver,2024-05-17
CL-02742,vip,platinum,2024-10-13
CL-02743,new,none,2024-03-09
CL-02744,regular,none,2025-03-01
CL-02745,regular,none,2025-07-18
CL-02746,regular,platinum,2024-07-04
CL-02747,new,none,2025-02-05
CL-02748,new,none,2025-10-26
CL-02749,regular,silver,2024-03-27
CL-02750,new,gold,2025-12-30
CL-02751,new,silver,2024-09-09
CL-02752,regular,platinum,2024-09-05
CL-02753,vip,none,2025-06-26
CL-02754,new,silver,2024-09-17
CL-02755,sleeping,silver,2024-11-04
CL-02756,regular,none,2024-06-13
CL-02757,vip,gold,2024-04-12
CL-02758,regular,silver,2025-10-19
CL-02759,regular,none,2024-03-14
CL-02760,regular,none,2024-05-04
CL-02761,regular,none,2025-09-18
CL-02762,sleeping,gold,2025-08-30
CL-02763,new,none,2024-06-12
CL-02764,new,gold,2025-09-24
CL-02765,new,none,2025-07-05
CL-02766,sleeping,platinum,2024-08-28
CL-02767,regular,gold,2024-03-01
CL-02768,regular,none,2025-08-13
CL-02769,vip,none,2025-06-01
CL-02770,sleeping,gold,2024-12-10
CL-02771,new,none,2024-07-27
CL-02772,regular,none,2024-09-21
CL-02773,sleeping,gold,2024-07-26
CL-02774,new,gold,2025-11-09
CL-02775,regular,gold,2024-06-03
CL-02776,regular,gold,2024-12-10
CL-02777,regular,silver,2025-05-02
CL-02778,regular,gold,2024-02-11
CL-02779,new,none,2025-01-16
CL-02780,new,gold,2025-04-27
CL-02781,new,silver,2025-02-05
CL-02782,new,silver,2025-05-15
CL-02783,regular,platinum,2025-01-05
CL-02784,regular,silver,2025-04-27
CL-02785,new,silver,2026-01-12
CL-02786,regular,silver,2024-09-30
CL-02787,regular,none,2024-09-28
CL-02788,regular,none,2025-05-30
CL-02789,sleeping,platinum,2024-03-09
CL-02790,regular,none,2024-08-09
CL-02791,vip,silver,2024-05-06
CL-02792,new,silver,2024-12-18
CL-02793,regular,gold,2024-04-02
CL-02794,sleeping,gold,2024-06-13
CL-02795,vip,none,2024-11-19
CL-02796,regular,none,2025-04-11
CL-02797,regular,silver,2024-11-22
CL-02798,regular,none,2025-09-07
CL-02799,regular,silver,2025-08-30
CL-02800,regular,none,2024-03-15
CL-02801,sleeping,none,2025-06-12
CL-02802,regular,platinum,2024-01-21
CL-02803,new,gold,2024-05-11
CL-02804,regular,silver,2025-08-01
CL-02805,new,none,2025-03-18
CL-02806,new,platinum,2024-09-02
CL-02807,new,silver,2024-04-26
CL-02808,regular,platinum,2024-09-03
CL-02809,new,none,2025-08-15
CL-02810,new,none,2025-03-05
CL-02811,new,silver,2024-04-08
CL-02812,vip,gold,2025-01-04
CL-02813,regular,none,2024-06-01
CL-02814,new,none,2024-04-02
CL-02815,new,silver,2024-03-06
CL-02816,regular,platinum,2025-07-31
CL-02817,new,gold,2024-05-01
CL-02818,regular,gold,2024-05-13
CL-02819,regular,silver,2025-10-20
CL-02820,sleeping,gold,2025-09-19
CL-02821,new,silver,2025-01-16
CL-02822,regular,none,2025-08-03
CL-02823,new,silver,2024-01-18
CL-02824,sleeping,silver,2024-05-07
CL-02825,sleeping,silver,2024-09-25
CL-02826,regular,none,2025-07-30
CL-02827,regular,gold,2024-03-09
CL-02828,new,gold,2025-05-17
CL-02829,vip,none,2024-02-23
CL-02830,regular,gold,2026-01-16
CL-02831,new,none,2024-06-07
CL-02832,regular,none,2025-06-24
CL-02833,regular,none,2025-04-18
CL-02834,vip,silver,2024-10-23
CL-02835,regular,none,2025-08-03
CL-02836,regular,silver,2025-04-16
CL-02837,regular,gold,2024-12-08
CL-02838,new,silver,2025-05-18
CL-02839,regular,gold,2024-08-06
CL-02840,new,platinum,2025-07-20
CL-02841,regular,silver,2025-06-16
CL-02842,regular,none,2024-12-22
CL-02843,regular,none,2025-05-15
CL-02844,new,silver,2025-09-21
CL-02845,new,silver,2025-05-02
CL-02846,regular,silver,2024-08-06
CL-02847,new,silver,2024-07-29
CL-02848,new,silver,2026-01-02
CL-02849,regular,none,2025-09-06
CL-02850,regular,none,2024-08-23
CL-02851,regular,none,2025-06-28
CL-02852,regular,gold,2024-01-29
CL-02853,vip,silver,2025-06-10
CL-02854,new,silver,2024-06-01
CL-02855,regular,silver,2024-08-24
CL-02856,sleeping,silver,2025-12-05
CL-02857,regular,none,2024-04-15
CL-02858,regular,none,2025-08-23
CL-02859,regular,none,2024-11-02
CL-02860,regular,none,2024-11-29
CL-02861,regular,none,2024-12-16
CL-02862,regular,gold,2025-11-18
CL-02863,new,none,2025-01-15
CL-02864,new,none,2024-07-06
CL-02865,regular,none,2024-01-06
CL-02866,new,none,2024-06-26
CL-02867,regular,none,2024-04-30
CL-02868,regular,none,2024-04-08
CL-02869,sleeping,none,2026-01-24
CL-02870,new,platinum,2024-12-02
CL-02871,regular,none,2026-01-29
CL-02872,regular,none,2025-01-25
CL-02873,new,silver,2024-06-15
CL-02874,new,none,2024-04-20
CL-02875,new,silver,2025-07-31
CL-02876,new,silver,2024-03-28
CL-02877,new,gold,2024-02-09
CL-02878,regular,gold,2024-10-23
CL-02879,regular,silver,2024-08-27
CL-02880,new,none,2024-06-25
CL-02881,new,silver,2025-01-25
CL-02882,new,none,2025-03-12
CL-02883,regular,gold,2024-11-25
CL-02884,new,none,2025-02-02
CL-02885,regular,silver,2025-05-22
CL-02886,new,none,2024-05-03
CL-02887,new,silver,2024-10-07
CL-02888,sleeping,none,2024-01-11
CL-02889,new,none,2026-01-06
CL-02890,new,silver,2025-05-05
CL-02891,new,silver,2025-09-02
CL-02892,sleeping,none,2025-08-10
CL-02893,regular,none,2024-01-05
CL-02894,regular,gold,2025-01-06
CL-02895,sleeping,silver,2025-10-23
CL-02896,new,silver,2025-03-13
CL-02897,sleeping,silver,2025-03-30
CL-02898,new,silver,2025-12-31
CL-02899,regular,silver,2025-07-23
CL-02900,regular,none,2025-08-06
CL-02901,regular,silver,2025-08-30
CL-02902,sleeping,silver,2024-09-10
CL-02903,new,none,2026-01-09
CL-02904,sleeping,silver,2025-10-08
CL-02905,regular,none,2024-01-26
CL-02906,regular,none,2025-02-20
CL-02907,sleeping,gold,2024-07-07
CL-02908,new,gold,2025-01-31
CL-02909,sleeping,none,2025-09-06
CL-02910,regular,silver,2025-06-09
CL-02911,regular,none,2025-08-30
CL-02912,new,silver,2024-11-22
CL-02913,regular,silver,2024-02-28
CL-02914,regular,gold,2025-10-31
CL-02915,regular,none,2024-03-01
CL-02916,new,none,2024-05-07
CL-02917,new,gold,2025-07-03
CL-02918,vip,none,2024-11-16
CL-02919,new,none,2024-12-28
CL-02920,regular,silver,2024-02-19
CL-02921,sleeping,silver,2024-05-09
CL-02922,new,none,2025-06-20
CL-02923,new,silver,2025-03-06
CL-02924,regular,none,2024-07-24
CL-02925,new,silver,2024-10-31
CL-02926,regular,gold,2024-11-19
CL-02927,regular,silver,2025-12-02
CL-02928,regular,silver,2025-11-04
CL-02929,regular,silver,2024-12-30
CL-02930,regular,none,2024-05-21
CL-02931,regular,gold,2025-03-07
CL-02932,new,gold,2024-01-02
CL-02933,regular,gold,2025-05-06
CL-02934,sleeping,platinum,2025-03-15
CL-02935,regular,silver,2025-11-14
CL-02936,regular,silver,2024-11-28
CL-02937,new,none,2025-03-03
CL-02938,new,platinum,2024-02-11
CL-02939,new,silver,2025-09-18
CL-02940,new,none,2024-08-13
CL-02941,sleeping,gold,2025-07-29
CL-02942,new,silver,2024-06-30
CL-02943,vip,platinum,2024-09-21
CL-02944,new,gold,2024-07-17
CL-02945,new,gold,2025-11-14
CL-02946,regular,silver,2025-08-23
CL-02947,new,silver,2025-06-19
CL-02948,regular,gold,2024-08-19
CL-02949,sleeping,none,2025-07-11
CL-02950,vip,none,2025-01-07
CL-02951,new,platinum,2025-06-27
CL-02952,regular,gold,2024-07-20
CL-02953,new,platinum,2025-02-13
CL-02954,sleeping,none,2025-12-23
CL-02955,regular,none,2024-02-29
CL-02956,new,gold,2025-08-11
CL-02957,new,none,2025-06-14
CL-02958,new,silver,2024-11-17
CL-02959,new,none,2025-11-22
CL-02960,sleeping,gold,2025-07-06
CL-02961,regular,silver,2025-02-04
CL-02962,sleeping,none,2024-08-27
CL-02963,new,silver,2025-06-05
CL-02964,regular,none,2024-03-03
CL-02965,new,silver,2024-07-14
CL-02966,regular,silver,2024-11-23
CL-02967,new,silver,2024-06-19
CL-02968,new,silver,2025-03-05
CL-02969,regular,none,2025-10-24
CL-02970,new,none,2024-09-22
CL-02971,regular,platinum,2024-11-05
CL-02972,regular,silver,2024-11-01
CL-02973,new,silver,2025-07-04
CL-02974,sleeping,none,2025-06-26
CL-02975,regular,platinum,2024-06-27
CL-02976,vip,gold,2025-11-11
CL-02977,regular,none,2025-05-07
CL-02978,regular,silver,2025-11-10
CL-02979,regular,silver,2025-10-27
CL-02980,vip,gold,2025-03-13
CL-02981,regular,platinum,2025-06-18
CL-02982,new,silver,2025-04-23
CL-02983,new,gold,2025-04-08
CL-02984,regular,silver,2025-02-08
CL-02985,new,none,2024-06-24
CL-02986,new,silver,2024-10-09
CL-02987,new,silver,2025-06-20
CL-02988,regular,none,2025-07-15
CL-02989,new,silver,2024-12-21
CL-02990,regular,none,2024-03-25
CL-02991,regular,none,2024-04-11
CL-02992,vip,gold,2025-11-10
CL-02993,new,none,2024-04-05
CL-02994,regular,gold,2024-08-03
CL-02995,regular,none,2024-02-17
CL-02996,regular,silver,2024-06-15
CL-02997,regular,gold,2025-09-29
CL-02998,new,gold,2024-07-27
CL-02999,sleeping,gold,2025-09-26
CL-03000,new,none,2025-09-08
CL-03001,vip,none,2025-06-16
CL-03002,regular,silver,2024-07-23
CL-03003,new,gold,2026-01-27
CL-03004,regular,gold,2025-04-08
CL-03005,new,silver,2025-08-08
CL-03006,regular,none,2024-09-17
CL-03007,regular,none,2025-05-18
CL-03008,new,platinum,2025-05-13
CL-03009,new,silver,2025-03-29
CL-03010,regular,gold,2025-03-25
CL-03011,new,silver,2025-06-18
CL-03012,sleeping,gold,2026-01-28
CL-03013,regular,gold,2025-10-22
CL-03014,regular,none,2024-08-24
CL-03015,new,gold,2025-11-06
CL-03016,regular,none,2024-09-22
CL-03017,sleeping,silver,2024-07-08
CL-03018,new,gold,2024-05-31
CL-03019,new,none,2025-06-18
CL-03020,new,none,2024-12-18
CL-03021,regular,silver,2025-09-21
CL-03022,regular,platinum,2025-09-28
CL-03023,regular,none,2025-02-13
CL-03024,regular,silver,2024-06-09
CL-03025,new,silver,2024-03-26
CL-03026,new,silver,2025-12-31
CL-03027,new,silver,2024-08-21
CL-03028,vip,silver,2024-01-10
CL-03029,regular,gold,2024-10-28
CL-03030,regular,silver,2025-09-03
CL-03031,regular,platinum,2024-03-10
CL-03032,new,gold,2025-06-09
CL-03033,new,none,2024-11-12
CL-03034,new,gold,2025-11-18
CL-03035,sleeping,silver,2024-12-07
CL-03036,regular,none,2025-01-31
CL-03037,regular,silver,2024-12-13
CL-03038,new,gold,2025-06-01
CL-03039,new,none,2024-02-23
CL-03040,regular,silver,2024-02-07
CL-03041,regular,silver,2025-03-18
CL-03042,sleeping,silver,2024-10-26
CL-03043,regular,gold,2024-05-07
CL-03044,regular,none,2025-08-08
CL-03045,regular,gold,2025-07-23
CL-03046,sleeping,gold,2024-03-23
CL-03047,regular,silver,2024-05-19
CL-03048,regular,silver,2025-08-17
CL-03049,sleeping,none,2024-12-29
CL-03050,new,none,2024-08-22
CL-03051,sleeping,silver,2025-02-06
CL-03052,new,none,2024-09-25
CL-03053,regular,gold,2024-03-12
CL-03054,regular,silver,2025-05-07
CL-03055,regular,none,2025-06-13
CL-03056,regular,none,2024-02-29
CL-03057,regular,gold,2024-07-08
CL-03058,new,none,2025-04-19
CL-03059,new,silver,2025-07-29
CL-03060,new,none,2025-11-25
CL-03061,regular,platinum,2025-04-03
CL-03062,regular,silver,2024-03-12
CL-03063,new,silver,2024-09-25
CL-03064,sleeping,silver,2024-07-11
CL-03065,regular,none,2026-01-20
CL-03066,regular,silver,2024-01-11
CL-03067,regular,none,2024-10-12
CL-03068,new,none,2025-01-28
CL-03069,regular,none,2024-08-15
CL-03070,regular,silver,2025-07-09
CL-03071,new,gold,2024-04-09
CL-03072,sleeping,none,2025-12-05
CL-03073,vip,gold,2024-10-31
CL-03074,regular,gold,2024-10-06
CL-03075,vip,none,2025-12-02
CL-03076,sleeping,none,2024-04-23
CL-03077,new,none,2024-12-22
CL-03078,regular,none,2024-01-23
CL-03079,regular,gold,2025-01-23
CL-03080,new,silver,2024-09-04
CL-03081,new,silver,2025-07-16
CL-03082,new,silver,2025-01-24
CL-03083,regular,none,2025-04-20
CL-03084,regular,gold,2025-11-15
CL-03085,regular,silver,2025-12-23
CL-03086,new,none,2024-06-13
CL-03087,new,silver,2025-01-16
CL-03088,regular,none,2025-08-16
CL-03089,regular,platinum,2024-04-06
CL-03090,sleeping,silver,2024-12-31
CL-03091,vip,gold,2025-02-27
CL-03092,sleeping,platinum,2025-10-21
CL-03093,vip,silver,2024-03-08
CL-03094,sleeping,silver,2025-10-17
CL-03095,regular,silver,2024-06-29
CL-03096,new,none,2025-10-13
CL-03097,new,platinum,2025-05-12
CL-03098,regular,silver,2024-11-01
CL-03099,new,gold,2024-04-11
CL-03100,new,silver,2024-09-20
CL-03101,sleeping,none,2025-07-16
CL-03102,new,silver,2024-06-06
CL-03103,sleeping,none,2025-05-23
CL-03104,regular,none,2024-06-22
CL-03105,regular,silver,2024-03-02
CL-03106,regular,none,2025-04-13
CL-03107,new,platinum,2025-09-09
CL-03108,regular,silver,2026-01-01
CL-03109,new,silver,2025-01-16
CL-03110,sleeping,none,2025-04-05
CL-03111,new,none,2025-06-01
CL-03112,new,silver,2024-11-09
CL-03113,regular,none,2024-01-28
CL-03114,regular,silver,2024-07-03
CL-03115,regular,silver,2024-10-15
CL-03116,regular,none,2025-05-10
CL-03117,new,silver,2024-08-19
CL-03118,regular,none,2024-06-09
CL-03119,new,none,2025-11-18
CL-03120,new,gold,2024-03-11
CL-03121,new,none,2025-08-22
CL-03122,new,none,2024-03-12
CL-03123,new,silver,2024-08-31
CL-03124,regular,silver,2025-10-08
CL-03125,new,platinum,2025-10-01
CL-03126,new,gold,2024-10-17
CL-03127,regular,gold,2024-01-14
CL-03128,new,silver,2025-12-15
CL-03129,regular,silver,2025-11-06
CL-03130,sleeping,none,2025-01-12
CL-03131,regular,gold,2024-01-22
CL-03132,sleeping,silver,2025-06-09
CL-03133,new,none,2025-08-18
CL-03134,new,silver,2025-09-20
CL-03135,regular,gold,2025-07-09
CL-03136,regular,silver,2025-10-26
CL-03137,vip,none,2025-01-22
CL-03138,new,gold,2024-05-03
CL-03139,regular,none,2025-06-07
CL-03140,regular,platinum,2024-06-13
CL-03141,new,silver,2025-04-23
CL-03142,new,platinum,2024-04-24
CL-03143,sleeping,gold,2024-01-30
CL-03144,new,silver,2024-12-04
CL-03145,vip,gold,2025-03-25
CL-03146,regular,none,2024-04-27
CL-03147,regular,none,2025-08-19
CL-03148,regular,none,2025-05-09
CL-03149,vip,silver,2025-08-31
CL-03150,new,none,2024-10-02
CL-03151,new,silver,2025-05-15
CL-03152,regular,platinum,2026-01-02
CL-03153,regular,gold,2024-05-18
CL-03154,new,none,2025-09-12
CL-03155,new,silver,2025-04-23
CL-03156,new,none,2025-07-04
CL-03157,new,none,2025-04-20
CL-03158,new,gold,2025-06-07
CL-03159,sleeping,platinum,2025-08-15
CL-03160,new,none,2024-01-31
CL-03161,sleeping,none,2024-01-25
CL-03162,sleeping,none,2024-03-04
CL-03163,new,silver,2025-12-07
CL-03164,regular,none,2024-11-24
CL-03165,regular,none,2026-01-23
CL-03166,regular,silver,2025-11-26
CL-03167,new,none,2024-09-19
CL-03168,new,gold,2024-03-12
CL-03169,new,gold,2025-10-02
CL-03170,regular,silver,2024-11-15
CL-03171,sleeping,silver,2024-08-14
CL-03172,regular,gold,2025-08-26
CL-03173,regular,none,2025-01-01
CL-03174,sleeping,gold,2024-08-31
CL-03175,regular,none,2024-10-28
CL-03176,new,gold,2025-12-07
CL-03177,vip,none,2024-08-17
CL-03178,regular,gold,2025-12-11
CL-03179,new,none,2025-03-23
CL-03180,regular,gold,2024-02-13
CL-03181,sleeping,silver,2024-03-26
CL-03182,new,none,2025-04-13
CL-03183,regular,gold,2024-04-13
CL-03184,new,none,2024-04-20
CL-03185,new,silver,2024-12-17
CL-03186,new,none,2024-12-01
CL-03187,regular,gold,2025-12-16
CL-03188,vip,gold,2025-11-13
CL-03189,new,silver,2025-12-07
CL-03190,new,gold,2024-02-25
CL-03191,new,gold,2025-09-02
CL-03192,new,silver,2025-12-13
CL-03193,regular,none,2025-04-09
CL-03194,regular,silver,2026-01-25
CL-03195,regular,none,2025-09-02
CL-03196,regular,silver,2025-05-24
CL-03197,regular,none,2024-11-04
CL-03198,new,gold,2024-09-27
CL-03199,new,silver,2024-10-27
CL-03200,sleeping,silver,2024-07-09
CL-03201,regular,none,2025-03-15
CL-03202,sleeping,none,2024-11-24
CL-03203,sleeping,gold,2024-08-14
CL-03204,regular,silver,2024-05-16
CL-03205,sleeping,platinum,2025-01-27
CL-03206,regular,silver,2024-01-16
CL-03207,new,none,2024-10-10
CL-03208,new,silver,2024-02-17
CL-03209,new,silver,2024-09-12
CL-03210,new,none,2025-05-19
CL-03211,regular,silver,2025-04-29
CL-03212,regular,none,2024-01-16
CL-03213,regular,none,2025-06-22
CL-03214,regular,none,2024-08-17
CL-03215,new,silver,2024-12-27
CL-03216,regular,silver,2025-05-29
CL-03217,regular,none,2024-01-28
CL-03218,new,gold,2024-05-12
CL-03219,new,gold,2024-05-05
CL-03220,new,silver,2024-09-09
CL-03221,new,none,2024-01-13
CL-03222,vip,none,2024-01-24
CL-03223,regular,none,2025-01-24
CL-03224,regular,platinum,2024-03-26
CL-03225,new,gold,2024-11-26
CL-03226,vip,none,2024-06-20
CL-03227,regular,silver,2026-01-26
CL-03228,new,none,2024-04-05
CL-03229,regular,none,2024-12-30
CL-03230,regular,none,2024-12-24
CL-03231,regular,none,2025-07-15
CL-03232,new,none,2024-04-06
CL-03233,regular,none,2026-01-02
CL-03234,new,silver,2024-08-19
CL-03235,new,silver,2024-01-27
CL-03236,new,silver,2025-07-03
CL-03237,sleeping,none,2025-02-16
CL-03238,new,silver,2025-05-11
CL-03239,regular,silver,2025-11-23
CL-03240,new,platinum,2024-10-18
CL-03241,sleeping,none,2025-11-21
CL-03242,regular,silver,2025-12-08
CL-03243,sleeping,none,2025-02-20
CL-03244,new,none,2025-08-21
CL-03245,new,silver,2024-01-26
CL-03246,regular,gold,2025-04-06
CL-03247,new,platinum,2024-03-02
CL-03248,vip,silver,2024-11-27
CL-03249,vip,none,2025-07-23
CL-03250,regular,gold,2024-02-15
CL-03251,sleeping,none,2024-11-04
CL-03252,regular,silver,2024-11-09
CL-03253,new,gold,2024-06-29
CL-03254,regular,silver,2025-02-18
CL-03255,new,silver,2025-09-06
CL-03256,vip,none,2026-01-23
CL-03257,new,none,2025-11-19
CL-03258,new,platinum,2025-12-24
CL-03259,regular,none,2024-06-03
CL-03260,new,none,2024-03-26
CL-03261,new,silver,2024-05-18
CL-03262,regular,none,2026-01-14
CL-03263,new,none,2024-06-15
CL-03264,regular,none,2025-07-27
CL-03265,new,silver,2024-11-04
CL-03266,new,silver,2025-06-02
CL-03267,new,gold,2025-07-26
CL-03268,regular,none,2025-11-17
CL-03269,sleeping,platinum,2024-03-07
CL-03270,new,none,2024-09-04
CL-03271,sleeping,none,2024-03-30
CL-03272,regular,platinum,2024-10-30
CL-03273,regular,gold,2024-10-04
CL-03274,regular,none,2025-10-23
CL-03275,regular,none,2025-06-18
CL-03276,vip,gold,2024-03-20
CL-03277,regular,none,2024-12-04
CL-03278,regular,none,2025-06-22
CL-03279,new,silver,2025-07-17
CL-03280,new,gold,2025-09-07
CL-03281,regular,silver,2024-06-19
CL-03282,new,silver,2025-11-03
CL-03283,new,platinum,2025-11-17
CL-03284,new,none,2024-06-15
CL-03285,new,gold,2025-05-16
CL-03286,regular,none,2025-05-31
CL-03287,regular,silver,2025-10-30
CL-03288,regular,silver,2024-03-06
CL-03289,new,none,2024-06-25
CL-03290,regular,silver,2025-10-16
CL-03291,regular,gold,2024-01-28
CL-03292,regular,silver,2025-01-01
CL-03293,regular,none,2024-08-11
CL-03294,regular,none,2025-04-19
CL-03295,regular,silver,2024-12-25
CL-03296,sleeping,silver,2025-10-09
CL-03297,regular,silver,2024-02-28
CL-03298,regular,none,2025-01-19
CL-03299,regular,silver,2025-01-29
CL-03300,new,none,2025-01-21
CL-03301,sleeping,none,2024-02-28
CL-03302,new,silver,2024-12-19
CL-03303,new,silver,2025-10-31
CL-03304,sleeping,platinum,2025-04-01
CL-03305,regular,silver,2024-03-23
CL-03306,new,none,2025-06-29
CL-03307,new,gold,2025-12-06
CL-03308,new,none,2025-09-03
CL-03309,regular,platinum,2024-03-12
CL-03310,new,none,2024-01-23
CL-03311,sleeping,gold,2024-05-13
CL-03312,sleeping,gold,2024-09-21
CL-03313,regular,gold,2025-12-04
CL-03314,regular,none,2024-11-24
CL-03315,new,gold,2026-01-07
CL-03316,new,silver,2024-03-16
CL-03317,regular,none,2025-08-01
CL-03318,new,silver,2025-07-25
CL-03319,new,silver,2025-12-30
CL-03320,new,platinum,2025-02-01
CL-03321,new,gold,2025-04-05
CL-03322,regular,silver,2024-01-02
CL-03323,regular,silver,2025-10-31
CL-03324,vip,none,2025-04-24
CL-03325,regular,silver,2025-06-16
CL-03326,vip,gold,2024-09-14
CL-03327,regular,silver,2024-02-28
CL-03328,vip,gold,2025-07-06
CL-03329,regular,silver,2025-07-10
CL-03330,new,none,2024-05-16
CL-03331,sleeping,silver,2025-09-18
CL-03332,new,none,2024-01-01
CL-03333,new,platinum,2025-05-11
CL-03334,new,platinum,2024-03-06
CL-03335,regular,gold,2025-07-25
CL-03336,regular,gold,2024-11-30
CL-03337,regular,silver,2024-09-05
CL-03338,sleeping,silver,2025-07-22
CL-03339,new,gold,2025-09-02
CL-03340,regular,none,2025-04-03
CL-03341,new,gold,2025-07-11
CL-03342,vip,none,2024-01-12
CL-03343,new,gold,2025-09-16
CL-03344,new,silver,2025-03-25
CL-03345,regular,gold,2024-04-29
CL-03346,regular,silver,2025-01-01
CL-03347,regular,silver,2025-04-21
CL-03348,regular,gold,2025-08-28
CL-03349,regular,silver,2025-01-28
CL-03350,regular,none,2024-07-14
CL-03351,new,none,2024-07-12
CL-03352,new,silver,2025-06-30
CL-03353,new,silver,2025-10-17
CL-03354,new,silver,2025-04-25
CL-03355,regular,none,2025-08-30
CL-03356,regular,none,2025-04-18
CL-03357,regular,gold,2025-01-08
CL-03358,regular,silver,2024-11-04
CL-03359,regular,none,2025-01-06
CL-03360,regular,none,2024-01-10
CL-03361,new,none,2025-03-15
CL-03362,new,gold,2024-05-22
CL-03363,regular,silver,2025-11-15
CL-03364,regular,silver,2025-10-03
CL-03365,new,silver,2025-01-10
CL-03366,new,gold,2025-04-13
CL-03367,regular,none,2024-01-29
CL-03368,regular,none,2025-03-15
CL-03369,new,silver,2025-10-08
CL-03370,regular,platinum,2025-02-03
CL-03371,sleeping,silver,2025-10-16
CL-03372,new,silver,2024-02-28
CL-03373,vip,gold,2026-01-10
CL-03374,new,none,2024-09-21
CL-03375,regular,silver,2024-01-21
CL-03376,regular,silver,2025-04-15
CL-03377,new,platinum,2025-04-12
CL-03378,sleeping,none,2024-04-05
CL-03379,regular,silver,2024-09-20
CL-03380,sleeping,gold,2025-11-30
CL-03381,new,silver,2024-05-23
CL-03382,vip,silver,2024-02-25
CL-03383,sleeping,none,2025-09-16
CL-03384,regular,none,2025-05-31
CL-03385,new,none,2025-01-14
CL-03386,regular,none,2024-08-16
CL-03387,regular,gold,2025-10-24
CL-03388,sleeping,silver,2025-10-18
CL-03389,regular,gold,2024-01-01
CL-03390,new,none,2025-09-20
CL-03391,new,none,2024-12-25
CL-03392,regular,gold,2024-09-10
CL-03393,sleeping,none,2024-09-21
CL-03394,new,none,2024-12-17
CL-03395,regular,none,2025-03-12
CL-03396,sleeping,none,2025-12-29
CL-03397,new,none,2024-01-20
CL-03398,new,none,2025-04-07
CL-03399,regular,gold,2024-02-19
CL-03400,regular,none,2024-01-05
CL-03401,new,silver,2024-08-18
CL-03402,vip,silver,2025-08-13
CL-03403,regular,silver,2024-09-19
CL-03404,sleeping,silver,2024-10-01
CL-03405,vip,none,2025-11-16
CL-03406,vip,none,2024-07-28
CL-03407,regular,silver,2025-08-06
CL-03408,new,platinum,2025-09-24
CL-03409,regular,silver,2025-05-07
CL-03410,new,silver,2026-01-05
CL-03411,regular,platinum,2026-01-17
CL-03412,new,gold,2024-02-17
CL-03413,regular,gold,2024-05-09
CL-03414,new,silver,2024-10-23
CL-03415,new,gold,2025-05-21
CL-03416,new,silver,2024-07-31
CL-03417,regular,silver,2025-04-29
CL-03418,regular,gold,2025-11-13
CL-03419,new,silver,2024-01-05
CL-03420,vip,platinum,2025-10-21
CL-03421,vip,platinum,2025-01-04
CL-03422,new,silver,2025-11-15
CL-03423,regular,none,2025-05-31
CL-03424,regular,gold,2024-02-02
CL-03425,new,none,2025-11-16
CL-03426,regular,silver,2024-02-08
CL-03427,new,none,2024-07-09
CL-03428,vip,gold,2025-02-23
CL-03429,sleeping,platinum,2025-11-18
CL-03430,vip,none,2024-05-06
CL-03431,regular,silver,2025-02-13
CL-03432,regular,gold,2024-03-26
CL-03433,sleeping,none,2024-09-15
CL-03434,new,none,2024-07-16
CL-03435,new,none,2024-11-21
CL-03436,regular,gold,2025-06-23
CL-03437,new,silver,2025-07-01
CL-03438,new,none,2025-05-25
CL-03439,new,none,2024-01-21
CL-03440,regular,silver,2025-08-19
CL-03441,new,none,2025-05-06
CL-03442,new,silver,2024-02-17
CL-03443,new,none,2025-12-20
CL-03444,regular,gold,2025-08-05
CL-03445,vip,silver,2025-06-09
CL-03446,new,gold,2025-01-07
CL-03447,regular,none,2025-08-27
CL-03448,regular,silver,2024-08-25
CL-03449,new,gold,2025-07-04
CL-03450,vip,silver,2025-04-08
CL-03451,regular,none,2025-04-08
CL-03452,regular,none,2025-08-30
CL-03453,new,silver,2024-05-11
CL-03454,new,silver,2024-03-19
CL-03455,sleeping,gold,2025-02-26
CL-03456,regular,gold,2025-09-05
CL-03457,sleeping,silver,2024-07-11
CL-03458,sleeping,platinum,2025-03-08
CL-03459,new,silver,2025-12-28
CL-03460,regular,none,2025-04-16
CL-03461,regular,none,2024-02-29
CL-03462,regular,gold,2025-10-30
CL-03463,new,none,2026-01-11
CL-03464,new,gold,2025-06-23
CL-03465,regular,none,2025-04-09
CL-03466,regular,none,2025-03-19
CL-03467,regular,gold,2025-04-18
CL-03468,new,gold,2024-09-12
CL-03469,new,gold,2025-05-04
CL-03470,sleeping,none,2025-01-22
CL-03471,regular,none,2025-08-24
CL-03472,regular,silver,2025-09-27
CL-03473,regular,gold,2025-06-23
CL-03474,regular,none,2026-01-26
CL-03475,regular,silver,2024-12-07
CL-03476,regular,none,2025-07-28
CL-03477,vip,silver,2024-09-17
CL-03478,sleeping,none,2025-08-23
CL-03479,sleeping,platinum,2024-07-22
CL-03480,regular,none,2025-06-15
CL-03481,regular,silver,2024-01-11
CL-03482,regular,gold,2025-08-05
CL-03483,vip,none,2024-08-08
CL-03484,regular,none,2024-07-03
CL-03485,regular,silver,2024-09-10
CL-03486,regular,silver,2024-11-18
CL-03487,regular,silver,2024-04-07
CL-03488,regular,silver,2025-02-26
CL-03489,new,none,2024-04-04
CL-03490,regular,gold,2025-02-21
CL-03491,regular,none,2024-10-07
CL-03492,new,silver,2025-03-29
CL-03493,vip,gold,2024-04-25
CL-03494,regular,gold,2026-01-09
CL-03495,new,none,2024-01-12
CL-03496,vip,none,2025-10-12
CL-03497,regular,silver,2024-09-24
CL-03498,regular,none,2025-09-21
CL-03499,regular,silver,2025-03-29
CL-03500,vip,silver,2025-09-23
CL-03501,regular,none,2025-02-25
CL-03502,regular,silver,2025-08-25
CL-03503,new,silver,2025-05-13
CL-03504,regular,gold,2025-05-31
CL-03505,regular,none,2025-03-10
CL-03506,regular,none,2024-07-13
CL-03507,regular,none,2025-10-07
CL-03508,vip,silver,2025-10-12
CL-03509,regular,gold,2025-07-03
CL-03510,new,gold,2024-07-31
CL-03511,sleeping,platinum,2024-11-05
CL-03512,regular,silver,2025-07-04
CL-03513,sleeping,gold,2024-05-21
CL-03514,sleeping,none,2024-03-25
CL-03515,sleeping,silver,2024-11-02
CL-03516,regular,silver,2025-02-19
CL-03517,regular,gold,2025-11-10
CL-03518,new,gold,2024-08-30
CL-03519,regular,none,2024-06-13
CL-03520,regular,gold,2025-06-19
CL-03521,regular,gold,2025-10-27
CL-03522,vip,platinum,2025-10-12
CL-03523,new,silver,2025-04-25
CL-03524,regular,platinum,2024-01-12
CL-03525,regular,gold,2025-05-11
CL-03526,regular,silver,2024-03-27
CL-03527,new,silver,2025-08-21
CL-03528,new,gold,2025-12-04
CL-03529,vip,gold,2025-04-09
CL-03530,regular,silver,2024-06-30
CL-03531,new,platinum,2024-08-14
CL-03532,new,none,2025-07-09
CL-03533,regular,silver,2025-07-31
CL-03534,new,none,2025-09-09
CL-03535,regular,silver,2024-03-18
CL-03536,regular,none,2025-07-16
CL-03537,new,none,2025-12-30
CL-03538,regular,none,2024-01-25
CL-03539,new,none,2024-11-23
CL-03540,new,none,2025-07-12
CL-03541,sleeping,silver,2025-02-06
CL-03542,regular,none,2025-12-31
CL-03543,sleeping,none,2025-05-28
CL-03544,new,none,2024-10-07
CL-03545,new,none,2025-04-17
CL-03546,regular,none,2025-06-23
CL-03547,regular,platinum,2025-08-17
CL-03548,sleeping,silver,2024-07-29
CL-03549,new,none,2025-11-27
CL-03550,vip,silver,2026-01-28
CL-03551,vip,none,2024-06-12
CL-03552,regular,silver,2024-06-07
CL-03553,new,platinum,2024-10-19
CL-03554,regular,none,2024-08-20
CL-03555,new,none,2024-05-21
CL-03556,regular,silver,2024-05-07
CL-03557,regular,none,2025-06-23
CL-03558,sleeping,none,2025-12-26
CL-03559,regular,silver,2024-03-13
CL-03560,regular,silver,2025-03-10
CL-03561,regular,none,2024-07-31
CL-03562,regular,gold,2024-07-06
CL-03563,sleeping,none,2025-03-10
CL-03564,new,none,2024-04-12
CL-03565,sleeping,silver,2024-03-04
CL-03566,vip,silver,2025-10-26
CL-03567,vip,silver,2024-12-05
CL-03568,regular,silver,2024-02-17
CL-03569,vip,silver,2025-10-28
CL-03570,new,gold,2025-05-03
CL-03571,regular,silver,2025-07-15
CL-03572,new,silver,2025-04-08
CL-03573,new,gold,2024-12-26
CL-03574,regular,none,2025-08-09
CL-03575,new,gold,2024-09-19
CL-03576,regular,none,2025-06-02
CL-03577,vip,silver,2025-11-01
CL-03578,new,silver,2025-09-27
CL-03579,regular,silver,2025-02-25
CL-03580,new,none,2024-01-29
CL-03581,regular,silver,2024-01-12
CL-03582,regular,gold,2024-11-23
CL-03583,regular,platinum,2025-05-18
CL-03584,regular,silver,2024-03-02
CL-03585,sleeping,none,2024-11-08
CL-03586,vip,none,2024-11-03
CL-03587,regular,silver,2024-12-14
CL-03588,regular,none,2025-03-02
CL-03589,regular,gold,2024-07-31
CL-03590,new,silver,2025-03-27
CL-03591,vip,silver,2024-12-10
CL-03592,new,none,2025-12-03
CL-03593,vip,none,2024-09-03
CL-03594,new,silver,2025-12-01
CL-03595,new,silver,2026-01-01
CL-03596,sleeping,none,2024-08-23
CL-03597,vip,silver,2024-11-05
CL-03598,sleeping,silver,2025-06-15
CL-03599,sleeping,silver,2024-12-14
CL-03600,regular,gold,2025-06-25
CL-03601,new,none,2024-07-15
CL-03602,new,none,2025-12-28
CL-03603,regular,gold,2025-06-14
CL-03604,new,none,2024-03-04
CL-03605,sleeping,silver,2024-07-03
CL-03606,new,gold,2025-04-14
CL-03607,new,silver,2024-08-10
CL-03608,new,platinum,2024-11-05
CL-03609,new,silver,2025-05-06
CL-03610,new,silver,2024-09-20
CL-03611,regular,none,2025-11-18
CL-03612,new,none,2025-04-14
CL-03613,regular,silver,2024-11-14
CL-03614,sleeping,none,2024-07-31
CL-03615,regular,silver,2024-08-12
CL-03616,regular,none,2024-01-28
CL-03617,regular,none,2024-03-06
CL-03618,new,silver,2025-08-14
CL-03619,new,silver,2025-08-07
CL-03620,sleeping,none,2024-03-06
CL-03621,regular,gold,2025-02-23
CL-03622,new,none,2024-09-06
CL-03623,regular,none,2025-06-14
CL-03624,vip,platinum,2025-03-28
CL-03625,regular,gold,2025-08-30
CL-03626,regular,silver,2025-04-19
CL-03627,sleeping,silver,2024-05-31
CL-03628,regular,gold,2025-05-21
CL-03629,regular,silver,2025-09-26
CL-03630,new,none,2026-01-25
CL-03631,new,none,2025-06-18
CL-03632,sleeping,none,2024-11-01
CL-03633,regular,gold,2025-01-21
CL-03634,regular,silver,2024-04-14
CL-03635,regular,none,2025-04-29
CL-03636,new,none,2024-04-14
CL-03637,vip,none,2024-07-16
CL-03638,new,silver,2025-01-22
CL-03639,vip,gold,2024-12-29
CL-03640,regular,silver,2024-10-18
CL-03641,new,gold,2025-05-06
CL-03642,new,none,2025-11-25
CL-03643,vip,silver,2025-12-02
CL-03644,new,silver,2025-01-23
CL-03645,new,none,2025-02-23
CL-03646,regular,silver,2024-12-09
CL-03647,regular,gold,2025-11-12
CL-03648,regular,none,2025-10-17
CL-03649,new,silver,2024-02-11
CL-03650,vip,gold,2025-08-28
CL-03651,new,gold,2024-01-23
CL-03652,new,silver,2025-06-26
CL-03653,new,none,2024-09-14
CL-03654,new,gold,2025-02-04
CL-03655,new,none,2025-08-17
CL-03656,new,none,2024-06-27
CL-03657,new,none,2024-04-11
CL-03658,regular,silver,2025-03-07
CL-03659,vip,silver,2025-09-28
CL-03660,new,gold,2024-03-28
CL-03661,new,silver,2024-10-21
CL-03662,sleeping,platinum,2025-02-11
CL-03663,sleeping,silver,2024-06-21
CL-03664,regular,silver,2025-10-09
CL-03665,new,none,2025-03-30
CL-03666,regular,none,2025-01-26
CL-03667,new,silver,2024-04-15
CL-03668,new,silver,2024-02-22
CL-03669,regular,none,2024-05-05
CL-03670,regular,silver,2024-01-24
CL-03671,regular,none,2025-02-10
CL-03672,regular,silver,2025-10-15
CL-03673,new,none,2025-07-30
CL-03674,new,none,2024-06-19
CL-03675,regular,none,2024-05-29
CL-03676,vip,gold,2025-02-03
CL-03677,new,gold,2025-08-13
CL-03678,regular,none,2025-08-13
CL-03679,new,none,2025-01-31
CL-03680,new,silver,2024-07-11
CL-03681,regular,none,2025-01-02
CL-03682,new,gold,2025-07-14
CL-03683,regular,silver,2025-10-30
CL-03684,regular,gold,2024-02-27
CL-03685,new,none,2025-08-11
CL-03686,new,platinum,2025-07-22
CL-03687,new,gold,2024-06-11
CL-03688,sleeping,silver,2024-02-18
CL-03689,regular,platinum,2024-08-22
CL-03690,regular,silver,2024-07-29
CL-03691,new,none,2024-03-27
CL-03692,regular,silver,2024-07-14
CL-03693,new,gold,2024-05-28
CL-03694,regular,gold,2025-11-08
CL-03695,regular,silver,2024-03-06
CL-03696,regular,silver,2025-02-10
CL-03697,new,none,2024-09-05
CL-03698,new,none,2025-10-02
CL-03699,new,silver,2024-12-26
CL-03700,regular,silver,2025-03-18
CL-03701,sleeping,none,2024-10-27
CL-03702,new,gold,2025-09-05
CL-03703,regular,silver,2025-05-22
CL-03704,regular,silver,2025-02-23
CL-03705,new,none,2024-10-28
CL-03706,new,none,2024-12-07
CL-03707,new,silver,2024-07-11
CL-03708,regular,gold,2025-05-15
CL-03709,regular,none,2024-08-12
CL-03710,regular,gold,2024-08-05
CL-03711,vip,gold,2024-12-20
CL-03712,regular,gold,2025-11-29
CL-03713,sleeping,silver,2024-11-30
CL-03714,regular,none,2025-11-21
CL-03715,vip,gold,2025-02-04
CL-03716,vip,silver,2024-02-25
CL-03717,regular,none,2025-03-19
CL-03718,vip,silver,2025-11-27
CL-03719,sleeping,silver,2025-11-01
CL-03720,regular,silver,2024-05-18
CL-03721,regular,gold,2024-07-22
CL-03722,regular,silver,2025-06-01
CL-03723,vip,none,2024-11-28
CL-03724,regular,platinum,2025-09-17
CL-03725,vip,none,2025-01-30
CL-03726,regular,none,2024-07-02
CL-03727,sleeping,gold,2024-09-09
CL-03728,new,platinum,2024-03-26
CL-03729,regular,silver,2024-08-05
CL-03730,regular,silver,2025-07-28
CL-03731,sleeping,silver,2024-06-17
CL-03732,sleeping,gold,2024-12-02
CL-03733,regular,gold,2024-05-16
CL-03734,regular,none,2025-01-04
CL-03735,new,gold,2026-01-03
CL-03736,sleeping,silver,2025-08-02
CL-03737,new,none,2025-08-03
CL-03738,regular,none,2024-07-11
CL-03739,regular,none,2024-08-21
CL-03740,regular,platinum,2024-03-14
CL-03741,new,silver,2025-12-01
CL-03742,new,silver,2025-12-28
CL-03743,vip,none,2024-09-14
CL-03744,regular,gold,2025-06-15
CL-03745,new,silver,2024-06-09
CL-03746,regular,gold,2025-05-10
CL-03747,new,silver,2024-03-13
CL-03748,vip,gold,2024-09-10
CL-03749,new,silver,2024-10-25
CL-03750,new,silver,2026-01-26
CL-03751,new,platinum,2024-12-21
CL-03752,regular,silver,2024-06-18
CL-03753,regular,gold,2024-02-05
CL-03754,regular,none,2024-05-15
CL-03755,regular,silver,2024-07-03
CL-03756,new,gold,2024-08-29
CL-03757,new,gold,2024-04-13
CL-03758,new,silver,2025-07-15
CL-03759,sleeping,silver,2024-10-20
CL-03760,new,gold,2024-06-29
CL-03761,sleeping,none,2025-02-03
CL-03762,new,platinum,2024-08-25
CL-03763,new,none,2025-06-03
CL-03764,new,none,2025-02-06
CL-03765,new,gold,2025-12-09
CL-03766,regular,silver,2025-05-08
CL-03767,regular,none,2024-10-05
CL-03768,new,none,2024-04-23
CL-03769,regular,platinum,2024-03-18
CL-03770,regular,silver,2025-05-12
CL-03771,sleeping,platinum,2024-01-26
CL-03772,sleeping,none,2024-10-16
CL-03773,regular,silver,2024-01-16
CL-03774,vip,none,2024-09-20
CL-03775,regular,silver,2025-11-02
CL-03776,regular,none,2024-03-01
CL-03777,regular,none,2026-01-10
CL-03778,new,silver,2026-01-10
CL-03779,regular,silver,2025-10-18
CL-03780,sleeping,silver,2025-06-10
CL-03781,new,silver,2024-05-15
CL-03782,vip,silver,2024-03-16
CL-03783,sleeping,silver,2025-11-29
CL-03784,new,gold,2024-10-05
CL-03785,regular,gold,2024-12-07
CL-03786,sleeping,gold,2024-03-01
CL-03787,sleeping,none,2024-02-15
CL-03788,new,silver,2025-02-15
CL-03789,new,gold,2024-11-04
CL-03790,regular,platinum,2025-06-16
CL-03791,new,silver,2025-09-25
CL-03792,new,silver,2024-02-12
CL-03793,new,gold,2026-01-07
CL-03794,new,platinum,2025-12-01
CL-03795,regular,silver,2025-03-11
CL-03796,regular,none,2024-10-11
CL-03797,regular,gold,2024-05-06
CL-03798,regular,silver,2024-06-27
CL-03799,regular,none,2025-06-16
CL-03800,new,none,2024-04-08
CL-03801,new,silver,2026-01-03
CL-03802,new,silver,2024-04-20
CL-03803,new,gold,2025-07-27
CL-03804,new,none,2025-10-07
CL-03805,new,none,2024-08-12
CL-03806,new,silver,2024-12-30
CL-03807,regular,none,2025-03-14
CL-03808,regular,silver,2025-08-29
CL-03809,sleeping,silver,2024-02-08
CL-03810,regular,none,2024-06-21
CL-03811,regular,gold,2024-04-23
CL-03812,new,none,2024-08-29
CL-03813,regular,gold,2025-05-26
CL-03814,new,silver,2024-11-09
CL-03815,regular,silver,2025-01-09
CL-03816,regular,gold,2024-12-11
CL-03817,regular,none,2024-01-05
CL-03818,new,gold,2024-03-15
CL-03819,regular,none,2024-06-21
CL-03820,vip,platinum,2024-02-04
CL-03821,regular,none,2025-09-16
CL-03822,regular,silver,2026-01-26
CL-03823,regular,none,2025-01-03
CL-03824,new,silver,2025-05-21
CL-03825,regular,none,2024-02-12
CL-03826,regular,none,2024-02-11
CL-03827,new,none,2025-04-04
CL-03828,new,none,2025-08-10
CL-03829,sleeping,silver,2025-12-07
CL-03830,regular,silver,2024-10-01
CL-03831,regular,none,2024-11-14
CL-03832,regular,platinum,2025-08-28
CL-03833,regular,silver,2024-04-16
CL-03834,regular,none,2025-12-22
CL-03835,new,silver,2024-08-14
CL-03836,regular,silver,2024-01-21
CL-03837,regular,silver,2025-08-23
CL-03838,new,gold,2026-01-02
CL-03839,regular,silver,2025-01-01
CL-03840,new,platinum,2024-05-05
CL-03841,regular,silver,2024-04-25
CL-03842,regular,platinum,2024-08-13
CL-03843,regular,silver,2025-02-09
CL-03844,regular,silver,2025-04-21
CL-03845,sleeping,silver,2025-06-14
CL-03846,regular,gold,2025-06-28
CL-03847,regular,none,2024-07-02
CL-03848,regular,none,2024-05-09
CL-03849,new,none,2025-12-24
CL-03850,new,none,2024-04-13
CL-03851,regular,gold,2025-01-22
CL-03852,new,silver,2024-08-05
CL-03853,regular,none,2025-07-09
CL-03854,regular,silver,2024-09-04
CL-03855,regular,none,2024-03-17
CL-03856,new,gold,2024-08-29
CL-03857,vip,gold,2024-03-17
CL-03858,regular,none,2024-05-10
CL-03859,regular,silver,2024-12-25
CL-03860,new,platinum,2026-01-07
CL-03861,regular,silver,2024-06-03
CL-03862,new,gold,2025-08-29
CL-03863,regular,none,2025-01-30
CL-03864,new,none,2026-01-14
CL-03865,sleeping,silver,2025-01-30
CL-03866,new,none,2024-03-19
CL-03867,regular,gold,2024-11-07
CL-03868,new,gold,2024-02-27
CL-03869,regular,none,2024-06-17
CL-03870,regular,silver,2025-02-11
CL-03871,regular,gold,2025-11-15
CL-03872,new,platinum,2025-04-11
CL-03873,new,none,2024-10-04
CL-03874,new,gold,2025-04-27
CL-03875,sleeping,none,2024-07-04
CL-03876,regular,gold,2024-03-11
CL-03877,new,silver,2025-07-11
CL-03878,sleeping,none,2025-10-03
CL-03879,new,silver,2025-04-10
CL-03880,regular,silver,2025-01-07
CL-03881,regular,silver,2024-12-14
CL-03882,sleeping,none,2024-10-06
CL-03883,regular,silver,2026-01-07
CL-03884,regular,gold,2025-01-18
CL-03885,sleeping,none,2025-10-24
CL-03886,new,none,2024-01-31
CL-03887,sleeping,gold,2024-09-24
CL-03888,vip,silver,2024-06-12
CL-03889,sleeping,silver,2024-03-29
CL-03890,new,gold,2026-01-28
CL-03891,new,none,2024-02-09
CL-03892,regular,gold,2025-02-23
CL-03893,regular,silver,2024-06-14
CL-03894,regular,none,2024-02-29
CL-03895,sleeping,platinum,2026-01-16
CL-03896,regular,gold,2024-08-10
CL-03897,new,none,2024-09-24
CL-03898,regular,gold,2024-05-20
CL-03899,new,platinum,2025-06-05
CL-03900,new,gold,2025-12-03
CL-03901,new,none,2024-09-14
CL-03902,vip,none,2025-09-04
CL-03903,regular,gold,2024-11-06
CL-03904,regular,gold,2025-02-19
CL-03905,regular,none,2025-08-31
CL-03906,regular,silver,2025-12-24
CL-03907,vip,none,2025-04-07
CL-03908,sleeping,silver,2024-10-10
CL-03909,regular,silver,2024-12-22
CL-03910,vip,none,2025-10-19
CL-03911,regular,silver,2024-09-25
CL-03912,regular,silver,2024-12-21
CL-03913,vip,silver,2025-08-12
CL-03914,regular,gold,2025-10-06
CL-03915,regular,none,2024-12-05
CL-03916,new,none,2025-11-15
CL-03917,regular,silver,2025-10-17
CL-03918,regular,silver,2024-12-17
CL-03919,regular,none,2024-07-29
CL-03920,regular,platinum,2024-05-15
CL-03921,new,none,2024-04-01
CL-03922,vip,none,2024-05-26
CL-03923,new,gold,2024-02-22
CL-03924,sleeping,gold,2024-08-07
CL-03925,new,silver,2026-01-23
CL-03926,regular,none,2024-06-18
CL-03927,regular,none,2024-10-19
CL-03928,vip,none,2024-10-22
CL-03929,new,silver,2025-01-29
CL-03930,sleeping,silver,2025-01-20
CL-03931,regular,none,2025-03-17
CL-03932,regular,silver,2024-03-07
CL-03933,regular,gold,2024-09-01
CL-03934,new,none,2025-11-22
CL-03935,regular,none,2026-01-11
CL-03936,new,gold,2024-01-02
CL-03937,new,none,2025-04-24
CL-03938,regular,none,2024-04-15
CL-03939,regular,none,2025-02-11
CL-03940,new,silver,2024-01-07
CL-03941,new,silver,2025-07-28
CL-03942,new,silver,2026-01-19
CL-03943,new,silver,2024-04-03
CL-03944,regular,silver,2024-11-08
CL-03945,new,none,2024-05-27
CL-03946,sleeping,gold,2024-05-28
CL-03947,new,platinum,2025-08-25
CL-03948,new,silver,2024-03-31
CL-03949,vip,none,2024-04-04
CL-03950,new,gold,2024-10-08
CL-03951,regular,none,2024-08-22
CL-03952,sleeping,none,2026-01-11
CL-03953,sleeping,platinum,2024-10-26
CL-03954,regular,none,2025-02-21
CL-03955,new,none,2024-03-19
CL-03956,regular,silver,2024-09-26
CL-03957,sleeping,silver,2024-06-05
CL-03958,sleeping,silver,2024-10-04
CL-03959,new,none,2024-08-18
CL-03960,regular,silver,2024-03-30
CL-03961,new,none,2025-02-25
CL-03962,new,platinum,2025-01-27
CL-03963,regular,none,2025-01-29
CL-03964,new,none,2024-11-18
CL-03965,new,silver,2025-02-02
CL-03966,new,none,2025-07-07
CL-03967,regular,silver,2024-07-17
CL-03968,new,none,2024-05-25
CL-03969,regular,silver,2025-05-30
CL-03970,new,none,2024-04-14
CL-03971,sleeping,silver,2024-09-24
CL-03972,new,none,2025-03-17
CL-03973,regular,none,2025-03-20
CL-03974,new,none,2025-07-17
CL-03975,new,gold,2024-12-24
CL-03976,new,silver,2025-01-13
CL-03977,new,none,2024-02-03
CL-03978,new,none,2025-08-23
CL-03979,regular,none,2024-06-29
CL-03980,regular,none,2025-10-01
CL-03981,new,silver,2025-05-04
CL-03982,regular,none,2025-11-27
CL-03983,regular,platinum,2025-10-27
CL-03984,new,gold,2024-10-14
CL-03985,regular,none,2024-10-26
CL-03986,new,none,2025-11-18
CL-03987,new,none,2025-11-02
CL-03988,regular,none,2025-06-22
CL-03989,sleeping,silver,2025-12-02
CL-03990,sleeping,none,2025-04-19
CL-03991,sleeping,none,2024-01-19
CL-03992,regular,none,2025-02-24
CL-03993,new,silver,2024-10-08
CL-03994,new,none,2024-01-15
CL-03995,new,platinum,2025-02-26
CL-03996,new,none,2025-03-01
CL-03997,new,none,2025-07-10
CL-03998,regular,silver,2025-08-15
CL-03999,new,silver,2024-09-02
CL-04000,new,silver,2026-01-21
CL-04001,regular,silver,2024-12-01
CL-04002,regular,none,2024-11-25
CL-04003,vip,none,2024-05-17
CL-04004,new,none,2026-01-22
CL-04005,regular,silver,2024-10-26
CL-04006,new,silver,2024-05-10
CL-04007,regular,silver,2025-10-05
CL-04008,new,platinum,2025-12-29
CL-04009,new,silver,2024-06-11
CL-04010,regular,gold,2025-03-24
CL-04011,new,silver,2025-11-18
CL-04012,new,silver,2025-05-18
CL-04013,sleeping,silver,2024-11-27
CL-04014,new,none,2025-03-11
CL-04015,regular,none,2024-03-18
CL-04016,regular,silver,2026-01-16
CL-04017,new,none,2025-01-24
CL-04018,regular,none,2024-02-03
CL-04019,new,gold,2024-09-13
CL-04020,regular,silver,2024-11-07
CL-04021,new,none,2026-01-25
CL-04022,new,none,2025-10-27
CL-04023,new,gold,2024-08-19
CL-04024,sleeping,platinum,2024-05-06
CL-04025,regular,silver,2024-02-02
CL-04026,sleeping,none,2025-03-08
CL-04027,regular,none,2024-12-04
CL-04028,regular,none,2025-02-01
CL-04029,regular,gold,2024-07-26
CL-04030,sleeping,silver,2025-09-05
CL-04031,regular,gold,2025-01-27
CL-04032,regular,none,2025-11-28
CL-04033,regular,gold,2024-07-01
CL-04034,regular,silver,2024-07-15
CL-04035,new,silver,2025-03-21
CL-04036,regular,silver,2025-06-10
CL-04037,new,silver,2024-08-12
CL-04038,vip,gold,2025-02-20
CL-04039,regular,silver,2025-01-23
CL-04040,vip,platinum,2025-05-18
CL-04041,regular,none,2025-04-28
CL-04042,regular,none,2024-06-01
CL-04043,new,none,2024-03-27
CL-04044,sleeping,none,2024-07-26
CL-04045,regular,gold,2024-04-06
CL-04046,new,none,2025-02-21
CL-04047,new,none,2025-01-24
CL-04048,new,none,2024-01-03
CL-04049,regular,silver,2025-09-18
CL-04050,regular,platinum,2025-06-28
CL-04051,sleeping,gold,2024-12-20
CL-04052,regular,none,2024-05-02
CL-04053,regular,silver,2024-05-02
CL-04054,regular,none,2025-12-08
CL-04055,vip,gold,2024-06-28
CL-04056,vip,none,2025-10-16
CL-04057,new,platinum,2025-05-19
CL-04058,sleeping,gold,2025-04-18
CL-04059,regular,silver,2025-09-27
CL-04060,vip,gold,2025-11-08
CL-04061,sleeping,none,2024-07-24
CL-04062,regular,none,2026-01-20
CL-04063,new,none,2024-04-07
CL-04064,regular,none,2025-08-11
CL-04065,new,silver,2024-10-20
CL-04066,regular,silver,2025-04-21
CL-04067,new,gold,2025-09-26
CL-04068,regular,gold,2024-12-07
CL-04069,sleeping,none,2024-03-03
CL-04070,new,none,2025-09-10
CL-04071,regular,silver,2024-04-10
CL-04072,regular,none,2025-06-19
CL-04073,regular,silver,2024-11-30
CL-04074,new,silver,2024-12-25
CL-04075,new,silver,2024-07-18
CL-04076,regular,silver,2025-01-15
CL-04077,regular,gold,2024-05-22
CL-04078,regular,silver,2024-06-22
CL-04079,new,platinum,2024-12-25
CL-04080,regular,gold,2025-08-22
CL-04081,regular,silver,2025-01-25
CL-04082,new,none,2025-10-29
CL-04083,regular,gold,2024-07-27
CL-04084,new,none,2024-01-13
CL-04085,regular,silver,2024-08-22
CL-04086,sleeping,silver,2024-03-26
CL-04087,regular,none,2025-02-01
CL-04088,regular,none,2026-01-23
CL-04089,new,none,2025-01-06
CL-04090,new,gold,2024-05-15
CL-04091,new,silver,2025-03-19
CL-04092,regular,platinum,2025-07-13
CL-04093,vip,gold,2025-10-23
CL-04094,new,silver,2024-12-31
CL-04095,new,gold,2024-11-18
CL-04096,new,silver,2025-01-31
CL-04097,regular,none,2024-06-11
CL-04098,regular,platinum,2024-03-23
CL-04099,regular,gold,2025-08-09
CL-04100,sleeping,none,2024-04-14
CL-04101,new,gold,2025-06-07
CL-04102,regular,none,2025-03-15
CL-04103,regular,gold,2024-12-24
CL-04104,new,silver,2024-10-13
CL-04105,sleeping,none,2026-01-17
CL-04106,new,gold,2025-08-29
CL-04107,regular,silver,2024-05-04
CL-04108,regular,none,2026-01-08
CL-04109,sleeping,gold,2024-04-08
CL-04110,regular,gold,2025-09-09
CL-04111,new,silver,2024-11-20
CL-04112,vip,silver,2024-11-04
CL-04113,regular,none,2025-01-18
CL-04114,regular,none,2025-01-01
CL-04115,regular,silver,2024-04-05
CL-04116,new,none,2024-04-29
CL-04117,regular,silver,2025-07-13
CL-04118,vip,platinum,2025-06-12
CL-04119,new,gold,2024-10-25
CL-04120,regular,silver,2024-12-05
CL-04121,sleeping,silver,2024-10-18
CL-04122,regular,gold,2025-10-13
CL-04123,sleeping,gold,2024-02-22
CL-04124,regular,none,2025-05-10
CL-04125,sleeping,silver,2024-08-22
CL-04126,new,none,2024-05-09
CL-04127,regular,none,2024-04-29
CL-04128,regular,none,2024-11-08
CL-04129,regular,silver,2024-04-20
CL-04130,sleeping,gold,2025-05-29
CL-04131,regular,gold,2024-09-06
CL-04132,regular,silver,2025-10-14
CL-04133,regular,silver,2024-04-20
CL-04134,regular,none,2024-09-23
CL-04135,regular,none,2024-10-17
CL-04136,new,none,2025-05-23
CL-04137,regular,platinum,2024-08-13
CL-04138,vip,none,2024-05-11
CL-04139,regular,gold,2024-11-04
CL-04140,regular,none,2025-11-18
CL-04141,regular,silver,2025-09-10
CL-04142,regular,gold,2025-03-13
CL-04143,new,platinum,2026-01-26
CL-04144,regular,none,2025-08-07
CL-04145,regular,gold,2025-08-04
CL-04146,new,none,2024-10-28
CL-04147,new,gold,2025-01-11
CL-04148,regular,none,2025-12-15
CL-04149,regular,silver,2025-12-04
CL-04150,regular,silver,2025-07-01
CL-04151,new,gold,2024-03-14
CL-04152,regular,gold,2024-04-26
CL-04153,regular,none,2024-12-13
CL-04154,regular,gold,2025-02-22
CL-04155,regular,none,2025-04-18
CL-04156,new,none,2024-07-25
CL-04157,sleeping,none,2025-08-15
CL-04158,new,none,2025-09-25
CL-04159,regular,none,2024-06-07
CL-04160,new,silver,2025-08-17
CL-04161,regular,none,2024-04-24
CL-04162,new,silver,2025-01-10
CL-04163,vip,none,2025-10-29
CL-04164,regular,silver,2024-08-17
CL-04165,regular,none,2025-06-04
CL-04166,new,none,2025-10-10
CL-04167,new,silver,2025-01-08
CL-04168,regular,platinum,2025-10-08
CL-04169,regular,platinum,2025-04-29
CL-04170,regular,none,2025-01-18
CL-04171,sleeping,platinum,2024-03-30
CL-04172,regular,silver,2025-06-29
CL-04173,sleeping,gold,2024-08-24
CL-04174,new,none,2024-08-04
CL-04175,regular,none,2025-11-29
CL-04176,regular,none,2024-09-22
CL-04177,regular,gold,2024-09-30
CL-04178,sleeping,none,2025-12-18
CL-04179,regular,none,2024-08-08
CL-04180,sleeping,silver,2025-07-13
CL-04181,regular,platinum,2025-01-30
CL-04182,new,silver,2024-02-24
CL-04183,regular,silver,2025-03-18
CL-04184,regular,none,2024-12-13
CL-04185,sleeping,gold,2025-07-05
CL-04186,vip,none,2024-10-27
CL-04187,new,none,2024-07-01
CL-04188,new,silver,2024-06-24
CL-04189,new,none,2025-02-05
CL-04190,regular,silver,2026-01-26
CL-04191,new,silver,2024-12-08
CL-04192,regular,none,2024-04-13
CL-04193,regular,none,2025-09-16
CL-04194,vip,none,2024-08-26
CL-04195,new,none,2024-11-18
CL-04196,regular,gold,2025-10-07
CL-04197,new,silver,2024-03-25
CL-04198,sleeping,none,2024-04-10
CL-04199,new,none,2024-06-02
CL-04200,new,gold,2024-10-12
CL-04201,new,gold,2025-10-13
CL-04202,vip,gold,2025-04-26
CL-04203,new,none,2025-08-12
CL-04204,regular,silver,2024-09-13
CL-04205,regular,none,2024-11-09
CL-04206,regular,gold,2024-11-06
CL-04207,new,silver,2024-03-27
CL-04208,new,silver,2025-02-22
CL-04209,regular,none,2024-09-09
CL-04210,new,gold,2025-12-25
CL-04211,regular,none,2025-06-09
CL-04212,regular,gold,2025-10-23
CL-04213,regular,none,2024-05-28
CL-04214,new,gold,2024-03-26
CL-04215,regular,none,2024-11-27
CL-04216,new,silver,2025-03-08
CL-04217,regular,gold,2025-03-01
CL-04218,new,none,2025-05-11
CL-04219,sleeping,none,2025-09-24
CL-04220,regular,none,2024-09-04
CL-04221,new,none,2024-08-09
CL-04222,new,silver,2024-07-19
CL-04223,new,none,2024-10-02
CL-04224,new,none,2025-03-30
CL-04225,new,none,2025-09-02
CL-04226,vip,none,2024-11-11
CL-04227,regular,none,2024-11-13
CL-04228,new,silver,2025-11-18
CL-04229,regular,none,2024-09-17
CL-04230,new,gold,2024-05-04
CL-04231,sleeping,gold,2024-09-19
CL-04232,new,silver,2024-02-01
CL-04233,regular,gold,2024-10-05
CL-04234,regular,silver,2025-11-14
CL-04235,new,silver,2025-09-07
CL-04236,new,none,2025-11-12
CL-04237,regular,silver,2024-08-16
CL-04238,vip,none,2024-11-12
CL-04239,regular,silver,2025-10-06
CL-04240,regular,none,2025-07-26
CL-04241,regular,silver,2024-05-20
CL-04242,vip,silver,2025-10-04
CL-04243,regular,none,2024-03-19
CL-04244,regular,none,2024-07-12
CL-04245,regular,gold,2025-02-08
CL-04246,new,none,2025-05-12
CL-04247,vip,none,2025-08-29
CL-04248,new,none,2025-07-14
CL-04249,new,platinum,2024-08-04
CL-04250,vip,silver,2024-09-28
CL-04251,new,silver,2025-07-02
CL-04252,new,gold,2025-12-19
CL-04253,new,silver,2025-10-21
CL-04254,regular,gold,2026-01-05
CL-04255,vip,silver,2025-05-28
CL-04256,new,gold,2025-01-04
CL-04257,new,silver,2025-08-05
CL-04258,regular,none,2024-02-27
CL-04259,sleeping,none,2025-12-12
CL-04260,new,none,2025-11-29
CL-04261,sleeping,silver,2025-01-18
CL-04262,sleeping,platinum,2025-02-01
CL-04263,new,gold,2025-02-06
CL-04264,vip,gold,2024-04-15
CL-04265,regular,silver,2024-06-05
CL-04266,regular,gold,2025-07-10
CL-04267,regular,silver,2024-01-25
CL-04268,vip,none,2025-06-06
CL-04269,regular,silver,2024-08-19
CL-04270,regular,silver,2024-04-16
CL-04271,sleeping,none,2025-03-29
CL-04272,regular,none,2024-07-27
CL-04273,vip,none,2024-12-05
CL-04274,vip,none,2025-10-18
CL-04275,new,none,2025-06-14
CL-04276,new,gold,2026-01-06
CL-04277,regular,none,2024-10-28
CL-04278,vip,gold,2024-11-03
CL-04279,new,none,2025-06-06
CL-04280,regular,platinum,2024-04-12
CL-04281,new,gold,2025-10-13
CL-04282,regular,gold,2024-09-24
CL-04283,regular,silver,2024-12-23
CL-04284,new,silver,2025-01-20
CL-04285,sleeping,none,2024-02-20
CL-04286,new,silver,2024-08-16
CL-04287,sleeping,gold,2024-04-16
CL-04288,new,none,2025-04-09
CL-04289,sleeping,none,2025-06-20
CL-04290,regular,gold,2024-01-07
CL-04291,new,none,2024-01-07
CL-04292,new,silver,2025-09-12
CL-04293,new,none,2024-09-11
CL-04294,regular,none,2025-10-03
CL-04295,vip,none,2025-05-15
CL-04296,regular,silver,2025-08-18
CL-04297,regular,gold,2024-10-19
CL-04298,regular,gold,2024-08-18
CL-04299,regular,none,2025-07-03
CL-04300,regular,none,2025-04-25
CL-04301,regular,gold,2025-03-09
CL-04302,regular,none,2024-10-04
CL-04303,sleeping,none,2025-04-11
CL-04304,regular,silver,2024-10-22
CL-04305,new,gold,2025-11-07
CL-04306,new,none,2025-06-22
CL-04307,regular,none,2024-10-28
CL-04308,new,platinum,2025-10-03
CL-04309,sleeping,platinum,2024-02-24
CL-04310,regular,silver,2025-09-23
CL-04311,regular,silver,2024-11-11
CL-04312,regular,platinum,2024-06-24
CL-04313,new,silver,2025-09-23
CL-04314,vip,gold,2025-05-15
CL-04315,new,silver,2024-02-26
CL-04316,regular,none,2024-07-21
CL-04317,sleeping,gold,2024-12-08
CL-04318,regular,silver,2025-04-22
CL-04319,vip,none,2025-09-04
CL-04320,regular,silver,2024-10-06
CL-04321,vip,gold,2025-09-06
CL-04322,regular,none,2025-08-23
CL-04323,regular,gold,2024-10-14
CL-04324,new,none,2025-12-13
CL-04325,new,silver,2025-12-18
CL-04326,regular,platinum,2024-08-08
CL-04327,new,gold,2025-02-26
CL-04328,regular,gold,2025-10-22
CL-04329,vip,silver,2025-02-13
CL-04330,sleeping,silver,2025-07-16
CL-04331,new,silver,2025-08-30
CL-04332,sleeping,none,2025-03-06
CL-04333,new,silver,2024-09-30
CL-04334,regular,silver,2025-02-02
CL-04335,vip,silver,2025-09-24
CL-04336,new,silver,2024-08-30
CL-04337,new,none,2025-10-03
CL-04338,new,none,2024-06-03
CL-04339,regular,none,2024-12-17
CL-04340,vip,silver,2024-03-04
CL-04341,new,none,2025-10-11
CL-04342,new,gold,2025-06-25
CL-04343,regular,none,2024-03-30
CL-04344,new,gold,2024-06-18
CL-04345,regular,none,2025-02-05
CL-04346,sleeping,gold,2025-01-11
CL-04347,regular,silver,2024-03-26
CL-04348,vip,gold,2025-11-07
CL-04349,regular,gold,2024-12-16
CL-04350,vip,silver,2025-05-25
CL-04351,new,none,2025-07-25
CL-04352,new,silver,2024-05-08
CL-04353,regular,none,2024-09-10
CL-04354,new,gold,2025-07-12
CL-04355,sleeping,gold,2025-08-11
CL-04356,regular,none,2024-06-12
CL-04357,sleeping,silver,2024-08-30
CL-04358,new,none,2025-08-15
CL-04359,regular,silver,2024-09-18
CL-04360,regular,silver,2024-02-29
CL-04361,new,silver,2025-01-13
CL-04362,regular,gold,2024-04-17
CL-04363,regular,none,2025-03-27
CL-04364,sleeping,gold,2025-12-10
CL-04365,regular,silver,2024-03-17
CL-04366,new,none,2024-08-01
CL-04367,regular,silver,2025-03-06
CL-04368,regular,none,2024-04-24
CL-04369,new,silver,2025-02-10
CL-04370,regular,gold,2024-06-12
CL-04371,new,none,2025-04-28
CL-04372,new,none,2024-10-01
CL-04373,regular,silver,2025-12-04
CL-04374,new,none,2025-09-28
CL-04375,regular,none,2026-01-25
CL-04376,new,silver,2024-04-25
CL-04377,regular,silver,2025-12-21
CL-04378,new,gold,2024-01-12
CL-04379,sleeping,silver,2024-06-15
CL-04380,new,silver,2025-10-19
CL-04381,regular,none,2025-10-17
CL-04382,new,none,2024-08-15
CL-04383,new,silver,2025-10-01
CL-04384,regular,silver,2024-02-28
CL-04385,vip,platinum,2024-09-12
CL-04386,sleeping,none,2024-01-22
CL-04387,new,silver,2025-01-28
CL-04388,new,silver,2025-11-14
CL-04389,regular,none,2025-04-11
CL-04390,regular,gold,2025-02-01
CL-04391,new,none,2024-05-30
CL-04392,regular,gold,2025-04-08
CL-04393,regular,silver,2024-09-03
CL-04394,regular,none,2025-04-13
CL-04395,regular,silver,2024-04-09
CL-04396,regular,none,2025-01-31
CL-04397,new,silver,2025-01-13
CL-04398,regular,gold,2025-08-07
CL-04399,new,silver,2025-11-21
CL-04400,regular,none,2025-11-19
CL-04401,regular,silver,2024-09-16
CL-04402,regular,silver,2025-05-02
CL-04403,new,silver,2025-05-11
CL-04404,new,silver,2025-10-03
CL-04405,regular,silver,2025-09-05
CL-04406,regular,gold,2024-01-08
CL-04407,sleeping,gold,2025-08-31
CL-04408,regular,silver,2024-12-30
CL-04409,vip,none,2025-12-23
CL-04410,new,silver,2025-04-04
CL-04411,regular,silver,2024-10-21
CL-04412,new,gold,2024-06-01
CL-04413,regular,gold,2025-12-22
CL-04414,new,gold,2024-05-01
CL-04415,new,none,2024-03-09
CL-04416,regular,silver,2024-04-13
CL-04417,regular,gold,2025-02-23
CL-04418,new,none,2024-08-04
CL-04419,new,none,2025-03-17
CL-04420,regular,none,2025-09-17
CL-04421,new,silver,2024-08-09
CL-04422,new,silver,2024-01-22
CL-04423,regular,none,2024-09-29
CL-04424,new,silver,2025-04-02
CL-04425,regular,gold,2025-07-07
CL-04426,regular,gold,2024-02-21
CL-04427,new,gold,2025-10-29
CL-04428,new,gold,2025-03-26
CL-04429,new,silver,2025-01-01
CL-04430,new,gold,2024-07-10
CL-04431,new,silver,2025-12-29
CL-04432,sleeping,gold,2024-04-29
CL-04433,vip,gold,2024-12-07
CL-04434,regular,silver,2024-12-20
CL-04435,regular,silver,2025-02-19
CL-04436,regular,none,2024-06-24
CL-04437,vip,none,2025-12-18
CL-04438,new,none,2024-10-14
CL-04439,new,none,2025-06-25
CL-04440,new,silver,2025-04-26
CL-04441,new,none,2024-06-03
CL-04442,new,gold,2025-12-12
CL-04443,vip,silver,2024-12-15
CL-04444,sleeping,gold,2025-04-14
CL-04445,new,silver,2025-05-05
CL-04446,regular,none,2025-01-20
CL-04447,regular,none,2025-04-29
CL-04448,regular,gold,2025-02-27
CL-04449,regular,none,2025-07-16
CL-04450,new,silver,2024-12-24
CL-04451,vip,none,2025-09-09
CL-04452,sleeping,none,2025-03-03
CL-04453,regular,none,2026-01-28
CL-04454,regular,silver,2025-03-09
CL-04455,regular,none,2025-03-24
CL-04456,new,gold,2025-01-09
CL-04457,new,none,2024-10-28
CL-04458,regular,none,2025-08-22
CL-04459,new,none,2025-04-27
CL-04460,vip,platinum,2024-10-23
CL-04461,regular,silver,2025-09-05
CL-04462,regular,silver,2024-03-23
CL-04463,new,silver,2024-02-17
CL-04464,sleeping,gold,2025-05-03
CL-04465,new,none,2024-12-14
CL-04466,new,gold,2025-08-28
CL-04467,new,gold,2025-05-19
CL-04468,regular,none,2025-08-15
CL-04469,sleeping,none,2024-07-20
CL-04470,new,silver,2024-07-10
CL-04471,sleeping,none,2024-07-10
CL-04472,new,none,2025-05-06
CL-04473,regular,silver,2025-05-27
CL-04474,new,none,2026-01-28
CL-04475,regular,silver,2024-06-13
CL-04476,regular,silver,2024-03-20
CL-04477,regular,silver,2025-12-29
CL-04478,new,silver,2025-02-01
CL-04479,vip,silver,2024-10-05
CL-04480,sleeping,silver,2024-08-20
CL-04481,regular,gold,2025-11-02
CL-04482,regular,none,2025-08-24
CL-04483,regular,silver,2024-05-12
CL-04484,new,gold,2024-09-03
CL-04485,vip,silver,2025-10-23
CL-04486,new,none,2025-07-11
CL-04487,regular,none,2025-09-11
CL-04488,new,silver,2024-05-01
CL-04489,new,silver,2025-03-16
CL-04490,regular,gold,2024-02-20
CL-04491,regular,silver,2024-12-08
CL-04492,vip,none,2024-03-20
CL-04493,sleeping,gold,2024-07-22
CL-04494,new,silver,2024-07-16
CL-04495,new,platinum,2024-05-23
CL-04496,regular,gold,2025-10-07
CL-04497,regular,silver,2024-10-09
CL-04498,regular,silver,2024-04-24
CL-04499,vip,silver,2026-01-21
CL-04500,regular,none,2024-01-26
CL-04501,new,silver,2024-04-22
CL-04502,regular,none,2025-10-10
CL-04503,regular,none,2024-12-08
CL-04504,regular,silver,2024-10-11
CL-04505,new,none,2024-08-19
CL-04506,regular,gold,2025-03-23
CL-04507,regular,silver,2024-09-29
CL-04508,new,gold,2024-03-04
CL-04509,regular,silver,2026-01-02
CL-04510,new,gold,2025-11-20
CL-04511,regular,silver,2024-05-13
CL-04512,regular,platinum,2025-01-18
CL-04513,vip,silver,2024-12-10
CL-04514,new,gold,2024-03-09
CL-04515,new,silver,2024-10-30
CL-04516,new,none,2025-04-26
CL-04517,regular,silver,2024-03-20
CL-04518,new,silver,2024-10-04
CL-04519,regular,none,2024-07-10
CL-04520,new,none,2024-09-25
CL-04521,new,none,2025-04-23
CL-04522,regular,platinum,2024-11-06
CL-04523,regular,silver,2025-08-06
CL-04524,vip,none,2025-01-21
CL-04525,regular,gold,2025-06-09
CL-04526,regular,silver,2025-04-15
CL-04527,regular,silver,2025-09-12
CL-04528,regular,silver,2024-04-21
CL-04529,new,none,2026-01-23
CL-04530,regular,none,2025-07-27
CL-04531,regular,gold,2024-05-30
CL-04532,new,gold,2024-01-21
CL-04533,regular,gold,2024-01-20
CL-04534,regular,none,2025-06-15
CL-04535,regular,gold,2024-11-17
CL-04536,new,silver,2024-05-19
CL-04537,regular,silver,2024-08-29
CL-04538,vip,none,2024-12-05
CL-04539,new,gold,2024-02-01
CL-04540,regular,platinum,2025-03-02
CL-04541,new,none,2024-01-28
CL-04542,new,gold,2025-05-07
CL-04543,sleeping,silver,2024-02-16
CL-04544,regular,none,2025-08-24
CL-04545,regular,none,2024-07-11
CL-04546,new,silver,2025-01-27
CL-04547,sleeping,none,2024-10-20
CL-04548,new,none,2025-10-30
CL-04549,regular,gold,2025-08-26
CL-04550,new,silver,2025-12-26
CL-04551,new,gold,2025-06-27
CL-04552,regular,silver,2026-01-11
CL-04553,new,silver,2024-06-20
CL-04554,regular,gold,2024-08-30
CL-04555,new,none,2025-09-07
CL-04556,regular,none,2024-01-25
CL-04557,regular,silver,2024-05-15
CL-04558,regular,platinum,2025-06-28
CL-04559,new,none,2024-10-30
CL-04560,regular,platinum,2024-07-10
CL-04561,sleeping,gold,2024-08-18
CL-04562,new,silver,2025-08-06
CL-04563,new,silver,2024-12-30
CL-04564,vip,none,2024-01-04
CL-04565,new,silver,2025-01-27
CL-04566,regular,none,2025-08-13
CL-04567,regular,silver,2024-05-06
CL-04568,new,none,2024-02-23
CL-04569,regular,platinum,2025-04-22
CL-04570,regular,none,2025-10-30
CL-04571,new,silver,2024-02-23
CL-04572,vip,none,2025-05-09
CL-04573,new,none,2025-08-14
CL-04574,regular,none,2024-05-02
CL-04575,vip,gold,2024-07-16
CL-04576,new,silver,2025-01-20
CL-04577,vip,silver,2025-04-09
CL-04578,new,gold,2025-01-18
CL-04579,regular,none,2024-05-19
CL-04580,new,gold,2025-10-30
CL-04581,regular,none,2024-11-15
CL-04582,regular,gold,2025-02-08
CL-04583,vip,platinum,2025-02-11
CL-04584,sleeping,gold,2025-02-22
CL-04585,regular,none,2024-08-08
CL-04586,regular,silver,2024-08-30
CL-04587,regular,gold,2024-04-15
CL-04588,sleeping,silver,2025-07-07
CL-04589,regular,none,2024-08-26
CL-04590,sleeping,silver,2024-02-08
CL-04591,new,none,2024-02-05
CL-04592,regular,silver,2026-01-05
CL-04593,regular,none,2024-11-21
CL-04594,new,silver,2025-04-05
CL-04595,new,none,2025-02-09
CL-04596,sleeping,none,2025-10-04
CL-04597,regular,none,2025-11-05
CL-04598,new,gold,2025-08-16
CL-04599,new,silver,2026-01-16
CL-04600,regular,silver,2024-06-14
CL-04601,regular,gold,2024-12-07
CL-04602,sleeping,silver,2024-08-07
CL-04603,sleeping,silver,2025-09-25
CL-04604,regular,silver,2024-07-30
CL-04605,regular,none,2025-08-26
CL-04606,new,silver,2024-06-20
CL-04607,vip,none,2025-06-10
CL-04608,new,gold,2024-01-13
CL-04609,new,silver,2025-08-22
CL-04610,sleeping,none,2025-09-20
CL-04611,vip,silver,2025-03-03
CL-04612,new,none,2025-02-12
CL-04613,regular,silver,2024-12-15
CL-04614,regular,gold,2025-03-25
CL-04615,new,gold,2025-03-05
CL-04616,new,silver,2025-01-08
CL-04617,new,silver,2025-01-30
CL-04618,regular,silver,2024-04-04
CL-04619,regular,none,2024-12-20
CL-04620,regular,silver,2024-11-27
CL-04621,new,silver,2025-11-11
CL-04622,sleeping,none,2024-08-11
CL-04623,regular,none,2026-01-05
CL-04624,sleeping,none,2025-11-08
CL-04625,new,none,2025-08-18
CL-04626,regular,none,2025-06-16
CL-04627,vip,silver,2024-08-28
CL-04628,new,silver,2024-05-03
CL-04629,new,silver,2025-08-23
CL-04630,new,none,2025-06-17
CL-04631,new,silver,2025-09-24
CL-04632,regular,gold,2025-02-20
CL-04633,new,none,2025-11-13
CL-04634,new,none,2024-03-03
CL-04635,regular,silver,2024-03-24
CL-04636,new,none,2024-02-22
CL-04637,new,none,2024-09-01
CL-04638,regular,silver,2024-04-22
CL-04639,new,none,2024-01-31
CL-04640,new,gold,2025-09-07
CL-04641,new,gold,2024-04-28
CL-04642,new,silver,2025-09-22
CL-04643,regular,silver,2025-05-03
CL-04644,new,platinum,2025-04-07
CL-04645,new,silver,2024-03-29
CL-04646,sleeping,platinum,2024-01-12
CL-04647,sleeping,gold,2024-04-16
CL-04648,new,none,2024-08-29
CL-04649,new,none,2025-12-27
CL-04650,regular,none,2024-10-31
CL-04651,vip,gold,2024-06-26
CL-04652,vip,none,2024-08-04
CL-04653,new,silver,2024-09-11
CL-04654,new,silver,2025-03-17
CL-04655,regular,gold,2025-09-04
CL-04656,vip,gold,2024-02-17
CL-04657,sleeping,none,2025-08-11
CL-04658,new,none,2024-01-16
CL-04659,regular,silver,2024-09-01
CL-04660,new,gold,2025-03-22
CL-04661,regular,silver,2024-03-20
CL-04662,sleeping,silver,2024-07-20
CL-04663,regular,gold,2025-04-30
CL-04664,new,silver,2025-06-05
CL-04665,regular,none,2024-03-03
CL-04666,regular,gold,2025-08-13
CL-04667,vip,silver,2024-11-06
CL-04668,new,gold,2025-04-09
CL-04669,vip,none,2024-06-10
CL-04670,new,silver,2026-01-22
CL-04671,new,none,2025-08-01
CL-04672,new,silver,2025-05-03
CL-04673,new,none,2024-05-21
CL-04674,new,silver,2025-08-10
CL-04675,regular,none,2024-10-13
CL-04676,new,none,2025-05-02
CL-04677,new,none,2025-05-09
CL-04678,new,silver,2025-09-04
CL-04679,new,silver,2025-09-27
CL-04680,vip,silver,2024-10-23
CL-04681,sleeping,silver,2024-03-02
CL-04682,new,silver,2024-11-26
CL-04683,regular,silver,2024-10-31
CL-04684,regular,none,2024-09-11
CL-04685,sleeping,silver,2025-01-06
CL-04686,new,gold,2025-03-14
CL-04687,new,silver,2025-04-18
CL-04688,regular,platinum,2024-10-11
CL-04689,vip,none,2025-04-13
CL-04690,regular,silver,2026-01-20
CL-04691,regular,silver,2025-05-09
CL-04692,new,silver,2025-04-03
CL-04693,regular,silver,2024-08-05
CL-04694,vip,none,2024-09-12
CL-04695,regular,silver,2024-02-09
CL-04696,regular,silver,2025-01-21
CL-04697,regular,silver,2024-02-26
CL-04698,regular,none,2025-08-16
CL-04699,regular,none,2025-12-28
CL-04700,regular,gold,2025-09-04
CL-04701,sleeping,none,2024-04-29
CL-04702,regular,none,2025-04-29
CL-04703,new,none,2024-11-23
CL-04704,regular,silver,2024-01-02
CL-04705,new,silver,2025-06-28
CL-04706,new,gold,2025-10-22
CL-04707,new,silver,2024-12-16
CL-04708,regular,none,2025-11-22
CL-04709,new,none,2024-02-12
CL-04710,new,none,2025-10-24
CL-04711,regular,silver,2025-06-01
CL-04712,new,platinum,2025-05-25
CL-04713,regular,none,2025-01-17
CL-04714,sleeping,none,2024-01-21
CL-04715,regular,silver,2024-12-09
CL-04716,new,silver,2025-12-23
CL-04717,new,silver,2024-12-17
CL-04718,regular,silver,2024-02-21
CL-04719,regular,none,2025-01-10
CL-04720,new,silver,2024-04-23
CL-04721,regular,none,2024-11-16
CL-04722,regular,silver,2025-04-22
CL-04723,new,none,2024-02-20
CL-04724,regular,silver,2024-12-16
CL-04725,new,platinum,2025-01-19
CL-04726,new,silver,2025-07-27
CL-04727,vip,none,2024-02-21
CL-04728,new,platinum,2025-04-26
CL-04729,regular,none,2025-04-17
CL-04730,regular,gold,2024-01-04
CL-04731,new,none,2024-03-31
CL-04732,sleeping,gold,2025-05-03
CL-04733,new,none,2025-10-15
CL-04734,new,none,2025-10-14
CL-04735,sleeping,platinum,2025-08-07
CL-04736,regular,silver,2025-10-09
CL-04737,regular,none,2025-04-06
CL-04738,new,none,2024-04-29
CL-04739,new,none,2025-02-07
CL-04740,regular,none,2024-09-20
CL-04741,new,silver,2024-07-12
CL-04742,new,silver,2024-03-31
CL-04743,regular,gold,2024-01-16
CL-04744,new,gold,2025-07-25
CL-04745,new,gold,2024-05-09
CL-04746,new,silver,2025-04-21
CL-04747,regular,silver,2024-08-17
CL-04748,regular,silver,2025-01-03
CL-04749,vip,none,2024-10-29
CL-04750,new,none,2024-08-15
CL-04751,new,gold,2024-12-31
CL-04752,regular,silver,2025-08-21
CL-04753,regular,none,2025-01-18
CL-04754,regular,silver,2025-08-24
CL-04755,sleeping,none,2025-11-23
CL-04756,regular,silver,2025-01-08
CL-04757,regular,none,2025-09-02
CL-04758,sleeping,gold,2024-04-04
CL-04759,new,silver,2025-03-06
CL-04760,sleeping,silver,2024-12-19
CL-04761,regular,silver,2024-01-05
CL-04762,regular,gold,2025-11-12
CL-04763,sleeping,gold,2025-07-17
CL-04764,regular,silver,2025-03-19
CL-04765,regular,none,2025-06-12
CL-04766,new,silver,2025-07-27
CL-04767,regular,gold,2025-08-14
CL-04768,regular,platinum,2024-08-11
CL-04769,new,silver,2024-11-13
CL-04770,regular,silver,2024-09-17
CL-04771,regular,none,2025-11-23
CL-04772,regular,none,2024-03-30
CL-04773,new,none,2025-11-20
CL-04774,regular,none,2024-09-17
CL-04775,new,silver,2025-08-14
CL-04776,new,none,2024-05-08
CL-04777,regular,silver,2025-10-03
CL-04778,new,silver,2025-02-13
CL-04779,new,none,2026-01-18
CL-04780,regular,silver,2024-10-26
CL-04781,new,none,2026-01-25
CL-04782,sleeping,none,2025-09-27
CL-04783,sleeping,platinum,2024-01-07
CL-04784,regular,none,2024-10-17
CL-04785,sleeping,none,2024-11-04
CL-04786,vip,silver,2024-06-10
CL-04787,new,none,2025-10-29
CL-04788,regular,none,2024-03-05
CL-04789,new,silver,2024-07-15
CL-04790,regular,silver,2024-07-10
CL-04791,regular,silver,2024-11-14
CL-04792,new,gold,2025-06-13
CL-04793,new,none,2024-01-06
CL-04794,sleeping,silver,2025-04-20
CL-04795,new,none,2024-11-03
CL-04796,new,none,2025-04-16
CL-04797,new,platinum,2024-02-16
CL-04798,regular,silver,2025-10-14
CL-04799,vip,none,2025-03-14
CL-04800,regular,silver,2024-07-11
CL-04801,regular,none,2025-08-23
CL-04802,new,silver,2024-12-23
CL-04803,new,none,2024-10-23
CL-04804,regular,gold,2024-05-07
CL-04805,vip,none,2025-01-07
CL-04806,regular,none,2024-06-15
CL-04807,regular,platinum,2025-07-11
CL-04808,regular,gold,2024-10-08
CL-04809,regular,none,2024-03-30
CL-04810,regular,silver,2025-06-21
CL-04811,regular,gold,2025-10-04
CL-04812,regular,silver,2025-09-25
CL-04813,regular,silver,2025-01-03
CL-04814,sleeping,silver,2024-08-21
CL-04815,regular,gold,2024-06-17
CL-04816,new,silver,2024-10-29
CL-04817,new,none,2024-03-18
CL-04818,regular,silver,2025-11-05
CL-04819,regular,silver,2024-07-08
CL-04820,regular,silver,2025-08-15
CL-04821,regular,none,2024-10-19
CL-04822,new,silver,2025-06-08
CL-04823,regular,silver,2025-11-23
CL-04824,regular,platinum,2024-11-05
CL-04825,regular,none,2026-01-03
CL-04826,regular,silver,2024-09-16
CL-04827,new,silver,2024-07-12
CL-04828,regular,none,2025-07-03
CL-04829,regular,silver,2024-04-16
CL-04830,sleeping,none,2024-03-11
CL-04831,regular,gold,2024-10-06
CL-04832,new,silver,2025-02-17
CL-04833,regular,none,2024-12-21
CL-04834,regular,silver,2024-02-16
CL-04835,new,platinum,2025-02-20
CL-04836,vip,none,2025-04-18
CL-04837,new,gold,2024-08-04
CL-04838,new,none,2025-03-07
CL-04839,new,none,2024-09-26
CL-04840,new,silver,2024-02-15
CL-04841,vip,none,2025-07-19
CL-04842,regular,gold,2024-11-15
CL-04843,new,silver,2026-01-17
CL-04844,regular,silver,2024-05-26
CL-04845,regular,silver,2024-01-06
CL-04846,new,silver,2025-08-29
CL-04847,new,silver,2025-10-17
CL-04848,regular,silver,2025-11-25
CL-04849,new,gold,2026-01-22
CL-04850,regular,silver,2024-08-27
CL-04851,new,none,2025-05-30
CL-04852,regular,silver,2024-01-23
CL-04853,vip,silver,2024-11-13
CL-04854,new,none,2025-11-13
CL-04855,new,silver,2025-04-27
CL-04856,sleeping,none,2025-10-03
CL-04857,regular,none,2025-12-20
CL-04858,regular,gold,2025-08-28
CL-04859,new,gold,2025-06-06
CL-04860,new,none,2024-09-27
CL-04861,regular,platinum,2025-02-07
CL-04862,sleeping,platinum,2024-03-01
CL-04863,new,gold,2025-03-14
CL-04864,regular,none,2026-01-10
CL-04865,regular,none,2024-04-22
CL-04866,new,silver,2025-01-09
CL-04867,new,silver,2025-11-14
CL-04868,new,silver,2024-09-28
CL-04869,regular,silver,2025-03-23
CL-04870,regular,gold,2025-08-13
CL-04871,regular,platinum,2025-08-21
CL-04872,new,silver,2025-05-24
CL-04873,regular,gold,2024-02-17
CL-04874,regular,gold,2024-02-01
CL-04875,regular,none,2025-07-27
CL-04876,regular,gold,2025-12-29
CL-04877,new,none,2024-07-22
CL-04878,regular,none,2025-02-26
CL-04879,regular,platinum,2024-02-24
CL-04880,regular,silver,2024-05-23
CL-04881,new,silver,2025-01-03
CL-04882,regular,platinum,2024-01-13
CL-04883,regular,none,2025-03-23
CL-04884,new,none,2025-02-23
CL-04885,vip,none,2024-03-11
CL-04886,vip,silver,2025-03-27
CL-04887,new,none,2024-12-12
CL-04888,regular,none,2024-03-16
CL-04889,regular,gold,2024-06-15
CL-04890,sleeping,none,2025-02-18
CL-04891,new,silver,2025-09-08
CL-04892,new,none,2024-11-24
CL-04893,regular,silver,2025-04-25
CL-04894,new,silver,2024-11-28
CL-04895,regular,silver,2025-10-16
CL-04896,regular,none,2026-01-11
CL-04897,new,none,2024-11-17
CL-04898,regular,none,2024-08-12
CL-04899,sleeping,none,2025-03-13
CL-04900,regular,silver,2025-11-02
CL-04901,regular,none,2025-03-31
CL-04902,new,none,2024-09-18
CL-04903,new,none,2025-08-12
CL-04904,vip,gold,2024-05-16
CL-04905,regular,silver,2024-07-26
CL-04906,regular,silver,2024-04-25
CL-04907,vip,silver,2025-11-24
CL-04908,new,none,2025-12-15
CL-04909,regular,none,2025-12-29
CL-04910,new,none,2024-01-18
CL-04911,new,silver,2025-11-14
CL-04912,regular,none,2024-06-15
CL-04913,regular,none,2025-12-24
CL-04914,sleeping,gold,2024-09-15
CL-04915,new,silver,2024-08-20
CL-04916,vip,none,2025-05-14
CL-04917,regular,gold,2025-08-23
CL-04918,regular,none,2024-10-12
CL-04919,sleeping,none,2025-09-18
CL-04920,regular,none,2024-01-16
CL-04921,regular,platinum,2025-11-13
CL-04922,new,none,2025-01-27
CL-04923,new,gold,2025-02-11
CL-04924,vip,silver,2025-11-03
CL-04925,regular,silver,2024-02-11
CL-04926,new,none,2025-11-04
CL-04927,new,none,2024-06-03
CL-04928,regular,silver,2026-01-23
CL-04929,regular,none,2025-06-30
CL-04930,new,silver,2024-09-17
CL-04931,regular,none,2024-02-20
CL-04932,regular,gold,2024-04-03
CL-04933,regular,silver,2024-04-02
CL-04934,new,silver,2024-02-22
CL-04935,regular,silver,2025-04-13
CL-04936,new,none,2025-10-20
CL-04937,regular,none,2025-08-30
CL-04938,regular,none,2025-07-22
CL-04939,regular,silver,2026-01-15
CL-04940,new,none,2025-04-21
CL-04941,vip,none,2024-03-13
CL-04942,new,none,2025-01-12
CL-04943,regular,none,2025-07-30
CL-04944,sleeping,silver,2024-12-13
CL-04945,regular,silver,2024-08-21
CL-04946,vip,silver,2025-01-10
CL-04947,regular,silver,2025-08-16
CL-04948,regular,silver,2024-10-03
CL-04949,regular,silver,2024-09-25
CL-04950,regular,gold,2024-12-26
CL-04951,new,gold,2024-11-14
CL-04952,regular,gold,2024-06-08
CL-04953,new,gold,2024-07-31
CL-04954,sleeping,gold,2024-03-30
CL-04955,new,silver,2025-07-25
CL-04956,new,silver,2024-06-09
CL-04957,vip,silver,2026-01-13
CL-04958,new,none,2026-01-07
CL-04959,regular,none,2025-05-25
CL-04960,regular,gold,2026-01-22
CL-04961,new,silver,2025-10-18
CL-04962,new,none,2025-07-25
CL-04963,regular,silver,2024-09-27
CL-04964,new,none,2025-09-28
CL-04965,new,none,2024-09-16
CL-04966,new,silver,2024-03-19
CL-04967,regular,silver,2025-03-05
CL-04968,new,silver,2024-04-03
CL-04969,new,none,2024-03-11
CL-04970,regular,silver,2024-03-11
CL-04971,regular,none,2025-11-23
CL-04972,new,silver,2024-02-18
CL-04973,new,silver,2024-10-26
CL-04974,vip,none,2025-07-21
CL-04975,regular,gold,2025-09-01
CL-04976,regular,silver,2024-02-12
CL-04977,regular,none,2025-11-10
CL-04978,new,none,2025-12-22
CL-04979,vip,none,2026-01-07
CL-04980,sleeping,none,2025-05-12
CL-04981,sleeping,gold,2025-01-24
CL-04982,new,silver,2024-05-09
CL-04983,new,gold,2024-04-03
CL-04984,new,silver,2025-09-13
CL-04985,new,gold,2025-10-08
CL-04986,new,gold,2025-09-18
CL-04987,regular,none,2025-04-14
CL-04988,new,none,2025-03-04
CL-04989,sleeping,none,2024-05-27
CL-04990,new,none,2024-03-10
CL-04991,new,silver,2024-06-01
CL-04992,vip,none,2024-10-31
CL-04993,regular,gold,2024-08-17
CL-04994,regular,none,2025-02-20
CL-04995,regular,gold,2025-08-17
CL-04996,new,none,2025-07-19
CL-04997,new,none,2025-09-21
CL-04998,regular,gold,2024-08-14
CL-04999,regular,silver,2025-12-12
CL-05000,regular,silver,2025-10-25
CL-05001,new,gold,2024-09-22
CL-05002,regular,none,2024-07-09
CL-05003,regular,none,2025-11-05
CL-05004,new,none,2026-01-28
CL-05005,new,none,2024-12-19
CL-05006,regular,platinum,2024-03-28
CL-05007,regular,gold,2025-04-05
CL-05008,regular,none,2025-09-25
CL-05009,regular,silver,2024-12-22
CL-05010,regular,gold,2024-04-10
CL-05011,new,none,2025-07-13
CL-05012,regular,none,2025-07-31
CL-05013,new,gold,2025-10-26
CL-05014,regular,silver,2025-10-17
CL-05015,new,none,2024-12-29
CL-05016,new,silver,2024-08-25
CL-05017,regular,none,2024-05-05
CL-05018,regular,silver,2024-03-18
CL-05019,regular,silver,2025-09-20
CL-05020,regular,none,2026-01-29
CL-05021,sleeping,gold,2025-05-03
CL-05022,vip,silver,2026-01-07
CL-05023,vip,silver,2024-08-21
CL-05024,regular,silver,2025-07-29
CL-05025,regular,silver,2024-10-28
CL-05026,regular,none,2024-10-20
CL-05027,regular,none,2025-05-01
CL-05028,new,silver,2024-04-12
CL-05029,regular,silver,2024-11-09
CL-05030,new,none,2024-11-13
CL-05031,new,platinum,2024-11-23
CL-05032,vip,gold,2025-07-01
CL-05033,new,none,2024-07-30
CL-05034,regular,none,2024-04-25
CL-05035,regular,silver,2025-04-09
CL-05036,new,none,2024-01-13
CL-05037,sleeping,platinum,2026-01-20
CL-05038,new,silver,2025-11-18
CL-05039,sleeping,none,2024-10-18
CL-05040,regular,silver,2025-06-15
CL-05041,new,none,2025-01-29
CL-05042,new,silver,2025-06-11
CL-05043,new,none,2024-06-15
CL-05044,regular,gold,2025-12-20
CL-05045,new,silver,2025-10-31
CL-05046,sleeping,gold,2025-01-30
CL-05047,new,none,2025-10-28
CL-05048,vip,none,2024-08-29
CL-05049,new,gold,2025-08-20
CL-05050,sleeping,none,2025-11-22
CL-05051,new,none,2025-06-13
CL-05052,regular,platinum,2026-01-19
CL-05053,regular,gold,2024-06-11
CL-05054,new,gold,2024-01-16
CL-05055,vip,silver,2025-02-04
CL-05056,new,silver,2024-09-08
CL-05057,regular,silver,2025-04-30
CL-05058,regular,silver,2024-10-02
CL-05059,regular,none,2025-10-22
CL-05060,new,gold,2024-03-25
CL-05061,new,none,2026-01-02
CL-05062,new,silver,2024-06-17
CL-05063,new,gold,2024-09-05
CL-05064,new,gold,2024-01-19
CL-05065,sleeping,none,2025-05-30
CL-05066,regular,silver,2025-06-13
CL-05067,regular,silver,2025-12-07
CL-05068,regular,none,2024-03-22
CL-05069,new,none,2025-01-01
CL-05070,regular,silver,2025-11-05
CL-05071,new,gold,2024-01-23
CL-05072,new,platinum,2025-03-19
CL-05073,regular,none,2024-06-23
CL-05074,regular,none,2024-09-27
CL-05075,sleeping,none,2025-07-28
CL-05076,new,platinum,2025-09-06
CL-05077,regular,gold,2024-01-05
CL-05078,new,platinum,2025-05-09
CL-05079,new,silver,2024-10-26
CL-05080,regular,none,2025-07-26
CL-05081,new,silver,2025-10-01
CL-05082,regular,none,2025-10-29
CL-05083,regular,none,2024-03-18
CL-05084,new,none,2025-09-05
CL-05085,sleeping,none,2026-01-02
CL-05086,regular,none,2025-08-15
CL-05087,regular,gold,2024-10-13
CL-05088,regular,silver,2025-07-08
CL-05089,sleeping,gold,2024-02-21
CL-05090,new,none,2024-10-13
CL-05091,regular,silver,2025-09-18
CL-05092,regular,silver,2025-05-10
CL-05093,new,none,2024-07-20
CL-05094,regular,none,2025-03-05
CL-05095,sleeping,none,2024-01-02
CL-05096,regular,gold,2026-01-02
CL-05097,regular,gold,2025-02-22
CL-05098,regular,none,2025-01-15
CL-05099,vip,silver,2024-09-10
CL-05100,vip,none,2024-06-17
CL-05101,regular,none,2024-09-06
CL-05102,new,silver,2024-12-13
CL-05103,new,gold,2024-11-19
CL-05104,regular,gold,2024-11-11
CL-05105,vip,none,2025-01-21
CL-05106,regular,silver,2024-12-22
CL-05107,new,none,2024-08-23
CL-05108,new,none,2025-03-17
CL-05109,regular,none,2024-07-06
CL-05110,vip,none,2025-12-21
CL-05111,new,none,2025-05-22
CL-05112,regular,none,2024-08-01
CL-05113,regular,silver,2025-06-10
CL-05114,sleeping,none,2026-01-06
CL-05115,new,none,2025-08-04
CL-05116,sleeping,platinum,2025-08-15
CL-05117,regular,gold,2024-06-14
CL-05118,regular,none,2024-05-19
CL-05119,new,none,2025-03-02
CL-05120,regular,none,2024-08-01
CL-05121,regular,platinum,2024-04-01
CL-05122,new,none,2025-11-22
CL-05123,regular,none,2024-09-19
CL-05124,regular,silver,2025-09-01
CL-05125,regular,silver,2025-07-10
CL-05126,new,none,2024-04-18
CL-05127,regular,none,2024-05-22
CL-05128,new,silver,2025-03-20
CL-05129,sleeping,none,2025-04-19
CL-05130,sleeping,none,2024-07-29
CL-05131,new,gold,2024-04-26
CL-05132,new,gold,2025-04-23
CL-05133,new,silver,2024-06-28
CL-05134,regular,silver,2024-05-11
CL-05135,vip,silver,2024-10-14
CL-05136,regular,none,2024-09-24
CL-05137,new,silver,2024-11-01
CL-05138,new,none,2024-10-22
CL-05139,new,none,2025-03-05
CL-05140,vip,none,2025-02-12
CL-05141,regular,silver,2024-01-29
CL-05142,regular,silver,2024-06-30
CL-05143,new,silver,2025-01-18
CL-05144,sleeping,silver,2025-07-07
CL-05145,new,gold,2024-01-23
CL-05146,vip,none,2025-09-07
CL-05147,sleeping,none,2024-03-12
CL-05148,regular,gold,2025-05-01
CL-05149,sleeping,silver,2024-06-15
CL-05150,new,silver,2025-11-17
CL-05151,regular,none,2025-06-10
CL-05152,new,platinum,2025-08-23
CL-05153,regular,silver,2025-09-08
CL-05154,new,gold,2024-02-03
CL-05155,new,gold,2025-10-05
CL-05156,new,gold,2024-03-05
CL-05157,new,none,2025-02-16
CL-05158,regular,silver,2025-05-16
CL-05159,regular,none,2025-11-14
CL-05160,new,none,2025-07-02
CL-05161,sleeping,none,2025-06-25
CL-05162,sleeping,none,2026-01-05
CL-05163,new,silver,2024-01-13
CL-05164,regular,silver,2024-01-03
CL-05165,regular,none,2024-05-24
CL-05166,regular,none,2024-06-29
CL-05167,regular,none,2025-01-14
CL-05168,regular,silver,2025-09-24
CL-05169,new,none,2024-10-25
CL-05170,new,silver,2025-11-08
CL-05171,regular,none,2025-05-02
CL-05172,regular,silver,2024-12-18
CL-05173,vip,gold,2025-08-25
CL-05174,new,silver,2025-01-02
CL-05175,new,silver,2024-02-02
CL-05176,new,gold,2025-10-10
CL-05177,new,none,2024-04-10
CL-05178,new,none,2024-12-15
CL-05179,regular,gold,2024-04-28
CL-05180,regular,gold,2025-08-21
CL-05181,regular,silver,2025-04-29
CL-05182,regular,none,2025-12-22
CL-05183,new,none,2025-10-20
CL-05184,regular,gold,2024-07-18
CL-05185,new,silver,2024-07-10
CL-05186,vip,none,2024-07-27
CL-05187,new,none,2024-04-26
CL-05188,regular,gold,2025-12-14
CL-05189,sleeping,silver,2024-03-03
CL-05190,regular,platinum,2024-11-18
CL-05191,regular,silver,2024-08-02
CL-05192,regular,none,2024-01-12
CL-05193,new,none,2025-09-23
CL-05194,regular,silver,2025-01-16
CL-05195,sleeping,none,2025-10-29
CL-05196,sleeping,none,2025-04-13
CL-05197,regular,none,2025-01-11
CL-05198,new,none,2024-07-05
CL-05199,regular,gold,2025-03-25
CL-05200,regular,none,2025-07-06
CL-05201,new,silver,2024-01-22
CL-05202,new,silver,2024-06-26
CL-05203,new,none,2024-10-01
CL-05204,regular,silver,2024-03-31
CL-05205,new,gold,2024-03-05
CL-05206,new,silver,2024-07-08
CL-05207,new,silver,2024-09-16
CL-05208,sleeping,gold,2025-02-09
CL-05209,new,platinum,2025-09-10
CL-05210,new,gold,2025-10-12
CL-05211,regular,silver,2024-10-16
CL-05212,new,silver,2025-02-06
CL-05213,sleeping,silver,2024-01-11
CL-05214,sleeping,none,2025-10-07
CL-05215,regular,silver,2024-06-27
CL-05216,regular,gold,2024-02-18
CL-05217,regular,none,2025-04-02
CL-05218,new,gold,2024-10-10
CL-05219,new,platinum,2024-11-08
CL-05220,new,none,2024-11-26
CL-05221,new,none,2025-04-22
CL-05222,regular,platinum,2025-09-01
CL-05223,new,none,2025-03-10
CL-05224,new,gold,2025-04-09
CL-05225,regular,none,2025-09-06
CL-05226,regular,none,2025-08-19
CL-05227,new,none,2024-05-11
CL-05228,new,none,2024-09-14
CL-05229,new,gold,2025-01-10
CL-05230,new,none,2025-12-10
CL-05231,vip,none,2025-04-06
CL-05232,sleeping,silver,2025-09-10
CL-05233,regular,platinum,2025-08-27
CL-05234,regular,none,2025-11-26
CL-05235,regular,gold,2025-01-28
CL-05236,regular,none,2024-07-18
CL-05237,new,gold,2024-11-08
CL-05238,new,silver,2024-01-05
CL-05239,regular,gold,2025-06-03
CL-05240,regular,silver,2025-04-12
CL-05241,new,platinum,2024-05-05
CL-05242,new,none,2025-01-09
CL-05243,new,silver,2025-06-28
CL-05244,new,silver,2025-08-15
CL-05245,regular,none,2025-08-12
CL-05246,regular,gold,2024-03-15
CL-05247,regular,gold,2024-10-10
CL-05248,new,gold,2025-03-28
CL-05249,new,none,2024-03-20
CL-05250,vip,gold,2024-05-31
CL-05251,regular,none,2025-12-17
CL-05252,new,platinum,2025-01-26
CL-05253,new,none,2025-03-15
CL-05254,vip,silver,2024-04-30
CL-05255,regular,none,2025-04-26
CL-05256,vip,silver,2025-11-24
CL-05257,regular,none,2025-12-30
CL-05258,regular,gold,2024-05-19
CL-05259,regular,gold,2024-06-17
CL-05260,new,none,2025-03-13
CL-05261,regular,gold,2025-11-04
CL-05262,regular,silver,2024-01-05
CL-05263,new,silver,2024-06-20
CL-05264,sleeping,none,2024-04-28
CL-05265,regular,none,2025-08-23
CL-05266,new,none,2025-01-14
CL-05267,new,silver,2025-06-27
CL-05268,vip,silver,2024-02-01
CL-05269,sleeping,silver,2024-04-10
CL-05270,regular,platinum,2025-02-16
CL-05271,sleeping,none,2024-11-15
CL-05272,vip,gold,2024-05-20
CL-05273,vip,gold,2024-07-17
CL-05274,vip,gold,2025-07-06
CL-05275,regular,silver,2024-01-11
CL-05276,regular,none,2025-10-21
CL-05277,regular,gold,2024-05-01
CL-05278,regular,silver,2025-07-30
CL-05279,new,gold,2025-04-23
CL-05280,regular,none,2024-02-18
CL-05281,sleeping,silver,2025-08-03
CL-05282,new,silver,2025-01-12
CL-05283,sleeping,silver,2024-08-16
CL-05284,regular,gold,2024-03-25
CL-05285,new,none,2024-03-28
CL-05286,new,none,2024-11-06
CL-05287,regular,none,2024-08-11
CL-05288,regular,none,2025-09-30
CL-05289,new,none,2025-02-16
CL-05290,regular,none,2024-02-01
CL-05291,new,none,2025-10-28
CL-05292,regular,silver,2024-07-10
CL-05293,vip,gold,2025-04-05
CL-05294,regular,none,2025-09-20
CL-05295,regular,none,2025-05-22
CL-05296,regular,gold,2024-11-04
CL-05297,sleeping,none,2024-01-06
CL-05298,new,none,2024-06-27
CL-05299,new,silver,2025-03-08
CL-05300,new,platinum,2025-12-22
CL-05301,regular,none,2024-01-28
CL-05302,regular,platinum,2024-04-28
CL-05303,regular,none,2024-09-29
CL-05304,new,none,2025-08-22
CL-05305,new,none,2025-12-23
CL-05306,regular,gold,2024-05-15
CL-05307,sleeping,silver,2025-03-17
CL-05308,new,silver,2026-01-01
CL-05309,new,platinum,2026-01-28
CL-05310,new,silver,2025-08-20
CL-05311,regular,none,2025-08-14
CL-05312,new,silver,2024-07-29
CL-05313,new,none,2024-08-23
CL-05314,regular,silver,2026-01-17
CL-05315,new,gold,2025-04-18
CL-05316,regular,silver,2024-03-27
CL-05317,new,none,2024-02-22
CL-05318,sleeping,silver,2025-10-15
CL-05319,regular,none,2024-04-08
CL-05320,new,none,2025-06-15
CL-05321,new,silver,2024-09-01
CL-05322,regular,none,2024-05-12
CL-05323,vip,none,2024-03-27
CL-05324,new,silver,2025-02-19
CL-05325,new,silver,2025-09-02
CL-05326,new,none,2024-01-10
CL-05327,regular,platinum,2025-06-18
CL-05328,sleeping,none,2025-03-11
CL-05329,regular,none,2025-08-26
CL-05330,new,gold,2025-03-18
CL-05331,regular,none,2024-04-05
CL-05332,regular,gold,2024-11-06
CL-05333,new,silver,2026-01-20
CL-05334,new,silver,2025-09-18
CL-05335,regular,none,2024-09-24
CL-05336,regular,none,2025-12-08
CL-05337,regular,gold,2024-01-06
CL-05338,regular,none,2025-02-09
CL-05339,vip,gold,2025-08-11
CL-05340,new,gold,2025-05-27
CL-05341,new,silver,2024-05-15
CL-05342,new,none,2024-04-20
CL-05343,vip,silver,2025-07-19
CL-05344,regular,silver,2026-01-28
CL-05345,new,none,2025-08-03
CL-05346,new,gold,2025-10-14
CL-05347,regular,none,2025-11-22
CL-05348,regular,platinum,2025-12-22
CL-05349,regular,none,2025-08-23
CL-05350,new,none,2025-08-14
CL-05351,sleeping,silver,2025-08-23
CL-05352,regular,none,2024-09-02
CL-05353,regular,none,2025-02-14
CL-05354,regular,none,2024-06-17
CL-05355,sleeping,gold,2025-02-07
CL-05356,sleeping,none,2025-01-23
CL-05357,regular,silver,2024-02-22
CL-05358,regular,silver,2024-03-03
CL-05359,regular,silver,2025-12-23
CL-05360,vip,none,2025-02-23
CL-05361,regular,none,2024-01-25
CL-05362,new,platinum,2024-10-08
CL-05363,new,gold,2025-11-08
CL-05364,sleeping,gold,2025-07-07
CL-05365,sleeping,silver,2025-09-17
CL-05366,sleeping,gold,2025-04-20
CL-05367,regular,platinum,2025-06-16
CL-05368,regular,silver,2024-07-06
CL-05369,vip,gold,2025-10-01
CL-05370,new,none,2025-07-11
CL-05371,new,none,2024-06-30
CL-05372,sleeping,silver,2024-08-24
CL-05373,new,silver,2025-08-06
CL-05374,regular,silver,2024-07-07
CL-05375,regular,silver,2025-05-23
CL-05376,regular,silver,2024-11-14
CL-05377,new,gold,2024-08-06
CL-05378,regular,none,2024-04-29
CL-05379,new,none,2025-07-02
CL-05380,vip,silver,2024-09-04
CL-05381,new,silver,2025-02-26
CL-05382,regular,gold,2024-07-16
CL-05383,regular,none,2024-04-21
CL-05384,new,none,2024-01-17
CL-05385,new,platinum,2025-12-14
CL-05386,regular,none,2024-08-16
CL-05387,new,silver,2025-03-13
CL-05388,new,none,2024-12-20
CL-05389,regular,silver,2024-10-08
CL-05390,sleeping,gold,2025-09-22
CL-05391,regular,silver,2025-11-23
CL-05392,regular,none,2024-05-17
CL-05393,sleeping,gold,2024-01-24
CL-05394,regular,none,2024-09-05
CL-05395,regular,none,2024-03-19
CL-05396,regular,silver,2024-01-23
CL-05397,new,silver,2025-09-03
CL-05398,new,silver,2024-02-27
CL-05399,regular,none,2024-02-23
CL-05400,new,none,2024-09-27
CL-05401,regular,none,2025-03-07
CL-05402,new,gold,2025-01-14
CL-05403,regular,none,2025-07-20
CL-05404,new,platinum,2025-07-22
CL-05405,regular,none,2024-01-13
CL-05406,regular,none,2025-08-03
CL-05407,regular,silver,2024-02-02
CL-05408,new,none,2025-11-25
CL-05409,new,silver,2024-08-20
CL-05410,vip,gold,2025-11-20
CL-05411,new,gold,2026-01-29
CL-05412,regular,silver,2024-03-18
CL-05413,new,silver,2024-10-16
CL-05414,new,none,2024-03-26
CL-05415,regular,gold,2026-01-06
CL-05416,regular,none,2025-01-12
CL-05417,new,none,2025-09-28
CL-05418,sleeping,silver,2025-03-23
CL-05419,new,none,2025-10-06
CL-05420,regular,silver,2025-03-30
CL-05421,regular,none,2024-02-06
CL-05422,regular,none,2025-01-04
CL-05423,regular,silver,2025-05-12
CL-05424,new,silver,2026-01-15
CL-05425,sleeping,platinum,2025-09-24
CL-05426,regular,none,2025-01-21
CL-05427,sleeping,none,2025-09-04
CL-05428,vip,none,2025-12-11
CL-05429,sleeping,silver,2025-10-27
CL-05430,regular,none,2026-01-21
CL-05431,regular,gold,2024-09-30
CL-05432,regular,none,2024-12-03
CL-05433,regular,gold,2024-01-11
CL-05434,regular,silver,2024-04-11
CL-05435,regular,silver,2025-09-12
CL-05436,new,none,2024-09-04
CL-05437,vip,none,2024-11-29
CL-05438,new,none,2024-09-29
CL-05439,sleeping,silver,2025-12-05
CL-05440,new,silver,2025-11-06
CL-05441,new,none,2025-07-15
CL-05442,vip,none,2025-12-31
CL-05443,vip,platinum,2025-02-19
CL-05444,regular,none,2024-05-08
CL-05445,sleeping,none,2025-04-27
CL-05446,new,none,2024-01-16
CL-05447,vip,none,2024-11-15
CL-05448,regular,silver,2025-09-23
CL-05449,regular,silver,2024-05-16
CL-05450,regular,silver,2025-02-28
CL-05451,new,silver,2025-08-13
CL-05452,regular,none,2025-07-24
CL-05453,regular,none,2025-03-25
CL-05454,new,gold,2024-09-09
CL-05455,sleeping,none,2024-07-02
CL-05456,regular,none,2024-04-30
CL-05457,new,silver,2025-07-13
CL-05458,regular,silver,2024-07-20
CL-05459,new,none,2025-05-08
CL-05460,new,gold,2024-02-06
CL-05461,regular,none,2024-08-09
CL-05462,new,platinum,2024-10-20
CL-05463,new,none,2025-08-10
CL-05464,regular,silver,2024-03-16
CL-05465,new,none,2024-12-23
CL-05466,vip,gold,2024-12-18
CL-05467,regular,silver,2024-09-01
CL-05468,new,gold,2025-08-30
CL-05469,regular,gold,2026-01-15
CL-05470,new,silver,2024-02-06
CL-05471,regular,none,2025-12-09
CL-05472,new,none,2025-11-12
CL-05473,sleeping,platinum,2025-10-02
CL-05474,new,gold,2024-04-03
CL-05475,regular,none,2024-10-21
CL-05476,new,none,2025-05-13
CL-05477,new,none,2024-06-04
CL-05478,regular,none,2024-07-01
CL-05479,regular,none,2025-03-03
CL-05480,sleeping,gold,2025-10-04
CL-05481,new,none,2024-05-03
CL-05482,new,gold,2024-01-08
CL-05483,regular,platinum,2026-01-26
CL-05484,regular,none,2024-11-16
CL-05485,sleeping,silver,2024-02-27
CL-05486,sleeping,silver,2026-01-01
CL-05487,sleeping,none,2024-07-26
CL-05488,new,silver,2024-03-26
CL-05489,regular,silver,2025-05-23
CL-05490,regular,none,2025-08-01
CL-05491,new,gold,2024-04-06
CL-05492,regular,none,2025-07-06
CL-05493,new,none,2024-10-14
CL-05494,new,platinum,2024-08-30
CL-05495,vip,none,2025-05-21
CL-05496,new,none,2024-02-15
CL-05497,sleeping,none,2024-05-07
CL-05498,new,none,2025-09-25
CL-05499,new,silver,2026-01-19
CL-05500,new,silver,2025-11-18
CL-05501,new,none,2025-08-18
CL-05502,regular,silver,2024-04-07
CL-05503,new,none,2024-08-22
CL-05504,regular,none,2025-10-06
CL-05505,vip,platinum,2025-06-25
CL-05506,regular,gold,2025-09-25
CL-05507,new,silver,2024-11-08
CL-05508,regular,none,2025-03-14
CL-05509,regular,silver,2025-07-14
CL-05510,regular,gold,2025-08-18
CL-05511,new,gold,2025-07-05
CL-05512,regular,silver,2024-01-31
CL-05513,regular,silver,2024-06-02
CL-05514,new,none,2025-01-12
CL-05515,new,none,2025-06-15
CL-05516,sleeping,none,2026-01-04
CL-05517,new,none,2024-08-16
CL-05518,new,none,2025-08-12
CL-05519,new,silver,2025-05-19
CL-05520,regular,silver,2024-07-22
CL-05521,regular,silver,2024-05-11
CL-05522,new,silver,2025-04-18
CL-05523,regular,none,2024-09-06
CL-05524,regular,silver,2024-06-10
CL-05525,new,platinum,2024-06-15
CL-05526,sleeping,silver,2024-06-17
CL-05527,new,gold,2024-03-10
CL-05528,new,none,2024-05-23
CL-05529,sleeping,silver,2026-01-11
CL-05530,vip,silver,2024-05-24
CL-05531,new,silver,2024-11-06
CL-05532,vip,gold,2025-01-14
CL-05533,regular,silver,2025-06-17
CL-05534,new,gold,2024-08-23
CL-05535,vip,gold,2025-09-20
CL-05536,regular,gold,2025-08-14
CL-05537,new,none,2025-01-21
CL-05538,regular,none,2025-11-10
CL-05539,regular,gold,2024-09-21
CL-05540,new,silver,2025-01-05
CL-05541,sleeping,platinum,2025-03-30
CL-05542,regular,none,2024-05-25
CL-05543,regular,gold,2024-03-03
CL-05544,regular,gold,2026-01-28
CL-05545,regular,gold,2024-02-06
CL-05546,new,silver,2024-02-05
CL-05547,sleeping,none,2024-03-18
CL-05548,regular,silver,2025-02-21
CL-05549,regular,silver,2024-07-22
CL-05550,regular,none,2024-06-15
CL-05551,new,none,2025-10-15
CL-05552,new,gold,2025-12-13
CL-05553,regular,none,2025-10-27
CL-05554,new,silver,2024-09-03
CL-05555,regular,silver,2024-03-05
CL-05556,vip,platinum,2025-12-29
CL-05557,new,silver,2025-02-18
CL-05558,new,none,2026-01-09
CL-05559,regular,none,2024-05-07
CL-05560,new,none,2025-12-17
CL-05561,sleeping,none,2024-08-23
CL-05562,regular,gold,2025-08-25
CL-05563,new,none,2024-03-24
CL-05564,new,none,2025-07-17
CL-05565,sleeping,gold,2024-12-25
CL-05566,new,none,2025-12-25
CL-05567,regular,none,2024-04-22
CL-05568,new,silver,2024-06-18
CL-05569,new,none,2025-04-28
CL-05570,vip,none,2025-09-07
CL-05571,new,platinum,2025-11-06
CL-05572,new,gold,2024-03-27
CL-05573,regular,gold,2024-01-06
CL-05574,vip,silver,2024-10-02
CL-05575,new,none,2024-03-15
CL-05576,new,gold,2024-11-01
CL-05577,sleeping,silver,2024-12-28
CL-05578,regular,none,2026-01-26
CL-05579,vip,none,2024-01-26
CL-05580,regular,silver,2024-08-31
CL-05581,regular,none,2024-09-14
CL-05582,regular,none,2025-02-25
CL-05583,new,none,2024-08-31
CL-05584,regular,silver,2025-04-26
CL-05585,regular,none,2025-10-07
CL-05586,sleeping,silver,2025-05-30
CL-05587,regular,none,2025-05-17
CL-05588,new,silver,2024-04-01
CL-05589,regular,none,2025-11-05
CL-05590,regular,silver,2025-02-28
CL-05591,regular,silver,2024-05-05
CL-05592,regular,silver,2025-04-27
CL-05593,regular,none,2025-01-05
CL-05594,new,silver,2025-11-17
CL-05595,regular,gold,2025-05-07
CL-05596,regular,none,2025-12-28
CL-05597,sleeping,silver,2026-01-10
CL-05598,regular,silver,2024-06-27
CL-05599,regular,gold,2024-08-09
CL-05600,regular,silver,2024-06-08
CL-05601,regular,platinum,2024-06-24
CL-05602,new,silver,2025-06-03
CL-05603,sleeping,silver,2025-12-22
CL-05604,sleeping,none,2025-01-07
CL-05605,regular,silver,2025-09-06
CL-05606,regular,none,2025-07-19
CL-05607,new,silver,2024-07-17
CL-05608,regular,none,2025-10-06
CL-05609,regular,silver,2024-12-30
CL-05610,regular,gold,2024-01-09
CL-05611,new,gold,2025-06-27
CL-05612,regular,none,2025-10-29
CL-05613,new,gold,2024-07-05
CL-05614,regular,gold,2024-07-20
CL-05615,regular,gold,2025-07-10
CL-05616,new,silver,2026-01-06
CL-05617,regular,none,2024-07-16
CL-05618,vip,gold,2024-11-22
CL-05619,regular,silver,2025-05-31
CL-05620,new,silver,2025-10-09
CL-05621,regular,none,2024-01-26
CL-05622,new,none,2024-05-31
CL-05623,regular,none,2025-11-10
CL-05624,regular,silver,2025-02-03
CL-05625,new,silver,2025-07-30
CL-05626,regular,gold,2024-02-18
CL-05627,regular,none,2024-03-10
CL-05628,regular,none,2025-07-12
CL-05629,new,none,2024-10-12
CL-05630,new,none,2025-12-16
CL-05631,regular,silver,2024-11-23
CL-05632,new,silver,2025-10-02
CL-05633,regular,platinum,2025-02-17
CL-05634,new,none,2025-06-01
CL-05635,new,none,2025-05-11
CL-05636,regular,gold,2024-03-31
CL-05637,new,none,2025-08-26
CL-05638,regular,silver,2026-01-17
CL-05639,new,silver,2024-10-21
CL-05640,regular,gold,2024-09-18
CL-05641,regular,none,2025-03-29
CL-05642,regular,platinum,2025-04-25
CL-05643,regular,platinum,2024-10-18
CL-05644,regular,none,2024-07-26
CL-05645,regular,silver,2026-01-08
CL-05646,new,silver,2025-09-20
CL-05647,regular,none,2025-03-10
CL-05648,new,platinum,2024-10-14
CL-05649,regular,none,2024-09-24
CL-05650,new,none,2024-10-23
CL-05651,sleeping,none,2025-03-26
CL-05652,regular,silver,2024-01-04
CL-05653,regular,gold,2025-05-14
CL-05654,regular,silver,2025-03-13
CL-05655,new,silver,2024-04-19
CL-05656,new,none,2024-07-09
CL-05657,sleeping,silver,2024-07-29
CL-05658,regular,silver,2025-12-01
CL-05659,new,silver,2025-12-11
CL-05660,regular,silver,2025-08-18
CL-05661,regular,platinum,2025-06-02
CL-05662,new,silver,2025-12-24
CL-05663,regular,silver,2025-07-12
CL-05664,new,silver,2024-10-23
CL-05665,new,none,2024-09-29
CL-05666,regular,silver,2025-05-17
CL-05667,new,silver,2024-11-06
CL-05668,sleeping,silver,2024-12-09
CL-05669,regular,silver,2026-01-08
CL-05670,vip,none,2025-11-22
CL-05671,regular,none,2025-04-05
CL-05672,vip,none,2024-09-03
CL-05673,regular,silver,2024-12-02
CL-05674,regular,platinum,2024-09-06
CL-05675,regular,silver,2024-11-14
CL-05676,sleeping,silver,2024-10-05
CL-05677,new,silver,2024-12-04
CL-05678,regular,none,2025-01-13
CL-05679,regular,none,2025-05-03
CL-05680,regular,none,2025-11-05
CL-05681,vip,platinum,2025-02-05
CL-05682,regular,none,2024-06-06
CL-05683,new,silver,2024-05-20
CL-05684,regular,none,2025-05-09
CL-05685,regular,silver,2026-01-28
CL-05686,new,none,2024-08-20
CL-05687,new,platinum,2024-03-08
CL-05688,new,none,2024-03-03
CL-05689,regular,gold,2024-07-27
CL-05690,sleeping,silver,2025-12-25
CL-05691,regular,silver,2025-08-16
CL-05692,new,silver,2025-08-20
CL-05693,regular,silver,2024-09-09
CL-05694,vip,none,2025-12-24
CL-05695,regular,silver,2024-11-05
CL-05696,new,silver,2024-10-31
CL-05697,new,silver,2025-12-13
CL-05698,sleeping,silver,2025-07-29
CL-05699,vip,silver,2024-08-07
CL-05700,new,none,2025-05-09
CL-05701,vip,none,2024-09-23
CL-05702,new,none,2025-04-15
CL-05703,new,silver,2024-04-14
CL-05704,regular,none,2024-01-31
CL-05705,regular,none,2026-01-02
CL-05706,regular,gold,2024-02-24
CL-05707,sleeping,none,2024-10-31
CL-05708,vip,none,2024-05-28
CL-05709,new,gold,2024-01-12
CL-05710,regular,silver,2025-07-23
CL-05711,regular,gold,2024-08-03
CL-05712,regular,none,2025-08-29
CL-05713,sleeping,silver,2025-02-21
CL-05714,regular,platinum,2025-05-06
CL-05715,new,none,2025-05-23
CL-05716,new,none,2024-05-25
CL-05717,vip,none,2024-12-12
CL-05718,sleeping,gold,2025-08-13
CL-05719,new,none,2024-06-27
CL-05720,new,silver,2024-03-27
CL-05721,regular,silver,2024-11-11
CL-05722,new,platinum,2025-11-10
CL-05723,new,none,2024-09-01
CL-05724,sleeping,silver,2024-10-19
CL-05725,vip,platinum,2024-04-05
CL-05726,sleeping,none,2025-07-06
CL-05727,regular,silver,2024-09-13
CL-05728,new,none,2024-05-08
CL-05729,sleeping,none,2024-03-18
CL-05730,new,none,2024-08-26
CL-05731,new,none,2024-06-03
CL-05732,sleeping,none,2025-01-11
CL-05733,regular,gold,2024-11-20
CL-05734,sleeping,silver,2025-01-12
CL-05735,new,silver,2024-10-05
CL-05736,sleeping,silver,2024-03-14
CL-05737,regular,platinum,2025-08-13
CL-05738,regular,none,2025-02-20
CL-05739,sleeping,none,2024-05-20
CL-05740,regular,none,2024-02-27
CL-05741,regular,gold,2025-12-15
CL-05742,regular,gold,2025-12-02
CL-05743,regular,silver,2024-05-23
CL-05744,sleeping,none,2024-11-16
CL-05745,regular,silver,2025-03-18
CL-05746,new,silver,2024-11-29
CL-05747,new,none,2025-09-27
CL-05748,sleeping,none,2025-03-14
CL-05749,sleeping,none,2024-07-20
CL-05750,sleeping,silver,2025-08-17
CL-05751,new,platinum,2025-10-26
CL-05752,regular,none,2024-02-22
CL-05753,regular,gold,2025-10-09
CL-05754,regular,silver,2025-06-18
CL-05755,new,silver,2025-11-28
CL-05756,regular,gold,2025-11-23
CL-05757,new,silver,2024-02-07
CL-05758,regular,none,2024-11-29
CL-05759,new,none,2024-02-24
CL-05760,new,gold,2024-01-11
CL-05761,new,silver,2025-11-28
CL-05762,sleeping,none,2024-07-07
CL-05763,regular,silver,2024-02-16
CL-05764,sleeping,none,2025-12-16
CL-05765,regular,none,2024-11-05
CL-05766,regular,gold,2024-03-30
CL-05767,regular,silver,2024-07-12
CL-05768,regular,none,2024-01-11
CL-05769,regular,silver,2025-05-29
CL-05770,regular,gold,2025-12-12
CL-05771,vip,none,2024-10-24
CL-05772,vip,none,2025-10-17
CL-05773,new,none,2024-09-17
CL-05774,regular,none,2024-12-15
CL-05775,new,none,2024-06-11
CL-05776,new,none,2024-01-05
CL-05777,regular,none,2024-05-04
CL-05778,regular,silver,2025-03-19
CL-05779,regular,none,2024-03-16
CL-05780,new,none,2025-09-12
CL-05781,sleeping,silver,2025-11-28
CL-05782,sleeping,none,2024-08-05
CL-05783,regular,none,2024-07-24
CL-05784,vip,platinum,2024-05-11
CL-05785,new,silver,2024-11-07
CL-05786,regular,silver,2025-11-18
CL-05787,vip,silver,2024-10-23
CL-05788,vip,platinum,2025-08-06
CL-05789,vip,none,2024-09-01
CL-05790,regular,none,2024-12-06
CL-05791,vip,gold,2025-01-10
CL-05792,regular,none,2025-11-18
CL-05793,new,silver,2025-01-13
CL-05794,new,none,2025-04-07
CL-05795,regular,none,2025-10-11
CL-05796,regular,silver,2025-12-18
CL-05797,regular,silver,2025-11-11
CL-05798,sleeping,silver,2024-03-19
CL-05799,regular,none,2024-03-26
CL-05800,regular,none,2024-11-27
CL-05801,regular,silver,2024-09-23
CL-05802,regular,none,2025-05-31
CL-05803,regular,silver,2024-11-24
CL-05804,regular,silver,2024-11-06
CL-05805,regular,none,2024-03-09
CL-05806,regular,none,2024-09-22
CL-05807,regular,gold,2025-03-10
CL-05808,vip,none,2025-06-12
CL-05809,new,none,2024-05-08
CL-05810,regular,platinum,2025-04-05
CL-05811,regular,none,2025-03-11
CL-05812,new,gold,2024-08-02
CL-05813,regular,none,2025-11-07
CL-05814,regular,none,2024-12-03
CL-05815,regular,silver,2024-07-19
CL-05816,regular,none,2025-06-21
CL-05817,new,silver,2024-05-23
CL-05818,new,none,2025-04-21
CL-05819,regular,silver,2025-06-02
CL-05820,regular,gold,2024-12-10
CL-05821,regular,silver,2024-06-03
CL-05822,vip,silver,2024-07-16
CL-05823,regular,none,2024-06-17
CL-05824,new,none,2024-03-28
CL-05825,regular,gold,2026-01-28
CL-05826,new,silver,2025-09-30
CL-05827,regular,silver,2025-01-31
CL-05828,new,silver,2025-09-15
CL-05829,regular,none,2025-05-14
CL-05830,regular,none,2025-04-11
CL-05831,regular,none,2025-06-29
CL-05832,new,silver,2025-03-10
CL-05833,new,none,2025-03-01
CL-05834,regular,none,2024-04-13
CL-05835,regular,silver,2025-04-08
CL-05836,new,silver,2024-12-05
CL-05837,vip,silver,2024-07-05
CL-05838,regular,gold,2025-01-02
CL-05839,regular,silver,2025-09-25
CL-05840,new,none,2024-12-16
CL-05841,regular,gold,2024-12-28
CL-05842,new,silver,2024-07-02
CL-05843,new,silver,2025-09-04
CL-05844,regular,gold,2024-04-04
CL-05845,regular,none,2025-09-28
CL-05846,sleeping,silver,2025-12-08
CL-05847,sleeping,none,2024-05-14
CL-05848,new,none,2025-02-26
CL-05849,new,silver,2025-03-21
CL-05850,regular,none,2025-10-17
CL-05851,sleeping,none,2024-09-04
CL-05852,vip,silver,2025-05-25
CL-05853,new,none,2024-03-16
CL-05854,new,silver,2025-09-15
CL-05855,new,none,2025-07-30
CL-05856,vip,silver,2024-06-13
CL-05857,regular,silver,2024-04-05
CL-05858,regular,silver,2024-03-21
CL-05859,regular,silver,2025-09-22
CL-05860,new,platinum,2025-04-11
CL-05861,regular,none,2024-10-09
CL-05862,new,none,2025-02-21
CL-05863,regular,gold,2025-02-28
CL-05864,regular,silver,2024-03-14
CL-05865,regular,platinum,2024-11-30
CL-05866,new,silver,2025-04-09
CL-05867,vip,silver,2025-04-06
CL-05868,regular,none,2024-05-18
CL-05869,new,none,2025-12-06
CL-05870,new,silver,2024-03-23
CL-05871,regular,silver,2025-10-17
CL-05872,new,gold,2026-01-18
CL-05873,new,platinum,2025-07-24
CL-05874,new,none,2025-02-26
CL-05875,new,silver,2024-05-26
CL-05876,regular,gold,2024-09-07
CL-05877,regular,gold,2025-02-21
CL-05878,new,gold,2024-03-15
CL-05879,regular,silver,2025-06-21
CL-05880,new,platinum,2025-11-27
CL-05881,new,none,2025-07-18
CL-05882,new,none,2025-12-17
CL-05883,regular,none,2024-12-26
CL-05884,sleeping,silver,2024-07-14
CL-05885,regular,gold,2024-01-13
CL-05886,new,silver,2024-11-26
CL-05887,new,silver,2024-03-28
CL-05888,new,none,2025-05-05
CL-05889,vip,silver,2025-09-01
CL-05890,new,none,2024-03-25
CL-05891,sleeping,silver,2025-01-27
CL-05892,regular,none,2025-02-12
CL-05893,regular,silver,2024-08-24
CL-05894,vip,silver,2024-06-15
CL-05895,new,silver,2025-06-26
CL-05896,regular,silver,2024-06-20
CL-05897,new,platinum,2024-01-25
CL-05898,vip,gold,2025-04-03
CL-05899,regular,none,2024-02-21
CL-05900,new,none,2024-08-23
CL-05901,vip,none,2024-03-07
CL-05902,new,none,2025-02-22
CL-05903,new,none,2024-06-14
CL-05904,regular,gold,2024-07-18
CL-05905,regular,gold,2024-10-30
CL-05906,sleeping,none,2025-01-05
CL-05907,regular,gold,2025-06-30
CL-05908,regular,gold,2025-12-09
CL-05909,new,none,2025-04-03
CL-05910,new,gold,2025-01-03
CL-05911,sleeping,platinum,2025-03-19
CL-05912,new,platinum,2025-01-16
CL-05913,regular,silver,2024-01-05
CL-05914,new,none,2025-01-09
CL-05915,new,none,2025-07-19
CL-05916,regular,platinum,2025-10-12
CL-05917,regular,none,2024-03-10
CL-05918,regular,silver,2025-06-02
CL-05919,vip,none,2024-03-24
CL-05920,new,silver,2024-01-24
CL-05921,regular,none,2024-02-04
CL-05922,new,gold,2024-03-30
CL-05923,regular,silver,2024-03-04
CL-05924,new,silver,2025-03-15
CL-05925,regular,none,2025-11-30
CL-05926,new,silver,2025-07-31
CL-05927,vip,gold,2025-07-09
CL-05928,vip,gold,2024-03-29
CL-05929,vip,gold,2025-12-14
CL-05930,new,silver,2025-01-17
CL-05931,sleeping,gold,2024-01-24
CL-05932,new,silver,2025-05-03
CL-05933,new,silver,2025-06-19
CL-05934,new,silver,2024-10-31
CL-05935,new,none,2025-06-27
CL-05936,regular,silver,2025-06-11
CL-05937,new,silver,2025-03-17
CL-05938,regular,none,2024-09-17
CL-05939,regular,silver,2026-01-28
CL-05940,vip,none,2025-04-18
CL-05941,regular,silver,2024-12-17
CL-05942,regular,gold,2025-08-04
CL-05943,new,none,2024-07-03
CL-05944,vip,none,2025-12-27
CL-05945,new,silver,2025-07-13
CL-05946,new,none,2025-04-30
CL-05947,new,none,2024-07-21
CL-05948,regular,silver,2024-09-24
CL-05949,regular,none,2025-12-22
CL-05950,regular,silver,2025-07-02
CL-05951,new,none,2024-03-25
CL-05952,regular,none,2025-09-03
CL-05953,regular,none,2024-03-31
CL-05954,new,platinum,2024-11-11
CL-05955,regular,silver,2024-11-12
CL-05956,regular,none,2024-10-02
CL-05957,regular,silver,2025-01-11
CL-05958,new,silver,2024-04-25
CL-05959,regular,silver,2025-05-17
CL-05960,new,none,2025-05-29
CL-05961,new,none,2025-10-09
CL-05962,new,silver,2024-12-04
CL-05963,regular,silver,2025-02-07
CL-05964,new,gold,2024-04-11
CL-05965,regular,silver,2024-09-21
CL-05966,new,silver,2025-03-02
CL-05967,regular,silver,2024-11-12
CL-05968,new,silver,2026-01-22
CL-05969,regular,silver,2024-07-29
CL-05970,regular,none,2024-02-09
CL-05971,regular,platinum,2025-10-21
CL-05972,new,none,2025-01-26
CL-05973,regular,silver,2024-02-23
CL-05974,sleeping,silver,2025-12-12
CL-05975,sleeping,gold,2024-06-06
CL-05976,new,none,2025-12-29
CL-05977,regular,gold,2024-09-18
CL-05978,new,none,2024-09-16
CL-05979,new,none,2024-06-09
CL-05980,regular,gold,2024-05-10
CL-05981,regular,none,2025-08-31
CL-05982,regular,silver,2024-11-15
CL-05983,vip,silver,2025-02-26
CL-05984,new,platinum,2024-08-30
CL-05985,regular,gold,2024-11-17
CL-05986,regular,none,2025-01-01
CL-05987,new,gold,2024-08-23
CL-05988,regular,none,2025-03-28
CL-05989,sleeping,silver,2024-12-19
CL-05990,regular,gold,2025-08-06
CL-05991,new,silver,2025-08-13
CL-05992,regular,silver,2025-04-26
CL-05993,sleeping,gold,2024-03-19
CL-05994,sleeping,silver,2025-11-08
CL-05995,regular,gold,2025-06-12
CL-05996,regular,none,2025-07-13
CL-05997,regular,none,2025-05-08
CL-05998,vip,gold,2025-01-29
CL-05999,vip,none,2025-03-04
CL-06000,vip,silver,2024-03-31
CL-06001,regular,gold,2025-11-29
CL-06002,new,silver,2025-09-02
CL-06003,regular,none,2025-11-22
CL-06004,new,none,2025-06-26
CL-06005,new,none,2024-07-20
CL-06006,regular,none,2024-09-12
CL-06007,regular,none,2025-10-20
CL-06008,vip,gold,2024-06-25
CL-06009,regular,none,2025-04-12
CL-06010,vip,gold,2025-05-15
CL-06011,regular,platinum,2024-05-19
CL-06012,regular,none,2024-03-05
CL-06013,new,platinum,2024-01-26
CL-06014,regular,none,2025-08-21
CL-06015,new,silver,2024-08-09
CL-06016,new,platinum,2024-06-21
CL-06017,new,gold,2025-11-21
CL-06018,vip,none,2025-03-27
CL-06019,regular,none,2024-01-19
CL-06020,sleeping,none,2024-08-18
CL-06021,sleeping,platinum,2024-12-27
CL-06022,sleeping,none,2024-12-28
CL-06023,new,silver,2025-08-18
CL-06024,vip,none,2025-08-31
CL-06025,vip,none,2024-01-25
CL-06026,vip,silver,2024-08-06
CL-06027,new,none,2025-04-01
CL-06028,new,silver,2024-01-26
CL-06029,sleeping,silver,2025-03-09
CL-06030,new,silver,2024-02-28
CL-06031,regular,silver,2025-03-11
CL-06032,regular,none,2024-02-26
CL-06033,new,gold,2025-07-15
CL-06034,new,silver,2024-12-14
CL-06035,sleeping,silver,2025-12-23
CL-06036,vip,none,2024-03-04
CL-06037,sleeping,none,2025-10-22
CL-06038,new,gold,2024-11-09
CL-06039,new,gold,2025-01-05
CL-06040,regular,none,2025-06-14
CL-06041,regular,none,2025-04-17
CL-06042,new,none,2025-10-30
CL-06043,regular,silver,2025-09-23
CL-06044,sleeping,none,2024-06-17
CL-06045,regular,platinum,2024-07-27
CL-06046,regular,none,2025-10-28
CL-06047,regular,platinum,2025-09-07
CL-06048,new,none,2026-01-13
CL-06049,new,none,2025-11-27
CL-06050,regular,none,2025-04-20
CL-06051,regular,none,2026-01-01
CL-06052,regular,platinum,2025-07-14
CL-06053,vip,silver,2025-11-05
CL-06054,new,none,2025-01-02
CL-06055,new,platinum,2026-01-03
CL-06056,new,none,2024-02-26
CL-06057,new,none,2025-11-20
CL-06058,regular,none,2025-12-30
CL-06059,vip,silver,2025-08-22
CL-06060,sleeping,gold,2025-12-19
CL-06061,regular,none,2024-11-15
CL-06062,regular,silver,2024-09-02
CL-06063,new,none,2024-04-11
CL-06064,regular,none,2024-05-28
CL-06065,new,silver,2025-10-20
CL-06066,vip,silver,2024-02-19
CL-06067,regular,silver,2024-06-01
CL-06068,new,none,2025-01-13
CL-06069,new,none,2024-09-30
CL-06070,new,silver,2025-12-03
CL-06071,sleeping,silver,2024-01-23
CL-06072,new,silver,2024-02-01
CL-06073,new,none,2024-07-25
CL-06074,new,gold,2025-04-09
CL-06075,vip,none,2024-09-27
CL-06076,regular,silver,2025-09-27
CL-06077,regular,silver,2024-03-13
CL-06078,regular,none,2024-10-15
CL-06079,new,silver,2025-05-08
CL-06080,vip,silver,2025-04-10
CL-06081,new,silver,2025-01-28
CL-06082,new,gold,2024-12-03
CL-06083,regular,silver,2024-03-12
CL-06084,new,none,2024-02-19
CL-06085,new,none,2024-02-11
CL-06086,vip,silver,2025-01-18
CL-06087,regular,none,2025-11-03
CL-06088,new,gold,2024-03-08
CL-06089,new,none,2024-02-19
CL-06090,regular,none,2025-06-04
CL-06091,new,none,2025-01-15
CL-06092,new,gold,2024-08-23
CL-06093,regular,silver,2024-01-14
CL-06094,regular,silver,2025-09-01
CL-06095,sleeping,none,2025-05-16
CL-06096,regular,gold,2025-03-22
CL-06097,new,gold,2024-06-26
CL-06098,regular,none,2025-12-11
CL-06099,regular,gold,2024-02-17
CL-06100,new,gold,2025-07-14
CL-06101,regular,none,2025-07-07
CL-06102,new,none,2025-07-04
CL-06103,vip,silver,2025-04-02
CL-06104,vip,silver,2024-08-19
CL-06105,regular,gold,2024-12-12
CL-06106,sleeping,silver,2024-12-01
CL-06107,sleeping,none,2025-10-20
CL-06108,new,none,2025-07-20
CL-06109,regular,silver,2024-12-28
CL-06110,regular,none,2025-07-02
CL-06111,new,none,2026-01-06
CL-06112,regular,none,2025-06-10
CL-06113,new,gold,2024-09-27
CL-06114,sleeping,none,2024-01-07
CL-06115,regular,none,2025-10-29
CL-06116,regular,gold,2024-01-14
CL-06117,regular,none,2025-01-21
CL-06118,new,silver,2024-02-21
CL-06119,vip,none,2025-10-30
CL-06120,new,gold,2024-01-25
CL-06121,new,none,2025-06-03
CL-06122,regular,none,2025-08-10
CL-06123,regular,none,2025-07-10
CL-06124,new,platinum,2025-02-19
CL-06125,new,gold,2025-03-25
CL-06126,new,none,2025-01-18
CL-06127,new,none,2025-07-29
CL-06128,new,none,2024-03-06
CL-06129,regular,none,2025-11-07
CL-06130,new,none,2025-08-11
CL-06131,new,gold,2026-01-06
CL-06132,regular,none,2024-03-11
CL-06133,regular,gold,2024-06-07
CL-06134,new,none,2024-06-17
CL-06135,new,gold,2024-11-09
CL-06136,new,silver,2025-09-14
CL-06137,sleeping,none,2025-08-20
CL-06138,new,gold,2025-06-10
CL-06139,new,none,2024-10-28
CL-06140,regular,gold,2024-03-11
CL-06141,new,gold,2025-06-11
CL-06142,new,platinum,2024-02-26
CL-06143,new,gold,2024-06-04
CL-06144,regular,none,2024-11-04
CL-06145,regular,silver,2025-08-13
CL-06146,regular,silver,2025-04-03
CL-06147,regular,none,2024-03-19
CL-06148,new,silver,2024-07-06
CL-06149,sleeping,none,2025-10-07
CL-06150,regular,silver,2025-03-20
CL-06151,vip,none,2025-05-14
CL-06152,regular,none,2024-09-30
CL-06153,regular,platinum,2025-09-11
CL-06154,new,gold,2025-03-23
CL-06155,regular,none,2024-03-02
CL-06156,new,none,2025-07-05
CL-06157,regular,silver,2024-08-07
CL-06158,new,none,2025-10-02
CL-06159,new,silver,2025-04-30
CL-06160,sleeping,gold,2024-05-28
CL-06161,regular,none,2024-01-23
CL-06162,regular,none,2024-03-05
CL-06163,new,none,2024-07-06
CL-06164,regular,none,2024-03-30
CL-06165,sleeping,silver,2025-05-15
CL-06166,regular,none,2024-05-05
CL-06167,regular,platinum,2024-12-05
CL-06168,regular,silver,2024-09-03
CL-06169,new,none,2025-05-14
CL-06170,regular,silver,2024-01-22
CL-06171,sleeping,none,2024-11-01
CL-06172,regular,none,2025-09-24
CL-06173,regular,silver,2024-07-06
CL-06174,regular,none,2025-10-07
CL-06175,regular,none,2024-05-10
CL-06176,sleeping,none,2025-06-25
CL-06177,regular,none,2024-08-02
CL-06178,regular,silver,2024-09-27
CL-06179,regular,platinum,2025-01-31
CL-06180,regular,silver,2025-06-21
CL-06181,new,platinum,2025-02-04
CL-06182,regular,silver,2025-03-12
CL-06183,vip,none,2024-08-07
CL-06184,regular,gold,2025-05-18
CL-06185,new,none,2024-02-23
CL-06186,regular,none,2024-03-07
CL-06187,regular,platinum,2024-05-01
CL-06188,new,silver,2025-10-26
CL-06189,regular,gold,2025-04-10
CL-06190,regular,none,2024-09-21
CL-06191,vip,gold,2025-04-20
CL-06192,new,none,2024-07-23
CL-06193,new,none,2025-07-10
CL-06194,regular,gold,2024-10-24
CL-06195,new,silver,2025-04-15
CL-06196,regular,silver,2024-07-06
CL-06197,regular,gold,2024-01-27
CL-06198,new,gold,2026-01-25
CL-06199,regular,none,2025-05-11
CL-06200,sleeping,none,2025-05-06
CL-06201,regular,gold,2025-04-03
CL-06202,regular,silver,2025-11-12
CL-06203,regular,silver,2024-01-15
CL-06204,new,none,2025-12-23
CL-06205,new,none,2024-12-14
CL-06206,regular,platinum,2025-03-17
CL-06207,regular,silver,2025-12-13
CL-06208,new,gold,2025-08-31
CL-06209,new,none,2024-09-23
CL-06210,vip,none,2025-11-19
CL-06211,new,silver,2024-03-04
CL-06212,regular,gold,2024-04-24
CL-06213,regular,none,2024-06-21
CL-06214,regular,none,2024-07-23
CL-06215,new,silver,2025-05-26
CL-06216,new,none,2024-11-01
CL-06217,regular,none,2025-10-08
CL-06218,regular,silver,2025-04-18
CL-06219,new,none,2025-04-05
CL-06220,regular,silver,2025-08-06
CL-06221,regular,none,2024-11-07
CL-06222,new,silver,2024-09-19
CL-06223,regular,gold,2024-03-23
CL-06224,new,gold,2025-10-02
CL-06225,regular,silver,2024-06-26
CL-06226,new,silver,2025-05-12
CL-06227,regular,none,2025-08-23
CL-06228,new,silver,2024-10-09
CL-06229,regular,none,2024-05-04
CL-06230,regular,silver,2025-06-01
CL-06231,sleeping,none,2024-09-04
CL-06232,regular,silver,2025-10-09
CL-06233,vip,silver,2024-12-04
CL-06234,new,silver,2024-09-12
CL-06235,regular,none,2025-07-06
CL-06236,new,silver,2024-10-21
CL-06237,regular,silver,2025-08-28
CL-06238,regular,gold,2025-06-09
CL-06239,vip,silver,2025-11-03
CL-06240,regular,none,2024-11-22
CL-06241,regular,gold,2024-03-07
CL-06242,new,none,2024-05-15
CL-06243,new,none,2024-01-04
CL-06244,regular,none,2025-10-11
CL-06245,new,silver,2024-07-03
CL-06246,new,silver,2024-06-02
CL-06247,sleeping,silver,2025-04-05
CL-06248,sleeping,gold,2024-07-06
CL-06249,regular,silver,2026-01-14
CL-06250,regular,none,2025-10-21
CL-06251,vip,silver,2024-12-08
CL-06252,new,silver,2025-05-02
CL-06253,regular,silver,2024-10-20
CL-06254,regular,silver,2024-11-24
CL-06255,sleeping,silver,2024-12-31
CL-06256,sleeping,silver,2024-10-17
CL-06257,regular,none,2024-11-27
CL-06258,new,gold,2024-05-19
CL-06259,regular,none,2025-05-10
CL-06260,new,none,2024-02-21
CL-06261,sleeping,silver,2025-11-22
CL-06262,new,gold,2025-11-22
CL-06263,new,silver,2024-06-07
CL-06264,regular,silver,2024-02-03
CL-06265,regular,platinum,2024-12-30
CL-06266,vip,none,2024-02-16
CL-06267,new,silver,2024-11-02
CL-06268,vip,silver,2025-07-25
CL-06269,new,silver,2024-08-23
CL-06270,new,silver,2025-11-10
CL-06271,regular,platinum,2024-01-11
CL-06272,new,none,2025-06-23
CL-06273,regular,none,2025-01-17
CL-06274,new,silver,2024-07-02
CL-06275,new,silver,2024-11-22
CL-06276,regular,silver,2024-07-24
CL-06277,new,platinum,2025-04-16
CL-06278,regular,silver,2025-12-31
CL-06279,regular,platinum,2025-01-15
CL-06280,new,none,2025-06-16
CL-06281,regular,none,2025-04-09
CL-06282,new,none,2025-09-21
CL-06283,regular,gold,2025-03-03
CL-06284,new,none,2024-12-05
CL-06285,vip,none,2024-03-31
CL-06286,regular,silver,2025-08-13
CL-06287,regular,none,2025-11-13
CL-06288,sleeping,silver,2026-01-15
CL-06289,new,gold,2025-07-08
CL-06290,sleeping,none,2024-09-28
CL-06291,regular,silver,2025-06-18
CL-06292,sleeping,none,2024-08-31
CL-06293,sleeping,none,2025-11-14
CL-06294,sleeping,none,2024-02-02
CL-06295,new,silver,2025-11-13
CL-06296,regular,silver,2025-07-14
CL-06297,vip,silver,2025-11-06
CL-06298,regular,gold,2024-07-01
CL-06299,new,none,2025-01-21
CL-06300,sleeping,silver,2024-07-11
CL-06301,new,silver,2025-06-24
CL-06302,regular,none,2025-04-25
CL-06303,regular,none,2025-06-09
CL-06304,new,none,2025-07-15
CL-06305,regular,none,2024-02-04
CL-06306,new,none,2024-11-05
CL-06307,regular,none,2024-07-10
CL-06308,vip,gold,2025-12-18
CL-06309,new,gold,2025-02-06
CL-06310,regular,silver,2024-05-02
CL-06311,new,silver,2024-10-25
CL-06312,vip,platinum,2025-02-04
CL-06313,sleeping,silver,2024-09-03
CL-06314,new,silver,2025-04-14
CL-06315,regular,silver,2025-08-07
CL-06316,regular,gold,2025-04-14
CL-06317,regular,gold,2025-03-15
CL-06318,regular,none,2025-05-14
CL-06319,regular,silver,2024-08-06
CL-06320,regular,none,2025-04-26
CL-06321,new,none,2024-02-08
CL-06322,regular,silver,2025-08-24
CL-06323,vip,silver,2024-10-15
CL-06324,new,none,2025-09-10
CL-06325,regular,none,2024-07-11
CL-06326,new,silver,2026-01-12
CL-06327,vip,none,2025-01-30
CL-06328,regular,gold,2025-12-15
CL-06329,regular,silver,2024-08-10
CL-06330,new,silver,2025-01-30
CL-06331,regular,none,2025-06-26
CL-06332,sleeping,platinum,2025-06-20
CL-06333,regular,gold,2024-07-11
CL-06334,regular,none,2024-11-01
CL-06335,regular,silver,2024-06-23
CL-06336,regular,gold,2025-05-09
CL-06337,regular,none,2024-11-11
CL-06338,new,silver,2024-01-06
CL-06339,new,gold,2024-08-10
CL-06340,regular,silver,2024-10-06
CL-06341,vip,gold,2025-03-02
CL-06342,sleeping,none,2025-11-26
CL-06343,sleeping,gold,2026-01-17
CL-06344,regular,platinum,2025-05-28
CL-06345,new,none,2025-11-18
CL-06346,regular,silver,2024-01-14
CL-06347,sleeping,silver,2025-10-15
CL-06348,regular,gold,2025-02-01
CL-06349,regular,none,2024-10-10
CL-06350,regular,none,2024-10-05
CL-06351,regular,gold,2024-09-22
CL-06352,sleeping,silver,2025-09-06
CL-06353,regular,silver,2024-12-14
CL-06354,regular,silver,2024-03-28
CL-06355,new,platinum,2025-11-15
CL-06356,regular,none,2025-04-04
CL-06357,new,platinum,2024-10-24
CL-06358,sleeping,silver,2025-06-25
CL-06359,regular,gold,2024-09-23
CL-06360,regular,none,2025-03-28
CL-06361,new,silver,2024-01-07
CL-06362,regular,gold,2024-07-27
CL-06363,regular,gold,2024-09-17
CL-06364,new,none,2025-08-25
CL-06365,vip,silver,2025-07-27
CL-06366,regular,none,2025-08-26
CL-06367,regular,none,2024-12-29
CL-06368,new,silver,2024-10-01
CL-06369,regular,platinum,2025-02-05
CL-06370,regular,silver,2024-07-21
CL-06371,sleeping,none,2025-02-05
CL-06372,new,none,2025-05-19
CL-06373,sleeping,none,2026-01-06
CL-06374,regular,none,2024-10-06
CL-06375,new,gold,2024-03-27
CL-06376,new,none,2024-09-19
CL-06377,new,none,2025-09-20
CL-06378,vip,silver,2024-12-08
CL-06379,new,none,2024-11-12
CL-06380,regular,silver,2024-12-14
CL-06381,regular,silver,2024-07-11
CL-06382,vip,none,2025-09-22
CL-06383,regular,silver,2025-05-25
CL-06384,regular,silver,2025-12-25
CL-06385,new,silver,2024-03-15
CL-06386,vip,none,2025-06-26
CL-06387,new,none,2024-03-02
CL-06388,new,silver,2024-03-08
CL-06389,sleeping,none,2025-10-04
CL-06390,new,none,2024-09-13
CL-06391,new,none,2024-08-28
CL-06392,regular,none,2024-05-24
CL-06393,new,none,2024-03-23
CL-06394,new,platinum,2025-05-19
CL-06395,regular,silver,2025-02-01
CL-06396,regular,silver,2025-03-30
CL-06397,regular,none,2024-04-27
CL-06398,new,none,2026-01-16
CL-06399,regular,gold,2024-01-06
CL-06400,vip,silver,2024-12-06
CL-06401,new,platinum,2025-01-31
CL-06402,new,none,2024-03-21
CL-06403,new,none,2025-03-15
CL-06404,regular,silver,2025-03-30
CL-06405,new,none,2025-02-07
CL-06406,regular,none,2024-10-05
CL-06407,sleeping,none,2025-12-07
CL-06408,new,none,2024-05-15
CL-06409,regular,gold,2025-07-19
CL-06410,new,gold,2024-10-08
CL-06411,new,silver,2024-10-21
CL-06412,regular,none,2024-06-30
CL-06413,regular,gold,2025-05-27
CL-06414,sleeping,silver,2024-05-29
CL-06415,regular,gold,2024-10-10
CL-06416,new,silver,2025-01-02
CL-06417,regular,platinum,2024-01-08
CL-06418,new,none,2025-09-07
CL-06419,vip,silver,2024-09-08
CL-06420,regular,gold,2025-11-04
CL-06421,new,gold,2025-05-07
CL-06422,regular,platinum,2024-07-16
CL-06423,regular,none,2025-05-18
CL-06424,regular,silver,2024-12-06
CL-06425,new,none,2025-01-04
CL-06426,new,silver,2025-10-02
CL-06427,new,none,2025-05-02
CL-06428,regular,silver,2026-01-21
CL-06429,regular,gold,2025-12-06
CL-06430,new,gold,2025-10-07
CL-06431,regular,silver,2024-12-19
CL-06432,regular,none,2025-01-10
CL-06433,new,none,2025-11-01
CL-06434,sleeping,none,2025-10-23
CL-06435,regular,none,2024-10-08
CL-06436,regular,gold,2025-06-21
CL-06437,regular,silver,2025-03-31
CL-06438,new,none,2024-03-27
CL-06439,vip,silver,2024-04-03
CL-06440,regular,none,2024-03-04
CL-06441,regular,none,2024-07-13
CL-06442,sleeping,none,2025-12-12
CL-06443,vip,none,2024-08-29
CL-06444,vip,silver,2025-12-03
CL-06445,new,silver,2024-11-30
CL-06446,new,silver,2024-12-14
CL-06447,regular,gold,2024-07-13
CL-06448,regular,gold,2025-05-17
CL-06449,regular,gold,2025-03-23
CL-06450,regular,platinum,2024-08-19
CL-06451,new,gold,2025-08-19
CL-06452,new,gold,2025-06-17
CL-06453,regular,none,2025-06-24
CL-06454,new,none,2024-12-05
CL-06455,regular,silver,2025-05-06
CL-06456,regular,gold,2024-09-21
CL-06457,regular,gold,2026-01-29
CL-06458,regular,silver,2024-11-30
CL-06459,regular,gold,2024-07-27
CL-06460,regular,silver,2024-12-12
CL-06461,new,silver,2025-12-16
CL-06462,regular,none,2025-12-17
CL-06463,regular,silver,2024-09-27
CL-06464,new,none,2025-11-03
CL-06465,regular,none,2024-08-20
CL-06466,vip,silver,2024-05-27
CL-06467,new,none,2024-06-17
CL-06468,regular,gold,2024-07-30
CL-06469,sleeping,silver,2024-08-10
CL-06470,vip,silver,2024-08-15
CL-06471,regular,none,2024-10-18
CL-06472,regular,gold,2024-01-09
CL-06473,sleeping,silver,2024-10-13
CL-06474,regular,silver,2025-02-07
CL-06475,new,silver,2024-10-31
CL-06476,new,silver,2025-01-01
CL-06477,regular,silver,2024-06-20
CL-06478,regular,silver,2024-04-04
CL-06479,new,gold,2025-11-15
CL-06480,new,none,2026-01-22
CL-06481,regular,gold,2024-11-05
CL-06482,regular,none,2025-08-01
CL-06483,vip,none,2024-04-16
CL-06484,regular,none,2024-05-19
CL-06485,sleeping,none,2025-01-30
CL-06486,sleeping,none,2025-06-20
CL-06487,new,gold,2025-06-17
CL-06488,regular,silver,2024-09-15
CL-06489,new,platinum,2025-10-28
CL-06490,sleeping,none,2025-04-25
CL-06491,new,silver,2024-08-28
CL-06492,regular,none,2024-12-23
CL-06493,vip,silver,2024-08-14
CL-06494,new,none,2024-04-15
CL-06495,vip,silver,2024-01-05
CL-06496,new,silver,2024-12-15
CL-06497,regular,none,2024-01-05
CL-06498,regular,none,2025-12-31
CL-06499,regular,silver,2025-10-28
CL-06500,regular,none,2025-07-22
CL-06501,sleeping,silver,2025-07-24
CL-06502,new,silver,2025-04-21
CL-06503,regular,gold,2025-07-10
CL-06504,vip,platinum,2025-10-03
CL-06505,regular,none,2025-01-24
CL-06506,new,gold,2025-09-21
CL-06507,sleeping,gold,2024-06-29
CL-06508,new,none,2025-11-06
CL-06509,regular,gold,2025-06-20
CL-06510,regular,silver,2024-03-23
CL-06511,regular,silver,2024-05-18
CL-06512,new,silver,2024-04-08
CL-06513,new,gold,2024-07-03
CL-06514,regular,gold,2025-08-30
CL-06515,new,gold,2025-09-20
CL-06516,regular,none,2026-01-26
CL-06517,regular,platinum,2024-04-07
CL-06518,regular,silver,2025-03-03
CL-06519,new,gold,2025-09-16
CL-06520,new,gold,2026-01-02
CL-06521,sleeping,none,2024-03-15
CL-06522,regular,none,2025-05-18
CL-06523,new,gold,2024-03-01
CL-06524,new,gold,2024-03-05
CL-06525,new,gold,2025-09-26
CL-06526,sleeping,silver,2025-12-04
CL-06527,new,none,2024-05-20
CL-06528,new,silver,2025-09-29
CL-06529,regular,none,2025-11-23
CL-06530,new,gold,2025-02-11
CL-06531,new,silver,2024-05-10
CL-06532,sleeping,none,2025-07-19
CL-06533,regular,silver,2025-02-20
CL-06534,new,platinum,2024-09-24
CL-06535,regular,silver,2025-10-19
CL-06536,new,none,2025-04-12
CL-06537,new,silver,2024-07-19
CL-06538,regular,silver,2024-11-10
CL-06539,regular,none,2024-08-22
CL-06540,regular,silver,2025-02-04
CL-06541,sleeping,none,2024-07-24
CL-06542,new,silver,2025-04-28
CL-06543,sleeping,silver,2024-12-06
CL-06544,regular,silver,2024-02-10
CL-06545,new,silver,2024-01-05
CL-06546,vip,silver,2024-03-13
CL-06547,new,none,2024-05-02
CL-06548,regular,none,2024-03-03
CL-06549,regular,gold,2025-05-17
CL-06550,new,gold,2025-03-28
CL-06551,vip,none,2024-01-16
CL-06552,new,none,2024-11-09
CL-06553,vip,platinum,2024-08-11
CL-06554,new,none,2025-01-15
CL-06555,new,platinum,2025-03-20
CL-06556,regular,gold,2025-01-15
CL-06557,vip,none,2024-10-30
CL-06558,new,none,2024-01-31
CL-06559,vip,platinum,2025-08-25
CL-06560,new,none,2025-08-28
CL-06561,regular,silver,2025-10-15
CL-06562,regular,none,2025-06-16
CL-06563,new,silver,2024-09-05
CL-06564,sleeping,gold,2025-06-06
CL-06565,regular,silver,2025-11-16
CL-06566,regular,none,2024-01-27
CL-06567,regular,silver,2025-01-20
CL-06568,regular,silver,2025-05-10
CL-06569,regular,none,2026-01-18
CL-06570,sleeping,gold,2025-01-15
CL-06571,regular,silver,2025-10-30
CL-06572,regular,none,2025-08-01
CL-06573,regular,platinum,2025-08-23
CL-06574,regular,silver,2024-03-14
CL-06575,regular,none,2025-01-18
CL-06576,regular,none,2025-07-21
CL-06577,regular,none,2024-04-04
CL-06578,regular,none,2025-12-31
CL-06579,sleeping,none,2025-06-04
CL-06580,sleeping,gold,2025-10-08
CL-06581,vip,silver,2025-04-25
CL-06582,regular,none,2025-11-10
CL-06583,regular,silver,2025-11-15
CL-06584,new,silver,2024-02-27
CL-06585,regular,silver,2025-12-13
CL-06586,new,platinum,2025-02-06
CL-06587,new,none,2025-01-06
CL-06588,sleeping,none,2024-07-06
CL-06589,vip,none,2024-11-03
CL-06590,regular,none,2025-02-18
CL-06591,new,silver,2025-02-08
CL-06592,regular,none,2025-06-21
CL-06593,regular,silver,2025-05-31
CL-06594,vip,gold,2025-07-21
CL-06595,sleeping,gold,2025-03-15
CL-06596,new,silver,2026-01-23
CL-06597,new,silver,2025-10-29
CL-06598,new,silver,2025-12-28
CL-06599,new,silver,2025-07-04
CL-06600,regular,silver,2024-07-06
CL-06601,new,none,2026-01-03
CL-06602,new,none,2025-11-26
CL-06603,new,silver,2024-08-13
CL-06604,new,silver,2025-11-02
CL-06605,regular,none,2025-01-31
CL-06606,new,none,2025-07-03
CL-06607,vip,gold,2024-09-17
CL-06608,new,none,2024-07-14
CL-06609,new,silver,2024-11-01
CL-06610,new,none,2024-05-23
CL-06611,regular,none,2024-04-17
CL-06612,new,gold,2024-11-27
CL-06613,regular,none,2025-12-21
CL-06614,new,none,2024-01-30
CL-06615,sleeping,platinum,2024-09-05
CL-06616,new,silver,2024-08-03
CL-06617,regular,silver,2024-06-06
CL-06618,vip,silver,2024-02-25
CL-06619,new,none,2024-05-13
CL-06620,new,none,2025-02-02
CL-06621,vip,silver,2024-11-20
CL-06622,new,none,2025-04-13
CL-06623,new,none,2025-10-12
CL-06624,regular,silver,2024-03-25
CL-06625,new,none,2024-09-08
CL-06626,sleeping,none,2025-10-26
CL-06627,regular,silver,2024-06-28
CL-06628,regular,silver,2024-03-14
CL-06629,new,silver,2024-07-01
CL-06630,regular,none,2024-10-28
CL-06631,regular,silver,2024-07-13
CL-06632,new,gold,2025-01-15
CL-06633,sleeping,silver,2024-06-04
CL-06634,regular,gold,2025-03-18
CL-06635,regular,none,2025-10-19
CL-06636,new,none,2024-08-30
CL-06637,new,none,2025-02-16
CL-06638,regular,silver,2025-06-25
CL-06639,regular,gold,2024-02-20
CL-06640,regular,none,2024-09-16
CL-06641,new,none,2025-04-27
CL-06642,vip,gold,2024-07-11
CL-06643,new,none,2024-11-09
CL-06644,new,silver,2024-12-10
CL-06645,regular,none,2025-12-12
CL-06646,new,platinum,2024-03-27
CL-06647,new,none,2025-04-26
CL-06648,new,silver,2026-01-04
CL-06649,sleeping,silver,2025-11-19
CL-06650,new,platinum,2025-02-22
CL-06651,regular,platinum,2024-10-22
CL-06652,sleeping,gold,2024-04-19
CL-06653,regular,none,2024-07-17
CL-06654,regular,silver,2025-08-28
CL-06655,regular,gold,2024-01-21
CL-06656,regular,silver,2025-07-01
CL-06657,regular,gold,2025-12-07
CL-06658,sleeping,gold,2024-11-23
CL-06659,regular,none,2025-09-06
CL-06660,regular,none,2026-01-17
CL-06661,new,none,2025-08-01
CL-06662,sleeping,silver,2025-01-15
CL-06663,new,silver,2025-03-04
CL-06664,vip,none,2024-06-10
CL-06665,new,silver,2024-04-10
CL-06666,regular,none,2025-08-24
CL-06667,vip,silver,2025-01-29
CL-06668,regular,silver,2025-12-06
CL-06669,new,silver,2025-07-18
CL-06670,vip,none,2024-07-18
CL-06671,regular,silver,2026-01-01
CL-06672,new,gold,2024-01-06
CL-06673,regular,silver,2024-03-13
CL-06674,regular,platinum,2025-04-08
CL-06675,regular,none,2025-04-04
CL-06676,new,none,2025-07-10
CL-06677,regular,none,2025-05-06
CL-06678,sleeping,silver,2024-07-17
CL-06679,new,none,2024-04-22
CL-06680,regular,platinum,2026-01-02
CL-06681,regular,silver,2024-09-14
CL-06682,sleeping,gold,2024-05-07
CL-06683,regular,silver,2024-02-22
CL-06684,vip,silver,2025-08-31
CL-06685,new,silver,2025-10-03
CL-06686,regular,silver,2025-10-27
CL-06687,sleeping,gold,2025-10-10
CL-06688,sleeping,none,2024-05-09
CL-06689,regular,gold,2024-01-11
CL-06690,regular,silver,2025-01-16
CL-06691,regular,silver,2025-01-20
CL-06692,new,none,2024-01-22
CL-06693,sleeping,none,2025-10-28
CL-06694,vip,none,2025-05-02
CL-06695,regular,silver,2025-06-02
CL-06696,new,none,2025-02-19
CL-06697,new,platinum,2026-01-24
CL-06698,new,platinum,2025-08-14
CL-06699,regular,none,2025-03-15
CL-06700,regular,silver,2025-01-15
CL-06701,new,none,2025-09-26
CL-06702,regular,none,2024-09-25
CL-06703,sleeping,none,2025-10-16
CL-06704,new,gold,2024-04-13
CL-06705,regular,gold,2024-01-28
CL-06706,regular,none,2024-02-08
CL-06707,new,none,2024-10-05
CL-06708,regular,silver,2025-02-05
CL-06709,regular,silver,2025-11-12
CL-06710,new,none,2025-11-29
CL-06711,new,gold,2024-01-24
CL-06712,vip,platinum,2025-08-05
CL-06713,new,silver,2024-06-01
CL-06714,regular,gold,2024-10-25
CL-06715,regular,silver,2025-10-14
CL-06716,vip,silver,2026-01-17
CL-06717,regular,gold,2025-08-26
CL-06718,vip,silver,2024-05-19
CL-06719,regular,silver,2024-01-29
CL-06720,regular,none,2026-01-28
CL-06721,regular,silver,2024-06-27
CL-06722,regular,none,2024-06-23
CL-06723,regular,none,2025-01-31
CL-06724,new,silver,2024-05-07
CL-06725,regular,none,2025-05-21
CL-06726,regular,none,2025-10-14
CL-06727,new,none,2024-09-20
CL-06728,new,gold,2024-12-22
CL-06729,regular,silver,2025-11-14
CL-06730,regular,none,2025-11-08
CL-06731,vip,gold,2024-03-12
CL-06732,regular,gold,2025-07-22
CL-06733,vip,none,2024-01-16
CL-06734,regular,silver,2024-04-29
CL-06735,new,none,2025-04-21
CL-06736,sleeping,silver,2024-04-02
CL-06737,new,silver,2024-05-19
CL-06738,regular,none,2024-12-05
CL-06739,regular,silver,2024-11-11
CL-06740,new,none,2025-03-02
CL-06741,regular,silver,2025-11-30
CL-06742,regular,none,2024-11-17
CL-06743,new,gold,2024-08-20
CL-06744,new,silver,2024-06-10
CL-06745,new,none,2025-10-28
CL-06746,new,gold,2024-06-14
CL-06747,regular,none,2024-01-04
CL-06748,regular,silver,2025-01-22
CL-06749,regular,silver,2025-07-10
CL-06750,regular,none,2024-01-11
CL-06751,new,none,2025-04-28
CL-06752,new,none,2024-11-29
CL-06753,regular,silver,2025-08-13
CL-06754,sleeping,silver,2024-01-26
CL-06755,regular,none,2025-11-12
CL-06756,new,none,2025-10-25
CL-06757,regular,gold,2025-06-05
CL-06758,sleeping,none,2025-04-16
CL-06759,regular,none,2025-06-19
CL-06760,new,silver,2024-05-01
CL-06761,new,none,2025-11-12
CL-06762,regular,platinum,2025-08-07
CL-06763,sleeping,none,2025-07-28
CL-06764,regular,gold,2025-01-09
CL-06765,new,none,2024-04-17
CL-06766,regular,none,2025-01-23
CL-06767,vip,none,2025-02-18
CL-06768,regular,platinum,2024-07-13
CL-06769,vip,silver,2025-12-03
CL-06770,regular,none,2024-10-26
CL-06771,new,platinum,2025-12-26
CL-06772,regular,none,2025-10-29
CL-06773,regular,none,2024-02-26
CL-06774,sleeping,none,2024-04-21
CL-06775,regular,gold,2024-10-25
CL-06776,regular,none,2025-04-19
CL-06777,regular,none,2024-03-27
CL-06778,regular,platinum,2024-06-13
CL-06779,regular,silver,2025-10-12
CL-06780,regular,none,2024-12-04
CL-06781,regular,silver,2025-02-26
CL-06782,regular,none,2025-02-09
CL-06783,regular,silver,2026-01-06
CL-06784,new,none,2024-04-02
CL-06785,regular,silver,2025-01-31
CL-06786,regular,gold,2024-02-29
CL-06787,regular,none,2024-02-05
CL-06788,regular,none,2025-01-02
CL-06789,regular,none,2025-11-17
CL-06790,vip,gold,2024-11-07
CL-06791,regular,gold,2025-06-28
CL-06792,new,gold,2025-11-30
CL-06793,regular,platinum,2024-01-05
CL-06794,regular,gold,2025-06-14
CL-06795,regular,platinum,2025-11-13
CL-06796,regular,silver,2025-11-12
CL-06797,regular,none,2025-07-13
CL-06798,new,silver,2025-12-06
CL-06799,regular,none,2025-04-02
CL-06800,new,none,2024-01-15
CL-06801,regular,none,2026-01-16
CL-06802,regular,none,2025-10-30
CL-06803,regular,silver,2024-05-24
CL-06804,regular,none,2025-12-29
CL-06805,sleeping,none,2025-05-10
CL-06806,regular,gold,2024-12-10
CL-06807,regular,silver,2025-09-14
CL-06808,sleeping,none,2025-04-28
CL-06809,regular,none,2025-08-22
CL-06810,regular,none,2024-09-19
CL-06811,new,gold,2024-10-23
CL-06812,new,none,2024-03-15
CL-06813,new,platinum,2025-11-06
CL-06814,new,none,2024-07-18
CL-06815,regular,gold,2024-04-14
CL-06816,new,none,2024-03-02
CL-06817,regular,silver,2024-10-20
CL-06818,new,none,2025-01-04
CL-06819,new,none,2025-09-26
CL-06820,sleeping,platinum,2025-05-11
CL-06821,regular,silver,2025-09-04
CL-06822,sleeping,none,2024-01-04
CL-06823,regular,gold,2024-01-23
CL-06824,new,none,2024-06-22
CL-06825,regular,gold,2024-10-20
CL-06826,regular,silver,2024-02-26
CL-06827,new,none,2025-10-21
CL-06828,vip,none,2026-01-03
CL-06829,regular,none,2025-01-03
CL-06830,regular,platinum,2025-09-02
CL-06831,regular,none,2024-05-24
CL-06832,regular,none,2024-01-24
CL-06833,new,gold,2025-11-13
CL-06834,sleeping,none,2025-09-10
CL-06835,regular,none,2025-07-29
CL-06836,new,silver,2025-09-20
CL-06837,new,none,2025-06-23
CL-06838,regular,gold,2025-09-03
CL-06839,sleeping,silver,2026-01-05
CL-06840,sleeping,none,2025-10-29
CL-06841,regular,silver,2025-11-07
CL-06842,sleeping,none,2024-12-22
CL-06843,regular,silver,2025-09-14
CL-06844,new,silver,2024-06-30
CL-06845,regular,gold,2024-08-26
CL-06846,new,silver,2025-10-23
CL-06847,new,gold,2024-10-03
CL-06848,regular,none,2025-09-26
CL-06849,new,gold,2025-01-11
CL-06850,sleeping,none,2024-07-27
CL-06851,sleeping,gold,2024-11-08
CL-06852,regular,silver,2025-03-17
CL-06853,regular,none,2024-02-18
CL-06854,regular,none,2025-02-27
CL-06855,new,gold,2024-03-20
CL-06856,new,gold,2025-01-05
CL-06857,new,silver,2024-09-02
CL-06858,new,none,2025-04-07
CL-06859,new,silver,2025-09-29
CL-06860,new,none,2024-03-04
CL-06861,new,silver,2024-03-05
CL-06862,sleeping,none,2024-12-11
CL-06863,new,gold,2025-07-26
CL-06864,new,silver,2024-07-31
CL-06865,regular,none,2025-08-17
CL-06866,regular,silver,2024-01-02
CL-06867,regular,none,2024-08-12
CL-06868,new,none,2025-01-29
CL-06869,regular,none,2025-04-20
CL-06870,regular,none,2024-10-04
CL-06871,regular,none,2025-11-01
CL-06872,regular,silver,2024-11-23
CL-06873,regular,silver,2025-04-28
CL-06874,regular,silver,2024-03-25
CL-06875,new,platinum,2025-12-07
CL-06876,regular,gold,2025-01-19
CL-06877,new,none,2024-12-23
CL-06878,new,silver,2024-07-24
CL-06879,regular,gold,2025-04-06
CL-06880,new,none,2024-01-01
CL-06881,new,none,2024-12-09
CL-06882,regular,platinum,2025-08-15
CL-06883,regular,gold,2025-08-14
CL-06884,vip,gold,2025-04-22
CL-06885,sleeping,gold,2024-10-11
CL-06886,sleeping,none,2025-02-05
CL-06887,regular,silver,2024-05-08
CL-06888,new,gold,2025-04-17
CL-06889,regular,none,2024-06-13
CL-06890,regular,none,2024-09-02
CL-06891,regular,none,2025-07-11
CL-06892,new,silver,2024-04-03
CL-06893,new,silver,2024-09-07
CL-06894,new,gold,2024-09-28
CL-06895,new,none,2025-12-20
CL-06896,new,silver,2025-08-22
CL-06897,sleeping,none,2024-10-10
CL-06898,new,platinum,2025-04-07
CL-06899,regular,silver,2024-07-01
CL-06900,sleeping,silver,2025-08-24
CL-06901,regular,none,2024-09-19
CL-06902,regular,none,2025-11-16
CL-06903,regular,none,2025-11-08
CL-06904,new,gold,2024-07-08
CL-06905,regular,none,2024-11-07
CL-06906,vip,gold,2025-11-25
CL-06907,regular,none,2024-03-14
CL-06908,vip,silver,2025-05-18
CL-06909,sleeping,none,2025-01-27
CL-06910,regular,none,2025-03-02
CL-06911,regular,silver,2025-03-11
CL-06912,regular,none,2025-01-17
CL-06913,regular,silver,2024-09-17
CL-06914,regular,silver,2024-12-22
CL-06915,regular,none,2026-01-13
CL-06916,sleeping,silver,2024-02-26
CL-06917,new,silver,2024-05-01
CL-06918,regular,none,2024-02-11
CL-06919,new,none,2025-04-20
CL-06920,regular,none,2024-09-08
CL-06921,regular,none,2024-02-04
CL-06922,regular,none,2024-06-03
CL-06923,regular,silver,2024-07-16
CL-06924,regular,none,2024-03-06
CL-06925,new,gold,2025-08-05
CL-06926,new,gold,2024-01-19
CL-06927,new,none,2025-11-01
CL-06928,sleeping,silver,2026-01-13
CL-06929,new,none,2025-11-28
CL-06930,sleeping,none,2024-06-10
CL-06931,new,platinum,2024-06-22
CL-06932,regular,silver,2026-01-18
CL-06933,regular,none,2025-04-18
CL-06934,regular,gold,2025-02-17
CL-06935,regular,gold,2025-10-19
CL-06936,regular,silver,2024-05-25
CL-06937,sleeping,silver,2024-11-04
CL-06938,regular,gold,2024-04-20
CL-06939,new,silver,2025-08-30
CL-06940,new,silver,2024-06-01
CL-06941,regular,gold,2024-04-10
CL-06942,regular,silver,2024-10-03
CL-06943,regular,none,2025-03-04
CL-06944,regular,none,2024-06-04
CL-06945,regular,none,2025-11-15
CL-06946,regular,none,2025-09-21
CL-06947,regular,none,2025-11-30
CL-06948,regular,silver,2024-10-05
CL-06949,regular,platinum,2024-10-22
CL-06950,sleeping,none,2025-02-04
CL-06951,regular,none,2025-11-22
CL-06952,sleeping,gold,2025-01-15
CL-06953,new,silver,2024-10-22
CL-06954,regular,gold,2025-05-16
CL-06955,regular,silver,2024-04-10
CL-06956,regular,silver,2026-01-28
CL-06957,new,none,2025-06-07
CL-06958,regular,none,2024-12-03
CL-06959,regular,silver,2024-03-09
CL-06960,sleeping,none,2024-09-02
CL-06961,regular,none,2025-03-11
CL-06962,new,none,2026-01-10
CL-06963,regular,silver,2025-01-05
CL-06964,regular,silver,2026-01-28
CL-06965,new,silver,2025-01-28
CL-06966,regular,silver,2025-08-16
CL-06967,regular,none,2024-03-15
CL-06968,new,gold,2025-08-29
CL-06969,regular,gold,2024-07-03
CL-06970,regular,none,2024-11-05
CL-06971,regular,silver,2024-09-02
CL-06972,regular,none,2025-02-13
CL-06973,new,gold,2025-04-11
CL-06974,sleeping,none,2024-09-24
CL-06975,regular,none,2024-02-13
CL-06976,new,gold,2025-04-15
CL-06977,vip,silver,2024-11-15
CL-06978,new,none,2025-09-19
CL-06979,regular,silver,2025-06-12
CL-06980,regular,gold,2024-10-11
CL-06981,sleeping,none,2024-02-09
CL-06982,sleeping,silver,2025-02-10
CL-06983,new,silver,2025-08-27
CL-06984,regular,silver,2025-08-11
CL-06985,new,platinum,2024-09-11
CL-06986,regular,silver,2024-06-07
CL-06987,regular,silver,2024-02-25
CL-06988,new,gold,2025-04-08
CL-06989,new,none,2024-07-18
CL-06990,new,none,2025-08-12
CL-06991,new,platinum,2025-03-29
CL-06992,new,silver,2024-02-09
CL-06993,sleeping,none,2025-06-09
CL-06994,regular,none,2024-07-11
CL-06995,regular,none,2025-10-24
CL-06996,vip,none,2024-01-20
CL-06997,regular,none,2024-10-05
CL-06998,regular,silver,2024-01-05
CL-06999,vip,none,2025-04-26
CL-07000,regular,silver,2024-12-28
CL-07001,regular,platinum,2025-02-09
CL-07002,sleeping,platinum,2025-06-16
CL-07003,regular,gold,2025-11-11
CL-07004,regular,silver,2024-10-18
CL-07005,sleeping,silver,2025-03-09
CL-07006,regular,silver,2025-04-17
CL-07007,vip,none,2025-10-31
CL-07008,new,gold,2024-05-25
CL-07009,new,silver,2025-02-01
CL-07010,regular,silver,2025-09-27
CL-07011,new,none,2024-08-01
CL-07012,sleeping,none,2024-10-02
CL-07013,new,gold,2024-12-07
CL-07014,regular,none,2025-06-21
CL-07015,new,none,2025-05-24
CL-07016,sleeping,silver,2024-04-08
CL-07017,regular,silver,2024-06-05
CL-07018,new,none,2025-09-13
CL-07019,new,none,2025-05-26
CL-07020,regular,gold,2025-01-28
CL-07021,sleeping,gold,2024-11-15
CL-07022,sleeping,silver,2026-01-07
CL-07023,new,gold,2025-11-01
CL-07024,regular,none,2024-11-04
CL-07025,new,silver,2024-09-24
CL-07026,regular,silver,2025-10-25
CL-07027,regular,gold,2024-09-19
CL-07028,new,gold,2024-11-09
CL-07029,regular,none,2025-11-27
CL-07030,sleeping,none,2024-03-22
CL-07031,new,gold,2025-06-18
CL-07032,new,none,2025-06-06
CL-07033,new,silver,2024-10-15
CL-07034,new,silver,2024-05-19
CL-07035,new,none,2025-10-16
CL-07036,regular,silver,2025-08-30
CL-07037,new,silver,2025-10-14
CL-07038,regular,gold,2024-09-11
CL-07039,sleeping,none,2026-01-01
CL-07040,sleeping,none,2025-07-28
CL-07041,regular,none,2024-07-01
CL-07042,new,none,2024-12-31
CL-07043,new,silver,2024-08-28
CL-07044,new,none,2025-02-12
CL-07045,sleeping,none,2024-05-23
CL-07046,sleeping,platinum,2025-07-12
CL-07047,regular,none,2024-12-15
CL-07048,new,none,2025-05-20
CL-07049,regular,gold,2025-05-02
CL-07050,new,silver,2025-05-19
CL-07051,sleeping,none,2025-07-31
CL-07052,new,platinum,2025-05-15
CL-07053,regular,silver,2025-01-26
CL-07054,regular,none,2025-03-20
CL-07055,new,none,2025-04-24
CL-07056,regular,platinum,2025-09-05
CL-07057,vip,none,2024-12-27
CL-07058,new,gold,2024-08-16
CL-07059,regular,none,2024-07-10
CL-07060,regular,none,2024-05-17
CL-07061,new,gold,2025-04-03
CL-07062,new,platinum,2025-07-12
CL-07063,new,none,2024-08-29
CL-07064,new,none,2025-02-14
CL-07065,regular,silver,2024-10-09
CL-07066,vip,silver,2025-11-15
CL-07067,regular,silver,2025-11-19
CL-07068,sleeping,none,2026-01-03
CL-07069,regular,platinum,2025-10-16
CL-07070,regular,none,2025-10-21
CL-07071,regular,none,2025-02-27
CL-07072,new,none,2025-02-20
CL-07073,new,none,2024-08-17
CL-07074,regular,silver,2025-07-27
CL-07075,regular,none,2024-08-31
CL-07076,regular,silver,2024-09-11
CL-07077,new,none,2025-12-19
CL-07078,sleeping,none,2024-01-12
CL-07079,new,gold,2024-03-30
CL-07080,sleeping,silver,2025-08-16
CL-07081,vip,none,2025-06-04
CL-07082,vip,none,2025-08-16
CL-07083,regular,silver,2024-12-20
CL-07084,new,gold,2024-01-07
CL-07085,regular,silver,2024-08-14
CL-07086,regular,gold,2025-10-18
CL-07087,regular,none,2025-05-21
CL-07088,new,platinum,2025-10-31
CL-07089,new,none,2024-01-08
CL-07090,new,none,2024-08-31
CL-07091,regular,silver,2025-06-06
CL-07092,regular,none,2024-01-14
CL-07093,vip,silver,2024-12-07
CL-07094,regular,none,2025-10-27
CL-07095,regular,silver,2024-05-02
CL-07096,new,gold,2024-02-23
CL-07097,regular,silver,2025-04-29
CL-07098,new,silver,2024-06-25
CL-07099,new,none,2024-05-19
CL-07100,new,gold,2025-02-16
CL-07101,new,silver,2025-04-05
CL-07102,new,silver,2025-09-12
CL-07103,regular,none,2024-03-20
CL-07104,new,none,2025-08-17
CL-07105,new,none,2025-05-24
CL-07106,new,silver,2025-06-01
CL-07107,regular,gold,2024-06-30
CL-07108,regular,platinum,2025-09-21
CL-07109,new,silver,2024-04-03
CL-07110,new,silver,2025-06-04
CL-07111,sleeping,gold,2024-04-12
CL-07112,regular,none,2025-04-29
CL-07113,regular,silver,2024-12-09
CL-07114,regular,silver,2024-05-07
CL-07115,vip,none,2024-05-27
CL-07116,sleeping,none,2024-11-30
CL-07117,regular,none,2024-10-05
CL-07118,regular,silver,2024-12-09
CL-07119,new,none,2024-11-25
CL-07120,regular,none,2024-01-15
CL-07121,regular,none,2024-11-22
CL-07122,new,gold,2024-11-04
CL-07123,sleeping,gold,2024-10-24
CL-07124,vip,gold,2024-06-21
CL-07125,new,gold,2024-05-26
CL-07126,sleeping,none,2024-03-09
CL-07127,new,none,2025-04-19
CL-07128,regular,silver,2025-02-19
CL-07129,vip,silver,2025-09-09
CL-07130,new,silver,2024-06-29
CL-07131,regular,none,2024-11-05
CL-07132,regular,platinum,2024-05-24
CL-07133,new,none,2025-12-15
CL-07134,regular,silver,2025-08-20
CL-07135,new,gold,2024-04-23
CL-07136,regular,silver,2025-09-07
CL-07137,new,gold,2025-12-02
CL-07138,new,silver,2025-05-17
CL-07139,regular,gold,2026-01-22
CL-07140,new,gold,2024-05-24
CL-07141,regular,none,2024-08-07
CL-07142,regular,none,2025-04-25
CL-07143,regular,gold,2025-02-13
CL-07144,new,silver,2025-06-26
CL-07145,vip,silver,2026-01-03
CL-07146,regular,silver,2024-06-26
CL-07147,new,none,2025-10-25
CL-07148,regular,silver,2024-04-11
CL-07149,regular,platinum,2024-12-15
CL-07150,regular,none,2024-11-25
CL-07151,regular,none,2025-09-04
CL-07152,regular,none,2024-11-18
CL-07153,sleeping,silver,2025-09-23
CL-07154,regular,none,2024-04-26
CL-07155,vip,silver,2026-01-24
CL-07156,regular,none,2024-05-25
CL-07157,vip,none,2025-03-25
CL-07158,sleeping,none,2025-01-14
CL-07159,new,none,2024-03-09
CL-07160,new,gold,2025-02-04
CL-07161,regular,gold,2025-10-25
CL-07162,regular,gold,2025-02-12
CL-07163,regular,gold,2025-06-18
CL-07164,regular,none,2026-01-16
CL-07165,sleeping,gold,2024-08-18
CL-07166,regular,silver,2024-01-31
CL-07167,regular,gold,2025-06-07
CL-07168,new,silver,2025-08-20
CL-07169,regular,none,2024-04-18
CL-07170,new,none,2024-09-24
CL-07171,regular,none,2024-09-29
CL-07172,regular,silver,2025-07-26
CL-07173,regular,silver,2025-10-27
CL-07174,regular,platinum,2025-07-12
CL-07175,regular,none,2024-08-13
CL-07176,new,silver,2025-04-16
CL-07177,new,silver,2024-07-23
CL-07178,sleeping,none,2025-04-24
CL-07179,sleeping,none,2026-01-03
CL-07180,new,silver,2025-05-19
CL-07181,new,silver,2025-08-19
CL-07182,regular,none,2025-07-22
CL-07183,regular,none,2024-12-28
CL-07184,regular,none,2024-04-10
CL-07185,new,gold,2026-01-11
CL-07186,regular,gold,2024-10-01
CL-07187,new,none,2025-11-04
CL-07188,new,silver,2025-10-01
CL-07189,new,gold,2025-06-03
CL-07190,regular,none,2025-02-20
CL-07191,regular,none,2024-07-27
CL-07192,new,none,2024-04-14
CL-07193,regular,none,2025-10-25
CL-07194,regular,gold,2025-12-31
CL-07195,regular,gold,2025-05-26
CL-07196,sleeping,silver,2026-01-20
CL-07197,new,none,2024-06-13
CL-07198,sleeping,gold,2025-01-24
CL-07199,regular,none,2024-05-12
CL-07200,regular,none,2025-02-09
CL-07201,regular,none,2025-11-08
CL-07202,new,gold,2024-08-09
CL-07203,new,silver,2024-11-15
CL-07204,sleeping,silver,2025-01-27
CL-07205,regular,silver,2024-12-18
CL-07206,regular,none,2026-01-06
CL-07207,regular,none,2024-11-20
CL-07208,new,gold,2024-07-12
CL-07209,new,gold,2024-09-05
CL-07210,regular,silver,2024-08-19
CL-07211,regular,none,2024-08-27
CL-07212,regular,platinum,2025-11-13
CL-07213,regular,none,2025-01-24
CL-07214,regular,none,2024-10-19
CL-07215,vip,none,2024-04-17
CL-07216,new,none,2026-01-09
CL-07217,regular,silver,2024-04-26
CL-07218,regular,silver,2024-09-22
CL-07219,new,none,2025-06-15
CL-07220,new,none,2024-01-04
CL-07221,new,silver,2024-08-28
CL-07222,new,silver,2025-12-25
CL-07223,regular,none,2024-01-19
CL-07224,new,none,2024-06-29
CL-07225,regular,gold,2024-03-06
CL-07226,new,platinum,2025-06-11
CL-07227,new,none,2024-01-09
CL-07228,new,silver,2024-02-06
CL-07229,new,gold,2024-12-25
CL-07230,sleeping,none,2025-07-22
CL-07231,new,gold,2025-11-18
CL-07232,new,silver,2024-06-16
CL-07233,new,silver,2025-03-10
CL-07234,regular,silver,2025-08-31
CL-07235,regular,none,2025-07-08
CL-07236,regular,gold,2026-01-04
CL-07237,regular,silver,2024-02-27
CL-07238,regular,none,2024-02-04
CL-07239,regular,silver,2025-06-05
CL-07240,vip,platinum,2024-10-06
CL-07241,regular,gold,2025-07-15
CL-07242,new,silver,2025-06-27
CL-07243,regular,none,2024-12-02
CL-07244,vip,none,2026-01-27
CL-07245,regular,none,2025-11-01
CL-07246,sleeping,gold,2024-10-02
CL-07247,vip,gold,2024-01-04
CL-07248,new,gold,2026-01-26
CL-07249,regular,none,2026-01-05
CL-07250,regular,platinum,2025-11-14
CL-07251,regular,platinum,2024-02-12
CL-07252,regular,silver,2025-06-30
CL-07253,vip,gold,2025-12-31
CL-07254,regular,silver,2024-10-17
CL-07255,regular,none,2025-07-27
CL-07256,new,none,2025-02-12
CL-07257,regular,none,2024-12-18
CL-07258,sleeping,none,2025-07-01
CL-07259,regular,silver,2025-03-17
CL-07260,new,none,2025-06-05
CL-07261,sleeping,none,2024-06-19
CL-07262,vip,none,2024-08-07
CL-07263,regular,silver,2025-05-01
CL-07264,new,platinum,2025-02-27
CL-07265,regular,silver,2024-10-18
CL-07266,new,gold,2025-09-26
CL-07267,new,platinum,2024-09-16
CL-07268,regular,silver,2024-12-27
CL-07269,sleeping,silver,2024-08-28
CL-07270,regular,silver,2025-03-06
CL-07271,vip,platinum,2025-03-03
CL-07272,sleeping,none,2024-09-05
CL-07273,new,gold,2025-08-10
CL-07274,new,silver,2024-05-01
CL-07275,regular,none,2025-08-08
CL-07276,regular,silver,2024-02-20
CL-07277,regular,gold,2024-07-09
CL-07278,regular,gold,2024-11-04
CL-07279,regular,gold,2024-11-17
CL-07280,regular,silver,2025-04-25
CL-07281,regular,silver,2025-12-14
CL-07282,new,platinum,2025-07-31
CL-07283,new,none,2025-02-17
CL-07284,new,none,2024-03-04
CL-07285,sleeping,silver,2026-01-24
CL-07286,sleeping,silver,2024-08-30
CL-07287,regular,silver,2025-04-16
CL-07288,new,gold,2025-09-06
CL-07289,regular,none,2025-06-15
CL-07290,new,gold,2024-03-26
CL-07291,regular,silver,2024-07-16
CL-07292,new,platinum,2026-01-24
CL-07293,vip,none,2025-08-06
CL-07294,new,silver,2025-04-25
CL-07295,regular,gold,2024-12-04
CL-07296,sleeping,silver,2025-12-15
CL-07297,regular,none,2025-07-06
CL-07298,new,none,2025-07-09
CL-07299,sleeping,none,2025-11-27
CL-07300,regular,silver,2026-01-02
CL-07301,regular,silver,2025-10-15
CL-07302,regular,silver,2025-05-20
CL-07303,vip,silver,2024-06-22
CL-07304,regular,none,2024-07-22
CL-07305,regular,none,2024-04-27
CL-07306,regular,gold,2025-08-31
CL-07307,new,gold,2024-09-11
CL-07308,regular,silver,2024-06-20
CL-07309,new,silver,2025-07-05
CL-07310,regular,platinum,2025-03-05
CL-07311,regular,platinum,2024-07-05
CL-07312,new,silver,2024-10-10
CL-07313,regular,none,2024-12-31
CL-07314,regular,none,2025-08-30
CL-07315,new,silver,2024-01-06
CL-07316,new,silver,2025-07-31
CL-07317,vip,none,2024-02-29
CL-07318,sleeping,none,2025-10-18
CL-07319,regular,platinum,2024-03-30
CL-07320,new,none,2024-07-06
CL-07321,new,gold,2024-10-07
CL-07322,new,gold,2026-01-28
CL-07323,regular,silver,2024-10-29
CL-07324,sleeping,none,2025-09-04
CL-07325,regular,gold,2024-07-13
CL-07326,new,silver,2024-10-20
CL-07327,sleeping,none,2025-01-28
CL-07328,regular,silver,2024-04-07
CL-07329,new,none,2024-01-23
CL-07330,regular,silver,2024-09-22
CL-07331,new,gold,2025-08-20
CL-07332,sleeping,silver,2024-03-21
CL-07333,regular,platinum,2025-09-13
CL-07334,regular,silver,2025-04-12
CL-07335,regular,gold,2024-07-27
CL-07336,sleeping,gold,2024-03-26
CL-07337,regular,none,2025-02-22
CL-07338,regular,gold,2024-11-23
CL-07339,new,gold,2024-03-23
CL-07340,sleeping,none,2025-05-22
CL-07341,regular,gold,2025-09-28
CL-07342,new,none,2024-12-10
CL-07343,vip,none,2024-12-09
CL-07344,new,none,2025-11-01
CL-07345,new,silver,2024-10-21
CL-07346,regular,none,2024-07-02
CL-07347,new,none,2025-10-05
CL-07348,regular,platinum,2025-02-02
CL-07349,new,silver,2025-12-13
CL-07350,new,gold,2025-11-25
CL-07351,new,none,2025-09-08
CL-07352,new,none,2024-09-25
CL-07353,sleeping,gold,2025-06-29
CL-07354,regular,none,2024-12-25
CL-07355,regular,silver,2025-08-03
CL-07356,regular,platinum,2025-12-09
CL-07357,regular,none,2025-07-10
CL-07358,new,silver,2025-01-14
CL-07359,new,silver,2026-01-24
CL-07360,regular,none,2025-10-18
CL-07361,regular,silver,2024-07-05
CL-07362,regular,silver,2025-12-15
CL-07363,sleeping,none,2024-12-30
CL-07364,vip,silver,2024-07-13
CL-07365,new,silver,2024-08-12
CL-07366,new,silver,2025-08-20
CL-07367,new,platinum,2024-10-19
CL-07368,regular,gold,2025-05-11
CL-07369,sleeping,none,2024-12-04
CL-07370,sleeping,platinum,2026-01-19
CL-07371,new,gold,2024-04-13
CL-07372,vip,none,2025-03-21
CL-07373,regular,none,2024-09-27
CL-07374,vip,none,2025-08-25
CL-07375,regular,none,2025-12-17
CL-07376,new,silver,2024-09-19
CL-07377,new,none,2025-11-20
CL-07378,sleeping,platinum,2025-04-05
CL-07379,regular,silver,2024-02-11
CL-07380,regular,none,2025-08-14
CL-07381,regular,platinum,2025-02-23
CL-07382,regular,silver,2026-01-04
CL-07383,sleeping,none,2024-12-14
CL-07384,new,none,2024-07-10
CL-07385,new,silver,2024-05-11
CL-07386,regular,silver,2024-02-29
CL-07387,regular,silver,2025-06-20
CL-07388,new,gold,2026-01-11
CL-07389,new,silver,2025-05-06
CL-07390,new,gold,2025-04-03
CL-07391,new,silver,2024-01-22
CL-07392,new,silver,2024-01-14
CL-07393,new,none,2025-01-14
CL-07394,regular,silver,2025-01-30
CL-07395,vip,silver,2024-11-19
CL-07396,sleeping,silver,2025-12-12
CL-07397,regular,none,2024-09-07
CL-07398,new,silver,2026-01-18
CL-07399,sleeping,none,2024-07-19
CL-07400,regular,silver,2024-09-04
CL-07401,regular,none,2024-08-15
CL-07402,new,gold,2025-08-17
CL-07403,new,none,2024-09-08
CL-07404,regular,silver,2024-12-14
CL-07405,regular,silver,2024-03-25
CL-07406,new,none,2024-10-29
CL-07407,sleeping,gold,2024-05-31
CL-07408,regular,gold,2025-07-30
CL-07409,regular,gold,2025-09-09
CL-07410,new,platinum,2024-07-24
CL-07411,regular,silver,2026-01-20
CL-07412,regular,gold,2024-11-20
CL-07413,new,gold,2025-09-26
CL-07414,regular,gold,2024-07-06
CL-07415,regular,gold,2025-10-14
CL-07416,vip,silver,2024-04-18
CL-07417,new,silver,2024-10-01
CL-07418,vip,silver,2024-10-15
CL-07419,regular,silver,2024-05-21
CL-07420,new,silver,2025-12-30
CL-07421,new,none,2024-08-11
CL-07422,new,silver,2024-11-14
CL-07423,new,silver,2024-01-13
CL-07424,regular,none,2025-06-03
CL-07425,regular,none,2024-05-16
CL-07426,new,none,2024-08-04
CL-07427,sleeping,silver,2025-11-27
CL-07428,new,none,2025-10-19
CL-07429,regular,none,2024-03-28
CL-07430,sleeping,none,2025-04-19
CL-07431,vip,none,2025-07-21
CL-07432,regular,none,2025-12-23
CL-07433,regular,none,2024-07-02
CL-07434,new,silver,2024-09-04
CL-07435,new,silver,2024-06-29
CL-07436,regular,platinum,2025-02-12
CL-07437,new,none,2025-04-03
CL-07438,regular,none,2024-05-25
CL-07439,new,none,2024-01-18
CL-07440,sleeping,silver,2024-04-13
CL-07441,sleeping,none,2024-06-07
CL-07442,vip,none,2025-03-20
CL-07443,regular,silver,2024-06-01
CL-07444,new,none,2025-09-02
CL-07445,new,silver,2025-05-03
CL-07446,regular,silver,2024-05-31
CL-07447,regular,gold,2026-01-22
CL-07448,regular,none,2025-06-18
CL-07449,regular,none,2025-10-23
CL-07450,regular,silver,2025-05-25
CL-07451,new,none,2025-05-16
CL-07452,new,none,2025-01-01
CL-07453,regular,silver,2025-05-13
CL-07454,regular,none,2025-08-05
CL-07455,sleeping,none,2026-01-19
CL-07456,regular,silver,2025-03-27
CL-07457,regular,gold,2025-07-26
CL-07458,vip,none,2025-12-20
CL-07459,new,silver,2025-04-08
CL-07460,regular,platinum,2025-08-03
CL-07461,regular,none,2024-05-23
CL-07462,regular,silver,2025-11-04
CL-07463,new,none,2026-01-14
CL-07464,sleeping,platinum,2024-10-01
CL-07465,sleeping,none,2025-11-05
CL-07466,new,none,2025-09-08
CL-07467,new,platinum,2024-06-26
CL-07468,new,silver,2026-01-23
CL-07469,regular,none,2025-03-20
CL-07470,regular,gold,2024-05-04
CL-07471,new,gold,2024-03-23
CL-07472,vip,silver,2025-01-23
CL-07473,regular,none,2025-01-30
CL-07474,regular,none,2025-10-17
CL-07475,regular,platinum,2025-01-22
CL-07476,regular,none,2024-10-28
CL-07477,regular,none,2024-08-28
CL-07478,new,none,2025-01-21
CL-07479,regular,none,2024-07-21
CL-07480,sleeping,silver,2025-07-22
CL-07481,regular,none,2024-04-13
CL-07482,sleeping,none,2025-09-18
CL-07483,regular,none,2024-06-13
CL-07484,regular,none,2024-05-31
CL-07485,new,none,2026-01-10
CL-07486,regular,none,2024-10-24
CL-07487,new,silver,2025-05-31
CL-07488,new,none,2024-10-26
CL-07489,new,none,2026-01-16
CL-07490,new,silver,2024-04-26
CL-07491,sleeping,silver,2024-12-19
CL-07492,sleeping,silver,2024-03-10
CL-07493,regular,platinum,2025-03-10
CL-07494,new,none,2025-07-19
CL-07495,sleeping,none,2024-12-22
CL-07496,regular,none,2025-10-09
CL-07497,new,none,2025-08-06
CL-07498,regular,platinum,2025-12-24
CL-07499,regular,silver,2026-01-26
CL-07500,new,gold,2025-12-27
CL-07501,regular,platinum,2024-11-25
CL-07502,regular,gold,2026-01-25
CL-07503,new,silver,2025-05-17
CL-07504,regular,gold,2024-03-04
CL-07505,regular,silver,2024-03-03
CL-07506,regular,none,2024-10-28
CL-07507,sleeping,silver,2025-02-26
CL-07508,vip,gold,2024-03-03
CL-07509,regular,gold,2025-03-14
CL-07510,regular,silver,2025-05-30
CL-07511,regular,gold,2025-06-10
CL-07512,regular,silver,2026-01-09
CL-07513,new,silver,2024-10-03
CL-07514,regular,none,2024-01-28
CL-07515,regular,none,2025-12-28
CL-07516,regular,none,2025-02-04
CL-07517,vip,gold,2025-04-24
CL-07518,regular,platinum,2025-02-09
CL-07519,regular,none,2025-01-05
CL-07520,new,none,2024-05-04
CL-07521,new,none,2025-03-04
CL-07522,regular,gold,2025-09-25
CL-07523,regular,silver,2024-03-27
CL-07524,new,silver,2024-10-26
CL-07525,new,none,2025-12-11
CL-07526,new,none,2024-11-15
CL-07527,regular,gold,2024-05-02
CL-07528,regular,silver,2026-01-01
CL-07529,regular,none,2024-04-14
CL-07530,new,none,2024-07-07
CL-07531,new,none,2024-12-19
CL-07532,new,none,2024-10-19
CL-07533,regular,none,2024-11-12
CL-07534,new,silver,2025-08-08
CL-07535,new,none,2025-02-27
CL-07536,sleeping,none,2024-12-30
CL-07537,regular,silver,2025-06-18
CL-07538,vip,none,2025-04-03
CL-07539,new,silver,2025-04-22
CL-07540,new,gold,2024-12-29
CL-07541,sleeping,none,2025-02-25
CL-07542,regular,gold,2024-08-03
CL-07543,regular,none,2024-11-10
CL-07544,sleeping,none,2024-05-03
CL-07545,regular,none,2024-03-03
CL-07546,new,silver,2025-10-08
CL-07547,regular,silver,2025-09-05
CL-07548,new,gold,2024-07-28
CL-07549,new,none,2024-12-16
CL-07550,new,silver,2026-01-27
CL-07551,sleeping,none,2025-02-07
CL-07552,regular,none,2024-01-08
CL-07553,new,silver,2025-03-14
CL-07554,new,none,2025-11-01
CL-07555,regular,none,2024-06-24
CL-07556,sleeping,silver,2025-12-20
CL-07557,new,silver,2025-08-02
CL-07558,new,silver,2024-02-14
CL-07559,vip,none,2026-01-20
CL-07560,sleeping,none,2025-04-21
CL-07561,sleeping,none,2024-06-13
CL-07562,new,none,2025-08-17
CL-07563,new,none,2025-09-16
CL-07564,regular,none,2025-04-12
CL-07565,new,none,2026-01-02
CL-07566,sleeping,silver,2025-10-30
CL-07567,new,none,2024-08-24
CL-07568,regular,none,2024-04-10
CL-07569,sleeping,none,2025-09-05
CL-07570,sleeping,none,2025-12-22
CL-07571,regular,gold,2024-08-11
CL-07572,sleeping,none,2025-02-22
CL-07573,new,none,2025-01-22
CL-07574,regular,gold,2024-09-18
CL-07575,new,none,2025-02-13
CL-07576,sleeping,none,2025-02-03
CL-07577,sleeping,gold,2026-01-18
CL-07578,new,silver,2024-09-14
CL-07579,new,platinum,2024-04-23
CL-07580,regular,gold,2024-12-12
CL-07581,new,silver,2024-04-17
CL-07582,vip,none,2024-04-28
CL-07583,new,silver,2025-04-27
CL-07584,regular,none,2025-10-03
CL-07585,regular,silver,2024-03-28
CL-07586,regular,gold,2024-10-23
CL-07587,new,none,2024-05-19
CL-07588,sleeping,gold,2024-12-20
CL-07589,regular,silver,2025-03-24
CL-07590,regular,none,2025-11-22
CL-07591,regular,gold,2025-11-10
CL-07592,sleeping,silver,2025-11-20
CL-07593,vip,silver,2024-11-17
CL-07594,vip,silver,2025-08-21
CL-07595,regular,none,2024-08-08
CL-07596,sleeping,none,2024-01-23
CL-07597,new,silver,2025-12-07
CL-07598,regular,gold,2025-11-19
CL-07599,regular,silver,2024-05-17
CL-07600,regular,gold,2024-05-23
CL-07601,sleeping,gold,2025-11-20
CL-07602,sleeping,none,2024-11-29
CL-07603,regular,gold,2025-08-23
CL-07604,regular,gold,2025-11-17
CL-07605,sleeping,none,2025-02-18
CL-07606,sleeping,silver,2024-03-13
CL-07607,regular,silver,2025-04-01
CL-07608,new,platinum,2024-04-11
CL-07609,new,platinum,2025-06-06
CL-07610,sleeping,silver,2025-03-13
CL-07611,regular,gold,2024-11-28
CL-07612,regular,silver,2024-12-21
CL-07613,regular,gold,2026-01-01
CL-07614,regular,silver,2024-10-23
CL-07615,regular,platinum,2025-10-07
CL-07616,vip,platinum,2025-09-07
CL-07617,new,none,2026-01-27
CL-07618,regular,platinum,2025-11-10
CL-07619,regular,silver,2025-04-17
CL-07620,vip,none,2026-01-23
CL-07621,new,none,2025-06-16
CL-07622,regular,silver,2024-04-03
CL-07623,new,none,2024-03-14
CL-07624,new,none,2025-05-28
CL-07625,regular,silver,2025-02-06
CL-07626,new,none,2025-10-24
CL-07627,sleeping,silver,2025-02-12
CL-07628,sleeping,gold,2024-07-01
CL-07629,new,none,2025-10-13
CL-07630,vip,silver,2024-12-30
CL-07631,regular,none,2025-12-26
CL-07632,regular,gold,2024-01-06
CL-07633,sleeping,none,2024-01-14
CL-07634,regular,gold,2024-04-12
CL-07635,new,silver,2025-12-28
CL-07636,new,gold,2024-04-05
CL-07637,regular,silver,2025-06-25
CL-07638,sleeping,silver,2025-06-21
CL-07639,regular,none,2025-10-30
CL-07640,regular,silver,2025-04-17
CL-07641,new,silver,2024-01-16
CL-07642,sleeping,silver,2024-01-30
CL-07643,new,none,2024-01-11
CL-07644,regular,silver,2025-03-28
CL-07645,regular,silver,2024-11-22
CL-07646,new,silver,2024-02-21
CL-07647,new,silver,2024-01-16
CL-07648,regular,none,2024-06-02
CL-07649,new,silver,2024-12-30
CL-07650,regular,none,2025-11-16
CL-07651,vip,gold,2025-09-20
CL-07652,new,gold,2024-12-05
CL-07653,regular,none,2024-08-05
CL-07654,new,none,2025-08-16
CL-07655,new,silver,2025-12-13
CL-07656,regular,gold,2024-08-26
CL-07657,regular,none,2025-01-13
CL-07658,regular,silver,2024-03-25
CL-07659,new,none,2024-04-08
CL-07660,regular,gold,2025-11-06
CL-07661,regular,none,2024-06-20
CL-07662,sleeping,gold,2024-05-04
CL-07663,regular,silver,2024-08-30
CL-07664,sleeping,gold,2024-09-22
CL-07665,new,platinum,2024-06-03
CL-07666,regular,silver,2025-06-16
CL-07667,regular,silver,2025-03-12
CL-07668,regular,silver,2025-03-25
CL-07669,regular,gold,2026-01-18
CL-07670,regular,silver,2025-12-06
CL-07671,sleeping,none,2024-08-02
CL-07672,new,platinum,2026-01-20
CL-07673,sleeping,none,2025-05-30
CL-07674,regular,platinum,2024-04-21
CL-07675,regular,none,2024-08-30
CL-07676,regular,silver,2024-06-21
CL-07677,new,platinum,2025-08-30
CL-07678,sleeping,silver,2025-04-30
CL-07679,sleeping,silver,2025-08-15
CL-07680,sleeping,none,2024-04-21
CL-07681,sleeping,none,2025-01-26
CL-07682,regular,none,2025-02-16
CL-07683,regular,silver,2025-06-01
CL-07684,vip,silver,2024-10-10
CL-07685,new,none,2024-02-17
CL-07686,vip,none,2025-11-05
CL-07687,regular,platinum,2024-11-20
CL-07688,regular,gold,2025-11-28
CL-07689,regular,silver,2024-11-10
CL-07690,regular,platinum,2024-07-15
CL-07691,new,silver,2024-12-18
CL-07692,regular,none,2024-03-13
CL-07693,regular,none,2025-02-28
CL-07694,new,gold,2026-01-23
CL-07695,new,none,2024-07-13
CL-07696,regular,none,2024-04-23
CL-07697,new,platinum,2024-04-13
CL-07698,vip,silver,2024-05-11
CL-07699,new,gold,2024-10-25
CL-07700,regular,silver,2024-07-10
CL-07701,new,silver,2025-06-26
CL-07702,regular,none,2024-09-16
CL-07703,regular,gold,2024-10-02
CL-07704,regular,none,2024-04-22
CL-07705,regular,none,2025-03-11
CL-07706,regular,platinum,2024-09-01
CL-07707,new,none,2025-06-20
CL-07708,regular,none,2024-01-17
CL-07709,regular,none,2025-05-03
CL-07710,regular,gold,2025-08-31
CL-07711,regular,platinum,2025-06-24
CL-07712,regular,none,2024-07-19
CL-07713,regular,none,2025-06-13
CL-07714,new,silver,2025-09-13
CL-07715,new,silver,2025-02-04
CL-07716,new,none,2025-05-06
CL-07717,regular,none,2025-09-12
CL-07718,vip,silver,2024-12-31
CL-07719,regular,none,2024-04-23
CL-07720,regular,gold,2026-01-08
CL-07721,new,none,2024-09-05
CL-07722,vip,gold,2024-10-20
CL-07723,new,silver,2025-04-10
CL-07724,regular,silver,2024-05-15
CL-07725,vip,gold,2024-09-20
CL-07726,regular,none,2025-03-14
CL-07727,new,none,2025-07-11
CL-07728,new,silver,2024-04-16
CL-07729,regular,gold,2025-09-21
CL-07730,new,gold,2024-07-29
CL-07731,regular,none,2025-11-25
CL-07732,regular,gold,2025-11-20
CL-07733,new,none,2025-06-24
CL-07734,new,none,2025-11-09
CL-07735,vip,none,2024-05-01
CL-07736,regular,gold,2024-12-19
CL-07737,regular,silver,2024-04-17
CL-07738,regular,silver,2024-12-29
CL-07739,new,silver,2025-03-18
CL-07740,regular,none,2025-03-06
CL-07741,regular,none,2024-02-27
CL-07742,regular,none,2024-03-04
CL-07743,vip,none,2026-01-28
CL-07744,sleeping,silver,2024-07-11
CL-07745,regular,none,2025-01-10
CL-07746,regular,gold,2025-03-16
CL-07747,regular,gold,2024-05-01
CL-07748,regular,gold,2024-09-01
CL-07749,new,none,2025-04-02
CL-07750,vip,silver,2024-06-11
CL-07751,vip,none,2025-08-25
CL-07752,new,none,2025-05-06
CL-07753,sleeping,silver,2026-01-21
CL-07754,vip,silver,2025-03-06
CL-07755,regular,silver,2025-08-31
CL-07756,sleeping,gold,2024-09-05
CL-07757,new,none,2025-06-11
CL-07758,new,platinum,2025-12-13
CL-07759,new,none,2025-09-16
CL-07760,regular,platinum,2025-08-14
CL-07761,regular,silver,2024-12-08
CL-07762,sleeping,none,2025-03-29
CL-07763,new,none,2025-03-26
CL-07764,new,none,2024-06-08
CL-07765,regular,gold,2024-07-18
CL-07766,new,none,2025-05-07
CL-07767,regular,gold,2025-04-28
CL-07768,regular,none,2025-06-06
CL-07769,sleeping,platinum,2025-04-03
CL-07770,regular,none,2025-03-17
CL-07771,new,silver,2025-01-30
CL-07772,new,gold,2025-04-29
CL-07773,new,none,2024-10-02
CL-07774,sleeping,none,2024-05-03
CL-07775,regular,silver,2025-05-29
CL-07776,regular,silver,2024-09-11
CL-07777,new,gold,2025-07-29
CL-07778,vip,none,2025-11-07
CL-07779,new,gold,2024-10-24
CL-07780,regular,gold,2024-04-14
CL-07781,regular,gold,2024-01-01
CL-07782,new,none,2025-03-24
CL-07783,regular,none,2025-11-01
CL-07784,new,platinum,2025-11-13
CL-07785,regular,silver,2025-11-14
CL-07786,sleeping,silver,2024-01-11
CL-07787,regular,gold,2024-02-11
CL-07788,vip,none,2026-01-05
CL-07789,regular,gold,2025-05-27
CL-07790,new,silver,2025-11-02
CL-07791,regular,gold,2026-01-14
CL-07792,regular,gold,2025-06-27
CL-07793,new,silver,2024-10-31
CL-07794,regular,none,2025-06-22
CL-07795,regular,gold,2025-04-21
CL-07796,regular,gold,2025-10-21
CL-07797,new,none,2025-10-16
CL-07798,vip,platinum,2024-05-09
CL-07799,regular,none,2025-10-31
CL-07800,new,none,2025-06-15
CL-07801,new,platinum,2025-07-12
CL-07802,vip,silver,2024-09-18
CL-07803,regular,gold,2025-01-04
CL-07804,regular,gold,2025-10-27
CL-07805,new,silver,2024-04-15
CL-07806,regular,none,2025-02-09
CL-07807,regular,gold,2026-01-04
CL-07808,new,silver,2025-08-05
CL-07809,sleeping,silver,2024-04-23
CL-07810,new,silver,2024-05-06
CL-07811,new,none,2025-01-17
CL-07812,regular,none,2024-07-02
CL-07813,regular,silver,2025-10-31
CL-07814,new,gold,2025-09-29
CL-07815,regular,silver,2025-12-25
CL-07816,new,none,2024-10-27
CL-07817,regular,silver,2024-08-05
CL-07818,regular,gold,2025-02-05
CL-07819,sleeping,none,2024-03-28
CL-07820,regular,silver,2025-07-05
CL-07821,regular,silver,2025-10-22
CL-07822,regular,silver,2024-05-08
CL-07823,new,silver,2024-05-30
CL-07824,new,gold,2024-08-17
CL-07825,sleeping,none,2025-08-31
CL-07826,new,none,2024-09-04
CL-07827,regular,none,2025-07-08
CL-07828,new,silver,2025-11-27
CL-07829,vip,gold,2024-11-29
CL-07830,new,silver,2024-04-14
CL-07831,sleeping,platinum,2025-11-27
CL-07832,regular,silver,2024-10-09
CL-07833,new,none,2025-03-31
CL-07834,regular,none,2025-12-30
CL-07835,regular,silver,2025-11-13
CL-07836,new,silver,2025-09-26
CL-07837,new,silver,2024-09-25
CL-07838,regular,silver,2025-05-24
CL-07839,regular,silver,2024-09-10
CL-07840,new,none,2025-02-21
CL-07841,vip,silver,2024-09-13
CL-07842,new,silver,2025-09-29
CL-07843,new,gold,2025-07-24
CL-07844,regular,none,2025-12-20
CL-07845,new,gold,2024-07-21
CL-07846,new,none,2025-12-03
CL-07847,regular,none,2024-07-07
CL-07848,new,gold,2025-04-30
CL-07849,new,platinum,2024-05-12
CL-07850,regular,platinum,2025-07-07
CL-07851,regular,none,2025-08-11
CL-07852,vip,none,2025-08-12
CL-07853,regular,gold,2024-07-29
CL-07854,regular,gold,2025-09-07
CL-07855,new,silver,2024-04-30
CL-07856,regular,none,2025-07-11
CL-07857,new,silver,2024-12-23
CL-07858,new,none,2024-05-16
CL-07859,vip,none,2026-01-10
CL-07860,regular,silver,2025-07-31
CL-07861,regular,none,2024-04-21
CL-07862,new,silver,2024-10-23
CL-07863,new,silver,2025-07-14
CL-07864,regular,silver,2024-05-31
CL-07865,regular,none,2024-12-25
CL-07866,regular,gold,2024-03-18
CL-07867,new,silver,2024-01-18
CL-07868,new,gold,2024-07-01
CL-07869,regular,silver,2025-06-24
CL-07870,regular,silver,2025-01-20
CL-07871,new,platinum,2024-08-22
CL-07872,new,none,2024-07-06
CL-07873,new,none,2025-09-02
CL-07874,new,gold,2025-05-21
CL-07875,regular,silver,2025-10-18
CL-07876,new,none,2026-01-02
CL-07877,regular,platinum,2025-04-25
CL-07878,regular,none,2024-02-03
CL-07879,sleeping,silver,2025-12-13
CL-07880,sleeping,gold,2024-04-09
CL-07881,new,gold,2025-06-22
CL-07882,new,silver,2024-07-06
CL-07883,new,none,2025-08-05
CL-07884,regular,gold,2025-09-03
CL-07885,new,gold,2025-08-25
CL-07886,regular,none,2024-07-25
CL-07887,new,none,2025-05-02
CL-07888,new,silver,2024-05-25
CL-07889,regular,none,2025-11-05
CL-07890,regular,gold,2024-04-26
CL-07891,regular,gold,2025-10-01
CL-07892,sleeping,none,2024-04-23
CL-07893,new,gold,2024-08-07
CL-07894,new,gold,2025-07-01
CL-07895,regular,silver,2025-12-29
CL-07896,regular,platinum,2025-06-22
CL-07897,regular,none,2024-09-17
CL-07898,new,gold,2024-08-24
CL-07899,sleeping,none,2025-04-24
CL-07900,new,silver,2024-12-07
CL-07901,regular,silver,2024-06-06
CL-07902,regular,none,2025-04-22
CL-07903,sleeping,silver,2024-11-26
CL-07904,regular,silver,2026-01-11
CL-07905,sleeping,silver,2024-01-23
CL-07906,new,silver,2025-07-18
CL-07907,regular,none,2025-08-29
CL-07908,vip,none,2025-09-02
CL-07909,regular,none,2025-06-16
CL-07910,regular,platinum,2026-01-13
CL-07911,sleeping,gold,2024-08-23
CL-07912,new,silver,2024-10-16
CL-07913,regular,silver,2025-12-11
CL-07914,vip,silver,2024-02-22
CL-07915,sleeping,none,2025-09-20
CL-07916,sleeping,none,2025-07-21
CL-07917,sleeping,silver,2025-03-23
CL-07918,new,none,2024-04-02
CL-07919,sleeping,gold,2025-04-09
CL-07920,regular,none,2024-11-29
CL-07921,regular,silver,2024-03-07
CL-07922,regular,silver,2025-07-15
CL-07923,vip,silver,2025-09-09
CL-07924,regular,platinum,2025-02-28
CL-07925,vip,silver,2024-05-03
CL-07926,new,none,2024-10-06
CL-07927,new,silver,2025-02-14
CL-07928,regular,none,2025-01-25
CL-07929,new,none,2025-03-25
CL-07930,regular,silver,2024-07-05
CL-07931,new,none,2025-08-28
CL-07932,regular,none,2024-02-26
CL-07933,new,silver,2026-01-19
CL-07934,new,silver,2024-11-09
CL-07935,regular,gold,2025-09-22
CL-07936,new,none,2024-02-14
CL-07937,new,silver,2025-05-23
CL-07938,new,silver,2026-01-14
CL-07939,new,gold,2025-12-30
CL-07940,regular,none,2024-12-06
CL-07941,new,silver,2024-10-11
CL-07942,regular,silver,2025-11-01
CL-07943,regular,none,2025-04-29
CL-07944,regular,none,2025-12-24
CL-07945,regular,silver,2024-06-27
CL-07946,new,none,2024-12-07
CL-07947,sleeping,none,2024-08-25
CL-07948,regular,silver,2024-11-15
CL-07949,new,none,2025-10-25
CL-07950,sleeping,none,2025-11-10
CL-07951,regular,silver,2025-03-28
CL-07952,regular,gold,2024-01-27
CL-07953,sleeping,gold,2024-12-01
CL-07954,new,none,2025-01-05
CL-07955,vip,none,2025-06-26
CL-07956,regular,platinum,2024-07-23
CL-07957,regular,silver,2025-03-15
CL-07958,new,silver,2025-07-26
CL-07959,new,none,2025-03-08
CL-07960,sleeping,none,2025-09-27
CL-07961,new,none,2024-07-10
CL-07962,new,gold,2025-04-16
CL-07963,regular,gold,2024-12-12
CL-07964,regular,none,2024-11-05
CL-07965,new,silver,2024-11-18
CL-07966,vip,gold,2025-02-25
CL-07967,regular,gold,2025-01-24
CL-07968,vip,silver,2025-03-12
CL-07969,new,none,2025-12-30
CL-07970,new,platinum,2025-04-27
CL-07971,regular,none,2025-02-19
CL-07972,new,none,2025-12-01
CL-07973,regular,none,2024-06-29
CL-07974,new,silver,2024-07-08
CL-07975,regular,none,2024-03-29
CL-07976,sleeping,silver,2024-06-02
CL-07977,vip,platinum,2024-02-29
CL-07978,sleeping,silver,2024-05-24
CL-07979,sleeping,platinum,2025-05-13
CL-07980,regular,gold,2025-06-13
CL-07981,regular,gold,2025-05-07
CL-07982,sleeping,silver,2025-11-18
CL-07983,sleeping,gold,2025-10-13
CL-07984,sleeping,silver,2024-09-05
CL-07985,regular,none,2024-05-24
CL-07986,new,gold,2024-11-15
CL-07987,sleeping,silver,2025-12-05
CL-07988,sleeping,gold,2026-01-05
CL-07989,regular,none,2024-06-04
CL-07990,vip,none,2024-04-20
CL-07991,regular,gold,2025-07-14
CL-07992,sleeping,silver,2025-10-30
CL-07993,new,silver,2025-12-23
CL-07994,vip,gold,2025-12-30
CL-07995,new,silver,2024-08-02
CL-07996,new,none,2025-08-30
CL-07997,new,silver,2025-05-27
CL-07998,regular,none,2024-09-12
CL-07999,new,silver,2024-01-13
CL-08000,sleeping,none,2025-05-11
CL-08001,regular,none,2024-10-01
CL-08002,sleeping,platinum,2024-08-09
CL-08003,new,none,2024-01-08
CL-08004,new,gold,2024-04-01
CL-08005,regular,silver,2024-05-24
CL-08006,regular,none,2024-03-22
CL-08007,regular,platinum,2025-12-22
CL-08008,vip,none,2024-01-08
CL-08009,vip,silver,2024-10-22
CL-08010,regular,gold,2026-01-13
CL-08011,sleeping,gold,2024-03-30
CL-08012,regular,none,2025-05-12
CL-08013,regular,gold,2024-07-09
CL-08014,regular,platinum,2024-09-01
CL-08015,new,silver,2024-12-03
CL-08016,new,silver,2025-03-16
CL-08017,regular,none,2025-08-01
CL-08018,regular,none,2025-04-15
CL-08019,new,silver,2024-01-16
CL-08020,regular,none,2024-05-19
CL-08021,new,silver,2025-04-21
CL-08022,new,none,2024-08-07
CL-08023,sleeping,none,2024-02-15
CL-08024,regular,silver,2025-02-19
CL-08025,new,none,2024-08-28
CL-08026,regular,silver,2025-09-30
CL-08027,regular,silver,2025-11-07
CL-08028,regular,none,2024-04-08
CL-08029,sleeping,none,2025-08-13
CL-08030,regular,none,2025-10-14
CL-08031,regular,silver,2025-05-01
CL-08032,regular,none,2025-04-07
CL-08033,regular,silver,2024-12-18
CL-08034,new,silver,2025-01-07
CL-08035,new,none,2024-03-01
CL-08036,vip,none,2024-04-19
CL-08037,regular,none,2025-06-03
CL-08038,regular,none,2025-02-21
CL-08039,new,none,2024-05-12
CL-08040,vip,platinum,2024-09-25
CL-08041,new,none,2025-05-06
CL-08042,regular,none,2024-05-23
CL-08043,vip,gold,2024-06-09
CL-08044,regular,gold,2025-10-30
CL-08045,sleeping,silver,2024-12-14
CL-08046,new,silver,2024-12-16
CL-08047,regular,none,2024-02-25
CL-08048,sleeping,gold,2024-03-01
CL-08049,regular,silver,2025-05-08
CL-08050,regular,silver,2024-08-17
CL-08051,regular,none,2024-07-31
CL-08052,regular,silver,2024-05-17
CL-08053,sleeping,silver,2025-07-26
CL-08054,regular,none,2025-12-14
CL-08055,sleeping,silver,2024-07-17
CL-08056,regular,none,2024-07-03
CL-08057,regular,gold,2025-08-15
CL-08058,new,none,2025-01-19
CL-08059,regular,gold,2025-08-26
CL-08060,sleeping,silver,2025-07-20
CL-08061,regular,silver,2025-08-27
CL-08062,new,none,2024-04-30
CL-08063,regular,silver,2025-02-10
CL-08064,regular,none,2024-11-28
CL-08065,sleeping,none,2025-10-20
CL-08066,new,none,2025-05-11
CL-08067,new,none,2025-07-20
CL-08068,regular,gold,2025-11-01
CL-08069,new,none,2025-06-08
CL-08070,sleeping,gold,2025-05-12
CL-08071,regular,gold,2025-02-06
CL-08072,regular,silver,2024-03-01
CL-08073,new,none,2025-07-01
CL-08074,regular,silver,2024-09-01
CL-08075,sleeping,gold,2024-04-03
CL-08076,regular,none,2024-09-23
CL-08077,new,none,2024-09-20
CL-08078,new,none,2024-10-22
CL-08079,sleeping,silver,2024-07-31
CL-08080,sleeping,none,2025-12-16
CL-08081,new,none,2025-11-02
CL-08082,regular,silver,2024-01-28
CL-08083,new,silver,2025-01-12
CL-08084,regular,none,2024-08-17
CL-08085,new,platinum,2025-10-07
CL-08086,vip,none,2025-01-09
CL-08087,sleeping,none,2025-04-27
CL-08088,new,none,2024-03-06
CL-08089,regular,none,2025-06-25
CL-08090,new,silver,2025-01-02
CL-08091,new,none,2025-10-27
CL-08092,new,gold,2024-03-22
CL-08093,new,gold,2024-08-18
CL-08094,sleeping,none,2025-09-28
CL-08095,new,gold,2024-06-26
CL-08096,vip,silver,2024-07-24
CL-08097,new,gold,2024-08-17
CL-08098,regular,none,2025-02-01
CL-08099,regular,silver,2024-02-11
CL-08100,sleeping,none,2025-04-14
CL-08101,new,none,2025-09-07
CL-08102,new,gold,2024-08-20
CL-08103,regular,none,2024-05-10
CL-08104,regular,silver,2024-09-23
CL-08105,regular,none,2025-05-05
CL-08106,new,gold,2025-01-22
CL-08107,new,none,2025-04-03
CL-08108,vip,none,2025-09-04
CL-08109,regular,silver,2025-12-21
CL-08110,regular,none,2024-12-10
CL-08111,new,none,2025-08-01
CL-08112,new,silver,2025-01-08
CL-08113,sleeping,platinum,2024-04-15
CL-08114,regular,gold,2025-03-28
CL-08115,new,none,2025-12-25
CL-08116,sleeping,none,2024-11-19
CL-08117,regular,gold,2025-02-14
CL-08118,new,none,2025-07-05
CL-08119,regular,silver,2025-09-22
CL-08120,regular,silver,2024-01-04
CL-08121,regular,gold,2024-02-13
CL-08122,regular,none,2025-01-02
CL-08123,regular,platinum,2024-03-26
CL-08124,new,silver,2025-12-02
CL-08125,sleeping,silver,2025-06-19
CL-08126,regular,none,2025-04-13
CL-08127,regular,silver,2025-03-19
CL-08128,regular,none,2025-01-04
CL-08129,regular,none,2024-02-07
CL-08130,regular,silver,2025-08-09
CL-08131,regular,none,2024-12-29
CL-08132,sleeping,platinum,2024-10-25
CL-08133,vip,gold,2024-11-27
CL-08134,vip,silver,2024-12-21
CL-08135,new,silver,2025-12-16
CL-08136,regular,none,2024-05-28
CL-08137,regular,none,2024-05-14
CL-08138,new,none,2024-04-04
CL-08139,regular,silver,2025-04-16
CL-08140,new,gold,2024-01-20
CL-08141,new,none,2025-08-24
CL-08142,new,none,2025-07-09
CL-08143,new,none,2025-06-22
CL-08144,new,silver,2024-12-21
CL-08145,regular,none,2024-11-07
CL-08146,regular,silver,2025-12-14
CL-08147,new,none,2025-09-23
CL-08148,new,none,2024-05-14
CL-08149,vip,silver,2024-07-15
CL-08150,new,platinum,2024-07-04
CL-08151,regular,none,2024-12-25
CL-08152,regular,none,2025-04-30
CL-08153,regular,none,2024-06-17
CL-08154,sleeping,gold,2024-02-11
CL-08155,regular,silver,2024-10-19
CL-08156,sleeping,silver,2025-01-17
CL-08157,vip,silver,2025-05-25
CL-08158,new,platinum,2024-04-03
CL-08159,new,none,2025-06-07
CL-08160,new,none,2024-05-02
CL-08161,regular,none,2024-08-10
CL-08162,regular,silver,2025-01-24
CL-08163,new,none,2024-03-20
CL-08164,new,gold,2025-03-08
CL-08165,regular,silver,2024-01-30
CL-08166,regular,platinum,2024-06-10
CL-08167,regular,platinum,2025-03-06
CL-08168,sleeping,silver,2024-07-25
CL-08169,new,gold,2024-11-24
CL-08170,regular,silver,2024-08-03
CL-08171,sleeping,none,2025-01-15
CL-08172,regular,silver,2024-04-17
CL-08173,regular,platinum,2024-04-28
CL-08174,regular,gold,2026-01-03
CL-08175,new,silver,2024-09-09
CL-08176,sleeping,none,2025-06-10
CL-08177,regular,gold,2024-01-07
CL-08178,regular,none,2024-03-25
CL-08179,regular,silver,2025-08-21
CL-08180,regular,silver,2024-09-28
CL-08181,new,silver,2024-08-16
CL-08182,regular,none,2024-05-11
CL-08183,regular,silver,2024-07-21
CL-08184,new,none,2024-06-27
CL-08185,regular,none,2025-08-28
CL-08186,sleeping,none,2025-12-15
CL-08187,regular,silver,2024-01-27
CL-08188,regular,none,2024-04-13
CL-08189,regular,none,2025-04-21
CL-08190,vip,gold,2025-10-30
CL-08191,regular,silver,2024-08-28
CL-08192,vip,gold,2025-10-01
CL-08193,new,silver,2024-01-04
CL-08194,sleeping,none,2025-07-19
CL-08195,sleeping,gold,2025-12-17
CL-08196,regular,none,2025-01-12
CL-08197,regular,platinum,2025-03-20
CL-08198,new,none,2024-07-15
CL-08199,regular,gold,2025-08-19
CL-08200,new,silver,2025-09-23
CL-08201,new,gold,2025-09-25
CL-08202,sleeping,none,2025-09-25
CL-08203,new,silver,2024-02-28
CL-08204,regular,none,2025-02-03
CL-08205,new,gold,2025-01-22
CL-08206,regular,none,2024-02-06
CL-08207,regular,silver,2025-08-31
CL-08208,new,silver,2024-05-26
CL-08209,regular,silver,2024-11-18
CL-08210,sleeping,gold,2024-02-12
CL-08211,regular,silver,2025-08-22
CL-08212,sleeping,none,2024-05-16
CL-08213,regular,gold,2025-01-27
CL-08214,regular,silver,2025-01-21
CL-08215,new,silver,2024-03-13
CL-08216,new,none,2025-10-11
CL-08217,vip,silver,2024-01-05
CL-08218,regular,gold,2025-05-11
CL-08219,regular,gold,2024-05-10
CL-08220,vip,platinum,2025-04-01
CL-08221,new,silver,2024-06-20
CL-08222,regular,none,2025-07-22
CL-08223,new,silver,2025-03-04
CL-08224,sleeping,none,2025-05-01
CL-08225,new,silver,2026-01-20
CL-08226,new,none,2024-12-03
CL-08227,regular,platinum,2025-07-30
CL-08228,new,none,2025-09-11
CL-08229,sleeping,none,2024-09-03
CL-08230,regular,gold,2024-08-23
CL-08231,new,none,2025-06-20
CL-08232,new,none,2025-12-06
CL-08233,sleeping,silver,2024-01-12
CL-08234,regular,platinum,2024-03-29
CL-08235,sleeping,none,2024-05-08
CL-08236,new,silver,2025-04-29
CL-08237,sleeping,none,2024-11-15
CL-08238,regular,silver,2025-01-15
CL-08239,regular,none,2024-08-28
CL-08240,regular,silver,2024-11-19
CL-08241,new,silver,2025-08-11
CL-08242,sleeping,gold,2024-11-22
CL-08243,sleeping,silver,2024-10-25
CL-08244,regular,silver,2024-02-02
CL-08245,sleeping,silver,2024-10-14
CL-08246,new,none,2025-07-25
CL-08247,new,none,2024-04-14
CL-08248,new,silver,2024-09-24
CL-08249,regular,none,2024-08-04
CL-08250,new,none,2024-12-28
CL-08251,regular,none,2025-09-16
CL-08252,new,none,2025-10-06
CL-08253,regular,none,2024-10-18
CL-08254,vip,silver,2025-03-14
CL-08255,regular,gold,2025-09-13
CL-08256,new,none,2025-10-09
CL-08257,regular,gold,2025-04-02
CL-08258,new,none,2024-04-14
CL-08259,regular,platinum,2024-10-13
CL-08260,regular,silver,2024-08-02
CL-08261,regular,silver,2025-05-31
CL-08262,new,silver,2024-06-22
CL-08263,vip,silver,2024-01-27
CL-08264,sleeping,silver,2025-11-04
CL-08265,regular,none,2024-03-24
CL-08266,sleeping,platinum,2025-08-16
CL-08267,sleeping,gold,2025-12-26
CL-08268,new,silver,2025-09-25
CL-08269,regular,gold,2025-01-06
CL-08270,new,none,2025-03-08
CL-08271,regular,silver,2025-06-29
CL-08272,new,silver,2024-06-16
CL-08273,sleeping,none,2024-11-17
CL-08274,regular,gold,2024-10-13
CL-08275,new,gold,2024-07-26
CL-08276,regular,gold,2025-02-22
CL-08277,regular,silver,2024-11-15
CL-08278,regular,none,2024-01-15
CL-08279,sleeping,gold,2024-03-10
CL-08280,new,none,2025-05-01
CL-08281,regular,gold,2025-02-23
CL-08282,regular,none,2025-10-11
CL-08283,regular,gold,2024-02-25
CL-08284,regular,silver,2024-09-04
CL-08285,new,none,2024-10-21
CL-08286,new,none,2025-05-31
CL-08287,regular,silver,2024-11-27
CL-08288,sleeping,none,2025-01-02
CL-08289,new,gold,2025-11-30
CL-08290,new,none,2024-01-04
CL-08291,regular,silver,2025-11-09
CL-08292,sleeping,none,2024-08-03
CL-08293,regular,none,2024-01-31
CL-08294,new,none,2025-02-05
CL-08295,regular,gold,2024-06-10
CL-08296,regular,silver,2025-07-04
CL-08297,regular,gold,2025-07-31
CL-08298,new,silver,2024-11-01
CL-08299,new,none,2025-08-16
CL-08300,new,none,2024-05-21
CL-08301,regular,silver,2024-09-12
CL-08302,regular,none,2024-02-16
CL-08303,new,none,2025-05-02
CL-08304,regular,silver,2025-06-27
CL-08305,regular,none,2025-08-02
CL-08306,new,silver,2024-10-04
CL-08307,regular,silver,2025-09-28
CL-08308,regular,silver,2025-05-06
CL-08309,regular,none,2025-03-13
CL-08310,sleeping,silver,2024-06-17
CL-08311,sleeping,none,2025-10-01
CL-08312,new,none,2025-07-27
CL-08313,new,none,2025-10-27
CL-08314,new,none,2024-09-18
CL-08315,new,silver,2025-02-23
CL-08316,regular,silver,2024-02-09
CL-08317,sleeping,gold,2025-03-31
CL-08318,vip,none,2025-01-22
CL-08319,new,none,2025-09-14
CL-08320,regular,none,2025-07-09
CL-08321,new,platinum,2026-01-22
CL-08322,regular,none,2025-12-09
CL-08323,new,silver,2024-05-07
CL-08324,sleeping,none,2026-01-07
CL-08325,vip,gold,2024-01-23
CL-08326,new,silver,2024-12-12
CL-08327,regular,none,2025-12-09
CL-08328,regular,silver,2025-04-10
CL-08329,vip,silver,2026-01-23
CL-08330,regular,silver,2025-02-27
CL-08331,new,platinum,2025-06-01
CL-08332,regular,gold,2025-02-09
CL-08333,new,silver,2025-12-05
CL-08334,regular,platinum,2024-03-28
CL-08335,new,gold,2024-10-22
CL-08336,regular,none,2025-05-24
CL-08337,vip,gold,2025-01-09
CL-08338,new,silver,2026-01-03
CL-08339,regular,silver,2025-03-18
CL-08340,regular,silver,2024-04-06
CL-08341,new,gold,2025-04-11
CL-08342,regular,gold,2024-08-25
CL-08343,regular,none,2024-12-23
CL-08344,regular,silver,2024-02-28
CL-08345,vip,silver,2025-10-22
CL-08346,regular,gold,2024-11-02
CL-08347,regular,silver,2025-09-04
CL-08348,new,none,2025-01-01
CL-08349,new,none,2025-12-21
CL-08350,new,none,2024-09-29
CL-08351,sleeping,none,2024-03-21
CL-08352,sleeping,none,2024-12-28
CL-08353,vip,none,2024-01-27
CL-08354,new,gold,2025-09-02
CL-08355,regular,none,2025-11-29
CL-08356,regular,none,2024-06-11
CL-08357,regular,gold,2024-02-10
CL-08358,new,none,2025-07-30
CL-08359,sleeping,silver,2025-06-07
CL-08360,new,gold,2025-08-25
CL-08361,new,none,2025-03-08
CL-08362,sleeping,silver,2025-03-17
CL-08363,regular,none,2024-07-25
CL-08364,regular,silver,2024-08-27
CL-08365,regular,silver,2025-04-24
CL-08366,sleeping,none,2025-12-12
CL-08367,new,silver,2024-08-23
CL-08368,regular,silver,2024-10-03
CL-08369,new,none,2025-03-23
CL-08370,new,none,2024-02-07
CL-08371,regular,silver,2025-05-11
CL-08372,regular,none,2024-04-13
CL-08373,new,silver,2025-06-03
CL-08374,regular,gold,2025-11-08
CL-08375,regular,gold,2025-11-27
CL-08376,regular,none,2024-04-23
CL-08377,regular,silver,2025-03-29
CL-08378,vip,silver,2024-12-06
CL-08379,regular,silver,2025-01-07
CL-08380,regular,platinum,2025-06-09
CL-08381,regular,silver,2026-01-23
CL-08382,regular,none,2025-03-11
CL-08383,new,none,2025-02-25
CL-08384,new,gold,2025-05-11
CL-08385,new,silver,2025-01-18
CL-08386,regular,gold,2024-09-22
CL-08387,sleeping,silver,2025-09-17
CL-08388,regular,platinum,2025-05-18
CL-08389,regular,silver,2025-03-05
CL-08390,regular,platinum,2024-01-07
CL-08391,regular,gold,2024-07-28
CL-08392,regular,gold,2024-07-19
CL-08393,regular,platinum,2025-05-08
CL-08394,regular,silver,2024-04-03
CL-08395,new,silver,2024-10-17
CL-08396,regular,silver,2024-12-11
CL-08397,regular,gold,2025-07-16
CL-08398,regular,gold,2024-04-20
CL-08399,sleeping,gold,2025-04-05
CL-08400,regular,silver,2025-02-20
CL-08401,regular,gold,2025-07-15
CL-08402,new,gold,2024-05-17
CL-08403,regular,silver,2025-03-31
CL-08404,vip,silver,2024-11-10
CL-08405,sleeping,gold,2024-07-16
CL-08406,vip,gold,2024-02-26
CL-08407,new,silver,2024-10-16
CL-08408,regular,silver,2024-11-30
CL-08409,sleeping,silver,2024-02-08
CL-08410,regular,silver,2025-09-06
CL-08411,regular,none,2025-06-09
CL-08412,regular,none,2024-08-28
CL-08413,regular,gold,2024-02-05
CL-08414,new,platinum,2025-06-20
CL-08415,new,silver,2024-01-19
CL-08416,vip,gold,2024-11-19
CL-08417,sleeping,silver,2024-06-06
CL-08418,vip,none,2024-06-27
CL-08419,new,silver,2025-07-27
CL-08420,new,none,2024-08-18
CL-08421,new,none,2024-07-05
CL-08422,vip,platinum,2024-08-17
CL-08423,regular,silver,2024-04-23
CL-08424,sleeping,none,2025-07-18
CL-08425,new,silver,2025-01-11
CL-08426,regular,silver,2024-06-01
CL-08427,regular,silver,2024-08-22
CL-08428,new,none,2026-01-13
CL-08429,sleeping,none,2025-03-15
CL-08430,regular,silver,2025-06-06
CL-08431,new,silver,2025-10-12
CL-08432,new,gold,2024-10-31
CL-08433,sleeping,none,2024-09-21
CL-08434,regular,gold,2026-01-28
CL-08435,regular,platinum,2025-03-06
CL-08436,regular,none,2024-06-13
CL-08437,regular,none,2025-10-14
CL-08438,regular,silver,2025-08-02
CL-08439,sleeping,gold,2024-10-31
CL-08440,new,none,2024-07-24
CL-08441,regular,none,2025-05-14
CL-08442,new,silver,2025-02-17
CL-08443,new,gold,2024-06-28
CL-08444,regular,none,2024-02-11
CL-08445,vip,none,2025-09-14
CL-08446,new,none,2025-10-05
CL-08447,regular,platinum,2025-11-19
CL-08448,regular,silver,2024-10-05
CL-08449,new,silver,2025-06-19
CL-08450,regular,gold,2025-03-20
CL-08451,sleeping,silver,2024-07-21
CL-08452,new,gold,2025-12-05
CL-08453,new,none,2024-09-12
CL-08454,sleeping,none,2024-01-23
CL-08455,new,silver,2024-05-05
CL-08456,new,none,2026-01-05
CL-08457,sleeping,gold,2024-02-22
CL-08458,sleeping,silver,2025-02-03
CL-08459,regular,none,2025-01-03
CL-08460,regular,gold,2025-08-16
CL-08461,sleeping,silver,2025-09-16
CL-08462,regular,silver,2024-12-25
CL-08463,regular,none,2025-04-25
CL-08464,vip,platinum,2025-09-12
CL-08465,regular,silver,2025-09-07
CL-08466,regular,gold,2025-10-31
CL-08467,regular,gold,2025-06-21
CL-08468,regular,silver,2024-10-17
CL-08469,regular,none,2025-02-28
CL-08470,regular,silver,2025-07-03
CL-08471,regular,none,2024-08-13
CL-08472,vip,platinum,2026-01-28
CL-08473,regular,none,2024-12-03
CL-08474,new,none,2025-07-29
CL-08475,new,silver,2025-01-19
CL-08476,new,silver,2025-12-28
CL-08477,regular,silver,2025-05-22
CL-08478,regular,gold,2025-07-13
CL-08479,new,gold,2025-08-11
CL-08480,vip,gold,2024-09-07
CL-08481,new,silver,2024-09-22
CL-08482,new,silver,2025-09-20
CL-08483,vip,gold,2024-12-17
CL-08484,regular,none,2025-05-21
CL-08485,regular,none,2025-01-28
CL-08486,vip,none,2024-01-26
CL-08487,sleeping,silver,2024-12-24
CL-08488,new,silver,2024-05-11
CL-08489,regular,none,2024-03-06
CL-08490,regular,none,2024-07-17
CL-08491,new,none,2024-08-10
CL-08492,sleeping,silver,2025-07-19
CL-08493,regular,none,2024-07-10
CL-08494,sleeping,gold,2025-08-28
CL-08495,regular,platinum,2024-06-08
CL-08496,regular,gold,2025-09-20
CL-08497,new,gold,2025-02-03
CL-08498,sleeping,platinum,2024-02-21
CL-08499,regular,silver,2024-03-25
CL-08500,new,silver,2024-02-24
CL-08501,new,gold,2024-11-07
CL-08502,regular,silver,2024-08-15
CL-08503,new,silver,2024-02-05
CL-08504,regular,none,2025-06-01
CL-08505,regular,silver,2025-10-10
CL-08506,new,gold,2025-10-02
CL-08507,regular,silver,2024-04-24
CL-08508,new,silver,2025-10-22
CL-08509,sleeping,silver,2024-11-19
CL-08510,vip,gold,2024-06-06
CL-08511,new,gold,2024-04-11
CL-08512,regular,silver,2025-08-06
CL-08513,regular,none,2024-07-13
CL-08514,sleeping,none,2025-05-01
CL-08515,regular,gold,2025-02-25
CL-08516,regular,none,2025-12-05
CL-08517,sleeping,gold,2025-06-28
CL-08518,new,none,2025-08-10
CL-08519,regular,platinum,2025-01-09
CL-08520,new,silver,2025-02-05
CL-08521,regular,silver,2024-04-23
CL-08522,regular,silver,2025-08-18
CL-08523,sleeping,gold,2025-07-25
CL-08524,regular,gold,2024-08-22
CL-08525,new,none,2024-04-16
CL-08526,vip,none,2025-08-20
CL-08527,vip,none,2025-08-08
CL-08528,regular,silver,2025-08-16
CL-08529,regular,silver,2024-01-23
CL-08530,new,none,2025-10-11
CL-08531,regular,gold,2024-09-30
CL-08532,new,none,2024-07-03
CL-08533,new,none,2025-02-04
CL-08534,sleeping,none,2025-10-07
CL-08535,regular,silver,2025-09-11
CL-08536,new,none,2024-05-08
CL-08537,new,gold,2026-01-12
CL-08538,sleeping,silver,2025-08-09
CL-08539,new,silver,2025-12-10
CL-08540,new,none,2025-12-07
CL-08541,new,gold,2025-02-03
CL-08542,new,gold,2024-01-28
CL-08543,new,silver,2024-02-24
CL-08544,sleeping,none,2025-04-20
CL-08545,new,none,2024-03-10
CL-08546,regular,silver,2025-05-16
CL-08547,regular,none,2024-03-19
CL-08548,regular,silver,2025-09-11
CL-08549,regular,none,2024-07-22
CL-08550,regular,gold,2024-03-19
CL-08551,regular,silver,2024-09-15
CL-08552,regular,silver,2025-11-22
CL-08553,regular,platinum,2025-02-23
CL-08554,regular,silver,2026-01-25
CL-08555,regular,none,2024-07-15
CL-08556,new,silver,2025-05-25
CL-08557,regular,silver,2024-05-21
CL-08558,regular,gold,2024-11-22
CL-08559,new,gold,2024-10-13
CL-08560,vip,silver,2025-04-27
CL-08561,new,platinum,2025-05-26
CL-08562,new,none,2024-02-11
CL-08563,vip,none,2025-06-12
CL-08564,new,none,2025-07-26
CL-08565,regular,silver,2024-10-17
CL-08566,regular,none,2024-02-23
CL-08567,sleeping,none,2024-11-17
CL-08568,regular,platinum,2024-09-02
CL-08569,regular,none,2025-08-25
CL-08570,regular,none,2024-04-15
CL-08571,regular,none,2024-08-13
CL-08572,sleeping,none,2025-07-05
CL-08573,vip,none,2025-12-15
CL-08574,regular,none,2025-03-27
CL-08575,sleeping,none,2024-01-02
CL-08576,regular,gold,2025-06-15
CL-08577,new,silver,2024-01-24
CL-08578,new,silver,2024-02-19
CL-08579,regular,silver,2025-05-22
CL-08580,new,gold,2024-10-08
CL-08581,regular,gold,2024-01-21
CL-08582,regular,silver,2024-11-04
CL-08583,regular,none,2024-10-15
CL-08584,new,none,2025-04-02
CL-08585,vip,none,2025-12-18
CL-08586,regular,gold,2024-03-18
CL-08587,new,silver,2025-05-20
CL-08588,regular,none,2025-05-06
CL-08589,regular,none,2026-01-12
CL-08590,regular,gold,2024-10-26
CL-08591,regular,silver,2024-05-02
CL-08592,new,none,2025-11-19
CL-08593,vip,gold,2024-02-08
CL-08594,regular,silver,2024-12-07
CL-08595,new,silver,2025-05-11
CL-08596,regular,silver,2024-03-18
CL-08597,regular,silver,2024-08-13
CL-08598,regular,none,2024-03-19
CL-08599,regular,platinum,2025-10-04
CL-08600,regular,gold,2024-07-12
CL-08601,regular,silver,2025-04-03
CL-08602,new,silver,2024-07-01
CL-08603,new,platinum,2025-06-11
CL-08604,sleeping,none,2025-08-28
CL-08605,regular,none,2024-01-31
CL-08606,regular,gold,2025-07-03
CL-08607,new,none,2025-05-17
CL-08608,regular,silver,2024-02-28
CL-08609,new,silver,2024-07-19
CL-08610,new,none,2025-10-09
CL-08611,new,none,2024-12-03
CL-08612,regular,gold,2024-03-14
CL-08613,regular,none,2025-05-02
CL-08614,new,none,2025-08-20
CL-08615,new,silver,2024-11-25
CL-08616,regular,none,2024-03-25
CL-08617,regular,silver,2024-04-09
CL-08618,regular,platinum,2024-10-13
CL-08619,new,silver,2025-01-03
CL-08620,regular,silver,2025-07-24
CL-08621,sleeping,none,2025-06-01
CL-08622,regular,platinum,2024-07-11
CL-08623,new,gold,2025-06-08
CL-08624,regular,gold,2024-03-27
CL-08625,new,none,2024-05-19
CL-08626,new,none,2025-08-21
CL-08627,new,none,2025-11-15
CL-08628,sleeping,none,2025-06-09
CL-08629,regular,none,2024-12-12
CL-08630,vip,gold,2025-11-08
CL-08631,regular,none,2024-09-25
CL-08632,regular,none,2025-05-02
CL-08633,new,gold,2025-06-05
CL-08634,regular,platinum,2024-02-26
CL-08635,new,none,2025-12-29
CL-08636,regular,none,2025-04-30
CL-08637,new,gold,2024-07-01
CL-08638,regular,platinum,2025-09-17
CL-08639,regular,silver,2024-10-16
CL-08640,new,silver,2024-03-04
CL-08641,new,silver,2025-05-28
CL-08642,sleeping,gold,2024-04-13
CL-08643,new,none,2025-03-29
CL-08644,new,silver,2025-05-29
CL-08645,new,gold,2024-04-29
CL-08646,regular,silver,2025-08-24
CL-08647,regular,none,2024-12-13
CL-08648,new,gold,2024-09-25
CL-08649,regular,silver,2024-03-18
CL-08650,regular,none,2025-07-12
CL-08651,new,none,2024-05-04
CL-08652,sleeping,none,2024-05-07
CL-08653,sleeping,platinum,2024-07-20
CL-08654,new,none,2024-12-03
CL-08655,new,gold,2025-10-30
CL-08656,new,silver,2025-07-22
CL-08657,new,gold,2025-07-14
CL-08658,regular,platinum,2024-05-31
CL-08659,regular,platinum,2025-05-07
CL-08660,regular,gold,2024-09-22
CL-08661,new,silver,2024-12-26
CL-08662,new,none,2025-04-23
CL-08663,sleeping,none,2024-05-06
CL-08664,sleeping,silver,2024-09-19
CL-08665,new,none,2024-10-27
CL-08666,regular,silver,2025-10-26
CL-08667,regular,none,2026-01-05
CL-08668,regular,gold,2025-12-28
CL-08669,regular,none,2025-02-05
CL-08670,sleeping,none,2025-05-03
CL-08671,new,silver,2025-06-28
CL-08672,new,silver,2025-08-17
CL-08673,sleeping,gold,2025-05-29
CL-08674,new,silver,2025-11-20
CL-08675,new,gold,2024-10-18
CL-08676,regular,none,2025-06-17
CL-08677,regular,none,2025-04-09
CL-08678,regular,silver,2025-08-10
CL-08679,regular,none,2025-12-07
CL-08680,regular,gold,2024-03-01
CL-08681,new,platinum,2025-10-10
CL-08682,regular,none,2025-09-18
CL-08683,regular,gold,2025-10-23
CL-08684,vip,silver,2024-07-27
CL-08685,new,none,2025-03-16
CL-08686,new,silver,2024-02-23
CL-08687,regular,silver,2024-02-16
CL-08688,new,platinum,2025-03-23
CL-08689,new,none,2026-01-07
CL-08690,vip,silver,2024-06-21
CL-08691,regular,none,2025-08-23
CL-08692,new,none,2024-03-01
CL-08693,new,silver,2024-02-19
CL-08694,new,gold,2025-04-08
CL-08695,regular,silver,2024-07-30
CL-08696,regular,platinum,2024-03-15
CL-08697,new,none,2025-11-26
CL-08698,regular,silver,2025-11-05
CL-08699,new,none,2024-01-11
CL-08700,new,gold,2026-01-06
CL-08701,new,none,2024-01-14
CL-08702,regular,none,2025-07-15
CL-08703,new,gold,2025-08-18
CL-08704,new,none,2024-08-06
CL-08705,regular,silver,2024-04-13
CL-08706,regular,platinum,2025-03-03
CL-08707,new,silver,2025-11-04
CL-08708,new,silver,2024-01-24
CL-08709,new,platinum,2025-10-08
CL-08710,regular,silver,2025-04-17
CL-08711,regular,none,2026-01-19
CL-08712,new,gold,2024-07-19
CL-08713,regular,silver,2025-05-04
CL-08714,regular,gold,2024-12-11
CL-08715,new,silver,2025-04-27
CL-08716,new,none,2024-05-15
CL-08717,new,gold,2025-01-13
CL-08718,new,none,2026-01-19
CL-08719,regular,gold,2025-10-03
CL-08720,new,gold,2024-06-06
CL-08721,vip,platinum,2024-02-14
CL-08722,regular,none,2024-11-12
CL-08723,regular,silver,2024-06-22
CL-08724,regular,none,2024-07-12
CL-08725,regular,none,2024-05-18
CL-08726,sleeping,none,2025-02-15
CL-08727,sleeping,silver,2024-03-12
CL-08728,regular,silver,2025-11-19
CL-08729,new,platinum,2024-01-24
CL-08730,regular,none,2024-05-04
CL-08731,new,silver,2025-03-03
CL-08732,regular,silver,2024-04-17
CL-08733,regular,none,2025-01-18
CL-08734,regular,silver,2024-02-26
CL-08735,regular,silver,2025-10-23
CL-08736,new,silver,2025-03-23
CL-08737,regular,silver,2024-08-18
CL-08738,new,gold,2025-04-02
CL-08739,regular,platinum,2025-02-15
CL-08740,regular,none,2025-09-16
CL-08741,new,silver,2025-07-06
CL-08742,regular,gold,2025-09-27
CL-08743,new,none,2025-10-18
CL-08744,regular,silver,2024-03-18
CL-08745,regular,silver,2025-08-07
CL-08746,regular,none,2025-11-22
CL-08747,regular,silver,2024-05-30
CL-08748,vip,gold,2025-09-22
CL-08749,regular,none,2025-04-08
CL-08750,regular,none,2025-05-06
CL-08751,regular,gold,2025-06-26
CL-08752,regular,gold,2024-09-20
CL-08753,regular,silver,2025-11-13
CL-08754,vip,silver,2025-07-20
CL-08755,new,none,2024-11-29
CL-08756,new,gold,2025-04-16
CL-08757,new,none,2025-12-26
CL-08758,new,gold,2024-09-25
CL-08759,regular,gold,2025-11-09
CL-08760,new,none,2024-01-11
CL-08761,regular,silver,2025-08-26
CL-08762,new,gold,2025-03-26
CL-08763,new,gold,2025-06-23
CL-08764,regular,silver,2025-03-14
CL-08765,regular,none,2024-12-29
CL-08766,regular,silver,2024-04-27
CL-08767,regular,silver,2024-07-03
CL-08768,sleeping,silver,2025-11-19
CL-08769,regular,none,2024-11-05
CL-08770,new,gold,2024-05-01
CL-08771,new,silver,2024-04-07
CL-08772,sleeping,none,2024-08-06
CL-08773,regular,none,2025-07-10
CL-08774,regular,none,2024-10-09
CL-08775,regular,silver,2024-11-23
CL-08776,new,none,2025-06-03
CL-08777,regular,silver,2025-04-05
CL-08778,regular,none,2024-03-03
CL-08779,vip,none,2024-10-24
CL-08780,new,none,2025-06-17
CL-08781,regular,none,2025-06-23
CL-08782,new,silver,2024-11-11
CL-08783,sleeping,silver,2024-06-12
CL-08784,new,silver,2024-05-19
CL-08785,regular,silver,2024-03-09
CL-08786,new,silver,2024-03-26
CL-08787,regular,none,2026-01-07
CL-08788,regular,silver,2024-11-09
CL-08789,new,none,2024-08-31
CL-08790,vip,silver,2024-12-04
CL-08791,sleeping,silver,2025-01-28
CL-08792,vip,gold,2024-04-14
CL-08793,new,silver,2025-11-18
CL-08794,regular,none,2025-01-01
CL-08795,regular,none,2025-03-03
CL-08796,regular,platinum,2025-01-16
CL-08797,regular,none,2025-12-13
CL-08798,regular,none,2026-01-15
CL-08799,new,none,2024-04-05
CL-08800,regular,platinum,2025-06-26
CL-08801,new,gold,2024-05-04
CL-08802,new,none,2024-01-10
CL-08803,new,none,2025-02-23
CL-08804,new,gold,2024-12-28
CL-08805,regular,none,2025-01-09
CL-08806,regular,none,2024-01-17
CL-08807,new,silver,2025-05-04
CL-08808,regular,silver,2025-01-23
CL-08809,sleeping,none,2024-02-14
CL-08810,sleeping,silver,2024-09-13
CL-08811,vip,silver,2024-04-12
CL-08812,sleeping,silver,2025-11-17
CL-08813,regular,none,2025-07-18
CL-08814,sleeping,none,2025-01-09
CL-08815,sleeping,gold,2024-03-07
CL-08816,new,none,2025-10-07
CL-08817,vip,none,2024-09-26
CL-08818,regular,none,2025-03-19
CL-08819,regular,none,2025-07-01
CL-08820,sleeping,silver,2024-10-28
CL-08821,regular,none,2026-01-08
CL-08822,regular,silver,2024-06-23
CL-08823,regular,none,2024-09-17
CL-08824,regular,gold,2024-05-19
CL-08825,vip,silver,2024-09-18
CL-08826,vip,none,2025-08-26
CL-08827,regular,gold,2024-12-24
CL-08828,sleeping,platinum,2025-11-02
CL-08829,new,none,2025-11-07
CL-08830,sleeping,silver,2024-09-03
CL-08831,new,silver,2025-08-27
CL-08832,regular,silver,2025-01-10
CL-08833,new,none,2024-11-17
CL-08834,regular,none,2024-08-06
CL-08835,regular,none,2024-02-20
CL-08836,new,none,2024-12-12
CL-08837,regular,none,2025-05-22
CL-08838,regular,gold,2025-10-22
CL-08839,new,none,2024-11-09
CL-08840,regular,none,2024-04-14
CL-08841,new,none,2024-12-22
CL-08842,new,silver,2024-08-09
CL-08843,new,gold,2025-11-29
CL-08844,regular,gold,2025-06-12
CL-08845,regular,silver,2025-11-19
CL-08846,regular,none,2024-08-24
CL-08847,vip,none,2024-12-04
CL-08848,regular,platinum,2024-03-02
CL-08849,regular,none,2024-04-12
CL-08850,sleeping,none,2024-10-11
CL-08851,regular,silver,2024-10-28
CL-08852,new,none,2025-05-29
CL-08853,new,none,2024-06-12
CL-08854,regular,platinum,2026-01-17
CL-08855,regular,none,2025-08-16
CL-08856,new,none,2025-11-09
CL-08857,sleeping,none,2024-08-21
CL-08858,sleeping,none,2025-03-03
CL-08859,new,platinum,2025-01-28
CL-08860,new,silver,2025-08-13
CL-08861,new,gold,2025-10-06
CL-08862,regular,gold,2025-03-10
CL-08863,vip,silver,2026-01-10
CL-08864,regular,silver,2025-01-10
CL-08865,new,silver,2024-07-27
CL-08866,regular,silver,2024-05-09
CL-08867,new,silver,2024-10-13
CL-08868,regular,silver,2024-08-10
CL-08869,regular,silver,2024-06-01
CL-08870,regular,silver,2024-12-09
CL-08871,regular,none,2024-07-17
CL-08872,vip,silver,2026-01-19
CL-08873,new,silver,2024-08-19
CL-08874,regular,silver,2025-04-07
CL-08875,new,silver,2025-07-25
CL-08876,new,gold,2025-12-19
CL-08877,vip,gold,2025-06-06
CL-08878,regular,none,2024-07-15
CL-08879,new,none,2025-02-26
CL-08880,regular,none,2024-02-22
CL-08881,regular,none,2024-07-24
CL-08882,sleeping,none,2026-01-13
CL-08883,regular,gold,2024-01-04
CL-08884,new,gold,2024-09-07
CL-08885,regular,none,2024-02-10
CL-08886,new,gold,2025-02-10
CL-08887,new,none,2025-07-24
CL-08888,regular,gold,2024-02-24
CL-08889,regular,silver,2024-04-07
CL-08890,new,silver,2025-10-15
CL-08891,regular,none,2024-07-31
CL-08892,regular,none,2024-01-01
CL-08893,regular,none,2024-03-15
CL-08894,new,silver,2025-11-19
CL-08895,regular,gold,2025-12-02
CL-08896,new,silver,2024-05-05
CL-08897,new,gold,2024-07-31
CL-08898,new,none,2024-05-19
CL-08899,new,gold,2025-01-08
CL-08900,new,gold,2025-09-19
CL-08901,new,silver,2025-07-31
CL-08902,sleeping,silver,2024-10-20
CL-08903,regular,none,2025-06-12
CL-08904,new,none,2024-07-13
CL-08905,sleeping,none,2025-11-21
CL-08906,new,silver,2025-03-29
CL-08907,regular,gold,2025-11-28
CL-08908,vip,none,2024-07-12
CL-08909,regular,gold,2025-12-23
CL-08910,new,gold,2024-08-05
CL-08911,regular,silver,2025-06-04
CL-08912,regular,platinum,2024-02-04
CL-08913,regular,gold,2024-06-24
CL-08914,regular,none,2025-02-13
CL-08915,regular,platinum,2025-01-18
CL-08916,new,silver,2024-04-08
CL-08917,regular,none,2024-01-08
CL-08918,new,none,2025-09-28
CL-08919,vip,silver,2024-07-04
CL-08920,regular,platinum,2025-07-24
CL-08921,regular,silver,2024-05-11
CL-08922,regular,silver,2024-08-04
CL-08923,new,none,2024-01-13
CL-08924,new,gold,2025-02-09
CL-08925,regular,none,2025-01-27
CL-08926,regular,silver,2025-03-14
CL-08927,regular,silver,2025-07-22
CL-08928,sleeping,none,2025-05-21
CL-08929,regular,platinum,2024-06-02
CL-08930,regular,platinum,2024-11-14
CL-08931,regular,silver,2024-02-27
CL-08932,new,silver,2025-05-10
CL-08933,new,gold,2024-10-28
CL-08934,sleeping,none,2024-05-08
CL-08935,vip,none,2025-10-29
CL-08936,sleeping,silver,2024-12-23
CL-08937,new,silver,2024-02-09
CL-08938,new,silver,2024-03-12
CL-08939,regular,silver,2024-08-09
CL-08940,sleeping,silver,2025-12-16
CL-08941,new,none,2024-03-15
CL-08942,new,none,2024-11-01
CL-08943,new,none,2024-10-29
CL-08944,regular,silver,2025-04-14
CL-08945,regular,gold,2025-03-31
CL-08946,regular,gold,2025-01-07
CL-08947,new,silver,2025-09-05
CL-08948,regular,silver,2024-01-21
CL-08949,regular,none,2024-10-25
CL-08950,new,silver,2024-02-17
CL-08951,new,platinum,2024-08-16
CL-08952,regular,none,2024-07-20
CL-08953,new,gold,2025-11-02
CL-08954,sleeping,none,2025-05-27
CL-08955,regular,none,2024-07-01
CL-08956,regular,silver,2025-05-02
CL-08957,regular,gold,2025-09-24
CL-08958,regular,silver,2024-05-22
CL-08959,new,gold,2025-03-05
CL-08960,regular,gold,2025-01-06
CL-08961,new,silver,2025-11-25
CL-08962,regular,none,2024-10-05
CL-08963,regular,none,2025-05-30
CL-08964,regular,silver,2025-03-08
CL-08965,regular,silver,2024-09-02
CL-08966,new,none,2024-09-11
CL-08967,regular,none,2025-10-17
CL-08968,new,none,2025-11-12
CL-08969,sleeping,none,2024-07-16
CL-08970,regular,silver,2024-12-25
CL-08971,vip,gold,2024-04-18
CL-08972,regular,gold,2024-11-20
CL-08973,vip,platinum,2025-10-21
CL-08974,new,silver,2025-06-18
CL-08975,new,none,2025-01-04
CL-08976,new,silver,2025-08-16
CL-08977,new,gold,2025-02-24
CL-08978,sleeping,silver,2024-11-28
CL-08979,regular,silver,2024-01-13
CL-08980,regular,silver,2024-03-23
CL-08981,regular,none,2025-02-13
CL-08982,regular,none,2024-03-05
CL-08983,regular,none,2024-01-09
CL-08984,vip,silver,2024-09-05
CL-08985,regular,gold,2025-02-26
CL-08986,regular,none,2025-07-10
CL-08987,new,none,2026-01-03
CL-08988,sleeping,gold,2025-05-11
CL-08989,new,gold,2026-01-11
CL-08990,regular,silver,2024-08-06
CL-08991,sleeping,none,2025-05-14
CL-08992,new,silver,2024-01-04
CL-08993,new,silver,2024-04-13
CL-08994,regular,gold,2025-05-03
CL-08995,regular,none,2024-08-28
CL-08996,sleeping,gold,2025-03-04
CL-08997,vip,silver,2025-12-17
CL-08998,regular,silver,2025-08-10
CL-08999,sleeping,none,2024-09-24
CL-09000,regular,gold,2025-06-05
CL-09001,vip,silver,2025-12-02
CL-09002,new,none,2024-07-06
CL-09003,regular,none,2025-02-25
CL-09004,new,none,2025-07-11
CL-09005,new,none,2025-05-15
CL-09006,regular,none,2025-01-04
CL-09007,new,none,2024-11-25
CL-09008,regular,silver,2025-03-12
CL-09009,regular,silver,2025-01-12
CL-09010,new,silver,2024-09-28
CL-09011,regular,silver,2025-10-26
CL-09012,regular,none,2025-08-23
CL-09013,sleeping,silver,2025-05-02
CL-09014,new,silver,2024-05-29
CL-09015,sleeping,silver,2025-01-25
CL-09016,vip,none,2024-06-04
CL-09017,regular,gold,2024-05-03
CL-09018,regular,gold,2024-06-29
CL-09019,regular,gold,2024-04-29
CL-09020,vip,silver,2025-08-23
CL-09021,new,silver,2025-01-25
CL-09022,sleeping,platinum,2025-07-07
CL-09023,sleeping,gold,2026-01-12
CL-09024,regular,gold,2024-07-23
CL-09025,regular,gold,2024-05-28
CL-09026,regular,gold,2024-04-19
CL-09027,regular,silver,2024-01-15
CL-09028,vip,none,2024-01-22
CL-09029,new,silver,2025-03-28
CL-09030,new,silver,2025-06-03
CL-09031,new,gold,2024-08-10
CL-09032,sleeping,silver,2025-02-13
CL-09033,regular,silver,2024-06-06
CL-09034,sleeping,platinum,2025-06-17
CL-09035,regular,silver,2025-06-24
CL-09036,new,none,2025-06-22
CL-09037,sleeping,silver,2025-01-24
CL-09038,regular,none,2025-10-04
CL-09039,regular,none,2024-03-04
CL-09040,new,silver,2024-11-12
CL-09041,new,platinum,2024-02-18
CL-09042,new,none,2025-09-20
CL-09043,regular,none,2024-02-25
CL-09044,regular,silver,2024-11-27
CL-09045,new,silver,2024-05-21
CL-09046,new,none,2025-06-21
CL-09047,new,silver,2024-11-01
CL-09048,regular,silver,2025-02-22
CL-09049,sleeping,platinum,2026-01-01
CL-09050,regular,none,2025-12-01
CL-09051,new,silver,2024-11-21
CL-09052,regular,gold,2024-10-08
CL-09053,sleeping,none,2024-08-15
CL-09054,regular,gold,2025-06-08
CL-09055,vip,none,2026-01-26
CL-09056,sleeping,none,2025-03-30
CL-09057,regular,none,2025-03-05
CL-09058,sleeping,none,2026-01-28
CL-09059,new,gold,2024-05-24
CL-09060,vip,silver,2024-02-28
CL-09061,vip,gold,2024-03-13
CL-09062,sleeping,gold,2025-03-30
CL-09063,regular,none,2025-11-12
CL-09064,regular,platinum,2024-06-25
CL-09065,new,gold,2025-07-04
CL-09066,regular,none,2025-11-02
CL-09067,regular,gold,2025-11-27
CL-09068,regular,gold,2025-08-26
CL-09069,regular,silver,2024-10-06
CL-09070,new,none,2025-05-17
CL-09071,new,none,2025-02-25
CL-09072,new,platinum,2024-12-31
CL-09073,regular,silver,2025-06-22
CL-09074,regular,gold,2025-06-01
CL-09075,regular,gold,2025-09-06
CL-09076,new,none,2025-02-25
CL-09077,vip,platinum,2025-05-15
CL-09078,regular,silver,2024-08-06
CL-09079,new,silver,2024-12-25
CL-09080,new,none,2025-09-14
CL-09081,regular,none,2025-08-09
CL-09082,regular,none,2025-01-24
CL-09083,new,none,2025-03-06
CL-09084,new,none,2024-07-14
CL-09085,new,none,2024-10-17
CL-09086,new,silver,2025-05-19
CL-09087,new,gold,2024-03-28
CL-09088,vip,none,2024-01-15
CL-09089,regular,none,2025-03-31
CL-09090,regular,silver,2025-07-01
CL-09091,regular,silver,2026-01-15
CL-09092,regular,silver,2024-12-23
CL-09093,new,platinum,2024-04-03
CL-09094,new,none,2025-04-27
CL-09095,new,silver,2024-08-22
CL-09096,regular,gold,2024-04-29
CL-09097,regular,silver,2025-04-17
CL-09098,regular,silver,2025-06-29
CL-09099,regular,platinum,2024-02-11
CL-09100,sleeping,none,2025-07-03
CL-09101,new,none,2025-03-12
CL-09102,regular,none,2025-07-17
CL-09103,regular,gold,2025-04-23
CL-09104,regular,gold,2024-12-21
CL-09105,regular,none,2024-09-10
CL-09106,regular,silver,2025-05-01
CL-09107,new,silver,2024-05-31
CL-09108,regular,none,2025-02-21
CL-09109,vip,gold,2025-07-26
CL-09110,regular,silver,2024-06-26
CL-09111,sleeping,gold,2024-03-05
CL-09112,regular,gold,2024-01-18
CL-09113,regular,none,2025-02-25
CL-09114,regular,silver,2024-11-10
CL-09115,regular,silver,2025-05-12
CL-09116,vip,none,2025-09-11
CL-09117,new,none,2026-01-14
CL-09118,regular,gold,2024-09-01
CL-09119,regular,silver,2024-03-26
CL-09120,vip,silver,2025-07-23
CL-09121,regular,none,2024-01-15
CL-09122,sleeping,silver,2025-05-01
CL-09123,vip,silver,2024-07-28
CL-09124,new,none,2024-09-25
CL-09125,vip,none,2024-04-04
CL-09126,sleeping,silver,2024-01-01
CL-09127,new,silver,2024-05-27
CL-09128,regular,none,2024-11-23
CL-09129,new,gold,2024-08-11
CL-09130,regular,none,2024-10-25
CL-09131,new,gold,2024-03-25
CL-09132,regular,none,2024-04-15
CL-09133,regular,silver,2025-07-22
CL-09134,regular,silver,2025-09-14
CL-09135,new,silver,2025-07-16
CL-09136,regular,platinum,2025-12-27
CL-09137,regular,none,2025-07-09
CL-09138,regular,none,2024-04-02
CL-09139,new,none,2025-07-14
CL-09140,new,silver,2024-06-24
CL-09141,regular,gold,2025-08-13
CL-09142,sleeping,none,2025-04-25
CL-09143,new,gold,2025-10-05
CL-09144,regular,silver,2025-12-23
CL-09145,new,platinum,2025-06-07
CL-09146,regular,none,2025-12-10
CL-09147,new,platinum,2025-02-14
CL-09148,regular,silver,2025-12-08
CL-09149,regular,platinum,2024-03-08
CL-09150,new,silver,2024-11-30
CL-09151,new,none,2025-08-02
CL-09152,regular,gold,2026-01-19
CL-09153,regular,silver,2025-10-22
CL-09154,sleeping,none,2024-10-04
CL-09155,regular,silver,2025-04-22
CL-09156,sleeping,gold,2024-03-06
CL-09157,regular,silver,2024-03-29
CL-09158,new,none,2025-06-19
CL-09159,new,gold,2024-08-25
CL-09160,regular,silver,2025-02-26
CL-09161,new,none,2024-06-05
CL-09162,vip,none,2025-08-30
CL-09163,regular,none,2024-03-06
CL-09164,regular,silver,2025-04-17
CL-09165,regular,none,2025-05-29
CL-09166,regular,none,2025-09-15
CL-09167,regular,none,2024-07-13
CL-09168,new,gold,2024-09-18
CL-09169,new,silver,2025-02-26
CL-09170,new,silver,2024-08-06
CL-09171,new,silver,2025-07-13
CL-09172,regular,none,2025-07-29
CL-09173,new,gold,2025-07-28
CL-09174,new,none,2025-01-13
CL-09175,sleeping,none,2025-04-22
CL-09176,sleeping,none,2024-05-16
CL-09177,regular,none,2024-05-30
CL-09178,regular,none,2024-10-12
CL-09179,regular,silver,2024-06-06
CL-09180,new,silver,2025-08-31
CL-09181,regular,none,2024-07-14
CL-09182,new,silver,2025-12-03
CL-09183,regular,silver,2024-11-08
CL-09184,sleeping,gold,2025-07-31
CL-09185,regular,none,2024-02-27
CL-09186,sleeping,gold,2025-06-29
CL-09187,regular,silver,2024-12-12
CL-09188,regular,silver,2025-09-08
CL-09189,regular,none,2024-05-17
CL-09190,regular,silver,2024-06-01
CL-09191,regular,none,2025-10-17
CL-09192,new,silver,2025-03-16
CL-09193,regular,silver,2025-03-03
CL-09194,new,none,2025-03-27
CL-09195,regular,none,2024-09-28
CL-09196,new,gold,2025-12-19
CL-09197,regular,silver,2025-02-25
CL-09198,new,silver,2024-01-12
CL-09199,new,platinum,2024-08-05
CL-09200,regular,none,2026-01-07
CL-09201,new,silver,2025-01-04
CL-09202,sleeping,gold,2025-07-05
CL-09203,regular,none,2024-01-15
CL-09204,regular,none,2024-01-18
CL-09205,new,gold,2024-06-04
CL-09206,vip,none,2025-01-29
CL-09207,regular,none,2025-04-08
CL-09208,regular,silver,2024-02-23
CL-09209,new,gold,2025-11-27
CL-09210,regular,silver,2025-04-03
CL-09211,sleeping,none,2024-09-24
CL-09212,regular,silver,2024-12-09
CL-09213,new,silver,2025-01-19
CL-09214,new,silver,2025-08-10
CL-09215,new,gold,2024-03-11
CL-09216,regular,none,2025-03-16
CL-09217,sleeping,silver,2025-02-01
CL-09218,sleeping,silver,2025-08-20
CL-09219,regular,gold,2024-09-30
CL-09220,new,silver,2024-10-07
CL-09221,sleeping,none,2025-09-05
CL-09222,new,silver,2025-10-13
CL-09223,new,silver,2025-09-17
CL-09224,regular,silver,2025-10-20
CL-09225,new,none,2024-03-18
CL-09226,vip,none,2025-05-13
CL-09227,sleeping,none,2025-06-06
CL-09228,regular,none,2024-07-19
CL-09229,regular,none,2024-12-10
CL-09230,regular,none,2026-01-23
CL-09231,new,none,2024-04-15
CL-09232,regular,none,2025-09-13
CL-09233,regular,platinum,2024-08-29
CL-09234,sleeping,silver,2025-10-09
CL-09235,new,none,2025-02-10
CL-09236,new,silver,2024-01-09
CL-09237,regular,silver,2024-03-23
CL-09238,regular,none,2025-09-19
CL-09239,regular,silver,2025-08-24
CL-09240,sleeping,none,2024-06-14
CL-09241,new,silver,2025-05-02
CL-09242,regular,none,2025-01-21
CL-09243,new,silver,2024-02-10
CL-09244,new,none,2025-06-19
CL-09245,regular,none,2024-05-01
CL-09246,regular,silver,2024-11-07
CL-09247,regular,none,2024-01-07
CL-09248,regular,silver,2024-07-04
CL-09249,regular,none,2025-12-12
CL-09250,vip,silver,2025-01-15
CL-09251,new,silver,2025-07-03
CL-09252,new,gold,2024-08-15
CL-09253,regular,silver,2024-02-02
CL-09254,regular,platinum,2025-04-12
CL-09255,vip,none,2024-07-01
CL-09256,new,silver,2024-03-24
CL-09257,regular,silver,2025-01-10
CL-09258,sleeping,none,2024-11-06
CL-09259,regular,silver,2024-03-29
CL-09260,regular,platinum,2025-03-25
CL-09261,sleeping,gold,2024-12-04
CL-09262,new,none,2026-01-22
CL-09263,regular,silver,2024-03-08
CL-09264,vip,none,2025-01-11
CL-09265,new,silver,2025-08-25
CL-09266,regular,silver,2024-11-19
CL-09267,regular,none,2024-06-07
CL-09268,vip,none,2026-01-21
CL-09269,sleeping,gold,2024-09-04
CL-09270,vip,none,2025-12-04
CL-09271,new,none,2025-10-01
CL-09272,regular,none,2025-05-26
CL-09273,sleeping,silver,2025-08-10
CL-09274,regular,none,2025-02-18
CL-09275,regular,silver,2025-05-23
CL-09276,new,none,2024-07-24
CL-09277,vip,none,2024-02-12
CL-09278,new,none,2025-04-19
CL-09279,new,none,2025-09-02
CL-09280,sleeping,silver,2025-09-25
CL-09281,sleeping,none,2025-08-02
CL-09282,sleeping,silver,2026-01-16
CL-09283,regular,silver,2025-03-27
CL-09284,new,none,2024-05-09
CL-09285,regular,none,2024-06-05
CL-09286,new,silver,2024-07-27
CL-09287,vip,none,2026-01-11
CL-09288,regular,silver,2025-11-03
CL-09289,regular,gold,2025-07-05
CL-09290,new,none,2025-10-16
CL-09291,regular,none,2024-09-16
CL-09292,vip,silver,2025-06-28
CL-09293,regular,none,2024-05-06
CL-09294,new,silver,2024-03-19
CL-09295,new,silver,2025-05-02
CL-09296,regular,silver,2025-06-20
CL-09297,new,silver,2025-03-28
CL-09298,sleeping,none,2024-12-22
CL-09299,regular,silver,2025-04-05
CL-09300,new,gold,2024-10-09
CL-09301,regular,silver,2024-08-11
CL-09302,regular,silver,2024-07-09
CL-09303,new,silver,2024-10-03
CL-09304,regular,silver,2024-08-29
CL-09305,new,none,2024-04-30
CL-09306,regular,silver,2025-02-11
CL-09307,vip,silver,2024-11-08
CL-09308,sleeping,none,2024-05-03
CL-09309,new,none,2025-11-20
CL-09310,regular,none,2025-01-22
CL-09311,new,silver,2024-04-18
CL-09312,regular,none,2024-02-06
CL-09313,new,gold,2024-03-05
CL-09314,regular,platinum,2024-11-08
CL-09315,new,platinum,2024-07-03
CL-09316,sleeping,none,2025-12-30
CL-09317,sleeping,silver,2024-12-23
CL-09318,new,gold,2025-07-15
CL-09319,regular,silver,2024-07-04
CL-09320,new,none,2024-02-22
CL-09321,regular,gold,2024-09-11
CL-09322,new,silver,2025-06-06
CL-09323,new,silver,2025-08-03
CL-09324,regular,platinum,2024-05-29
CL-09325,regular,platinum,2024-08-13
CL-09326,regular,silver,2024-12-26
CL-09327,regular,none,2024-09-20
CL-09328,new,silver,2024-08-11
CL-09329,new,silver,2026-01-17
CL-09330,regular,silver,2025-12-10
CL-09331,regular,silver,2024-09-27
CL-09332,new,silver,2024-02-11
CL-09333,regular,silver,2024-09-29
CL-09334,regular,platinum,2025-10-31
CL-09335,regular,gold,2025-11-14
CL-09336,vip,none,2025-06-17
CL-09337,regular,silver,2025-05-28
CL-09338,regular,silver,2024-10-02
CL-09339,regular,silver,2024-12-01
CL-09340,new,none,2025-10-30
CL-09341,new,silver,2024-06-13
CL-09342,new,silver,2024-11-04
CL-09343,vip,silver,2025-10-28
CL-09344,new,gold,2025-06-14
CL-09345,regular,platinum,2024-03-24
CL-09346,regular,gold,2025-08-21
CL-09347,regular,gold,2024-02-21
CL-09348,vip,silver,2024-08-05
CL-09349,regular,gold,2025-11-30
CL-09350,new,platinum,2024-02-24
CL-09351,regular,silver,2024-05-22
CL-09352,regular,none,2025-10-21
CL-09353,new,none,2025-05-24
CL-09354,regular,silver,2024-06-24
CL-09355,regular,silver,2024-09-18
CL-09356,new,silver,2025-12-09
CL-09357,sleeping,gold,2025-04-05
CL-09358,regular,gold,2024-08-27
CL-09359,regular,none,2024-04-19
CL-09360,new,none,2024-11-11
CL-09361,new,silver,2024-08-28
CL-09362,regular,none,2024-11-23
CL-09363,regular,platinum,2024-02-06
CL-09364,regular,gold,2024-12-21
CL-09365,regular,silver,2024-07-06
CL-09366,new,silver,2026-01-01
CL-09367,regular,gold,2024-07-29
CL-09368,vip,gold,2024-07-05
CL-09369,regular,silver,2024-08-17
CL-09370,regular,platinum,2025-04-07
CL-09371,sleeping,silver,2025-07-09
CL-09372,new,none,2024-08-11
CL-09373,regular,silver,2025-06-11
CL-09374,sleeping,gold,2024-04-09
CL-09375,regular,platinum,2024-05-25
CL-09376,new,none,2024-08-07
CL-09377,sleeping,silver,2025-06-15
CL-09378,new,silver,2025-02-23
CL-09379,new,gold,2024-12-16
CL-09380,new,silver,2025-04-06
CL-09381,regular,none,2024-05-29
CL-09382,regular,gold,2024-07-19
CL-09383,regular,silver,2025-06-20
CL-09384,sleeping,gold,2026-01-20
CL-09385,regular,gold,2024-01-01
CL-09386,regular,none,2024-10-02
CL-09387,sleeping,platinum,2025-11-02
CL-09388,vip,silver,2025-09-24
CL-09389,new,platinum,2024-07-17
CL-09390,new,none,2024-01-27
CL-09391,regular,gold,2025-03-07
CL-09392,vip,none,2025-06-12
CL-09393,regular,none,2024-07-12
CL-09394,new,platinum,2024-08-18
CL-09395,regular,none,2025-05-27
CL-09396,regular,none,2025-02-12
CL-09397,regular,gold,2024-08-02
CL-09398,vip,silver,2025-09-27
CL-09399,regular,silver,2025-11-17
CL-09400,regular,platinum,2025-07-04
CL-09401,regular,silver,2025-12-19
CL-09402,regular,none,2024-09-30
CL-09403,regular,silver,2024-03-25
CL-09404,regular,silver,2025-07-10
CL-09405,regular,none,2025-03-01
CL-09406,regular,silver,2024-11-10
CL-09407,regular,none,2024-07-17
CL-09408,new,none,2024-02-18
CL-09409,regular,none,2024-05-10
CL-09410,regular,gold,2025-05-20
CL-09411,new,none,2024-06-22
CL-09412,regular,none,2025-12-12
CL-09413,new,platinum,2024-12-25
CL-09414,sleeping,none,2024-03-04
CL-09415,vip,platinum,2025-05-12
CL-09416,regular,gold,2025-06-06
CL-09417,regular,silver,2024-05-16
CL-09418,regular,none,2025-09-30
CL-09419,regular,none,2025-07-14
CL-09420,sleeping,none,2025-03-29
CL-09421,new,none,2024-04-02
CL-09422,new,silver,2025-01-03
CL-09423,regular,none,2026-01-07
CL-09424,new,gold,2024-06-29
CL-09425,regular,none,2025-12-12
CL-09426,regular,silver,2024-05-27
CL-09427,new,none,2025-04-05
CL-09428,regular,none,2024-10-28
CL-09429,regular,gold,2024-02-21
CL-09430,vip,silver,2025-05-02
CL-09431,regular,silver,2024-12-25
CL-09432,new,silver,2024-08-27
CL-09433,regular,silver,2024-06-25
CL-09434,regular,gold,2025-01-06
CL-09435,regular,none,2024-03-21
CL-09436,regular,silver,2025-03-31
CL-09437,new,none,2024-03-11
CL-09438,regular,silver,2024-06-08
CL-09439,regular,silver,2025-01-22
CL-09440,new,none,2025-07-17
CL-09441,regular,silver,2024-10-29
CL-09442,sleeping,silver,2025-04-22
CL-09443,regular,none,2025-12-09
CL-09444,new,platinum,2025-03-25
CL-09445,regular,none,2025-07-24
CL-09446,new,gold,2024-12-29
CL-09447,regular,silver,2024-07-16
CL-09448,regular,none,2024-10-04
CL-09449,new,none,2024-09-24
CL-09450,new,silver,2025-02-21
CL-09451,sleeping,gold,2024-04-24
CL-09452,new,silver,2025-08-04
CL-09453,vip,silver,2024-04-25
CL-09454,regular,none,2025-06-20
CL-09455,regular,gold,2024-12-24
CL-09456,new,gold,2025-07-14
CL-09457,new,none,2024-05-13
CL-09458,new,gold,2024-06-08
CL-09459,regular,silver,2024-07-10
CL-09460,sleeping,silver,2025-08-15
CL-09461,vip,silver,2024-07-20
CL-09462,new,none,2024-09-11
CL-09463,new,none,2024-04-16
CL-09464,new,silver,2024-06-26
CL-09465,sleeping,platinum,2025-10-12
CL-09466,new,silver,2024-04-02
CL-09467,new,none,2025-11-24
CL-09468,regular,none,2025-09-23
CL-09469,regular,silver,2025-12-21
CL-09470,new,silver,2025-04-18
CL-09471,regular,none,2025-06-03
CL-09472,new,none,2025-10-01
CL-09473,new,silver,2025-06-23
CL-09474,new,none,2025-03-02
CL-09475,regular,silver,2024-11-16
CL-09476,sleeping,silver,2025-10-15
CL-09477,regular,none,2024-08-28
CL-09478,regular,silver,2025-02-26
CL-09479,new,none,2024-02-15
CL-09480,regular,none,2025-05-05
CL-09481,sleeping,gold,2024-04-10
CL-09482,regular,silver,2024-02-12
CL-09483,sleeping,none,2024-08-13
CL-09484,regular,none,2025-05-23
CL-09485,regular,none,2025-09-18
CL-09486,new,gold,2025-03-30
CL-09487,regular,silver,2025-05-12
CL-09488,regular,silver,2024-07-02
CL-09489,sleeping,none,2024-03-22
CL-09490,sleeping,gold,2024-03-26
CL-09491,regular,gold,2024-02-27
CL-09492,sleeping,none,2024-09-20
CL-09493,sleeping,silver,2025-07-22
CL-09494,regular,silver,2024-02-15
CL-09495,new,silver,2024-09-20
CL-09496,new,none,2025-04-01
CL-09497,new,none,2024-02-15
CL-09498,new,silver,2025-02-18
CL-09499,sleeping,silver,2024-10-29
CL-09500,new,silver,2025-11-28
CL-09501,regular,silver,2025-01-12
CL-09502,regular,none,2025-01-28
CL-09503,regular,silver,2025-10-08
CL-09504,new,gold,2025-07-08
CL-09505,regular,silver,2025-02-20
CL-09506,regular,gold,2025-05-19
CL-09507,regular,silver,2024-11-02
CL-09508,new,gold,2025-06-15
CL-09509,regular,silver,2024-08-22
CL-09510,new,none,2024-08-26
CL-09511,regular,gold,2025-09-21
CL-09512,regular,silver,2024-11-11
CL-09513,new,gold,2025-02-07
CL-09514,vip,silver,2024-04-01
CL-09515,new,silver,2024-09-18
CL-09516,sleeping,none,2025-05-09
CL-09517,sleeping,none,2025-02-07
CL-09518,regular,silver,2024-08-17
CL-09519,new,platinum,2024-01-23
CL-09520,new,gold,2025-02-21
CL-09521,sleeping,silver,2024-09-22
CL-09522,regular,silver,2025-12-01
CL-09523,new,none,2024-02-03
CL-09524,regular,none,2025-06-03
CL-09525,new,platinum,2024-10-18
CL-09526,regular,silver,2024-07-22
CL-09527,regular,silver,2025-06-26
CL-09528,new,gold,2025-01-26
CL-09529,vip,none,2024-02-26
CL-09530,new,platinum,2025-04-02
CL-09531,regular,silver,2024-05-15
CL-09532,regular,none,2025-10-08
CL-09533,sleeping,silver,2024-07-02
CL-09534,regular,none,2025-08-26
CL-09535,sleeping,silver,2024-09-07
CL-09536,regular,none,2024-08-27
CL-09537,vip,none,2024-01-02
CL-09538,new,silver,2025-11-29
CL-09539,regular,silver,2025-02-23
CL-09540,new,none,2024-04-22
CL-09541,sleeping,gold,2024-01-27
CL-09542,sleeping,none,2024-07-28
CL-09543,regular,silver,2025-01-09
CL-09544,regular,silver,2024-01-26
CL-09545,regular,none,2024-10-01
CL-09546,new,platinum,2024-08-24
CL-09547,regular,silver,2025-10-25
CL-09548,regular,none,2024-11-10
CL-09549,regular,silver,2024-03-20
CL-09550,new,silver,2024-07-02
CL-09551,sleeping,none,2025-09-19
CL-09552,new,none,2024-01-10
CL-09553,regular,silver,2024-04-11
CL-09554,new,silver,2024-01-08
CL-09555,new,none,2024-02-07
CL-09556,new,silver,2025-12-03
CL-09557,regular,none,2026-01-23
CL-09558,regular,none,2025-07-12
CL-09559,regular,silver,2024-03-10
CL-09560,regular,none,2025-06-14
CL-09561,regular,none,2025-08-10
CL-09562,new,none,2025-08-20
CL-09563,new,silver,2025-07-21
CL-09564,regular,silver,2025-06-11
CL-09565,regular,silver,2024-12-02
CL-09566,regular,silver,2024-02-16
CL-09567,new,silver,2025-09-18
CL-09568,vip,none,2025-12-04
CL-09569,new,none,2025-01-15
CL-09570,regular,none,2024-11-21
CL-09571,new,gold,2025-11-28
CL-09572,regular,none,2024-12-10
CL-09573,regular,none,2024-10-08
CL-09574,regular,silver,2025-11-04
CL-09575,new,silver,2025-12-05
CL-09576,regular,gold,2024-06-04
CL-09577,new,none,2024-07-28
CL-09578,regular,none,2024-08-25
CL-09579,new,silver,2024-05-01
CL-09580,new,silver,2025-10-11
CL-09581,regular,platinum,2026-01-10
CL-09582,new,silver,2025-01-29
CL-09583,new,silver,2025-06-24
CL-09584,vip,none,2024-11-15
CL-09585,vip,platinum,2026-01-26
CL-09586,vip,silver,2025-12-26
CL-09587,new,none,2025-07-23
CL-09588,regular,silver,2025-11-06
CL-09589,regular,silver,2024-04-12
CL-09590,new,none,2025-11-05
CL-09591,regular,silver,2024-11-20
CL-09592,new,silver,2024-06-10
CL-09593,sleeping,none,2025-12-08
CL-09594,regular,platinum,2025-10-03
CL-09595,regular,platinum,2024-04-12
CL-09596,regular,none,2025-05-14
CL-09597,new,silver,2025-11-01
CL-09598,new,gold,2025-06-09
CL-09599,regular,silver,2025-01-01
CL-09600,regular,platinum,2024-02-06
CL-09601,regular,none,2025-01-11
CL-09602,new,silver,2025-02-26
CL-09603,regular,silver,2025-10-02
CL-09604,regular,none,2024-06-15
CL-09605,new,silver,2024-06-05
CL-09606,sleeping,none,2025-12-05
CL-09607,regular,none,2025-09-28
CL-09608,regular,none,2025-03-02
CL-09609,sleeping,none,2024-12-04
CL-09610,regular,none,2025-04-14
CL-09611,sleeping,none,2024-04-25
CL-09612,regular,none,2024-07-03
CL-09613,regular,none,2025-02-15
CL-09614,new,none,2024-11-16
CL-09615,new,gold,2024-05-15
CL-09616,regular,none,2025-02-06
CL-09617,new,silver,2025-05-11
CL-09618,new,none,2025-09-09
CL-09619,regular,none,2025-04-23
CL-09620,regular,silver,2025-04-09
CL-09621,new,none,2025-02-27
CL-09622,regular,silver,2024-03-26
CL-09623,sleeping,silver,2024-10-19
CL-09624,regular,none,2024-12-08
CL-09625,regular,none,2025-02-02
CL-09626,regular,gold,2024-08-12
CL-09627,new,none,2025-07-19
CL-09628,regular,gold,2025-02-13
CL-09629,sleeping,silver,2024-08-20
CL-09630,regular,none,2024-12-23
CL-09631,regular,none,2025-06-23
CL-09632,sleeping,none,2024-01-17
CL-09633,new,silver,2024-09-16
CL-09634,new,platinum,2024-06-06
CL-09635,regular,none,2024-09-01
CL-09636,new,platinum,2025-05-16
CL-09637,regular,none,2024-06-11
CL-09638,vip,none,2025-02-17
CL-09639,regular,silver,2024-10-13
CL-09640,new,platinum,2024-02-10
CL-09641,regular,silver,2025-11-04
CL-09642,new,gold,2025-03-30
CL-09643,sleeping,silver,2024-08-13
CL-09644,new,gold,2025-01-17
CL-09645,vip,gold,2026-01-20
CL-09646,regular,silver,2024-04-24
CL-09647,regular,silver,2025-10-09
CL-09648,regular,silver,2024-01-02
CL-09649,new,platinum,2025-10-18
CL-09650,regular,silver,2024-09-11
CL-09651,vip,none,2024-08-13
CL-09652,vip,gold,2025-08-15
CL-09653,new,silver,2024-05-04
CL-09654,regular,silver,2024-04-11
CL-09655,vip,silver,2024-12-20
CL-09656,vip,none,2025-12-18
CL-09657,regular,silver,2024-09-08
CL-09658,new,none,2025-02-16
CL-09659,sleeping,gold,2024-10-29
CL-09660,regular,silver,2025-07-30
CL-09661,regular,gold,2025-11-14
CL-09662,regular,none,2026-01-12
CL-09663,new,platinum,2024-07-23
CL-09664,vip,none,2024-07-18
CL-09665,new,none,2025-12-03
CL-09666,regular,platinum,2025-03-18
CL-09667,sleeping,silver,2024-09-06
CL-09668,sleeping,platinum,2024-09-15
CL-09669,sleeping,silver,2024-05-14
CL-09670,vip,none,2024-03-05
CL-09671,new,none,2024-09-20
CL-09672,sleeping,gold,2025-08-26
CL-09673,sleeping,silver,2025-05-16
CL-09674,regular,silver,2024-01-10
CL-09675,regular,none,2024-02-03
CL-09676,new,none,2025-10-22
CL-09677,regular,gold,2025-08-26
CL-09678,regular,platinum,2025-08-26
CL-09679,regular,none,2025-10-16
CL-09680,regular,none,2025-04-30
CL-09681,regular,none,2024-09-13
CL-09682,new,none,2025-03-25
CL-09683,sleeping,gold,2025-05-02
CL-09684,new,silver,2025-10-04
CL-09685,new,none,2025-02-08
CL-09686,new,gold,2024-02-12
CL-09687,vip,gold,2025-04-18
CL-09688,vip,none,2025-07-13
CL-09689,new,gold,2025-12-19
CL-09690,new,silver,2024-05-17
CL-09691,regular,none,2025-10-15
CL-09692,new,gold,2024-01-16
CL-09693,regular,none,2025-07-09
CL-09694,new,platinum,2024-08-25
CL-09695,regular,silver,2024-03-30
CL-09696,regular,gold,2024-09-05
CL-09697,regular,none,2025-02-23
CL-09698,regular,none,2024-05-26
CL-09699,new,gold,2025-02-22
CL-09700,new,gold,2025-06-24
CL-09701,new,gold,2025-10-27
CL-09702,new,none,2025-02-28
CL-09703,sleeping,silver,2025-04-02
CL-09704,new,none,2025-11-30
CL-09705,new,none,2024-01-27
CL-09706,new,silver,2025-08-01
CL-09707,regular,silver,2026-01-12
CL-09708,sleeping,silver,2025-09-19
CL-09709,regular,none,2025-12-02
CL-09710,regular,gold,2025-11-16
CL-09711,vip,platinum,2025-03-23
CL-09712,regular,none,2025-09-04
CL-09713,vip,gold,2024-10-03
CL-09714,regular,gold,2024-03-30
CL-09715,new,none,2024-03-05
CL-09716,regular,silver,2024-05-20
CL-09717,new,platinum,2025-07-04
CL-09718,new,silver,2024-11-01
CL-09719,vip,none,2025-09-08
CL-09720,new,silver,2024-09-09
CL-09721,regular,gold,2025-08-24
CL-09722,sleeping,silver,2025-11-03
CL-09723,regular,none,2024-09-05
CL-09724,regular,none,2025-02-02
CL-09725,regular,gold,2025-02-11
CL-09726,vip,silver,2025-10-27
CL-09727,new,platinum,2024-10-11
CL-09728,new,silver,2024-10-21
CL-09729,regular,gold,2025-08-12
CL-09730,sleeping,none,2025-11-19
CL-09731,new,gold,2024-01-22
CL-09732,regular,gold,2024-02-24
CL-09733,sleeping,none,2025-12-10
CL-09734,new,none,2024-12-04
CL-09735,new,gold,2025-02-28
CL-09736,regular,gold,2025-11-15
CL-09737,new,silver,2024-10-28
CL-09738,new,silver,2024-12-07
CL-09739,regular,gold,2025-10-05
CL-09740,regular,silver,2025-07-10
CL-09741,regular,silver,2025-06-11
CL-09742,regular,silver,2024-10-01
CL-09743,regular,none,2025-06-17
CL-09744,regular,gold,2025-09-22
CL-09745,vip,gold,2025-11-24
CL-09746,regular,none,2025-04-24
CL-09747,regular,none,2025-10-24
CL-09748,sleeping,none,2025-09-09
CL-09749,vip,none,2025-07-09
CL-09750,new,platinum,2025-02-11
CL-09751,sleeping,gold,2024-11-26
CL-09752,sleeping,silver,2025-04-29
CL-09753,new,none,2025-11-03
CL-09754,new,none,2025-02-05
CL-09755,regular,silver,2025-06-15
CL-09756,regular,none,2025-03-07
CL-09757,regular,none,2025-05-08
CL-09758,regular,platinum,2025-06-07
CL-09759,new,silver,2024-02-09
CL-09760,new,gold,2024-04-01
CL-09761,sleeping,none,2024-01-30
CL-09762,new,none,2025-08-07
CL-09763,regular,gold,2025-11-11
CL-09764,new,gold,2024-09-26
CL-09765,regular,silver,2024-02-27
CL-09766,regular,silver,2024-01-10
CL-09767,new,none,2024-12-04
CL-09768,regular,silver,2025-05-04
CL-09769,regular,none,2024-09-10
CL-09770,new,none,2025-04-11
CL-09771,regular,silver,2024-04-26
CL-09772,regular,none,2025-07-05
CL-09773,regular,none,2024-09-08
CL-09774,regular,none,2026-01-28
CL-09775,regular,none,2025-08-07
CL-09776,new,gold,2024-12-16
CL-09777,new,platinum,2025-12-20
CL-09778,regular,none,2026-01-09
CL-09779,regular,none,2024-05-29
CL-09780,vip,gold,2025-03-15
CL-09781,new,none,2025-05-12
CL-09782,regular,silver,2024-09-28
CL-09783,regular,none,2026-01-29
CL-09784,new,silver,2025-05-30
CL-09785,regular,none,2025-08-01
CL-09786,regular,silver,2024-05-29
CL-09787,new,silver,2025-11-16
CL-09788,regular,none,2026-01-04
CL-09789,new,silver,2025-11-18
CL-09790,sleeping,silver,2024-12-01
CL-09791,new,platinum,2025-12-10
CL-09792,new,silver,2024-01-09
CL-09793,new,none,2024-06-03
CL-09794,new,silver,2025-05-13
CL-09795,new,none,2025-08-10
CL-09796,regular,gold,2024-04-01
CL-09797,new,gold,2024-08-10
CL-09798,new,none,2024-03-08
CL-09799,new,silver,2024-03-19
CL-09800,regular,silver,2024-01-18
CL-09801,new,none,2026-01-23
CL-09802,regular,silver,2025-11-02
CL-09803,regular,silver,2025-04-07
CL-09804,regular,silver,2024-01-26
CL-09805,new,silver,2025-07-09
CL-09806,vip,silver,2025-02-12
CL-09807,regular,silver,2025-08-13
CL-09808,new,silver,2025-01-06
CL-09809,regular,silver,2024-01-07
CL-09810,regular,silver,2025-11-23
CL-09811,new,silver,2025-10-30
CL-09812,regular,none,2025-11-23
CL-09813,regular,silver,2025-05-17
CL-09814,new,silver,2025-11-30
CL-09815,sleeping,none,2024-02-24
CL-09816,new,none,2024-10-31
CL-09817,new,silver,2024-08-31
CL-09818,new,none,2024-12-25
CL-09819,regular,none,2024-02-01
CL-09820,sleeping,none,2025-09-19
CL-09821,vip,silver,2024-08-15
CL-09822,sleeping,platinum,2024-04-01
CL-09823,regular,gold,2024-05-30
CL-09824,regular,platinum,2024-03-27
CL-09825,regular,platinum,2025-06-05
CL-09826,new,none,2025-12-01
CL-09827,sleeping,none,2024-03-04
CL-09828,regular,none,2024-01-23
CL-09829,regular,none,2025-10-30
CL-09830,regular,gold,2024-10-17
CL-09831,regular,gold,2024-04-01
CL-09832,new,silver,2024-05-28
CL-09833,regular,gold,2025-05-29
CL-09834,regular,silver,2024-03-04
CL-09835,vip,silver,2024-11-01
CL-09836,new,none,2026-01-10
CL-09837,new,platinum,2024-11-23
CL-09838,regular,silver,2024-05-06
CL-09839,vip,none,2025-07-30
CL-09840,sleeping,none,2024-11-24
CL-09841,regular,gold,2024-10-29
CL-09842,new,gold,2024-07-13
CL-09843,new,silver,2025-07-26
CL-09844,regular,platinum,2025-01-08
CL-09845,new,none,2025-01-02
CL-09846,regular,platinum,2025-08-05
CL-09847,vip,silver,2024-10-02
CL-09848,regular,silver,2025-05-16
CL-09849,regular,gold,2024-05-10
CL-09850,new,gold,2025-03-10
CL-09851,new,none,2024-11-21
CL-09852,regular,gold,2025-01-23
CL-09853,regular,silver,2024-10-04
CL-09854,new,none,2024-04-10
CL-09855,new,silver,2025-11-30
CL-09856,new,silver,2024-11-01
CL-09857,regular,silver,2025-07-21
CL-09858,regular,silver,2025-11-19
CL-09859,regular,none,2024-12-03
CL-09860,regular,none,2025-09-15
CL-09861,new,gold,2024-11-29
CL-09862,regular,none,2024-02-19
CL-09863,new,silver,2025-11-01
CL-09864,sleeping,silver,2025-09-30
CL-09865,new,none,2025-03-06
CL-09866,regular,none,2025-09-21
CL-09867,new,none,2025-05-23
CL-09868,regular,gold,2025-09-01
CL-09869,new,platinum,2024-02-13
CL-09870,sleeping,none,2025-09-11
CL-09871,new,none,2024-06-11
CL-09872,vip,silver,2026-01-17
CL-09873,regular,silver,2026-01-04
CL-09874,new,silver,2024-02-11
CL-09875,new,silver,2025-05-10
CL-09876,regular,silver,2024-10-18
CL-09877,vip,none,2024-07-12
CL-09878,vip,gold,2026-01-06
CL-09879,new,silver,2024-11-01
CL-09880,regular,none,2025-02-24
CL-09881,new,gold,2024-08-26
CL-09882,new,none,2025-06-02
CL-09883,regular,none,2024-07-10
CL-09884,new,none,2024-10-02
CL-09885,new,silver,2025-06-19
CL-09886,vip,silver,2024-06-10
CL-09887,regular,silver,2025-08-19
CL-09888,regular,none,2026-01-13
CL-09889,new,none,2025-06-19
CL-09890,sleeping,none,2024-10-01
CL-09891,regular,silver,2024-05-17
CL-09892,regular,none,2025-03-02
CL-09893,new,silver,2024-11-28
CL-09894,sleeping,silver,2024-07-04
CL-09895,regular,silver,2024-10-05
CL-09896,vip,silver,2026-01-04
CL-09897,regular,silver,2024-05-08
CL-09898,regular,none,2024-07-15
CL-09899,regular,silver,2024-09-21
CL-09900,sleeping,none,2025-11-25
CL-09901,new,silver,2024-09-29
CL-09902,new,silver,2024-08-09
CL-09903,regular,silver,2024-08-14
CL-09904,regular,gold,2025-12-20
CL-09905,regular,none,2024-09-25
CL-09906,regular,none,2024-10-06
CL-09907,regular,gold,2024-10-03
CL-09908,regular,none,2025-10-24
CL-09909,new,silver,2025-06-23
CL-09910,vip,none,2025-03-31
CL-09911,new,silver,2024-06-11
CL-09912,regular,silver,2024-03-27
CL-09913,sleeping,gold,2024-03-07
CL-09914,new,silver,2024-08-12
CL-09915,new,silver,2025-08-24
CL-09916,new,gold,2025-08-01
CL-09917,regular,gold,2025-08-17
CL-09918,regular,none,2025-05-22
CL-09919,new,silver,2025-01-26
CL-09920,sleeping,none,2024-09-27
CL-09921,new,none,2025-07-06
CL-09922,regular,gold,2024-05-28
CL-09923,regular,gold,2024-02-22
CL-09924,new,gold,2025-09-21
CL-09925,new,silver,2024-12-26
CL-09926,sleeping,none,2025-04-18
CL-09927,regular,none,2025-12-28
CL-09928,new,none,2025-06-02
CL-09929,regular,none,2025-08-03
CL-09930,regular,silver,2024-12-30
CL-09931,new,silver,2024-08-30
CL-09932,regular,none,2024-09-23
CL-09933,regular,none,2025-11-15
CL-09934,new,none,2024-10-17
CL-09935,vip,gold,2025-12-10
CL-09936,new,none,2024-01-24
CL-09937,new,none,2024-08-10
CL-09938,new,silver,2025-12-18
CL-09939,regular,none,2025-03-16
CL-09940,regular,none,2024-10-05
CL-09941,sleeping,gold,2024-05-13
CL-09942,new,none,2025-01-02
CL-09943,regular,none,2025-12-28
CL-09944,regular,none,2024-09-28
CL-09945,new,none,2025-01-01
CL-09946,new,gold,2024-09-26
CL-09947,vip,silver,2025-10-16
CL-09948,new,silver,2025-06-05
CL-09949,regular,silver,2025-04-13
CL-09950,regular,none,2025-05-24
CL-09951,new,silver,2024-11-08
CL-09952,sleeping,none,2025-09-07
CL-09953,vip,gold,2025-04-11
CL-09954,regular,silver,2024-02-24
CL-09955,regular,none,2024-10-10
CL-09956,regular,gold,2025-10-26
CL-09957,regular,none,2024-07-12
CL-09958,new,none,2025-12-28
CL-09959,regular,none,2025-09-11
CL-09960,new,none,2026-01-21
CL-09961,regular,none,2025-08-29
CL-09962,regular,gold,2024-04-07
CL-09963,new,none,2024-05-25
CL-09964,sleeping,none,2025-01-04
CL-09965,new,none,2024-09-29
CL-09966,new,none,2025-12-14
CL-09967,regular,none,2025-10-06
CL-09968,regular,none,2025-07-30
CL-09969,new,none,2025-12-16
CL-09970,regular,none,2024-02-15
CL-09971,regular,none,2025-06-17
CL-09972,new,silver,2025-10-23
CL-09973,sleeping,platinum,2026-01-11
CL-09974,new,none,2025-09-29
CL-09975,regular,silver,2025-09-06
CL-09976,new,silver,2025-08-15
CL-09977,regular,silver,2024-04-07
CL-09978,vip,silver,2024-11-08
CL-09979,new,silver,2025-10-27
CL-09980,new,gold,2025-04-25
CL-09981,new,none,2024-07-16
CL-09982,new,silver,2025-06-28
CL-09983,sleeping,silver,2024-01-20
CL-09984,regular,gold,2024-10-28
CL-09985,regular,silver,2025-07-27
CL-09986,sleeping,platinum,2025-08-18
CL-09987,vip,silver,2025-01-21
CL-09988,vip,silver,2024-07-26
CL-09989,new,gold,2025-01-12
CL-09990,new,silver,2024-05-19
CL-09991,new,silver,2025-12-12
CL-09992,new,gold,2025-10-14
CL-09993,regular,none,2025-07-02
CL-09994,new,platinum,2024-09-14
CL-09995,regular,gold,2024-04-19
CL-09996,regular,silver,2024-02-13
CL-09997,new,none,2024-10-18
CL-09998,new,none,2025-09-24
CL-09999,regular,none,2024-10-08
CL-10000,regular,none,2025-08-30
CL-10001,regular,silver,2024-05-14
CL-10002,regular,gold,2025-09-01
CL-10003,new,silver,2024-02-28
CL-10004,new,none,2024-09-16
CL-10005,new,platinum,2024-04-24
CL-10006,new,gold,2025-04-03
CL-10007,regular,silver,2024-05-22
CL-10008,sleeping,none,2024-01-11
CL-10009,new,silver,2024-09-01
CL-10010,new,silver,2024-01-02
CL-10011,regular,none,2024-10-15
CL-10012,regular,silver,2024-07-16
CL-10013,new,silver,2025-12-10
CL-10014,new,none,2025-02-03
CL-10015,sleeping,gold,2024-11-30
CL-10016,new,gold,2025-04-01
CL-10017,regular,silver,2024-04-14
CL-10018,regular,none,2024-04-11
CL-10019,new,none,2024-04-27
CL-10020,regular,silver,2025-10-21
CL-10021,new,gold,2025-07-20
CL-10022,new,silver,2025-12-30
CL-10023,new,none,2025-09-09
CL-10024,sleeping,none,2024-03-31
CL-10025,new,none,2024-05-05
CL-10026,new,silver,2025-09-18
CL-10027,sleeping,silver,2025-02-19
CL-10028,new,none,2025-04-11
CL-10029,vip,silver,2024-06-26
CL-10030,regular,gold,2025-01-16
CL-10031,regular,silver,2025-11-16
CL-10032,regular,none,2025-01-06
CL-10033,regular,silver,2025-06-06
CL-10034,new,gold,2025-07-23
CL-10035,sleeping,none,2025-12-03
CL-10036,sleeping,none,2024-06-07
CL-10037,sleeping,silver,2025-11-22
CL-10038,regular,none,2025-04-07
CL-10039,regular,gold,2025-09-25
CL-10040,regular,silver,2024-07-17
CL-10041,new,none,2024-03-30
CL-10042,regular,gold,2024-03-05
CL-10043,regular,silver,2024-10-18
CL-10044,regular,silver,2025-02-24
CL-10045,new,none,2024-08-06
CL-10046,regular,silver,2024-07-23
CL-10047,regular,gold,2025-09-12
CL-10048,regular,none,2025-07-18
CL-10049,sleeping,none,2025-04-27
CL-10050,regular,platinum,2025-05-09
CL-10051,new,none,2025-10-05
CL-10052,new,none,2024-06-19
CL-10053,regular,none,2025-12-15
CL-10054,regular,silver,2025-10-16
CL-10055,vip,silver,2024-09-18
CL-10056,new,none,2024-09-20
CL-10057,new,none,2024-05-20
CL-10058,regular,silver,2025-06-22
CL-10059,regular,silver,2024-08-18
CL-10060,sleeping,none,2024-07-22
CL-10061,sleeping,silver,2025-05-25
CL-10062,regular,silver,2024-05-29
CL-10063,vip,none,2024-03-26
CL-10064,new,none,2025-10-15
CL-10065,regular,gold,2024-01-31
CL-10066,sleeping,gold,2025-11-29
CL-10067,regular,none,2025-06-03
CL-10068,sleeping,gold,2024-09-24
CL-10069,new,silver,2025-03-04
CL-10070,new,platinum,2024-08-27
CL-10071,regular,platinum,2024-11-06
CL-10072,sleeping,silver,2025-06-17
CL-10073,new,silver,2025-11-21
CL-10074,vip,none,2024-06-21
CL-10075,new,silver,2025-02-09
CL-10076,regular,none,2025-10-18
CL-10077,regular,silver,2024-01-11
CL-10078,new,none,2024-01-07
CL-10079,regular,gold,2025-04-12
CL-10080,regular,platinum,2024-04-18
CL-10081,regular,none,2026-01-24
CL-10082,new,silver,2024-04-01
CL-10083,new,gold,2025-07-15
CL-10084,sleeping,silver,2024-08-29
CL-10085,regular,platinum,2025-12-03
CL-10086,vip,silver,2025-10-20
CL-10087,regular,none,2025-08-29
CL-10088,vip,silver,2025-05-01
CL-10089,new,silver,2024-06-13
CL-10090,regular,none,2024-03-22
CL-10091,regular,gold,2024-07-18
CL-10092,new,silver,2024-02-29
CL-10093,new,none,2025-08-19
CL-10094,regular,silver,2024-08-07
CL-10095,vip,none,2024-11-30
CL-10096,regular,silver,2025-04-16
CL-10097,new,silver,2025-06-17
CL-10098,sleeping,none,2025-03-27
CL-10099,new,gold,2025-07-13
CL-10100,new,gold,2024-03-27
CL-10101,sleeping,silver,2024-07-31
CL-10102,regular,silver,2025-08-01
CL-10103,sleeping,platinum,2025-06-29
CL-10104,vip,none,2025-04-25
CL-10105,regular,none,2025-12-15
CL-10106,new,none,2026-01-17
CL-10107,new,silver,2024-03-04
CL-10108,sleeping,none,2025-02-23
CL-10109,vip,silver,2025-11-15
CL-10110,regular,silver,2024-09-05
CL-10111,regular,none,2024-02-14
CL-10112,new,none,2024-03-31
CL-10113,new,none,2025-07-03
CL-10114,vip,silver,2025-11-29
CL-10115,new,none,2025-06-21
CL-10116,regular,none,2024-01-29
CL-10117,sleeping,none,2024-11-09
CL-10118,regular,silver,2024-09-22
CL-10119,regular,none,2025-11-23
CL-10120,new,silver,2025-02-07
CL-10121,new,gold,2024-06-27
CL-10122,new,silver,2025-03-09
CL-10123,new,none,2025-07-22
CL-10124,new,silver,2025-03-18
CL-10125,new,none,2024-11-13
CL-10126,new,gold,2025-06-29
CL-10127,new,gold,2024-08-19
CL-10128,sleeping,silver,2024-04-07
CL-10129,new,none,2025-10-17
CL-10130,regular,silver,2025-06-30
CL-10131,vip,silver,2025-07-09
CL-10132,new,none,2025-11-07
CL-10133,regular,gold,2025-06-26
CL-10134,vip,none,2024-01-24
CL-10135,regular,gold,2025-10-03
CL-10136,new,gold,2024-01-28
CL-10137,regular,none,2025-06-10
CL-10138,regular,none,2026-01-23
CL-10139,regular,none,2024-11-02
CL-10140,new,gold,2024-08-25
CL-10141,new,none,2025-12-06
CL-10142,vip,none,2024-12-11
CL-10143,new,silver,2025-12-01
CL-10144,new,none,2024-08-23
CL-10145,regular,none,2024-05-20
CL-10146,sleeping,gold,2025-02-26
CL-10147,new,silver,2024-10-09
CL-10148,new,silver,2025-06-24
CL-10149,regular,none,2024-08-14
CL-10150,regular,silver,2025-07-31
CL-10151,regular,silver,2024-09-26
CL-10152,sleeping,silver,2024-09-27
CL-10153,new,platinum,2025-06-23
CL-10154,new,none,2024-07-17
CL-10155,regular,silver,2024-08-05
CL-10156,new,gold,2025-02-19
CL-10157,regular,none,2024-09-08
CL-10158,regular,platinum,2024-10-19
CL-10159,new,silver,2024-09-14
CL-10160,regular,none,2025-04-17
CL-10161,new,none,2024-09-11
CL-10162,regular,none,2025-04-09
CL-10163,regular,gold,2024-06-26
CL-10164,regular,platinum,2025-11-10
CL-10165,new,silver,2025-12-24
CL-10166,sleeping,none,2024-01-03
CL-10167,sleeping,silver,2024-03-20
CL-10168,vip,silver,2024-03-18
CL-10169,sleeping,none,2024-05-18
CL-10170,new,none,2025-08-20
CL-10171,regular,none,2024-07-06
CL-10172,new,none,2025-03-19
CL-10173,sleeping,silver,2024-07-10
CL-10174,new,none,2024-02-17
CL-10175,new,none,2024-03-04
CL-10176,regular,none,2025-12-17
CL-10177,new,silver,2025-02-28
CL-10178,regular,silver,2025-05-09
CL-10179,new,none,2024-05-22
CL-10180,regular,gold,2025-01-04
CL-10181,vip,silver,2025-05-14
CL-10182,regular,none,2025-08-15
CL-10183,new,none,2025-05-14
CL-10184,new,platinum,2025-03-28
CL-10185,new,silver,2025-04-19
CL-10186,new,none,2024-10-10
CL-10187,regular,silver,2025-06-15
CL-10188,new,none,2024-08-13
CL-10189,new,gold,2025-06-30
CL-10190,new,gold,2024-12-10
CL-10191,sleeping,gold,2025-03-14
CL-10192,new,silver,2024-12-27
CL-10193,new,silver,2025-03-07
CL-10194,regular,none,2025-06-25
CL-10195,new,gold,2024-08-01
CL-10196,sleeping,none,2024-12-25
CL-10197,new,none,2024-11-02
CL-10198,regular,platinum,2024-01-14
CL-10199,regular,platinum,2025-10-09
CL-10200,vip,silver,2025-06-04
CL-10201,regular,silver,2024-02-04
CL-10202,regular,none,2024-02-22
CL-10203,regular,silver,2025-12-05
CL-10204,regular,none,2025-10-05
CL-10205,regular,none,2025-07-08
CL-10206,regular,silver,2025-06-22
CL-10207,regular,gold,2025-10-01
CL-10208,new,platinum,2025-03-30
CL-10209,new,platinum,2024-01-05
CL-10210,regular,gold,2024-12-11
CL-10211,new,none,2024-09-08
CL-10212,regular,none,2024-05-10
CL-10213,new,silver,2025-10-15
CL-10214,regular,none,2025-05-12
CL-10215,regular,silver,2025-11-16
CL-10216,regular,none,2024-03-24
CL-10217,regular,gold,2026-01-11
CL-10218,new,none,2025-04-04
CL-10219,new,none,2025-03-07
CL-10220,regular,gold,2024-05-19
CL-10221,vip,silver,2025-04-19
CL-10222,regular,none,2025-03-29
CL-10223,regular,silver,2025-06-17
CL-10224,regular,silver,2024-04-24
CL-10225,regular,none,2025-04-28
CL-10226,regular,silver,2024-03-12
CL-10227,regular,gold,2024-02-23
CL-10228,new,none,2024-12-23
CL-10229,new,silver,2024-03-31
CL-10230,regular,none,2025-06-23
CL-10231,regular,silver,2025-01-01
CL-10232,regular,platinum,2024-06-30
CL-10233,new,none,2024-07-26
CL-10234,new,gold,2025-01-13
CL-10235,regular,gold,2025-03-30
CL-10236,new,none,2025-08-30
CL-10237,vip,gold,2025-03-11
CL-10238,new,platinum,2025-02-21
CL-10239,regular,platinum,2025-04-06
CL-10240,regular,silver,2025-03-29
CL-10241,new,none,2024-09-22
CL-10242,new,none,2024-06-16
CL-10243,new,none,2025-02-03
CL-10244,new,silver,2024-04-04
CL-10245,new,none,2024-07-02
CL-10246,regular,silver,2024-04-23
CL-10247,new,gold,2025-01-07
CL-10248,regular,none,2026-01-09
CL-10249,new,gold,2025-10-27
CL-10250,sleeping,none,2024-03-06
CL-10251,regular,none,2025-09-16
CL-10252,sleeping,gold,2024-04-25
CL-10253,sleeping,none,2025-11-23
CL-10254,new,none,2024-06-05
CL-10255,regular,platinum,2024-04-05
CL-10256,new,gold,2025-08-21
CL-10257,sleeping,gold,2025-09-25
CL-10258,regular,none,2024-10-29
CL-10259,regular,none,2025-02-19
CL-10260,sleeping,none,2025-08-24
CL-10261,vip,none,2025-10-10
CL-10262,sleeping,platinum,2024-11-14
CL-10263,new,none,2025-08-19
CL-10264,new,silver,2025-08-26
CL-10265,new,none,2025-08-25
CL-10266,regular,silver,2025-11-11
CL-10267,regular,none,2025-09-27
CL-10268,new,none,2024-12-05
CL-10269,regular,none,2024-08-27
CL-10270,new,gold,2026-01-19
CL-10271,regular,silver,2024-12-05
CL-10272,vip,silver,2025-12-10
CL-10273,regular,none,2026-01-27
CL-10274,regular,silver,2024-01-12
CL-10275,new,silver,2024-04-17
CL-10276,new,silver,2025-03-04
CL-10277,regular,silver,2024-03-07
CL-10278,regular,gold,2025-05-14
CL-10279,new,platinum,2024-01-09
CL-10280,sleeping,platinum,2025-10-02
CL-10281,regular,silver,2024-11-21
CL-10282,vip,none,2025-05-26
CL-10283,regular,none,2024-12-19
CL-10284,sleeping,none,2025-06-07
CL-10285,new,none,2025-06-01
CL-10286,new,none,2024-08-08
CL-10287,sleeping,silver,2025-08-31
CL-10288,sleeping,silver,2025-09-15
CL-10289,regular,silver,2024-09-01
CL-10290,new,platinum,2024-02-18
CL-10291,new,none,2024-12-06
CL-10292,regular,none,2025-05-14
CL-10293,vip,silver,2025-08-14
CL-10294,new,silver,2024-06-02
CL-10295,new,silver,2024-12-30
CL-10296,regular,gold,2025-08-04
CL-10297,regular,none,2025-02-03
CL-10298,regular,silver,2025-08-23
CL-10299,regular,platinum,2025-05-27
CL-10300,sleeping,silver,2024-05-12
CL-10301,new,silver,2024-06-09
CL-10302,regular,none,2025-08-26
CL-10303,regular,none,2025-06-18
CL-10304,regular,none,2025-09-28
CL-10305,vip,silver,2024-08-11
CL-10306,regular,silver,2024-02-10
CL-10307,regular,platinum,2024-06-29
CL-10308,new,silver,2024-11-22
CL-10309,regular,none,2024-04-02
CL-10310,new,gold,2024-05-26
CL-10311,new,none,2024-04-19
CL-10312,regular,silver,2024-04-06
CL-10313,regular,none,2024-10-17
CL-10314,sleeping,gold,2025-09-02
CL-10315,regular,gold,2024-10-15
CL-10316,vip,none,2024-08-10
CL-10317,new,silver,2025-02-20
CL-10318,regular,silver,2025-05-04
CL-10319,sleeping,none,2024-09-22
CL-10320,regular,none,2024-01-03
CL-10321,vip,silver,2024-08-14
CL-10322,regular,none,2024-03-01
CL-10323,new,none,2024-04-20
CL-10324,regular,gold,2025-04-08
CL-10325,new,silver,2024-05-16
CL-10326,new,none,2024-10-08
CL-10327,new,platinum,2024-10-25
CL-10328,new,gold,2025-10-30
CL-10329,regular,platinum,2024-04-26
CL-10330,sleeping,silver,2024-03-03
CL-10331,regular,none,2025-02-10
CL-10332,vip,none,2025-04-19
CL-10333,regular,platinum,2025-01-16
CL-10334,new,gold,2025-06-18
CL-10335,new,silver,2025-10-18
CL-10336,sleeping,silver,2025-04-09
CL-10337,regular,none,2025-02-12
CL-10338,sleeping,silver,2025-06-01
CL-10339,new,none,2024-06-11
CL-10340,regular,silver,2024-07-08
CL-10341,regular,silver,2024-10-08
CL-10342,sleeping,gold,2025-08-06
CL-10343,new,silver,2025-10-09
CL-10344,sleeping,silver,2025-02-25
CL-10345,regular,none,2025-04-16
CL-10346,vip,none,2025-08-21
CL-10347,regular,none,2024-07-03
CL-10348,regular,none,2024-04-02
CL-10349,regular,none,2025-07-21
CL-10350,vip,none,2024-04-06
CL-10351,new,silver,2024-04-29
CL-10352,regular,silver,2024-10-27
CL-10353,regular,silver,2025-08-20
CL-10354,regular,gold,2024-10-23
CL-10355,regular,none,2024-03-31
CL-10356,regular,none,2024-04-07
CL-10357,regular,none,2024-07-11
CL-10358,regular,none,2024-03-02
CL-10359,regular,silver,2024-09-06
CL-10360,regular,gold,2024-03-02
CL-10361,vip,none,2025-10-04
CL-10362,regular,silver,2024-02-09
CL-10363,new,none,2024-05-30
CL-10364,regular,none,2024-01-26
CL-10365,new,gold,2024-08-09
CL-10366,new,silver,2025-09-05
CL-10367,regular,silver,2025-03-14
CL-10368,regular,gold,2025-12-11
CL-10369,regular,silver,2025-04-13
CL-10370,sleeping,none,2024-11-19
CL-10371,new,silver,2025-12-29
CL-10372,new,silver,2024-05-21
CL-10373,new,silver,2024-03-26
CL-10374,new,silver,2024-09-06
CL-10375,regular,silver,2025-12-07
CL-10376,regular,none,2025-09-14
CL-10377,regular,silver,2025-02-12
CL-10378,new,none,2025-12-07
CL-10379,regular,none,2025-05-06
CL-10380,new,silver,2024-06-30
CL-10381,regular,silver,2024-01-05
CL-10382,regular,gold,2024-01-24
CL-10383,new,silver,2025-10-07
CL-10384,vip,silver,2024-08-22
CL-10385,regular,none,2024-11-16
CL-10386,new,silver,2024-10-19
CL-10387,regular,none,2024-03-08
CL-10388,regular,silver,2024-01-03
CL-10389,new,silver,2025-07-06
CL-10390,new,none,2025-06-01
CL-10391,regular,gold,2024-06-20
CL-10392,sleeping,silver,2024-04-04
CL-10393,regular,silver,2025-01-27
CL-10394,regular,silver,2024-03-03
CL-10395,regular,silver,2024-08-08
CL-10396,regular,silver,2025-06-30
CL-10397,new,none,2024-05-11
CL-10398,regular,gold,2025-08-08
CL-10399,sleeping,silver,2025-11-02
CL-10400,vip,silver,2024-05-19
CL-10401,sleeping,silver,2025-05-20
CL-10402,new,none,2025-08-07
CL-10403,regular,gold,2025-01-29
CL-10404,regular,silver,2024-08-14
CL-10405,new,gold,2026-01-17
CL-10406,new,none,2024-08-22
CL-10407,regular,gold,2024-07-07
CL-10408,regular,gold,2024-04-03
CL-10409,regular,platinum,2025-11-19
CL-10410,new,gold,2024-06-21
CL-10411,regular,silver,2024-04-11
CL-10412,new,silver,2024-01-30
CL-10413,new,none,2024-08-09
CL-10414,regular,silver,2025-05-25
CL-10415,new,silver,2025-06-03
CL-10416,sleeping,none,2025-10-09
CL-10417,regular,silver,2025-05-22
CL-10418,new,none,2024-02-06
CL-10419,new,silver,2025-10-02
CL-10420,regular,silver,2024-07-13
CL-10421,new,gold,2025-12-28
CL-10422,new,none,2024-09-20
CL-10423,regular,none,2024-01-13
CL-10424,new,silver,2024-10-25
CL-10425,regular,silver,2024-12-08
CL-10426,regular,none,2025-09-18
CL-10427,new,silver,2025-02-23
CL-10428,regular,gold,2024-02-02
CL-10429,regular,silver,2024-02-06
CL-10430,regular,none,2025-04-11
CL-10431,new,none,2024-03-04
CL-10432,regular,silver,2025-02-08
CL-10433,new,silver,2025-11-12
CL-10434,regular,platinum,2025-09-29
CL-10435,new,none,2025-04-25
CL-10436,sleeping,silver,2024-08-20
CL-10437,new,platinum,2025-01-26
CL-10438,sleeping,none,2024-03-18
CL-10439,sleeping,platinum,2025-07-15
CL-10440,regular,silver,2024-04-09
CL-10441,new,silver,2024-02-09
CL-10442,regular,silver,2025-04-24
CL-10443,sleeping,gold,2025-03-11
CL-10444,regular,gold,2025-02-18
CL-10445,regular,none,2024-12-27
CL-10446,new,silver,2025-03-26
CL-10447,vip,none,2024-11-30
CL-10448,new,none,2024-04-14
CL-10449,new,silver,2025-03-09
CL-10450,new,silver,2024-02-02
CL-10451,regular,none,2024-02-18
CL-10452,sleeping,none,2025-03-06
CL-10453,regular,none,2025-06-18
CL-10454,new,none,2024-03-02
CL-10455,regular,none,2024-10-13
CL-10456,regular,none,2025-12-07
CL-10457,regular,gold,2025-08-16
CL-10458,new,none,2025-09-02
CL-10459,regular,gold,2025-05-13
CL-10460,regular,none,2024-05-16
CL-10461,sleeping,silver,2024-10-21
CL-10462,regular,none,2025-03-30
CL-10463,new,none,2025-05-21
CL-10464,regular,silver,2024-04-10
CL-10465,new,none,2026-01-07
CL-10466,vip,none,2025-12-12
CL-10467,regular,silver,2024-01-28
CL-10468,new,gold,2025-03-23
CL-10469,regular,none,2024-04-18
CL-10470,new,none,2024-08-29
CL-10471,new,none,2025-11-04
CL-10472,regular,silver,2025-06-01
CL-10473,regular,platinum,2024-09-24
CL-10474,vip,none,2024-01-02
CL-10475,regular,none,2025-09-27
CL-10476,new,silver,2024-08-06
CL-10477,regular,platinum,2025-04-05
CL-10478,regular,none,2024-06-26
CL-10479,new,gold,2025-08-23
CL-10480,sleeping,silver,2024-09-20
CL-10481,sleeping,none,2025-07-16
CL-10482,new,gold,2024-03-05
CL-10483,regular,silver,2025-04-12
CL-10484,regular,none,2026-01-05
CL-10485,new,none,2024-12-25
CL-10486,regular,none,2024-12-21
CL-10487,new,none,2025-06-05
CL-10488,new,silver,2025-10-12
CL-10489,sleeping,silver,2025-09-08
CL-10490,regular,gold,2024-02-15
CL-10491,new,silver,2024-08-12
CL-10492,regular,none,2025-10-04
CL-10493,sleeping,none,2026-01-10
CL-10494,regular,gold,2025-05-11
CL-10495,sleeping,none,2024-01-04
CL-10496,vip,none,2025-05-30
CL-10497,new,silver,2025-12-20
CL-10498,regular,gold,2025-09-04
CL-10499,regular,none,2025-07-03
CL-10500,regular,silver,2025-02-03
CL-10501,regular,none,2025-11-16
CL-10502,new,gold,2025-04-26
CL-10503,new,silver,2025-01-23
CL-10504,regular,silver,2025-11-14
CL-10505,regular,none,2024-01-03
CL-10506,regular,silver,2024-04-05
CL-10507,regular,none,2025-10-01
CL-10508,new,silver,2024-02-12
CL-10509,new,platinum,2025-11-13
CL-10510,regular,none,2026-01-16
CL-10511,regular,silver,2024-07-17
CL-10512,regular,none,2025-10-31
CL-10513,new,silver,2025-02-19
CL-10514,regular,silver,2025-01-25
CL-10515,sleeping,silver,2025-12-02
CL-10516,new,silver,2025-08-16
CL-10517,new,platinum,2025-11-06
CL-10518,regular,gold,2025-11-01
CL-10519,regular,platinum,2025-07-06
CL-10520,sleeping,none,2024-12-20
CL-10521,sleeping,platinum,2024-05-20
CL-10522,regular,none,2024-03-15
CL-10523,new,none,2024-07-11
CL-10524,regular,silver,2024-12-31
CL-10525,sleeping,none,2024-04-14
CL-10526,regular,gold,2024-09-24
CL-10527,sleeping,none,2025-08-26
CL-10528,regular,silver,2024-01-18
CL-10529,new,none,2024-08-22
CL-10530,regular,none,2025-12-29
CL-10531,regular,gold,2024-09-03
CL-10532,new,silver,2025-06-27
CL-10533,new,none,2025-04-08
CL-10534,regular,silver,2025-08-20
CL-10535,new,gold,2025-07-08
CL-10536,new,silver,2025-03-29
CL-10537,regular,none,2026-01-08
CL-10538,regular,platinum,2024-07-23
CL-10539,regular,none,2024-07-31
CL-10540,sleeping,none,2025-03-20
CL-10541,sleeping,none,2025-06-27
CL-10542,regular,none,2025-06-01
CL-10543,new,platinum,2025-12-27
CL-10544,regular,platinum,2025-03-29
CL-10545,new,silver,2025-08-01
CL-10546,vip,silver,2024-04-06
CL-10547,regular,gold,2024-01-30
CL-10548,regular,silver,2025-09-10
CL-10549,regular,silver,2024-12-05
CL-10550,regular,platinum,2024-08-14
CL-10551,sleeping,none,2025-07-24
CL-10552,new,none,2024-10-28
CL-10553,sleeping,gold,2024-01-23
CL-10554,new,silver,2025-02-22
CL-10555,regular,none,2024-04-05
CL-10556,sleeping,none,2026-01-13
CL-10557,regular,silver,2024-09-06
CL-10558,new,silver,2024-08-25
CL-10559,vip,gold,2025-10-03
CL-10560,vip,gold,2024-02-01
CL-10561,new,silver,2025-05-29
CL-10562,regular,silver,2026-01-09
CL-10563,vip,silver,2024-01-23
CL-10564,new,none,2025-12-28
CL-10565,regular,silver,2025-04-13
CL-10566,regular,silver,2024-05-30
CL-10567,new,gold,2025-10-10
CL-10568,vip,gold,2025-09-22
CL-10569,new,none,2026-01-16
CL-10570,sleeping,gold,2025-11-29
CL-10571,regular,silver,2025-04-09
CL-10572,regular,none,2024-01-10
CL-10573,regular,none,2025-07-21
CL-10574,regular,gold,2025-07-27
CL-10575,vip,none,2025-08-10
CL-10576,regular,silver,2024-05-16
CL-10577,regular,silver,2025-07-11
CL-10578,regular,silver,2025-09-20
CL-10579,new,silver,2024-02-26
CL-10580,new,silver,2024-01-16
CL-10581,regular,gold,2024-03-04
CL-10582,regular,silver,2025-06-09
CL-10583,regular,none,2024-08-16
CL-10584,regular,silver,2025-09-12
CL-10585,regular,silver,2025-12-28
CL-10586,regular,silver,2024-01-28
CL-10587,regular,silver,2025-07-15
CL-10588,sleeping,none,2025-07-29
CL-10589,new,silver,2024-02-27
CL-10590,regular,gold,2024-03-31
CL-10591,new,silver,2025-09-04
CL-10592,vip,silver,2024-03-01
CL-10593,regular,silver,2024-05-31
CL-10594,regular,silver,2025-11-30
CL-10595,vip,none,2025-07-06
CL-10596,regular,silver,2025-12-02
CL-10597,new,silver,2024-07-27
CL-10598,regular,none,2025-07-17
CL-10599,new,silver,2025-04-08
CL-10600,sleeping,silver,2025-11-07
CL-10601,regular,none,2024-06-20
CL-10602,regular,silver,2024-01-13
CL-10603,vip,silver,2024-10-30
CL-10604,regular,none,2025-01-23
CL-10605,regular,none,2025-03-12
CL-10606,new,silver,2025-10-24
CL-10607,regular,silver,2025-06-05
CL-10608,sleeping,silver,2025-11-09
CL-10609,sleeping,silver,2025-07-08
CL-10610,regular,gold,2024-10-05
CL-10611,new,none,2025-09-12
CL-10612,new,silver,2024-09-03
CL-10613,vip,none,2025-09-09
CL-10614,new,none,2025-06-15
CL-10615,regular,platinum,2024-06-17
CL-10616,regular,gold,2024-02-15
CL-10617,new,none,2025-11-04
CL-10618,regular,none,2025-08-16
CL-10619,sleeping,gold,2024-02-08
CL-10620,regular,none,2024-07-08
CL-10621,regular,gold,2025-01-01
CL-10622,regular,none,2025-01-31
CL-10623,sleeping,silver,2024-10-13
CL-10624,regular,none,2024-05-26
CL-10625,regular,silver,2025-05-22
CL-10626,regular,none,2025-07-12
CL-10627,new,silver,2025-05-01
CL-10628,new,gold,2025-12-27
CL-10629,vip,none,2024-10-26
CL-10630,regular,silver,2025-02-15
CL-10631,new,none,2024-08-29
CL-10632,new,silver,2025-12-23
CL-10633,sleeping,none,2024-11-14
CL-10634,regular,silver,2024-11-01
CL-10635,regular,gold,2025-07-18
CL-10636,new,gold,2024-08-05
CL-10637,sleeping,gold,2024-10-03
CL-10638,sleeping,none,2025-09-29
CL-10639,regular,none,2024-01-17
CL-10640,new,none,2024-01-29
CL-10641,regular,silver,2025-10-20
CL-10642,vip,none,2024-08-01
CL-10643,regular,gold,2025-08-16
CL-10644,sleeping,platinum,2025-06-08
CL-10645,regular,none,2024-05-31
CL-10646,new,none,2024-05-23
CL-10647,regular,silver,2026-01-17
CL-10648,vip,silver,2025-11-07
CL-10649,new,silver,2024-07-14
CL-10650,new,none,2025-01-01
CL-10651,regular,gold,2025-10-17
CL-10652,regular,silver,2024-07-05
CL-10653,vip,none,2025-05-17
CL-10654,new,none,2024-10-09
CL-10655,new,gold,2025-11-01
CL-10656,new,none,2024-08-03
CL-10657,regular,gold,2024-11-25
CL-10658,regular,silver,2025-06-16
CL-10659,regular,platinum,2025-05-25
CL-10660,regular,gold,2024-03-24
CL-10661,new,gold,2024-03-07
CL-10662,regular,silver,2025-10-10
CL-10663,sleeping,silver,2025-08-01
CL-10664,regular,none,2024-04-23
CL-10665,new,silver,2025-05-07
CL-10666,regular,silver,2024-08-02
CL-10667,new,silver,2024-11-04
CL-10668,new,silver,2025-04-21
CL-10669,new,none,2025-04-30
CL-10670,new,silver,2024-09-26
CL-10671,new,none,2025-09-23
CL-10672,regular,silver,2025-01-22
CL-10673,new,silver,2025-09-10
CL-10674,regular,gold,2025-03-08
CL-10675,sleeping,silver,2024-09-28
CL-10676,regular,gold,2024-07-15
CL-10677,regular,platinum,2024-01-10
CL-10678,regular,none,2025-02-10
CL-10679,new,silver,2025-02-26
CL-10680,regular,none,2025-12-14
CL-10681,regular,gold,2024-07-16
CL-10682,vip,silver,2024-01-02
CL-10683,vip,none,2025-11-10
CL-10684,vip,none,2025-03-29
CL-10685,regular,silver,2024-02-07
CL-10686,regular,none,2024-08-31
CL-10687,vip,none,2026-01-07
CL-10688,vip,gold,2025-10-17
CL-10689,regular,none,2025-02-24
CL-10690,sleeping,silver,2024-03-14
CL-10691,vip,silver,2025-05-09
CL-10692,regular,none,2024-02-16
CL-10693,new,none,2024-10-24
CL-10694,new,none,2024-11-03
CL-10695,regular,platinum,2025-08-13
CL-10696,new,silver,2025-05-27
CL-10697,regular,none,2024-12-29
CL-10698,regular,gold,2024-01-05
CL-10699,vip,none,2024-01-14
CL-10700,vip,none,2025-09-08
CL-10701,regular,none,2025-05-10
CL-10702,regular,gold,2024-09-12
CL-10703,new,silver,2025-07-24
CL-10704,regular,silver,2025-11-30
CL-10705,new,none,2024-01-10
CL-10706,regular,gold,2025-11-19
CL-10707,sleeping,gold,2024-07-07
CL-10708,regular,silver,2025-08-03
CL-10709,regular,none,2025-03-24
CL-10710,regular,silver,2025-07-14
CL-10711,vip,none,2024-03-30
CL-10712,regular,none,2025-04-01
CL-10713,regular,silver,2026-01-04
CL-10714,new,silver,2025-08-26
CL-10715,regular,gold,2025-08-29
CL-10716,new,none,2024-05-15
CL-10717,regular,none,2024-07-28
CL-10718,regular,silver,2025-09-13
CL-10719,new,silver,2024-11-02
CL-10720,regular,silver,2025-03-05
CL-10721,new,silver,2024-05-07
CL-10722,new,none,2025-08-17
CL-10723,new,silver,2024-12-04
CL-10724,new,platinum,2025-01-10
CL-10725,sleeping,none,2025-12-24
CL-10726,sleeping,silver,2025-04-24
CL-10727,regular,none,2024-11-30
CL-10728,regular,none,2024-09-16
CL-10729,regular,gold,2025-04-01
CL-10730,sleeping,silver,2024-11-18
CL-10731,regular,none,2024-06-20
CL-10732,new,silver,2024-10-04
CL-10733,regular,none,2024-08-05
CL-10734,sleeping,none,2025-07-16
CL-10735,new,gold,2025-01-16
CL-10736,regular,none,2024-06-01
CL-10737,regular,silver,2024-04-23
CL-10738,regular,silver,2025-12-08
CL-10739,regular,gold,2025-11-06
CL-10740,regular,none,2025-09-22
CL-10741,sleeping,silver,2025-07-12
CL-10742,regular,none,2025-10-16
CL-10743,new,none,2025-05-06
CL-10744,vip,none,2025-11-25
CL-10745,regular,silver,2025-11-29
CL-10746,regular,none,2024-11-27
CL-10747,regular,platinum,2024-07-07
CL-10748,vip,silver,2025-11-08
CL-10749,regular,gold,2025-09-20
CL-10750,new,none,2024-12-03
CL-10751,new,none,2025-11-21
CL-10752,new,silver,2024-03-18
CL-10753,regular,none,2025-09-16
CL-10754,new,silver,2024-02-07
CL-10755,regular,gold,2024-03-18
CL-10756,regular,silver,2024-02-18
CL-10757,vip,gold,2024-03-01
CL-10758,regular,none,2024-05-22
CL-10759,sleeping,silver,2024-10-02
CL-10760,sleeping,silver,2024-09-30
CL-10761,new,silver,2024-11-15
CL-10762,regular,silver,2026-01-14
CL-10763,new,silver,2025-01-23
CL-10764,vip,gold,2024-07-02
CL-10765,regular,none,2024-04-14
CL-10766,new,none,2025-11-24
CL-10767,new,none,2024-07-28
CL-10768,regular,none,2025-09-07
CL-10769,vip,silver,2025-08-23
CL-10770,regular,silver,2025-10-16
CL-10771,new,none,2024-04-21
CL-10772,new,gold,2025-08-19
CL-10773,regular,gold,2025-08-17
CL-10774,regular,silver,2026-01-09
CL-10775,new,silver,2025-06-22
CL-10776,new,none,2024-04-01
CL-10777,sleeping,silver,2024-12-14
CL-10778,regular,silver,2024-12-30
CL-10779,regular,none,2024-12-25
CL-10780,regular,gold,2024-09-17
CL-10781,regular,silver,2025-09-01
CL-10782,regular,none,2024-08-04
CL-10783,new,silver,2024-12-04
CL-10784,new,silver,2024-12-05
CL-10785,sleeping,none,2025-05-03
CL-10786,vip,none,2024-12-31
CL-10787,regular,none,2026-01-07
CL-10788,new,silver,2026-01-19
CL-10789,new,none,2024-12-18
CL-10790,new,none,2024-07-20
CL-10791,sleeping,gold,2025-08-01
CL-10792,vip,gold,2025-11-23
CL-10793,regular,silver,2025-11-05
CL-10794,sleeping,gold,2024-05-06
CL-10795,new,silver,2024-02-10
CL-10796,regular,none,2025-05-20
CL-10797,new,silver,2024-08-16
CL-10798,new,none,2024-08-20
CL-10799,sleeping,silver,2024-01-23
CL-10800,vip,platinum,2025-12-30
CL-10801,new,none,2024-01-02
CL-10802,new,none,2025-04-27
CL-10803,regular,none,2025-12-04
CL-10804,new,gold,2024-02-18
CL-10805,regular,none,2025-04-13
CL-10806,regular,gold,2025-12-02
CL-10807,new,none,2024-11-08
CL-10808,new,gold,2024-08-11
CL-10809,new,none,2025-06-19
CL-10810,sleeping,none,2025-12-05
CL-10811,regular,none,2025-02-28
CL-10812,regular,none,2024-01-11
CL-10813,new,none,2025-06-04
CL-10814,regular,none,2024-06-15
CL-10815,new,silver,2026-01-21
CL-10816,new,silver,2024-07-30
CL-10817,regular,none,2025-04-28
CL-10818,regular,silver,2025-06-06
CL-10819,new,gold,2024-12-04
CL-10820,regular,platinum,2025-08-29
CL-10821,sleeping,silver,2025-11-12
CL-10822,new,none,2025-04-23
CL-10823,new,platinum,2025-07-27
CL-10824,regular,platinum,2024-02-17
CL-10825,new,gold,2024-07-02
CL-10826,regular,silver,2024-11-25
CL-10827,regular,silver,2024-04-09
CL-10828,regular,gold,2025-01-10
CL-10829,regular,silver,2024-02-25
CL-10830,regular,none,2024-09-29
CL-10831,regular,platinum,2024-02-16
CL-10832,new,gold,2024-11-14
CL-10833,new,none,2024-11-04
CL-10834,regular,none,2025-01-01
CL-10835,new,gold,2026-01-22
CL-10836,new,none,2025-02-25
CL-10837,new,silver,2024-04-22
CL-10838,regular,none,2025-04-24
CL-10839,new,none,2026-01-14
CL-10840,regular,silver,2024-06-08
CL-10841,regular,platinum,2024-03-02
CL-10842,regular,silver,2025-11-16
CL-10843,new,none,2024-05-10
CL-10844,vip,none,2025-09-21
CL-10845,new,none,2024-11-21
CL-10846,sleeping,platinum,2025-08-20
CL-10847,regular,silver,2025-06-25
CL-10848,new,platinum,2025-09-04
CL-10849,regular,gold,2025-08-01
CL-10850,regular,silver,2025-02-03
CL-10851,regular,none,2024-07-04
CL-10852,regular,platinum,2025-12-25
CL-10853,regular,none,2024-05-23
CL-10854,regular,gold,2024-10-05
CL-10855,sleeping,silver,2024-08-01
CL-10856,new,none,2024-11-15
CL-10857,regular,silver,2024-07-08
CL-10858,regular,none,2025-09-12
CL-10859,regular,silver,2024-11-28
CL-10860,regular,silver,2025-10-22
CL-10861,regular,none,2024-01-24
CL-10862,regular,silver,2024-12-07
CL-10863,new,silver,2025-03-20
CL-10864,new,gold,2025-10-06
CL-10865,regular,gold,2025-07-09
CL-10866,new,silver,2025-04-26
CL-10867,new,platinum,2025-10-04
CL-10868,new,none,2024-10-21
CL-10869,regular,none,2025-12-27
CL-10870,sleeping,none,2025-11-19
CL-10871,regular,gold,2025-11-21
CL-10872,new,none,2025-01-17
CL-10873,vip,gold,2024-03-11
CL-10874,new,silver,2025-10-07
CL-10875,sleeping,none,2024-11-12
CL-10876,regular,silver,2025-09-09
CL-10877,new,silver,2024-02-11
CL-10878,regular,silver,2024-03-14
CL-10879,new,gold,2024-09-22
CL-10880,regular,silver,2025-10-24
CL-10881,new,none,2024-01-24
CL-10882,vip,silver,2024-05-03
CL-10883,regular,none,2025-01-11
CL-10884,vip,gold,2025-09-10
CL-10885,sleeping,none,2024-04-28
CL-10886,new,silver,2025-07-28
CL-10887,regular,silver,2025-01-06
CL-10888,vip,none,2025-07-14
CL-10889,regular,silver,2025-06-29
CL-10890,new,none,2025-11-30
CL-10891,new,silver,2024-02-14
CL-10892,new,silver,2025-04-01
CL-10893,vip,none,2024-12-12
CL-10894,regular,none,2024-09-14
CL-10895,regular,silver,2025-07-16
CL-10896,sleeping,silver,2025-03-26
CL-10897,new,silver,2024-12-03
CL-10898,regular,none,2025-06-13
CL-10899,new,none,2025-03-12
CL-10900,new,silver,2024-10-04
CL-10901,new,gold,2024-09-12
CL-10902,new,silver,2024-07-12
CL-10903,regular,silver,2024-08-13
CL-10904,regular,silver,2025-01-07
CL-10905,new,silver,2024-05-17
CL-10906,new,gold,2025-11-13
CL-10907,regular,none,2025-03-18
CL-10908,new,silver,2025-04-24
CL-10909,vip,none,2025-03-12
CL-10910,sleeping,none,2025-11-12
CL-10911,regular,none,2025-09-14
CL-10912,regular,none,2024-12-27
CL-10913,regular,none,2024-09-18
CL-10914,regular,none,2025-12-20
CL-10915,sleeping,none,2025-03-31
CL-10916,sleeping,none,2025-08-24
CL-10917,regular,none,2024-04-15
CL-10918,regular,none,2024-09-26
CL-10919,vip,gold,2024-07-20
CL-10920,new,silver,2024-12-06
CL-10921,regular,none,2025-01-17
CL-10922,regular,none,2026-01-28
CL-10923,regular,silver,2024-03-20
CL-10924,regular,none,2025-12-25
CL-10925,new,none,2025-09-09
CL-10926,new,none,2024-11-07
CL-10927,regular,silver,2024-08-01
CL-10928,sleeping,silver,2025-09-25
CL-10929,sleeping,silver,2024-04-13
CL-10930,regular,none,2025-11-22
CL-10931,new,none,2025-12-17
CL-10932,regular,gold,2024-07-10
CL-10933,regular,silver,2025-03-02
CL-10934,regular,silver,2025-01-28
CL-10935,regular,gold,2025-08-05
CL-10936,new,silver,2025-07-29
CL-10937,regular,none,2026-01-26
CL-10938,regular,silver,2024-02-28
CL-10939,regular,none,2025-09-13
CL-10940,sleeping,silver,2025-09-04
CL-10941,regular,silver,2025-07-17
CL-10942,sleeping,none,2024-06-09
CL-10943,regular,none,2025-07-18
CL-10944,regular,none,2024-12-30
CL-10945,sleeping,silver,2024-07-31
CL-10946,sleeping,none,2024-10-12
CL-10947,sleeping,none,2024-11-10
CL-10948,vip,none,2025-07-16
CL-10949,regular,gold,2024-06-01
CL-10950,new,gold,2024-06-26
CL-10951,regular,silver,2024-10-08
CL-10952,sleeping,silver,2024-12-20
CL-10953,regular,silver,2025-12-20
CL-10954,regular,none,2024-07-20
CL-10955,sleeping,none,2025-11-19
CL-10956,sleeping,none,2024-02-11
CL-10957,sleeping,gold,2025-01-22
CL-10958,regular,silver,2025-10-03
CL-10959,regular,none,2024-08-24
CL-10960,sleeping,silver,2024-06-19
CL-10961,new,none,2025-04-05
CL-10962,new,silver,2024-06-25
CL-10963,sleeping,silver,2024-01-12
CL-10964,regular,gold,2024-02-05
CL-10965,regular,silver,2024-12-29
CL-10966,new,gold,2025-01-17
CL-10967,regular,none,2024-01-20
CL-10968,sleeping,silver,2024-07-23
CL-10969,regular,gold,2025-07-29
CL-10970,regular,none,2025-03-05
CL-10971,regular,gold,2025-04-09
CL-10972,sleeping,platinum,2025-07-03
CL-10973,sleeping,silver,2025-11-18
CL-10974,regular,none,2024-02-04
CL-10975,regular,none,2025-01-01
CL-10976,new,silver,2024-06-01
CL-10977,regular,gold,2025-05-22
CL-10978,new,none,2024-10-24
CL-10979,regular,none,2024-04-26
CL-10980,regular,none,2025-10-30
CL-10981,new,silver,2025-01-27
CL-10982,new,gold,2024-03-24
CL-10983,new,silver,2024-06-20
CL-10984,new,silver,2025-07-19
CL-10985,regular,silver,2024-12-23
CL-10986,new,silver,2025-12-25
CL-10987,new,silver,2024-02-08
CL-10988,sleeping,none,2024-02-29
CL-10989,new,none,2025-06-08
CL-10990,sleeping,gold,2024-09-10
CL-10991,regular,silver,2025-10-26
CL-10992,regular,none,2025-08-07
CL-10993,regular,silver,2024-01-18
CL-10994,new,silver,2025-12-11
CL-10995,vip,none,2025-12-25
CL-10996,vip,silver,2024-07-06
CL-10997,new,none,2025-04-10
CL-10998,regular,gold,2025-05-02
CL-10999,regular,silver,2024-01-29
CL-11000,sleeping,gold,2025-07-09
CL-11001,vip,silver,2026-01-06
CL-11002,new,gold,2024-11-03
CL-11003,vip,none,2026-01-19
CL-11004,sleeping,none,2025-05-23
CL-11005,regular,gold,2025-07-12
CL-11006,new,gold,2025-02-21
CL-11007,vip,gold,2025-06-09
CL-11008,regular,platinum,2025-12-13
CL-11009,new,silver,2025-03-24
CL-11010,sleeping,silver,2025-02-13
CL-11011,regular,gold,2024-05-08
CL-11012,vip,none,2025-01-27
CL-11013,regular,gold,2025-10-18
CL-11014,new,gold,2025-05-23
CL-11015,sleeping,silver,2025-06-28
CL-11016,regular,none,2024-04-25
CL-11017,regular,silver,2025-10-05
CL-11018,regular,gold,2025-02-07
CL-11019,new,none,2024-12-12
CL-11020,regular,none,2024-02-08
CL-11021,regular,silver,2025-11-09
CL-11022,sleeping,gold,2025-04-21
CL-11023,sleeping,silver,2024-08-25
CL-11024,regular,silver,2025-02-10
CL-11025,new,none,2025-11-21
CL-11026,regular,silver,2025-09-29
CL-11027,new,gold,2024-08-14
CL-11028,vip,none,2025-08-29
CL-11029,regular,none,2024-01-07
CL-11030,sleeping,none,2024-11-24
CL-11031,regular,none,2025-02-20
CL-11032,new,silver,2025-05-15
CL-11033,sleeping,gold,2024-01-01
CL-11034,regular,silver,2024-08-18
CL-11035,vip,silver,2024-07-14
CL-11036,sleeping,silver,2024-10-21
CL-11037,regular,gold,2025-06-09
CL-11038,regular,none,2024-02-29
CL-11039,regular,none,2025-07-23
CL-11040,vip,silver,2024-03-17
CL-11041,sleeping,platinum,2025-01-20
CL-11042,new,silver,2025-09-14
CL-11043,regular,silver,2025-10-30
CL-11044,new,none,2026-01-08
CL-11045,regular,none,2024-11-23
CL-11046,vip,platinum,2025-01-06
CL-11047,sleeping,silver,2025-11-15
CL-11048,regular,silver,2024-04-07
CL-11049,regular,gold,2025-11-22
CL-11050,new,silver,2024-03-08
CL-11051,new,none,2024-03-10
CL-11052,regular,none,2024-02-04
CL-11053,vip,none,2024-06-24
CL-11054,regular,platinum,2025-10-29
CL-11055,new,gold,2024-06-06
CL-11056,regular,silver,2024-12-02
CL-11057,new,gold,2025-09-04
CL-11058,new,none,2025-10-31
CL-11059,sleeping,none,2024-11-29
CL-11060,new,none,2024-10-02
CL-11061,regular,gold,2024-12-18
CL-11062,regular,none,2025-03-22
CL-11063,new,none,2024-09-01
CL-11064,new,none,2025-05-27
CL-11065,new,silver,2025-09-05
CL-11066,new,silver,2024-02-08
CL-11067,sleeping,none,2025-09-16
CL-11068,regular,gold,2025-06-02
CL-11069,regular,platinum,2024-02-14
CL-11070,regular,none,2025-08-30
CL-11071,sleeping,platinum,2025-01-11
CL-11072,new,gold,2024-01-17
CL-11073,vip,gold,2024-03-03
CL-11074,new,none,2024-02-14
CL-11075,sleeping,gold,2024-11-05
CL-11076,new,silver,2025-01-31
CL-11077,new,none,2024-07-01
CL-11078,regular,gold,2026-01-08
CL-11079,new,none,2024-01-24
CL-11080,regular,gold,2026-01-09
CL-11081,regular,silver,2024-04-24
CL-11082,regular,silver,2024-03-24
CL-11083,new,none,2025-01-08
CL-11084,regular,gold,2025-08-01
CL-11085,new,none,2025-05-17
CL-11086,sleeping,gold,2025-08-25
CL-11087,regular,silver,2024-12-10
CL-11088,regular,none,2025-10-28
CL-11089,vip,silver,2025-08-03
CL-11090,regular,platinum,2024-02-03
CL-11091,regular,gold,2025-01-16
CL-11092,new,none,2026-01-09
CL-11093,regular,none,2025-07-05
CL-11094,regular,none,2025-09-16
CL-11095,new,gold,2025-07-01
CL-11096,vip,none,2025-04-06
CL-11097,new,none,2024-09-11
CL-11098,regular,none,2024-02-20
CL-11099,new,platinum,2024-08-17
CL-11100,regular,none,2024-07-01
CL-11101,vip,silver,2025-07-04
CL-11102,new,none,2024-09-20
CL-11103,regular,silver,2024-09-25
CL-11104,regular,silver,2025-10-13
CL-11105,vip,gold,2024-05-28
CL-11106,new,silver,2025-08-01
CL-11107,regular,none,2024-09-24
CL-11108,regular,silver,2025-12-15
CL-11109,regular,none,2025-12-26
CL-11110,regular,none,2024-11-17
CL-11111,regular,platinum,2025-08-17
CL-11112,regular,silver,2025-11-27
CL-11113,new,gold,2025-04-03
CL-11114,regular,none,2025-11-11
CL-11115,regular,gold,2025-06-03
CL-11116,regular,gold,2024-01-15
CL-11117,new,silver,2025-04-07
CL-11118,regular,none,2024-06-30
CL-11119,regular,gold,2025-03-25
CL-11120,regular,gold,2025-08-30
CL-11121,sleeping,none,2024-05-30
CL-11122,regular,platinum,2025-05-20
CL-11123,regular,gold,2025-02-15
CL-11124,new,none,2024-06-18
CL-11125,sleeping,none,2025-07-31
CL-11126,new,none,2025-08-16
CL-11127,regular,silver,2024-01-06
CL-11128,new,gold,2024-08-28
CL-11129,new,gold,2024-02-25
CL-11130,regular,none,2025-04-02
CL-11131,new,silver,2025-10-31
CL-11132,new,silver,2025-12-11
CL-11133,new,silver,2024-10-28
CL-11134,sleeping,silver,2024-07-01
CL-11135,regular,silver,2024-08-26
CL-11136,sleeping,none,2024-02-12
CL-11137,vip,none,2024-09-22
CL-11138,sleeping,gold,2025-05-16
CL-11139,regular,none,2024-01-14
CL-11140,new,silver,2025-07-07
CL-11141,new,platinum,2025-10-03
CL-11142,new,gold,2024-08-25
CL-11143,regular,silver,2025-08-06
CL-11144,new,none,2024-12-21
CL-11145,new,silver,2026-01-21
CL-11146,regular,silver,2025-01-15
CL-11147,new,silver,2025-03-31
CL-11148,new,none,2025-09-12
CL-11149,new,none,2024-07-27
CL-11150,regular,silver,2025-06-10
CL-11151,new,platinum,2025-10-08
CL-11152,new,silver,2024-07-26
CL-11153,new,none,2025-09-05
CL-11154,regular,none,2024-07-26
CL-11155,new,silver,2025-04-08
CL-11156,new,silver,2024-09-03
CL-11157,sleeping,none,2025-04-22
CL-11158,vip,platinum,2024-04-20
CL-11159,new,gold,2025-09-07
CL-11160,new,gold,2024-04-12
CL-11161,new,silver,2024-09-11
CL-11162,regular,gold,2025-09-13
CL-11163,new,silver,2024-03-14
CL-11164,sleeping,silver,2025-09-24
CL-11165,vip,none,2024-10-31
CL-11166,regular,none,2024-07-16
CL-11167,new,none,2025-09-23
CL-11168,sleeping,gold,2025-10-08
CL-11169,regular,silver,2025-10-16
CL-11170,regular,platinum,2025-03-09
CL-11171,new,silver,2024-05-30
CL-11172,regular,none,2025-06-25
CL-11173,vip,silver,2025-06-18
CL-11174,sleeping,none,2025-10-31
CL-11175,regular,gold,2025-07-14
CL-11176,regular,none,2024-08-22
CL-11177,regular,none,2024-12-06
CL-11178,regular,silver,2025-05-18
CL-11179,sleeping,gold,2025-08-13
CL-11180,regular,silver,2024-08-22
CL-11181,new,none,2024-07-16
CL-11182,new,silver,2025-11-17
CL-11183,regular,none,2026-01-24
CL-11184,vip,silver,2024-08-15
CL-11185,new,silver,2024-02-19
CL-11186,regular,none,2025-04-20
CL-11187,sleeping,silver,2024-01-13
CL-11188,regular,none,2024-05-25
CL-11189,new,none,2025-02-04
CL-11190,regular,silver,2024-10-08
CL-11191,regular,none,2024-02-07
CL-11192,new,none,2024-09-24
CL-11193,regular,silver,2025-05-27
CL-11194,regular,silver,2025-07-24
CL-11195,regular,gold,2025-07-25
CL-11196,regular,gold,2024-08-05
CL-11197,new,silver,2025-05-18
CL-11198,new,silver,2024-09-05
CL-11199,new,silver,2025-05-09
CL-11200,new,gold,2024-01-08
CL-11201,regular,silver,2024-11-07
CL-11202,new,platinum,2024-08-28
CL-11203,regular,silver,2025-05-22
CL-11204,new,none,2024-07-25
CL-11205,new,gold,2024-08-15
CL-11206,new,none,2025-02-17
CL-11207,regular,platinum,2025-05-11
CL-11208,regular,none,2024-11-01
CL-11209,vip,silver,2025-11-09
CL-11210,new,silver,2026-01-15
CL-11211,regular,none,2025-04-05
CL-11212,regular,silver,2025-02-19
CL-11213,new,none,2025-01-30
CL-11214,new,none,2024-02-25
CL-11215,new,none,2024-11-08
CL-11216,new,gold,2025-09-07
CL-11217,sleeping,gold,2025-06-10
CL-11218,regular,none,2024-02-10
CL-11219,regular,gold,2024-04-15
CL-11220,regular,gold,2025-09-28
CL-11221,regular,none,2025-07-12
CL-11222,regular,platinum,2024-11-04
CL-11223,new,none,2025-12-16
CL-11224,regular,gold,2024-02-16
CL-11225,new,silver,2025-08-01
CL-11226,new,platinum,2026-01-12
CL-11227,new,none,2024-11-28
CL-11228,regular,none,2025-01-11
CL-11229,regular,gold,2024-06-10
CL-11230,regular,silver,2025-10-11
CL-11231,new,silver,2025-07-05
CL-11232,sleeping,silver,2024-11-15
CL-11233,new,silver,2024-06-27
CL-11234,vip,none,2024-12-16
CL-11235,regular,none,2024-12-09
CL-11236,regular,none,2024-10-02
CL-11237,regular,none,2025-09-29
CL-11238,regular,gold,2024-10-07
CL-11239,regular,none,2024-03-27
CL-11240,new,silver,2025-08-26
CL-11241,regular,none,2025-07-08
CL-11242,new,gold,2024-01-24
CL-11243,regular,none,2025-06-12
CL-11244,regular,none,2025-01-07
CL-11245,vip,gold,2025-05-26
CL-11246,regular,none,2024-07-20
CL-11247,new,gold,2024-05-15
CL-11248,regular,none,2025-02-27
CL-11249,new,gold,2024-02-11
CL-11250,regular,none,2024-06-12
CL-11251,regular,none,2024-02-03
CL-11252,regular,silver,2024-09-22
CL-11253,new,silver,2025-11-19
CL-11254,new,gold,2025-02-09
CL-11255,regular,none,2025-07-15
CL-11256,new,silver,2025-07-17
CL-11257,new,none,2024-04-06
CL-11258,regular,gold,2025-12-19
CL-11259,regular,platinum,2024-04-27
CL-11260,new,none,2024-07-03
CL-11261,regular,none,2025-05-13
CL-11262,vip,gold,2025-01-02
CL-11263,regular,gold,2024-06-12
CL-11264,new,silver,2024-09-21
CL-11265,new,silver,2024-11-06
CL-11266,new,gold,2025-04-05
CL-11267,regular,none,2025-08-23
CL-11268,regular,platinum,2024-10-05
CL-11269,new,gold,2024-10-25
CL-11270,new,gold,2024-03-14
CL-11271,new,gold,2025-12-26
CL-11272,new,platinum,2025-04-11
CL-11273,sleeping,none,2024-07-16
CL-11274,new,gold,2024-01-28
CL-11275,new,none,2025-12-22
CL-11276,regular,none,2024-02-02
CL-11277,new,none,2024-05-18
CL-11278,new,none,2025-11-03
CL-11279,regular,silver,2024-09-13
CL-11280,new,silver,2025-10-23
CL-11281,new,none,2025-02-22
CL-11282,regular,none,2025-03-03
CL-11283,regular,none,2025-12-09
CL-11284,new,silver,2024-01-14
CL-11285,vip,silver,2024-09-21
CL-11286,new,silver,2024-09-17
CL-11287,sleeping,gold,2025-07-10
CL-11288,sleeping,silver,2024-09-20
CL-11289,regular,none,2025-10-31
CL-11290,new,silver,2025-07-01
CL-11291,vip,silver,2025-11-20
CL-11292,regular,none,2025-09-09
CL-11293,new,gold,2025-07-21
CL-11294,regular,none,2024-09-26
CL-11295,regular,platinum,2025-07-06
CL-11296,vip,none,2024-11-16
CL-11297,regular,silver,2024-09-17
CL-11298,vip,none,2024-06-19
CL-11299,regular,gold,2025-11-11
CL-11300,regular,gold,2025-07-07
CL-11301,regular,none,2024-02-07
CL-11302,sleeping,none,2024-09-22
CL-11303,sleeping,silver,2025-03-16
CL-11304,vip,none,2025-06-20
CL-11305,regular,none,2024-08-21
CL-11306,regular,platinum,2025-06-21
CL-11307,new,silver,2024-07-26
CL-11308,vip,none,2024-04-28
CL-11309,new,silver,2024-03-07
CL-11310,new,none,2025-11-03
CL-11311,regular,gold,2025-05-14
CL-11312,regular,none,2025-09-18
CL-11313,regular,none,2025-02-11
CL-11314,new,none,2025-03-19
CL-11315,new,platinum,2024-08-09
CL-11316,new,none,2024-03-06
CL-11317,new,silver,2025-06-27
CL-11318,new,silver,2024-05-07
CL-11319,regular,gold,2025-10-26
CL-11320,new,none,2024-03-11
CL-11321,regular,gold,2026-01-12
CL-11322,new,platinum,2024-12-18
CL-11323,regular,none,2024-08-02
CL-11324,vip,none,2024-07-20
CL-11325,new,platinum,2025-05-30
CL-11326,new,silver,2025-09-23
CL-11327,regular,gold,2024-12-27
CL-11328,new,gold,2024-11-27
CL-11329,vip,none,2025-10-29
CL-11330,sleeping,none,2024-12-09
CL-11331,regular,none,2024-09-08
CL-11332,sleeping,silver,2025-12-01
CL-11333,regular,silver,2025-09-01
CL-11334,regular,silver,2025-03-15
CL-11335,new,silver,2024-01-09
CL-11336,new,gold,2024-10-21
CL-11337,new,none,2026-01-12
CL-11338,regular,silver,2026-01-17
CL-11339,regular,none,2025-05-26
CL-11340,new,none,2024-12-17
CL-11341,regular,none,2025-10-15
CL-11342,new,gold,2025-03-16
CL-11343,new,none,2024-02-15
CL-11344,new,none,2024-10-17
CL-11345,regular,silver,2024-09-03
CL-11346,regular,silver,2025-05-23
CL-11347,regular,silver,2024-06-15
CL-11348,new,none,2025-08-12
CL-11349,regular,none,2024-07-03
CL-11350,sleeping,none,2025-04-22
CL-11351,new,none,2024-08-16
CL-11352,regular,none,2024-07-07
CL-11353,new,silver,2025-06-19
CL-11354,new,gold,2025-12-17
CL-11355,regular,none,2025-08-30
CL-11356,new,none,2025-01-23
CL-11357,regular,gold,2025-11-26
CL-11358,sleeping,silver,2025-09-19
CL-11359,new,silver,2025-11-28
CL-11360,new,gold,2024-01-07
CL-11361,vip,silver,2025-09-10
CL-11362,regular,silver,2025-01-28
CL-11363,sleeping,none,2025-06-14
CL-11364,new,platinum,2025-12-12
CL-11365,regular,silver,2025-01-29
CL-11366,sleeping,none,2025-06-07
CL-11367,new,silver,2026-01-16
CL-11368,vip,none,2024-03-27
CL-11369,regular,silver,2025-07-18
CL-11370,vip,none,2025-06-23
CL-11371,new,silver,2024-05-24
CL-11372,regular,silver,2024-01-12
CL-11373,new,silver,2025-04-25
CL-11374,sleeping,silver,2024-10-07
CL-11375,new,none,2024-08-26
CL-11376,new,none,2024-06-28
CL-11377,sleeping,silver,2025-02-17
CL-11378,new,silver,2024-07-10
CL-11379,regular,gold,2024-02-26
CL-11380,new,none,2024-02-01
CL-11381,regular,silver,2024-07-16
CL-11382,new,gold,2025-04-14
CL-11383,regular,silver,2025-02-05
CL-11384,regular,none,2025-07-17
CL-11385,new,silver,2025-03-31
CL-11386,new,gold,2024-08-09
CL-11387,new,silver,2025-11-28
CL-11388,regular,none,2025-03-22
CL-11389,new,silver,2025-04-15
CL-11390,new,none,2025-01-13
CL-11391,new,silver,2024-11-17
CL-11392,regular,platinum,2026-01-24
CL-11393,regular,platinum,2024-10-22
CL-11394,regular,silver,2025-09-09
CL-11395,vip,gold,2024-03-04
CL-11396,regular,gold,2025-12-19
CL-11397,vip,platinum,2025-07-29
CL-11398,regular,gold,2025-09-18
CL-11399,new,gold,2024-08-30
CL-11400,sleeping,none,2025-05-14
CL-11401,regular,none,2025-07-28
CL-11402,regular,none,2024-02-24
CL-11403,new,silver,2025-05-08
CL-11404,new,platinum,2025-10-13
CL-11405,regular,platinum,2025-10-06
CL-11406,regular,gold,2025-08-01
CL-11407,regular,gold,2025-11-10
CL-11408,regular,silver,2024-08-02
CL-11409,regular,silver,2025-06-07
CL-11410,new,silver,2024-07-23
CL-11411,new,none,2025-10-17
CL-11412,new,gold,2025-02-02
CL-11413,vip,silver,2025-09-21
CL-11414,regular,none,2024-08-03
CL-11415,sleeping,silver,2024-08-21
CL-11416,regular,silver,2026-01-07
CL-11417,regular,gold,2025-11-18
CL-11418,regular,gold,2024-05-27
CL-11419,vip,none,2024-10-20
CL-11420,sleeping,gold,2024-04-26
CL-11421,regular,none,2025-04-28
CL-11422,new,none,2024-02-03
CL-11423,regular,silver,2024-01-20
CL-11424,new,gold,2025-02-23
CL-11425,new,gold,2025-11-11
CL-11426,regular,none,2025-07-16
CL-11427,vip,silver,2025-06-12
CL-11428,new,gold,2025-03-21
CL-11429,new,platinum,2024-05-17
CL-11430,sleeping,none,2024-06-07
CL-11431,new,none,2025-04-14
CL-11432,new,silver,2025-12-02
CL-11433,regular,gold,2024-02-06
CL-11434,vip,none,2024-10-15
CL-11435,regular,silver,2024-05-23
CL-11436,regular,platinum,2024-04-17
CL-11437,new,silver,2024-09-25
CL-11438,new,silver,2024-05-25
CL-11439,regular,platinum,2024-07-05
CL-11440,vip,none,2024-11-29
CL-11441,new,none,2025-07-18
CL-11442,new,none,2025-02-17
CL-11443,new,silver,2025-02-17
CL-11444,new,none,2025-04-02
CL-11445,new,none,2024-06-20
CL-11446,new,none,2024-02-25
CL-11447,regular,silver,2024-01-22
CL-11448,new,gold,2025-10-21
CL-11449,regular,silver,2025-10-27
CL-11450,regular,gold,2024-09-12
CL-11451,vip,platinum,2025-08-18
CL-11452,sleeping,silver,2024-07-16
CL-11453,regular,silver,2024-08-19
CL-11454,new,none,2025-06-06
CL-11455,regular,silver,2025-12-05
CL-11456,new,none,2025-04-11
CL-11457,new,silver,2025-12-30
CL-11458,new,platinum,2026-01-24
CL-11459,sleeping,none,2024-01-23
CL-11460,new,none,2024-11-07
CL-11461,regular,gold,2024-12-24
CL-11462,regular,platinum,2024-05-19
CL-11463,regular,gold,2024-06-11
CL-11464,new,none,2026-01-09
CL-11465,vip,silver,2024-05-16
CL-11466,regular,silver,2025-01-01
CL-11467,regular,silver,2024-12-31
CL-11468,regular,silver,2025-05-17
CL-11469,vip,gold,2025-02-20
CL-11470,regular,none,2024-02-02
CL-11471,regular,platinum,2024-12-08
CL-11472,new,none,2024-09-12
CL-11473,new,none,2024-04-07
CL-11474,new,gold,2026-01-20
CL-11475,new,silver,2025-02-14
CL-11476,new,silver,2026-01-02
CL-11477,new,none,2025-11-26
CL-11478,vip,none,2026-01-17
CL-11479,regular,none,2024-06-29
CL-11480,vip,gold,2025-09-18
CL-11481,regular,none,2024-01-31
CL-11482,regular,platinum,2025-01-15
CL-11483,new,gold,2025-10-22
CL-11484,regular,gold,2025-03-10
CL-11485,new,gold,2024-06-02
CL-11486,regular,silver,2024-02-26
CL-11487,sleeping,silver,2024-12-14
CL-11488,vip,gold,2025-08-25
CL-11489,new,silver,2025-11-30
CL-11490,regular,none,2025-07-23
CL-11491,new,silver,2024-12-02
CL-11492,new,none,2025-06-22
CL-11493,new,silver,2025-08-18
CL-11494,new,platinum,2024-10-17
CL-11495,regular,silver,2024-07-19
CL-11496,regular,none,2024-07-21
CL-11497,new,none,2025-07-20
CL-11498,sleeping,none,2025-09-07
CL-11499,regular,none,2024-05-27
CL-11500,regular,silver,2026-01-10
CL-11501,regular,gold,2024-01-15
CL-11502,regular,silver,2024-11-17
CL-11503,regular,silver,2025-01-01
CL-11504,regular,silver,2024-02-12
CL-11505,sleeping,none,2025-07-04
CL-11506,new,silver,2025-11-15
CL-11507,regular,silver,2024-06-29
CL-11508,new,none,2025-06-07
CL-11509,vip,silver,2025-12-23
CL-11510,new,none,2025-05-25
CL-11511,new,none,2024-12-09
CL-11512,sleeping,silver,2025-12-18
CL-11513,regular,none,2024-11-01
CL-11514,new,silver,2025-05-24
CL-11515,new,none,2025-08-08
CL-11516,regular,gold,2025-04-14
CL-11517,sleeping,silver,2024-08-26
CL-11518,regular,none,2025-06-23
CL-11519,new,none,2024-08-23
CL-11520,regular,platinum,2025-01-02
CL-11521,regular,silver,2025-02-18
CL-11522,new,gold,2024-08-06
CL-11523,vip,gold,2025-08-05
CL-11524,new,none,2024-07-10
CL-11525,sleeping,silver,2024-05-02
CL-11526,regular,silver,2025-07-05
CL-11527,new,gold,2025-10-30
CL-11528,regular,silver,2024-07-03
CL-11529,regular,platinum,2025-01-28
CL-11530,regular,silver,2025-12-08
CL-11531,regular,gold,2024-10-08
CL-11532,new,none,2024-11-02
CL-11533,new,silver,2025-06-14
CL-11534,regular,none,2025-04-26
CL-11535,new,gold,2024-04-06
CL-11536,new,none,2024-02-02
CL-11537,regular,silver,2024-10-03
CL-11538,new,none,2024-12-07
CL-11539,regular,none,2025-04-10
CL-11540,vip,none,2024-10-30
CL-11541,vip,gold,2024-04-10
CL-11542,new,none,2025-07-27
CL-11543,regular,gold,2024-11-24
CL-11544,vip,gold,2024-02-12
CL-11545,regular,platinum,2025-03-29
CL-11546,regular,silver,2024-11-01
CL-11547,regular,silver,2025-02-11
CL-11548,new,silver,2025-10-14
CL-11549,new,none,2024-05-25
CL-11550,regular,silver,2025-05-23
CL-11551,new,gold,2024-03-31
CL-11552,vip,none,2025-08-13
CL-11553,regular,none,2024-10-04
CL-11554,new,silver,2025-08-03
CL-11555,regular,gold,2024-02-01
CL-11556,regular,none,2025-05-18
CL-11557,new,gold,2024-07-09
CL-11558,sleeping,none,2024-10-24
CL-11559,regular,silver,2024-06-26
CL-11560,regular,platinum,2024-10-30
CL-11561,vip,silver,2025-08-24
CL-11562,regular,silver,2024-02-08
CL-11563,regular,platinum,2025-04-02
CL-11564,new,none,2024-05-28
CL-11565,new,none,2024-10-28
CL-11566,regular,platinum,2025-02-28
CL-11567,regular,silver,2024-03-14
CL-11568,regular,platinum,2025-11-11
CL-11569,regular,gold,2025-06-01
CL-11570,regular,silver,2025-04-10
CL-11571,vip,silver,2025-12-07
CL-11572,sleeping,silver,2024-10-21
CL-11573,new,none,2024-04-16
CL-11574,sleeping,silver,2025-09-24
CL-11575,vip,gold,2025-04-27
CL-11576,new,platinum,2024-12-07
CL-11577,new,platinum,2024-03-05
CL-11578,new,platinum,2024-07-16
CL-11579,regular,none,2025-03-19
CL-11580,regular,silver,2024-03-01
CL-11581,regular,none,2025-02-20
CL-11582,regular,silver,2025-09-21
CL-11583,new,platinum,2024-12-07
CL-11584,regular,gold,2025-04-13
CL-11585,vip,gold,2024-06-13
CL-11586,sleeping,none,2025-03-17
CL-11587,regular,silver,2024-05-18
CL-11588,new,none,2025-07-01
CL-11589,new,silver,2025-02-08
CL-11590,new,none,2025-04-04
CL-11591,regular,gold,2024-08-31
CL-11592,new,silver,2024-09-23
CL-11593,sleeping,silver,2025-05-15
CL-11594,regular,gold,2025-04-14
CL-11595,regular,none,2025-06-09
CL-11596,new,silver,2024-04-16
CL-11597,regular,gold,2024-05-22
CL-11598,regular,platinum,2024-08-13
CL-11599,regular,none,2024-10-21
CL-11600,new,silver,2025-02-12
CL-11601,vip,silver,2025-01-30
CL-11602,new,none,2024-02-22
CL-11603,new,none,2024-01-27
CL-11604,sleeping,silver,2025-09-16
CL-11605,new,none,2025-03-16
CL-11606,new,silver,2024-02-03
CL-11607,regular,none,2025-10-10
CL-11608,regular,none,2024-10-09
CL-11609,new,gold,2025-05-18
CL-11610,new,none,2024-12-11
CL-11611,new,none,2024-05-25
CL-11612,regular,none,2025-06-01
CL-11613,new,none,2024-10-03
CL-11614,regular,silver,2024-04-27
CL-11615,vip,gold,2024-06-18
CL-11616,new,silver,2025-09-16
CL-11617,new,none,2025-01-30
CL-11618,new,none,2024-11-19
CL-11619,new,gold,2025-08-16
CL-11620,new,none,2024-07-09
CL-11621,regular,none,2024-04-24
CL-11622,new,none,2024-03-15
CL-11623,regular,gold,2024-03-18
CL-11624,regular,silver,2025-12-04
CL-11625,vip,none,2025-11-15
CL-11626,new,none,2024-11-02
CL-11627,new,gold,2024-12-24
CL-11628,sleeping,none,2024-10-16
CL-11629,new,silver,2025-02-20
CL-11630,regular,gold,2024-05-16
CL-11631,regular,none,2025-05-16
CL-11632,regular,none,2025-01-19
CL-11633,new,silver,2025-11-25
CL-11634,new,silver,2024-08-31
CL-11635,regular,silver,2025-08-01
CL-11636,regular,silver,2024-05-06
CL-11637,regular,silver,2024-03-11
CL-11638,regular,silver,2025-07-26
CL-11639,sleeping,none,2025-11-06
CL-11640,sleeping,none,2025-11-13
CL-11641,regular,none,2024-02-14
CL-11642,new,silver,2024-09-24
CL-11643,regular,none,2024-12-25
CL-11644,regular,silver,2024-08-05
CL-11645,regular,silver,2024-08-14
CL-11646,new,platinum,2024-10-10
CL-11647,regular,silver,2024-01-19
CL-11648,new,silver,2025-12-03
CL-11649,new,none,2024-08-16
CL-11650,vip,gold,2025-03-19
CL-11651,regular,silver,2025-08-23
CL-11652,regular,gold,2024-05-06
CL-11653,regular,platinum,2024-06-05
CL-11654,regular,none,2025-04-25
CL-11655,new,gold,2026-01-25
CL-11656,regular,silver,2024-10-31
CL-11657,new,silver,2025-11-23
CL-11658,regular,silver,2024-01-14
CL-11659,new,none,2025-07-14
CL-11660,sleeping,gold,2026-01-07
CL-11661,regular,none,2025-07-20
CL-11662,regular,silver,2024-03-28
CL-11663,new,none,2024-01-09
CL-11664,regular,none,2024-11-10
CL-11665,regular,silver,2025-02-28
CL-11666,regular,gold,2025-05-14
CL-11667,regular,gold,2025-12-06
CL-11668,sleeping,silver,2025-03-21
CL-11669,regular,silver,2024-07-22
CL-11670,regular,platinum,2024-01-04
CL-11671,regular,silver,2025-12-09
CL-11672,regular,silver,2025-04-06
CL-11673,regular,gold,2025-05-30
CL-11674,regular,gold,2025-07-06
CL-11675,new,gold,2025-08-31
CL-11676,new,silver,2025-10-07
CL-11677,new,silver,2025-10-22
CL-11678,sleeping,silver,2024-05-19
CL-11679,regular,silver,2024-08-13
CL-11680,regular,silver,2024-01-28
CL-11681,regular,none,2024-04-02
CL-11682,regular,none,2025-12-18
CL-11683,vip,silver,2024-11-17
CL-11684,sleeping,none,2025-06-01
CL-11685,vip,silver,2025-03-05
CL-11686,vip,none,2024-12-11
CL-11687,new,none,2024-05-03
CL-11688,new,gold,2025-07-05
CL-11689,regular,silver,2025-07-25
CL-11690,regular,gold,2024-04-29
CL-11691,new,none,2024-09-01
CL-11692,regular,none,2025-12-29
CL-11693,new,none,2025-10-11
CL-11694,new,none,2025-05-12
CL-11695,new,none,2025-12-30
CL-11696,vip,silver,2025-10-28
CL-11697,regular,none,2025-04-12
CL-11698,regular,gold,2025-02-27
CL-11699,vip,silver,2025-05-08
CL-11700,vip,none,2025-08-31
CL-11701,regular,gold,2025-12-30
CL-11702,regular,silver,2024-09-06
CL-11703,new,none,2024-08-16
CL-11704,regular,silver,2024-04-11
CL-11705,new,silver,2024-01-08
CL-11706,regular,silver,2024-09-25
CL-11707,regular,platinum,2024-07-08
CL-11708,new,none,2025-11-12
CL-11709,regular,silver,2025-01-05
CL-11710,regular,gold,2025-06-14
CL-11711,regular,silver,2024-06-06
CL-11712,new,platinum,2024-12-12
CL-11713,new,gold,2025-09-07
CL-11714,regular,silver,2024-06-27
CL-11715,vip,silver,2024-10-26
CL-11716,vip,silver,2025-03-30
CL-11717,new,none,2024-06-01
CL-11718,regular,silver,2025-03-26
CL-11719,regular,none,2025-04-12
CL-11720,sleeping,silver,2025-02-07
CL-11721,new,silver,2024-05-05
CL-11722,regular,platinum,2025-07-14
CL-11723,regular,none,2025-09-28
CL-11724,new,silver,2024-07-03
CL-11725,new,none,2024-03-24
CL-11726,new,silver,2025-01-23
CL-11727,regular,none,2024-05-12
CL-11728,regular,silver,2024-08-22
CL-11729,regular,silver,2025-05-14
CL-11730,new,none,2024-06-05
CL-11731,vip,silver,2024-10-05
CL-11732,regular,none,2024-09-09
CL-11733,sleeping,none,2025-06-27
CL-11734,new,gold,2025-09-02
CL-11735,vip,none,2025-10-24
CL-11736,sleeping,none,2024-03-27
CL-11737,vip,platinum,2025-08-08
CL-11738,vip,none,2024-07-28
CL-11739,regular,none,2025-11-10
CL-11740,regular,silver,2025-02-09
CL-11741,regular,silver,2025-12-01
CL-11742,regular,silver,2024-10-31
CL-11743,sleeping,silver,2024-08-31
CL-11744,new,platinum,2025-09-21
CL-11745,regular,none,2024-09-28
CL-11746,sleeping,silver,2025-08-15
CL-11747,new,platinum,2024-02-08
CL-11748,new,none,2025-05-30
CL-11749,new,platinum,2025-11-21
CL-11750,regular,platinum,2024-08-02
CL-11751,vip,platinum,2026-01-19
CL-11752,new,none,2024-01-17
CL-11753,regular,silver,2024-04-05
CL-11754,regular,gold,2024-08-26
CL-11755,regular,none,2024-08-26
CL-11756,regular,silver,2025-04-01
CL-11757,sleeping,none,2025-10-21
CL-11758,new,none,2024-03-18
CL-11759,new,gold,2025-07-22
CL-11760,regular,platinum,2025-09-17
CL-11761,regular,none,2025-03-17
CL-11762,regular,none,2026-01-19
CL-11763,new,silver,2024-03-14
CL-11764,new,none,2025-07-14
CL-11765,sleeping,silver,2024-11-13
CL-11766,new,silver,2024-11-11
CL-11767,regular,silver,2025-04-01
CL-11768,regular,gold,2025-08-28
CL-11769,new,none,2025-01-01
CL-11770,new,none,2024-07-26
CL-11771,regular,gold,2024-07-21
CL-11772,regular,none,2025-12-26
CL-11773,new,none,2024-11-10
CL-11774,regular,silver,2024-10-05
CL-11775,new,none,2025-03-05
CL-11776,new,silver,2025-06-08
CL-11777,new,gold,2024-01-29
CL-11778,new,none,2024-01-15
CL-11779,regular,silver,2025-03-11
CL-11780,sleeping,none,2025-04-24
CL-11781,new,silver,2025-01-08
CL-11782,regular,none,2024-08-12
CL-11783,regular,gold,2025-08-18
CL-11784,regular,none,2024-03-18
CL-11785,regular,gold,2025-05-01
CL-11786,new,gold,2024-11-25
CL-11787,regular,gold,2024-10-05
CL-11788,new,silver,2024-03-21
CL-11789,regular,none,2025-05-24
CL-11790,new,silver,2024-05-20
CL-11791,regular,none,2025-02-14
CL-11792,regular,none,2025-11-11
CL-11793,regular,silver,2025-07-17
CL-11794,new,silver,2024-02-18
CL-11795,regular,silver,2026-01-16
CL-11796,regular,platinum,2025-04-19
CL-11797,regular,silver,2025-09-23
CL-11798,new,silver,2024-02-15
CL-11799,new,silver,2025-11-26
CL-11800,new,silver,2025-06-29
CL-11801,regular,silver,2025-11-02
CL-11802,regular,none,2026-01-13
CL-11803,regular,silver,2025-10-01
CL-11804,regular,silver,2024-11-22
CL-11805,regular,none,2025-09-29
CL-11806,regular,none,2026-01-05
CL-11807,regular,none,2025-11-20
CL-11808,regular,none,2025-05-02
CL-11809,new,none,2025-12-29
CL-11810,vip,gold,2025-03-28
CL-11811,sleeping,silver,2024-12-03
CL-11812,regular,none,2024-05-10
CL-11813,sleeping,platinum,2024-12-19
CL-11814,sleeping,silver,2025-12-24
CL-11815,regular,none,2024-03-31
CL-11816,regular,gold,2025-10-16
CL-11817,regular,gold,2025-05-03
CL-11818,new,silver,2024-04-10
CL-11819,new,none,2024-06-20
CL-11820,regular,gold,2024-01-22
CL-11821,regular,none,2025-07-16
CL-11822,new,silver,2024-09-29
CL-11823,regular,gold,2024-05-21
CL-11824,regular,gold,2024-05-01
CL-11825,regular,silver,2025-01-18
CL-11826,new,none,2024-09-12
CL-11827,regular,none,2025-11-18
CL-11828,new,gold,2025-12-29
CL-11829,new,silver,2024-06-01
CL-11830,new,gold,2025-10-17
CL-11831,new,none,2024-02-15
CL-11832,new,platinum,2024-11-30
CL-11833,regular,none,2025-03-15
CL-11834,regular,none,2024-07-28
CL-11835,new,gold,2025-05-08
CL-11836,vip,silver,2025-03-15
CL-11837,regular,silver,2025-12-10
CL-11838,sleeping,silver,2025-12-13
CL-11839,regular,gold,2025-09-12
CL-11840,new,none,2025-08-23
CL-11841,sleeping,none,2024-09-13
CL-11842,vip,silver,2025-10-21
CL-11843,regular,gold,2024-10-02
CL-11844,regular,gold,2025-08-01
CL-11845,regular,none,2025-01-04
CL-11846,regular,silver,2025-01-17
CL-11847,regular,none,2025-09-07
CL-11848,regular,none,2024-04-17
CL-11849,new,none,2025-10-08
CL-11850,new,none,2025-09-14
CL-11851,new,none,2024-12-24
CL-11852,new,none,2025-05-09
CL-11853,regular,none,2024-07-20
CL-11854,sleeping,gold,2025-08-10
CL-11855,new,none,2024-03-31
CL-11856,new,gold,2025-07-11
CL-11857,new,gold,2025-05-30
CL-11858,regular,silver,2024-07-06
CL-11859,regular,silver,2025-09-11
CL-11860,regular,none,2024-08-05
CL-11861,sleeping,none,2025-02-16
CL-11862,sleeping,silver,2025-10-12
CL-11863,vip,silver,2024-02-15
CL-11864,vip,silver,2024-11-05
CL-11865,regular,gold,2025-04-21
CL-11866,regular,silver,2024-05-15
CL-11867,regular,silver,2025-01-25
CL-11868,regular,none,2025-05-03
CL-11869,new,gold,2025-10-24
CL-11870,new,platinum,2024-08-14
CL-11871,new,silver,2025-09-24
CL-11872,regular,gold,2025-05-03
CL-11873,regular,silver,2025-01-22
CL-11874,new,none,2025-03-24
CL-11875,regular,gold,2026-01-21
CL-11876,regular,silver,2025-05-18
CL-11877,regular,silver,2024-11-23
CL-11878,new,silver,2026-01-25
CL-11879,new,silver,2025-06-10
CL-11880,regular,none,2024-07-29
CL-11881,regular,silver,2025-04-09
CL-11882,vip,none,2026-01-11
CL-11883,regular,none,2025-06-15
CL-11884,sleeping,none,2025-08-03
CL-11885,new,none,2025-05-17
CL-11886,regular,gold,2025-10-12
CL-11887,sleeping,none,2024-03-02
CL-11888,new,none,2025-09-01
CL-11889,regular,gold,2025-11-15
CL-11890,new,gold,2024-01-18
CL-11891,regular,silver,2025-08-21
CL-11892,new,platinum,2025-01-17
CL-11893,regular,silver,2024-10-20
CL-11894,regular,silver,2024-03-21
CL-11895,new,silver,2024-08-30
CL-11896,new,none,2025-05-26
CL-11897,new,silver,2025-01-25
CL-11898,new,gold,2024-02-15
CL-11899,regular,silver,2024-08-20
CL-11900,sleeping,gold,2024-01-26
CL-11901,new,silver,2024-10-03
CL-11902,regular,silver,2025-11-20
CL-11903,regular,none,2025-07-30
CL-11904,new,none,2025-11-27
CL-11905,new,silver,2024-05-06
CL-11906,regular,none,2025-04-19
CL-11907,regular,gold,2024-08-16
CL-11908,vip,none,2024-12-15
CL-11909,regular,none,2026-01-05
CL-11910,regular,silver,2025-09-21
CL-11911,sleeping,none,2025-06-13
CL-11912,vip,silver,2026-01-02
CL-11913,sleeping,none,2025-01-14
CL-11914,new,none,2024-02-11
CL-11915,sleeping,silver,2025-11-24
CL-11916,vip,none,2024-03-19
CL-11917,regular,silver,2024-07-21
CL-11918,regular,none,2025-11-18
CL-11919,sleeping,silver,2025-11-05
CL-11920,regular,silver,2024-03-16
CL-11921,regular,none,2025-10-12
CL-11922,regular,silver,2025-06-26
CL-11923,regular,silver,2024-03-22
CL-11924,regular,gold,2025-02-24
CL-11925,new,gold,2024-07-20
CL-11926,new,silver,2025-01-31
CL-11927,regular,none,2024-05-20
CL-11928,regular,gold,2024-03-15
CL-11929,regular,silver,2025-05-09
CL-11930,vip,gold,2025-07-07
CL-11931,regular,silver,2024-05-25
CL-11932,regular,none,2025-04-02
CL-11933,new,gold,2025-01-08
CL-11934,regular,gold,2025-12-06
CL-11935,sleeping,none,2025-03-06
CL-11936,regular,silver,2024-12-31
CL-11937,sleeping,silver,2024-01-07
CL-11938,sleeping,silver,2025-11-24
CL-11939,regular,gold,2025-05-17
CL-11940,regular,none,2024-05-19
CL-11941,regular,none,2024-01-05
CL-11942,regular,none,2024-06-03
CL-11943,new,gold,2025-01-17
CL-11944,new,none,2025-12-22
CL-11945,new,silver,2025-04-16
CL-11946,regular,gold,2024-03-16
CL-11947,new,gold,2024-05-26
CL-11948,regular,none,2024-06-28
CL-11949,regular,none,2024-02-27
CL-11950,regular,platinum,2024-04-17
CL-11951,vip,silver,2024-03-10
CL-11952,regular,none,2025-06-23
CL-11953,new,none,2025-06-03
CL-11954,sleeping,gold,2025-08-15
CL-11955,vip,gold,2024-05-18
CL-11956,regular,silver,2025-11-16
CL-11957,regular,none,2024-10-10
CL-11958,new,silver,2024-04-21
CL-11959,regular,none,2024-04-29
CL-11960,new,gold,2024-09-01
CL-11961,regular,none,2024-03-07
CL-11962,new,none,2024-08-29
CL-11963,regular,none,2025-05-17
CL-11964,new,none,2026-01-09
CL-11965,new,none,2024-01-04
CL-11966,new,silver,2025-03-19
CL-11967,regular,silver,2024-06-27
CL-11968,new,silver,2024-09-13
CL-11969,regular,none,2025-05-04
CL-11970,new,none,2024-08-15
CL-11971,regular,silver,2024-11-29
CL-11972,new,silver,2024-08-30
CL-11973,sleeping,none,2024-10-02
CL-11974,new,gold,2025-06-25
CL-11975,new,none,2024-08-10
CL-11976,new,none,2025-02-21
CL-11977,new,none,2025-08-25
CL-11978,regular,silver,2025-04-18
CL-11979,new,none,2025-07-31
CL-11980,sleeping,none,2024-12-23
CL-11981,regular,silver,2024-12-19
CL-11982,new,none,2024-01-20
CL-11983,regular,none,2025-06-19
CL-11984,new,silver,2025-06-06
CL-11985,new,silver,2025-01-23
CL-11986,new,none,2025-07-04
CL-11987,new,none,2025-05-15
CL-11988,new,none,2024-05-16
CL-11989,sleeping,platinum,2024-06-19
CL-11990,regular,gold,2025-05-08
CL-11991,sleeping,none,2024-03-15
CL-11992,new,platinum,2025-10-28
CL-11993,vip,silver,2024-09-21
CL-11994,regular,none,2025-04-03
CL-11995,new,platinum,2025-01-31
CL-11996,vip,silver,2025-05-23
CL-11997,new,silver,2024-09-27
CL-11998,regular,silver,2025-06-16
CL-11999,vip,platinum,2024-05-11
CL-12000,regular,none,2024-09-03
CL-12001,regular,none,2024-01-31
CL-12002,regular,silver,2024-04-27
CL-12003,new,platinum,2024-02-12
CL-12004,sleeping,none,2024-12-25
CL-12005,new,none,2024-02-25
CL-12006,new,silver,2024-06-25
CL-12007,new,none,2025-01-02
CL-12008,sleeping,silver,2025-06-06
CL-12009,regular,none,2024-01-19
CL-12010,regular,gold,2025-06-27
CL-12011,sleeping,silver,2025-01-29
CL-12012,new,silver,2024-01-07
CL-12013,sleeping,gold,2024-03-14
CL-12014,new,none,2025-12-26
CL-12015,regular,silver,2024-12-07
CL-12016,new,silver,2025-12-04
CL-12017,sleeping,none,2025-01-26
CL-12018,sleeping,none,2024-04-10
CL-12019,regular,silver,2025-07-07
CL-12020,new,silver,2024-12-29
CL-12021,new,silver,2024-10-14
CL-12022,regular,none,2024-06-07
CL-12023,new,none,2024-12-03
CL-12024,new,platinum,2026-01-02
CL-12025,regular,none,2024-06-14
CL-12026,regular,platinum,2025-03-06
CL-12027,sleeping,silver,2024-01-25
CL-12028,regular,silver,2025-06-16
CL-12029,new,none,2025-11-08
CL-12030,regular,gold,2026-01-13
CL-12031,new,gold,2025-09-08
CL-12032,regular,silver,2025-05-26
CL-12033,regular,silver,2025-03-18
CL-12034,new,silver,2025-10-23
CL-12035,new,none,2024-01-08
CL-12036,vip,platinum,2024-07-01
CL-12037,regular,none,2024-02-04
CL-12038,regular,silver,2024-06-23
CL-12039,regular,none,2024-06-18
CL-12040,regular,gold,2024-12-01
CL-12041,new,silver,2025-06-09
CL-12042,vip,silver,2025-10-31
CL-12043,sleeping,none,2025-03-31
CL-12044,new,none,2024-01-30
CL-12045,new,none,2024-03-16
CL-12046,regular,platinum,2024-12-01
CL-12047,regular,none,2025-04-10
CL-12048,regular,platinum,2025-09-18
CL-12049,regular,none,2024-10-11
CL-12050,regular,gold,2024-05-14
CL-12051,regular,silver,2024-04-17
CL-12052,new,gold,2025-04-12
CL-12053,new,silver,2026-01-28
CL-12054,regular,gold,2024-02-23
CL-12055,sleeping,silver,2024-01-08
CL-12056,regular,none,2024-01-08
CL-12057,regular,platinum,2025-02-19
CL-12058,sleeping,silver,2024-08-30
CL-12059,regular,none,2025-09-18
CL-12060,regular,none,2025-09-04
CL-12061,new,silver,2025-01-16
CL-12062,regular,gold,2024-02-01
CL-12063,regular,gold,2025-03-09
CL-12064,regular,none,2024-10-04
CL-12065,new,silver,2025-09-27
CL-12066,regular,none,2025-07-07
CL-12067,new,none,2025-12-29
CL-12068,sleeping,gold,2024-10-07
CL-12069,new,none,2024-09-02
CL-12070,regular,none,2024-12-29
CL-12071,regular,none,2025-09-19
CL-12072,new,none,2025-01-15
CL-12073,regular,none,2024-09-12
CL-12074,new,none,2025-11-21
CL-12075,regular,silver,2024-10-24
CL-12076,sleeping,gold,2025-10-27
CL-12077,regular,none,2025-04-30
CL-12078,sleeping,gold,2024-02-18
CL-12079,new,silver,2025-01-09
CL-12080,regular,none,2025-06-10
CL-12081,sleeping,none,2025-11-26
CL-12082,vip,none,2025-02-16
CL-12083,new,gold,2024-01-12
CL-12084,regular,silver,2024-09-26
CL-12085,sleeping,none,2026-01-06
CL-12086,regular,none,2025-01-09
CL-12087,regular,none,2024-10-19
CL-12088,new,silver,2025-10-30
CL-12089,new,none,2024-11-13
CL-12090,regular,silver,2025-08-10
CL-12091,regular,silver,2024-01-16
CL-12092,new,silver,2025-03-07
CL-12093,new,none,2024-01-18
CL-12094,regular,silver,2024-05-13
CL-12095,regular,silver,2025-02-18
CL-12096,regular,gold,2025-04-15
CL-12097,regular,silver,2024-03-30
CL-12098,new,silver,2025-01-13
CL-12099,vip,none,2024-11-04
CL-12100,regular,silver,2024-12-05
CL-12101,new,silver,2025-09-07
CL-12102,regular,silver,2025-12-18
CL-12103,regular,silver,2024-02-26
CL-12104,regular,gold,2026-01-24
CL-12105,regular,gold,2024-02-08
CL-12106,regular,none,2025-12-24
CL-12107,regular,none,2025-04-13
CL-12108,new,gold,2025-07-15
CL-12109,new,silver,2024-07-03
CL-12110,new,platinum,2025-03-31
CL-12111,regular,silver,2025-03-26
CL-12112,regular,platinum,2024-08-30
CL-12113,regular,none,2025-01-17
CL-12114,new,silver,2025-12-20
CL-12115,regular,silver,2024-03-22
CL-12116,new,none,2024-12-12
CL-12117,regular,none,2024-09-12
CL-12118,regular,none,2024-06-02
CL-12119,new,none,2024-12-29
CL-12120,new,platinum,2024-03-25
CL-12121,regular,platinum,2024-04-02
CL-12122,regular,gold,2025-09-27
CL-12123,new,platinum,2024-08-30
CL-12124,sleeping,gold,2024-09-06
CL-12125,sleeping,platinum,2025-05-17
CL-12126,vip,none,2025-08-05
CL-12127,new,none,2025-10-19
CL-12128,regular,gold,2025-04-21
CL-12129,new,silver,2024-07-20
CL-12130,vip,silver,2024-08-03
CL-12131,regular,silver,2025-06-21
CL-12132,new,none,2025-10-08
CL-12133,new,none,2025-11-29
CL-12134,vip,silver,2025-10-04
CL-12135,vip,silver,2025-04-21
CL-12136,regular,none,2024-05-10
CL-12137,regular,silver,2024-11-12
CL-12138,regular,silver,2024-04-02
CL-12139,vip,silver,2024-11-29
CL-12140,regular,silver,2025-04-01
CL-12141,regular,silver,2025-05-27
CL-12142,regular,platinum,2024-06-26
CL-12143,vip,silver,2025-06-12
CL-12144,new,platinum,2024-09-09
CL-12145,regular,gold,2025-06-12
CL-12146,new,gold,2025-12-12
CL-12147,regular,gold,2024-08-07
CL-12148,regular,silver,2024-05-13
CL-12149,new,silver,2026-01-05
CL-12150,regular,silver,2024-12-23
CL-12151,new,none,2024-06-24
CL-12152,sleeping,none,2024-08-12
CL-12153,vip,none,2024-12-21
CL-12154,regular,silver,2024-09-21
CL-12155,regular,none,2025-11-18
CL-12156,new,silver,2024-10-08
CL-12157,vip,none,2024-12-24
CL-12158,regular,none,2024-07-16
CL-12159,new,silver,2025-06-20
CL-12160,sleeping,gold,2025-08-03
CL-12161,new,none,2025-03-04
CL-12162,regular,gold,2025-09-09
CL-12163,new,none,2024-07-27
CL-12164,regular,silver,2025-02-14
CL-12165,new,none,2025-07-08
CL-12166,new,none,2025-11-14
CL-12167,regular,none,2024-09-05
CL-12168,sleeping,none,2024-04-13
CL-12169,new,silver,2025-08-18
CL-12170,regular,silver,2025-01-20
CL-12171,regular,none,2024-02-12
CL-12172,vip,gold,2025-09-21
CL-12173,new,silver,2025-01-14
CL-12174,regular,none,2025-04-16
CL-12175,sleeping,silver,2024-09-29
CL-12176,new,none,2026-01-18
CL-12177,regular,gold,2024-11-23
CL-12178,sleeping,silver,2025-03-28
CL-12179,new,none,2025-02-11
CL-12180,regular,none,2025-12-30
CL-12181,new,none,2025-04-10
CL-12182,vip,silver,2024-03-16
CL-12183,sleeping,silver,2025-10-13
CL-12184,regular,platinum,2024-02-02
CL-12185,regular,none,2025-02-03
CL-12186,regular,none,2024-09-27
CL-12187,new,none,2025-01-01
CL-12188,new,none,2025-10-01
CL-12189,new,silver,2024-03-23
CL-12190,new,platinum,2024-02-08
CL-12191,regular,silver,2025-11-16
CL-12192,new,none,2024-07-10
CL-12193,new,gold,2024-12-02
CL-12194,regular,gold,2026-01-18
CL-12195,new,none,2025-07-05
CL-12196,new,platinum,2025-05-02
CL-12197,new,silver,2024-01-06
CL-12198,new,gold,2024-10-25
CL-12199,regular,silver,2025-01-30
CL-12200,regular,none,2024-02-29
CL-12201,vip,gold,2025-05-06
CL-12202,regular,silver,2025-07-27
CL-12203,regular,platinum,2024-10-06
CL-12204,sleeping,none,2025-12-04
CL-12205,regular,none,2025-12-10
CL-12206,regular,silver,2025-07-17
CL-12207,regular,silver,2024-08-26
CL-12208,new,silver,2024-03-29
CL-12209,new,silver,2025-06-13
CL-12210,new,silver,2025-02-08
CL-12211,regular,silver,2025-06-29
CL-12212,new,none,2024-11-02
CL-12213,regular,silver,2024-04-26
CL-12214,vip,silver,2025-11-18
CL-12215,regular,gold,2026-01-02
CL-12216,new,silver,2025-08-02
CL-12217,regular,silver,2024-01-18
CL-12218,new,none,2025-09-01
CL-12219,sleeping,none,2026-01-26
CL-12220,regular,none,2024-11-10
CL-12221,regular,silver,2025-01-16
CL-12222,regular,gold,2024-01-19
CL-12223,regular,platinum,2025-04-02
CL-12224,regular,silver,2025-07-31
CL-12225,new,silver,2024-06-02
CL-12226,new,silver,2025-04-26
CL-12227,new,silver,2024-07-17
CL-12228,regular,silver,2024-04-17
CL-12229,vip,silver,2024-01-18
CL-12230,regular,silver,2025-07-29
CL-12231,regular,gold,2024-06-10
CL-12232,sleeping,silver,2024-04-23
CL-12233,new,none,2025-12-31
CL-12234,new,silver,2025-07-16
CL-12235,sleeping,platinum,2024-07-14
CL-12236,sleeping,none,2025-06-26
CL-12237,regular,platinum,2025-01-14
CL-12238,new,platinum,2024-01-06
CL-12239,sleeping,silver,2024-07-24
CL-12240,regular,none,2025-08-11
CL-12241,regular,none,2025-06-30
CL-12242,new,none,2024-11-05
CL-12243,regular,none,2026-01-19
CL-12244,vip,gold,2025-01-20
CL-12245,vip,platinum,2024-01-10
CL-12246,regular,none,2026-01-03
CL-12247,regular,silver,2024-01-18
CL-12248,regular,silver,2025-11-30
CL-12249,regular,none,2024-02-27
CL-12250,regular,silver,2024-10-17
CL-12251,new,gold,2024-02-11
CL-12252,new,silver,2025-06-23
CL-12253,regular,none,2024-08-21
CL-12254,new,silver,2025-01-24
CL-12255,new,none,2024-05-24
CL-12256,sleeping,platinum,2025-09-16
CL-12257,regular,platinum,2024-12-17
CL-12258,new,none,2024-08-30
CL-12259,new,silver,2024-01-18
CL-12260,regular,gold,2024-12-23
CL-12261,regular,silver,2025-07-05
CL-12262,regular,silver,2024-03-26
CL-12263,regular,platinum,2025-01-21
CL-12264,new,none,2025-12-05
CL-12265,regular,silver,2025-10-21
CL-12266,new,none,2025-11-15
CL-12267,regular,none,2025-11-12
CL-12268,new,gold,2024-07-28
CL-12269,new,silver,2024-05-01
CL-12270,new,silver,2025-03-19
CL-12271,vip,none,2025-06-28
CL-12272,new,gold,2024-10-14
CL-12273,new,none,2024-06-25
CL-12274,new,silver,2024-04-28
CL-12275,regular,none,2025-01-22
CL-12276,regular,silver,2024-02-04
CL-12277,sleeping,silver,2025-06-04
CL-12278,regular,none,2025-09-17
CL-12279,regular,silver,2025-09-22
CL-12280,regular,silver,2024-08-07
CL-12281,new,silver,2024-03-16
CL-12282,sleeping,silver,2025-01-26
CL-12283,sleeping,gold,2025-07-16
CL-12284,new,none,2025-11-17
CL-12285,regular,none,2024-04-01
CL-12286,new,none,2024-01-16
CL-12287,regular,none,2024-04-17
CL-12288,regular,silver,2025-02-20
CL-12289,sleeping,none,2024-05-06
CL-12290,new,none,2025-12-27
CL-12291,regular,none,2024-09-19
CL-12292,regular,silver,2025-09-07
CL-12293,new,silver,2024-09-04
CL-12294,regular,silver,2024-06-15
CL-12295,regular,platinum,2024-03-05
CL-12296,regular,none,2024-06-01
CL-12297,sleeping,silver,2025-07-24
CL-12298,new,none,2025-08-02
CL-12299,new,gold,2025-05-22
CL-12300,new,none,2024-03-01
CL-12301,new,platinum,2024-08-31
CL-12302,regular,silver,2025-03-31
CL-12303,vip,silver,2025-12-13
CL-12304,regular,silver,2024-06-26
CL-12305,regular,none,2024-05-21
CL-12306,regular,none,2025-09-29
CL-12307,new,gold,2024-12-21
CL-12308,vip,gold,2024-10-15
CL-12309,regular,none,2024-10-18
CL-12310,regular,none,2024-11-11
CL-12311,sleeping,none,2025-01-03
CL-12312,regular,gold,2025-08-26
CL-12313,new,silver,2025-06-07
CL-12314,regular,silver,2024-03-07
CL-12315,regular,none,2024-04-10
CL-12316,regular,gold,2025-04-01
CL-12317,vip,none,2025-09-29
CL-12318,regular,none,2026-01-01
CL-12319,regular,platinum,2025-11-10
CL-12320,vip,silver,2025-05-09
CL-12321,regular,silver,2024-06-29
CL-12322,regular,gold,2024-03-03
CL-12323,new,none,2025-07-13
CL-12324,regular,none,2025-11-21
CL-12325,regular,none,2024-11-03
CL-12326,new,none,2024-04-07
CL-12327,regular,silver,2025-07-10
CL-12328,new,silver,2024-10-07
CL-12329,new,silver,2025-04-30
CL-12330,regular,gold,2024-05-18
CL-12331,new,none,2024-09-27
CL-12332,regular,none,2025-07-02
CL-12333,regular,none,2025-10-13
CL-12334,new,gold,2024-07-20
CL-12335,new,silver,2025-08-30
CL-12336,regular,platinum,2024-07-17
CL-12337,new,gold,2025-07-13
CL-12338,regular,gold,2024-11-10
CL-12339,regular,gold,2025-06-17
CL-12340,regular,silver,2024-08-05
CL-12341,regular,gold,2024-03-03
CL-12342,sleeping,silver,2025-08-19
CL-12343,new,none,2024-01-06
CL-12344,sleeping,none,2025-02-04
CL-12345,vip,gold,2024-02-14
CL-12346,regular,none,2025-02-26
CL-12347,new,gold,2024-03-23
CL-12348,new,platinum,2024-05-02
CL-12349,sleeping,none,2026-01-18
CL-12350,new,none,2025-11-25
CL-12351,vip,none,2024-12-05
CL-12352,regular,silver,2024-09-22
CL-12353,regular,silver,2025-06-12
CL-12354,regular,none,2024-10-13
CL-12355,new,silver,2024-04-25
CL-12356,regular,silver,2024-07-03
CL-12357,sleeping,none,2025-04-14
CL-12358,new,none,2025-12-30
CL-12359,sleeping,none,2025-05-10
CL-12360,sleeping,gold,2025-04-06
CL-12361,new,none,2025-08-19
CL-12362,regular,none,2024-02-16
CL-12363,new,silver,2025-04-18
CL-12364,regular,silver,2024-05-26
CL-12365,sleeping,gold,2024-11-15
CL-12366,sleeping,silver,2024-12-31
CL-12367,sleeping,silver,2025-07-08
CL-12368,new,silver,2024-05-22
CL-12369,regular,gold,2025-12-26
CL-12370,new,silver,2025-04-04
CL-12371,sleeping,silver,2024-09-21
CL-12372,new,none,2024-08-22
CL-12373,new,silver,2024-03-18
CL-12374,new,gold,2024-09-22
CL-12375,new,none,2024-03-29
CL-12376,new,none,2025-08-20
CL-12377,new,silver,2025-08-26
CL-12378,vip,gold,2025-02-02
CL-12379,regular,none,2026-01-03
CL-12380,new,gold,2024-03-26
CL-12381,regular,none,2025-10-29
CL-12382,regular,gold,2024-10-09
CL-12383,regular,gold,2025-07-30
CL-12384,new,gold,2025-11-12
CL-12385,regular,gold,2024-04-07
CL-12386,regular,platinum,2025-10-05
CL-12387,new,gold,2026-01-23
CL-12388,regular,silver,2025-07-31
CL-12389,regular,silver,2024-04-20
CL-12390,regular,none,2025-10-03
CL-12391,regular,none,2024-07-30
CL-12392,regular,silver,2024-03-10
CL-12393,regular,none,2025-05-04
CL-12394,new,platinum,2024-04-02
CL-12395,new,none,2025-03-08
CL-12396,regular,none,2024-01-15
CL-12397,new,none,2025-07-16
CL-12398,regular,none,2024-04-05
CL-12399,new,none,2025-05-24
CL-12400,regular,silver,2025-09-17
CL-12401,regular,none,2024-03-14
CL-12402,regular,gold,2024-01-29
CL-12403,regular,silver,2025-10-29
CL-12404,regular,silver,2024-12-19
CL-12405,sleeping,silver,2025-01-19
CL-12406,regular,none,2024-07-06
CL-12407,regular,none,2024-12-27
CL-12408,new,gold,2025-09-24
CL-12409,regular,silver,2025-10-03
CL-12410,regular,none,2025-09-02
CL-12411,regular,silver,2024-08-08
CL-12412,regular,none,2025-08-05
CL-12413,sleeping,none,2024-12-07
CL-12414,sleeping,none,2024-10-14
CL-12415,regular,gold,2024-09-04
CL-12416,sleeping,none,2025-12-04
CL-12417,sleeping,silver,2024-05-11
CL-12418,new,none,2025-11-11
CL-12419,regular,none,2025-11-24
CL-12420,new,none,2025-05-09
CL-12421,new,silver,2024-01-21
CL-12422,new,gold,2025-04-10
CL-12423,regular,gold,2024-03-28
CL-12424,new,none,2024-09-13
CL-12425,new,none,2024-02-27
CL-12426,new,none,2025-07-13
CL-12427,regular,gold,2025-01-02
CL-12428,sleeping,silver,2025-12-14
CL-12429,sleeping,gold,2025-06-03
CL-12430,regular,none,2024-08-28
CL-12431,new,silver,2025-08-12
CL-12432,vip,silver,2024-08-05
CL-12433,new,silver,2024-07-23
CL-12434,sleeping,silver,2024-07-19
CL-12435,regular,none,2025-06-24
CL-12436,regular,silver,2026-01-17
CL-12437,new,platinum,2025-10-10
CL-12438,new,none,2025-02-14
CL-12439,regular,silver,2024-01-09
CL-12440,regular,platinum,2026-01-05
CL-12441,vip,silver,2024-10-18
CL-12442,regular,silver,2025-04-14
CL-12443,regular,none,2024-11-17
CL-12444,new,gold,2024-08-11
CL-12445,regular,gold,2024-08-18
CL-12446,new,platinum,2025-03-21
CL-12447,regular,none,2024-11-22
CL-12448,regular,gold,2024-04-28
CL-12449,vip,none,2024-10-14
CL-12450,regular,silver,2024-12-06
CL-12451,new,none,2025-04-20
CL-12452,vip,none,2024-12-02
CL-12453,regular,silver,2024-05-28
CL-12454,regular,silver,2025-03-14
CL-12455,regular,platinum,2025-09-27
CL-12456,vip,none,2024-10-21
CL-12457,new,gold,2025-04-26
CL-12458,regular,silver,2024-12-11
CL-12459,regular,none,2024-08-13
CL-12460,new,none,2025-10-27
CL-12461,vip,gold,2026-01-02
CL-12462,regular,gold,2024-05-17
CL-12463,new,none,2025-04-18
CL-12464,new,silver,2025-12-02
CL-12465,vip,silver,2025-02-12
CL-12466,regular,silver,2025-02-13
CL-12467,new,silver,2025-12-30
CL-12468,new,gold,2025-04-22
CL-12469,new,none,2025-10-07
CL-12470,new,none,2024-03-20
CL-12471,regular,none,2025-03-24
CL-12472,new,platinum,2024-04-20
CL-12473,new,silver,2024-06-03
CL-12474,new,none,2025-07-10
CL-12475,regular,gold,2025-10-23
CL-12476,regular,silver,2025-11-15
CL-12477,regular,none,2025-08-04
CL-12478,regular,none,2025-01-29
CL-12479,sleeping,gold,2024-11-25
CL-12480,regular,silver,2024-05-07
CL-12481,vip,none,2025-08-20
CL-12482,regular,none,2025-08-28
CL-12483,new,none,2024-04-06
CL-12484,vip,silver,2025-11-28
CL-12485,regular,none,2024-09-06
CL-12486,regular,none,2025-05-24
CL-12487,new,none,2024-04-07
CL-12488,regular,platinum,2024-05-18
CL-12489,sleeping,silver,2025-04-05
CL-12490,new,none,2024-11-09
CL-12491,new,silver,2024-01-21
CL-12492,new,silver,2025-12-15
CL-12493,regular,gold,2025-11-05
CL-12494,vip,platinum,2024-05-25
CL-12495,regular,silver,2025-05-08
CL-12496,sleeping,silver,2024-05-09
CL-12497,regular,none,2025-06-29
CL-12498,regular,gold,2025-06-17
CL-12499,new,silver,2025-07-20
CL-12500,new,none,2025-02-16
CL-12501,regular,silver,2024-01-19
CL-12502,new,none,2024-06-04
CL-12503,new,silver,2026-01-23
CL-12504,sleeping,none,2025-04-13
CL-12505,regular,none,2024-09-17
CL-12506,new,none,2025-12-12
CL-12507,regular,none,2024-11-22
CL-12508,regular,none,2025-10-11
CL-12509,vip,silver,2025-09-04
CL-12510,regular,silver,2024-01-05
CL-12511,new,silver,2025-12-08
CL-12512,new,none,2025-10-28
CL-12513,new,gold,2026-01-24
CL-12514,regular,gold,2025-04-21
CL-12515,regular,silver,2025-06-14
CL-12516,regular,silver,2024-07-22
CL-12517,regular,gold,2024-04-25
CL-12518,new,silver,2024-03-11
CL-12519,new,none,2024-05-14
CL-12520,new,silver,2026-01-08
CL-12521,regular,none,2024-07-28
CL-12522,regular,gold,2024-01-23
CL-12523,sleeping,silver,2025-06-05
CL-12524,new,platinum,2024-05-20
CL-12525,regular,none,2025-01-23
CL-12526,new,silver,2025-05-25
CL-12527,regular,silver,2025-03-11
CL-12528,new,gold,2025-07-30
CL-12529,regular,gold,2024-01-14
CL-12530,new,none,2024-07-21
CL-12531,new,platinum,2024-11-04
CL-12532,regular,platinum,2025-07-14
CL-12533,regular,platinum,2025-02-15
CL-12534,regular,silver,2025-08-04
CL-12535,new,gold,2025-07-17
CL-12536,sleeping,none,2025-09-02
CL-12537,new,none,2025-04-06
CL-12538,regular,none,2025-07-26
CL-12539,vip,silver,2025-05-31
CL-12540,regular,platinum,2024-01-25
CL-12541,new,silver,2024-08-01
CL-12542,regular,silver,2025-11-09
CL-12543,new,gold,2024-03-10
CL-12544,regular,silver,2025-03-03
CL-12545,regular,silver,2025-08-05
CL-12546,regular,silver,2024-11-23
CL-12547,vip,silver,2024-05-16
CL-12548,new,silver,2024-01-19
CL-12549,new,gold,2025-05-16
CL-12550,regular,silver,2025-03-25
CL-12551,regular,silver,2025-06-09
CL-12552,regular,silver,2024-05-03
CL-12553,regular,gold,2024-12-21
CL-12554,regular,silver,2025-02-20
CL-12555,sleeping,gold,2025-09-28
CL-12556,regular,silver,2024-05-23
CL-12557,new,none,2025-06-12
CL-12558,new,silver,2025-06-06
CL-12559,regular,none,2025-03-27
CL-12560,new,none,2024-03-08
CL-12561,new,none,2024-03-31
CL-12562,new,silver,2025-04-01
CL-12563,regular,silver,2025-04-18
CL-12564,sleeping,silver,2025-05-04
CL-12565,regular,silver,2025-08-10
CL-12566,new,none,2024-10-27
CL-12567,regular,gold,2024-08-12
CL-12568,regular,platinum,2025-11-28
CL-12569,sleeping,gold,2025-06-10
CL-12570,regular,none,2025-02-04
CL-12571,regular,gold,2025-02-28
CL-12572,sleeping,gold,2025-07-24
CL-12573,regular,none,2024-08-23
CL-12574,new,none,2024-12-03
CL-12575,regular,none,2024-02-02
CL-12576,regular,silver,2025-08-24
CL-12577,regular,silver,2025-01-15
CL-12578,sleeping,none,2025-11-13
CL-12579,new,none,2024-08-13
CL-12580,regular,silver,2024-11-09
CL-12581,new,silver,2024-02-11
CL-12582,new,silver,2026-01-05
CL-12583,regular,none,2024-09-17
CL-12584,regular,silver,2024-04-26
CL-12585,regular,platinum,2025-04-10
CL-12586,new,none,2025-10-05
CL-12587,new,silver,2024-03-25
CL-12588,regular,none,2025-02-03
CL-12589,regular,none,2024-12-26
CL-12590,regular,gold,2024-04-15
CL-12591,regular,platinum,2024-07-28
CL-12592,vip,none,2025-04-20
CL-12593,regular,none,2026-01-22
CL-12594,regular,none,2024-04-09
CL-12595,regular,silver,2025-04-23
CL-12596,regular,none,2025-11-05
CL-12597,sleeping,silver,2025-07-28
CL-12598,regular,none,2025-09-12
CL-12599,regular,silver,2025-11-27
CL-12600,regular,gold,2025-05-12
CL-12601,regular,none,2024-01-29
CL-12602,sleeping,gold,2024-06-26
CL-12603,sleeping,gold,2024-11-10
CL-12604,new,none,2026-01-01
CL-12605,new,gold,2024-06-08
CL-12606,regular,silver,2025-10-10
CL-12607,regular,silver,2025-04-27
CL-12608,sleeping,silver,2025-06-27
CL-12609,new,none,2024-03-20
CL-12610,vip,none,2024-10-04
CL-12611,regular,silver,2024-12-18
CL-12612,new,silver,2025-01-02
CL-12613,new,gold,2025-10-28
CL-12614,regular,silver,2024-09-13
CL-12615,new,none,2025-10-22
CL-12616,regular,none,2025-10-07
CL-12617,regular,platinum,2025-05-03
CL-12618,regular,none,2024-08-22
CL-12619,new,gold,2024-03-16
CL-12620,sleeping,none,2024-06-30
CL-12621,regular,none,2025-04-06
CL-12622,regular,none,2024-06-11
CL-12623,regular,silver,2025-11-16
CL-12624,regular,none,2024-10-31
CL-12625,sleeping,gold,2024-08-02
CL-12626,regular,silver,2025-04-18
CL-12627,regular,none,2024-04-28
CL-12628,new,silver,2025-09-24
CL-12629,new,none,2025-02-21
CL-12630,regular,silver,2025-12-03
CL-12631,new,gold,2025-10-11
CL-12632,regular,platinum,2024-03-01
CL-12633,sleeping,silver,2025-11-13
CL-12634,regular,none,2024-02-05
CL-12635,new,silver,2025-08-25
CL-12636,regular,silver,2024-10-02
CL-12637,new,silver,2024-09-18
CL-12638,regular,none,2025-09-07
CL-12639,regular,none,2024-07-27
CL-12640,regular,platinum,2025-11-20
CL-12641,regular,gold,2024-01-31
CL-12642,regular,none,2024-05-08
CL-12643,new,platinum,2024-09-28
CL-12644,new,gold,2024-08-05
CL-12645,regular,none,2025-10-23
CL-12646,sleeping,gold,2025-11-16
CL-12647,new,platinum,2024-11-15
CL-12648,new,silver,2025-03-13
CL-12649,new,gold,2024-09-14
CL-12650,regular,none,2024-11-05
CL-12651,new,silver,2024-09-12
CL-12652,regular,silver,2024-07-04
CL-12653,new,silver,2025-06-11
CL-12654,regular,none,2024-03-26
CL-12655,new,silver,2024-08-08
CL-12656,regular,gold,2024-03-23
CL-12657,new,gold,2024-12-09
CL-12658,regular,none,2025-05-27
CL-12659,sleeping,silver,2025-01-28
CL-12660,new,none,2025-07-01
CL-12661,sleeping,silver,2025-03-12
CL-12662,new,none,2024-10-04
CL-12663,regular,platinum,2025-11-24
CL-12664,regular,silver,2025-04-05
CL-12665,new,silver,2024-01-30
CL-12666,regular,silver,2024-04-28
CL-12667,new,none,2025-05-25
CL-12668,regular,none,2024-01-16
CL-12669,regular,none,2024-05-10
CL-12670,sleeping,silver,2024-03-16
CL-12671,new,gold,2025-09-07
CL-12672,sleeping,none,2024-03-21
CL-12673,new,gold,2024-06-02
CL-12674,regular,none,2026-01-18
CL-12675,new,none,2024-04-01
CL-12676,new,silver,2024-06-28
CL-12677,new,gold,2025-09-10
CL-12678,regular,platinum,2024-04-11
CL-12679,new,silver,2024-06-23
CL-12680,regular,silver,2025-08-27
CL-12681,sleeping,none,2024-01-01
CL-12682,new,none,2024-10-05
CL-12683,new,gold,2024-07-14
CL-12684,new,silver,2024-06-05
CL-12685,new,none,2024-10-25
CL-12686,regular,none,2024-06-16
CL-12687,regular,none,2025-08-11
CL-12688,new,gold,2024-04-15
CL-12689,new,silver,2024-10-30
CL-12690,regular,platinum,2024-03-01
CL-12691,new,silver,2024-03-21
CL-12692,regular,gold,2025-05-31
CL-12693,sleeping,none,2024-12-09
CL-12694,new,none,2024-11-30
CL-12695,regular,none,2024-07-25
CL-12696,vip,none,2024-04-22
CL-12697,regular,platinum,2025-10-28
CL-12698,regular,gold,2025-08-25
CL-12699,regular,none,2024-12-17
CL-12700,regular,silver,2024-01-15
CL-12701,regular,silver,2025-11-13
CL-12702,regular,silver,2024-11-23
CL-12703,regular,none,2024-05-23
CL-12704,regular,none,2024-04-06
CL-12705,regular,none,2026-01-27
CL-12706,vip,gold,2024-01-22
CL-12707,new,silver,2024-10-09
CL-12708,new,silver,2025-02-22
CL-12709,new,gold,2024-08-11
CL-12710,new,none,2024-04-28
CL-12711,regular,none,2025-05-04
CL-12712,new,none,2024-02-22
CL-12713,regular,silver,2026-01-10
CL-12714,regular,silver,2024-12-29
CL-12715,new,none,2025-07-12
CL-12716,new,none,2025-10-03
CL-12717,regular,silver,2025-08-23
CL-12718,regular,silver,2025-01-04
CL-12719,regular,none,2024-02-28
CL-12720,new,gold,2024-03-01
CL-12721,new,none,2024-09-27
CL-12722,new,none,2024-08-19
CL-12723,new,none,2025-11-05
CL-12724,sleeping,silver,2024-12-05
CL-12725,new,silver,2026-01-27
CL-12726,new,silver,2024-08-01
CL-12727,vip,none,2026-01-04
CL-12728,regular,silver,2024-09-13
CL-12729,regular,none,2026-01-29
CL-12730,regular,none,2025-01-15
CL-12731,sleeping,silver,2024-01-15
CL-12732,new,silver,2025-12-17
CL-12733,new,none,2024-06-05
CL-12734,vip,none,2025-09-03
CL-12735,regular,none,2025-09-15
CL-12736,sleeping,silver,2024-06-04
CL-12737,new,silver,2025-03-08
CL-12738,sleeping,silver,2025-08-19
CL-12739,new,none,2025-12-20
CL-12740,regular,none,2024-10-26
CL-12741,sleeping,none,2024-11-07
CL-12742,new,none,2025-09-11
CL-12743,new,gold,2025-01-08
CL-12744,regular,none,2025-04-14
CL-12745,vip,none,2024-03-28
CL-12746,new,none,2025-05-31
CL-12747,vip,none,2024-09-10
CL-12748,new,gold,2024-10-02
CL-12749,regular,platinum,2025-11-15
CL-12750,new,silver,2025-06-26
CL-12751,sleeping,none,2025-02-27
CL-12752,new,silver,2025-03-05
CL-12753,regular,silver,2025-10-12
CL-12754,new,silver,2025-04-15
CL-12755,sleeping,none,2024-06-08
CL-12756,regular,none,2025-02-19
CL-12757,new,none,2025-04-20
CL-12758,new,none,2024-02-12
CL-12759,regular,silver,2024-04-11
CL-12760,regular,gold,2024-12-26
CL-12761,vip,none,2025-03-13
CL-12762,regular,gold,2024-02-08
CL-12763,regular,none,2024-12-11
CL-12764,regular,none,2024-05-08
CL-12765,regular,silver,2025-05-21
CL-12766,new,none,2024-12-27
CL-12767,new,gold,2024-03-12
CL-12768,new,platinum,2024-11-04
CL-12769,regular,none,2025-12-08
CL-12770,new,none,2024-02-06
CL-12771,regular,none,2024-11-03
CL-12772,new,gold,2024-04-14
CL-12773,regular,none,2025-11-16
CL-12774,new,gold,2024-12-19
CL-12775,regular,none,2025-04-21
CL-12776,new,silver,2026-01-05
CL-12777,new,none,2024-02-08
CL-12778,new,gold,2025-01-04
CL-12779,regular,silver,2024-02-21
CL-12780,regular,none,2025-08-10
CL-12781,new,none,2025-03-21
CL-12782,regular,silver,2024-12-02
CL-12783,regular,silver,2024-08-09
CL-12784,regular,gold,2024-05-25
CL-12785,regular,none,2025-11-25
CL-12786,new,gold,2024-01-17
CL-12787,regular,none,2024-04-08
CL-12788,regular,gold,2024-10-12
CL-12789,regular,gold,2024-10-24
CL-12790,new,silver,2025-11-29
CL-12791,regular,platinum,2024-08-24
CL-12792,new,silver,2024-09-03
CL-12793,regular,silver,2024-06-26
CL-12794,new,none,2024-10-07
CL-12795,new,none,2024-07-23
CL-12796,regular,silver,2025-06-10
CL-12797,vip,gold,2025-08-29
CL-12798,new,platinum,2025-07-14
CL-12799,regular,silver,2025-09-02
CL-12800,regular,gold,2025-04-07
CL-12801,sleeping,gold,2025-06-06
CL-12802,regular,gold,2024-09-14
CL-12803,new,none,2026-01-27
CL-12804,new,silver,2025-12-19
CL-12805,regular,silver,2024-02-13
CL-12806,new,gold,2024-09-24
CL-12807,sleeping,silver,2025-06-10
CL-12808,sleeping,gold,2024-08-09
CL-12809,sleeping,platinum,2025-01-24
CL-12810,new,silver,2025-10-02
CL-12811,regular,gold,2025-11-03
CL-12812,regular,silver,2025-12-11
CL-12813,new,silver,2025-05-08
CL-12814,new,silver,2025-12-27
CL-12815,new,platinum,2025-05-08
CL-12816,regular,gold,2025-02-09
CL-12817,sleeping,gold,2024-06-01
CL-12818,vip,none,2025-10-22
CL-12819,new,silver,2024-07-15
CL-12820,regular,gold,2024-05-19
CL-12821,new,platinum,2025-08-03
CL-12822,new,platinum,2025-11-06
CL-12823,new,silver,2026-01-11
CL-12824,regular,silver,2025-07-30
CL-12825,regular,none,2025-12-30
CL-12826,vip,gold,2024-10-30
CL-12827,vip,none,2024-03-21
CL-12828,new,gold,2024-07-05
CL-12829,regular,none,2024-05-01
CL-12830,new,platinum,2025-07-31
CL-12831,regular,silver,2024-11-17
CL-12832,regular,none,2024-11-23
CL-12833,new,silver,2025-12-01
CL-12834,new,silver,2026-01-13
CL-12835,new,gold,2024-04-20
CL-12836,new,silver,2025-10-11
CL-12837,sleeping,silver,2025-04-30
CL-12838,new,none,2025-08-23
CL-12839,regular,gold,2025-12-22
CL-12840,sleeping,platinum,2024-09-10
CL-12841,regular,gold,2025-09-05
CL-12842,regular,none,2025-06-24
CL-12843,sleeping,gold,2025-05-15
CL-12844,new,none,2025-07-28
CL-12845,new,platinum,2025-08-06
CL-12846,regular,none,2024-11-07
CL-12847,regular,none,2025-12-05
CL-12848,regular,none,2024-03-12
CL-12849,new,gold,2024-05-21
CL-12850,regular,silver,2025-07-12
CL-12851,regular,silver,2024-12-16
CL-12852,sleeping,none,2024-08-11
CL-12853,new,gold,2025-01-22
CL-12854,new,silver,2024-04-10
CL-12855,sleeping,none,2024-01-02
CL-12856,regular,gold,2024-02-02
CL-12857,new,silver,2025-11-09
CL-12858,new,silver,2024-09-05
CL-12859,regular,none,2025-11-18
CL-12860,regular,silver,2025-01-22
CL-12861,regular,none,2024-08-19
CL-12862,vip,silver,2024-01-30
CL-12863,new,silver,2024-03-22
CL-12864,new,silver,2025-03-04
CL-12865,regular,none,2025-04-12
CL-12866,sleeping,none,2025-11-11
CL-12867,new,none,2024-05-27
CL-12868,regular,silver,2025-03-30
CL-12869,new,none,2024-03-05
CL-12870,new,silver,2025-02-02
CL-12871,sleeping,none,2024-05-13
CL-12872,new,silver,2024-06-25
CL-12873,new,silver,2024-11-11
CL-12874,regular,none,2024-11-29
CL-12875,regular,silver,2024-03-29
CL-12876,regular,silver,2025-04-01
CL-12877,regular,gold,2024-10-31
CL-12878,new,silver,2025-10-19
CL-12879,regular,none,2025-04-07
CL-12880,new,none,2025-11-01
CL-12881,new,silver,2024-01-14
CL-12882,regular,gold,2024-12-09
CL-12883,new,none,2025-09-30
CL-12884,vip,none,2024-05-19
CL-12885,sleeping,silver,2024-06-17
CL-12886,vip,silver,2025-06-21
CL-12887,new,gold,2024-01-14
CL-12888,new,none,2025-12-23
CL-12889,sleeping,gold,2025-12-17
CL-12890,regular,silver,2025-12-29
CL-12891,regular,gold,2025-08-15
CL-12892,vip,none,2026-01-26
CL-12893,new,none,2026-01-10
CL-12894,new,none,2024-07-10
CL-12895,regular,gold,2024-04-27
CL-12896,regular,none,2025-09-28
CL-12897,new,none,2024-12-11
CL-12898,regular,none,2024-02-09
CL-12899,regular,gold,2024-12-05
CL-12900,regular,none,2024-01-12
CL-12901,new,silver,2025-03-14
CL-12902,regular,silver,2025-05-27
CL-12903,regular,gold,2024-02-07
CL-12904,sleeping,gold,2024-04-01
CL-12905,new,silver,2025-11-18
CL-12906,sleeping,none,2024-10-22
CL-12907,regular,none,2024-02-08
CL-12908,regular,none,2024-01-10
CL-12909,new,silver,2024-10-30
CL-12910,new,none,2024-03-06
CL-12911,regular,silver,2024-04-12
CL-12912,new,silver,2024-06-07
CL-12913,new,silver,2025-06-17
CL-12914,sleeping,none,2025-02-25
CL-12915,new,platinum,2025-08-12
CL-12916,sleeping,gold,2024-09-09
CL-12917,regular,none,2024-03-01
CL-12918,vip,none,2025-03-04
CL-12919,new,platinum,2026-01-04
CL-12920,regular,platinum,2025-05-08
CL-12921,regular,none,2024-07-04
CL-12922,sleeping,none,2024-01-03
CL-12923,new,platinum,2024-03-02
CL-12924,new,silver,2025-10-06
CL-12925,sleeping,silver,2024-08-09
CL-12926,new,none,2024-02-13
CL-12927,regular,gold,2024-09-14
CL-12928,new,silver,2025-10-25
CL-12929,new,silver,2024-11-17
CL-12930,regular,silver,2026-01-11
CL-12931,regular,none,2025-01-16
CL-12932,regular,silver,2025-11-17
CL-12933,regular,silver,2024-06-02
CL-12934,regular,silver,2025-02-16
CL-12935,sleeping,platinum,2024-12-28
CL-12936,new,silver,2025-08-07
CL-12937,new,none,2024-04-12
CL-12938,new,none,2024-05-11
CL-12939,regular,silver,2024-06-18
CL-12940,new,none,2025-12-13
CL-12941,regular,silver,2025-11-12
CL-12942,regular,none,2024-01-18
CL-12943,regular,none,2024-11-16
CL-12944,vip,none,2025-02-23
CL-12945,regular,silver,2025-11-08
CL-12946,regular,none,2024-12-16
CL-12947,new,silver,2025-08-09
CL-12948,regular,none,2025-08-28
CL-12949,new,gold,2025-01-24
CL-12950,vip,silver,2025-07-20
CL-12951,regular,gold,2024-02-23
CL-12952,new,gold,2024-09-07
CL-12953,new,gold,2025-10-10
CL-12954,regular,gold,2024-05-04
CL-12955,sleeping,none,2025-01-22
CL-12956,new,none,2025-08-26
CL-12957,new,silver,2025-01-27
CL-12958,regular,silver,2026-01-12
CL-12959,sleeping,silver,2025-10-11
CL-12960,vip,silver,2024-03-15
CL-12961,new,none,2025-02-06
CL-12962,regular,none,2025-07-10
CL-12963,regular,silver,2025-07-22
CL-12964,regular,silver,2025-01-26
CL-12965,regular,gold,2024-11-01
CL-12966,regular,silver,2024-08-25
CL-12967,regular,none,2024-09-27
CL-12968,new,none,2024-01-11
CL-12969,new,none,2025-10-15
CL-12970,regular,none,2025-07-04
CL-12971,new,gold,2024-08-06
CL-12972,regular,silver,2024-04-10
CL-12973,vip,gold,2025-02-02
CL-12974,vip,silver,2025-10-08
CL-12975,new,none,2026-01-25
CL-12976,new,silver,2024-07-20
CL-12977,regular,none,2024-11-29
CL-12978,regular,none,2025-03-26
CL-12979,new,silver,2025-03-27
CL-12980,vip,silver,2024-08-04
CL-12981,new,none,2025-09-12
CL-12982,new,silver,2025-06-17
CL-12983,regular,silver,2025-09-23
CL-12984,regular,none,2024-03-30
CL-12985,regular,silver,2025-05-28
CL-12986,regular,none,2024-09-17
CL-12987,sleeping,silver,2025-08-03
CL-12988,new,silver,2025-01-21
CL-12989,regular,silver,2025-01-29
CL-12990,new,silver,2025-03-20
CL-12991,regular,none,2024-06-17
CL-12992,regular,none,2025-03-16
CL-12993,regular,silver,2025-10-31
CL-12994,new,none,2024-03-01
CL-12995,vip,none,2024-05-06
CL-12996,regular,silver,2024-01-26
CL-12997,sleeping,none,2025-01-01
CL-12998,regular,silver,2024-06-29
CL-12999,vip,silver,2025-03-24
CL-13000,regular,gold,2024-01-29
CL-13001,regular,gold,2024-03-22
CL-13002,regular,silver,2024-06-16
CL-13003,regular,gold,2025-05-14
CL-13004,regular,silver,2024-02-15
CL-13005,regular,silver,2025-02-03
CL-13006,regular,gold,2025-02-04
CL-13007,regular,gold,2024-08-29
CL-13008,regular,gold,2024-03-20
CL-13009,regular,gold,2025-06-25
CL-13010,regular,silver,2024-11-11
CL-13011,regular,platinum,2025-03-30
CL-13012,regular,silver,2025-08-07
CL-13013,sleeping,none,2024-01-10
CL-13014,new,none,2025-08-10
CL-13015,new,silver,2024-03-06
CL-13016,new,none,2025-03-03
CL-13017,regular,none,2024-03-09
CL-13018,regular,none,2024-01-24
CL-13019,regular,silver,2024-11-10
CL-13020,new,none,2025-02-11
CL-13021,sleeping,silver,2024-08-24
CL-13022,regular,silver,2024-07-11
CL-13023,regular,gold,2024-05-17
CL-13024,new,silver,2025-03-07
CL-13025,new,none,2024-10-31
CL-13026,new,platinum,2025-11-21
CL-13027,regular,gold,2024-11-26
CL-13028,regular,none,2025-03-31
CL-13029,new,none,2025-12-28
CL-13030,new,silver,2025-12-15
CL-13031,new,gold,2025-01-13
CL-13032,regular,gold,2024-06-07
CL-13033,new,gold,2024-10-27
CL-13034,new,platinum,2024-07-22
CL-13035,new,silver,2025-01-05
CL-13036,regular,none,2024-04-23
CL-13037,sleeping,none,2024-11-02
CL-13038,regular,none,2024-02-29
CL-13039,new,none,2026-01-09
CL-13040,sleeping,none,2024-01-08
CL-13041,sleeping,silver,2025-11-06
CL-13042,regular,gold,2025-12-06
CL-13043,new,none,2025-12-30
CL-13044,regular,gold,2024-12-09
CL-13045,sleeping,gold,2025-08-10
CL-13046,regular,none,2025-12-14
CL-13047,regular,none,2025-09-28
CL-13048,regular,silver,2025-10-18
CL-13049,sleeping,gold,2025-01-07
CL-13050,new,silver,2025-07-19
CL-13051,new,none,2024-06-09
CL-13052,vip,silver,2025-11-28
CL-13053,new,gold,2024-12-26
CL-13054,regular,none,2024-07-19
CL-13055,new,silver,2024-08-13
CL-13056,new,silver,2025-10-12
CL-13057,new,none,2024-05-25
CL-13058,regular,gold,2025-05-31
CL-13059,regular,none,2024-07-29
CL-13060,regular,gold,2025-03-31
CL-13061,new,silver,2025-02-11
CL-13062,sleeping,none,2025-04-15
CL-13063,regular,silver,2024-06-21
CL-13064,sleeping,none,2025-11-19
CL-13065,regular,none,2025-11-03
CL-13066,new,none,2025-12-06
CL-13067,regular,gold,2025-01-12
CL-13068,vip,gold,2024-05-14
CL-13069,new,none,2025-02-25
CL-13070,regular,silver,2024-03-02
CL-13071,regular,platinum,2025-06-20
CL-13072,new,silver,2024-07-26
CL-13073,regular,none,2024-05-30
CL-13074,new,none,2025-09-07
CL-13075,new,silver,2025-05-15
CL-13076,vip,none,2024-03-14
CL-13077,regular,silver,2025-10-25
CL-13078,regular,silver,2025-05-17
CL-13079,regular,silver,2024-07-24
CL-13080,sleeping,none,2024-10-30
CL-13081,regular,silver,2024-12-13
CL-13082,regular,silver,2025-11-24
CL-13083,new,gold,2025-02-24
CL-13084,regular,none,2025-09-15
CL-13085,regular,silver,2024-01-25
CL-13086,regular,none,2025-01-20
CL-13087,regular,none,2024-03-05
CL-13088,new,silver,2024-10-16
CL-13089,vip,silver,2025-02-22
CL-13090,vip,none,2025-09-26
CL-13091,regular,silver,2024-07-29
CL-13092,regular,silver,2024-07-04
CL-13093,regular,silver,2025-10-09
CL-13094,regular,gold,2025-02-16
CL-13095,regular,gold,2025-07-06
CL-13096,regular,silver,2025-12-09
CL-13097,new,none,2024-02-05
CL-13098,new,gold,2025-04-03
CL-13099,regular,none,2024-02-27
CL-13100,regular,silver,2025-12-07
CL-13101,new,platinum,2024-11-30
CL-13102,new,none,2024-12-01
CL-13103,regular,none,2024-05-24
CL-13104,regular,none,2025-04-23
CL-13105,regular,platinum,2025-02-16
CL-13106,regular,silver,2025-12-15
CL-13107,vip,gold,2024-01-03
CL-13108,new,none,2025-07-14
CL-13109,vip,none,2025-12-27
CL-13110,new,none,2025-11-19
CL-13111,regular,gold,2025-04-19
CL-13112,new,none,2025-09-24
CL-13113,new,gold,2024-02-01
CL-13114,new,silver,2024-02-29
CL-13115,new,gold,2025-06-14
CL-13116,vip,silver,2024-07-15
CL-13117,regular,silver,2025-06-23
CL-13118,sleeping,none,2025-07-17
CL-13119,regular,silver,2025-05-22
CL-13120,regular,silver,2025-11-07
CL-13121,new,none,2024-06-13
CL-13122,regular,platinum,2025-09-01
CL-13123,regular,none,2025-08-31
CL-13124,sleeping,none,2024-08-26
CL-13125,sleeping,silver,2024-06-02
CL-13126,new,silver,2025-04-16
CL-13127,regular,none,2025-11-05
CL-13128,regular,platinum,2025-05-17
CL-13129,regular,none,2024-03-30
CL-13130,new,silver,2024-11-28
CL-13131,regular,none,2024-10-27
CL-13132,regular,none,2025-03-22
CL-13133,new,silver,2025-03-20
CL-13134,regular,gold,2026-01-19
CL-13135,new,silver,2025-10-01
CL-13136,sleeping,none,2025-02-17
CL-13137,new,none,2024-04-17
CL-13138,new,platinum,2024-05-27
CL-13139,new,none,2024-05-10
CL-13140,vip,silver,2025-01-18
CL-13141,regular,none,2024-04-26
CL-13142,new,none,2024-05-13
CL-13143,new,none,2024-04-24
CL-13144,regular,none,2025-06-07
CL-13145,regular,silver,2024-08-02
CL-13146,new,none,2025-11-16
CL-13147,sleeping,gold,2025-01-10
CL-13148,new,none,2025-05-28
CL-13149,regular,silver,2025-02-05
CL-13150,new,silver,2025-10-29
CL-13151,regular,none,2024-04-07
CL-13152,regular,none,2025-07-07
CL-13153,regular,none,2025-03-15
CL-13154,regular,none,2024-11-28
CL-13155,sleeping,none,2025-06-14
CL-13156,vip,none,2025-02-13
CL-13157,regular,none,2025-04-21
CL-13158,regular,silver,2025-02-08
CL-13159,sleeping,silver,2024-04-01
CL-13160,new,none,2024-10-25
CL-13161,new,silver,2026-01-07
CL-13162,new,none,2024-03-11
CL-13163,vip,platinum,2024-06-23
CL-13164,new,none,2025-06-17
CL-13165,new,none,2024-04-23
CL-13166,regular,gold,2024-02-05
CL-13167,new,none,2025-08-04
CL-13168,new,none,2024-06-04
CL-13169,regular,gold,2024-06-16
CL-13170,new,silver,2024-12-10
CL-13171,sleeping,silver,2025-10-04
CL-13172,new,none,2026-01-20
CL-13173,vip,none,2024-07-18
CL-13174,regular,none,2024-08-21
CL-13175,new,gold,2025-01-27
CL-13176,new,none,2025-08-26
CL-13177,regular,silver,2024-02-21
CL-13178,regular,platinum,2024-11-14
CL-13179,new,platinum,2024-03-19
CL-13180,sleeping,none,2024-06-17
CL-13181,regular,silver,2025-04-22
CL-13182,sleeping,silver,2024-01-21
CL-13183,new,gold,2025-10-17
CL-13184,new,gold,2024-03-08
CL-13185,regular,silver,2025-09-17
CL-13186,new,silver,2024-11-12
CL-13187,new,none,2025-03-04
CL-13188,new,silver,2024-10-31
CL-13189,new,silver,2024-10-06
CL-13190,regular,silver,2025-04-21
CL-13191,new,silver,2024-08-28
CL-13192,sleeping,silver,2024-02-17
CL-13193,new,silver,2024-01-09
CL-13194,regular,platinum,2024-08-03
CL-13195,regular,none,2024-06-15
CL-13196,regular,gold,2024-01-18
CL-13197,vip,silver,2024-03-16
CL-13198,vip,silver,2025-10-24
CL-13199,new,silver,2025-01-12
CL-13200,regular,silver,2024-10-29
CL-13201,vip,gold,2025-11-28
CL-13202,new,none,2025-03-20
CL-13203,regular,gold,2024-04-06
CL-13204,new,gold,2025-06-24
CL-13205,regular,none,2025-06-23
CL-13206,regular,none,2024-07-22
CL-13207,regular,none,2025-05-24
CL-13208,sleeping,none,2024-04-12
CL-13209,regular,none,2026-01-22
CL-13210,sleeping,none,2025-03-17
CL-13211,regular,platinum,2024-08-03
CL-13212,regular,silver,2025-11-17
CL-13213,regular,gold,2025-01-19
CL-13214,regular,silver,2025-11-09
CL-13215,vip,silver,2024-03-12
CL-13216,new,gold,2024-08-22
CL-13217,sleeping,none,2024-11-23
CL-13218,regular,silver,2024-07-21
CL-13219,regular,gold,2025-01-28
CL-13220,regular,platinum,2024-09-25
CL-13221,regular,silver,2025-11-03
CL-13222,regular,gold,2024-07-05
CL-13223,regular,silver,2024-05-23
CL-13224,new,none,2026-01-03
CL-13225,regular,none,2025-06-26
CL-13226,regular,silver,2024-01-27
CL-13227,regular,none,2025-10-06
CL-13228,regular,none,2024-05-25
CL-13229,new,none,2025-06-03
CL-13230,regular,gold,2024-01-22
CL-13231,regular,gold,2024-07-16
CL-13232,regular,gold,2025-10-11
CL-13233,regular,silver,2024-01-20
CL-13234,regular,platinum,2024-12-24
CL-13235,regular,silver,2024-10-29
CL-13236,new,silver,2024-06-22
CL-13237,new,silver,2024-03-31
CL-13238,regular,none,2024-10-27
CL-13239,new,silver,2024-10-05
CL-13240,new,silver,2024-03-21
CL-13241,new,platinum,2025-06-26
CL-13242,new,none,2024-03-22
CL-13243,sleeping,none,2024-10-17
CL-13244,new,none,2025-12-20
CL-13245,new,none,2024-10-09
CL-13246,sleeping,platinum,2025-06-13
CL-13247,sleeping,silver,2024-12-17
CL-13248,new,none,2025-04-30
CL-13249,sleeping,silver,2025-08-17
CL-13250,new,silver,2024-12-25
CL-13251,regular,none,2025-05-12
CL-13252,new,none,2025-01-07
CL-13253,regular,none,2024-08-26
CL-13254,new,silver,2025-08-09
CL-13255,regular,gold,2024-10-23
CL-13256,new,none,2024-02-09
CL-13257,regular,silver,2024-07-24
CL-13258,regular,silver,2025-05-22
CL-13259,new,none,2025-05-18
CL-13260,sleeping,silver,2025-02-22
CL-13261,regular,none,2024-12-06
CL-13262,new,none,2024-08-21
CL-13263,new,silver,2024-02-05
CL-13264,new,none,2024-06-12
CL-13265,new,silver,2026-01-26
CL-13266,regular,gold,2025-10-16
CL-13267,regular,none,2024-03-01
CL-13268,regular,platinum,2025-12-08
CL-13269,regular,none,2025-08-11
CL-13270,regular,silver,2024-03-13
CL-13271,new,silver,2024-11-12
CL-13272,regular,silver,2024-05-09
CL-13273,sleeping,platinum,2025-06-29
CL-13274,new,none,2025-05-22
CL-13275,regular,none,2024-06-14
CL-13276,sleeping,silver,2025-08-11
CL-13277,regular,silver,2024-08-09
CL-13278,sleeping,gold,2025-01-08
CL-13279,new,gold,2024-03-26
CL-13280,regular,none,2025-12-05
CL-13281,new,gold,2024-05-21
CL-13282,new,silver,2025-10-25
CL-13283,sleeping,silver,2025-10-05
CL-13284,new,none,2024-04-05
CL-13285,sleeping,gold,2024-03-26
CL-13286,regular,silver,2024-04-18
CL-13287,sleeping,none,2025-09-30
CL-13288,sleeping,none,2024-03-06
CL-13289,regular,silver,2025-04-09
CL-13290,sleeping,gold,2025-10-27
CL-13291,regular,silver,2024-08-11
CL-13292,regular,gold,2025-02-27
CL-13293,regular,none,2024-03-01
CL-13294,new,none,2025-12-16
CL-13295,new,silver,2025-04-03
CL-13296,new,none,2025-07-08
CL-13297,regular,none,2024-07-09
CL-13298,new,silver,2025-07-10
CL-13299,regular,none,2025-04-21
CL-13300,regular,none,2024-04-05
CL-13301,regular,none,2025-03-09
CL-13302,sleeping,none,2024-03-24
CL-13303,sleeping,none,2025-05-24
CL-13304,sleeping,none,2025-12-08
CL-13305,regular,platinum,2025-10-16
CL-13306,new,silver,2025-01-01
CL-13307,sleeping,silver,2025-11-03
CL-13308,new,none,2026-01-25
CL-13309,new,none,2024-12-12
CL-13310,new,gold,2024-09-02
CL-13311,regular,silver,2024-05-22
CL-13312,regular,gold,2025-04-17
CL-13313,new,none,2024-10-18
CL-13314,regular,silver,2025-03-11
CL-13315,new,silver,2025-12-22
CL-13316,new,none,2024-02-21
CL-13317,new,gold,2024-08-10
CL-13318,new,none,2025-01-29
CL-13319,regular,silver,2025-07-03
CL-13320,new,none,2025-12-03
CL-13321,new,silver,2025-10-24
CL-13322,new,gold,2024-12-10
CL-13323,regular,silver,2025-02-24
CL-13324,sleeping,platinum,2024-12-25
CL-13325,regular,none,2024-03-20
CL-13326,regular,gold,2025-06-16
CL-13327,sleeping,silver,2025-09-15
CL-13328,new,gold,2025-08-16
CL-13329,new,silver,2024-09-30
CL-13330,regular,silver,2025-09-21
CL-13331,new,silver,2024-06-15
CL-13332,regular,gold,2024-12-09
CL-13333,regular,gold,2024-07-09
CL-13334,new,silver,2024-12-03
CL-13335,regular,silver,2025-12-04
CL-13336,regular,silver,2024-12-25
CL-13337,new,none,2025-07-27
CL-13338,vip,none,2026-01-06
CL-13339,regular,silver,2024-04-26
CL-13340,new,silver,2025-12-07
CL-13341,new,silver,2024-03-27
CL-13342,new,silver,2025-04-18
CL-13343,new,none,2024-12-08
CL-13344,new,none,2024-08-04
CL-13345,new,none,2025-04-30
CL-13346,vip,none,2025-11-15
CL-13347,vip,silver,2024-02-22
CL-13348,regular,gold,2024-05-09
CL-13349,regular,gold,2025-01-21
CL-13350,regular,none,2024-03-22
CL-13351,regular,gold,2024-08-28
CL-13352,sleeping,silver,2024-11-11
CL-13353,regular,none,2024-11-24
CL-13354,regular,silver,2025-06-04
CL-13355,vip,platinum,2024-12-17
CL-13356,regular,none,2024-02-09
CL-13357,new,silver,2025-05-06
CL-13358,new,none,2024-08-25
CL-13359,regular,none,2024-01-07
CL-13360,new,none,2025-08-18
CL-13361,new,none,2024-11-21
CL-13362,new,silver,2025-05-16
CL-13363,new,none,2025-05-12
CL-13364,sleeping,silver,2024-03-05
CL-13365,regular,gold,2025-09-24
CL-13366,new,gold,2024-06-02
CL-13367,regular,none,2025-07-22
CL-13368,new,none,2025-07-05
CL-13369,regular,silver,2024-04-03
CL-13370,regular,none,2024-03-29
CL-13371,new,none,2025-10-06
CL-13372,regular,silver,2024-01-08
CL-13373,new,silver,2024-06-14
CL-13374,regular,none,2026-01-24
CL-13375,sleeping,none,2024-03-25
CL-13376,sleeping,gold,2025-04-11
CL-13377,new,platinum,2024-10-06
CL-13378,regular,silver,2024-11-22
CL-13379,regular,silver,2024-04-07
CL-13380,vip,silver,2025-03-29
CL-13381,new,none,2024-09-10
CL-13382,regular,gold,2025-05-24
CL-13383,new,none,2025-08-23
CL-13384,new,silver,2025-01-11
CL-13385,regular,none,2024-01-16
CL-13386,regular,silver,2025-05-15
CL-13387,new,gold,2025-01-12
CL-13388,vip,silver,2025-06-22
CL-13389,regular,silver,2025-08-22
CL-13390,sleeping,silver,2024-05-16
CL-13391,regular,silver,2024-03-25
CL-13392,vip,silver,2024-11-18
CL-13393,regular,silver,2025-11-16
CL-13394,new,silver,2024-08-19
CL-13395,new,silver,2024-11-24
CL-13396,sleeping,none,2025-08-28
CL-13397,new,silver,2025-09-06
CL-13398,regular,none,2025-08-08
CL-13399,regular,silver,2025-12-14
CL-13400,new,none,2025-09-08
CL-13401,new,gold,2024-04-30
CL-13402,regular,none,2024-11-28
CL-13403,regular,silver,2025-08-14
CL-13404,regular,none,2025-03-13
CL-13405,new,gold,2024-04-20
CL-13406,regular,none,2025-06-20
CL-13407,new,silver,2024-05-11
CL-13408,regular,none,2024-09-01
CL-13409,new,gold,2026-01-10
CL-13410,new,none,2026-01-13
CL-13411,vip,silver,2024-01-18
CL-13412,new,none,2024-10-14
CL-13413,regular,none,2024-08-29
CL-13414,new,none,2025-02-12
CL-13415,new,silver,2025-09-23
CL-13416,new,none,2025-09-20
CL-13417,sleeping,platinum,2024-04-13
CL-13418,regular,silver,2025-07-21
CL-13419,new,silver,2024-01-24
CL-13420,regular,none,2025-01-16
CL-13421,regular,none,2025-03-07
CL-13422,regular,gold,2024-11-06
CL-13423,sleeping,gold,2025-10-29
CL-13424,regular,silver,2025-04-29
CL-13425,regular,gold,2026-01-11
CL-13426,new,none,2024-11-27
CL-13427,sleeping,platinum,2024-11-03
CL-13428,regular,silver,2025-03-25
CL-13429,new,gold,2024-07-01
CL-13430,sleeping,silver,2025-08-30
CL-13431,sleeping,none,2024-08-18
CL-13432,regular,silver,2024-04-02
CL-13433,new,platinum,2024-12-23
CL-13434,regular,none,2025-06-13
CL-13435,vip,silver,2025-02-12
CL-13436,regular,silver,2024-02-10
CL-13437,new,none,2024-01-13
CL-13438,new,none,2025-07-11
CL-13439,new,silver,2026-01-28
CL-13440,new,gold,2024-06-07
CL-13441,regular,silver,2026-01-02
CL-13442,new,platinum,2025-01-09
CL-13443,regular,none,2024-04-16
CL-13444,vip,none,2024-07-21
CL-13445,regular,none,2026-01-03
CL-13446,new,silver,2024-09-01
CL-13447,sleeping,silver,2025-09-29
CL-13448,new,none,2025-04-22
CL-13449,sleeping,silver,2025-09-05
CL-13450,new,silver,2024-11-23
CL-13451,regular,silver,2024-03-28
CL-13452,regular,silver,2025-01-05
CL-13453,regular,silver,2025-12-19
CL-13454,regular,platinum,2026-01-29
CL-13455,new,silver,2024-11-07
CL-13456,regular,gold,2024-04-02
CL-13457,new,platinum,2024-06-12
CL-13458,regular,gold,2024-10-19
CL-13459,regular,none,2026-01-14
CL-13460,regular,silver,2025-02-06
CL-13461,new,none,2025-01-11
CL-13462,regular,none,2025-09-10
CL-13463,regular,silver,2024-05-14
CL-13464,new,none,2024-08-02
CL-13465,regular,silver,2025-07-22
CL-13466,new,gold,2024-10-26
CL-13467,new,none,2025-03-27
CL-13468,regular,platinum,2025-09-16
CL-13469,new,gold,2025-07-17
CL-13470,new,gold,2025-02-07
CL-13471,regular,none,2024-02-20
CL-13472,regular,platinum,2025-10-12
CL-13473,new,none,2024-03-06
CL-13474,new,gold,2024-02-18
CL-13475,regular,none,2024-06-12
CL-13476,regular,none,2024-08-06
CL-13477,regular,none,2025-08-26
CL-13478,regular,silver,2025-02-27
CL-13479,regular,gold,2025-12-02
CL-13480,sleeping,silver,2024-04-02
CL-13481,new,silver,2026-01-12
CL-13482,new,none,2025-01-01
CL-13483,new,platinum,2025-03-30
CL-13484,new,silver,2024-01-14
CL-13485,regular,gold,2025-07-07
CL-13486,vip,gold,2025-01-18
CL-13487,new,none,2025-07-22
CL-13488,new,none,2025-11-30
CL-13489,regular,silver,2024-06-14
CL-13490,sleeping,platinum,2025-12-21
CL-13491,new,silver,2025-01-01
CL-13492,regular,gold,2024-08-30
CL-13493,vip,platinum,2025-06-21
CL-13494,regular,none,2024-01-03
CL-13495,regular,silver,2025-06-02
CL-13496,regular,silver,2025-11-24
CL-13497,new,none,2024-06-07
CL-13498,regular,gold,2025-03-07
CL-13499,new,none,2025-08-19
CL-13500,regular,silver,2025-03-17
CL-13501,vip,silver,2025-12-06
CL-13502,new,gold,2025-09-11
CL-13503,regular,silver,2024-07-28
CL-13504,new,silver,2024-10-25
CL-13505,new,none,2025-05-24
CL-13506,regular,gold,2024-11-15
CL-13507,new,silver,2024-10-25
CL-13508,regular,silver,2025-10-09
CL-13509,new,gold,2024-03-25
CL-13510,vip,silver,2025-01-08
CL-13511,regular,none,2024-10-15
CL-13512,regular,none,2025-07-13
CL-13513,regular,silver,2026-01-17
CL-13514,regular,none,2025-11-18
CL-13515,new,none,2024-09-25
CL-13516,vip,none,2024-10-26
CL-13517,new,silver,2024-04-03
CL-13518,new,silver,2025-11-06
CL-13519,regular,silver,2024-08-17
CL-13520,regular,silver,2024-09-05
CL-13521,regular,silver,2024-10-14
CL-13522,vip,none,2025-12-07
CL-13523,regular,gold,2026-01-24
CL-13524,new,silver,2024-08-20
CL-13525,new,gold,2025-05-06
CL-13526,new,silver,2024-06-27
CL-13527,regular,none,2024-12-15
CL-13528,new,silver,2025-07-01
CL-13529,regular,none,2025-01-17
CL-13530,regular,platinum,2025-12-01
CL-13531,regular,silver,2025-01-22
CL-13532,new,none,2025-08-06
CL-13533,new,silver,2024-12-17
CL-13534,sleeping,silver,2025-07-16
CL-13535,regular,none,2025-09-17
CL-13536,regular,none,2026-01-09
CL-13537,regular,gold,2024-09-13
CL-13538,sleeping,none,2025-02-27
CL-13539,new,none,2025-06-22
CL-13540,sleeping,none,2025-11-05
CL-13541,new,silver,2024-03-18
CL-13542,sleeping,silver,2024-01-29
CL-13543,new,silver,2024-03-05
CL-13544,new,platinum,2024-04-10
CL-13545,new,none,2024-07-28
CL-13546,vip,none,2024-07-25
CL-13547,sleeping,none,2024-03-19
CL-13548,new,silver,2025-12-20
CL-13549,new,none,2025-09-08
CL-13550,new,silver,2024-05-29
CL-13551,new,gold,2024-10-28
CL-13552,regular,none,2024-10-18
CL-13553,new,gold,2025-10-05
CL-13554,sleeping,gold,2024-01-28
CL-13555,sleeping,silver,2025-10-13
CL-13556,new,gold,2024-02-29
CL-13557,regular,silver,2025-02-03
CL-13558,sleeping,none,2025-03-18
CL-13559,vip,silver,2024-06-08
CL-13560,regular,none,2024-03-15
CL-13561,new,silver,2024-11-21
CL-13562,new,gold,2025-11-14
CL-13563,regular,silver,2025-03-05
CL-13564,regular,none,2025-11-04
CL-13565,regular,silver,2024-09-22
CL-13566,regular,platinum,2025-04-17
CL-13567,regular,none,2025-10-24
CL-13568,new,none,2024-10-28
CL-13569,regular,none,2026-01-17
CL-13570,vip,platinum,2025-11-05
CL-13571,new,silver,2025-03-29
CL-13572,new,none,2025-01-05
CL-13573,sleeping,silver,2024-05-07
CL-13574,regular,silver,2024-05-24
CL-13575,regular,none,2025-10-31
CL-13576,vip,gold,2024-09-19
CL-13577,regular,silver,2025-12-02
CL-13578,sleeping,none,2024-10-02
CL-13579,vip,platinum,2024-07-12
CL-13580,new,none,2025-03-16
CL-13581,regular,none,2024-08-18
CL-13582,new,silver,2024-10-31
CL-13583,regular,none,2024-12-18
CL-13584,regular,silver,2025-09-13
CL-13585,regular,none,2025-09-28
CL-13586,sleeping,none,2025-04-21
CL-13587,regular,platinum,2025-12-16
CL-13588,regular,none,2024-07-10
CL-13589,regular,silver,2025-05-12
CL-13590,regular,none,2024-11-01
CL-13591,new,gold,2024-11-16
CL-13592,regular,none,2025-07-03
CL-13593,regular,none,2024-09-10
CL-13594,new,gold,2024-07-03
CL-13595,regular,none,2024-12-29
CL-13596,regular,gold,2024-03-10
CL-13597,new,silver,2025-03-04
CL-13598,vip,gold,2025-06-24
CL-13599,new,none,2024-04-26
CL-13600,regular,platinum,2024-11-05
CL-13601,regular,none,2024-07-30
CL-13602,new,none,2024-04-04
CL-13603,regular,gold,2024-04-09
CL-13604,new,none,2024-12-30
CL-13605,new,none,2025-02-19
CL-13606,regular,silver,2025-03-01
CL-13607,new,none,2024-02-19
CL-13608,sleeping,none,2024-01-20
CL-13609,regular,silver,2024-04-01
CL-13610,new,silver,2025-08-24
CL-13611,sleeping,silver,2025-05-04
CL-13612,regular,silver,2025-01-08
CL-13613,regular,none,2024-01-24
CL-13614,regular,silver,2024-01-20
CL-13615,vip,none,2024-10-25
CL-13616,new,none,2025-10-16
CL-13617,new,none,2024-03-25
CL-13618,sleeping,silver,2025-03-20
CL-13619,new,none,2025-03-10
CL-13620,regular,silver,2026-01-02
CL-13621,regular,none,2024-08-14
CL-13622,regular,none,2024-08-01
CL-13623,regular,none,2025-04-03
CL-13624,sleeping,silver,2024-11-09
CL-13625,new,silver,2024-05-10
CL-13626,regular,silver,2025-05-18
CL-13627,regular,platinum,2025-12-30
CL-13628,new,none,2025-11-25
CL-13629,sleeping,none,2024-03-17
CL-13630,regular,gold,2025-08-24
CL-13631,new,silver,2025-06-16
CL-13632,vip,none,2025-05-03
CL-13633,sleeping,none,2024-12-19
CL-13634,new,silver,2025-08-27
CL-13635,regular,none,2025-03-09
CL-13636,new,silver,2024-03-13
CL-13637,new,none,2024-04-08
CL-13638,new,platinum,2025-07-04
CL-13639,vip,silver,2024-11-04
CL-13640,new,gold,2025-03-15
CL-13641,new,none,2025-09-04
CL-13642,regular,silver,2024-07-27
CL-13643,regular,gold,2025-11-09
CL-13644,new,none,2024-06-30
CL-13645,new,silver,2024-12-06
CL-13646,regular,none,2024-08-07
CL-13647,regular,silver,2025-06-15
CL-13648,regular,gold,2024-04-03
CL-13649,new,silver,2024-09-10
CL-13650,regular,gold,2024-07-26
CL-13651,regular,none,2025-07-02
CL-13652,new,gold,2024-02-24
CL-13653,new,silver,2025-05-04
CL-13654,regular,none,2025-05-26
CL-13655,new,gold,2025-07-06
CL-13656,new,none,2025-01-24
CL-13657,sleeping,none,2025-05-06
CL-13658,regular,gold,2024-04-07
CL-13659,regular,none,2025-02-24
CL-13660,new,none,2025-06-13
CL-13661,regular,none,2024-07-07
CL-13662,regular,gold,2024-05-15
CL-13663,sleeping,none,2024-08-15
CL-13664,regular,none,2025-01-11
CL-13665,regular,none,2024-02-06
CL-13666,new,none,2025-11-30
CL-13667,regular,none,2025-05-11
CL-13668,sleeping,gold,2025-08-01
CL-13669,regular,gold,2025-10-07
CL-13670,regular,gold,2025-03-19
CL-13671,vip,silver,2025-08-08
CL-13672,sleeping,none,2025-03-20
CL-13673,new,none,2025-08-09
CL-13674,new,silver,2024-02-18
CL-13675,regular,none,2025-09-18
CL-13676,sleeping,silver,2024-11-20
CL-13677,regular,none,2024-12-28
CL-13678,new,silver,2024-08-21
CL-13679,regular,none,2024-10-31
CL-13680,new,silver,2024-12-26
CL-13681,new,platinum,2024-10-09
CL-13682,new,none,2025-12-24
CL-13683,new,none,2025-01-24
CL-13684,regular,none,2025-08-20
CL-13685,new,none,2025-12-28
CL-13686,new,silver,2025-04-08
CL-13687,regular,platinum,2024-09-13
CL-13688,new,gold,2025-06-19
CL-13689,regular,silver,2024-01-09
CL-13690,new,silver,2025-07-09
CL-13691,new,none,2024-01-07
CL-13692,regular,gold,2024-12-12
CL-13693,new,silver,2024-07-29
CL-13694,new,none,2025-10-20
CL-13695,new,platinum,2025-05-04
CL-13696,new,silver,2025-04-14
CL-13697,new,none,2025-05-12
CL-13698,new,silver,2025-07-14
CL-13699,new,none,2024-05-01
CL-13700,new,none,2024-01-09
CL-13701,vip,none,2025-12-09
CL-13702,new,silver,2025-02-12
CL-13703,new,none,2025-05-24
CL-13704,regular,none,2024-10-03
CL-13705,new,none,2025-10-07
CL-13706,regular,none,2024-02-12
CL-13707,new,silver,2024-11-30
CL-13708,regular,silver,2025-05-06
CL-13709,sleeping,none,2024-12-18
CL-13710,new,none,2025-12-06
CL-13711,new,none,2024-01-07
CL-13712,regular,silver,2025-07-10
CL-13713,sleeping,gold,2025-10-31
CL-13714,regular,none,2024-03-01
CL-13715,regular,none,2025-05-02
CL-13716,new,none,2024-02-13
CL-13717,regular,silver,2025-04-19
CL-13718,new,none,2024-09-19
CL-13719,regular,silver,2025-09-24
CL-13720,new,silver,2024-06-30
CL-13721,regular,none,2024-10-11
CL-13722,new,silver,2024-01-21
CL-13723,regular,platinum,2025-07-13
CL-13724,regular,none,2024-01-31
CL-13725,vip,silver,2025-05-24
CL-13726,sleeping,silver,2024-09-19
CL-13727,regular,none,2025-12-15
CL-13728,regular,gold,2024-04-11
CL-13729,new,none,2025-04-29
CL-13730,sleeping,none,2024-05-27
CL-13731,regular,silver,2024-02-03
CL-13732,regular,gold,2025-10-22
CL-13733,regular,none,2025-11-01
CL-13734,regular,silver,2026-01-25
CL-13735,vip,none,2024-05-22
CL-13736,vip,silver,2025-09-03
CL-13737,regular,silver,2025-01-07
CL-13738,regular,silver,2024-06-25
CL-13739,sleeping,platinum,2024-10-26
CL-13740,regular,silver,2024-05-13
CL-13741,regular,none,2025-04-13
CL-13742,regular,platinum,2025-03-15
CL-13743,regular,none,2024-05-10
CL-13744,regular,silver,2025-08-18
CL-13745,regular,silver,2025-03-05
CL-13746,vip,gold,2025-05-14
CL-13747,vip,none,2024-04-12
CL-13748,regular,silver,2025-09-02
CL-13749,new,silver,2024-10-04
CL-13750,regular,silver,2025-01-05
CL-13751,regular,gold,2024-04-28
CL-13752,regular,none,2026-01-20
CL-13753,sleeping,none,2025-01-28
CL-13754,new,silver,2025-08-21
CL-13755,new,none,2025-04-09
CL-13756,vip,gold,2024-02-08
CL-13757,sleeping,none,2025-06-13
CL-13758,regular,silver,2024-10-03
CL-13759,new,silver,2025-03-31
CL-13760,regular,gold,2025-03-01
CL-13761,regular,silver,2025-08-19
CL-13762,regular,none,2024-06-19
CL-13763,new,none,2026-01-07
CL-13764,new,gold,2024-11-02
CL-13765,regular,gold,2025-06-30
CL-13766,regular,silver,2025-04-23
CL-13767,regular,silver,2025-03-05
CL-13768,regular,none,2025-02-23
CL-13769,new,silver,2025-04-09
CL-13770,regular,silver,2025-10-16
CL-13771,sleeping,none,2024-07-29
CL-13772,regular,none,2024-07-18
CL-13773,regular,silver,2026-01-21
CL-13774,regular,silver,2025-12-01
CL-13775,vip,none,2024-10-27
CL-13776,regular,gold,2024-09-01
CL-13777,regular,none,2025-07-22
CL-13778,vip,silver,2025-11-30
CL-13779,new,gold,2025-12-21
CL-13780,regular,gold,2024-07-07
CL-13781,regular,gold,2024-06-11
CL-13782,sleeping,gold,2025-01-20
CL-13783,regular,silver,2024-05-15
CL-13784,new,silver,2025-12-09
CL-13785,vip,gold,2024-09-24
CL-13786,regular,silver,2024-07-29
CL-13787,regular,silver,2026-01-08
CL-13788,new,none,2025-10-07
CL-13789,new,silver,2025-12-16
CL-13790,regular,none,2025-01-15
CL-13791,regular,silver,2025-08-25
CL-13792,vip,none,2024-11-15
CL-13793,new,none,2024-02-23
CL-13794,regular,none,2025-05-19
CL-13795,new,silver,2024-03-01
CL-13796,regular,gold,2024-05-30
CL-13797,new,none,2024-08-13
CL-13798,regular,none,2025-05-15
CL-13799,new,silver,2025-08-14
CL-13800,regular,silver,2024-05-14
CL-13801,new,none,2025-07-12
CL-13802,regular,silver,2025-06-24
CL-13803,new,gold,2025-03-29
CL-13804,regular,none,2025-04-09
CL-13805,regular,silver,2024-11-01
CL-13806,new,none,2024-04-16
CL-13807,new,platinum,2024-04-11
CL-13808,new,gold,2024-03-17
CL-13809,regular,silver,2024-12-30
CL-13810,sleeping,platinum,2025-04-06
CL-13811,new,none,2024-04-19
CL-13812,regular,silver,2024-04-02
CL-13813,regular,gold,2025-06-12
CL-13814,regular,gold,2025-04-20
CL-13815,regular,silver,2025-12-09
CL-13816,sleeping,none,2026-01-29
CL-13817,regular,none,2026-01-20
CL-13818,vip,none,2024-04-03
CL-13819,new,gold,2024-10-04
CL-13820,vip,silver,2024-12-26
CL-13821,sleeping,silver,2025-07-15
CL-13822,sleeping,none,2025-12-03
CL-13823,new,silver,2025-09-24
CL-13824,vip,silver,2025-12-13
CL-13825,new,silver,2024-01-15
CL-13826,regular,none,2024-01-23
CL-13827,new,none,2024-11-08
CL-13828,regular,none,2025-09-06
CL-13829,regular,platinum,2024-09-05
CL-13830,new,silver,2024-06-30
CL-13831,new,silver,2024-06-30
CL-13832,new,gold,2025-07-21
CL-13833,regular,silver,2025-08-21
CL-13834,vip,silver,2024-09-26
CL-13835,regular,silver,2024-02-13
CL-13836,regular,none,2024-06-19
CL-13837,vip,none,2024-08-07
CL-13838,regular,gold,2024-12-23
CL-13839,regular,silver,2024-10-18
CL-13840,regular,none,2024-05-13
CL-13841,new,gold,2026-01-20
CL-13842,regular,none,2024-11-18
CL-13843,regular,silver,2024-06-17
CL-13844,regular,silver,2024-10-27
CL-13845,regular,none,2025-07-20
CL-13846,new,none,2026-01-01
CL-13847,regular,silver,2024-12-04
CL-13848,new,gold,2025-02-16
CL-13849,vip,gold,2024-08-16
CL-13850,new,gold,2025-06-13
CL-13851,regular,none,2025-06-05
CL-13852,regular,none,2024-05-12
CL-13853,new,silver,2025-02-21
CL-13854,regular,silver,2026-01-27
CL-13855,new,none,2024-06-26
CL-13856,regular,none,2025-01-13
CL-13857,sleeping,none,2025-05-25
CL-13858,new,none,2024-02-27
CL-13859,regular,silver,2025-01-31
CL-13860,vip,platinum,2025-04-08
CL-13861,regular,none,2025-02-17
CL-13862,vip,silver,2024-08-29
CL-13863,regular,none,2025-09-03
CL-13864,regular,none,2024-08-11
CL-13865,new,none,2025-01-22
CL-13866,new,none,2024-08-28
CL-13867,regular,none,2025-10-09
CL-13868,vip,silver,2024-12-08
CL-13869,new,silver,2024-10-20
CL-13870,sleeping,silver,2024-08-06
CL-13871,regular,silver,2025-02-11
CL-13872,regular,none,2025-08-14
CL-13873,sleeping,none,2025-04-18
CL-13874,sleeping,none,2024-05-16
CL-13875,regular,none,2024-01-16
CL-13876,new,none,2024-04-17
CL-13877,new,platinum,2025-11-08
CL-13878,new,platinum,2024-03-20
CL-13879,regular,gold,2024-05-15
CL-13880,new,silver,2024-11-07
CL-13881,regular,silver,2024-05-21
CL-13882,new,silver,2024-03-26
CL-13883,regular,silver,2024-05-22
CL-13884,regular,none,2024-01-20
CL-13885,regular,platinum,2025-01-26
CL-13886,regular,gold,2024-08-11
CL-13887,sleeping,none,2024-08-07
CL-13888,sleeping,silver,2026-01-14
CL-13889,regular,gold,2025-11-27
CL-13890,new,gold,2024-01-09
CL-13891,sleeping,none,2025-11-20
CL-13892,sleeping,silver,2024-02-18
CL-13893,sleeping,none,2025-03-22
CL-13894,regular,none,2025-03-19
CL-13895,new,none,2025-04-15
CL-13896,regular,none,2025-01-13
CL-13897,regular,silver,2025-05-21
CL-13898,new,silver,2024-03-20
CL-13899,regular,gold,2024-12-07
CL-13900,regular,silver,2025-11-10
CL-13901,new,none,2025-03-02
CL-13902,regular,silver,2025-05-27
CL-13903,regular,gold,2024-02-20
CL-13904,regular,silver,2025-01-10
CL-13905,new,silver,2024-03-16
CL-13906,sleeping,none,2025-02-17
CL-13907,regular,none,2024-09-17
CL-13908,regular,gold,2025-08-28
CL-13909,regular,none,2025-08-20
CL-13910,regular,none,2024-03-15
CL-13911,regular,none,2024-10-10
CL-13912,new,silver,2025-12-10
CL-13913,vip,silver,2024-01-12
CL-13914,new,silver,2024-03-26
CL-13915,sleeping,gold,2025-12-11
CL-13916,regular,none,2024-12-14
CL-13917,new,none,2025-04-15
CL-13918,regular,platinum,2024-07-07
CL-13919,new,silver,2024-11-12
CL-13920,sleeping,gold,2025-05-20
CL-13921,regular,silver,2024-08-23
CL-13922,regular,none,2025-09-30
CL-13923,regular,platinum,2025-12-04
CL-13924,sleeping,none,2025-04-13
CL-13925,regular,silver,2024-07-18
CL-13926,regular,none,2024-06-19
CL-13927,regular,silver,2024-01-18
CL-13928,new,silver,2025-08-15
CL-13929,regular,none,2025-11-12
CL-13930,regular,platinum,2025-12-17
CL-13931,vip,none,2026-01-12
CL-13932,regular,silver,2024-05-02
CL-13933,regular,none,2025-06-14
CL-13934,regular,silver,2024-07-11
CL-13935,regular,silver,2024-05-12
CL-13936,regular,silver,2025-02-06
CL-13937,vip,silver,2025-05-28
CL-13938,new,gold,2025-07-16
CL-13939,regular,platinum,2025-01-08
CL-13940,sleeping,gold,2024-04-06
CL-13941,regular,none,2024-02-21
CL-13942,new,silver,2024-02-08
CL-13943,regular,none,2025-08-05
CL-13944,new,none,2025-03-06
CL-13945,new,silver,2024-09-17
CL-13946,regular,silver,2025-08-28
CL-13947,vip,silver,2024-09-27
CL-13948,new,silver,2024-08-14
CL-13949,sleeping,silver,2025-09-05
CL-13950,regular,platinum,2025-03-19
CL-13951,sleeping,none,2025-05-29
CL-13952,regular,none,2025-09-02
CL-13953,sleeping,none,2024-08-25
CL-13954,vip,none,2024-01-22
CL-13955,sleeping,platinum,2025-05-19
CL-13956,regular,none,2024-09-12
CL-13957,new,none,2026-01-07
CL-13958,regular,silver,2024-08-18
CL-13959,regular,none,2025-08-29
CL-13960,new,silver,2025-07-03
CL-13961,sleeping,platinum,2025-06-21
CL-13962,new,silver,2025-05-21
CL-13963,vip,silver,2024-02-26
CL-13964,regular,silver,2025-09-20
CL-13965,vip,gold,2024-07-23
CL-13966,sleeping,none,2025-02-20
CL-13967,regular,silver,2024-07-14
CL-13968,regular,silver,2024-06-22
CL-13969,new,silver,2024-10-15
CL-13970,vip,none,2024-11-25
CL-13971,vip,silver,2025-11-21
CL-13972,new,gold,2024-10-27
CL-13973,new,silver,2025-12-20
CL-13974,regular,none,2025-05-22
CL-13975,new,none,2025-04-28
CL-13976,vip,silver,2025-12-25
CL-13977,new,silver,2026-01-24
CL-13978,sleeping,platinum,2024-12-13
CL-13979,sleeping,silver,2024-10-28
CL-13980,sleeping,none,2025-04-30
CL-13981,regular,gold,2024-06-04
CL-13982,new,silver,2024-05-15
CL-13983,vip,silver,2024-08-25
CL-13984,regular,silver,2025-03-12
CL-13985,sleeping,none,2026-01-28
CL-13986,regular,none,2025-07-07
CL-13987,new,none,2024-08-21
CL-13988,sleeping,none,2025-08-03
CL-13989,vip,silver,2025-01-27
CL-13990,new,none,2026-01-09
CL-13991,regular,gold,2025-04-11
CL-13992,new,none,2026-01-20
CL-13993,regular,silver,2025-08-14
CL-13994,regular,silver,2025-01-26
CL-13995,regular,none,2025-08-18
CL-13996,new,silver,2025-10-16
CL-13997,new,platinum,2024-06-07
CL-13998,regular,platinum,2025-07-14
CL-13999,new,none,2026-01-23
CL-14000,regular,silver,2025-02-02
CL-14001,regular,none,2024-12-10
CL-14002,regular,silver,2024-01-23
CL-14003,regular,none,2025-07-15
CL-14004,new,gold,2026-01-12
CL-14005,new,silver,2025-04-12
CL-14006,vip,none,2026-01-03
CL-14007,vip,platinum,2024-04-13
CL-14008,sleeping,silver,2025-01-28
CL-14009,sleeping,none,2025-08-12
CL-14010,regular,gold,2024-09-18
CL-14011,sleeping,silver,2025-09-28
CL-14012,regular,silver,2024-03-25
CL-14013,regular,none,2025-10-16
CL-14014,sleeping,none,2024-02-11
CL-14015,regular,none,2024-03-10
CL-14016,regular,gold,2025-09-02
CL-14017,regular,none,2026-01-06
CL-14018,new,silver,2024-11-07
CL-14019,regular,platinum,2024-06-16
CL-14020,vip,platinum,2025-03-03
CL-14021,regular,gold,2024-08-04
CL-14022,new,gold,2024-08-17
CL-14023,regular,platinum,2024-01-02
CL-14024,regular,gold,2025-04-11
CL-14025,regular,silver,2024-04-30
CL-14026,regular,none,2025-07-30
CL-14027,regular,none,2024-06-07
CL-14028,regular,silver,2025-11-09
CL-14029,regular,none,2025-06-04
CL-14030,regular,none,2025-01-12
CL-14031,regular,none,2024-11-16
CL-14032,regular,silver,2024-08-16
CL-14033,new,none,2024-02-23
CL-14034,regular,none,2024-02-28
CL-14035,regular,silver,2025-03-08
CL-14036,regular,none,2025-10-11
CL-14037,sleeping,silver,2025-06-10
CL-14038,new,none,2025-10-10
CL-14039,vip,silver,2025-07-15
CL-14040,new,gold,2024-09-25
CL-14041,regular,none,2025-12-11
CL-14042,vip,gold,2024-06-06
CL-14043,regular,gold,2024-07-27
CL-14044,vip,platinum,2025-05-26
CL-14045,vip,gold,2024-01-29
CL-14046,new,silver,2025-07-29
CL-14047,sleeping,none,2024-08-18
CL-14048,sleeping,none,2025-07-02
CL-14049,regular,none,2025-07-16
CL-14050,new,silver,2024-02-24
CL-14051,new,platinum,2024-09-06
CL-14052,vip,none,2026-01-18
CL-14053,sleeping,silver,2025-12-08
CL-14054,vip,platinum,2025-02-17
CL-14055,regular,none,2024-11-19
CL-14056,new,none,2025-04-07
CL-14057,regular,none,2025-07-08
CL-14058,regular,none,2024-02-04
CL-14059,new,silver,2024-08-28
CL-14060,new,silver,2024-01-09
CL-14061,new,silver,2025-01-19
CL-14062,new,none,2024-04-06
CL-14063,regular,silver,2025-11-12
CL-14064,regular,none,2024-10-24
CL-14065,regular,silver,2025-11-03
CL-14066,regular,none,2025-12-19
CL-14067,sleeping,gold,2024-07-25
CL-14068,regular,silver,2025-07-07
CL-14069,regular,none,2024-02-06
CL-14070,regular,silver,2026-01-29
CL-14071,regular,silver,2025-07-28
CL-14072,regular,gold,2025-05-31
CL-14073,regular,platinum,2025-03-17
CL-14074,regular,none,2024-03-16
CL-14075,regular,silver,2024-07-17
CL-14076,regular,none,2025-06-11
CL-14077,new,silver,2024-06-11
CL-14078,regular,none,2025-05-02
CL-14079,regular,silver,2025-09-23
CL-14080,regular,gold,2025-11-04
CL-14081,regular,none,2024-02-20
CL-14082,new,gold,2025-02-17
CL-14083,new,none,2024-04-09
CL-14084,regular,gold,2024-07-05
CL-14085,regular,gold,2025-10-31
CL-14086,new,none,2025-07-10
CL-14087,new,none,2025-05-28
CL-14088,new,silver,2025-07-26
CL-14089,regular,silver,2024-03-31
CL-14090,new,none,2025-01-25
CL-14091,regular,platinum,2024-06-23
CL-14092,regular,gold,2024-03-13
CL-14093,sleeping,platinum,2025-11-26
CL-14094,regular,none,2024-11-10
CL-14095,new,silver,2024-06-02
CL-14096,regular,none,2025-09-30
CL-14097,regular,none,2025-06-20
CL-14098,new,none,2024-08-18
CL-14099,sleeping,none,2025-09-13
CL-14100,regular,silver,2025-07-10
CL-14101,new,none,2024-07-22
CL-14102,new,none,2024-07-11
CL-14103,sleeping,silver,2024-05-10
CL-14104,sleeping,silver,2024-09-06
CL-14105,vip,gold,2024-08-06
CL-14106,new,silver,2024-09-13
CL-14107,regular,none,2024-06-01
CL-14108,new,silver,2024-04-13
CL-14109,regular,silver,2025-06-23
CL-14110,regular,none,2024-09-23
CL-14111,sleeping,none,2024-03-17
CL-14112,regular,gold,2025-07-03
CL-14113,regular,none,2024-06-23
CL-14114,new,none,2024-10-31
CL-14115,regular,none,2025-10-01
CL-14116,new,gold,2024-08-15
CL-14117,vip,silver,2024-05-19
CL-14118,new,platinum,2025-06-16
CL-14119,regular,gold,2024-03-01
CL-14120,new,gold,2025-01-26
CL-14121,regular,none,2025-09-14
CL-14122,new,none,2024-11-27
CL-14123,regular,gold,2024-04-29
CL-14124,regular,platinum,2025-08-28
CL-14125,regular,gold,2025-07-07
CL-14126,sleeping,platinum,2024-10-17
CL-14127,new,silver,2024-04-25
CL-14128,regular,silver,2025-02-17
CL-14129,sleeping,silver,2025-08-14
CL-14130,new,silver,2024-01-25
CL-14131,vip,none,2025-01-06
CL-14132,sleeping,none,2024-09-14
CL-14133,vip,none,2024-10-01
CL-14134,regular,none,2024-06-29
CL-14135,regular,none,2025-05-09
CL-14136,regular,silver,2025-11-04
CL-14137,regular,silver,2024-03-12
CL-14138,sleeping,silver,2024-01-17
CL-14139,new,silver,2024-10-25
CL-14140,regular,silver,2025-06-16
CL-14141,regular,silver,2024-02-28
CL-14142,new,silver,2025-07-28
CL-14143,regular,none,2025-07-03
CL-14144,regular,silver,2024-09-09
CL-14145,regular,gold,2024-09-08
CL-14146,vip,none,2024-07-14
CL-14147,regular,gold,2025-06-23
CL-14148,sleeping,none,2024-05-05
CL-14149,regular,silver,2024-09-10
CL-14150,vip,gold,2024-07-29
CL-14151,new,silver,2024-10-11
CL-14152,regular,silver,2025-11-25
CL-14153,sleeping,silver,2024-01-19
CL-14154,new,none,2024-02-02
CL-14155,regular,silver,2024-11-07
CL-14156,regular,silver,2024-12-13
CL-14157,regular,none,2026-01-26
CL-14158,vip,none,2024-07-19
CL-14159,regular,platinum,2025-03-01
CL-14160,sleeping,none,2025-06-12
CL-14161,regular,gold,2025-06-14
CL-14162,regular,none,2024-09-10
CL-14163,vip,none,2025-10-08
CL-14164,regular,silver,2024-09-19
CL-14165,new,silver,2024-11-24
CL-14166,regular,silver,2024-02-14
CL-14167,regular,none,2026-01-27
CL-14168,regular,silver,2025-11-22
CL-14169,regular,silver,2024-07-05
CL-14170,regular,none,2025-01-31
CL-14171,vip,silver,2025-09-27
CL-14172,new,none,2024-02-22
CL-14173,regular,none,2025-05-27
CL-14174,regular,none,2025-07-25
CL-14175,new,none,2025-05-02
CL-14176,regular,gold,2025-08-15
CL-14177,regular,platinum,2024-06-19
CL-14178,vip,none,2024-12-16
CL-14179,regular,none,2025-04-26
CL-14180,new,platinum,2026-01-14
CL-14181,regular,none,2024-02-14
CL-14182,vip,none,2024-06-20
CL-14183,regular,silver,2024-09-05
CL-14184,new,none,2025-10-03
CL-14185,sleeping,silver,2025-08-03
CL-14186,new,gold,2025-10-05
CL-14187,new,silver,2025-05-05
CL-14188,regular,silver,2025-01-31
CL-14189,regular,none,2024-10-31
CL-14190,vip,none,2025-02-14
CL-14191,new,gold,2024-03-18
CL-14192,regular,gold,2024-03-26
CL-14193,regular,gold,2024-02-23
CL-14194,sleeping,none,2024-04-11
CL-14195,sleeping,gold,2024-09-07
CL-14196,regular,none,2024-11-17
CL-14197,new,silver,2026-01-21
CL-14198,new,silver,2025-11-28
CL-14199,sleeping,silver,2025-08-08
CL-14200,regular,silver,2024-06-12
CL-14201,regular,silver,2025-02-05
CL-14202,sleeping,gold,2024-12-27
CL-14203,vip,none,2025-04-20
CL-14204,regular,none,2024-02-18
CL-14205,sleeping,silver,2024-02-17
CL-14206,new,none,2024-08-15
CL-14207,regular,none,2024-03-02
CL-14208,sleeping,none,2024-10-09
CL-14209,new,none,2024-10-22
CL-14210,new,silver,2026-01-01
CL-14211,regular,platinum,2025-05-28
CL-14212,regular,gold,2024-05-26
CL-14213,new,silver,2025-03-22
CL-14214,new,none,2024-03-17
CL-14215,new,silver,2026-01-09
CL-14216,new,silver,2024-02-10
CL-14217,vip,gold,2024-06-20
CL-14218,regular,silver,2025-01-31
CL-14219,regular,silver,2025-06-05
CL-14220,new,none,2025-01-29
CL-14221,regular,gold,2025-12-13
CL-14222,new,gold,2024-05-28
CL-14223,vip,none,2026-01-29
CL-14224,sleeping,platinum,2024-07-07
CL-14225,regular,none,2025-07-09
CL-14226,sleeping,none,2024-08-30
CL-14227,new,gold,2025-06-03
CL-14228,new,silver,2024-01-08
CL-14229,regular,none,2025-07-01
CL-14230,regular,none,2025-09-12
CL-14231,sleeping,none,2024-09-15
CL-14232,new,none,2025-08-10
CL-14233,regular,silver,2025-02-08
CL-14234,new,none,2024-08-31
CL-14235,new,silver,2025-03-18
CL-14236,regular,silver,2025-03-12
CL-14237,sleeping,silver,2024-09-17
CL-14238,regular,platinum,2024-09-06
CL-14239,regular,none,2024-12-05
CL-14240,new,none,2024-01-21
CL-14241,new,none,2025-03-13
CL-14242,new,none,2025-03-24
CL-14243,vip,silver,2025-02-13
CL-14244,new,none,2025-07-02
CL-14245,new,silver,2025-01-10
CL-14246,regular,platinum,2024-09-10
CL-14247,regular,none,2025-09-03
CL-14248,regular,none,2024-07-02
CL-14249,new,gold,2024-01-08
CL-14250,regular,gold,2024-07-19
CL-14251,regular,none,2025-06-28
CL-14252,new,silver,2024-09-22
CL-14253,regular,none,2024-05-07
CL-14254,new,silver,2024-12-21
CL-14255,sleeping,silver,2024-05-25
CL-14256,sleeping,none,2025-07-27
CL-14257,new,none,2024-03-19
CL-14258,regular,silver,2024-05-31
CL-14259,regular,silver,2025-08-17
CL-14260,vip,gold,2025-06-20
CL-14261,regular,silver,2024-07-05
CL-14262,regular,gold,2026-01-03
CL-14263,new,silver,2024-02-18
CL-14264,new,silver,2024-05-17
CL-14265,regular,none,2024-06-21
CL-14266,regular,none,2025-01-20
CL-14267,vip,silver,2025-01-23
CL-14268,vip,none,2024-10-01
CL-14269,regular,none,2024-06-26
CL-14270,regular,none,2025-04-01
CL-14271,sleeping,gold,2024-11-01
CL-14272,vip,silver,2025-10-31
CL-14273,sleeping,gold,2024-02-27
CL-14274,sleeping,platinum,2025-11-04
CL-14275,regular,silver,2025-09-14
CL-14276,regular,silver,2024-12-02
CL-14277,regular,silver,2025-06-15
CL-14278,new,silver,2025-07-29
CL-14279,regular,gold,2025-11-03
CL-14280,regular,gold,2025-01-23
CL-14281,regular,silver,2024-03-02
CL-14282,new,gold,2025-08-09
CL-14283,regular,silver,2024-04-27
CL-14284,regular,none,2025-11-03
CL-14285,regular,none,2025-09-15
CL-14286,new,none,2025-06-24
CL-14287,regular,none,2024-09-21
CL-14288,new,silver,2024-02-16
CL-14289,new,none,2024-11-23
CL-14290,regular,gold,2024-07-05
CL-14291,sleeping,none,2026-01-09
CL-14292,regular,none,2025-08-20
CL-14293,regular,silver,2024-05-22
CL-14294,vip,none,2024-01-15
CL-14295,regular,none,2025-11-30
CL-14296,sleeping,none,2025-01-28
CL-14297,new,silver,2025-07-05
CL-14298,regular,none,2025-04-08
CL-14299,new,silver,2024-08-25
CL-14300,regular,none,2025-09-15
CL-14301,sleeping,none,2024-06-16
CL-14302,regular,none,2025-09-05
CL-14303,regular,none,2026-01-06
CL-14304,new,gold,2024-02-25
CL-14305,sleeping,silver,2025-08-18
CL-14306,regular,silver,2025-05-31
CL-14307,new,gold,2025-08-05
CL-14308,sleeping,none,2025-08-23
CL-14309,regular,gold,2025-12-12
CL-14310,regular,silver,2024-03-21
CL-14311,new,silver,2024-08-16
CL-14312,new,gold,2025-01-03
CL-14313,vip,none,2025-11-05
CL-14314,regular,silver,2025-05-08
CL-14315,sleeping,silver,2025-04-06
CL-14316,new,silver,2024-09-17
CL-14317,regular,none,2024-04-03
CL-14318,regular,none,2024-10-08
CL-14319,regular,platinum,2024-12-28
CL-14320,regular,silver,2024-03-19
CL-14321,regular,none,2024-05-02
CL-14322,regular,none,2025-08-11
CL-14323,vip,silver,2024-07-05
CL-14324,new,none,2024-06-29
CL-14325,regular,none,2024-03-18
CL-14326,regular,platinum,2024-11-26
CL-14327,new,none,2024-02-03
CL-14328,new,none,2025-01-27
CL-14329,sleeping,silver,2024-02-25
CL-14330,new,none,2024-03-07
CL-14331,new,none,2026-01-11
CL-14332,regular,silver,2024-11-23
CL-14333,new,silver,2024-08-10
CL-14334,new,silver,2024-04-25
CL-14335,new,gold,2024-12-07
CL-14336,new,gold,2024-06-25
CL-14337,regular,silver,2024-06-18
CL-14338,vip,silver,2024-09-27
CL-14339,new,gold,2024-04-11
CL-14340,regular,none,2025-01-07
CL-14341,regular,silver,2024-11-06
CL-14342,new,none,2024-11-25
CL-14343,regular,none,2025-08-17
CL-14344,regular,platinum,2024-02-24
CL-14345,new,none,2024-07-23
CL-14346,regular,none,2024-09-23
CL-14347,new,none,2024-10-18
CL-14348,sleeping,silver,2024-01-30
CL-14349,sleeping,gold,2024-07-11
CL-14350,vip,none,2024-07-09
CL-14351,new,gold,2025-11-25
CL-14352,regular,silver,2024-03-05
CL-14353,regular,gold,2025-01-13
CL-14354,new,gold,2024-05-07
CL-14355,sleeping,none,2026-01-11
CL-14356,regular,gold,2025-01-16
CL-14357,new,none,2024-09-04
CL-14358,sleeping,silver,2025-12-05
CL-14359,new,none,2025-05-05
CL-14360,regular,none,2024-05-28
CL-14361,new,platinum,2025-06-25
CL-14362,new,gold,2025-07-09
CL-14363,sleeping,silver,2025-01-21
CL-14364,regular,platinum,2024-02-03
CL-14365,new,none,2025-07-15
CL-14366,regular,none,2024-09-12
CL-14367,vip,gold,2024-03-21
CL-14368,sleeping,none,2024-11-01
CL-14369,sleeping,gold,2025-01-10
CL-14370,sleeping,none,2024-03-23
CL-14371,regular,none,2024-06-14
CL-14372,new,none,2025-04-28
CL-14373,sleeping,none,2025-05-24
CL-14374,new,none,2024-04-20
CL-14375,new,none,2024-07-03
CL-14376,regular,none,2025-08-31
CL-14377,new,gold,2024-03-08
CL-14378,regular,silver,2025-03-25
CL-14379,sleeping,none,2024-11-13
CL-14380,regular,none,2025-07-17
CL-14381,regular,none,2024-01-28
CL-14382,regular,none,2024-05-04
CL-14383,regular,silver,2025-09-16
CL-14384,new,none,2024-08-28
CL-14385,new,platinum,2024-10-13
CL-14386,regular,none,2025-06-20
CL-14387,regular,silver,2024-12-23
CL-14388,regular,silver,2024-12-10
CL-14389,new,none,2024-02-14
CL-14390,new,none,2025-04-25
CL-14391,regular,none,2024-04-15
CL-14392,regular,silver,2024-11-10
CL-14393,regular,gold,2024-09-23
CL-14394,sleeping,none,2025-05-25
CL-14395,regular,gold,2025-05-29
CL-14396,new,silver,2025-05-02
CL-14397,regular,silver,2025-04-13
CL-14398,new,none,2024-08-15
CL-14399,new,gold,2024-09-21
CL-14400,regular,none,2025-11-01
CL-14401,new,none,2025-06-23
CL-14402,new,silver,2025-07-10
CL-14403,sleeping,platinum,2025-10-23
CL-14404,regular,none,2024-02-21
CL-14405,sleeping,none,2024-01-02
CL-14406,sleeping,platinum,2024-01-29
CL-14407,new,gold,2025-01-14
CL-14408,regular,silver,2025-06-28
CL-14409,regular,silver,2025-12-23
CL-14410,regular,silver,2025-04-25
CL-14411,new,platinum,2025-07-11
CL-14412,new,none,2025-12-03
CL-14413,new,gold,2024-05-09
CL-14414,regular,silver,2025-05-28
CL-14415,new,platinum,2025-05-20
CL-14416,regular,silver,2024-06-07
CL-14417,vip,none,2024-12-21
CL-14418,regular,gold,2024-02-01
CL-14419,regular,platinum,2024-12-31
CL-14420,new,gold,2025-02-08
CL-14421,sleeping,none,2024-10-13
CL-14422,regular,none,2025-01-12
CL-14423,regular,gold,2025-04-26
CL-14424,sleeping,silver,2025-12-13
CL-14425,new,none,2024-10-27
CL-14426,regular,none,2025-06-22
CL-14427,new,none,2024-11-29
CL-14428,new,none,2025-11-15
CL-14429,regular,none,2025-03-03
CL-14430,regular,platinum,2025-07-28
CL-14431,new,silver,2024-08-08
CL-14432,regular,none,2025-05-17
CL-14433,vip,silver,2024-07-11
CL-14434,vip,silver,2025-03-03
CL-14435,new,gold,2024-05-26
CL-14436,regular,gold,2025-03-16
CL-14437,new,none,2024-05-16
CL-14438,regular,platinum,2025-01-20
CL-14439,regular,none,2025-01-02
CL-14440,regular,silver,2025-09-29
CL-14441,new,gold,2024-03-20
CL-14442,regular,gold,2024-06-27
CL-14443,new,none,2025-06-23
CL-14444,new,none,2025-11-26
CL-14445,regular,none,2025-09-05
CL-14446,new,none,2025-03-01
CL-14447,regular,none,2024-07-22
CL-14448,regular,none,2024-11-28
CL-14449,regular,silver,2025-10-12
CL-14450,regular,none,2024-06-09
CL-14451,regular,silver,2026-01-18
CL-14452,sleeping,silver,2024-07-28
CL-14453,new,none,2025-01-02
CL-14454,regular,silver,2025-03-19
CL-14455,regular,gold,2024-08-12
CL-14456,new,silver,2024-04-25
CL-14457,new,silver,2024-08-23
CL-14458,new,silver,2024-01-03
CL-14459,regular,silver,2025-04-29
CL-14460,regular,silver,2024-07-16
CL-14461,regular,gold,2024-12-02
CL-14462,regular,gold,2024-08-19
CL-14463,regular,none,2024-06-01
CL-14464,new,silver,2025-12-16
CL-14465,regular,gold,2024-09-16
CL-14466,regular,silver,2025-03-18
CL-14467,new,silver,2024-09-15
CL-14468,new,none,2024-11-04
CL-14469,new,none,2024-07-07
CL-14470,sleeping,silver,2026-01-17
CL-14471,new,gold,2025-04-02
CL-14472,new,none,2024-10-06
CL-14473,new,platinum,2025-02-25
CL-14474,new,gold,2025-12-29
CL-14475,regular,gold,2025-04-16
CL-14476,regular,gold,2025-12-16
CL-14477,regular,none,2025-05-19
CL-14478,vip,none,2025-06-08
CL-14479,new,none,2024-10-10
CL-14480,regular,none,2025-02-03
CL-14481,regular,none,2025-04-04
CL-14482,regular,gold,2025-09-16
CL-14483,vip,gold,2025-07-17
CL-14484,new,none,2024-09-03
CL-14485,regular,silver,2024-11-22
CL-14486,regular,silver,2024-10-06
CL-14487,new,silver,2026-01-18
CL-14488,vip,platinum,2024-06-06
CL-14489,new,none,2025-03-17
CL-14490,new,none,2024-07-13
CL-14491,regular,gold,2024-04-09
CL-14492,regular,none,2024-04-13
CL-14493,sleeping,gold,2024-01-16
CL-14494,sleeping,none,2025-10-08
CL-14495,new,silver,2025-09-25
CL-14496,regular,silver,2024-01-01
CL-14497,sleeping,gold,2024-07-22
CL-14498,new,none,2024-11-18
CL-14499,regular,gold,2024-04-27
CL-14500,sleeping,gold,2024-10-03
CL-14501,new,gold,2025-12-03
CL-14502,sleeping,platinum,2024-10-21
CL-14503,regular,gold,2025-01-21
CL-14504,sleeping,gold,2025-10-03
CL-14505,regular,silver,2024-01-02
CL-14506,regular,gold,2025-09-16
CL-14507,regular,platinum,2024-12-11
CL-14508,new,silver,2025-05-19
CL-14509,regular,none,2025-12-29
CL-14510,sleeping,none,2025-06-07
CL-14511,sleeping,gold,2024-08-17
CL-14512,sleeping,platinum,2025-09-02
CL-14513,regular,none,2024-06-30
CL-14514,regular,platinum,2024-10-19
CL-14515,regular,none,2025-05-06
CL-14516,regular,silver,2024-12-08
CL-14517,regular,gold,2025-10-10
CL-14518,new,platinum,2024-07-04
CL-14519,new,silver,2025-05-01
CL-14520,regular,platinum,2024-06-29
CL-14521,new,gold,2025-03-26
CL-14522,new,gold,2025-12-11
CL-14523,new,gold,2026-01-08
CL-14524,vip,none,2025-08-01
CL-14525,sleeping,none,2025-04-27
CL-14526,regular,none,2024-12-10
CL-14527,sleeping,none,2024-08-26
CL-14528,sleeping,none,2024-01-30
CL-14529,new,none,2025-01-20
CL-14530,new,none,2025-07-18
CL-14531,new,silver,2025-09-27
CL-14532,new,none,2025-12-21
CL-14533,regular,none,2024-05-18
CL-14534,new,none,2025-12-05
CL-14535,sleeping,none,2024-07-29
CL-14536,regular,silver,2025-06-26
CL-14537,regular,gold,2025-07-20
CL-14538,sleeping,silver,2025-05-07
CL-14539,sleeping,silver,2024-11-14
CL-14540,regular,platinum,2024-04-01
CL-14541,regular,silver,2025-01-15
CL-14542,sleeping,none,2024-03-06
CL-14543,regular,none,2025-04-21
CL-14544,sleeping,silver,2024-07-20
CL-14545,new,silver,2024-05-27
CL-14546,regular,gold,2025-03-04
CL-14547,regular,none,2024-07-07
CL-14548,new,platinum,2025-11-25
CL-14549,new,silver,2024-03-16
CL-14550,new,gold,2025-10-24
CL-14551,new,silver,2025-08-10
CL-14552,new,none,2024-08-20
CL-14553,regular,none,2025-03-08
CL-14554,vip,none,2024-10-05
CL-14555,regular,none,2024-06-30
CL-14556,regular,gold,2024-08-23
CL-14557,new,none,2024-09-16
CL-14558,vip,none,2025-02-06
CL-14559,new,none,2025-03-16
CL-14560,new,silver,2025-09-06
CL-14561,regular,none,2025-03-10
CL-14562,sleeping,none,2025-08-18
CL-14563,sleeping,gold,2025-11-30
CL-14564,regular,none,2025-11-04
CL-14565,regular,platinum,2024-11-06
CL-14566,regular,none,2025-01-31
CL-14567,regular,silver,2025-09-04
CL-14568,new,silver,2025-05-15
CL-14569,new,none,2024-04-09
CL-14570,sleeping,silver,2025-12-25
CL-14571,sleeping,none,2025-08-05
CL-14572,new,none,2025-05-28
CL-14573,new,gold,2026-01-22
CL-14574,new,platinum,2024-05-06
CL-14575,regular,none,2025-11-03
CL-14576,new,silver,2024-09-05
CL-14577,regular,none,2025-09-09
CL-14578,new,none,2024-02-27
CL-14579,new,none,2025-02-26
CL-14580,new,silver,2024-03-24
CL-14581,regular,silver,2025-12-22
CL-14582,new,silver,2025-01-08
CL-14583,regular,platinum,2025-10-11
CL-14584,regular,gold,2025-07-15
CL-14585,regular,none,2025-01-02
CL-14586,new,none,2024-05-23
CL-14587,regular,silver,2024-12-21
CL-14588,new,none,2024-08-31
CL-14589,regular,none,2024-07-12
CL-14590,regular,none,2024-09-12
CL-14591,sleeping,silver,2024-06-23
CL-14592,sleeping,silver,2025-09-30
CL-14593,regular,silver,2025-11-21
CL-14594,sleeping,gold,2024-05-19
CL-14595,new,platinum,2024-06-10
CL-14596,regular,gold,2024-01-26
CL-14597,new,none,2024-11-13
CL-14598,new,silver,2025-04-19
CL-14599,regular,none,2024-07-19
CL-14600,regular,platinum,2025-02-04
CL-14601,regular,silver,2024-09-12
CL-14602,vip,none,2024-01-03
CL-14603,regular,silver,2024-06-29
CL-14604,sleeping,silver,2025-08-04
CL-14605,sleeping,platinum,2025-11-01
CL-14606,vip,none,2024-11-18
CL-14607,new,none,2025-03-17
CL-14608,regular,platinum,2025-02-20
CL-14609,regular,silver,2024-08-18
CL-14610,sleeping,none,2025-05-24
CL-14611,new,silver,2024-11-05
CL-14612,new,silver,2024-02-09
CL-14613,new,none,2024-10-20
CL-14614,new,none,2024-05-11
CL-14615,vip,none,2024-12-29
CL-14616,new,none,2024-12-17
CL-14617,regular,none,2024-12-21
CL-14618,regular,none,2024-05-10
CL-14619,regular,silver,2025-12-20
CL-14620,new,silver,2024-03-29
CL-14621,regular,silver,2024-08-10
CL-14622,regular,none,2024-09-03
CL-14623,sleeping,silver,2024-12-11
CL-14624,regular,none,2024-11-20
CL-14625,sleeping,platinum,2026-01-20
CL-14626,new,none,2025-10-07
CL-14627,regular,gold,2024-02-11
CL-14628,regular,silver,2025-03-28
CL-14629,regular,gold,2025-01-26
CL-14630,regular,gold,2025-12-07
CL-14631,new,gold,2024-09-16
CL-14632,new,silver,2024-12-13
CL-14633,vip,none,2025-12-06
CL-14634,vip,silver,2024-12-25
CL-14635,new,none,2025-04-06
CL-14636,regular,none,2024-08-24
CL-14637,regular,gold,2025-08-18
CL-14638,regular,silver,2024-03-02
CL-14639,new,none,2026-01-12
CL-14640,sleeping,gold,2024-05-10
CL-14641,regular,none,2025-03-14
CL-14642,regular,gold,2024-02-21
CL-14643,regular,gold,2024-03-14
CL-14644,regular,none,2025-06-18
CL-14645,new,none,2025-08-20
CL-14646,sleeping,platinum,2024-09-22
CL-14647,new,none,2024-02-12
CL-14648,vip,platinum,2024-01-24
CL-14649,sleeping,silver,2025-12-11
CL-14650,regular,none,2025-07-25
CL-14651,regular,silver,2024-10-20
CL-14652,new,silver,2024-07-12
CL-14653,regular,none,2025-06-17
CL-14654,regular,silver,2025-11-10
CL-14655,new,none,2025-05-15
CL-14656,new,none,2025-09-17
CL-14657,sleeping,gold,2025-10-08
CL-14658,new,silver,2024-08-18
CL-14659,new,silver,2025-07-10
CL-14660,new,silver,2024-06-28
CL-14661,regular,silver,2024-06-18
CL-14662,regular,none,2026-01-24
CL-14663,regular,platinum,2024-09-05
CL-14664,regular,silver,2025-09-14
CL-14665,new,gold,2024-09-19
CL-14666,regular,gold,2025-12-05
CL-14667,new,silver,2024-07-30
CL-14668,vip,silver,2024-01-13
CL-14669,new,none,2024-12-17
CL-14670,new,none,2025-03-30
CL-14671,regular,silver,2024-10-19
CL-14672,new,none,2024-07-21
CL-14673,regular,none,2025-09-21
CL-14674,regular,silver,2024-10-11
CL-14675,sleeping,none,2025-06-16
CL-14676,new,none,2024-03-10
CL-14677,regular,silver,2025-10-26
CL-14678,regular,none,2025-07-22
CL-14679,new,none,2024-05-08
CL-14680,regular,none,2025-02-03
CL-14681,vip,silver,2025-07-23
CL-14682,regular,platinum,2025-08-24
CL-14683,sleeping,none,2024-11-15
CL-14684,regular,silver,2024-03-29
CL-14685,regular,none,2024-02-15
CL-14686,sleeping,silver,2026-01-27
CL-14687,new,none,2024-03-23
CL-14688,regular,gold,2024-09-21
CL-14689,regular,silver,2025-10-12
CL-14690,vip,silver,2025-12-24
CL-14691,sleeping,none,2024-12-24
CL-14692,new,gold,2025-05-29
CL-14693,regular,none,2025-01-24
CL-14694,new,silver,2024-03-23
CL-14695,regular,gold,2025-01-08
CL-14696,regular,silver,2025-08-17
CL-14697,new,gold,2025-04-20
CL-14698,vip,silver,2025-03-02
CL-14699,regular,gold,2025-09-24
CL-14700,regular,none,2024-05-23
CL-14701,sleeping,none,2025-03-07
CL-14702,regular,silver,2024-05-22
CL-14703,regular,silver,2024-02-17
CL-14704,new,silver,2025-12-25
CL-14705,new,silver,2025-08-14
CL-14706,new,silver,2026-01-28
CL-14707,new,none,2024-12-14
CL-14708,new,none,2025-03-13
CL-14709,regular,gold,2024-02-16
CL-14710,regular,none,2024-05-22
CL-14711,new,none,2024-03-04
CL-14712,regular,silver,2024-09-15
CL-14713,sleeping,none,2024-11-05
CL-14714,new,silver,2024-06-10
CL-14715,regular,silver,2025-08-14
CL-14716,new,silver,2025-04-06
CL-14717,regular,gold,2024-11-26
CL-14718,regular,gold,2024-10-31
CL-14719,new,silver,2025-03-06
CL-14720,new,platinum,2024-10-14
CL-14721,vip,none,2025-08-10
CL-14722,new,none,2025-09-01
CL-14723,regular,silver,2024-05-19
CL-14724,regular,silver,2026-01-02
CL-14725,new,none,2024-12-13
CL-14726,regular,none,2024-05-29
CL-14727,regular,none,2025-10-08
CL-14728,new,none,2024-11-10
CL-14729,sleeping,none,2024-04-22
CL-14730,regular,gold,2025-02-11
CL-14731,regular,gold,2024-11-07
CL-14732,new,silver,2024-07-05
CL-14733,new,silver,2025-07-06
CL-14734,regular,none,2024-11-01
CL-14735,regular,silver,2025-02-05
CL-14736,new,silver,2024-02-12
CL-14737,regular,gold,2024-10-07
CL-14738,regular,none,2024-02-01
CL-14739,new,gold,2024-08-02
CL-14740,regular,gold,2025-08-20
CL-14741,regular,none,2025-12-04
CL-14742,regular,gold,2024-09-14
CL-14743,regular,none,2025-06-15
CL-14744,regular,gold,2025-06-21
CL-14745,sleeping,silver,2025-08-17
CL-14746,vip,silver,2024-03-04
CL-14747,regular,silver,2024-08-14
CL-14748,regular,silver,2025-05-24
CL-14749,sleeping,gold,2024-08-12
CL-14750,sleeping,gold,2025-05-11
CL-14751,new,silver,2025-11-13
CL-14752,new,gold,2025-09-16
CL-14753,regular,silver,2025-01-07
CL-14754,vip,silver,2024-06-04
CL-14755,sleeping,none,2024-08-31
CL-14756,vip,gold,2025-02-22
CL-14757,new,silver,2025-07-20
CL-14758,sleeping,silver,2025-11-15
CL-14759,new,silver,2025-10-03
CL-14760,regular,gold,2024-06-16
CL-14761,regular,none,2024-03-25
CL-14762,regular,none,2024-04-04
CL-14763,regular,none,2024-06-15
CL-14764,new,none,2024-09-19
CL-14765,new,none,2024-02-01
CL-14766,vip,gold,2026-01-03
CL-14767,new,none,2024-09-21
CL-14768,regular,gold,2024-04-29
CL-14769,new,platinum,2025-02-08
CL-14770,new,none,2024-03-31
CL-14771,new,silver,2025-10-09
CL-14772,regular,none,2026-01-28
CL-14773,regular,silver,2025-11-25
CL-14774,new,silver,2024-10-25
CL-14775,vip,silver,2025-04-28
CL-14776,new,gold,2024-04-23
CL-14777,regular,gold,2024-02-04
CL-14778,new,silver,2025-02-28
CL-14779,sleeping,gold,2025-07-21
CL-14780,new,platinum,2024-01-11
CL-14781,regular,silver,2026-01-25
CL-14782,regular,none,2024-11-19
CL-14783,regular,gold,2025-04-14
CL-14784,vip,gold,2024-01-28
CL-14785,new,silver,2025-11-04
CL-14786,regular,silver,2025-03-05
CL-14787,vip,none,2024-12-30
CL-14788,sleeping,silver,2025-04-19
CL-14789,regular,gold,2025-09-24
CL-14790,regular,gold,2024-01-03
CL-14791,regular,none,2024-02-07
CL-14792,regular,none,2025-01-24
CL-14793,sleeping,none,2025-08-15
CL-14794,vip,none,2025-12-19
CL-14795,regular,gold,2024-03-11
CL-14796,regular,none,2024-10-29
CL-14797,regular,gold,2025-08-15
CL-14798,new,silver,2025-12-26
CL-14799,vip,silver,2024-07-12
CL-14800,regular,silver,2026-01-02
CL-14801,new,gold,2025-09-04
CL-14802,regular,silver,2024-07-01
CL-14803,new,none,2025-09-11
CL-14804,new,silver,2025-03-14
CL-14805,regular,silver,2025-10-03
CL-14806,regular,none,2025-09-23
CL-14807,regular,gold,2024-06-02
CL-14808,new,silver,2025-06-22
CL-14809,regular,none,2024-12-14
CL-14810,new,silver,2025-07-31
CL-14811,sleeping,none,2024-04-14
CL-14812,new,silver,2024-07-17
CL-14813,vip,none,2024-06-23
CL-14814,new,none,2025-11-28
CL-14815,new,none,2024-10-05
CL-14816,regular,silver,2024-06-28
CL-14817,regular,none,2025-07-12
CL-14818,sleeping,none,2025-05-05
CL-14819,regular,none,2025-04-28
CL-14820,regular,none,2025-11-03
CL-14821,new,silver,2025-11-19
CL-14822,regular,none,2024-09-30
CL-14823,regular,silver,2025-12-31
CL-14824,sleeping,silver,2025-02-23
CL-14825,regular,none,2025-11-06
CL-14826,regular,silver,2025-06-08
CL-14827,vip,silver,2024-03-02
CL-14828,new,silver,2025-12-06
CL-14829,regular,silver,2025-03-15
CL-14830,sleeping,none,2024-12-06
CL-14831,regular,silver,2024-09-16
CL-14832,regular,platinum,2025-04-03
CL-14833,vip,silver,2025-12-01
CL-14834,new,silver,2024-04-17
CL-14835,sleeping,silver,2024-06-19
CL-14836,regular,platinum,2024-02-19
CL-14837,regular,none,2024-05-29
CL-14838,new,silver,2024-01-17
CL-14839,regular,silver,2024-06-09
CL-14840,new,silver,2024-12-28
CL-14841,new,silver,2025-09-21
CL-14842,regular,silver,2025-02-18
CL-14843,new,silver,2024-06-20
CL-14844,regular,silver,2024-03-06
CL-14845,new,none,2025-11-04
CL-14846,new,gold,2024-05-17
CL-14847,new,none,2025-08-06
CL-14848,regular,none,2024-07-21
CL-14849,new,none,2025-04-24
CL-14850,new,silver,2025-11-08
CL-14851,regular,silver,2025-11-23
CL-14852,regular,silver,2024-03-16
CL-14853,regular,silver,2025-01-23
CL-14854,new,none,2025-01-07
CL-14855,vip,none,2025-10-30
CL-14856,regular,gold,2025-08-22
CL-14857,regular,gold,2024-04-19
CL-14858,new,gold,2025-10-23
CL-14859,new,none,2024-10-02
CL-14860,regular,gold,2025-06-10
CL-14861,new,gold,2024-05-15
CL-14862,regular,silver,2024-07-20
CL-14863,new,silver,2024-02-24
CL-14864,new,none,2024-04-02
CL-14865,new,silver,2025-12-09
CL-14866,new,gold,2024-04-30
CL-14867,regular,silver,2025-04-19
CL-14868,new,none,2025-08-08
CL-14869,regular,silver,2024-02-28
CL-14870,new,silver,2024-08-13
CL-14871,regular,silver,2024-12-30
CL-14872,sleeping,silver,2024-09-13
CL-14873,vip,platinum,2025-10-31
CL-14874,regular,none,2024-05-13
CL-14875,regular,none,2025-07-04
CL-14876,regular,none,2024-11-26
CL-14877,sleeping,gold,2024-10-21
CL-14878,regular,gold,2024-09-11
CL-14879,new,gold,2025-05-28
CL-14880,regular,gold,2024-09-28
CL-14881,new,silver,2025-04-22
CL-14882,regular,none,2024-01-26
CL-14883,new,silver,2024-07-27
CL-14884,new,silver,2024-12-17
CL-14885,regular,silver,2024-06-15
CL-14886,regular,none,2024-03-26
CL-14887,regular,none,2024-06-16
CL-14888,vip,silver,2025-02-11
CL-14889,vip,none,2025-12-28
CL-14890,regular,platinum,2025-05-23
CL-14891,sleeping,none,2025-11-18
CL-14892,regular,gold,2025-02-19
CL-14893,new,none,2024-01-23
CL-14894,vip,gold,2024-04-21
CL-14895,regular,silver,2025-07-31
CL-14896,vip,none,2025-04-13
CL-14897,new,none,2025-10-01
CL-14898,new,none,2024-11-09
CL-14899,new,gold,2025-12-10
CL-14900,regular,none,2024-09-30
CL-14901,vip,none,2025-09-30
CL-14902,regular,silver,2024-04-23
CL-14903,new,silver,2024-12-09
CL-14904,regular,silver,2026-01-25
CL-14905,new,none,2025-08-27
CL-14906,regular,silver,2024-10-25
CL-14907,regular,none,2025-11-13
CL-14908,new,silver,2024-12-12
CL-14909,regular,none,2025-12-18
CL-14910,regular,platinum,2024-03-12
CL-14911,new,silver,2025-09-20
CL-14912,regular,silver,2025-05-28
CL-14913,regular,gold,2024-05-14
CL-14914,regular,platinum,2024-08-02
CL-14915,new,gold,2025-09-13
CL-14916,new,silver,2025-07-16
CL-14917,regular,gold,2024-05-24
CL-14918,new,none,2024-02-21
CL-14919,vip,gold,2024-08-28
CL-14920,regular,silver,2024-08-13
CL-14921,regular,silver,2025-04-20
CL-14922,regular,gold,2025-07-20
CL-14923,regular,silver,2024-07-28
CL-14924,new,silver,2024-10-27
CL-14925,new,gold,2024-05-21
CL-14926,regular,silver,2024-01-27
CL-14927,regular,none,2025-11-25
CL-14928,vip,none,2025-08-23
CL-14929,regular,silver,2025-08-23
CL-14930,regular,none,2026-01-03
CL-14931,new,silver,2024-01-31
CL-14932,new,gold,2024-10-13
CL-14933,vip,none,2025-07-18
CL-14934,new,gold,2025-04-17
CL-14935,sleeping,silver,2025-08-19
CL-14936,new,platinum,2024-10-10
CL-14937,regular,none,2024-03-11
CL-14938,new,silver,2025-02-25
CL-14939,regular,silver,2025-07-16
CL-14940,new,gold,2025-07-15
CL-14941,regular,gold,2024-05-13
CL-14942,sleeping,gold,2025-04-26
CL-14943,regular,none,2025-04-25
CL-14944,new,silver,2024-08-27
CL-14945,regular,silver,2024-07-16
CL-14946,regular,none,2024-05-28
CL-14947,new,platinum,2024-03-24
CL-14948,regular,silver,2025-02-17
CL-14949,vip,gold,2024-08-26
CL-14950,regular,gold,2025-05-16
CL-14951,regular,none,2025-03-23
CL-14952,regular,silver,2025-03-12
CL-14953,regular,silver,2026-01-02
CL-14954,new,gold,2024-04-07
CL-14955,regular,silver,2024-01-29
CL-14956,regular,none,2024-09-26
CL-14957,new,silver,2024-01-19
CL-14958,new,none,2025-07-19
CL-14959,vip,silver,2024-10-09
CL-14960,new,platinum,2024-04-21
CL-14961,new,none,2024-03-03
CL-14962,new,none,2025-11-02
CL-14963,new,silver,2024-10-13
CL-14964,sleeping,gold,2024-12-20
CL-14965,regular,none,2024-05-08
CL-14966,regular,none,2025-08-24
CL-14967,regular,silver,2025-07-14
CL-14968,regular,silver,2024-09-16
CL-14969,regular,none,2025-10-08
CL-14970,sleeping,gold,2024-09-30
CL-14971,regular,gold,2025-11-17
CL-14972,regular,silver,2026-01-04
CL-14973,regular,none,2024-12-17
CL-14974,vip,silver,2025-03-07
CL-14975,new,none,2025-09-28
CL-14976,regular,silver,2024-03-18
CL-14977,regular,gold,2024-12-28
CL-14978,regular,none,2025-12-28
CL-14979,sleeping,none,2024-06-01
CL-14980,regular,none,2024-10-11
CL-14981,new,none,2025-10-09
CL-14982,regular,none,2025-06-23
CL-14983,sleeping,silver,2025-01-07
CL-14984,regular,gold,2024-04-07
CL-14985,vip,none,2024-05-17
CL-14986,vip,none,2025-10-12
CL-14987,vip,gold,2025-01-22
CL-14988,new,silver,2025-12-29
CL-14989,regular,gold,2024-03-18
CL-14990,vip,silver,2024-10-17
CL-14991,sleeping,none,2024-03-12
CL-14992,new,none,2024-04-19
CL-14993,new,gold,2024-01-08
CL-14994,new,gold,2025-02-27
CL-14995,regular,silver,2024-06-28
CL-14996,vip,silver,2024-05-02
CL-14997,regular,silver,2025-10-30
CL-14998,new,none,2024-12-02
CL-14999,new,none,2025-02-14
CL-15000,vip,platinum,2025-04-18
CL-15001,new,none,2024-11-25
CL-15002,new,none,2024-04-15
CL-15003,new,silver,2025-01-06
CL-15004,vip,silver,2025-12-21
CL-15005,regular,platinum,2025-06-05
CL-15006,new,none,2025-06-20
CL-15007,new,gold,2025-03-08
CL-15008,sleeping,none,2024-10-01
CL-15009,regular,none,2024-12-21
CL-15010,regular,silver,2024-11-11
CL-15011,new,gold,2025-03-18
CL-15012,new,silver,2025-10-06
CL-15013,vip,none,2024-01-12
CL-15014,regular,silver,2024-12-27
CL-15015,regular,none,2024-07-21
CL-15016,sleeping,gold,2026-01-20
CL-15017,regular,gold,2024-04-20
CL-15018,vip,silver,2024-02-17
CL-15019,new,silver,2025-06-18
CL-15020,new,silver,2024-07-25
CL-15021,vip,silver,2024-06-15
CL-15022,sleeping,none,2025-01-29
CL-15023,regular,none,2025-12-07
CL-15024,regular,silver,2024-04-13
CL-15025,vip,gold,2025-02-13
CL-15026,regular,none,2024-09-27
CL-15027,new,gold,2024-05-21
CL-15028,regular,gold,2025-01-30
CL-15029,regular,gold,2025-12-31
CL-15030,regular,platinum,2024-07-17
CL-15031,sleeping,none,2024-06-15
CL-15032,regular,silver,2024-05-05
CL-15033,new,gold,2025-04-14
CL-15034,new,gold,2024-07-22
CL-15035,vip,none,2025-03-26
CL-15036,new,silver,2024-03-03
CL-15037,vip,gold,2025-06-18
CL-15038,new,none,2024-05-28
CL-15039,regular,none,2024-03-07
CL-15040,vip,none,2024-02-16
CL-15041,regular,none,2025-08-25
CL-15042,vip,silver,2025-12-24
CL-15043,new,none,2024-11-12
CL-15044,regular,gold,2024-05-02
CL-15045,regular,none,2025-09-18
CL-15046,sleeping,gold,2024-01-01
CL-15047,new,none,2024-08-30
CL-15048,new,gold,2025-12-28
CL-15049,regular,none,2024-10-24
CL-15050,sleeping,silver,2025-07-30
CL-15051,vip,none,2024-10-01
CL-15052,vip,silver,2024-07-21
CL-15053,regular,none,2024-08-30
CL-15054,regular,none,2025-10-29
CL-15055,vip,silver,2024-12-06
CL-15056,vip,none,2025-10-24
CL-15057,vip,platinum,2026-01-23
CL-15058,vip,silver,2025-07-17
CL-15059,vip,none,2024-08-13
CL-15060,new,platinum,2025-03-26
CL-15061,new,none,2024-10-09
CL-15062,sleeping,gold,2025-03-20
CL-15063,regular,none,2025-06-20
CL-15064,new,silver,2026-01-06
CL-15065,regular,gold,2025-08-17
CL-15066,regular,none,2024-12-19
CL-15067,vip,silver,2025-10-21
CL-15068,vip,none,2025-09-06
CL-15069,new,silver,2024-08-08
CL-15070,regular,none,2024-03-26
CL-15071,new,none,2024-11-14
CL-15072,sleeping,none,2025-06-16
CL-15073,new,silver,2024-07-04
CL-15074,regular,platinum,2026-01-22
CL-15075,regular,platinum,2026-01-07
CL-15076,regular,silver,2024-01-08
CL-15077,regular,gold,2024-10-30
CL-15078,regular,gold,2024-07-15
CL-15079,regular,silver,2025-10-23
CL-15080,new,none,2025-08-19
CL-15081,regular,silver,2025-05-24
CL-15082,regular,none,2025-07-11
CL-15083,new,gold,2025-08-29
CL-15084,regular,silver,2025-07-11
CL-15085,new,none,2025-05-23
CL-15086,vip,gold,2026-01-16
CL-15087,new,none,2025-02-21
CL-15088,regular,platinum,2024-03-13
CL-15089,new,platinum,2024-11-19
CL-15090,regular,silver,2025-05-28
CL-15091,new,silver,2025-10-26
CL-15092,regular,none,2025-05-02
CL-15093,new,silver,2024-07-31
CL-15094,regular,gold,2024-06-05
CL-15095,regular,none,2025-09-29
CL-15096,sleeping,none,2024-06-10
CL-15097,regular,none,2024-01-21
CL-15098,regular,silver,2025-05-09
CL-15099,vip,silver,2025-01-30
CL-15100,new,none,2025-05-12
CL-15101,regular,none,2024-12-16
CL-15102,regular,gold,2025-04-01
CL-15103,regular,none,2024-09-23
CL-15104,new,none,2024-12-17
CL-15105,regular,none,2024-05-08
CL-15106,regular,gold,2025-06-06
CL-15107,regular,none,2025-03-26
CL-15108,new,none,2024-09-01
CL-15109,regular,silver,2025-03-10
CL-15110,vip,none,2024-06-28
CL-15111,new,platinum,2025-07-12
CL-15112,regular,gold,2025-03-28
CL-15113,sleeping,silver,2025-05-11
CL-15114,sleeping,silver,2025-04-14
CL-15115,new,none,2025-10-01
CL-15116,regular,silver,2025-09-09
CL-15117,new,none,2024-07-27
CL-15118,sleeping,silver,2024-11-12
CL-15119,regular,none,2025-02-18
CL-15120,regular,silver,2025-08-03
CL-15121,new,none,2024-01-31
CL-15122,regular,silver,2025-11-28
CL-15123,new,none,2024-08-27
CL-15124,regular,none,2024-11-19
CL-15125,regular,silver,2024-07-19
CL-15126,regular,silver,2025-02-16
CL-15127,vip,platinum,2024-07-25
CL-15128,new,none,2025-11-22
CL-15129,new,none,2024-08-29
CL-15130,regular,silver,2024-08-16
CL-15131,regular,none,2024-01-15
CL-15132,new,gold,2025-07-03
CL-15133,regular,none,2025-11-27
CL-15134,regular,gold,2025-03-14
CL-15135,regular,silver,2025-11-21
CL-15136,regular,none,2024-11-10
CL-15137,new,silver,2025-06-10
CL-15138,new,silver,2025-10-18
CL-15139,regular,silver,2025-07-16
CL-15140,regular,none,2024-04-29
CL-15141,regular,silver,2026-01-07
CL-15142,sleeping,silver,2024-01-27
CL-15143,new,silver,2024-03-29
CL-15144,regular,silver,2024-06-06
CL-15145,regular,gold,2025-07-01
CL-15146,new,silver,2025-10-27
CL-15147,sleeping,silver,2025-02-14
CL-15148,sleeping,none,2024-09-18
CL-15149,new,none,2024-12-15
CL-15150,sleeping,none,2025-06-03
CL-15151,new,silver,2024-06-13
CL-15152,sleeping,gold,2024-06-24
CL-15153,vip,none,2024-08-10
CL-15154,new,silver,2025-01-08
CL-15155,regular,none,2025-07-12
CL-15156,regular,none,2025-02-01
CL-15157,new,none,2024-03-13
CL-15158,regular,silver,2024-07-05
CL-15159,regular,none,2024-02-04
CL-15160,new,none,2024-10-21
CL-15161,new,silver,2025-01-19
CL-15162,new,silver,2024-07-17
CL-15163,regular,silver,2024-02-03
CL-15164,regular,none,2024-03-17
CL-15165,regular,none,2025-06-08
CL-15166,new,none,2024-11-24
CL-15167,new,none,2026-01-07
CL-15168,regular,silver,2025-03-04
CL-15169,new,silver,2024-08-19
CL-15170,regular,gold,2024-03-09
CL-15171,regular,gold,2025-07-13
CL-15172,regular,none,2024-09-28
CL-15173,regular,none,2025-03-29
CL-15174,vip,gold,2024-12-17
CL-15175,new,none,2024-03-03
CL-15176,sleeping,silver,2025-12-09
CL-15177,new,silver,2024-03-31
CL-15178,new,silver,2025-04-08
CL-15179,regular,none,2024-04-19
CL-15180,new,none,2025-12-17
CL-15181,regular,none,2024-08-03
CL-15182,vip,none,2025-02-02
CL-15183,regular,none,2024-02-29
CL-15184,regular,silver,2025-09-02
CL-15185,sleeping,silver,2024-06-19
CL-15186,regular,none,2024-03-14
CL-15187,new,none,2024-08-03
CL-15188,vip,platinum,2025-03-04
CL-15189,new,none,2024-09-05
CL-15190,new,none,2024-09-25
CL-15191,new,silver,2024-02-27
CL-15192,new,none,2025-07-07
CL-15193,new,none,2024-09-17
CL-15194,new,none,2025-10-28
CL-15195,regular,platinum,2024-11-01
CL-15196,regular,silver,2025-06-25
CL-15197,sleeping,silver,2024-08-27
CL-15198,new,gold,2024-03-08
CL-15199,new,silver,2025-05-01
CL-15200,regular,none,2025-04-17
CL-15201,new,silver,2026-01-13
CL-15202,regular,silver,2025-07-19
CL-15203,regular,none,2025-04-24
CL-15204,regular,gold,2024-01-23
CL-15205,new,none,2025-09-20
CL-15206,regular,none,2024-05-08
CL-15207,regular,none,2025-07-09
CL-15208,vip,none,2025-06-01
CL-15209,new,platinum,2025-09-03
CL-15210,regular,silver,2024-08-27
CL-15211,regular,none,2025-01-12
CL-15212,new,silver,2024-02-17
CL-15213,regular,gold,2024-09-27
CL-15214,regular,silver,2025-11-06
CL-15215,new,silver,2024-06-02
CL-15216,regular,silver,2025-12-24
CL-15217,regular,none,2024-02-08
CL-15218,regular,silver,2024-10-10
CL-15219,new,silver,2024-10-14
CL-15220,regular,gold,2026-01-24
CL-15221,new,gold,2025-02-16
CL-15222,regular,platinum,2025-10-13
CL-15223,regular,none,2025-10-07
CL-15224,regular,gold,2025-02-26
CL-15225,regular,silver,2025-07-03
CL-15226,new,none,2025-07-21
CL-15227,new,gold,2025-01-17
CL-15228,regular,gold,2025-12-12
CL-15229,new,gold,2024-11-23
CL-15230,regular,none,2025-07-06
CL-15231,regular,none,2024-09-24
CL-15232,sleeping,gold,2024-09-13
CL-15233,new,platinum,2024-10-01
CL-15234,regular,none,2024-05-26
CL-15235,new,none,2025-09-06
CL-15236,sleeping,silver,2024-11-24
CL-15237,regular,none,2025-05-25
CL-15238,regular,silver,2024-05-21
CL-15239,regular,platinum,2025-06-04
CL-15240,new,none,2024-01-17
CL-15241,regular,silver,2025-05-07
CL-15242,vip,silver,2024-12-12
CL-15243,new,none,2024-04-01
CL-15244,sleeping,silver,2024-09-07
CL-15245,sleeping,silver,2024-02-01
CL-15246,sleeping,gold,2024-03-13
CL-15247,vip,silver,2025-09-10
CL-15248,new,gold,2025-10-24
CL-15249,regular,none,2025-09-19
CL-15250,new,platinum,2024-04-03
CL-15251,regular,silver,2025-03-20
CL-15252,new,none,2025-04-24
CL-15253,vip,none,2024-09-19
CL-15254,new,none,2025-03-08
CL-15255,new,silver,2024-07-25
CL-15256,new,platinum,2026-01-14
CL-15257,regular,gold,2024-07-06
CL-15258,new,none,2024-07-11
CL-15259,new,none,2025-08-05
CL-15260,new,silver,2024-06-27
CL-15261,new,gold,2025-11-15
CL-15262,sleeping,gold,2025-04-21
CL-15263,regular,none,2025-11-18
CL-15264,new,none,2025-02-28
CL-15265,new,none,2026-01-02
CL-15266,new,silver,2025-09-08
CL-15267,regular,none,2025-09-04
CL-15268,new,none,2024-05-11
CL-15269,new,gold,2025-09-01
CL-15270,new,silver,2024-08-16
CL-15271,new,platinum,2025-09-24
CL-15272,regular,gold,2024-01-04
CL-15273,new,none,2024-02-15
CL-15274,regular,none,2025-07-02
CL-15275,regular,silver,2024-02-19
CL-15276,sleeping,silver,2024-09-04
CL-15277,new,silver,2024-12-18
CL-15278,regular,gold,2024-06-28
CL-15279,vip,gold,2025-07-15
CL-15280,sleeping,silver,2025-04-04
CL-15281,vip,none,2025-05-12
CL-15282,new,none,2024-07-10
CL-15283,sleeping,silver,2024-01-17
CL-15284,vip,none,2024-02-13
CL-15285,new,gold,2024-07-09
CL-15286,new,silver,2024-06-28
CL-15287,sleeping,none,2025-04-11
CL-15288,new,gold,2025-10-07
CL-15289,regular,silver,2024-08-02
CL-15290,regular,none,2025-03-28
CL-15291,regular,silver,2025-11-28
CL-15292,new,silver,2024-12-24
CL-15293,regular,silver,2024-06-05
CL-15294,regular,none,2025-01-08
CL-15295,sleeping,silver,2024-02-18
CL-15296,new,silver,2026-01-27
CL-15297,new,none,2025-11-25
CL-15298,new,none,2024-01-24
CL-15299,new,silver,2024-07-20
CL-15300,sleeping,none,2024-05-02
CL-15301,new,platinum,2025-10-27
CL-15302,new,none,2025-10-19
CL-15303,vip,silver,2024-09-17
CL-15304,new,platinum,2025-02-10
CL-15305,new,none,2025-05-07
CL-15306,regular,silver,2026-01-26
CL-15307,regular,none,2025-09-16
CL-15308,vip,silver,2025-06-03
CL-15309,regular,platinum,2024-12-11
CL-15310,new,platinum,2025-07-03
CL-15311,regular,silver,2025-05-04
CL-15312,vip,gold,2025-03-16
CL-15313,regular,gold,2024-06-09
CL-15314,regular,none,2024-01-14
CL-15315,regular,gold,2025-01-28
CL-15316,regular,none,2025-11-21
CL-15317,regular,platinum,2026-01-25
CL-15318,new,gold,2025-02-01
CL-15319,regular,silver,2026-01-04
CL-15320,new,none,2024-01-07
CL-15321,regular,platinum,2025-09-16
CL-15322,regular,none,2024-06-08
CL-15323,new,silver,2024-09-28
CL-15324,new,silver,2024-09-23
CL-15325,sleeping,none,2024-06-19
CL-15326,new,none,2024-08-05
CL-15327,new,none,2025-02-19
CL-15328,new,platinum,2024-01-22
CL-15329,regular,gold,2024-06-13
CL-15330,new,gold,2024-07-31
CL-15331,vip,silver,2024-03-07
CL-15332,regular,silver,2025-11-12
CL-15333,new,silver,2024-11-28
CL-15334,regular,silver,2025-03-23
CL-15335,new,gold,2025-03-18
CL-15336,new,none,2024-09-05
CL-15337,regular,platinum,2024-07-24
CL-15338,new,gold,2024-03-07
CL-15339,sleeping,silver,2025-09-15
CL-15340,regular,platinum,2025-07-24
CL-15341,new,gold,2025-05-12
CL-15342,sleeping,none,2025-06-29
CL-15343,regular,none,2025-09-05
CL-15344,new,silver,2024-01-02
CL-15345,regular,gold,2025-05-25
CL-15346,sleeping,none,2026-01-24
CL-15347,regular,silver,2025-09-21
CL-15348,regular,silver,2024-07-20
CL-15349,regular,silver,2025-03-24
CL-15350,new,none,2024-07-18
CL-15351,new,none,2024-04-08
CL-15352,regular,gold,2024-08-16
CL-15353,sleeping,none,2024-09-19
CL-15354,regular,silver,2025-12-31
CL-15355,new,silver,2024-12-21
CL-15356,regular,platinum,2025-10-01
CL-15357,new,platinum,2025-12-26
CL-15358,new,platinum,2025-04-29
CL-15359,regular,silver,2025-01-08
CL-15360,new,none,2025-01-10
CL-15361,vip,none,2025-08-19
CL-15362,regular,silver,2024-09-05
CL-15363,regular,none,2024-12-11
CL-15364,sleeping,none,2024-09-11
CL-15365,regular,none,2024-07-15
CL-15366,sleeping,none,2024-09-04
CL-15367,vip,silver,2024-03-16
CL-15368,regular,platinum,2025-10-17
CL-15369,new,none,2025-10-22
CL-15370,new,none,2025-06-01
CL-15371,vip,silver,2025-07-26
CL-15372,new,none,2024-11-05
CL-15373,sleeping,gold,2025-02-04
CL-15374,new,silver,2026-01-25
CL-15375,regular,none,2024-02-12
CL-15376,new,silver,2024-05-14
CL-15377,sleeping,silver,2025-09-19
CL-15378,new,silver,2024-02-28
CL-15379,regular,none,2025-08-13
CL-15380,vip,none,2024-10-06
CL-15381,new,none,2025-06-21
CL-15382,new,gold,2026-01-16
CL-15383,sleeping,none,2025-03-12
CL-15384,vip,none,2024-01-19
CL-15385,new,silver,2025-02-04
CL-15386,regular,silver,2024-03-02
CL-15387,new,none,2025-12-16
CL-15388,new,platinum,2024-09-16
CL-15389,regular,silver,2025-12-27
CL-15390,new,gold,2026-01-20
CL-15391,regular,none,2024-08-31
CL-15392,new,silver,2024-09-18
CL-15393,vip,silver,2025-10-23
CL-15394,regular,silver,2025-05-30
CL-15395,new,none,2025-01-17
CL-15396,sleeping,none,2025-10-18
CL-15397,vip,gold,2024-07-14
CL-15398,new,gold,2025-05-24
CL-15399,sleeping,none,2024-09-20
CL-15400,new,none,2024-03-09
CL-15401,new,none,2024-09-26
CL-15402,regular,silver,2024-04-22
CL-15403,new,none,2026-01-25
CL-15404,regular,gold,2024-07-15
CL-15405,regular,none,2025-12-09
CL-15406,sleeping,silver,2025-08-27
CL-15407,new,gold,2024-10-07
CL-15408,new,none,2025-09-01
CL-15409,regular,gold,2024-02-08
CL-15410,new,gold,2024-05-09
CL-15411,sleeping,silver,2025-08-31
CL-15412,regular,none,2024-10-15
CL-15413,regular,silver,2024-04-26
CL-15414,regular,none,2024-04-16
CL-15415,new,platinum,2025-09-03
CL-15416,new,silver,2024-12-25
CL-15417,regular,gold,2024-12-02
CL-15418,vip,silver,2024-10-03
CL-15419,new,none,2024-03-12
CL-15420,new,silver,2026-01-23
CL-15421,regular,gold,2024-06-13
CL-15422,new,none,2024-10-22
CL-15423,regular,none,2025-09-19
CL-15424,new,platinum,2024-02-08
CL-15425,regular,none,2025-03-22
CL-15426,regular,gold,2025-01-30
CL-15427,sleeping,none,2025-07-01
CL-15428,regular,gold,2025-11-20
CL-15429,new,silver,2024-03-15
CL-15430,regular,none,2024-10-07
CL-15431,regular,none,2024-10-03
CL-15432,regular,none,2025-09-14
CL-15433,sleeping,silver,2024-12-10
CL-15434,vip,none,2024-11-12
CL-15435,new,none,2024-07-25
CL-15436,regular,silver,2025-03-07
CL-15437,new,platinum,2025-04-17
CL-15438,regular,none,2025-01-16
CL-15439,sleeping,silver,2025-04-12
CL-15440,regular,gold,2025-10-26
CL-15441,new,silver,2025-10-17
CL-15442,sleeping,platinum,2025-03-07
CL-15443,regular,silver,2025-12-21
CL-15444,new,silver,2024-10-15
CL-15445,sleeping,gold,2024-01-17
CL-15446,new,none,2025-08-05
CL-15447,regular,silver,2025-08-07
CL-15448,regular,silver,2024-02-08
CL-15449,sleeping,none,2024-09-07
CL-15450,new,silver,2024-07-26
CL-15451,new,gold,2025-02-03
CL-15452,regular,none,2024-08-05
CL-15453,sleeping,silver,2025-07-19
CL-15454,new,none,2025-03-08
CL-15455,new,none,2025-10-21
CL-15456,sleeping,silver,2025-09-25
CL-15457,regular,none,2024-08-15
CL-15458,new,silver,2025-02-24
CL-15459,regular,none,2025-04-13
CL-15460,regular,gold,2024-12-14
CL-15461,regular,gold,2026-01-01
CL-15462,regular,none,2024-02-19
CL-15463,regular,none,2025-11-27
CL-15464,new,none,2026-01-07
CL-15465,vip,none,2024-10-05
CL-15466,new,silver,2024-08-12
CL-15467,sleeping,silver,2024-01-31
CL-15468,new,silver,2024-04-08
CL-15469,new,gold,2024-06-26
CL-15470,new,gold,2025-09-24
CL-15471,new,silver,2025-08-10
CL-15472,regular,silver,2025-11-07
CL-15473,regular,silver,2024-08-29
CL-15474,sleeping,silver,2024-08-14
CL-15475,regular,none,2025-09-14
CL-15476,regular,none,2025-02-20
CL-15477,new,none,2024-02-14
CL-15478,vip,none,2025-08-18
CL-15479,new,silver,2024-03-13
CL-15480,new,silver,2024-01-17
CL-15481,new,none,2025-12-04
CL-15482,new,platinum,2026-01-20
CL-15483,regular,none,2025-06-22
CL-15484,new,platinum,2024-09-03
CL-15485,new,none,2024-05-05
CL-15486,vip,none,2024-12-30
CL-15487,new,none,2025-01-29
CL-15488,regular,none,2024-02-08
CL-15489,regular,none,2025-05-18
CL-15490,sleeping,silver,2024-02-05
CL-15491,regular,none,2025-01-08
CL-15492,new,none,2024-03-25
CL-15493,sleeping,none,2024-02-06
CL-15494,regular,silver,2024-09-01
CL-15495,new,silver,2025-03-23
CL-15496,regular,none,2025-12-01
CL-15497,regular,none,2024-02-12
CL-15498,new,silver,2025-01-26
CL-15499,regular,silver,2025-08-03
CL-15500,new,silver,2024-09-04
CL-15501,regular,silver,2025-09-04
CL-15502,sleeping,none,2024-12-08
CL-15503,regular,silver,2024-01-06
CL-15504,sleeping,silver,2024-07-20
CL-15505,new,gold,2024-11-13
CL-15506,regular,none,2025-04-19
CL-15507,sleeping,silver,2024-04-24
CL-15508,regular,silver,2025-01-20
CL-15509,new,silver,2025-08-21
CL-15510,new,silver,2024-10-14
CL-15511,new,gold,2024-05-29
CL-15512,regular,none,2025-06-05
CL-15513,sleeping,none,2025-04-28
CL-15514,regular,none,2024-10-24
CL-15515,new,silver,2025-09-20
CL-15516,new,silver,2025-09-04
CL-15517,regular,silver,2024-03-19
CL-15518,regular,silver,2025-03-30
CL-15519,new,silver,2025-04-23
CL-15520,regular,silver,2024-06-02
CL-15521,new,none,2024-05-18
CL-15522,regular,none,2024-05-04
CL-15523,regular,none,2024-09-06
CL-15524,new,gold,2024-07-13
CL-15525,regular,none,2025-06-19
CL-15526,regular,none,2025-11-28
CL-15527,regular,none,2024-12-15
CL-15528,regular,silver,2025-09-17
CL-15529,regular,gold,2025-01-21
CL-15530,new,gold,2026-01-08
CL-15531,sleeping,none,2024-10-20
CL-15532,sleeping,silver,2025-07-19
CL-15533,new,none,2025-10-03
CL-15534,sleeping,gold,2025-11-25
CL-15535,regular,none,2024-10-27
CL-15536,new,none,2024-09-27
CL-15537,regular,silver,2024-01-11
CL-15538,new,silver,2025-04-16
CL-15539,regular,platinum,2025-02-28
CL-15540,sleeping,none,2024-10-24
CL-15541,regular,platinum,2024-06-13
CL-15542,regular,none,2025-10-19
CL-15543,new,none,2026-01-29
CL-15544,regular,silver,2026-01-27
CL-15545,vip,silver,2024-12-08
CL-15546,new,gold,2025-07-20
CL-15547,regular,silver,2025-09-22
CL-15548,regular,silver,2025-08-16
CL-15549,regular,none,2024-09-26
CL-15550,regular,platinum,2025-10-31
CL-15551,regular,silver,2025-05-14
CL-15552,regular,silver,2024-03-13
CL-15553,regular,gold,2024-05-03
CL-15554,regular,none,2025-01-01
CL-15555,regular,gold,2025-12-16
CL-15556,regular,silver,2025-07-10
CL-15557,vip,gold,2025-05-05
CL-15558,new,silver,2025-04-04
CL-15559,new,silver,2025-11-30
CL-15560,sleeping,gold,2025-02-14
CL-15561,new,silver,2024-11-05
CL-15562,sleeping,none,2024-10-20
CL-15563,regular,silver,2025-02-01
CL-15564,sleeping,silver,2024-06-16
CL-15565,regular,gold,2025-12-29
CL-15566,vip,gold,2025-12-02
CL-15567,regular,none,2024-10-17
CL-15568,regular,none,2025-07-11
CL-15569,regular,none,2025-08-10
CL-15570,new,silver,2025-04-11
CL-15571,new,gold,2024-03-25
CL-15572,sleeping,silver,2024-03-05
CL-15573,new,gold,2025-06-27
CL-15574,regular,silver,2024-03-25
CL-15575,regular,silver,2025-09-15
CL-15576,new,platinum,2024-11-24
CL-15577,sleeping,none,2025-09-02
CL-15578,new,silver,2024-04-05
CL-15579,regular,none,2024-10-25
CL-15580,regular,none,2024-04-23
CL-15581,new,silver,2025-01-06
CL-15582,new,none,2024-03-02
CL-15583,regular,silver,2024-07-28
CL-15584,new,none,2024-08-11
CL-15585,vip,none,2025-01-22
CL-15586,regular,none,2024-01-09
CL-15587,new,gold,2024-08-25
CL-15588,new,silver,2025-07-10
CL-15589,new,gold,2024-11-06
CL-15590,regular,silver,2025-03-31
CL-15591,regular,none,2025-10-15
CL-15592,new,silver,2025-01-20
CL-15593,regular,none,2025-10-29
CL-15594,regular,none,2026-01-20
CL-15595,regular,silver,2025-02-05
CL-15596,new,gold,2025-01-01
CL-15597,new,gold,2024-08-28
CL-15598,new,none,2025-10-22
CL-15599,regular,silver,2025-08-17
CL-15600,regular,silver,2024-05-23
CL-15601,new,gold,2025-05-09
CL-15602,new,platinum,2024-07-20
CL-15603,regular,silver,2026-01-22
CL-15604,new,none,2024-09-06
CL-15605,regular,gold,2024-03-05
CL-15606,regular,silver,2026-01-22
CL-15607,new,gold,2025-04-06
CL-15608,regular,silver,2025-11-20
CL-15609,new,platinum,2025-11-08
CL-15610,regular,none,2024-12-06
CL-15611,new,silver,2024-12-01
CL-15612,regular,none,2025-10-03
CL-15613,regular,silver,2024-10-15
CL-15614,new,platinum,2024-06-26
CL-15615,regular,silver,2025-03-06
CL-15616,regular,silver,2025-03-26
CL-15617,sleeping,none,2025-09-16
CL-15618,new,none,2024-05-03
CL-15619,new,silver,2025-01-04
CL-15620,new,silver,2025-03-13
CL-15621,sleeping,none,2025-12-30
CL-15622,regular,silver,2024-06-17
CL-15623,new,silver,2025-04-16
CL-15624,regular,none,2025-03-21
CL-15625,new,none,2025-12-26
CL-15626,regular,none,2024-11-21
CL-15627,regular,silver,2024-05-17
CL-15628,regular,gold,2025-02-28
CL-15629,regular,silver,2025-10-12
CL-15630,new,none,2024-05-02
CL-15631,regular,gold,2025-06-28
CL-15632,regular,none,2025-01-19
CL-15633,new,silver,2025-08-27
CL-15634,sleeping,silver,2024-08-28
CL-15635,regular,gold,2025-10-10
CL-15636,sleeping,silver,2024-04-19
CL-15637,regular,none,2025-02-06
CL-15638,new,none,2025-01-15
CL-15639,regular,none,2024-07-31
CL-15640,regular,none,2024-04-15
CL-15641,new,none,2025-12-18
CL-15642,regular,silver,2024-11-20
CL-15643,new,gold,2025-12-06
CL-15644,new,none,2024-09-02
CL-15645,vip,silver,2025-05-03
CL-15646,new,gold,2025-02-16
CL-15647,regular,silver,2024-11-02
CL-15648,regular,silver,2025-01-02
CL-15649,regular,gold,2024-07-12
CL-15650,new,silver,2024-04-12
CL-15651,regular,silver,2025-05-23
CL-15652,regular,platinum,2024-07-31
CL-15653,vip,none,2025-02-07
CL-15654,new,none,2025-02-27
CL-15655,new,silver,2026-01-27
CL-15656,regular,none,2025-09-25
CL-15657,new,none,2024-05-20
CL-15658,regular,none,2024-02-15
CL-15659,regular,silver,2026-01-04
CL-15660,regular,silver,2024-03-10
CL-15661,sleeping,gold,2025-06-26
CL-15662,regular,none,2025-08-28
CL-15663,sleeping,silver,2025-10-20
CL-15664,regular,none,2024-09-15
CL-15665,new,none,2024-09-22
CL-15666,regular,silver,2024-07-14
CL-15667,regular,none,2024-05-08
CL-15668,sleeping,silver,2024-06-23
CL-15669,new,silver,2024-06-02
CL-15670,new,silver,2026-01-07
CL-15671,vip,silver,2025-01-03
CL-15672,new,gold,2025-01-23
CL-15673,regular,none,2025-04-20
CL-15674,regular,platinum,2024-05-02
CL-15675,new,none,2026-01-21
CL-15676,new,silver,2024-11-04
CL-15677,vip,gold,2025-01-21
CL-15678,new,none,2024-07-17
CL-15679,regular,gold,2024-08-15
CL-15680,regular,silver,2024-05-08
CL-15681,regular,gold,2025-01-17
CL-15682,regular,none,2026-01-13
CL-15683,new,silver,2024-01-15
CL-15684,vip,none,2024-12-04
CL-15685,new,none,2024-10-24
CL-15686,new,silver,2025-06-09
CL-15687,sleeping,silver,2025-07-16
CL-15688,new,silver,2025-11-13
CL-15689,new,silver,2024-07-13
CL-15690,sleeping,gold,2024-06-05
CL-15691,new,silver,2024-12-30
CL-15692,new,none,2024-04-07
CL-15693,regular,gold,2025-01-01
CL-15694,regular,silver,2024-07-16
CL-15695,sleeping,none,2024-08-26
CL-15696,regular,silver,2025-06-25
CL-15697,sleeping,none,2024-04-23
CL-15698,new,gold,2024-10-17
CL-15699,regular,none,2025-05-28
CL-15700,new,silver,2025-01-06
CL-15701,sleeping,silver,2025-10-12
CL-15702,sleeping,platinum,2024-01-16
CL-15703,new,silver,2024-11-06
CL-15704,vip,gold,2024-01-04
CL-15705,regular,silver,2024-02-17
CL-15706,new,none,2024-11-05
CL-15707,regular,none,2024-07-09
CL-15708,sleeping,none,2024-04-24
CL-15709,new,none,2025-12-30
CL-15710,new,silver,2025-08-24
CL-15711,sleeping,none,2024-11-25
CL-15712,regular,gold,2025-12-23
CL-15713,regular,none,2024-03-05
CL-15714,regular,none,2025-12-04
CL-15715,regular,silver,2025-10-28
CL-15716,new,gold,2024-12-19
CL-15717,new,platinum,2025-06-25
CL-15718,vip,gold,2024-08-06
CL-15719,regular,gold,2026-01-03
CL-15720,regular,none,2025-01-02
CL-15721,vip,silver,2024-06-14
CL-15722,new,none,2024-03-20
CL-15723,vip,gold,2025-06-14
CL-15724,regular,none,2025-12-18
CL-15725,sleeping,silver,2025-06-09
CL-15726,new,none,2025-05-25
CL-15727,new,gold,2025-08-21
CL-15728,regular,none,2024-08-05
CL-15729,sleeping,gold,2024-09-13
CL-15730,sleeping,gold,2025-07-31
CL-15731,regular,none,2025-05-07
CL-15732,regular,gold,2024-07-05
CL-15733,new,none,2024-02-14
CL-15734,regular,silver,2025-07-25
CL-15735,vip,none,2025-10-15
CL-15736,regular,silver,2024-11-01
CL-15737,new,none,2025-09-23
CL-15738,sleeping,silver,2025-10-18
CL-15739,new,gold,2025-06-16
CL-15740,regular,none,2026-01-22
CL-15741,regular,none,2026-01-10
CL-15742,regular,none,2024-08-31
CL-15743,regular,none,2025-11-14
CL-15744,regular,platinum,2025-02-22
CL-15745,new,none,2024-10-17
CL-15746,new,silver,2024-06-29
CL-15747,regular,platinum,2025-06-08
CL-15748,regular,none,2025-08-31
CL-15749,regular,silver,2024-06-03
CL-15750,regular,gold,2025-01-08
CL-15751,new,silver,2025-11-08
CL-15752,regular,none,2026-01-17
CL-15753,regular,gold,2024-11-30
CL-15754,regular,gold,2025-11-05
CL-15755,regular,gold,2025-10-11
CL-15756,new,gold,2024-07-26
CL-15757,new,gold,2024-12-11
CL-15758,new,silver,2024-03-31
CL-15759,regular,none,2024-01-05
CL-15760,new,gold,2025-04-16
CL-15761,new,none,2024-01-02
CL-15762,sleeping,gold,2024-08-29
CL-15763,regular,none,2024-05-13
CL-15764,regular,silver,2024-07-11
CL-15765,regular,gold,2024-07-02
CL-15766,new,gold,2025-02-18
CL-15767,new,none,2025-08-10
CL-15768,vip,silver,2025-02-13
CL-15769,regular,none,2025-07-29
CL-15770,regular,none,2025-02-12
CL-15771,sleeping,silver,2025-06-07
CL-15772,new,platinum,2024-08-11
CL-15773,regular,platinum,2024-09-06
CL-15774,new,silver,2024-04-28
CL-15775,regular,gold,2025-01-30
CL-15776,vip,none,2024-05-19
CL-15777,new,none,2025-04-20
CL-15778,sleeping,silver,2025-07-01
CL-15779,regular,gold,2025-11-03
CL-15780,regular,silver,2024-12-21
CL-15781,new,none,2026-01-23
CL-15782,regular,none,2024-12-22
CL-15783,regular,none,2025-06-26
CL-15784,new,gold,2026-01-12
CL-15785,regular,none,2025-02-06
CL-15786,new,silver,2025-11-28
CL-15787,sleeping,silver,2025-03-13
CL-15788,new,none,2024-02-19
CL-15789,regular,none,2025-01-10
CL-15790,regular,silver,2025-08-29
CL-15791,regular,none,2025-05-07
CL-15792,sleeping,silver,2024-07-07
CL-15793,sleeping,platinum,2024-08-06
CL-15794,new,none,2025-07-02
CL-15795,regular,none,2025-08-29
CL-15796,regular,silver,2024-05-11
CL-15797,new,silver,2024-12-11
CL-15798,regular,platinum,2024-04-20
CL-15799,new,none,2024-08-11
CL-15800,sleeping,gold,2025-12-14
CL-15801,regular,silver,2024-01-23
CL-15802,regular,none,2025-02-28
CL-15803,regular,silver,2024-12-08
CL-15804,sleeping,silver,2024-09-22
CL-15805,regular,none,2025-11-13
CL-15806,vip,none,2025-11-08
CL-15807,vip,none,2024-01-16
CL-15808,new,silver,2024-08-08
CL-15809,new,none,2024-06-28
CL-15810,new,none,2024-02-18
CL-15811,regular,none,2025-01-17
CL-15812,regular,silver,2024-10-27
CL-15813,new,platinum,2024-10-29
CL-15814,sleeping,none,2025-06-21
CL-15815,new,platinum,2026-01-08
CL-15816,regular,silver,2025-05-18
CL-15817,regular,gold,2025-04-14
CL-15818,regular,silver,2024-12-26
CL-15819,new,silver,2024-11-02
CL-15820,regular,gold,2025-01-22
CL-15821,regular,silver,2024-07-21
CL-15822,new,gold,2025-02-06
CL-15823,regular,gold,2024-10-14
CL-15824,regular,silver,2024-10-11
CL-15825,regular,silver,2025-10-21
CL-15826,regular,silver,2024-03-04
CL-15827,regular,silver,2025-09-13
CL-15828,vip,silver,2024-04-29
CL-15829,regular,silver,2024-10-14
CL-15830,new,none,2025-07-04
CL-15831,regular,platinum,2025-11-25
CL-15832,new,none,2025-09-07
CL-15833,sleeping,none,2025-07-05
CL-15834,regular,none,2024-10-27
CL-15835,new,none,2024-10-01
CL-15836,regular,silver,2024-09-07
CL-15837,new,none,2025-09-25
CL-15838,vip,none,2025-04-06
CL-15839,sleeping,none,2024-02-18
CL-15840,regular,none,2024-01-17
CL-15841,regular,platinum,2024-04-02
CL-15842,regular,silver,2025-03-08
CL-15843,regular,none,2026-01-15
CL-15844,new,silver,2024-12-22
CL-15845,sleeping,silver,2024-07-06
CL-15846,new,silver,2024-12-01
CL-15847,new,none,2025-06-22
CL-15848,new,silver,2024-01-02
CL-15849,sleeping,none,2025-05-14
CL-15850,sleeping,none,2025-12-17
CL-15851,new,platinum,2025-12-10
CL-15852,new,silver,2024-05-11
CL-15853,vip,none,2026-01-15
CL-15854,regular,none,2024-03-26
CL-15855,sleeping,silver,2024-12-23
CL-15856,sleeping,none,2024-10-20
CL-15857,regular,none,2025-05-23
CL-15858,new,none,2025-08-14
CL-15859,regular,none,2025-04-08
CL-15860,sleeping,silver,2025-08-04
CL-15861,regular,none,2026-01-16
CL-15862,sleeping,silver,2025-01-23
CL-15863,regular,none,2025-03-14
CL-15864,sleeping,platinum,2025-02-21
CL-15865,regular,silver,2024-07-22
CL-15866,new,none,2024-12-11
CL-15867,regular,none,2025-03-01
CL-15868,new,silver,2024-01-20
CL-15869,regular,silver,2024-10-25
CL-15870,sleeping,none,2024-07-30
CL-15871,new,none,2025-05-21
CL-15872,sleeping,silver,2024-10-22
CL-15873,new,none,2024-04-13
CL-15874,regular,none,2025-02-25
CL-15875,sleeping,none,2024-12-16
CL-15876,regular,gold,2025-05-15
CL-15877,sleeping,none,2025-07-18
CL-15878,sleeping,none,2026-01-20
CL-15879,regular,none,2025-04-14
CL-15880,regular,silver,2025-01-20
CL-15881,new,silver,2024-08-01
CL-15882,regular,silver,2025-05-25
CL-15883,new,silver,2024-11-09
CL-15884,vip,silver,2025-12-31
CL-15885,regular,silver,2025-06-04
CL-15886,regular,platinum,2024-07-30
CL-15887,sleeping,gold,2025-12-14
CL-15888,new,none,2024-12-10
CL-15889,sleeping,silver,2025-04-16
CL-15890,new,none,2025-07-01
CL-15891,new,none,2025-05-12
CL-15892,regular,none,2025-03-05
CL-15893,new,gold,2025-07-11
CL-15894,regular,gold,2025-11-09
CL-15895,regular,silver,2024-05-04
CL-15896,vip,silver,2025-03-06
CL-15897,new,none,2025-04-06
CL-15898,new,platinum,2025-12-01
CL-15899,new,none,2025-03-13
CL-15900,regular,platinum,2024-04-22
CL-15901,new,none,2025-08-02
CL-15902,new,none,2025-09-02
CL-15903,vip,silver,2025-09-29
CL-15904,sleeping,none,2024-06-11
CL-15905,vip,none,2024-04-24
CL-15906,new,silver,2024-02-07
CL-15907,regular,silver,2024-11-21
CL-15908,new,none,2024-03-25
CL-15909,regular,silver,2025-08-04
CL-15910,regular,silver,2025-03-17
CL-15911,sleeping,none,2024-08-27
CL-15912,regular,silver,2024-08-09
CL-15913,new,silver,2024-12-07
CL-15914,regular,gold,2024-04-19
CL-15915,sleeping,silver,2024-11-12
CL-15916,new,silver,2025-04-23
CL-15917,vip,silver,2024-12-16
CL-15918,new,silver,2025-01-05
CL-15919,new,gold,2025-09-21
CL-15920,sleeping,silver,2024-10-16
CL-15921,new,none,2024-04-04
CL-15922,regular,gold,2025-02-11
CL-15923,new,silver,2024-05-12
CL-15924,regular,silver,2025-10-16
CL-15925,regular,silver,2024-04-28
CL-15926,vip,none,2025-07-04
CL-15927,vip,silver,2024-12-09
CL-15928,regular,silver,2025-01-11
CL-15929,regular,none,2025-11-04
CL-15930,new,none,2025-09-17
CL-15931,regular,gold,2024-05-10
CL-15932,regular,silver,2025-10-17
CL-15933,new,silver,2024-09-01
CL-15934,sleeping,none,2024-10-12
CL-15935,new,silver,2025-09-22
CL-15936,new,none,2024-04-23
CL-15937,sleeping,silver,2024-11-08
CL-15938,regular,silver,2024-03-28
CL-15939,regular,silver,2025-03-05
CL-15940,new,platinum,2025-04-30
CL-15941,regular,none,2025-03-18
CL-15942,regular,silver,2025-12-12
CL-15943,new,silver,2025-06-24
CL-15944,regular,silver,2024-01-30
CL-15945,new,silver,2024-06-06
CL-15946,new,platinum,2025-01-12
CL-15947,new,silver,2024-12-13
CL-15948,new,none,2024-05-27
CL-15949,new,none,2025-02-05
CL-15950,regular,gold,2025-02-07
CL-15951,regular,none,2024-12-11
CL-15952,new,silver,2025-10-13
CL-15953,regular,gold,2024-10-15
CL-15954,new,gold,2025-08-21
CL-15955,regular,none,2025-06-14
CL-15956,sleeping,silver,2026-01-08
CL-15957,regular,none,2025-04-28
CL-15958,regular,gold,2025-01-03
CL-15959,new,silver,2024-01-01
CL-15960,new,silver,2025-05-19
CL-15961,regular,none,2025-02-05
CL-15962,regular,none,2025-11-13
CL-15963,regular,silver,2025-03-28
CL-15964,sleeping,silver,2025-06-14
CL-15965,new,silver,2025-11-23
CL-15966,vip,gold,2026-01-02
CL-15967,regular,none,2024-06-16
CL-15968,new,none,2024-07-05
CL-15969,new,silver,2025-08-18
CL-15970,regular,silver,2024-04-12
CL-15971,new,silver,2025-09-14
CL-15972,regular,none,2024-04-23
CL-15973,regular,none,2024-10-03
CL-15974,regular,silver,2025-10-09
CL-15975,regular,gold,2024-04-14
CL-15976,regular,gold,2024-02-10
CL-15977,regular,silver,2025-07-30
CL-15978,vip,silver,2025-09-07
CL-15979,new,gold,2025-07-27
CL-15980,sleeping,gold,2024-12-18
CL-15981,new,none,2025-08-03
CL-15982,new,none,2025-06-09
CL-15983,regular,gold,2024-10-14
CL-15984,new,gold,2025-07-20
CL-15985,new,silver,2024-05-26
CL-15986,new,none,2024-11-18
CL-15987,regular,gold,2025-09-20
CL-15988,regular,none,2024-04-21
CL-15989,new,none,2024-11-15
CL-15990,regular,silver,2025-04-13
CL-15991,new,silver,2025-03-30
CL-15992,sleeping,none,2025-12-27
CL-15993,new,silver,2025-05-17
CL-15994,regular,silver,2024-01-20
CL-15995,regular,none,2026-01-26
CL-15996,regular,none,2024-06-21
CL-15997,sleeping,silver,2025-03-27
CL-15998,new,gold,2025-10-26
CL-15999,regular,gold,2025-04-06
CL-16000,regular,none,2024-02-23
CL-16001,regular,silver,2024-09-23
CL-16002,regular,gold,2024-01-08
CL-16003,new,none,2024-11-16
CL-16004,new,silver,2025-10-29
CL-16005,new,silver,2024-07-14
CL-16006,sleeping,silver,2025-08-06
CL-16007,regular,none,2024-02-02
CL-16008,new,none,2024-07-11
CL-16009,regular,none,2025-03-11
CL-16010,regular,silver,2026-01-04
CL-16011,regular,none,2025-04-15
CL-16012,regular,silver,2025-06-25
CL-16013,regular,silver,2025-08-10
CL-16014,new,none,2024-03-31
CL-16015,regular,none,2025-12-30
CL-16016,new,none,2024-12-15
CL-16017,new,platinum,2024-08-22
CL-16018,regular,none,2025-10-19
CL-16019,regular,silver,2025-01-07
CL-16020,sleeping,silver,2025-05-22
CL-16021,new,none,2024-10-08
CL-16022,regular,gold,2025-03-21
CL-16023,sleeping,silver,2024-04-26
CL-16024,regular,silver,2024-11-12
CL-16025,sleeping,none,2024-12-09
CL-16026,sleeping,none,2024-07-07
CL-16027,vip,none,2025-11-24
CL-16028,sleeping,silver,2025-04-11
CL-16029,regular,gold,2025-10-23
CL-16030,regular,silver,2024-04-26
CL-16031,sleeping,none,2024-11-17
CL-16032,vip,none,2025-09-07
CL-16033,new,none,2024-05-03
CL-16034,new,none,2024-06-08
CL-16035,new,none,2025-12-02
CL-16036,vip,platinum,2024-04-01
CL-16037,new,silver,2024-12-14
CL-16038,new,none,2024-02-24
CL-16039,regular,none,2024-09-15
CL-16040,new,silver,2025-09-11
CL-16041,sleeping,none,2024-10-03
CL-16042,regular,gold,2024-12-21
CL-16043,new,silver,2025-11-27
CL-16044,new,silver,2024-10-29
CL-16045,regular,silver,2025-04-01
CL-16046,regular,none,2025-01-31
CL-16047,regular,none,2025-06-29
CL-16048,new,silver,2025-03-22
CL-16049,sleeping,none,2025-09-23
CL-16050,regular,none,2025-10-31
CL-16051,regular,gold,2026-01-19
CL-16052,regular,gold,2024-09-18
CL-16053,sleeping,none,2024-05-15
CL-16054,regular,gold,2024-05-22
CL-16055,regular,none,2025-08-21
CL-16056,sleeping,gold,2025-10-22
CL-16057,sleeping,silver,2024-07-02
CL-16058,regular,silver,2024-12-31
CL-16059,regular,silver,2024-01-15
CL-16060,regular,none,2025-03-16
CL-16061,regular,gold,2025-06-17
CL-16062,new,none,2024-04-30
CL-16063,regular,platinum,2025-12-05
CL-16064,regular,none,2025-10-17
CL-16065,new,none,2025-12-28
CL-16066,sleeping,none,2025-12-14
CL-16067,new,none,2024-03-03
CL-16068,vip,silver,2024-12-06
CL-16069,new,silver,2024-11-19
CL-16070,new,gold,2024-01-16
CL-16071,new,silver,2025-12-12
CL-16072,regular,silver,2024-01-21
CL-16073,regular,none,2025-06-12
CL-16074,new,silver,2024-08-17
CL-16075,regular,gold,2025-03-30
CL-16076,regular,none,2025-01-08
CL-16077,new,none,2024-06-16
CL-16078,new,none,2024-11-24
CL-16079,new,none,2025-06-21
CL-16080,new,silver,2025-03-08
CL-16081,new,none,2024-06-19
CL-16082,regular,gold,2024-07-14
CL-16083,regular,none,2025-06-12
CL-16084,vip,none,2024-06-08
CL-16085,regular,none,2025-03-28
CL-16086,regular,none,2026-01-10
CL-16087,new,gold,2025-03-13
CL-16088,new,gold,2024-08-01
CL-16089,regular,silver,2025-05-23
CL-16090,new,none,2025-12-20
CL-16091,new,silver,2025-05-08
CL-16092,sleeping,silver,2025-03-10
CL-16093,new,silver,2025-04-11
CL-16094,new,silver,2024-02-23
CL-16095,sleeping,silver,2024-01-18
CL-16096,new,none,2025-03-28
CL-16097,regular,none,2024-12-29
CL-16098,new,gold,2026-01-19
CL-16099,regular,none,2024-12-28
CL-16100,sleeping,none,2025-09-30
CL-16101,regular,none,2025-05-15
CL-16102,regular,none,2024-08-18
CL-16103,new,gold,2025-10-17
CL-16104,regular,none,2024-03-13
CL-16105,regular,silver,2025-06-12
CL-16106,new,gold,2024-12-15
CL-16107,new,none,2025-07-03
CL-16108,regular,none,2024-03-16
CL-16109,vip,none,2024-06-02
CL-16110,sleeping,none,2024-08-14
CL-16111,vip,none,2025-03-05
CL-16112,regular,silver,2025-11-28
CL-16113,regular,none,2025-11-20
CL-16114,sleeping,silver,2025-05-11
CL-16115,new,gold,2024-03-27
CL-16116,regular,none,2025-08-18
CL-16117,new,none,2025-10-07
CL-16118,sleeping,none,2025-02-14
CL-16119,sleeping,none,2024-02-20
CL-16120,vip,none,2024-05-07
CL-16121,new,silver,2025-09-05
CL-16122,sleeping,none,2024-04-24
CL-16123,new,none,2024-09-14
CL-16124,new,none,2025-08-04
CL-16125,regular,silver,2024-04-25
CL-16126,regular,none,2024-11-22
CL-16127,sleeping,silver,2025-06-03
CL-16128,new,silver,2025-01-14
CL-16129,regular,none,2025-10-28
CL-16130,regular,silver,2024-05-15
CL-16131,new,none,2025-03-10
CL-16132,vip,silver,2024-10-01
CL-16133,new,none,2025-03-01
CL-16134,new,silver,2024-04-10
CL-16135,regular,silver,2025-06-05
CL-16136,regular,silver,2024-06-04
CL-16137,vip,silver,2025-09-06
CL-16138,new,none,2025-11-06
CL-16139,new,silver,2024-09-15
CL-16140,sleeping,none,2025-06-28
CL-16141,regular,none,2025-02-19
CL-16142,regular,none,2025-10-09
CL-16143,new,silver,2025-12-04
CL-16144,sleeping,silver,2025-10-26
CL-16145,regular,gold,2024-07-16
CL-16146,new,silver,2025-03-24
CL-16147,new,silver,2024-03-11
CL-16148,new,gold,2024-08-19
CL-16149,new,none,2024-10-02
CL-16150,new,silver,2025-01-09
CL-16151,new,none,2025-09-24
CL-16152,new,none,2024-01-15
CL-16153,regular,platinum,2025-01-09
CL-16154,regular,none,2025-09-13
CL-16155,regular,gold,2024-06-24
CL-16156,vip,gold,2025-09-02
CL-16157,new,gold,2024-02-28
CL-16158,sleeping,silver,2025-01-21
CL-16159,sleeping,silver,2026-01-19
CL-16160,sleeping,silver,2024-10-13
CL-16161,new,silver,2025-05-01
CL-16162,new,gold,2024-05-11
CL-16163,regular,none,2024-11-16
CL-16164,new,silver,2024-02-27
CL-16165,new,platinum,2024-03-28
CL-16166,new,none,2024-09-03
CL-16167,regular,gold,2026-01-15
CL-16168,vip,none,2025-12-13
CL-16169,new,none,2024-02-14
CL-16170,sleeping,silver,2024-02-22
CL-16171,regular,silver,2025-06-06
CL-16172,new,gold,2025-12-22
CL-16173,regular,none,2025-01-19
CL-16174,new,none,2025-02-05
CL-16175,sleeping,gold,2025-04-02
CL-16176,regular,silver,2024-12-01
CL-16177,regular,silver,2025-07-19
CL-16178,regular,none,2024-04-03
CL-16179,new,gold,2024-02-15
CL-16180,sleeping,gold,2024-02-24
CL-16181,sleeping,silver,2024-06-18
CL-16182,regular,none,2025-02-17
CL-16183,regular,platinum,2024-07-18
CL-16184,new,gold,2025-03-30
CL-16185,new,silver,2024-01-15
CL-16186,new,silver,2024-11-25
CL-16187,regular,silver,2024-04-21
CL-16188,regular,none,2024-08-06
CL-16189,sleeping,silver,2025-05-06
CL-16190,new,silver,2024-01-11
CL-16191,new,silver,2025-08-08
CL-16192,new,gold,2024-07-21
CL-16193,sleeping,silver,2025-10-16
CL-16194,regular,gold,2025-06-27
CL-16195,regular,none,2025-11-18
CL-16196,regular,platinum,2025-04-05
CL-16197,regular,none,2024-11-07
CL-16198,new,none,2024-04-30
CL-16199,new,silver,2024-02-25
CL-16200,new,none,2025-08-26
CL-16201,new,none,2025-05-05
CL-16202,regular,silver,2024-04-22
CL-16203,new,none,2024-03-13
CL-16204,regular,gold,2025-08-27
CL-16205,regular,none,2024-02-15
CL-16206,regular,none,2025-01-24
CL-16207,sleeping,none,2024-09-03
CL-16208,new,silver,2025-06-28
CL-16209,regular,silver,2024-02-14
CL-16210,new,none,2024-03-04
CL-16211,regular,none,2024-04-16
CL-16212,regular,none,2025-07-17
CL-16213,new,silver,2025-06-25
CL-16214,new,silver,2025-07-02
CL-16215,regular,none,2025-03-13
CL-16216,regular,none,2024-05-13
CL-16217,regular,gold,2024-06-21
CL-16218,regular,none,2024-04-14
CL-16219,regular,gold,2024-04-05
CL-16220,regular,none,2025-07-23
CL-16221,new,platinum,2024-12-13
CL-16222,regular,silver,2024-11-12
CL-16223,regular,silver,2024-04-21
CL-16224,vip,none,2025-05-07
CL-16225,regular,platinum,2025-09-23
CL-16226,regular,none,2024-01-07
CL-16227,sleeping,silver,2025-12-09
CL-16228,sleeping,none,2024-05-19
CL-16229,new,silver,2025-11-23
CL-16230,sleeping,silver,2025-07-20
CL-16231,new,silver,2025-11-07
CL-16232,vip,silver,2024-05-31
CL-16233,new,gold,2025-03-04
CL-16234,regular,silver,2024-03-02
CL-16235,sleeping,none,2024-12-06
CL-16236,new,none,2024-05-13
CL-16237,vip,silver,2024-02-23
CL-16238,regular,none,2025-09-24
CL-16239,new,silver,2025-07-28
CL-16240,sleeping,none,2024-09-20
CL-16241,regular,platinum,2024-11-10
CL-16242,sleeping,silver,2025-02-06
CL-16243,vip,silver,2025-04-06
CL-16244,new,gold,2025-03-14
CL-16245,new,gold,2024-08-19
CL-16246,new,none,2024-10-10
CL-16247,regular,none,2026-01-21
CL-16248,new,silver,2024-03-12
CL-16249,regular,none,2024-11-03
CL-16250,vip,none,2024-07-14
CL-16251,new,none,2024-07-04
CL-16252,regular,none,2024-04-29
CL-16253,regular,none,2024-03-16
CL-16254,new,none,2025-11-22
CL-16255,new,none,2025-10-23
CL-16256,new,silver,2025-07-16
CL-16257,regular,none,2025-12-05
CL-16258,new,none,2025-09-17
CL-16259,vip,gold,2024-04-07
CL-16260,vip,silver,2025-09-09
CL-16261,new,gold,2025-09-06
CL-16262,sleeping,platinum,2024-01-02
CL-16263,sleeping,silver,2025-10-29
CL-16264,new,gold,2025-07-23
CL-16265,sleeping,none,2026-01-25
CL-16266,new,silver,2025-01-01
CL-16267,regular,silver,2025-07-18
CL-16268,new,silver,2025-08-11
CL-16269,vip,none,2025-05-21
CL-16270,vip,platinum,2025-12-30
CL-16271,sleeping,silver,2024-04-18
CL-16272,sleeping,gold,2024-09-28
CL-16273,new,platinum,2024-03-13
CL-16274,regular,gold,2025-04-04
CL-16275,new,none,2024-01-19
CL-16276,new,silver,2024-08-19
CL-16277,new,silver,2025-07-16
CL-16278,sleeping,silver,2025-11-10
CL-16279,regular,silver,2024-06-17
CL-16280,new,silver,2024-07-12
CL-16281,sleeping,gold,2024-01-21
CL-16282,vip,none,2024-09-23
CL-16283,new,none,2025-06-18
CL-16284,regular,silver,2025-11-05
CL-16285,regular,silver,2024-11-15
CL-16286,regular,gold,2024-03-17
CL-16287,regular,silver,2024-08-31
CL-16288,regular,none,2025-01-10
CL-16289,new,silver,2025-04-05
CL-16290,regular,gold,2025-03-17
CL-16291,new,none,2025-08-31
CL-16292,new,none,2025-03-16
CL-16293,new,silver,2024-11-02
CL-16294,regular,none,2024-04-01
CL-16295,regular,platinum,2025-12-12
CL-16296,regular,none,2024-01-31
CL-16297,new,none,2024-09-06
CL-16298,sleeping,platinum,2024-11-12
CL-16299,new,none,2025-11-07
CL-16300,regular,none,2024-12-10
CL-16301,new,none,2024-11-10
CL-16302,regular,platinum,2025-12-17
CL-16303,regular,platinum,2024-10-04
CL-16304,regular,none,2025-07-28
CL-16305,vip,silver,2024-01-25
CL-16306,regular,silver,2025-03-30
CL-16307,regular,none,2025-07-07
CL-16308,regular,none,2024-06-08
CL-16309,sleeping,gold,2025-07-31
CL-16310,sleeping,none,2025-11-16
CL-16311,regular,silver,2024-02-10
CL-16312,regular,none,2024-05-27
CL-16313,sleeping,silver,2024-04-19
CL-16314,sleeping,none,2025-12-21
CL-16315,new,none,2024-08-09
CL-16316,sleeping,none,2025-12-19
CL-16317,regular,platinum,2024-10-15
CL-16318,regular,none,2026-01-13
CL-16319,regular,silver,2025-03-03
CL-16320,new,silver,2024-08-03
CL-16321,vip,none,2025-01-21
CL-16322,regular,gold,2024-04-14
CL-16323,new,none,2024-05-31
CL-16324,regular,silver,2025-04-22
CL-16325,new,silver,2025-07-26
CL-16326,regular,gold,2024-11-17
CL-16327,regular,gold,2025-10-11
CL-16328,regular,none,2024-10-22
CL-16329,new,gold,2024-10-11
CL-16330,new,gold,2025-02-26
CL-16331,new,gold,2024-10-26
CL-16332,regular,platinum,2025-06-07
CL-16333,sleeping,silver,2025-11-16
CL-16334,regular,silver,2024-09-09
CL-16335,regular,none,2025-01-05
CL-16336,new,gold,2024-09-11
CL-16337,new,gold,2025-03-24
CL-16338,sleeping,none,2025-04-08
CL-16339,regular,silver,2024-12-08
CL-16340,new,none,2024-02-24
CL-16341,regular,none,2025-12-05
CL-16342,regular,none,2025-06-15
CL-16343,new,none,2025-07-02
CL-16344,new,silver,2025-08-30
CL-16345,regular,none,2024-01-21
CL-16346,new,silver,2025-10-30
CL-16347,regular,silver,2024-03-06
CL-16348,vip,gold,2025-07-26
CL-16349,sleeping,none,2025-12-26
CL-16350,regular,none,2025-01-20
CL-16351,new,silver,2025-06-27
CL-16352,regular,silver,2025-10-26
CL-16353,new,silver,2025-03-06
CL-16354,sleeping,silver,2025-01-08
CL-16355,regular,platinum,2025-09-06
CL-16356,regular,none,2025-08-21
CL-16357,regular,none,2024-03-03
CL-16358,new,platinum,2024-02-18
CL-16359,regular,gold,2025-06-25
CL-16360,sleeping,none,2025-06-22
CL-16361,new,gold,2025-09-09
CL-16362,new,none,2024-03-04
CL-16363,sleeping,gold,2024-04-28
CL-16364,regular,silver,2024-01-22
CL-16365,new,silver,2024-08-03
CL-16366,new,gold,2025-01-16
CL-16367,regular,gold,2024-10-01
CL-16368,regular,none,2024-03-31
CL-16369,regular,silver,2025-02-24
CL-16370,new,gold,2024-09-04
CL-16371,regular,silver,2024-08-06
CL-16372,regular,none,2025-08-11
CL-16373,sleeping,none,2024-08-30
CL-16374,regular,platinum,2025-02-22
CL-16375,regular,silver,2024-02-20
CL-16376,vip,silver,2025-07-11
CL-16377,new,silver,2025-02-16
CL-16378,new,none,2025-08-18
CL-16379,new,none,2024-08-17
CL-16380,new,none,2024-12-30
CL-16381,sleeping,none,2024-11-21
CL-16382,new,gold,2026-01-19
CL-16383,vip,none,2024-03-18
CL-16384,new,none,2024-06-02
CL-16385,regular,silver,2026-01-07
CL-16386,regular,gold,2024-03-05
CL-16387,new,none,2024-07-30
CL-16388,regular,none,2024-08-30
CL-16389,regular,silver,2025-08-21
CL-16390,regular,silver,2025-08-02
CL-16391,vip,silver,2025-10-21
CL-16392,sleeping,none,2024-03-14
CL-16393,regular,gold,2024-06-12
CL-16394,sleeping,silver,2024-12-20
CL-16395,new,gold,2025-07-09
CL-16396,new,platinum,2025-03-10
CL-16397,regular,silver,2025-01-31
CL-16398,regular,none,2025-09-06
CL-16399,regular,silver,2024-05-30
CL-16400,regular,silver,2025-10-04
CL-16401,sleeping,none,2025-05-15
CL-16402,new,none,2024-06-30
CL-16403,vip,none,2024-11-28
CL-16404,regular,gold,2024-07-27
CL-16405,regular,gold,2024-08-22
CL-16406,new,silver,2025-06-03
CL-16407,new,gold,2024-08-19
CL-16408,regular,silver,2025-10-15
CL-16409,regular,gold,2024-03-15
CL-16410,regular,none,2024-05-07
CL-16411,new,none,2025-11-25
CL-16412,regular,silver,2025-07-03
CL-16413,regular,gold,2024-11-30
CL-16414,sleeping,gold,2024-06-29
CL-16415,regular,platinum,2024-07-12
CL-16416,regular,gold,2024-05-17
CL-16417,regular,none,2025-11-12
CL-16418,regular,none,2024-09-13
CL-16419,regular,silver,2025-12-12
CL-16420,new,silver,2025-08-26
CL-16421,sleeping,silver,2024-09-29
CL-16422,regular,none,2025-07-18
CL-16423,regular,silver,2024-12-28
CL-16424,regular,gold,2024-12-29
CL-16425,regular,none,2025-08-07
CL-16426,new,silver,2025-06-26
CL-16427,new,none,2024-06-15
CL-16428,new,silver,2024-11-04
CL-16429,new,silver,2025-12-11
CL-16430,new,none,2024-06-08
CL-16431,regular,silver,2025-06-25
CL-16432,new,silver,2025-10-02
CL-16433,vip,none,2025-04-01
CL-16434,sleeping,gold,2024-02-10
CL-16435,new,gold,2025-10-08
CL-16436,regular,silver,2025-11-15
CL-16437,regular,none,2025-05-04
CL-16438,sleeping,silver,2025-08-22
CL-16439,regular,none,2024-02-04
CL-16440,regular,none,2025-07-03
CL-16441,new,silver,2025-09-03
CL-16442,sleeping,gold,2025-03-08
CL-16443,new,none,2025-02-02
CL-16444,vip,silver,2025-09-07
CL-16445,new,silver,2025-05-17
CL-16446,regular,silver,2024-01-22
CL-16447,regular,gold,2024-05-20
CL-16448,new,none,2025-03-25
CL-16449,new,silver,2025-04-05
CL-16450,new,none,2024-07-17
CL-16451,regular,none,2024-04-15
CL-16452,regular,silver,2025-04-30
CL-16453,new,none,2024-08-23
CL-16454,regular,none,2025-05-27
CL-16455,new,none,2025-05-17
CL-16456,regular,none,2024-06-12
CL-16457,regular,none,2025-08-06
CL-16458,sleeping,none,2024-04-27
CL-16459,sleeping,none,2024-10-30
CL-16460,new,silver,2025-03-22
CL-16461,new,silver,2025-11-04
CL-16462,sleeping,platinum,2025-12-15
CL-16463,new,gold,2025-06-11
CL-16464,new,gold,2025-05-19
CL-16465,new,silver,2025-01-15
CL-16466,regular,none,2025-01-02
CL-16467,regular,none,2025-02-27
CL-16468,sleeping,platinum,2025-12-11
CL-16469,regular,platinum,2025-05-09
CL-16470,new,silver,2025-09-14
CL-16471,regular,silver,2025-02-23
CL-16472,regular,none,2025-07-10
CL-16473,new,none,2025-10-08
CL-16474,sleeping,silver,2024-11-28
CL-16475,regular,none,2025-05-05
CL-16476,regular,silver,2025-01-08
CL-16477,vip,gold,2025-01-23
CL-16478,regular,gold,2024-07-20
CL-16479,regular,gold,2025-09-27
CL-16480,regular,none,2025-09-12
CL-16481,vip,silver,2025-12-01
CL-16482,vip,silver,2024-08-04
CL-16483,regular,silver,2026-01-28
CL-16484,new,platinum,2025-06-18
CL-16485,sleeping,none,2024-09-16
CL-16486,sleeping,none,2025-10-26
CL-16487,regular,none,2025-02-28
CL-16488,sleeping,silver,2025-02-23
CL-16489,regular,none,2025-07-29
CL-16490,regular,none,2024-04-28
CL-16491,regular,none,2024-12-19
CL-16492,new,silver,2024-01-19
CL-16493,regular,silver,2024-11-19
CL-16494,regular,none,2025-05-26
CL-16495,new,gold,2026-01-20
CL-16496,new,silver,2024-06-19
CL-16497,regular,none,2025-10-27
CL-16498,regular,none,2024-01-30
CL-16499,sleeping,none,2024-01-11
CL-16500,new,none,2024-09-17
CL-16501,vip,silver,2024-08-07
CL-16502,new,platinum,2025-03-18
CL-16503,new,none,2024-05-27
CL-16504,regular,none,2025-02-23
CL-16505,regular,gold,2026-01-20
CL-16506,regular,silver,2024-05-07
CL-16507,new,silver,2024-11-23
CL-16508,new,silver,2025-04-04
CL-16509,regular,none,2024-11-22
CL-16510,new,none,2024-11-08
CL-16511,new,platinum,2024-01-29
CL-16512,new,silver,2024-12-28
CL-16513,new,none,2025-12-05
CL-16514,regular,platinum,2025-10-26
CL-16515,new,none,2025-08-29
CL-16516,regular,none,2024-02-29
CL-16517,regular,platinum,2024-04-05
CL-16518,regular,silver,2025-02-05
CL-16519,regular,gold,2024-08-14
CL-16520,regular,none,2024-05-11
CL-16521,vip,none,2024-05-20
CL-16522,new,platinum,2024-05-18
CL-16523,vip,none,2024-03-10
CL-16524,new,gold,2025-04-08
CL-16525,regular,gold,2024-11-10
CL-16526,regular,none,2025-05-23
CL-16527,new,gold,2024-06-12
CL-16528,new,gold,2025-04-05
CL-16529,new,gold,2024-05-20
CL-16530,new,silver,2025-12-02
CL-16531,regular,silver,2024-05-10
CL-16532,new,none,2025-08-26
CL-16533,vip,none,2025-06-05
CL-16534,sleeping,gold,2024-05-30
CL-16535,new,platinum,2024-03-09
CL-16536,new,none,2025-04-28
CL-16537,regular,silver,2024-02-02
CL-16538,sleeping,platinum,2025-04-16
CL-16539,regular,silver,2025-05-30
CL-16540,new,none,2025-05-06
CL-16541,sleeping,none,2026-01-11
CL-16542,regular,silver,2024-11-22
CL-16543,new,platinum,2025-01-16
CL-16544,sleeping,none,2025-12-21
CL-16545,sleeping,none,2025-10-15
CL-16546,regular,gold,2024-12-18
CL-16547,new,gold,2024-11-17
CL-16548,regular,platinum,2025-08-22
CL-16549,new,gold,2025-03-05
CL-16550,regular,silver,2024-12-31
CL-16551,new,platinum,2025-09-11
CL-16552,regular,silver,2025-08-21
CL-16553,regular,silver,2024-11-10
CL-16554,sleeping,none,2024-10-27
CL-16555,vip,silver,2025-05-23
CL-16556,new,none,2024-01-01
CL-16557,new,gold,2025-08-17
CL-16558,regular,none,2025-01-14
CL-16559,new,none,2025-10-26
CL-16560,new,platinum,2025-02-20
CL-16561,regular,gold,2024-10-21
CL-16562,regular,gold,2024-03-28
CL-16563,new,silver,2024-01-02
CL-16564,regular,none,2025-05-20
CL-16565,sleeping,none,2024-05-31
CL-16566,regular,gold,2025-10-10
CL-16567,new,gold,2025-01-10
CL-16568,regular,none,2025-10-21
CL-16569,sleeping,none,2024-12-19
CL-16570,new,none,2024-10-13
CL-16571,regular,silver,2024-04-16
CL-16572,regular,none,2024-11-07
CL-16573,regular,none,2025-09-15
CL-16574,new,none,2025-10-14
CL-16575,sleeping,silver,2024-12-29
CL-16576,new,silver,2026-01-28
CL-16577,new,none,2024-01-28
CL-16578,new,none,2024-02-09
CL-16579,regular,none,2024-02-16
CL-16580,new,silver,2024-02-16
CL-16581,regular,none,2024-01-04
CL-16582,vip,gold,2024-02-11
CL-16583,new,none,2025-08-28
CL-16584,vip,gold,2024-12-17
CL-16585,sleeping,none,2025-08-16
CL-16586,new,silver,2025-08-19
CL-16587,regular,silver,2025-06-09
CL-16588,sleeping,none,2024-03-12
CL-16589,regular,none,2024-04-02
CL-16590,regular,none,2025-06-07
CL-16591,sleeping,silver,2025-12-26
CL-16592,regular,gold,2024-05-10
CL-16593,new,silver,2025-04-27
CL-16594,new,silver,2024-01-26
CL-16595,regular,none,2024-05-31
CL-16596,regular,silver,2025-03-28
CL-16597,new,silver,2025-05-12
CL-16598,new,none,2025-03-27
CL-16599,vip,none,2024-12-09
CL-16600,regular,none,2024-08-03
CL-16601,new,none,2025-08-30
CL-16602,new,platinum,2024-09-01
CL-16603,new,none,2025-06-25
CL-16604,new,none,2024-09-26
CL-16605,regular,none,2025-01-27
CL-16606,new,none,2025-12-07
CL-16607,sleeping,none,2024-10-28
CL-16608,new,none,2025-10-20
CL-16609,new,none,2024-02-15
CL-16610,vip,none,2025-02-04
CL-16611,regular,gold,2025-01-24
CL-16612,new,silver,2026-01-02
CL-16613,new,silver,2024-07-19
CL-16614,regular,none,2025-03-18
CL-16615,regular,none,2025-03-22
CL-16616,vip,platinum,2024-03-18
CL-16617,regular,none,2026-01-26
CL-16618,vip,silver,2025-01-05
CL-16619,regular,none,2024-11-27
CL-16620,regular,none,2025-11-10
CL-16621,regular,silver,2024-02-21
CL-16622,regular,silver,2025-05-18
CL-16623,regular,none,2024-01-15
CL-16624,regular,silver,2025-12-25
CL-16625,new,none,2025-09-07
CL-16626,regular,silver,2025-02-07
CL-16627,new,gold,2024-10-25
CL-16628,regular,silver,2025-11-24
CL-16629,new,none,2024-07-05
CL-16630,new,none,2025-08-05
CL-16631,new,silver,2024-11-10
CL-16632,new,none,2025-09-17
CL-16633,new,gold,2025-07-22
CL-16634,new,gold,2026-01-23
CL-16635,regular,none,2025-04-04
CL-16636,regular,gold,2024-08-17
CL-16637,sleeping,none,2025-11-05
CL-16638,vip,none,2025-04-22
CL-16639,new,platinum,2025-06-18
CL-16640,regular,gold,2024-07-13
CL-16641,regular,silver,2025-02-07
CL-16642,regular,gold,2025-10-10
CL-16643,regular,none,2024-10-05
CL-16644,regular,silver,2025-03-21
CL-16645,regular,platinum,2024-06-05
CL-16646,regular,gold,2024-05-13
CL-16647,regular,silver,2025-08-08
CL-16648,new,none,2024-11-16
CL-16649,vip,gold,2024-06-05
CL-16650,sleeping,none,2024-05-18
CL-16651,new,platinum,2024-04-04
CL-16652,regular,none,2024-12-14
CL-16653,vip,none,2024-08-24
CL-16654,regular,none,2024-02-28
CL-16655,new,silver,2024-12-31
CL-16656,regular,none,2026-01-03
CL-16657,regular,none,2026-01-13
CL-16658,new,gold,2025-03-29
CL-16659,regular,none,2025-03-15
CL-16660,regular,silver,2026-01-22
CL-16661,new,silver,2025-07-29
CL-16662,sleeping,silver,2024-05-12
CL-16663,new,silver,2025-02-03
CL-16664,regular,gold,2024-10-19
CL-16665,regular,silver,2024-04-20
CL-16666,new,silver,2025-12-08
CL-16667,regular,none,2025-03-23
CL-16668,regular,silver,2025-06-09
CL-16669,regular,none,2025-08-24
CL-16670,regular,silver,2024-02-23
CL-16671,sleeping,silver,2024-08-28
CL-16672,sleeping,gold,2025-11-02
CL-16673,new,silver,2024-06-03
CL-16674,regular,silver,2024-05-23
CL-16675,regular,none,2025-04-13
CL-16676,sleeping,silver,2024-07-17
CL-16677,vip,platinum,2025-09-23
CL-16678,regular,silver,2025-07-10
CL-16679,sleeping,none,2025-08-07
CL-16680,regular,silver,2025-06-24
CL-16681,new,none,2024-04-23
CL-16682,regular,silver,2025-05-17
CL-16683,regular,none,2024-05-10
CL-16684,regular,silver,2024-01-05
CL-16685,regular,gold,2026-01-12
CL-16686,regular,none,2024-07-08
CL-16687,sleeping,silver,2025-06-13
CL-16688,new,none,2024-09-19
CL-16689,regular,none,2025-06-16
CL-16690,regular,silver,2024-10-31
CL-16691,new,silver,2024-11-30
CL-16692,regular,gold,2024-02-26
CL-16693,regular,none,2024-12-18
CL-16694,new,none,2025-05-28
CL-16695,vip,silver,2025-06-26
CL-16696,regular,silver,2025-11-08
CL-16697,new,silver,2025-03-24
CL-16698,new,gold,2026-01-22
CL-16699,regular,gold,2025-04-21
CL-16700,sleeping,none,2025-08-29
CL-16701,regular,platinum,2024-04-22
CL-16702,new,platinum,2024-06-02
CL-16703,new,none,2025-03-22
CL-16704,regular,none,2025-01-23
CL-16705,regular,gold,2025-01-10
CL-16706,regular,silver,2025-11-26
CL-16707,new,none,2024-12-28
CL-16708,regular,none,2024-02-20
CL-16709,regular,silver,2025-02-01
CL-16710,regular,gold,2024-06-22
CL-16711,new,gold,2024-01-26
CL-16712,regular,platinum,2024-07-20
CL-16713,regular,silver,2024-01-01
CL-16714,regular,gold,2025-04-08
CL-16715,new,none,2024-12-19
CL-16716,new,silver,2025-12-24
CL-16717,regular,gold,2024-02-17
CL-16718,new,gold,2025-01-01
CL-16719,regular,silver,2025-11-26
CL-16720,regular,none,2025-03-04
CL-16721,new,none,2024-09-30
CL-16722,regular,silver,2025-05-01
CL-16723,regular,none,2024-07-25
CL-16724,new,none,2025-10-09
CL-16725,vip,gold,2025-05-20
CL-16726,regular,none,2024-08-05
CL-16727,sleeping,none,2024-02-27
CL-16728,new,none,2025-04-20
CL-16729,vip,none,2025-11-13
CL-16730,vip,none,2025-12-04
CL-16731,new,none,2025-05-19
CL-16732,regular,silver,2025-12-14
CL-16733,regular,silver,2025-09-11
CL-16734,regular,silver,2024-10-17
CL-16735,regular,gold,2025-10-05
CL-16736,sleeping,silver,2024-03-25
CL-16737,regular,silver,2025-11-06
CL-16738,sleeping,silver,2025-12-03
CL-16739,vip,silver,2025-03-04
CL-16740,vip,none,2025-11-30
CL-16741,regular,gold,2024-04-11
CL-16742,regular,silver,2024-03-14
CL-16743,sleeping,silver,2024-09-17
CL-16744,regular,silver,2024-03-02
CL-16745,new,gold,2024-06-30
CL-16746,regular,silver,2024-05-20
CL-16747,new,silver,2024-12-13
CL-16748,sleeping,silver,2025-05-06
CL-16749,regular,gold,2024-05-31
CL-16750,regular,none,2024-08-17
CL-16751,new,platinum,2025-07-14
CL-16752,regular,gold,2024-07-01
CL-16753,new,none,2024-09-10
CL-16754,regular,none,2025-08-30
CL-16755,regular,gold,2024-10-27
CL-16756,regular,none,2024-07-04
CL-16757,new,none,2025-09-01
CL-16758,regular,none,2025-12-30
CL-16759,regular,none,2025-11-16
CL-16760,vip,silver,2024-11-29
CL-16761,sleeping,gold,2024-01-18
CL-16762,regular,silver,2024-11-17
CL-16763,new,none,2025-08-04
CL-16764,new,silver,2025-12-18
CL-16765,sleeping,none,2024-02-22
CL-16766,sleeping,silver,2024-04-01
CL-16767,new,silver,2024-08-06
CL-16768,regular,platinum,2024-03-28
CL-16769,regular,gold,2024-05-14
CL-16770,new,silver,2024-11-25
CL-16771,sleeping,silver,2024-07-10
CL-16772,sleeping,silver,2025-03-22
CL-16773,sleeping,silver,2025-12-21
CL-16774,new,gold,2025-01-21
CL-16775,regular,gold,2025-01-20
CL-16776,sleeping,platinum,2025-12-26
CL-16777,regular,silver,2025-04-05
CL-16778,regular,silver,2026-01-24
CL-16779,regular,none,2025-12-03
CL-16780,new,none,2024-02-01
CL-16781,regular,silver,2025-12-14
CL-16782,vip,platinum,2024-05-05
CL-16783,new,gold,2024-07-23
CL-16784,new,gold,2025-02-24
CL-16785,regular,silver,2025-08-09
CL-16786,regular,silver,2025-12-23
CL-16787,new,silver,2024-12-16
CL-16788,new,silver,2024-07-31
CL-16789,regular,none,2024-10-19
CL-16790,new,silver,2024-10-05
CL-16791,regular,none,2024-08-10
CL-16792,regular,silver,2024-06-24
CL-16793,regular,platinum,2025-06-22
CL-16794,regular,silver,2026-01-05
CL-16795,regular,none,2025-03-29
CL-16796,regular,silver,2024-04-26
CL-16797,regular,silver,2025-05-22
CL-16798,regular,silver,2025-03-05
CL-16799,regular,none,2024-10-31
CL-16800,regular,silver,2024-01-18
CL-16801,regular,gold,2025-08-12
CL-16802,regular,none,2025-04-02
CL-16803,new,silver,2024-06-27
CL-16804,regular,gold,2024-10-25
CL-16805,new,gold,2025-02-04
CL-16806,sleeping,platinum,2025-03-05
CL-16807,regular,gold,2025-05-14
CL-16808,new,silver,2024-03-01
CL-16809,regular,silver,2025-02-10
CL-16810,regular,none,2024-03-10
CL-16811,sleeping,none,2024-05-05
CL-16812,sleeping,silver,2024-03-11
CL-16813,vip,none,2025-04-16
CL-16814,regular,none,2025-09-26
CL-16815,sleeping,gold,2026-01-05
CL-16816,regular,none,2025-07-04
CL-16817,vip,none,2025-08-17
CL-16818,new,silver,2024-04-07
CL-16819,sleeping,none,2024-01-05
CL-16820,regular,silver,2024-08-28
CL-16821,new,none,2024-10-02
CL-16822,sleeping,gold,2024-11-27
CL-16823,regular,silver,2025-05-20
CL-16824,sleeping,silver,2024-03-15
CL-16825,new,none,2024-03-20
CL-16826,regular,silver,2025-09-30
CL-16827,regular,none,2025-03-16
CL-16828,new,silver,2024-10-02
CL-16829,regular,none,2025-09-25
CL-16830,regular,none,2025-05-24
CL-16831,new,none,2025-09-28
CL-16832,regular,none,2025-05-02
CL-16833,new,none,2025-01-18
CL-16834,vip,none,2025-11-25
CL-16835,vip,gold,2026-01-22
CL-16836,regular,silver,2025-07-17
CL-16837,regular,silver,2025-04-23
CL-16838,regular,none,2024-01-27
CL-16839,new,none,2025-10-22
CL-16840,vip,platinum,2024-04-27
CL-16841,new,none,2024-01-25
CL-16842,regular,gold,2024-12-04
CL-16843,new,silver,2024-02-28
CL-16844,regular,silver,2024-03-11
CL-16845,vip,silver,2024-12-18
CL-16846,new,gold,2024-10-24
CL-16847,new,gold,2024-04-06
CL-16848,new,silver,2026-01-12
CL-16849,new,none,2024-06-06
CL-16850,regular,silver,2024-06-05
CL-16851,regular,none,2025-09-05
CL-16852,regular,none,2025-06-19
CL-16853,new,silver,2024-09-27
CL-16854,regular,none,2024-07-16
CL-16855,regular,gold,2025-11-25
CL-16856,regular,platinum,2024-01-26
CL-16857,new,none,2025-05-01
CL-16858,regular,none,2024-03-15
CL-16859,new,silver,2024-01-03
CL-16860,vip,none,2024-03-19
CL-16861,vip,none,2025-03-03
CL-16862,sleeping,gold,2024-08-15
CL-16863,new,none,2025-06-09
CL-16864,new,none,2025-12-31
CL-16865,vip,silver,2024-01-30
CL-16866,regular,none,2025-04-16
CL-16867,regular,gold,2025-11-23
CL-16868,regular,gold,2024-04-03
CL-16869,new,none,2024-11-14
CL-16870,regular,none,2024-02-23
CL-16871,sleeping,gold,2024-03-22
CL-16872,regular,silver,2026-01-07
CL-16873,regular,silver,2024-07-09
CL-16874,sleeping,none,2024-05-10
CL-16875,regular,silver,2025-11-11
CL-16876,new,none,2024-07-24
CL-16877,regular,silver,2024-07-30
CL-16878,new,silver,2025-10-01
CL-16879,new,silver,2025-07-30
CL-16880,regular,silver,2025-02-25
CL-16881,new,silver,2025-10-06
CL-16882,new,gold,2024-06-21
CL-16883,regular,silver,2025-08-28
CL-16884,new,none,2025-05-19
CL-16885,regular,silver,2025-03-09
CL-16886,new,gold,2024-10-09
CL-16887,regular,none,2024-04-01
CL-16888,sleeping,gold,2025-03-17
CL-16889,new,platinum,2025-09-02
CL-16890,regular,silver,2024-03-14
CL-16891,new,none,2024-05-01
CL-16892,new,silver,2025-10-30
CL-16893,regular,none,2025-10-18
CL-16894,new,none,2025-03-28
CL-16895,new,none,2024-12-14
CL-16896,regular,silver,2024-01-04
CL-16897,regular,silver,2025-11-23
CL-16898,sleeping,silver,2025-02-28
CL-16899,sleeping,none,2024-03-01
CL-16900,regular,silver,2024-10-02
CL-16901,new,silver,2025-09-26
CL-16902,new,silver,2025-11-19
CL-16903,regular,none,2025-04-28
CL-16904,vip,none,2024-04-15
CL-16905,new,none,2024-05-01
CL-16906,new,gold,2024-09-10
CL-16907,regular,silver,2025-08-02
CL-16908,sleeping,gold,2025-08-04
CL-16909,regular,silver,2025-07-23
CL-16910,regular,none,2024-06-20
CL-16911,regular,none,2024-08-25
CL-16912,regular,none,2024-08-25
CL-16913,regular,silver,2025-07-07
CL-16914,regular,gold,2025-08-09
CL-16915,regular,none,2024-01-23
CL-16916,regular,silver,2025-06-25
CL-16917,new,none,2024-10-22
CL-16918,new,none,2024-09-30
CL-16919,new,silver,2025-01-21
CL-16920,new,none,2024-12-21
CL-16921,new,none,2026-01-14
CL-16922,regular,silver,2025-02-23
CL-16923,vip,silver,2025-09-19
CL-16924,regular,none,2025-11-05
CL-16925,regular,silver,2026-01-16
CL-16926,sleeping,none,2025-05-17
CL-16927,sleeping,gold,2025-12-20
CL-16928,new,gold,2025-03-26
CL-16929,new,none,2024-10-07
CL-16930,new,silver,2025-09-08
CL-16931,sleeping,none,2025-11-01
CL-16932,new,gold,2024-08-19
CL-16933,new,none,2026-01-01
CL-16934,regular,silver,2024-12-03
CL-16935,regular,none,2024-06-23
CL-16936,regular,gold,2025-06-05
CL-16937,regular,platinum,2024-07-03
CL-16938,regular,none,2024-11-02
CL-16939,vip,silver,2025-02-09
CL-16940,new,silver,2024-12-30
CL-16941,vip,silver,2024-03-29
CL-16942,regular,none,2024-05-01
CL-16943,new,silver,2024-03-01
CL-16944,sleeping,silver,2025-04-08
CL-16945,sleeping,platinum,2026-01-23
CL-16946,vip,silver,2025-05-01
CL-16947,sleeping,silver,2025-02-28
CL-16948,regular,none,2025-10-12
CL-16949,new,none,2024-01-19
CL-16950,new,silver,2024-03-05
CL-16951,vip,silver,2026-01-22
CL-16952,vip,gold,2025-11-14
CL-16953,sleeping,silver,2025-02-25
CL-16954,vip,none,2024-03-06
CL-16955,regular,none,2024-05-24
CL-16956,new,silver,2025-07-20
CL-16957,new,none,2024-06-24
CL-16958,regular,none,2025-03-23
CL-16959,regular,none,2025-07-29
CL-16960,new,silver,2024-11-04
CL-16961,sleeping,none,2024-12-23
CL-16962,regular,platinum,2025-12-02
CL-16963,new,gold,2026-01-15
CL-16964,sleeping,none,2024-12-12
CL-16965,regular,gold,2024-06-04
CL-16966,regular,silver,2024-01-19
CL-16967,regular,gold,2024-05-17
CL-16968,regular,silver,2025-01-30
CL-16969,new,none,2026-01-14
CL-16970,regular,none,2025-02-08
CL-16971,regular,platinum,2026-01-17
CL-16972,sleeping,gold,2025-07-19
CL-16973,sleeping,silver,2024-03-02
CL-16974,new,silver,2024-09-29
CL-16975,sleeping,silver,2025-03-18
CL-16976,new,gold,2024-02-26
CL-16977,new,silver,2024-01-15
CL-16978,regular,none,2024-09-22
CL-16979,sleeping,none,2025-11-10
CL-16980,sleeping,silver,2025-04-02
CL-16981,vip,none,2025-02-01
CL-16982,new,gold,2025-02-18
CL-16983,new,platinum,2025-02-18
CL-16984,new,none,2025-10-05
CL-16985,regular,gold,2024-08-30
CL-16986,regular,silver,2024-07-24
CL-16987,new,silver,2024-08-03
CL-16988,regular,none,2025-03-08
CL-16989,regular,silver,2024-07-22
CL-16990,regular,platinum,2026-01-11
CL-16991,regular,silver,2025-06-08
CL-16992,new,silver,2024-08-26
CL-16993,regular,none,2024-07-16
CL-16994,regular,none,2024-11-27
CL-16995,new,silver,2025-10-15
CL-16996,new,silver,2026-01-25
CL-16997,sleeping,gold,2025-02-08
CL-16998,regular,silver,2024-04-19
CL-16999,new,none,2024-02-02
CL-17000,regular,none,2025-03-11
CL-17001,regular,none,2025-04-18
CL-17002,new,none,2024-10-08
CL-17003,new,none,2025-11-06
CL-17004,sleeping,gold,2024-02-05
CL-17005,regular,silver,2024-08-21
CL-17006,new,gold,2025-08-01
CL-17007,regular,platinum,2024-07-04
CL-17008,regular,none,2024-05-31
CL-17009,regular,silver,2025-07-09
CL-17010,new,none,2025-11-08
CL-17011,new,none,2024-05-20
CL-17012,new,none,2024-11-13
CL-17013,sleeping,none,2026-01-10
CL-17014,regular,silver,2024-04-19
CL-17015,vip,silver,2024-04-15
CL-17016,new,silver,2024-07-05
CL-17017,regular,silver,2024-12-30
CL-17018,regular,gold,2025-09-24
CL-17019,regular,gold,2024-11-26
CL-17020,regular,gold,2024-10-11
CL-17021,regular,silver,2025-10-07
CL-17022,new,none,2024-07-13
CL-17023,new,silver,2024-10-05
CL-17024,regular,silver,2024-07-08
CL-17025,new,none,2024-03-24
CL-17026,new,gold,2025-03-19
CL-17027,sleeping,gold,2026-01-06
CL-17028,new,platinum,2024-07-14
CL-17029,regular,none,2024-02-24
CL-17030,vip,none,2025-12-11
CL-17031,regular,none,2024-03-21
CL-17032,new,gold,2024-02-07
CL-17033,regular,silver,2025-07-13
CL-17034,regular,gold,2024-04-28
CL-17035,regular,gold,2026-01-26
CL-17036,regular,none,2024-11-22
CL-17037,sleeping,none,2025-05-24
CL-17038,new,gold,2024-06-07
CL-17039,new,none,2024-06-09
CL-17040,regular,silver,2025-08-14
CL-17041,regular,silver,2025-01-22
CL-17042,regular,silver,2025-11-27
CL-17043,new,platinum,2025-12-01
CL-17044,new,none,2025-04-01
CL-17045,regular,silver,2025-08-16
CL-17046,sleeping,platinum,2025-10-11
CL-17047,new,none,2025-03-18
CL-17048,vip,silver,2025-08-31
CL-17049,regular,gold,2024-01-21
CL-17050,new,none,2024-04-30
CL-17051,regular,none,2024-12-26
CL-17052,new,none,2024-02-29
CL-17053,regular,none,2024-12-16
CL-17054,new,none,2025-04-23
CL-17055,regular,none,2024-10-06
CL-17056,new,silver,2026-01-16
CL-17057,vip,gold,2025-10-25
CL-17058,sleeping,none,2025-09-24
CL-17059,regular,silver,2025-06-25
CL-17060,regular,none,2025-04-13
CL-17061,sleeping,silver,2025-05-17
CL-17062,new,none,2024-03-25
CL-17063,vip,none,2025-12-13
CL-17064,regular,platinum,2025-08-15
CL-17065,sleeping,gold,2024-08-08
CL-17066,new,silver,2025-06-03
CL-17067,new,silver,2024-11-10
CL-17068,new,silver,2025-12-10
CL-17069,new,none,2025-02-10
CL-17070,new,silver,2025-06-23
CL-17071,sleeping,gold,2024-05-23
CL-17072,new,platinum,2024-03-19
CL-17073,new,silver,2025-11-15
CL-17074,new,none,2025-04-07
CL-17075,regular,silver,2025-05-19
CL-17076,regular,silver,2024-11-02
CL-17077,new,none,2025-04-24
CL-17078,regular,silver,2024-11-16
CL-17079,vip,none,2025-04-28
CL-17080,new,silver,2025-04-26
CL-17081,regular,gold,2024-06-16
CL-17082,regular,none,2025-11-14
CL-17083,regular,silver,2025-12-19
CL-17084,sleeping,none,2025-07-31
CL-17085,sleeping,none,2024-01-16
CL-17086,regular,silver,2024-01-17
CL-17087,regular,silver,2025-09-03
CL-17088,new,gold,2024-04-21
CL-17089,regular,silver,2026-01-12
CL-17090,regular,gold,2024-10-03
CL-17091,new,none,2024-05-13
CL-17092,sleeping,silver,2025-06-04
CL-17093,regular,none,2025-06-05
CL-17094,new,silver,2025-04-26
CL-17095,vip,silver,2025-08-06
CL-17096,regular,none,2025-01-17
CL-17097,new,silver,2024-08-27
CL-17098,regular,silver,2024-11-22
CL-17099,vip,none,2025-04-23
CL-17100,sleeping,silver,2025-08-23
CL-17101,new,gold,2024-11-24
CL-17102,regular,none,2024-03-13
CL-17103,vip,silver,2024-11-01
CL-17104,sleeping,gold,2025-03-28
CL-17105,new,none,2025-08-10
CL-17106,regular,none,2025-09-06
CL-17107,vip,silver,2025-08-23
CL-17108,new,silver,2024-07-26
CL-17109,regular,gold,2024-01-18
CL-17110,regular,silver,2024-06-02
CL-17111,regular,silver,2024-04-01
CL-17112,regular,silver,2025-05-26
CL-17113,new,none,2024-07-24
CL-17114,regular,silver,2024-05-13
CL-17115,new,none,2025-02-13
CL-17116,vip,platinum,2025-01-06
CL-17117,regular,none,2025-06-18
CL-17118,new,none,2025-12-02
CL-17119,sleeping,gold,2024-03-04
CL-17120,regular,none,2024-02-16
CL-17121,new,silver,2025-09-12
CL-17122,new,gold,2025-11-21
CL-17123,regular,gold,2024-09-11
CL-17124,sleeping,none,2024-05-24
CL-17125,new,none,2024-08-15
CL-17126,sleeping,silver,2025-01-01
CL-17127,new,silver,2024-01-10
CL-17128,regular,none,2024-04-10
CL-17129,regular,none,2024-01-27
CL-17130,new,gold,2025-06-23
CL-17131,sleeping,none,2024-12-04
CL-17132,new,gold,2026-01-28
CL-17133,sleeping,none,2024-12-03
CL-17134,new,silver,2024-08-17
CL-17135,new,silver,2024-08-20
CL-17136,sleeping,none,2025-12-03
CL-17137,regular,silver,2024-05-23
CL-17138,new,none,2025-07-08
CL-17139,regular,gold,2025-10-30
CL-17140,new,silver,2026-01-03
CL-17141,vip,none,2024-03-05
CL-17142,new,silver,2025-05-25
CL-17143,regular,gold,2025-09-08
CL-17144,new,silver,2025-06-02
CL-17145,regular,none,2025-10-01
CL-17146,sleeping,gold,2025-12-18
CL-17147,vip,none,2025-10-31
CL-17148,regular,silver,2025-07-06
CL-17149,new,none,2024-05-27
CL-17150,new,silver,2025-10-06
CL-17151,vip,silver,2025-06-04
CL-17152,new,none,2024-08-04
CL-17153,regular,gold,2025-05-06
CL-17154,regular,silver,2024-05-08
CL-17155,sleeping,none,2025-09-25
CL-17156,regular,silver,2025-05-01
CL-17157,regular,silver,2025-05-04
CL-17158,sleeping,none,2024-07-10
CL-17159,sleeping,silver,2024-04-25
CL-17160,regular,platinum,2024-11-22
CL-17161,regular,none,2024-09-22
CL-17162,regular,gold,2025-10-12
CL-17163,regular,silver,2026-01-18
CL-17164,new,none,2025-04-24
CL-17165,regular,silver,2025-08-28
CL-17166,regular,silver,2025-12-18
CL-17167,new,gold,2025-07-12
CL-17168,new,silver,2024-09-26
CL-17169,regular,none,2024-06-25
CL-17170,new,none,2024-08-01
CL-17171,regular,none,2024-08-26
CL-17172,regular,silver,2024-06-11
CL-17173,regular,platinum,2025-05-28
CL-17174,new,gold,2026-01-12
CL-17175,regular,gold,2024-07-15
CL-17176,regular,silver,2024-11-22
CL-17177,regular,none,2025-12-16
CL-17178,regular,silver,2025-11-30
CL-17179,vip,none,2024-01-20
CL-17180,new,none,2024-09-19
CL-17181,regular,none,2024-09-22
CL-17182,new,gold,2024-08-06
CL-17183,vip,silver,2025-12-16
CL-17184,new,none,2025-08-08
CL-17185,regular,gold,2024-02-19
CL-17186,regular,gold,2025-04-14
CL-17187,new,silver,2025-03-14
CL-17188,sleeping,none,2025-02-02
CL-17189,new,none,2025-07-02
CL-17190,new,none,2024-11-30
CL-17191,regular,silver,2025-06-24
CL-17192,regular,silver,2024-12-20
CL-17193,new,none,2025-12-19
CL-17194,new,none,2025-09-26
CL-17195,new,silver,2024-02-10
CL-17196,vip,gold,2024-04-26
CL-17197,regular,none,2024-10-30
CL-17198,new,silver,2024-02-08
CL-17199,regular,platinum,2024-02-22
CL-17200,sleeping,silver,2024-01-05
CL-17201,sleeping,silver,2025-11-14
CL-17202,new,silver,2025-01-11
CL-17203,regular,gold,2025-08-16
CL-17204,new,gold,2025-09-13
CL-17205,new,none,2024-05-05
CL-17206,vip,none,2025-05-24
CL-17207,sleeping,none,2025-04-15
CL-17208,new,none,2026-01-22
CL-17209,vip,silver,2025-10-25
CL-17210,regular,none,2025-04-08
CL-17211,regular,silver,2025-05-29
CL-17212,regular,silver,2025-01-21
CL-17213,regular,silver,2025-03-20
CL-17214,sleeping,none,2025-03-18
CL-17215,new,none,2025-11-03
CL-17216,regular,none,2025-11-01
CL-17217,new,gold,2024-06-17
CL-17218,vip,none,2024-01-12
CL-17219,new,none,2024-07-17
CL-17220,regular,none,2024-12-20
CL-17221,regular,silver,2024-06-16
CL-17222,new,silver,2024-11-08
CL-17223,new,platinum,2024-11-25
CL-17224,new,none,2025-12-25
CL-17225,regular,none,2024-11-29
CL-17226,new,gold,2024-05-22
CL-17227,regular,none,2024-11-06
CL-17228,regular,none,2024-01-20
CL-17229,sleeping,gold,2024-01-23
CL-17230,regular,silver,2025-04-25
CL-17231,new,silver,2024-07-10
CL-17232,sleeping,platinum,2025-04-20
CL-17233,vip,none,2024-01-29
CL-17234,regular,none,2024-08-30
CL-17235,regular,none,2025-03-11
CL-17236,new,none,2025-02-14
CL-17237,regular,silver,2025-03-26
CL-17238,regular,gold,2025-03-29
CL-17239,new,platinum,2024-09-01
CL-17240,new,silver,2024-09-25
CL-17241,new,gold,2024-11-05
CL-17242,regular,silver,2024-11-15
CL-17243,new,none,2025-08-20
CL-17244,regular,none,2024-04-17
CL-17245,vip,silver,2025-03-02
CL-17246,new,none,2025-08-08
CL-17247,new,none,2024-09-16
CL-17248,new,platinum,2024-10-22
CL-17249,regular,none,2025-05-30
CL-17250,vip,silver,2025-05-05
CL-17251,regular,none,2025-02-24
CL-17252,vip,silver,2024-11-20
CL-17253,sleeping,silver,2024-02-05
CL-17254,new,none,2024-05-03
CL-17255,regular,none,2025-01-05
CL-17256,regular,silver,2025-06-16
CL-17257,regular,silver,2024-06-02
CL-17258,new,none,2024-11-13
CL-17259,new,none,2024-07-06
CL-17260,regular,none,2024-05-20
CL-17261,regular,none,2025-11-14
CL-17262,new,gold,2025-12-10
CL-17263,new,none,2026-01-18
CL-17264,regular,silver,2025-11-09
CL-17265,regular,silver,2024-11-02
CL-17266,regular,gold,2025-07-06
CL-17267,new,none,2024-08-03
CL-17268,new,silver,2025-03-13
CL-17269,regular,silver,2024-07-10
CL-17270,regular,none,2025-04-20
CL-17271,new,none,2024-11-16
CL-17272,regular,gold,2024-09-30
CL-17273,regular,silver,2024-03-06
CL-17274,regular,none,2024-07-18
CL-17275,new,silver,2024-11-30
CL-17276,regular,none,2025-03-25
CL-17277,sleeping,none,2025-09-27
CL-17278,regular,none,2025-07-16
CL-17279,new,none,2025-02-18
CL-17280,new,silver,2025-01-11
CL-17281,new,silver,2024-12-22
CL-17282,sleeping,none,2025-11-11
CL-17283,sleeping,silver,2025-09-28
CL-17284,new,silver,2024-10-22
CL-17285,sleeping,silver,2025-03-05
CL-17286,new,none,2024-10-13
CL-17287,regular,none,2025-03-06
CL-17288,regular,platinum,2024-11-19
CL-17289,regular,none,2025-10-08
CL-17290,regular,none,2025-06-19
CL-17291,regular,silver,2024-05-12
CL-17292,new,gold,2024-01-21
CL-17293,sleeping,gold,2025-12-30
CL-17294,new,none,2024-09-25
CL-17295,new,platinum,2024-04-24
CL-17296,sleeping,none,2025-07-18
CL-17297,regular,gold,2024-12-26
CL-17298,regular,none,2025-02-25
CL-17299,new,platinum,2025-04-28
CL-17300,new,gold,2024-08-23
CL-17301,new,gold,2025-03-07
CL-17302,regular,silver,2025-05-14
CL-17303,regular,none,2025-04-11
CL-17304,regular,silver,2025-11-15
CL-17305,vip,none,2024-10-24
CL-17306,sleeping,silver,2025-01-18
CL-17307,new,none,2025-07-24
CL-17308,sleeping,none,2025-07-15
CL-17309,vip,none,2026-01-27
CL-17310,sleeping,gold,2024-05-30
CL-17311,regular,silver,2025-11-30
CL-17312,new,silver,2024-12-25
CL-17313,new,none,2024-06-12
CL-17314,sleeping,none,2024-08-09
CL-17315,regular,silver,2024-09-24
CL-17316,sleeping,none,2026-01-24
CL-17317,regular,silver,2024-03-24
CL-17318,new,silver,2024-06-15
CL-17319,regular,platinum,2025-06-27
CL-17320,sleeping,none,2025-12-21
CL-17321,new,none,2024-03-01
CL-17322,regular,gold,2024-11-06
CL-17323,sleeping,gold,2024-11-06
CL-17324,new,silver,2025-01-13
CL-17325,new,none,2025-08-03
CL-17326,regular,silver,2025-02-02
CL-17327,vip,silver,2024-04-15
CL-17328,regular,none,2024-07-02
CL-17329,new,none,2025-07-15
CL-17330,new,silver,2024-06-30
CL-17331,regular,none,2025-01-12
CL-17332,new,gold,2024-10-12
CL-17333,new,none,2024-11-29
CL-17334,vip,platinum,2025-07-20
CL-17335,new,silver,2024-07-03
CL-17336,vip,platinum,2025-06-16
CL-17337,sleeping,gold,2025-08-01
CL-17338,regular,none,2026-01-28
CL-17339,regular,none,2024-12-09
CL-17340,new,none,2024-03-08
CL-17341,regular,silver,2025-05-22
CL-17342,regular,none,2025-07-31
CL-17343,new,silver,2024-01-24
CL-17344,regular,gold,2024-05-28
CL-17345,new,silver,2024-09-17
CL-17346,new,silver,2025-01-23
CL-17347,regular,gold,2025-01-26
CL-17348,regular,gold,2024-05-29
CL-17349,new,none,2024-05-31
CL-17350,new,none,2025-12-12
CL-17351,new,silver,2025-06-30
CL-17352,regular,none,2025-01-20
CL-17353,regular,silver,2024-09-08
CL-17354,new,platinum,2024-12-22
CL-17355,regular,silver,2026-01-03
CL-17356,sleeping,none,2024-08-21
CL-17357,regular,none,2024-09-08
CL-17358,regular,gold,2024-12-07
CL-17359,regular,none,2024-05-23
CL-17360,vip,none,2024-03-25
CL-17361,sleeping,silver,2025-11-09
CL-17362,new,silver,2025-06-03
CL-17363,new,none,2024-09-12
CL-17364,new,silver,2025-03-09
CL-17365,regular,silver,2025-01-12
CL-17366,new,none,2024-03-16
CL-17367,sleeping,silver,2025-07-27
CL-17368,new,silver,2024-03-18
CL-17369,regular,none,2025-03-08
CL-17370,new,platinum,2024-08-10
CL-17371,regular,none,2024-11-27
CL-17372,regular,silver,2024-12-25
CL-17373,regular,silver,2024-11-26
CL-17374,regular,silver,2024-06-18
CL-17375,regular,none,2024-03-04
CL-17376,regular,silver,2024-04-09
CL-17377,sleeping,platinum,2025-07-06
CL-17378,regular,silver,2024-03-14
CL-17379,regular,none,2025-01-19
CL-17380,regular,none,2024-08-19
CL-17381,sleeping,silver,2025-06-12
CL-17382,regular,none,2025-04-23
CL-17383,sleeping,gold,2024-05-19
CL-17384,vip,platinum,2025-05-30
CL-17385,new,platinum,2025-05-15
CL-17386,new,none,2024-08-02
CL-17387,regular,silver,2025-10-01
CL-17388,regular,none,2024-11-30
CL-17389,regular,none,2024-01-26
CL-17390,sleeping,silver,2025-04-22
CL-17391,regular,none,2024-12-08
CL-17392,new,none,2024-09-30
CL-17393,regular,gold,2024-12-08
CL-17394,new,gold,2026-01-13
CL-17395,regular,gold,2024-10-21
CL-17396,sleeping,none,2025-06-10
CL-17397,new,gold,2025-10-08
CL-17398,vip,none,2025-03-15
CL-17399,vip,none,2025-11-07
CL-17400,new,silver,2025-01-13
CL-17401,vip,silver,2024-06-20
CL-17402,regular,silver,2025-01-08
CL-17403,regular,gold,2024-04-03
CL-17404,new,none,2024-08-09
CL-17405,new,gold,2024-06-05
CL-17406,regular,none,2024-02-28
CL-17407,new,silver,2024-04-26
CL-17408,new,gold,2025-09-28
CL-17409,sleeping,silver,2025-10-14
CL-17410,regular,gold,2025-11-19
CL-17411,regular,silver,2024-01-19
CL-17412,sleeping,none,2026-01-10
CL-17413,new,silver,2024-09-17
CL-17414,new,silver,2024-11-03
CL-17415,regular,none,2024-05-17
CL-17416,regular,silver,2025-12-20
CL-17417,new,none,2026-01-28
CL-17418,regular,none,2025-06-17
CL-17419,new,platinum,2024-02-27
CL-17420,regular,platinum,2024-11-16
CL-17421,regular,silver,2024-07-30
CL-17422,regular,none,2025-11-29
CL-17423,new,none,2025-05-10
CL-17424,new,none,2026-01-06
CL-17425,sleeping,none,2025-09-26
CL-17426,sleeping,gold,2025-02-09
CL-17427,regular,silver,2024-08-02
CL-17428,new,silver,2025-08-15
CL-17429,regular,none,2025-06-13
CL-17430,new,gold,2025-08-13
CL-17431,new,none,2025-12-09
CL-17432,new,none,2025-04-07
CL-17433,new,none,2025-05-21
CL-17434,new,none,2024-11-17
CL-17435,new,silver,2025-01-08
CL-17436,vip,silver,2024-04-12
CL-17437,regular,silver,2024-05-25
CL-17438,regular,none,2026-01-28
CL-17439,new,platinum,2024-05-15
CL-17440,vip,silver,2024-02-24
CL-17441,new,gold,2025-08-29
CL-17442,new,none,2024-04-12
CL-17443,regular,platinum,2024-12-16
CL-17444,regular,silver,2024-10-11
CL-17445,vip,silver,2024-11-12
CL-17446,regular,none,2024-10-29
CL-17447,new,none,2024-01-28
CL-17448,new,gold,2024-07-22
CL-17449,regular,none,2025-05-02
CL-17450,new,silver,2024-02-29
CL-17451,new,silver,2024-07-20
CL-17452,new,gold,2025-11-14
CL-17453,sleeping,none,2025-05-12
CL-17454,new,gold,2025-01-25
CL-17455,new,none,2025-02-19
CL-17456,sleeping,gold,2026-01-07
CL-17457,regular,silver,2024-02-07
CL-17458,regular,none,2025-10-29
CL-17459,regular,none,2024-12-29
CL-17460,new,gold,2025-01-10
CL-17461,vip,silver,2024-06-23
CL-17462,new,none,2024-10-22
CL-17463,sleeping,none,2025-02-16
CL-17464,new,silver,2024-07-12
CL-17465,regular,none,2024-09-22
CL-17466,regular,none,2026-01-24
CL-17467,new,silver,2025-09-12
CL-17468,regular,none,2025-04-04
CL-17469,regular,none,2024-08-10
CL-17470,new,silver,2025-09-30
CL-17471,sleeping,silver,2025-10-14
CL-17472,new,silver,2026-01-18
CL-17473,regular,none,2025-05-22
CL-17474,regular,silver,2024-06-19
CL-17475,regular,none,2024-10-13
CL-17476,regular,silver,2025-12-03
CL-17477,regular,none,2024-03-19
CL-17478,regular,none,2025-08-26
CL-17479,regular,silver,2025-01-16
CL-17480,regular,none,2024-12-11
CL-17481,regular,platinum,2024-05-01
CL-17482,new,platinum,2025-12-22
CL-17483,new,none,2024-06-07
CL-17484,regular,silver,2025-03-24
CL-17485,sleeping,silver,2025-02-22
CL-17486,new,none,2024-10-26
CL-17487,regular,none,2024-04-20
CL-17488,new,platinum,2024-05-01
CL-17489,regular,none,2025-04-29
CL-17490,regular,silver,2025-07-07
CL-17491,regular,silver,2024-07-03
CL-17492,regular,none,2025-08-11
CL-17493,regular,silver,2025-06-03
CL-17494,new,gold,2024-06-06
CL-17495,regular,none,2024-10-18
CL-17496,new,none,2024-10-09
CL-17497,sleeping,none,2025-02-25
CL-17498,regular,gold,2024-02-11
CL-17499,new,silver,2025-12-24
CL-17500,new,silver,2025-02-27
CL-17501,regular,gold,2025-06-05
CL-17502,sleeping,platinum,2025-04-01
CL-17503,new,none,2024-10-30
CL-17504,regular,gold,2025-10-06
CL-17505,new,none,2024-09-03
CL-17506,regular,none,2024-01-20
CL-17507,regular,none,2025-03-02
CL-17508,new,none,2024-03-31
CL-17509,regular,gold,2025-09-15
CL-17510,new,silver,2024-01-24
CL-17511,vip,silver,2024-06-08
CL-17512,new,none,2025-12-18
CL-17513,regular,none,2024-07-18
CL-17514,new,platinum,2025-01-24
CL-17515,regular,gold,2025-10-26
CL-17516,new,silver,2024-07-05
CL-17517,regular,none,2024-08-16
CL-17518,new,none,2024-01-15
CL-17519,regular,platinum,2025-09-01
CL-17520,vip,none,2024-03-14
CL-17521,regular,none,2026-01-13
CL-17522,regular,silver,2025-07-01
CL-17523,regular,platinum,2024-08-26
CL-17524,regular,none,2024-12-31
CL-17525,vip,gold,2025-01-28
CL-17526,regular,none,2025-07-12
CL-17527,sleeping,silver,2024-10-08
CL-17528,vip,none,2024-07-20
CL-17529,regular,gold,2024-04-10
CL-17530,regular,silver,2024-11-30
CL-17531,regular,platinum,2024-12-31
CL-17532,regular,silver,2025-04-19
CL-17533,new,gold,2025-09-25
CL-17534,new,silver,2024-06-10
CL-17535,new,silver,2024-06-18
CL-17536,regular,none,2024-08-06
CL-17537,regular,gold,2024-05-04
CL-17538,new,silver,2024-04-17
CL-17539,regular,silver,2025-08-30
CL-17540,regular,silver,2025-06-24
CL-17541,sleeping,gold,2025-09-22
CL-17542,new,silver,2025-03-18
CL-17543,new,silver,2025-09-12
CL-17544,new,silver,2024-12-03
CL-17545,regular,silver,2025-10-31
CL-17546,new,silver,2025-03-07
CL-17547,new,gold,2024-01-26
CL-17548,regular,gold,2024-05-09
CL-17549,regular,silver,2025-01-27
CL-17550,new,none,2025-09-09
CL-17551,regular,none,2024-04-21
CL-17552,new,gold,2025-07-28
CL-17553,regular,gold,2025-11-06
CL-17554,regular,none,2024-05-18
CL-17555,new,platinum,2025-02-25
CL-17556,new,none,2025-11-04
CL-17557,sleeping,gold,2024-08-22
CL-17558,sleeping,platinum,2024-10-26
CL-17559,new,silver,2024-12-07
CL-17560,regular,platinum,2024-12-18
CL-17561,new,silver,2024-09-09
CL-17562,vip,none,2025-02-07
CL-17563,vip,gold,2024-07-24
CL-17564,regular,none,2025-08-25
CL-17565,regular,none,2025-06-02
CL-17566,regular,none,2024-05-04
CL-17567,new,silver,2025-10-08
CL-17568,regular,silver,2024-07-20
CL-17569,new,gold,2025-02-06
CL-17570,regular,gold,2025-12-12
CL-17571,regular,gold,2025-06-02
CL-17572,new,silver,2025-12-13
CL-17573,regular,gold,2025-04-03
CL-17574,regular,none,2025-09-06
CL-17575,regular,silver,2024-12-18
CL-17576,regular,none,2024-05-08
CL-17577,vip,none,2024-05-14
CL-17578,new,none,2025-03-28
CL-17579,regular,none,2024-04-19
CL-17580,regular,platinum,2024-12-04
CL-17581,new,silver,2024-12-18
CL-17582,sleeping,gold,2024-03-02
CL-17583,regular,silver,2025-10-05
CL-17584,new,silver,2024-02-27
CL-17585,new,none,2024-08-27
CL-17586,sleeping,platinum,2025-10-13
CL-17587,vip,none,2024-01-29
CL-17588,new,silver,2024-03-09
CL-17589,regular,platinum,2025-10-03
CL-17590,new,gold,2024-07-25
CL-17591,regular,gold,2025-11-23
CL-17592,regular,none,2024-04-24
CL-17593,new,silver,2024-05-04
CL-17594,regular,none,2025-03-13
CL-17595,sleeping,none,2025-12-25
CL-17596,new,none,2025-07-31
CL-17597,new,gold,2025-04-08
CL-17598,sleeping,platinum,2024-07-20
CL-17599,new,silver,2024-02-22
CL-17600,regular,gold,2025-08-17
CL-17601,regular,silver,2024-03-30
CL-17602,new,none,2024-05-12
CL-17603,new,silver,2024-12-01
CL-17604,new,none,2024-09-28
CL-17605,new,silver,2025-10-20
CL-17606,regular,gold,2024-07-03
CL-17607,vip,none,2025-05-10
CL-17608,new,none,2024-12-11
CL-17609,regular,none,2024-06-30
CL-17610,regular,silver,2026-01-15
CL-17611,new,none,2025-08-26
CL-17612,regular,silver,2025-07-13
CL-17613,new,none,2024-12-14
CL-17614,regular,gold,2024-06-05
CL-17615,new,gold,2025-05-06
CL-17616,regular,none,2026-01-04
CL-17617,sleeping,gold,2024-07-21
CL-17618,new,none,2025-06-01
CL-17619,sleeping,none,2025-10-14
CL-17620,new,silver,2024-12-11
CL-17621,new,none,2024-03-01
CL-17622,new,platinum,2025-11-27
CL-17623,vip,gold,2024-03-21
CL-17624,regular,gold,2025-08-02
CL-17625,sleeping,none,2024-12-29
CL-17626,regular,silver,2025-07-08
CL-17627,regular,silver,2025-06-20
CL-17628,sleeping,none,2024-06-01
CL-17629,sleeping,gold,2024-03-15
CL-17630,regular,gold,2024-04-07
CL-17631,regular,gold,2024-06-01
CL-17632,vip,platinum,2025-10-19
CL-17633,new,none,2024-03-07
CL-17634,sleeping,gold,2025-05-31
CL-17635,sleeping,platinum,2024-10-18
CL-17636,regular,silver,2025-09-13
CL-17637,new,none,2025-03-31
CL-17638,new,silver,2025-08-04
CL-17639,sleeping,none,2025-09-20
CL-17640,vip,none,2025-11-17
CL-17641,regular,gold,2025-09-01
CL-17642,sleeping,platinum,2024-10-12
CL-17643,regular,gold,2025-11-29
CL-17644,sleeping,none,2024-09-23
CL-17645,new,silver,2025-03-20
CL-17646,new,silver,2024-06-29
CL-17647,regular,silver,2025-09-09
CL-17648,new,silver,2024-03-21
CL-17649,regular,platinum,2025-12-31
CL-17650,regular,gold,2025-01-02
CL-17651,new,gold,2025-10-06
CL-17652,regular,none,2025-01-13
CL-17653,new,silver,2024-04-16
CL-17654,vip,silver,2024-03-27
CL-17655,new,silver,2025-11-02
CL-17656,regular,gold,2025-04-03
CL-17657,regular,none,2024-04-17
CL-17658,regular,none,2024-10-03
CL-17659,new,gold,2025-03-10
CL-17660,new,silver,2024-12-12
CL-17661,regular,silver,2024-02-26
CL-17662,new,gold,2025-01-22
CL-17663,new,silver,2024-05-12
CL-17664,regular,silver,2024-08-24
CL-17665,new,none,2025-05-21
CL-17666,new,silver,2025-06-04
CL-17667,new,silver,2024-03-01
CL-17668,regular,silver,2025-01-22
CL-17669,regular,silver,2024-07-13
CL-17670,regular,none,2024-12-01
CL-17671,regular,none,2025-09-03
CL-17672,regular,silver,2024-11-07
CL-17673,regular,silver,2025-03-21
CL-17674,new,none,2024-01-19
CL-17675,regular,gold,2025-01-09
CL-17676,new,none,2025-08-09
CL-17677,vip,silver,2025-05-08
CL-17678,regular,silver,2026-01-04
CL-17679,regular,silver,2025-08-19
CL-17680,regular,none,2024-04-09
CL-17681,sleeping,none,2024-02-16
CL-17682,regular,none,2024-08-07
CL-17683,regular,none,2025-09-09
CL-17684,sleeping,none,2025-10-05
CL-17685,regular,silver,2025-07-05
CL-17686,regular,silver,2025-06-22
CL-17687,new,none,2025-05-23
CL-17688,new,silver,2024-08-25
CL-17689,vip,none,2025-06-01
CL-17690,new,gold,2025-05-08
CL-17691,new,silver,2024-03-03
CL-17692,new,silver,2025-11-28
CL-17693,sleeping,none,2025-07-29
CL-17694,regular,silver,2024-06-15
CL-17695,regular,silver,2024-08-06
CL-17696,sleeping,platinum,2025-05-31
CL-17697,regular,none,2024-07-04
CL-17698,regular,silver,2025-09-09
CL-17699,regular,gold,2024-12-23
CL-17700,regular,silver,2024-03-13
CL-17701,regular,silver,2025-06-09
CL-17702,sleeping,gold,2025-12-11
CL-17703,new,none,2024-09-09
CL-17704,new,none,2025-12-30
CL-17705,vip,gold,2025-07-01
CL-17706,regular,none,2025-07-11
CL-17707,regular,gold,2024-09-30
CL-17708,new,none,2025-01-26
CL-17709,vip,none,2024-06-17
CL-17710,regular,none,2025-04-04
CL-17711,sleeping,gold,2025-10-15
CL-17712,regular,none,2025-05-07
CL-17713,sleeping,none,2025-10-26
CL-17714,regular,none,2024-04-27
CL-17715,regular,none,2025-04-06
CL-17716,regular,none,2024-08-12
CL-17717,regular,gold,2025-03-04
CL-17718,regular,silver,2024-03-17
CL-17719,new,none,2024-10-18
CL-17720,regular,none,2024-10-08
CL-17721,regular,none,2025-02-04
CL-17722,new,none,2025-07-20
CL-17723,regular,none,2025-03-12
CL-17724,new,gold,2025-11-03
CL-17725,new,none,2024-08-04
CL-17726,regular,silver,2024-10-09
CL-17727,new,silver,2024-12-24
CL-17728,sleeping,none,2025-04-13
CL-17729,sleeping,gold,2025-10-07
CL-17730,regular,silver,2025-03-28
CL-17731,regular,none,2025-12-29
CL-17732,new,gold,2024-12-25
CL-17733,regular,none,2025-02-06
CL-17734,new,none,2025-06-11
CL-17735,sleeping,silver,2024-04-21
CL-17736,sleeping,silver,2024-04-24
CL-17737,new,none,2024-09-10
CL-17738,regular,none,2024-02-26
CL-17739,regular,gold,2024-11-11
CL-17740,regular,silver,2024-09-21
CL-17741,new,silver,2025-04-14
CL-17742,regular,silver,2026-01-06
CL-17743,new,silver,2025-03-05
CL-17744,sleeping,silver,2025-12-25
CL-17745,regular,none,2025-04-04
CL-17746,regular,none,2025-04-26
CL-17747,sleeping,silver,2025-09-27
CL-17748,regular,silver,2025-03-15
CL-17749,regular,silver,2026-01-06
CL-17750,regular,silver,2025-04-26
CL-17751,regular,silver,2024-09-11
CL-17752,new,none,2024-11-22
CL-17753,sleeping,gold,2025-05-06
CL-17754,new,gold,2024-08-07
CL-17755,regular,gold,2025-07-11
CL-17756,regular,gold,2024-01-05
CL-17757,regular,gold,2025-07-08
CL-17758,sleeping,none,2024-01-15
CL-17759,new,silver,2024-05-04
CL-17760,new,silver,2026-01-08
CL-17761,regular,silver,2025-09-22
CL-17762,regular,gold,2025-07-19
CL-17763,sleeping,none,2025-12-06
CL-17764,regular,none,2025-06-08
CL-17765,new,none,2024-03-21
CL-17766,new,none,2025-10-03
CL-17767,regular,silver,2024-06-28
CL-17768,regular,none,2025-04-06
CL-17769,new,none,2025-11-08
CL-17770,regular,silver,2025-05-22
CL-17771,sleeping,silver,2024-01-29
CL-17772,regular,silver,2025-08-23
CL-17773,regular,none,2025-08-31
CL-17774,new,platinum,2024-04-05
CL-17775,vip,none,2025-12-16
CL-17776,new,silver,2024-05-22
CL-17777,regular,gold,2024-02-10
CL-17778,new,gold,2025-02-26
CL-17779,new,silver,2025-05-29
CL-17780,new,none,2024-03-14
CL-17781,new,gold,2024-04-28
CL-17782,sleeping,silver,2025-05-16
CL-17783,new,gold,2024-03-03
CL-17784,sleeping,none,2025-09-24
CL-17785,regular,gold,2024-07-26
CL-17786,new,gold,2025-09-28
CL-17787,regular,silver,2025-07-17
CL-17788,new,platinum,2024-09-02
CL-17789,vip,silver,2025-08-29
CL-17790,new,none,2024-06-03
CL-17791,vip,silver,2025-01-01
CL-17792,new,silver,2025-12-29
CL-17793,new,silver,2025-11-06
CL-17794,new,none,2025-11-24
CL-17795,regular,silver,2024-04-23
CL-17796,regular,none,2024-08-26
CL-17797,sleeping,gold,2024-02-27
CL-17798,regular,gold,2025-11-10
CL-17799,new,none,2025-08-19
CL-17800,regular,gold,2025-10-31
CL-17801,regular,none,2024-03-28
CL-17802,vip,silver,2024-09-13
CL-17803,regular,gold,2025-06-27
CL-17804,regular,none,2024-10-03
CL-17805,new,none,2024-08-10
CL-17806,sleeping,platinum,2025-12-09
CL-17807,new,none,2025-02-10
CL-17808,vip,none,2025-07-17
CL-17809,new,silver,2025-08-09
CL-17810,regular,none,2025-04-14
CL-17811,vip,none,2025-07-16
CL-17812,vip,gold,2025-12-25
CL-17813,regular,silver,2025-01-14
CL-17814,regular,none,2025-10-19
CL-17815,vip,silver,2024-02-20
CL-17816,regular,none,2024-02-26
CL-17817,regular,silver,2024-10-24
CL-17818,new,platinum,2025-01-14
CL-17819,regular,gold,2024-09-07
CL-17820,regular,silver,2025-11-11
CL-17821,regular,silver,2024-01-18
CL-17822,new,gold,2024-03-25
CL-17823,regular,silver,2025-04-23
CL-17824,vip,none,2024-02-24
CL-17825,regular,silver,2024-05-28
CL-17826,sleeping,none,2025-10-14
CL-17827,new,platinum,2025-09-12
CL-17828,regular,silver,2025-08-13
CL-17829,regular,none,2024-09-18
CL-17830,regular,none,2024-05-07
CL-17831,regular,gold,2024-08-29
CL-17832,new,none,2024-05-17
CL-17833,regular,gold,2024-06-30
CL-17834,new,gold,2025-09-24
CL-17835,regular,gold,2024-07-04
CL-17836,vip,none,2024-06-07
CL-17837,new,gold,2024-07-13
CL-17838,regular,none,2024-04-19
CL-17839,regular,platinum,2025-10-18
CL-17840,regular,none,2025-11-20
CL-17841,new,silver,2024-06-01
CL-17842,regular,silver,2025-09-03
CL-17843,regular,gold,2024-07-24
CL-17844,regular,none,2024-11-02
CL-17845,regular,none,2026-01-29
CL-17846,regular,gold,2025-04-20
CL-17847,sleeping,none,2025-09-06
CL-17848,new,none,2024-11-23
CL-17849,new,none,2025-04-17
CL-17850,regular,gold,2024-07-27
CL-17851,regular,silver,2025-07-12
CL-17852,regular,silver,2026-01-19
CL-17853,new,gold,2024-04-28
CL-17854,new,gold,2025-02-18
CL-17855,regular,silver,2024-07-23
CL-17856,new,none,2025-04-29
CL-17857,regular,silver,2024-12-12
CL-17858,regular,silver,2024-11-06
CL-17859,new,none,2024-10-22
CL-17860,regular,gold,2025-01-15
CL-17861,vip,none,2024-06-05
CL-17862,vip,silver,2024-08-06
CL-17863,new,silver,2024-02-23
CL-17864,regular,gold,2024-11-22
CL-17865,sleeping,none,2025-04-10
CL-17866,regular,none,2025-04-22
CL-17867,new,silver,2024-06-08
CL-17868,new,platinum,2025-09-09
CL-17869,regular,silver,2024-11-12
CL-17870,regular,none,2025-09-01
CL-17871,sleeping,platinum,2025-09-15
CL-17872,sleeping,silver,2024-01-09
CL-17873,new,none,2024-02-05
CL-17874,regular,none,2025-02-10
CL-17875,new,silver,2025-09-29
CL-17876,new,silver,2024-10-10
CL-17877,new,none,2025-04-08
CL-17878,sleeping,silver,2025-04-06
CL-17879,new,platinum,2025-08-02
CL-17880,regular,silver,2025-11-01
CL-17881,regular,silver,2025-03-08
CL-17882,new,none,2025-08-12
CL-17883,regular,none,2025-04-02
CL-17884,new,platinum,2024-09-08
CL-17885,regular,silver,2025-03-09
CL-17886,regular,none,2025-07-15
CL-17887,vip,silver,2025-11-11
CL-17888,regular,none,2024-03-18
CL-17889,vip,none,2024-09-11
CL-17890,regular,none,2024-04-07
CL-17891,new,gold,2024-05-10
CL-17892,regular,silver,2024-06-20
CL-17893,sleeping,silver,2025-11-16
CL-17894,new,silver,2024-10-30
CL-17895,new,gold,2025-11-29
CL-17896,sleeping,none,2025-01-23
CL-17897,sleeping,none,2024-01-15
CL-17898,new,gold,2024-10-29
CL-17899,regular,gold,2025-07-06
CL-17900,regular,none,2025-04-22
CL-17901,regular,none,2024-10-06
CL-17902,regular,silver,2024-04-04
CL-17903,sleeping,none,2025-07-29
CL-17904,new,silver,2025-01-31
CL-17905,regular,silver,2025-08-24
CL-17906,new,silver,2024-07-26
CL-17907,regular,silver,2024-04-29
CL-17908,regular,gold,2024-10-04
CL-17909,regular,gold,2024-06-30
CL-17910,sleeping,silver,2025-01-21
CL-17911,regular,silver,2025-01-15
CL-17912,regular,platinum,2024-04-10
CL-17913,new,silver,2024-12-21
CL-17914,sleeping,none,2024-10-22
CL-17915,regular,none,2025-01-29
CL-17916,regular,none,2025-08-01
CL-17917,regular,none,2024-12-12
CL-17918,regular,gold,2024-07-29
CL-17919,regular,none,2025-11-17
CL-17920,new,silver,2025-08-04
CL-17921,new,gold,2025-12-31
CL-17922,sleeping,none,2024-06-24
CL-17923,sleeping,silver,2025-04-12
CL-17924,regular,platinum,2025-07-27
CL-17925,sleeping,none,2025-11-09
CL-17926,regular,none,2024-05-27
CL-17927,regular,none,2024-07-10
CL-17928,sleeping,silver,2025-12-23
CL-17929,regular,silver,2025-03-06
CL-17930,regular,platinum,2024-04-26
CL-17931,regular,silver,2024-05-26
CL-17932,regular,silver,2026-01-29
CL-17933,new,gold,2025-11-14
CL-17934,sleeping,none,2024-06-23
CL-17935,new,gold,2025-02-23
CL-17936,regular,silver,2025-06-23
CL-17937,new,silver,2024-12-05
CL-17938,regular,silver,2024-08-19
CL-17939,regular,none,2025-06-16
CL-17940,regular,gold,2024-03-03
CL-17941,regular,silver,2024-06-06
CL-17942,new,gold,2024-01-19
CL-17943,new,gold,2025-11-07
CL-17944,new,silver,2024-04-21
CL-17945,regular,platinum,2025-10-22
CL-17946,vip,none,2024-11-06
CL-17947,new,none,2024-03-20
CL-17948,regular,none,2025-03-16
CL-17949,new,none,2024-08-29
CL-17950,sleeping,silver,2024-12-29
CL-17951,sleeping,none,2026-01-13
CL-17952,regular,silver,2025-04-24
CL-17953,new,platinum,2024-01-14
CL-17954,regular,gold,2024-03-13
CL-17955,sleeping,silver,2025-08-09
CL-17956,new,platinum,2025-05-29
CL-17957,regular,gold,2025-01-06
CL-17958,sleeping,gold,2025-08-19
CL-17959,regular,none,2024-06-19
CL-17960,regular,silver,2024-06-24
CL-17961,regular,none,2024-11-05
CL-17962,sleeping,none,2025-08-24
CL-17963,regular,none,2026-01-16
CL-17964,sleeping,silver,2024-07-09
CL-17965,regular,none,2025-04-14
CL-17966,regular,silver,2024-12-03
CL-17967,sleeping,silver,2025-10-31
CL-17968,regular,none,2025-09-04
CL-17969,new,none,2024-05-11
CL-17970,new,gold,2025-06-06
CL-17971,vip,gold,2024-01-14
CL-17972,regular,gold,2025-01-17
CL-17973,new,silver,2024-07-21
CL-17974,vip,none,2024-10-07
CL-17975,sleeping,none,2024-09-07
CL-17976,sleeping,silver,2025-03-04
CL-17977,regular,gold,2025-10-07
CL-17978,sleeping,none,2025-01-30
CL-17979,vip,none,2025-10-20
CL-17980,new,gold,2026-01-08
CL-17981,sleeping,silver,2024-06-18
CL-17982,regular,silver,2025-09-19
CL-17983,sleeping,gold,2024-06-14
CL-17984,regular,silver,2024-03-29
CL-17985,regular,gold,2024-06-07
CL-17986,new,none,2024-11-09
CL-17987,new,silver,2024-05-09
CL-17988,new,none,2025-03-22
CL-17989,regular,none,2025-03-29
CL-17990,vip,none,2025-06-20
CL-17991,new,none,2025-11-23
CL-17992,new,none,2024-05-14
CL-17993,regular,silver,2026-01-14
CL-17994,new,none,2025-09-23
CL-17995,new,none,2024-02-10
CL-17996,new,silver,2025-04-23
CL-17997,regular,none,2024-07-15
CL-17998,regular,none,2024-02-21
CL-17999,vip,platinum,2025-06-01
CL-18000,new,silver,2024-02-14
