order_id,order_date,region,channel,customer_type,category,subcategory,quantity,unit_price,discount_percent,revenue,cost,profit,profit_margin,delivery_days,rating
RM-00278,2026-01-01,Санкт-Петербург,Партнеры,Повторный,Электроника,Аксессуары,2,25535.3,15,43410.01,32291.26,11118.75,0.2561,3,5.0
RM-00380,2026-01-01,Москва,Онлайн,Повторный,Электроника,Аксессуары,3,27689.11,25,62300.5,41398.18,20902.31,0.3355,3,4.9
RM-01198,2026-01-01,Ростов-на-Дону,Онлайн,Повторный,Электроника,Аксессуары,1,28165.8,5,26757.51,17040.27,9717.24,0.3632,6,4.4
RM-00014,2026-01-02,Самара,Онлайн,Новый,Электроника,Смартфоны,2,26549.6,20,42479.36,26123.07,16356.29,0.385,7,4.4
RM-00053,2026-01-02,Самара,Онлайн,Повторный,Дом и кухня,Посуда,3,8456.2,10,22831.74,15530.02,7301.72,0.3198,3,4.7
RM-00097,2026-01-02,Москва,Онлайн,Повторный,Дом и кухня,Техника для дома,4,3298.34,0,13193.36,9567.54,3625.82,0.2748,2,5.0
RM-00264,2026-01-02,Новосибирск,Магазин,Новый,Электроника,Аксессуары,3,22652.19,15,57763.08,35506.97,22256.11,0.3853,6,3.8
RM-00328,2026-01-02,Екатеринбург,Магазин,Повторный,Красота,Уход,4,2845.05,10,10242.18,7575.48,2666.7,0.2604,7,3.4
RM-00488,2026-01-02,Ростов-на-Дону,Магазин,Повторный,Одежда,Спортивная,2,4477.96,15,7612.53,5570.53,2042.0,0.2682,7,3.2
RM-00586,2026-01-02,Казань,Партнеры,Корпоративный,Одежда,Повседневная,7,3799.71,0,26597.97,19693.79,6904.18,0.2596,3,5.0
RM-00690,2026-01-02,Новосибирск,Онлайн,Повторный,Дом и кухня,Посуда,5,5845.24,15,24842.27,19274.21,5568.06,0.2241,5,4.7
RM-00744,2026-01-02,Нижний Новгород,Магазин,Повторный,Канцтовары,Бумага,1,813.18,0,813.18,1262.24,-449.06,-0.5522,3,4.7
RM-00795,2026-01-02,Москва,Магазин,Корпоративный,Одежда,Спортивная,8,4860.49,5,36939.72,25614.86,11324.87,0.3066,2,5.0
RM-01123,2026-01-02,Санкт-Петербург,Магазин,Повторный,Спорт,Фитнес,5,4770.44,20,19081.76,12942.23,6139.53,0.3217,3,3.9
RM-01178,2026-01-02,Казань,Онлайн,Повторный,Канцтовары,Письменные принадлежности,4,850.88,10,3063.17,2532.5,530.66,0.1732,4,4.3
RM-00497,2026-01-03,Москва,Онлайн,Новый,Электроника,Аксессуары,3,32718.48,5,93247.67,58190.22,35057.45,0.376,4,4.4
RM-00571,2026-01-03,Новосибирск,Онлайн,Корпоративный,Дом и кухня,Техника для дома,8,4781.96,15,32517.33,25200.35,7316.97,0.225,6,3.1
RM-00626,2026-01-03,Новосибирск,Онлайн,Повторный,Спорт,Фитнес,5,3264.55,0,16322.75,11046.05,5276.7,0.3233,4,4.4
RM-00090,2026-01-04,Москва,Партнеры,Повторный,Канцтовары,Бумага,4,461.7,0,1846.8,1766.07,80.73,0.0437,5,4.3
RM-00185,2026-01-04,Казань,Онлайн,Повторный,Электроника,Аксессуары,2,36420.46,5,69198.87,43590.1,25608.78,0.3701,5,3.2
RM-00260,2026-01-04,Санкт-Петербург,Онлайн,Новый,Дом и кухня,Техника для дома,3,6938.82,20,16653.17,11083.66,5569.51,0.3344,3,4.5
RM-00360,2026-01-04,Москва,Онлайн,Повторный,Одежда,Спортивная,4,4580.4,0,18321.6,12576.6,5745.0,0.3136,1,5.0
RM-00427,2026-01-04,Москва,Онлайн,Корпоративный,Электроника,Смартфоны,6,25688.33,20,123303.98,73604.93,49699.06,0.4031,5,4.4
RM-00948,2026-01-04,Екатеринбург,Магазин,Новый,Канцтовары,Бумага,3,889.52,5,2535.13,2544.71,-9.58,-0.0038,5,3.8
RM-01120,2026-01-04,Москва,Магазин,Повторный,Дом и кухня,Посуда,2,6166.82,10,11100.28,8676.51,2423.77,0.2184,5,4.2
RM-01134,2026-01-04,Екатеринбург,Магазин,Новый,Канцтовары,Бумага,2,582.47,0,1164.94,1457.28,-292.34,-0.251,4,4.1
RM-00224,2026-01-05,Санкт-Петербург,Онлайн,Повторный,Электроника,Смартфоны,7,13515.59,0,94609.13,62615.38,31993.75,0.3382,6,4.0
RM-00747,2026-01-05,Новосибирск,Онлайн,Повторный,Одежда,Спортивная,6,4019.12,5,22908.98,17070.39,5838.6,0.2549,6,3.5
RM-00810,2026-01-05,Нижний Новгород,Онлайн,Новый,Одежда,Повседневная,2,3336.5,15,5672.05,4146.7,1525.35,0.2689,3,4.7
RM-01159,2026-01-05,Нижний Новгород,Онлайн,Новый,Электроника,Аксессуары,3,29152.71,10,78712.32,57456.18,21256.14,0.27,6,3.9
RM-00104,2026-01-06,Екатеринбург,Онлайн,Повторный,Спорт,Туризм,1,7935.19,25,5951.39,4442.75,1508.64,0.2535,7,3.9
RM-00290,2026-01-06,Новосибирск,Магазин,Новый,Электроника,Смартфоны,5,15538.9,0,77694.5,54558.58,23135.92,0.2978,5,4.3
RM-00338,2026-01-06,Екатеринбург,Онлайн,Новый,Красота,Уход,5,2721.08,20,10884.32,8777.67,2106.65,0.1935,3,4.5
RM-00573,2026-01-06,Новосибирск,Магазин,Новый,Красота,Уход,3,1719.36,0,5158.08,4553.28,604.8,0.1173,4,4.3
RM-00577,2026-01-06,Санкт-Петербург,Онлайн,Новый,Дом и кухня,Техника для дома,1,6506.99,5,6181.64,4411.03,1770.61,0.2864,5,4.5
RM-00138,2026-01-07,Санкт-Петербург,Магазин,Новый,Красота,Уход,5,2810.32,15,11943.86,8732.24,3211.62,0.2689,6,4.1
RM-00243,2026-01-07,Казань,Онлайн,Корпоративный,Красота,Уход,7,2519.32,0,17635.24,12181.29,5453.95,0.3093,2,5.0
RM-00279,2026-01-07,Нижний Новгород,Онлайн,Новый,Спорт,Фитнес,2,7417.53,5,14093.31,10091.63,4001.68,0.2839,5,3.4
RM-00383,2026-01-07,Самара,Магазин,Новый,Электроника,Аксессуары,3,22997.92,20,55195.01,39373.31,15821.7,0.2867,6,3.5
RM-00422,2026-01-07,Казань,Партнеры,Новый,Электроника,Аксессуары,3,29603.41,0,88810.23,59531.97,29278.26,0.3297,6,3.8
RM-00507,2026-01-07,Нижний Новгород,Партнеры,Повторный,Дом и кухня,Техника для дома,5,5009.77,10,22543.97,16878.99,5664.97,0.2513,4,4.5
RM-01151,2026-01-07,Ростов-на-Дону,Онлайн,Повторный,Красота,Уход,4,4444.19,10,15999.08,10858.62,5140.46,0.3213,4,4.5
RM-00265,2026-01-08,Самара,Онлайн,Повторный,Дом и кухня,Техника для дома,8,6232.31,15,42379.71,26723.85,15655.86,0.3694,4,5.0
RM-00283,2026-01-08,Нижний Новгород,Онлайн,Новый,Одежда,Повседневная,2,2922.74,5,5553.21,4182.53,1370.67,0.2468,2,5.0
RM-00699,2026-01-08,Санкт-Петербург,Магазин,Повторный,Электроника,Аксессуары,5,24654.1,10,110943.45,68231.45,42712.0,0.385,5,3.9
RM-00853,2026-01-08,Казань,Магазин,Повторный,Красота,Уход,5,2253.19,5,10702.65,8192.51,2510.15,0.2345,2,5.0
RM-00867,2026-01-08,Санкт-Петербург,Онлайн,Повторный,Дом и кухня,Посуда,5,5975.53,10,26889.88,19113.8,7776.08,0.2892,2,4.9
RM-00899,2026-01-08,Ростов-на-Дону,Онлайн,Повторный,Одежда,Спортивная,3,3501.49,10,9454.02,6400.61,3053.41,0.323,7,4.3
RM-00112,2026-01-09,Ростов-на-Дону,Магазин,Повторный,Одежда,Спортивная,2,4887.83,20,7820.53,5363.59,2456.94,0.3142,6,4.0
RM-00145,2026-01-09,Москва,Магазин,Повторный,Канцтовары,Бумага,2,899.36,5,1708.78,1559.74,149.04,0.0872,5,4.2
RM-00321,2026-01-09,Москва,Магазин,Повторный,Электроника,Аксессуары,2,26818.36,25,40227.54,29673.29,10554.25,0.2624,5,4.0
RM-00423,2026-01-09,Екатеринбург,Онлайн,Корпоративный,Дом и кухня,Посуда,6,3898.65,25,17543.93,12604.12,4939.81,0.2816,7,3.2
RM-00470,2026-01-09,Екатеринбург,Магазин,Повторный,Канцтовары,Бумага,3,629.54,5,1794.19,1811.71,-17.52,-0.0098,4,3.7
RM-00486,2026-01-09,Ростов-на-Дону,Магазин,Повторный,Спорт,Фитнес,6,6695.79,25,30131.06,22528.98,7602.08,0.2523,7,4.1
RM-00848,2026-01-09,Нижний Новгород,Онлайн,Новый,Одежда,Повседневная,1,4656.86,0,4656.86,3559.47,1097.39,0.2356,3,4.9
RM-00976,2026-01-09,Нижний Новгород,Магазин,Новый,Дом и кухня,Посуда,2,4775.49,20,7640.78,5196.88,2443.91,0.3199,4,4.6
RM-01012,2026-01-09,Нижний Новгород,Магазин,Повторный,Одежда,Повседневная,2,5492.94,10,9887.29,7693.16,2194.13,0.2219,4,4.4
RM-01125,2026-01-09,Екатеринбург,Онлайн,Новый,Одежда,Спортивная,2,3102.5,5,5894.75,4817.86,1076.89,0.1827,3,4.2
RM-00063,2026-01-10,Санкт-Петербург,Партнеры,Повторный,Одежда,Повседневная,4,3099.1,25,9297.3,7136.79,2160.51,0.2324,4,4.0
RM-00496,2026-01-10,Казань,Магазин,Новый,Электроника,Смартфоны,3,23026.6,5,65625.81,45834.85,19790.96,0.3016,6,4.2
RM-00656,2026-01-10,Санкт-Петербург,Онлайн,Повторный,Электроника,Смартфоны,4,25524.64,10,91888.7,67341.2,24547.5,0.2671,3,4.9
RM-01101,2026-01-10,Екатеринбург,Онлайн,Новый,Одежда,Спортивная,4,3626.96,5,13782.45,9265.36,4517.09,0.3277,3,4.2
RM-00082,2026-01-11,Санкт-Петербург,Магазин,Новый,Спорт,Туризм,4,6412.11,5,24366.02,16631.04,7734.98,0.3174,6,4.3
RM-00361,2026-01-11,Москва,Партнеры,Повторный,Дом и кухня,Техника для дома,3,2839.39,5,8092.26,5974.1,2118.16,0.2618,5,4.6
RM-00390,2026-01-11,Самара,Онлайн,Повторный,Канцтовары,Письменные принадлежности,4,772.17,0,3088.68,2932.5,156.18,0.0506,6,3.9
RM-00485,2026-01-11,Новосибирск,Онлайн,Повторный,Дом и кухня,Техника для дома,2,6702.39,20,10723.82,7076.33,3647.49,0.3401,7,2.9
RM-00602,2026-01-11,Москва,Онлайн,Повторный,Канцтовары,Письменные принадлежности,3,710.35,15,1811.39,1772.75,38.64,0.0213,3,4.2
RM-01031,2026-01-11,Нижний Новгород,Магазин,Новый,Одежда,Спортивная,3,4343.58,10,11727.67,7457.94,4269.73,0.3641,6,3.3
RM-01079,2026-01-11,Самара,Онлайн,Корпоративный,Канцтовары,Бумага,8,1452.81,5,11041.36,8940.98,2100.37,0.1902,7,3.8
RM-00121,2026-01-12,Санкт-Петербург,Магазин,Новый,Канцтовары,Бумага,2,878.25,15,1493.02,1450.76,42.27,0.0283,5,5.0
RM-00147,2026-01-12,Москва,Онлайн,Новый,Дом и кухня,Техника для дома,2,3680.6,5,6993.14,5023.84,1969.3,0.2816,5,4.6
RM-00221,2026-01-12,Ростов-на-Дону,Магазин,Новый,Дом и кухня,Посуда,2,6490.0,15,11033.0,7933.33,3099.67,0.2809,5,4.4
RM-00617,2026-01-12,Казань,Магазин,Корпоративный,Красота,Парфюмерия,8,3187.43,10,22949.5,14689.24,8260.25,0.3599,4,4.6
RM-00843,2026-01-12,Нижний Новгород,Онлайн,Новый,Красота,Парфюмерия,2,2156.54,5,4097.43,3397.12,700.31,0.1709,4,5.0
RM-00966,2026-01-12,Самара,Онлайн,Повторный,Электроника,Смартфоны,3,21644.18,5,61685.91,38232.4,23453.51,0.3802,3,4.3
RM-01074,2026-01-12,Екатеринбург,Магазин,Повторный,Дом и кухня,Посуда,3,5185.83,20,12445.99,8320.32,4125.67,0.3315,7,3.2
RM-00196,2026-01-13,Екатеринбург,Партнеры,Новый,Канцтовары,Письменные принадлежности,2,966.35,15,1642.8,1735.34,-92.55,-0.0563,5,4.1
RM-00377,2026-01-13,Ростов-на-Дону,Онлайн,Повторный,Одежда,Повседневная,2,4401.42,10,7922.56,5527.53,2395.03,0.3023,6,4.0
RM-00430,2026-01-13,Нижний Новгород,Партнеры,Повторный,Электроника,Аксессуары,5,25562.09,10,115029.4,78602.5,36426.91,0.3167,5,4.6
RM-00472,2026-01-13,Нижний Новгород,Онлайн,Повторный,Одежда,Повседневная,2,4073.18,25,6109.77,4718.94,1390.83,0.2276,6,4.1
RM-00558,2026-01-13,Самара,Онлайн,Новый,Одежда,Повседневная,3,3988.59,5,11367.48,9142.66,2224.82,0.1957,4,3.8
RM-00664,2026-01-13,Москва,Магазин,Повторный,Красота,Парфюмерия,3,2497.01,10,6741.93,5502.57,1239.35,0.1838,3,4.7
RM-01098,2026-01-13,Ростов-на-Дону,Онлайн,Новый,Красота,Уход,6,2279.15,10,12307.41,8379.11,3928.3,0.3192,6,3.6
RM-01117,2026-01-13,Казань,Партнеры,Новый,Красота,Парфюмерия,4,2823.55,10,10164.78,6645.19,3519.59,0.3463,3,5.0
RM-00051,2026-01-14,Самара,Партнеры,Корпоративный,Электроника,Смартфоны,8,22015.86,10,158514.19,101219.19,57295.0,0.3615,3,4.2
RM-00059,2026-01-14,Москва,Онлайн,Повторный,Спорт,Фитнес,5,11261.82,5,53493.64,37512.3,15981.35,0.2988,2,4.9
RM-00662,2026-01-14,Ростов-на-Дону,Онлайн,Новый,Канцтовары,Письменные принадлежности,1,931.3,5,884.73,1175.98,-291.24,-0.3292,5,4.4
RM-01160,2026-01-14,Новосибирск,Магазин,Новый,Одежда,Спортивная,6,4424.43,5,25219.25,19726.22,5493.03,0.2178,5,4.0
RM-00341,2026-01-15,Ростов-на-Дону,Онлайн,Новый,Дом и кухня,Техника для дома,3,3707.73,0,11123.19,8272.5,2850.69,0.2563,6,4.0
RM-00365,2026-01-15,Новосибирск,Онлайн,Повторный,Электроника,Смартфоны,3,20007.43,10,54020.06,41431.71,12588.36,0.233,4,4.6
RM-00612,2026-01-15,Самара,Онлайн,Новый,Одежда,Повседневная,2,3481.43,20,5570.29,4422.01,1148.27,0.2061,4,5.0
RM-00901,2026-01-15,Самара,Магазин,Корпоративный,Электроника,Аксессуары,10,15105.66,0,151056.6,96031.28,55025.32,0.3643,4,4.8
RM-01025,2026-01-15,Санкт-Петербург,Онлайн,Повторный,Красота,Уход,4,3552.94,10,12790.58,9455.21,3335.37,0.2608,4,4.7
RM-01034,2026-01-15,Казань,Партнеры,Новый,Красота,Парфюмерия,3,3130.66,15,7983.18,5782.4,2200.78,0.2757,4,4.1
RM-01177,2026-01-15,Казань,Онлайн,Корпоративный,Красота,Парфюмерия,9,4379.14,25,29559.2,22807.59,6751.61,0.2284,2,5.0
RM-00407,2026-01-16,Нижний Новгород,Онлайн,Повторный,Одежда,Повседневная,3,3638.01,10,9822.63,7460.68,2361.95,0.2405,5,3.9
RM-00802,2026-01-16,Казань,Магазин,Новый,Спорт,Туризм,3,8750.48,15,22313.72,15810.77,6502.95,0.2914,6,3.7
RM-01163,2026-01-16,Москва,Магазин,Новый,Канцтовары,Письменные принадлежности,5,1056.44,0,5282.2,3662.64,1619.56,0.3066,3,5.0
RM-00028,2026-01-17,Москва,Онлайн,Корпоративный,Дом и кухня,Техника для дома,7,5393.74,15,32092.75,21946.2,10146.55,0.3162,3,5.0
RM-00141,2026-01-17,Новосибирск,Онлайн,Новый,Дом и кухня,Посуда,2,6284.93,10,11312.87,7964.92,3347.95,0.2959,7,4.5
RM-00458,2026-01-17,Новосибирск,Онлайн,Новый,Спорт,Фитнес,4,5137.72,5,19523.34,12236.16,7287.18,0.3733,6,4.5
RM-00468,2026-01-17,Екатеринбург,Магазин,Корпоративный,Канцтовары,Бумага,7,749.51,0,5246.57,3929.38,1317.19,0.2511,3,4.8
RM-00579,2026-01-17,Санкт-Петербург,Партнеры,Повторный,Одежда,Спортивная,3,4476.58,15,11415.28,8800.8,2614.48,0.229,6,4.5
RM-00598,2026-01-17,Москва,Онлайн,Повторный,Одежда,Повседневная,4,2702.81,20,8648.99,6411.18,2237.81,0.2587,5,4.2
RM-00740,2026-01-17,Москва,Магазин,Новый,Спорт,Туризм,5,3873.87,10,17432.42,13136.71,4295.71,0.2464,1,5.0
RM-00775,2026-01-17,Санкт-Петербург,Онлайн,Корпоративный,Спорт,Фитнес,4,6276.72,15,21340.85,16371.28,4969.57,0.2329,2,5.0
RM-00417,2026-01-18,Екатеринбург,Магазин,Повторный,Дом и кухня,Посуда,2,3369.15,10,6064.47,4924.64,1139.83,0.188,3,4.9
RM-01169,2026-01-18,Самара,Онлайн,Повторный,Электроника,Смартфоны,5,26360.95,15,112034.04,84272.55,27761.49,0.2478,3,4.8
RM-01171,2026-01-18,Казань,Магазин,Повторный,Одежда,Спортивная,2,5142.99,15,8743.08,6922.55,1820.53,0.2082,2,4.3
RM-01185,2026-01-18,Санкт-Петербург,Онлайн,Повторный,Дом и кухня,Посуда,3,3351.2,10,9048.24,5940.65,3107.59,0.3434,5,4.9
RM-00047,2026-01-19,Екатеринбург,Магазин,Повторный,Красота,Парфюмерия,7,3849.87,5,25601.64,17977.12,7624.51,0.2978,7,4.1
RM-00176,2026-01-19,Санкт-Петербург,Онлайн,Новый,Дом и кухня,Техника для дома,2,5570.12,10,10026.22,6897.99,3128.23,0.312,6,4.2
RM-00315,2026-01-19,Нижний Новгород,Онлайн,Повторный,Красота,Уход,4,3032.05,5,11521.79,8461.08,3060.71,0.2656,5,4.3
RM-00372,2026-01-19,Санкт-Петербург,Онлайн,Корпоративный,Красота,Парфюмерия,8,2319.69,0,18557.52,14406.12,4151.4,0.2237,6,3.4
RM-00436,2026-01-19,Москва,Магазин,Повторный,Одежда,Спортивная,63,3033.68,5,181565.75,131082.02,50483.73,0.278,1,5.0
RM-00442,2026-01-19,Екатеринбург,Онлайн,Новый,Красота,Парфюмерия,4,1920.33,0,7681.32,5135.51,2545.81,0.3314,7,2.9
RM-00538,2026-01-19,Казань,Онлайн,Новый,Дом и кухня,Техника для дома,6,6449.57,20,30957.94,21969.52,8988.41,0.2903,3,4.8
RM-00851,2026-01-19,Санкт-Петербург,Партнеры,Корпоративный,Канцтовары,Письменные принадлежности,8,992.05,15,6745.94,5112.75,1633.19,0.2421,2,4.8
RM-00857,2026-01-19,Нижний Новгород,Партнеры,Повторный,Одежда,Повседневная,2,4710.51,15,8007.87,5828.23,2179.63,0.2722,6,3.9
RM-00882,2026-01-19,Ростов-на-Дону,Партнеры,Новый,Спорт,Фитнес,8,7035.13,25,42210.78,31727.6,10483.18,0.2484,7,3.9
RM-01007,2026-01-19,Москва,Магазин,Повторный,Спорт,Фитнес,5,8445.71,10,38005.7,27329.2,10676.5,0.2809,4,4.0
RM-00309,2026-01-20,Екатеринбург,Магазин,Корпоративный,Спорт,Фитнес,6,9093.91,10,49107.11,32260.29,16846.82,0.3431,6,3.8
RM-00411,2026-01-20,Москва,Магазин,Повторный,Электроника,Аксессуары,3,26019.08,10,70251.52,51646.11,18605.41,0.2648,2,5.0
RM-00445,2026-01-20,Ростов-на-Дону,Онлайн,Новый,Одежда,Повседневная,4,4088.41,0,16353.64,12020.81,4332.83,0.2649,7,2.7
RM-00776,2026-01-20,Москва,Магазин,Корпоративный,Канцтовары,Бумага,6,1032.76,25,4647.42,3584.58,1062.84,0.2287,3,5.0
RM-00782,2026-01-20,Самара,Магазин,Новый,Красота,Парфюмерия,2,3262.89,15,5546.91,4071.61,1475.3,0.266,5,3.7
RM-01082,2026-01-20,Москва,Магазин,Новый,Спорт,Туризм,4,6550.24,10,23580.86,14416.62,9164.25,0.3886,2,4.2
RM-01093,2026-01-20,Самара,Магазин,Повторный,Одежда,Спортивная,5,6125.13,15,26031.8,18068.04,7963.76,0.3059,4,5.0
RM-01182,2026-01-20,Екатеринбург,Онлайн,Повторный,Дом и кухня,Техника для дома,4,8260.38,15,28085.29,21138.16,6947.13,0.2474,4,3.8
RM-00039,2026-01-21,Москва,Магазин,Корпоративный,Дом и кухня,Техника для дома,6,5757.41,0,34544.46,21717.39,12827.07,0.3713,2,5.0
RM-00052,2026-01-21,Новосибирск,Онлайн,Повторный,Спорт,Фитнес,4,5017.48,5,19066.42,13872.73,5193.69,0.2724,6,4.0
RM-00055,2026-01-21,Москва,Магазин,Новый,Красота,Уход,3,1800.64,10,4861.73,3834.32,1027.41,0.2113,1,5.0
RM-00117,2026-01-21,Санкт-Петербург,Магазин,Новый,Канцтовары,Письменные принадлежности,7,1060.38,10,6680.39,4739.61,1940.79,0.2905,2,5.0
RM-00342,2026-01-21,Казань,Партнеры,Новый,Дом и кухня,Техника для дома,24,3092.7,5,70513.56,52694.86,17818.7,0.2527,3,4.3
RM-00395,2026-01-21,Москва,Магазин,Новый,Канцтовары,Письменные принадлежности,2,797.9,10,1436.22,1401.34,34.88,0.0243,4,4.7
RM-00684,2026-01-21,Самара,Партнеры,Повторный,Канцтовары,Письменные принадлежности,4,867.6,10,3123.36,2712.85,410.51,0.1314,3,4.7
RM-00762,2026-01-21,Нижний Новгород,Магазин,Новый,Красота,Уход,3,2785.89,0,8357.67,5708.05,2649.62,0.317,3,5.0
RM-00804,2026-01-21,Санкт-Петербург,Магазин,Повторный,Электроника,Смартфоны,1,40294.08,15,34249.97,20294.87,13955.1,0.4074,3,4.7
RM-00926,2026-01-21,Самара,Магазин,Повторный,Спорт,Фитнес,1,4909.99,0,4909.99,3872.68,1037.31,0.2113,4,4.8
RM-01136,2026-01-21,Санкт-Петербург,Магазин,Повторный,Спорт,Фитнес,5,5313.51,15,22582.42,13761.87,8820.55,0.3906,4,4.2
RM-00193,2026-01-22,Самара,Партнеры,Повторный,Канцтовары,Письменные принадлежности,2,966.91,0,1933.82,2106.86,-173.04,-0.0895,4,4.3
RM-00600,2026-01-22,Ростов-на-Дону,Онлайн,Новый,Канцтовары,Бумага,5,854.88,10,3846.96,3447.32,399.64,0.1039,7,4.1
RM-00778,2026-01-22,Санкт-Петербург,Онлайн,Корпоративный,Электроника,Смартфоны,6,23512.98,25,105808.41,67345.53,38462.88,0.3635,6,4.1
RM-00072,2026-01-23,Ростов-на-Дону,Магазин,Новый,Красота,Парфюмерия,1,4689.08,0,4689.08,3422.3,1266.78,0.2702,7,4.1
RM-00286,2026-01-23,Екатеринбург,Онлайн,Новый,Дом и кухня,Техника для дома,1,5276.19,0,5276.19,4207.92,1068.27,0.2025,4,4.7
RM-01099,2026-01-23,Санкт-Петербург,Онлайн,Повторный,Дом и кухня,Посуда,3,4107.13,10,11089.25,8508.59,2580.66,0.2327,5,4.1
RM-00397,2026-01-24,Екатеринбург,Партнеры,Повторный,Одежда,Повседневная,5,3512.81,10,15807.64,9951.44,5856.2,0.3705,6,4.3
RM-00416,2026-01-24,Новосибирск,Магазин,Повторный,Красота,Уход,3,2137.26,0,6411.78,4600.7,1811.08,0.2825,7,3.1
RM-00849,2026-01-24,Ростов-на-Дону,Онлайн,Повторный,Одежда,Спортивная,5,5263.71,10,23686.7,16221.3,7465.39,0.3152,3,3.6
RM-00954,2026-01-24,Санкт-Петербург,Онлайн,Новый,Канцтовары,Бумага,4,498.1,5,1892.78,1751.29,141.49,0.0748,3,5.0
RM-00041,2026-01-25,Нижний Новгород,Онлайн,Новый,Красота,Уход,5,3521.68,5,16727.98,11835.49,4892.49,0.2925,2,4.6
RM-00550,2026-01-25,Новосибирск,Партнеры,Новый,Дом и кухня,Техника для дома,2,7499.6,25,11249.4,8083.59,3165.81,0.2814,6,3.7
RM-00708,2026-01-25,Москва,Магазин,Новый,Электроника,Смартфоны,4,12853.5,0,51414.0,31185.21,20228.79,0.3934,2,5.0
RM-01023,2026-01-25,Москва,Онлайн,Повторный,Дом и кухня,Техника для дома,1,6444.88,30,4511.42,3586.16,925.26,0.2051,2,5.0
RM-00064,2026-01-26,Нижний Новгород,Онлайн,Новый,Канцтовары,Письменные принадлежности,3,673.36,10,1818.07,1780.02,38.05,0.0209,5,3.9
RM-00172,2026-01-26,Санкт-Петербург,Онлайн,Повторный,Одежда,Повседневная,6,3140.89,0,18845.34,12436.34,6409.0,0.3401,5,4.1
RM-00450,2026-01-26,Москва,Партнеры,Новый,Канцтовары,Письменные принадлежности,5,1267.36,10,5703.12,4658.89,1044.23,0.1831,5,3.5
RM-00562,2026-01-26,Москва,Онлайн,Повторный,Дом и кухня,Техника для дома,2,5341.17,0,10682.34,7000.44,3681.9,0.3447,2,4.7
RM-00583,2026-01-26,Казань,Магазин,Новый,Канцтовары,Бумага,2,516.29,0,1032.58,1277.87,-245.29,-0.2376,3,4.7
RM-00846,2026-01-26,Москва,Магазин,Повторный,Красота,Уход,2,2602.29,10,4684.12,3175.51,1508.61,0.3221,3,4.7
RM-01046,2026-01-26,Санкт-Петербург,Онлайн,Новый,Электроника,Смартфоны,5,22150.87,15,94141.2,70350.49,23790.71,0.2527,6,4.0
RM-01153,2026-01-26,Казань,Онлайн,Повторный,Красота,Уход,4,4836.42,10,17411.11,11159.24,6251.87,0.3591,5,4.1
RM-00045,2026-01-27,Ростов-на-Дону,Онлайн,Повторный,Спорт,Туризм,4,4528.0,15,15395.2,9754.97,5640.23,0.3664,5,4.3
RM-00163,2026-01-27,Нижний Новгород,Партнеры,Повторный,Электроника,Аксессуары,5,22055.66,10,99250.47,61478.18,37772.29,0.3806,4,4.2
RM-00208,2026-01-27,Самара,Магазин,Повторный,Дом и кухня,Посуда,2,5356.56,10,9641.81,6395.55,3246.26,0.3367,4,4.4
RM-00255,2026-01-27,Москва,Магазин,Повторный,Дом и кухня,Посуда,1,5991.35,0,5991.35,4362.21,1629.14,0.2719,3,4.1
RM-00316,2026-01-27,Новосибирск,Магазин,Повторный,Электроника,Смартфоны,2,29767.23,0,59534.46,42943.08,16591.38,0.2787,6,3.2
RM-00368,2026-01-27,Екатеринбург,Магазин,Новый,Электроника,Смартфоны,3,22699.39,20,54478.54,33955.18,20523.36,0.3767,3,5.0
RM-00428,2026-01-27,Екатеринбург,Магазин,Корпоративный,Электроника,Аксессуары,10,14289.35,20,114314.8,77756.33,36558.47,0.3198,7,3.9
RM-00711,2026-01-27,Казань,Онлайн,Повторный,Одежда,Спортивная,1,3907.64,0,3907.64,3178.74,728.9,0.1865,3,5.0
RM-00743,2026-01-27,Новосибирск,Онлайн,Повторный,Одежда,Спортивная,4,3946.33,5,14996.05,11536.09,3459.96,0.2307,7,4.8
RM-00798,2026-01-27,Санкт-Петербург,Онлайн,Новый,Дом и кухня,Техника для дома,6,4507.91,15,22990.34,13971.91,9018.43,0.3923,4,4.9
RM-00906,2026-01-27,Казань,Онлайн,Корпоративный,Одежда,Спортивная,9,5105.67,5,43653.48,26119.9,17533.58,0.4017,2,4.8
RM-01158,2026-01-27,Казань,Онлайн,Новый,Дом и кухня,Техника для дома,1,4855.22,15,4126.94,3143.38,983.55,0.2383,2,5.0
RM-00107,2026-01-28,Новосибирск,Онлайн,Повторный,Спорт,Туризм,1,5052.74,20,4042.19,3065.61,976.58,0.2416,4,4.7
RM-00275,2026-01-28,Москва,Онлайн,Новый,Спорт,Туризм,5,4785.57,15,20338.67,12974.62,7364.06,0.3621,4,4.4
RM-00394,2026-01-28,Екатеринбург,Магазин,Повторный,Дом и кухня,Посуда,2,8089.95,25,12134.92,8836.19,3298.74,0.2718,4,4.9
RM-00476,2026-01-28,Ростов-на-Дону,Магазин,Корпоративный,Спорт,Фитнес,10,8716.92,15,74093.82,45718.2,28375.62,0.383,7,4.1
RM-00502,2026-01-28,Москва,Онлайн,Повторный,Одежда,Повседневная,3,5027.46,10,13574.14,10411.56,3162.58,0.233,1,5.0
RM-00630,2026-01-28,Москва,Онлайн,Новый,Спорт,Фитнес,2,6270.28,0,12540.56,9228.41,3312.15,0.2641,1,5.0
RM-00745,2026-01-28,Самара,Онлайн,Новый,Дом и кухня,Техника для дома,2,6482.49,15,11020.23,7304.92,3715.31,0.3371,6,5.0
RM-00754,2026-01-28,Москва,Онлайн,Повторный,Дом и кухня,Посуда,3,4940.71,15,12598.81,9920.38,2678.43,0.2126,4,5.0
RM-00908,2026-01-28,Екатеринбург,Магазин,Новый,Одежда,Повседневная,3,3976.07,10,10735.39,7026.99,3708.4,0.3454,7,4.1
RM-00930,2026-01-28,Екатеринбург,Онлайн,Повторный,Дом и кухня,Техника для дома,2,6264.26,10,11275.67,8422.97,2852.69,0.253,5,4.7
RM-01154,2026-01-28,Новосибирск,Магазин,Повторный,Одежда,Спортивная,4,2861.72,20,9157.5,7376.48,1781.02,0.1945,7,3.8
RM-00060,2026-01-29,Новосибирск,Онлайн,Новый,Одежда,Повседневная,4,2609.65,30,7307.02,5544.82,1762.2,0.2412,4,5.0
RM-00062,2026-01-29,Санкт-Петербург,Онлайн,Повторный,Одежда,Спортивная,3,4153.88,25,9346.23,6090.59,3255.64,0.3483,5,3.8
RM-00080,2026-01-29,Москва,Магазин,Новый,Одежда,Спортивная,3,2861.12,20,6866.69,5576.64,1290.05,0.1879,4,4.4
RM-00200,2026-01-29,Москва,Онлайн,Повторный,Электроника,Смартфоны,2,19429.48,25,29144.22,17859.75,11284.47,0.3872,1,5.0
RM-00384,2026-01-29,Нижний Новгород,Онлайн,Новый,Спорт,Туризм,2,11627.77,20,18604.43,14514.04,4090.39,0.2199,3,5.0
RM-00404,2026-01-29,Ростов-на-Дону,Магазин,Повторный,Электроника,Смартфоны,2,12558.7,5,23861.53,17017.82,6843.71,0.2868,4,4.4
RM-00508,2026-01-29,Санкт-Петербург,Онлайн,Новый,Канцтовары,Письменные принадлежности,3,1291.96,10,3488.29,2955.04,533.25,0.1529,3,5.0
RM-00793,2026-01-29,Санкт-Петербург,Онлайн,Новый,Электроника,Смартфоны,1,14522.58,0,14522.58,10326.68,4195.9,0.2889,2,4.2
RM-00824,2026-01-29,Новосибирск,Партнеры,Новый,Дом и кухня,Техника для дома,3,5076.72,20,12184.13,9822.38,2361.74,0.1938,3,4.2
RM-00203,2026-01-30,Екатеринбург,Онлайн,Новый,Одежда,Повседневная,1,2320.94,5,2204.89,2133.2,71.69,0.0325,4,4.6
RM-00493,2026-01-30,Казань,Онлайн,Новый,Спорт,Туризм,4,6105.4,10,21979.44,16702.36,5277.08,0.2401,5,4.2
RM-00674,2026-01-30,Ростов-на-Дону,Магазин,Новый,Одежда,Повседневная,3,5142.47,20,12341.93,8201.14,4140.79,0.3355,6,4.5
RM-00716,2026-01-30,Санкт-Петербург,Магазин,Повторный,Электроника,Смартфоны,4,19844.66,10,71440.78,48983.95,22456.83,0.3143,2,4.0
RM-00961,2026-01-30,Ростов-на-Дону,Онлайн,Повторный,Одежда,Повседневная,4,4383.41,25,13150.23,8644.07,4506.16,0.3427,7,3.8
RM-01036,2026-01-30,Санкт-Петербург,Онлайн,Повторный,Спорт,Фитнес,4,3172.91,15,10787.89,8406.89,2381.0,0.2207,5,4.1
RM-00216,2026-01-31,Екатеринбург,Онлайн,Новый,Одежда,Спортивная,5,3089.74,0,15448.7,12156.08,3292.62,0.2131,7,3.6
RM-00424,2026-01-31,Москва,Онлайн,Повторный,Спорт,Туризм,2,6943.01,10,12497.42,9140.56,3356.86,0.2686,2,5.0
RM-00847,2026-01-31,Ростов-на-Дону,Онлайн,Повторный,Канцтовары,Письменные принадлежности,4,930.86,5,3537.27,2892.86,644.41,0.1822,5,3.9
RM-00025,2026-02-01,Ростов-на-Дону,Онлайн,Повторный,Канцтовары,Бумага,4,799.09,5,3036.54,2819.65,216.9,0.0714,3,4.2
RM-00201,2026-02-01,Санкт-Петербург,Магазин,Новый,Красота,Уход,2,2941.37,5,5588.6,4243.55,1345.06,0.2407,5,4.3
RM-00284,2026-02-01,Ростов-на-Дону,Магазин,Повторный,Дом и кухня,Техника для дома,3,5085.96,5,14494.99,9293.97,5201.01,0.3588,7,3.8
RM-00770,2026-02-01,Новосибирск,Магазин,Новый,Дом и кухня,Техника для дома,6,4325.13,15,22058.16,16182.88,5875.28,0.2664,6,3.4
RM-01164,2026-02-01,Санкт-Петербург,Магазин,Новый,Спорт,Фитнес,1,5133.7,15,4363.64,3570.67,792.98,0.1817,3,4.4
RM-00071,2026-02-02,Москва,Онлайн,Новый,Дом и кухня,Техника для дома,3,4831.94,15,12321.45,8633.02,3688.43,0.2994,3,4.7
RM-00231,2026-02-02,Ростов-на-Дону,Партнеры,Новый,Одежда,Повседневная,2,2195.52,5,4171.49,3526.15,645.33,0.1547,6,4.0
RM-00526,2026-02-02,Москва,Магазин,Повторный,Спорт,Фитнес,2,7838.15,25,11757.22,8408.86,3348.36,0.2848,2,4.4
RM-00691,2026-02-02,Новосибирск,Партнеры,Новый,Канцтовары,Письменные принадлежности,3,1406.62,5,4008.87,3110.5,898.37,0.2241,5,3.9
RM-00753,2026-02-02,Санкт-Петербург,Онлайн,Повторный,Дом и кухня,Техника для дома,3,3809.76,5,10857.82,8651.66,2206.16,0.2032,2,5.0
RM-00885,2026-02-02,Санкт-Петербург,Онлайн,Повторный,Красота,Парфюмерия,4,5319.67,10,19150.81,12876.72,6274.09,0.3276,4,4.1
RM-00057,2026-02-03,Москва,Онлайн,Новый,Одежда,Спортивная,2,5681.6,5,10795.04,7040.12,3754.92,0.3478,5,4.4
RM-00148,2026-02-03,Санкт-Петербург,Магазин,Корпоративный,Спорт,Фитнес,7,4037.73,20,22611.29,15484.82,7126.46,0.3152,4,3.5
RM-00378,2026-02-03,Нижний Новгород,Онлайн,Новый,Электроника,Смартфоны,4,17598.03,0,70392.12,50474.8,19917.32,0.2829,6,3.6
RM-00654,2026-02-03,Новосибирск,Онлайн,Повторный,Электроника,Смартфоны,4,20467.67,5,77777.15,50686.45,27090.7,0.3483,5,4.7
RM-00960,2026-02-03,Ростов-на-Дону,Онлайн,Повторный,Красота,Парфюмерия,3,4519.89,10,12203.7,8476.71,3726.99,0.3054,6,4.3
RM-00992,2026-02-03,Москва,Магазин,Повторный,Красота,Парфюмерия,3,3173.53,5,9044.56,5684.9,3359.66,0.3715,1,5.0
RM-01092,2026-02-03,Нижний Новгород,Магазин,Новый,Красота,Парфюмерия,3,2184.77,25,4915.73,3669.44,1246.29,0.2535,6,4.1
RM-01111,2026-02-03,Самара,Онлайн,Повторный,Красота,Парфюмерия,9,3022.9,10,24485.49,15387.58,9097.91,0.3716,7,3.7
RM-01131,2026-02-03,Москва,Магазин,Повторный,Дом и кухня,Техника для дома,3,4472.23,15,11404.19,8827.96,2576.22,0.2259,2,4.9
RM-00037,2026-02-04,Москва,Партнеры,Новый,Спорт,Туризм,4,7127.87,20,22809.18,16011.91,6797.28,0.298,2,5.0
RM-00465,2026-02-04,Санкт-Петербург,Онлайн,Повторный,Электроника,Аксессуары,2,22371.14,10,40268.05,27917.38,12350.67,0.3067,6,3.3
RM-00655,2026-02-04,Москва,Магазин,Новый,Спорт,Фитнес,3,4874.07,10,13159.99,8529.51,4630.48,0.3519,4,4.2
RM-00707,2026-02-04,Казань,Магазин,Корпоративный,Одежда,Повседневная,6,3924.32,10,21191.33,13358.89,7832.44,0.3696,4,4.9
RM-00769,2026-02-04,Нижний Новгород,Онлайн,Повторный,Одежда,Спортивная,3,4058.96,20,9741.5,7627.66,2113.85,0.217,6,4.5
RM-00887,2026-02-04,Екатеринбург,Магазин,Корпоративный,Спорт,Фитнес,5,5781.37,15,24570.82,16716.38,7854.44,0.3197,5,4.2
RM-01015,2026-02-04,Санкт-Петербург,Онлайн,Новый,Электроника,Смартфоны,2,15580.4,20,24928.64,17184.69,7743.95,0.3106,4,3.9
RM-00048,2026-02-05,Москва,Онлайн,Повторный,Красота,Уход,3,4315.26,0,12945.78,9060.26,3885.52,0.3001,1,5.0
RM-00115,2026-02-05,Санкт-Петербург,Магазин,Повторный,Дом и кухня,Техника для дома,3,3884.45,5,11070.68,7999.49,3071.2,0.2774,3,3.9
RM-00233,2026-02-05,Ростов-на-Дону,Онлайн,Новый,Электроника,Смартфоны,2,23685.12,5,45001.73,34518.36,10483.36,0.233,6,4.4
RM-00289,2026-02-05,Екатеринбург,Онлайн,Корпоративный,Красота,Уход,7,2593.25,5,17245.11,12200.05,5045.06,0.2926,7,3.8
RM-00355,2026-02-05,Екатеринбург,Магазин,Повторный,Красота,Парфюмерия,2,1858.9,15,3160.13,2864.61,295.52,0.0935,7,4.2
RM-00484,2026-02-05,Самара,Онлайн,Новый,Красота,Уход,6,4161.54,5,23720.78,16487.43,7233.35,0.3049,6,3.4
RM-00982,2026-02-05,Москва,Онлайн,Новый,Спорт,Туризм,2,6987.71,15,11879.11,9105.78,2773.32,0.2335,2,4.6
RM-00106,2026-02-06,Новосибирск,Партнеры,Корпоративный,Одежда,Повседневная,7,3758.01,20,21044.86,13142.01,7902.85,0.3755,7,4.4
RM-00153,2026-02-06,Екатеринбург,Онлайн,Новый,Одежда,Повседневная,6,5786.59,15,29511.61,22625.59,6886.02,0.2333,6,4.0
RM-00211,2026-02-06,Екатеринбург,Онлайн,Повторный,Одежда,Спортивная,2,4001.51,0,8003.02,5907.0,2096.02,0.2619,7,3.7
RM-00308,2026-02-06,Нижний Новгород,Магазин,Повторный,Одежда,Спортивная,2,3371.65,0,6743.3,5382.66,1360.64,0.2018,6,3.2
RM-00389,2026-02-06,Екатеринбург,Магазин,Повторный,Спорт,Фитнес,3,3735.94,20,8966.26,7300.77,1665.49,0.1858,4,4.1
RM-00393,2026-02-06,Казань,Магазин,Повторный,Одежда,Повседневная,4,6578.26,5,24997.39,17738.22,7259.17,0.2904,4,4.1
RM-00408,2026-02-06,Москва,Партнеры,Новый,Электроника,Аксессуары,2,24223.27,10,43601.89,30140.55,13461.34,0.3087,1,5.0
RM-00441,2026-02-06,Самара,Магазин,Повторный,Одежда,Повседневная,3,3440.47,5,9805.34,7818.52,1986.82,0.2026,5,4.4
RM-00452,2026-02-06,Москва,Онлайн,Новый,Дом и кухня,Посуда,3,4119.23,5,11739.81,7843.48,3896.32,0.3319,-1,5.0
RM-00490,2026-02-06,Москва,Магазин,Повторный,Канцтовары,Письменные принадлежности,4,890.8,0,3563.2,2818.1,745.1,0.2091,1,5.0
RM-00529,2026-02-06,Москва,Магазин,Повторный,Спорт,Фитнес,3,4691.98,10,12668.35,8129.45,4538.9,0.3583,3,4.3
RM-00821,2026-02-06,Нижний Новгород,Магазин,Повторный,Красота,Уход,2,4460.62,0,8921.24,6121.69,2799.55,0.3138,2,5.0
RM-00950,2026-02-06,Ростов-на-Дону,Онлайн,Новый,Дом и кухня,Посуда,5,5435.25,15,23099.81,14716.48,8383.34,0.3629,5,5.0
RM-00984,2026-02-06,Санкт-Петербург,Магазин,Повторный,Дом и кухня,Посуда,1,3616.03,5,3435.23,2737.51,697.72,0.2031,5,4.7
RM-01039,2026-02-06,Москва,Онлайн,Новый,Канцтовары,Бумага,3,748.84,0,2246.52,2014.91,231.61,0.1031,3,5.0
RM-01112,2026-02-06,Москва,Онлайн,Новый,Красота,Парфюмерия,6,3541.65,5,20187.4,15747.17,4440.23,0.22,3,5.0
RM-00728,2026-02-07,Нижний Новгород,Магазин,Повторный,Красота,Парфюмерия,5,3801.92,0,19009.6,12585.88,6423.72,0.3379,2,5.0
RM-00792,2026-02-07,Нижний Новгород,Магазин,Новый,Дом и кухня,Техника для дома,5,6860.61,0,34303.05,26006.07,8296.98,0.2419,2,5.0
RM-01077,2026-02-07,Москва,Онлайн,Повторный,Спорт,Фитнес,2,4366.5,20,6986.4,5379.59,1606.81,0.23,1,4.9
RM-01090,2026-02-07,Екатеринбург,Магазин,Новый,Дом и кухня,Техника для дома,2,6877.12,10,12378.82,9751.36,2627.45,0.2123,6,4.4
RM-00101,2026-02-08,Новосибирск,Партнеры,Повторный,Канцтовары,Письменные принадлежности,2,1075.69,5,2043.81,2195.34,-151.53,-0.0741,3,5.0
RM-00137,2026-02-08,Москва,Магазин,Корпоративный,Спорт,Фитнес,8,3246.25,20,20776.0,15126.61,5649.39,0.2719,2,4.8
RM-00334,2026-02-08,Казань,Магазин,Новый,Дом и кухня,Техника для дома,3,3869.66,15,9867.63,8084.25,1783.38,0.1807,4,4.5
RM-00592,2026-02-08,Санкт-Петербург,Онлайн,Корпоративный,Одежда,Спортивная,9,2932.31,0,26390.79,16014.31,10376.48,0.3932,3,5.0
RM-00735,2026-02-08,Казань,Онлайн,Новый,Красота,Парфюмерия,2,2339.1,0,4678.2,3499.1,1179.1,0.252,2,5.0
RM-00884,2026-02-08,Екатеринбург,Магазин,Новый,Красота,Парфюмерия,3,2666.54,15,6799.68,4765.36,2034.32,0.2992,4,5.0
RM-00287,2026-02-09,Екатеринбург,Онлайн,Повторный,Одежда,Повседневная,3,4175.31,5,11899.63,7857.66,4041.97,0.3397,4,5.0
RM-00313,2026-02-09,Ростов-на-Дону,Магазин,Новый,Одежда,Спортивная,2,4593.84,15,7809.53,6035.6,1773.92,0.2271,6,3.5
RM-00499,2026-02-09,Казань,Партнеры,Новый,Канцтовары,Бумага,2,911.33,15,1549.26,1816.33,-267.07,-0.1724,2,4.8
RM-00552,2026-02-09,Москва,Онлайн,Новый,Спорт,Туризм,6,7922.18,15,40403.12,30861.81,9541.31,0.2362,5,4.8
RM-00675,2026-02-09,Екатеринбург,Онлайн,Повторный,Дом и кухня,Техника для дома,2,8187.25,15,13918.32,9320.71,4597.62,0.3303,4,4.6
RM-00732,2026-02-09,Москва,Онлайн,Новый,Спорт,Фитнес,4,9170.5,10,33013.8,21770.34,11243.46,0.3406,3,4.1
RM-00439,2026-02-10,Ростов-на-Дону,Онлайн,Повторный,Красота,Уход,3,2257.07,15,5755.53,4998.69,756.84,0.1315,6,4.0
RM-00611,2026-02-10,Москва,Магазин,Повторный,Канцтовары,Бумага,1,854.2,5,811.49,908.16,-96.67,-0.1191,4,4.5
RM-00820,2026-02-10,Москва,Магазин,Повторный,Дом и кухня,Посуда,3,3856.38,15,9833.77,6412.8,3420.97,0.3479,3,4.4
RM-01195,2026-02-10,Москва,Магазин,Новый,Красота,Уход,4,4119.93,5,15655.73,10393.1,5262.64,0.3361,1,5.0
RM-00021,2026-02-11,Новосибирск,Магазин,Повторный,Электроника,Смартфоны,2,22254.19,20,35606.7,27264.6,8342.11,0.2343,6,4.0
RM-00186,2026-02-11,Нижний Новгород,Магазин,Новый,Одежда,Спортивная,3,2893.34,0,8680.02,6422.63,2257.39,0.2601,5,4.4
RM-00918,2026-02-11,Санкт-Петербург,Магазин,Новый,Канцтовары,Письменные принадлежности,5,659.2,5,3131.2,2597.35,533.85,0.1705,2,4.8
RM-00127,2026-02-12,Санкт-Петербург,Магазин,Повторный,Одежда,Повседневная,2,4688.83,0,9377.66,7504.5,1873.16,0.1997,4,3.9
RM-00748,2026-02-12,Самара,Магазин,Новый,Дом и кухня,Техника для дома,6,8151.71,0,48910.26,32854.07,16056.19,0.3283,5,3.8
RM-00805,2026-02-12,Нижний Новгород,Онлайн,Новый,Электроника,Аксессуары,2,25736.77,10,46326.19,28637.27,17688.91,0.3818,2,5.0
RM-00900,2026-02-12,Москва,Партнеры,Новый,Спорт,Фитнес,4,4601.45,10,16565.22,10211.76,6353.46,0.3835,4,4.6
RM-00946,2026-02-12,Санкт-Петербург,Онлайн,Новый,Красота,Уход,3,2135.72,0,6407.16,4973.64,1433.52,0.2237,3,5.0
RM-01103,2026-02-12,Самара,Магазин,Корпоративный,Дом и кухня,Посуда,7,6208.07,5,41283.67,29153.49,12130.17,0.2938,5,4.3
RM-01156,2026-02-12,Нижний Новгород,Онлайн,Новый,Электроника,Смартфоны,3,22023.21,15,56159.19,40467.09,15692.1,0.2794,2,5.0
RM-00475,2026-02-13,Москва,Магазин,Новый,Электроника,Смартфоны,1,26857.69,20,21486.15,13729.02,7757.13,0.361,1,5.0
RM-00547,2026-02-13,Москва,Онлайн,Корпоративный,Дом и кухня,Техника для дома,13,5812.98,0,75568.74,48625.29,26943.45,0.3565,1,5.0
RM-00603,2026-02-13,Новосибирск,Партнеры,Новый,Электроника,Смартфоны,2,19809.34,10,35656.81,21494.25,14162.57,0.3972,5,3.6
RM-00635,2026-02-13,Москва,Онлайн,Повторный,Канцтовары,Бумага,3,1308.58,15,3336.88,2431.8,905.08,0.2712,3,5.0
RM-00774,2026-02-13,Самара,Онлайн,Новый,Одежда,Спортивная,3,4746.06,10,12814.36,8476.01,4338.35,0.3386,5,3.4
RM-00861,2026-02-13,Новосибирск,Онлайн,Повторный,Электроника,Смартфоны,5,28272.6,15,120158.55,77514.55,42644.0,0.3549,3,3.7
RM-01006,2026-02-13,Самара,Магазин,Новый,Электроника,Смартфоны,3,33983.3,5,96852.4,72401.9,24450.51,0.2525,6,4.5
RM-01091,2026-02-13,Казань,Онлайн,Повторный,Красота,Парфюмерия,3,1952.88,20,4686.91,3804.59,882.32,0.1883,2,5.0
RM-00019,2026-02-14,Екатеринбург,Магазин,Новый,Спорт,Фитнес,4,8182.34,15,27819.96,19548.42,8271.53,0.2973,3,5.0
RM-00585,2026-02-14,Москва,Магазин,Повторный,Дом и кухня,Техника для дома,6,4428.8,0,26572.8,19610.74,6962.06,0.262,2,5.0
RM-00589,2026-02-14,Москва,Онлайн,Повторный,Канцтовары,Письменные принадлежности,2,1248.49,5,2372.13,1877.34,494.79,0.2086,3,4.6
RM-00696,2026-02-14,Казань,Онлайн,Корпоративный,Дом и кухня,Техника для дома,9,8017.73,0,72159.57,49168.22,22991.35,0.3186,4,4.6
RM-00998,2026-02-14,Москва,Онлайн,Повторный,Дом и кухня,Посуда,3,4981.85,15,12703.72,8622.84,4080.88,0.3212,5,4.0
RM-01149,2026-02-14,Москва,Магазин,Повторный,Одежда,Повседневная,3,4203.3,20,10087.92,7754.69,2333.23,0.2313,3,4.8
RM-01170,2026-02-14,Санкт-Петербург,Онлайн,Новый,Дом и кухня,Техника для дома,5,3311.48,15,14073.79,8679.35,5394.44,0.3833,2,4.5
RM-00398,2026-02-15,Екатеринбург,Онлайн,Повторный,Одежда,Повседневная,2,2915.41,25,4373.12,3940.06,433.06,0.099,7,4.0
RM-00040,2026-02-16,Казань,Онлайн,Корпоративный,Электроника,Аксессуары,5,25174.01,5,119576.55,70333.94,49242.61,0.4118,2,4.5
RM-00070,2026-02-16,Нижний Новгород,Партнеры,Новый,Одежда,Повседневная,3,5581.26,10,15069.4,11228.87,3840.53,0.2549,2,5.0
RM-00076,2026-02-16,Санкт-Петербург,Онлайн,Новый,Спорт,Туризм,4,6127.06,20,19606.59,14039.93,5566.66,0.2839,6,4.1
RM-00171,2026-02-16,Нижний Новгород,Онлайн,Новый,Одежда,Спортивная,4,3596.88,15,12229.39,9364.77,2864.63,0.2342,2,4.5
RM-00267,2026-02-16,Санкт-Петербург,Онлайн,Повторный,Красота,Парфюмерия,3,3864.05,5,11012.54,8466.44,2546.1,0.2312,6,3.8
RM-00323,2026-02-16,Новосибирск,Онлайн,Новый,Одежда,Спортивная,4,4812.57,20,15400.22,10964.47,4435.75,0.288,3,5.0
RM-00330,2026-02-16,Казань,Магазин,Повторный,Дом и кухня,Посуда,4,5152.13,20,16486.82,12981.59,3505.23,0.2126,6,4.0
RM-00895,2026-02-16,Казань,Онлайн,Новый,Канцтовары,Бумага,2,711.81,5,1352.44,1554.17,-201.74,-0.1492,2,5.0
RM-01075,2026-02-16,Екатеринбург,Магазин,Новый,Дом и кухня,Посуда,3,4735.45,15,12075.4,9465.44,2609.96,0.2161,5,3.5
RM-00447,2026-02-17,Ростов-на-Дону,Онлайн,Новый,Электроника,Аксессуары,2,17336.24,5,32938.86,21723.55,11215.3,0.3405,7,3.4
RM-00807,2026-02-17,Екатеринбург,Онлайн,Повторный,Электроника,Смартфоны,4,23247.9,15,79042.86,51777.97,27264.89,0.3449,5,4.0
RM-00182,2026-02-18,Новосибирск,Онлайн,Повторный,Одежда,Повседневная,5,3150.11,0,15750.55,11205.25,4545.3,0.2886,7,3.8
RM-00325,2026-02-18,Москва,Онлайн,Повторный,Канцтовары,Бумага,3,1473.05,10,3977.23,2771.38,1205.85,0.3032,3,4.2
RM-00347,2026-02-18,Новосибирск,Онлайн,Новый,Канцтовары,Письменные принадлежности,4,1149.58,0,4598.32,3579.69,1018.63,0.2215,4,4.3
RM-00457,2026-02-18,Москва,Магазин,Новый,Дом и кухня,Посуда,3,4960.4,15,12649.02,9552.08,3096.94,0.2448,1,5.0
RM-00825,2026-02-18,Самара,Магазин,Повторный,Канцтовары,Письменные принадлежности,4,759.97,15,2583.9,2538.81,45.09,0.0175,4,5.0
RM-01021,2026-02-18,Казань,Онлайн,Повторный,Электроника,Смартфоны,5,15958.47,10,71813.11,54834.77,16978.34,0.2364,4,4.6
RM-01094,2026-02-18,Нижний Новгород,Онлайн,Новый,Электроника,Аксессуары,1,19554.6,0,19554.6,13273.95,6280.65,0.3212,3,4.9
RM-00011,2026-02-19,Казань,Онлайн,Повторный,Красота,Парфюмерия,3,2858.88,15,7290.14,6004.94,1285.21,0.1763,5,4.1
RM-00135,2026-02-19,Самара,Магазин,Новый,Спорт,Туризм,1,9815.34,5,9324.57,6857.16,2467.41,0.2646,6,3.6
RM-00235,2026-02-19,Москва,Партнеры,Повторный,Электроника,Аксессуары,3,14908.9,0,44726.7,28759.78,15966.92,0.357,5,3.7
RM-00324,2026-02-19,Ростов-на-Дону,Онлайн,Повторный,Электроника,Аксессуары,4,19564.03,25,58692.09,42968.08,15724.01,0.2679,7,4.1
RM-00409,2026-02-19,Новосибирск,Магазин,Повторный,Канцтовары,Письменные принадлежности,2,983.58,25,1475.37,1694.73,-219.36,-0.1487,5,4.1
RM-00471,2026-02-19,Новосибирск,Онлайн,Новый,Спорт,Фитнес,3,7236.0,10,19537.2,12539.48,6997.72,0.3582,3,5.0
RM-00551,2026-02-19,Новосибирск,Онлайн,Новый,Канцтовары,Письменные принадлежности,2,529.69,15,900.47,1249.18,-348.7,-0.3872,6,4.3
RM-00955,2026-02-19,Санкт-Петербург,Онлайн,Повторный,Одежда,Повседневная,2,4700.57,10,8461.03,5356.23,3104.8,0.367,2,5.0
RM-01128,2026-02-19,Москва,Онлайн,Корпоративный,Электроника,Смартфоны,11,19886.05,5,207809.22,148719.41,59089.81,0.2843,2,5.0
RM-00578,2026-02-20,Ростов-на-Дону,Онлайн,Повторный,Дом и кухня,Техника для дома,1,3100.42,30,2170.29,2051.9,118.39,0.0546,5,4.6
RM-00818,2026-02-20,Москва,Онлайн,Новый,Дом и кухня,Техника для дома,2,6313.01,0,12626.02,9348.86,3277.16,0.2596,3,5.0
RM-01174,2026-02-20,москва,Магазин,Повторный,Канцтовары,Бумага,3,643.47,5,1833.89,1595.66,238.23,0.1299,4,4.3
RM-01199,2026-02-20,Нижний Новгород,Онлайн,Повторный,Дом и кухня,Посуда,4,5695.67,10,20504.41,14925.5,5578.91,0.2721,6,4.2
RM-00353,2026-02-21,Москва,Онлайн,Повторный,Дом и кухня,Посуда,2,4191.5,25,6287.25,4941.58,1345.67,0.214,2,5.0
RM-00609,2026-02-21,Новосибирск,Онлайн,Корпоративный,Канцтовары,Бумага,9,764.9,20,5507.28,3983.99,1523.29,0.2766,3,4.8
RM-00828,2026-02-21,Санкт-Петербург,Партнеры,Повторный,Канцтовары,Письменные принадлежности,2,1102.28,5,2094.33,1668.65,425.68,0.2033,5,4.2
RM-00564,2026-02-22,Самара,Магазин,Повторный,Дом и кухня,Техника для дома,4,7621.55,10,27437.58,16590.14,10847.44,0.3953,3,5.0
RM-00606,2026-02-22,Нижний Новгород,Магазин,Новый,Дом и кухня,Посуда,2,6230.99,5,11838.88,8336.22,3502.66,0.2959,6,3.6
RM-00750,2026-02-22,Москва,Онлайн,Повторный,Спорт,Фитнес,3,7659.05,15,19530.58,12700.6,6829.98,0.3497,4,4.5
RM-00921,2026-02-22,Самара,Партнеры,Новый,Одежда,Спортивная,4,3172.55,5,12055.69,9457.08,2598.61,0.2156,4,4.5
RM-01009,2026-02-22,Санкт-Петербург,Магазин,Новый,Канцтовары,Письменные принадлежности,5,909.69,0,4548.45,3466.45,1082.0,0.2379,5,4.7
RM-00086,2026-02-23,Санкт-Петербург,Онлайн,Новый,Дом и кухня,Посуда,2,4597.04,10,8274.67,6463.13,1811.54,0.2189,5,4.1
RM-00113,2026-02-23,Санкт-Петербург,Онлайн,Повторный,Канцтовары,Письменные принадлежности,4,1033.05,0,4132.2,3319.23,812.97,0.1967,2,5.0
RM-00565,2026-02-23,Санкт-Петербург,Онлайн,Повторный,Одежда,Повседневная,4,5366.48,15,18246.03,13231.06,5014.97,0.2749,5,
RM-00722,2026-02-23,Самара,Магазин,Новый,Дом и кухня,Техника для дома,3,4254.52,10,11487.2,7923.35,3563.86,0.3102,7,3.8
RM-01100,2026-02-23,Нижний Новгород,Магазин,Новый,Дом и кухня,Посуда,3,7385.59,0,22156.77,15557.34,6599.43,0.2979,4,4.7
RM-00098,2026-02-24,Новосибирск,Партнеры,Повторный,Канцтовары,Бумага,4,787.43,5,2992.23,2844.41,147.83,0.0494,5,4.5
RM-00100,2026-02-24,Москва,Партнеры,Повторный,Канцтовары,Письменные принадлежности,5,838.52,15,3563.71,2653.37,910.34,0.2554,4,4.4
RM-00136,2026-02-24,Новосибирск,Магазин,Новый,Одежда,Спортивная,3,3362.7,15,8574.88,6170.51,2404.37,0.2804,6,3.8
RM-00174,2026-02-24,Нижний Новгород,Онлайн,Повторный,Спорт,Фитнес,6,6190.07,5,35283.4,23706.76,11576.64,0.3281,2,5.0
RM-00376,2026-02-24,Ростов-на-Дону,Онлайн,Повторный,Красота,Уход,4,2206.32,25,6618.96,5169.76,1449.2,0.2189,6,3.7
RM-00721,2026-02-24,Казань,Магазин,Повторный,Дом и кухня,Посуда,1,4432.0,5,4210.4,3217.26,993.14,0.2359,6,4.6
RM-00768,2026-02-24,Москва,Онлайн,Новый,Канцтовары,Письменные принадлежности,1,949.33,20,759.46,967.85,-208.39,-0.2744,3,4.4
RM-00645,2026-02-25,Санкт-Петербург,Магазин,Повторный,Красота,Парфюмерия,5,2251.61,15,9569.34,6811.07,2758.27,0.2882,2,4.7
RM-00970,2026-02-25,Екатеринбург,Партнеры,Повторный,Спорт,Туризм,2,4350.76,0,8701.52,6424.6,2276.92,0.2617,4,4.9
RM-00985,2026-02-25,Москва,Магазин,Новый,Электроника,Аксессуары,1,20916.84,0,20916.84,13429.22,7487.62,0.358,5,4.7
RM-01186,2026-02-25,Санкт-Петербург,Партнеры,Новый,Красота,Уход,15,3677.97,15,46894.12,36016.56,10877.56,0.232,3,4.8
RM-00036,2026-02-26,Москва,Партнеры,Повторный,Дом и кухня,Техника для дома,2,5729.47,0,11458.94,9036.28,2422.66,0.2114,5,4.0
RM-00210,2026-02-26,Москва,Онлайн,Повторный,Красота,Парфюмерия,1,2099.7,15,1784.74,1594.33,190.41,0.1067,3,4.7
RM-00317,2026-02-26,Санкт-Петербург,Магазин,Повторный,Спорт,Фитнес,2,6109.93,10,10997.87,7159.15,3838.72,0.349,6,3.3
RM-00698,2026-02-26,Санкт-Петербург,Партнеры,Новый,Дом и кухня,Техника для дома,3,7153.59,0,21460.77,14190.25,7270.52,0.3388,5,5.0
RM-00706,2026-02-26,Нижний Новгород,Партнеры,Повторный,Дом и кухня,Посуда,1,6081.75,5,5777.66,4140.42,1637.24,0.2834,6,4.3
RM-00886,2026-02-26,Казань,Онлайн,Повторный,Канцтовары,Письменные принадлежности,4,679.85,0,2719.4,2309.4,410.0,0.1508,5,4.1
RM-00949,2026-02-26,Москва,Онлайн,Повторный,Канцтовары,Бумага,1,876.22,10,788.6,930.98,-142.38,-0.1805,2,5.0
RM-00952,2026-02-26,Новосибирск,Онлайн,Повторный,Красота,Уход,5,2393.89,15,10174.03,8151.26,2022.77,0.1988,7,3.6
RM-01008,2026-02-26,Казань,Партнеры,Корпоративный,Спорт,Фитнес,3,9036.45,20,21687.48,15196.97,6490.51,0.2993,3,5.0
RM-00158,2026-02-27,Ростов-на-Дону,Онлайн,Повторный,Одежда,Спортивная,5,3034.47,5,14413.73,10248.84,4164.89,0.289,4,4.3
RM-00209,2026-02-27,Самара,Онлайн,Повторный,Красота,Уход,3,1916.51,5,5462.05,3915.32,1546.74,0.2832,7,3.8
RM-00280,2026-02-27,Новосибирск,Онлайн,Новый,Электроника,Аксессуары,2,17491.6,0,34983.2,24145.89,10837.31,0.3098,7,3.4
RM-00363,2026-02-27,Москва,Магазин,Повторный,Красота,Уход,2,1895.83,10,3412.49,2701.1,711.39,0.2085,2,4.2
RM-00453,2026-02-27,Ростов-на-Дону,Онлайн,Новый,Спорт,Фитнес,5,6816.32,10,30673.44,23827.49,6845.95,0.2232,6,4.8
RM-00516,2026-02-27,Москва,Магазин,Новый,Электроника,Аксессуары,2,14306.58,10,25751.84,18864.48,6887.37,0.2675,2,4.8
RM-00673,2026-02-27,Нижний Новгород,Магазин,Повторный,Одежда,Повседневная,3,6819.23,0,20457.69,15728.57,4729.12,0.2312,3,5.0
RM-00705,2026-02-27,Самара,Магазин,Повторный,Спорт,Туризм,1,7450.86,10,6705.77,5206.82,1498.95,0.2235,7,3.6
RM-00881,2026-02-27,Санкт-Петербург,Партнеры,Новый,Электроника,Аксессуары,1,17147.23,5,16289.87,12066.2,4223.67,0.2593,3,5.0
RM-00964,2026-02-27,Казань,Онлайн,Повторный,Красота,Парфюмерия,4,4182.05,10,15055.38,10995.91,4059.47,0.2696,6,4.0
RM-01055,2026-02-27,Москва,Онлайн,Новый,Спорт,Фитнес,3,4846.94,15,12359.7,7980.76,4378.94,0.3543,3,5.0
RM-01086,2026-02-27,Ростов-на-Дону,Магазин,Новый,Красота,Парфюмерия,2,2828.38,5,5373.92,4000.28,1373.64,0.2556,6,3.2
RM-00005,2026-02-28,Санкт-Петербург,Онлайн,Повторный,Электроника,Аксессуары,3,17156.42,25,38601.94,23198.86,15403.09,0.399,2,5.0
RM-00061,2026-02-28,Самара,Онлайн,Повторный,Одежда,Спортивная,3,4255.48,5,12128.12,9209.9,2918.22,0.2406,4,4.4
RM-00156,2026-02-28,Москва,Партнеры,Повторный,Дом и кухня,Посуда,2,4114.46,15,6994.58,4516.47,2478.11,0.3543,3,5.0
RM-00514,2026-02-28,Новосибирск,Магазин,Повторный,Канцтовары,Письменные принадлежности,3,1464.31,25,3294.7,3093.99,200.7,0.0609,6,3.9
RM-01004,2026-02-28,Нижний Новгород,Магазин,Повторный,Дом и кухня,Техника для дома,3,6577.36,5,18745.48,12831.1,5914.38,0.3155,2,5.0
RM-01069,2026-02-28,Екатеринбург,Магазин,Повторный,Одежда,Повседневная,4,2923.95,10,10526.22,8272.85,2253.37,0.2141,6,4.1
RM-00160,2026-03-01,Москва,Онлайн,Новый,Дом и кухня,Техника для дома,9,5597.21,10,45337.42,28110.37,17227.05,0.38,4,4.0
RM-00254,,Новосибирск,Онлайн,Новый,Электроника,Смартфоны,6,17784.01,0,106704.06,67559.79,39144.27,0.3668,6,3.4
RM-00676,2026-03-01,Москва,Магазин,Повторный,Канцтовары,Бумага,3,945.39,5,2694.36,2325.28,369.07,0.137,1,4.9
RM-00871,2026-03-01,Москва,Магазин,Новый,Спорт,Туризм,5,4336.0,10,19512.02,15208.71,4303.3,0.2205,1,5.0
RM-00951,2026-03-01,Новосибирск,Магазин,Новый,Одежда,Спортивная,3,3726.69,0,11180.08,8474.9,2705.18,0.242,6,4.0
RM-01119,2026-03-01,Санкт-Петербург,Магазин,Новый,Красота,Парфюмерия,4,4614.86,10,16613.48,11109.51,5503.98,0.3313,2,4.9
RM-01200,2026-03-01,Казань,Магазин,Корпоративный,Дом и кухня,Посуда,8,5422.52,10,39042.18,24774.08,14268.1,0.3655,5,4.0
RM-00042,2026-03-02,Москва,Онлайн,Повторный,Красота,Уход,2,2580.82,20,4129.31,3002.14,1127.17,0.273,2,5.0
RM-00288,2026-03-02,Нижний Новгород,Партнеры,Новый,Одежда,Спортивная,6,3457.91,20,16597.96,11898.86,4699.1,0.2831,4,4.4
RM-00318,2026-03-02,Нижний Новгород,Онлайн,Корпоративный,Электроника,Смартфоны,6,27266.86,25,122700.89,92455.44,30245.44,0.2465,3,5.0
RM-00387,2026-03-02,Казань,Партнеры,Новый,Спорт,Фитнес,5,6387.35,15,27146.26,18705.08,8441.17,0.311,3,4.9
RM-00638,2026-03-02,Новосибирск,Магазин,Новый,Одежда,Спортивная,2,3276.54,10,5897.78,4289.6,1608.18,0.2727,6,3.7
RM-00725,2026-03-02,Москва,Магазин,Корпоративный,Дом и кухня,Посуда,7,5207.91,15,30987.09,23816.08,7171.02,0.2314,4,4.2
RM-00808,2026-03-02,Москва,Магазин,Новый,Электроника,Смартфоны,1,27409.14,5,26038.68,19099.12,6939.56,0.2665,4,5.0
RM-00827,2026-03-02,Екатеринбург,Онлайн,Новый,Дом и кухня,Техника для дома,4,7177.6,25,21532.81,15440.88,6091.92,0.2829,5,4.1
RM-00940,2026-03-02,Москва,Онлайн,Повторный,Дом и кухня,Техника для дома,3,7080.52,5,20179.49,12947.82,7231.67,0.3584,2,4.8
RM-00007,2026-03-03,Самара,Онлайн,Повторный,Спорт,Туризм,1,4650.61,15,3953.01,3412.02,540.99,0.1369,6,3.9
RM-00277,2026-03-03,Москва,Партнеры,Повторный,Спорт,Фитнес,3,7353.19,15,18750.63,13185.64,5565.0,0.2968,4,4.0
RM-00454,2026-03-03,Самара,Магазин,Повторный,Электроника,Смартфоны,2,13853.22,25,20779.82,14706.32,6073.51,0.2923,6,4.3
RM-00469,2026-03-03,Москва,Онлайн,Новый,Спорт,Фитнес,2,6610.33,5,12559.63,9682.46,2877.17,0.2291,4,5.0
RM-00697,2026-03-03,Санкт-Петербург,Онлайн,Новый,Электроника,Аксессуары,1,21063.17,5,20010.02,14491.39,5518.63,0.2758,6,4.3
RM-00833,2026-03-03,Москва,Магазин,Повторный,Одежда,Спортивная,2,3245.95,15,5518.12,4019.17,1498.95,0.2716,2,4.2
RM-01001,2026-03-03,Ростов-на-Дону,Магазин,Новый,Красота,Парфюмерия,1,2576.08,0,2576.08,2207.62,368.46,0.143,4,5.0
RM-01097,2026-03-03,Казань,Онлайн,Новый,Красота,Уход,1,6229.69,15,5295.24,4436.71,858.53,0.1621,4,4.0
RM-00024,2026-03-04,Санкт-Петербург,Онлайн,Повторный,Одежда,Спортивная,2,5667.21,0,11334.42,7909.01,3425.42,0.3022,3,5.0
RM-00312,2026-03-04,Санкт-Петербург,Онлайн,Новый,Канцтовары,Письменные принадлежности,1,1217.69,0,1217.69,1156.26,61.44,0.0505,2,4.8
RM-00388,2026-03-04,Самара,Магазин,Новый,Красота,Парфюмерия,7,2928.59,15,17425.11,13383.76,4041.35,0.2319,5,4.1
RM-00448,2026-03-04,Нижний Новгород,Онлайн,Новый,Электроника,Аксессуары,4,31195.7,5,118543.66,74813.76,43729.9,0.3689,3,4.9
RM-00695,2026-03-04,Казань,Онлайн,Повторный,Электроника,Смартфоны,1,23169.42,5,22010.95,14850.5,7160.45,0.3253,2,5.0
RM-01028,2026-03-04,Санкт-Петербург,Онлайн,Повторный,Спорт,Туризм,3,7367.56,25,16577.01,10472.87,6104.14,0.3682,4,4.3
RM-00054,2026-03-05,Самара,Магазин,Новый,Красота,Парфюмерия,3,3298.04,10,8904.71,7323.98,1580.73,0.1775,4,5.0
RM-00352,2026-03-05,Ростов-на-Дону,Партнеры,Повторный,Одежда,Повседневная,2,6864.7,10,12356.46,9083.59,3272.88,0.2649,7,3.9
RM-00359,2026-03-05,Самара,Магазин,Корпоративный,Дом и кухня,Техника для дома,8,5614.01,0,44912.09,28698.38,16213.72,0.361,7,3.5
RM-00563,2026-03-05,Екатеринбург,Магазин,Новый,Красота,Парфюмерия,2,3962.81,0,7925.62,5311.76,2613.86,0.3298,5,3.8
RM-00633,2026-03-05,Москва,Онлайн,Корпоративный,Красота,Уход,9,1729.19,25,11672.07,7609.77,4062.29,0.348,4,4.5
RM-00668,2026-03-05,Нижний Новгород,Онлайн,Повторный,Одежда,Повседневная,5,2489.78,15,10581.58,7547.06,3034.52,0.2868,6,4.4
RM-00670,2026-03-05,Санкт-Петербург,Онлайн,Повторный,Красота,Уход,3,1595.88,25,3590.74,2967.62,623.12,0.1735,4,4.9
RM-00720,2026-03-05,Москва,Онлайн,Новый,Красота,Парфюмерия,1,1799.04,5,1709.09,1441.07,268.02,0.1568,3,4.8
RM-00766,2026-03-05,Москва,Онлайн,Повторный,Электроника,Смартфоны,1,32947.55,0,32947.55,22258.77,10688.78,0.3244,5,3.7
RM-00896,2026-03-05,Москва,Онлайн,Новый,Дом и кухня,Техника для дома,2,4529.86,10,8153.74,6339.59,1814.15,0.2225,2,5.0
RM-01145,2026-03-05,Самара,Партнеры,Новый,Спорт,Туризм,1,7284.62,15,6191.93,5136.66,1055.27,0.1704,7,4.2
RM-00116,2026-03-06,Новосибирск,Партнеры,Повторный,Спорт,Фитнес,6,8507.79,10,45942.09,29542.62,16399.48,0.357,7,4.0
RM-00197,2026-03-06,Ростов-на-Дону,Онлайн,Повторный,Канцтовары,Письменные принадлежности,1,669.98,5,636.48,1047.69,-411.21,-0.6461,6,4.4
RM-00646,2026-03-06,Новосибирск,Онлайн,Новый,Электроника,Аксессуары,1,17016.06,5,16165.26,12392.91,3772.35,0.2334,3,4.9
RM-00681,2026-03-06,Ростов-на-Дону,Онлайн,Новый,Одежда,Спортивная,3,4902.93,5,13973.36,8937.95,5035.41,0.3604,7,2.7
RM-01080,2026-03-06,Казань,Магазин,Повторный,Красота,Парфюмерия,3,3322.22,0,9966.66,6949.82,3016.84,0.3027,2,4.7
RM-01102,2026-03-06,Санкт-Петербург,Магазин,Корпоративный,Одежда,Повседневная,4,8145.45,20,26065.44,19802.35,6263.09,0.2403,2,5.0
RM-01168,2026-03-06,Казань,Онлайн,Повторный,Дом и кухня,Техника для дома,3,7016.57,25,15787.28,9931.52,5855.76,0.3709,6,4.9
RM-00004,2026-03-07,Санкт-Петербург,Магазин,Новый,Спорт,Фитнес,5,6201.08,5,29455.12,17626.73,11828.39,0.4016,3,4.6
RM-00291,2026-03-07,Казань,Магазин,Повторный,Электроника,Смартфоны,3,30751.99,5,87643.18,54474.85,33168.33,0.3784,6,4.3
RM-00415,2026-03-07,Санкт-Петербург,Партнеры,Новый,Дом и кухня,Посуда,4,8934.05,0,35736.2,24452.12,11284.08,0.3158,4,4.7
RM-00419,2026-03-07,Новосибирск,Онлайн,Новый,Дом и кухня,Посуда,2,5802.94,0,11605.88,8875.02,2730.86,0.2353,6,3.9
RM-00500,2026-03-07,Санкт-Петербург,Онлайн,Новый,Красота,Уход,2,1978.74,20,3165.98,2427.56,738.43,0.2332,6,3.6
RM-00570,2026-03-07,Новосибирск,Онлайн,Повторный,Спорт,Туризм,2,11648.3,25,17472.45,11853.46,5618.99,0.3216,4,5.0
RM-00614,2026-03-07,Санкт-Петербург,Магазин,Повторный,Спорт,Туризм,3,5943.5,20,14264.39,11245.11,3019.28,0.2117,4,3.7
RM-00671,2026-03-07,Екатеринбург,Онлайн,Новый,Одежда,Спортивная,2,5416.95,10,9750.51,6545.61,3204.9,0.3287,7,2.5
RM-00781,2026-03-07,Самара,Магазин,Корпоративный,Электроника,Аксессуары,8,15347.13,15,104360.47,71279.41,33081.06,0.317,4,4.4
RM-00944,2026-03-07,Самара,Магазин,Новый,Спорт,Туризм,2,9477.32,10,17059.18,12090.98,4968.2,0.2912,6,3.6
RM-01142,2026-03-07,Санкт-Петербург,Онлайн,Повторный,Канцтовары,Бумага,6,928.04,20,4454.61,3531.88,922.73,0.2071,4,4.9
RM-01144,2026-03-07,Москва,Онлайн,Новый,Одежда,Повседневная,5,3554.58,15,15106.98,10566.86,4540.11,0.3005,1,5.0
RM-01194,2026-03-07,Казань,Магазин,Новый,Красота,Парфюмерия,1,1171.66,5,1113.08,1478.58,-365.5,-0.3284,4,4.2
RM-01196,2026-03-07,Нижний Новгород,Партнеры,Повторный,Одежда,Спортивная,6,4507.55,0,27045.28,18157.7,8887.58,0.3286,4,4.1
RM-00213,2026-03-08,Казань,Онлайн,Новый,Канцтовары,Бумага,3,683.66,15,1743.32,1906.34,-163.02,-0.0935,2,5.0
RM-00492,2026-03-08,Санкт-Петербург,Онлайн,Новый,Спорт,Туризм,2,6151.36,0,12302.71,8690.56,3612.15,0.2936,5,4.7
RM-00755,2026-03-08,Санкт-Петербург,Онлайн,Новый,Спорт,Туризм,4,6560.49,0,26241.96,17545.97,8696.0,0.3314,4,4.7
RM-00996,2026-03-08,Санкт-Петербург,Онлайн,Повторный,Одежда,Повседневная,6,3425.32,15,17469.11,12718.07,4751.04,0.272,6,4.2
RM-00066,2026-03-09,Москва,Партнеры,Повторный,Красота,Уход,2,4227.37,10,7609.26,6098.56,1510.7,0.1985,2,5.0
RM-00189,2026-03-09,Москва,Магазин,Повторный,Дом и кухня,Техника для дома,4,3965.12,0,15860.48,12197.82,3662.66,0.2309,1,5.0
RM-00432,2026-03-09,Москва,Онлайн,Новый,Дом и кухня,Посуда,1,9217.54,0,9217.54,7056.26,2161.28,0.2345,5,4.4
RM-00522,2026-03-09,Екатеринбург,Онлайн,Корпоративный,Красота,Парфюмерия,8,3341.04,10,24055.51,17862.25,6193.26,0.2575,6,4.3
RM-00643,2026-03-09,Санкт-Петербург,Магазин,Повторный,Спорт,Туризм,4,6148.1,0,24592.41,15851.83,8740.58,0.3554,6,3.1
RM-00679,2026-03-09,Самара,Онлайн,Повторный,Электроника,Смартфоны,2,56929.01,5,108165.11,67683.9,40481.22,0.3743,5,5.0
RM-00973,2026-03-09,Санкт-Петербург,Магазин,Повторный,Дом и кухня,Техника для дома,3,5349.44,0,16048.33,12514.8,3533.53,0.2202,5,3.7
RM-01133,2026-03-09,Екатеринбург,Магазин,Повторный,Канцтовары,Бумага,3,1187.2,25,2671.19,2640.0,31.19,0.0117,6,3.4
RM-01189,2026-03-09,Новосибирск,Онлайн,Новый,Красота,Парфюмерия,3,2459.61,0,7378.83,4988.98,2389.85,0.3239,3,4.2
RM-00018,2026-03-10,Санкт-Петербург,Магазин,Новый,Спорт,Туризм,7,4903.28,10,30890.63,22193.69,8696.94,0.2815,2,5.0
RM-00075,2026-03-10,Самара,Магазин,Корпоративный,Дом и кухня,Техника для дома,11,5651.49,0,62166.43,39094.98,23071.45,0.3711,7,4.0
RM-00190,2026-03-10,Ростов-на-Дону,Магазин,Новый,Одежда,Повседневная,5,3984.49,5,18926.32,13402.16,5524.15,0.2919,6,3.9
RM-00688,2026-03-10,Москва,Магазин,Новый,Дом и кухня,Посуда,5,4614.66,10,20765.99,13329.25,7436.74,0.3581,4,4.3
RM-00717,2026-03-10,Ростов-на-Дону,Партнеры,Повторный,Электроника,Смартфоны,2,21587.32,20,34539.72,21846.75,12692.97,0.3675,7,4.1
RM-00757,2026-03-10,Нижний Новгород,Магазин,Повторный,Дом и кухня,Посуда,2,7733.08,15,13146.24,8427.46,4718.78,0.3589,6,3.5
RM-00987,2026-03-10,Самара,Онлайн,Повторный,Канцтовары,Бумага,7,1217.59,5,8096.94,6260.23,1836.71,0.2268,6,4.1
RM-00244,2026-03-11,Санкт-Петербург,Онлайн,Новый,Одежда,Спортивная,1,5423.13,10,4880.82,3466.06,1414.76,0.2899,4,4.2
RM-00381,2026-03-11,Самара,Онлайн,Новый,Дом и кухня,Посуда,4,4894.29,10,17619.43,13857.45,3761.98,0.2135,4,4.1
RM-00504,2026-03-11,Самара,Магазин,Повторный,Одежда,Повседневная,2,3161.98,20,5059.17,4456.94,602.22,0.119,3,4.8
RM-00710,2026-03-11,Новосибирск,Магазин,Повторный,Красота,Уход,2,2829.19,10,5092.54,4342.05,750.48,0.1474,7,4.0
RM-00986,2026-03-11,Москва,Онлайн,Повторный,Спорт,Фитнес,2,13268.72,25,19903.08,14938.58,4964.5,0.2494,3,5.0
RM-01013,2026-03-11,Нижний Новгород,Онлайн,Новый,Электроника,Смартфоны,2,25066.65,15,42613.31,29286.86,13326.45,0.3127,5,3.3
RM-01058,2026-03-11,Москва,Онлайн,Новый,Спорт,Фитнес,4,5406.38,5,20544.24,15491.96,5052.27,0.2459,1,5.0
RM-01132,2026-03-11,Санкт-Петербург,Онлайн,Повторный,Красота,Уход,4,3302.42,25,9907.25,6563.8,3343.44,0.3375,4,4.3
RM-01176,2026-03-11,Самара,Онлайн,Повторный,Дом и кухня,Техника для дома,3,6634.74,5,18909.0,12007.02,6901.99,0.365,7,4.2
RM-01197,2026-03-11,Новосибирск,Онлайн,Повторный,Одежда,Спортивная,6,3792.94,10,20481.85,14544.34,5937.51,0.2899,6,3.6
RM-00192,2026-03-12,Санкт-Петербург,Онлайн,Новый,Электроника,Аксессуары,3,52861.78,20,126868.27,88891.28,37976.99,0.2993,4,4.3
RM-00250,2026-03-12,Екатеринбург,Партнеры,Повторный,Одежда,Спортивная,5,2475.08,15,10519.1,7740.63,2778.46,0.2641,6,4.1
RM-00672,2026-03-12,Санкт-Петербург,Онлайн,Повторный,Красота,Уход,4,3485.94,0,13943.77,10367.6,3576.17,0.2565,6,3.9
RM-00683,2026-03-12,Казань,Магазин,Повторный,Одежда,Спортивная,2,6047.64,0,12095.28,9191.03,2904.25,0.2401,6,4.2
RM-00689,2026-03-12,Ростов-на-Дону,Магазин,Повторный,Спорт,Фитнес,4,5984.39,20,19150.06,11898.95,7251.11,0.3786,6,4.8
RM-00889,2026-03-12,Казань,Онлайн,Повторный,Дом и кухня,Техника для дома,2,3331.86,0,6663.72,4531.71,2132.02,0.3199,5,4.4
RM-00915,2026-03-12,Казань,Онлайн,Новый,Спорт,Туризм,3,5542.87,5,15797.17,10019.36,5777.82,0.3657,4,4.5
RM-01187,2026-03-12,Новосибирск,Онлайн,Повторный,Одежда,Спортивная,4,4498.44,10,16194.39,12311.95,3882.44,0.2397,3,5.0
RM-00120,2026-03-13,Нижний Новгород,Партнеры,Повторный,Спорт,Туризм,2,5608.39,5,10655.95,7171.9,3484.05,0.327,6,3.8
RM-00307,2026-03-13,Ростов-на-Дону,Онлайн,Повторный,Одежда,Повседневная,2,4216.76,0,8433.53,6324.08,2109.45,0.2501,5,3.9
RM-00464,2026-03-13,Нижний Новгород,Магазин,Новый,Красота,Парфюмерия,6,2882.64,5,16431.07,10380.33,6050.74,0.3683,3,3.8
RM-00509,2026-03-13,Санкт-Петербург,Магазин,Повторный,Канцтовары,Письменные принадлежности,8,1643.18,0,13145.42,10079.47,3065.95,0.2332,5,4.0
RM-00575,2026-03-13,Москва,Магазин,Повторный,Электроника,Смартфоны,4,28970.4,10,104293.44,65182.49,39110.95,0.375,2,5.0
RM-00637,2026-03-13,Новосибирск,Магазин,Повторный,Спорт,Туризм,3,4158.68,10,11228.45,7315.84,3912.6,0.3485,6,3.6
RM-01032,2026-03-13,Казань,Магазин,Повторный,Красота,Парфюмерия,5,3992.76,10,17967.41,11245.42,6721.99,0.3741,3,5.0
RM-01121,2026-03-13,Новосибирск,Онлайн,Новый,Электроника,Смартфоны,4,33052.26,15,112377.67,77290.08,35087.59,0.3122,3,5.0
RM-01129,2026-03-13,Казань,Магазин,Новый,Спорт,Туризм,3,4677.97,10,12630.51,9711.81,2918.69,0.2311,2,4.9
RM-01150,2026-03-13,Новосибирск,Онлайн,Новый,Канцтовары,Бумага,5,624.38,5,2965.79,2584.65,381.14,0.1285,6,4.8
RM-00223,2026-03-14,Санкт-Петербург,Онлайн,Корпоративный,Дом и кухня,Техника для дома,7,5099.25,25,26771.04,17104.21,9666.83,0.3611,6,
RM-00259,2026-03-14,Москва,Магазин,Повторный,Спорт,Фитнес,2,8056.14,20,12889.82,8401.34,4488.48,0.3482,3,5.0
RM-00399,2026-03-14,Екатеринбург,Онлайн,Повторный,Красота,Парфюмерия,6,3375.13,15,17213.18,11287.62,5925.56,0.3442,7,3.8
RM-00444,2026-03-14,Москва,Партнеры,Повторный,Красота,Уход,4,1221.6,5,4642.07,3337.13,1304.94,0.2811,5,3.7
RM-00474,2026-03-14,Екатеринбург,Онлайн,Повторный,Одежда,Спортивная,3,4299.52,0,12898.55,10123.98,2774.57,0.2151,4,4.1
RM-00528,2026-03-14,Нижний Новгород,Онлайн,Повторный,Красота,Уход,3,2717.51,0,8152.53,6768.23,1384.31,0.1698,3,5.0
RM-00543,2026-03-14,Новосибирск,Магазин,Новый,Одежда,Спортивная,4,5920.87,5,22499.29,17359.9,5139.39,0.2284,6,3.9
RM-00739,2026-03-14,Самара,Онлайн,Новый,Электроника,Смартфоны,3,24585.19,15,62692.23,42968.39,19723.83,0.3146,4,4.9
RM-00783,2026-03-14,Новосибирск,Онлайн,Новый,Спорт,Туризм,1,7303.85,0,7303.85,5568.89,1734.96,0.2375,6,4.6
RM-00907,2026-03-14,Санкт-Петербург,Онлайн,Корпоративный,Дом и кухня,Техника для дома,9,3915.71,20,28193.1,20004.48,8188.61,0.2904,5,4.3
RM-00974,2026-03-14,Москва,Магазин,Повторный,Красота,Парфюмерия,3,2666.37,10,7199.19,5746.81,1452.38,0.2017,3,5.0
RM-00234,2026-03-15,Казань,Магазин,Повторный,Одежда,Спортивная,3,3840.02,15,9792.04,7827.27,1964.77,0.2007,5,4.5
RM-00841,2026-03-15,Новосибирск,Магазин,Повторный,Одежда,Спортивная,3,4221.36,5,12030.89,9650.38,2380.51,0.1979,6,3.9
RM-00878,2026-03-15,Ростов-на-Дону,Онлайн,Новый,Красота,Парфюмерия,4,3067.58,5,11656.82,8550.53,3106.28,0.2665,4,4.1
RM-00971,2026-03-15,Москва,Магазин,Новый,Спорт,Фитнес,4,4167.17,10,15001.81,11771.18,3230.63,0.2153,3,5.0
RM-01124,2026-03-15,Самара,Онлайн,Новый,Одежда,Спортивная,5,5000.09,15,21250.38,16437.57,4812.81,0.2265,7,3.7
RM-00237,2026-03-16,Ростов-на-Дону,Партнеры,Повторный,Электроника,Аксессуары,3,21441.25,15,54675.18,32746.0,21929.18,0.4011,4,3.7
RM-00292,2026-03-16,Ростов-на-Дону,Онлайн,Новый,Спорт,Туризм,6,8444.42,10,45599.86,34065.23,11534.63,0.253,4,4.0
RM-00519,2026-03-16,Москва,Онлайн,Повторный,Дом и кухня,Посуда,4,4225.9,15,14368.06,8862.67,5505.39,0.3832,5,3.8
RM-00619,2026-03-16,Новосибирск,Магазин,Повторный,Дом и кухня,Посуда,3,4603.78,5,13120.78,8737.39,4383.39,0.3341,6,3.4
RM-00806,2026-03-16,Новосибирск,Онлайн,Новый,Канцтовары,Письменные принадлежности,5,997.84,15,4240.82,3794.01,446.81,0.1054,4,4.1
RM-00044,2026-03-17,Новосибирск,Партнеры,Новый,Спорт,Фитнес,5,4571.86,10,20573.39,14118.17,6455.22,0.3138,7,3.7
RM-00494,2026-03-17,екатеринбург,Партнеры,Новый,Одежда,Спортивная,6,2681.88,10,14482.15,9995.96,4486.2,0.3098,7,3.7
RM-00628,2026-03-17,Ростов-на-Дону,Магазин,Повторный,Спорт,Туризм,5,5701.63,25,21381.13,16828.22,4552.91,0.2129,4,4.1
RM-00718,2026-03-17,Санкт-Петербург,Магазин,Новый,Спорт,Фитнес,3,8659.92,25,19484.81,14351.23,5133.58,0.2635,2,5.0
RM-00902,2026-03-17,Москва,Партнеры,Новый,Красота,Парфюмерия,3,4547.8,10,12279.06,7944.11,4334.95,0.353,3,5.0
RM-01049,2026-03-17,Новосибирск,Магазин,Повторный,Одежда,Спортивная,2,4379.54,5,8321.13,6207.41,2113.72,0.254,6,4.5
RM-00013,2026-03-18,Екатеринбург,Онлайн,Новый,Одежда,Повседневная,3,3623.64,10,9783.83,6908.28,2875.55,0.2939,7,3.4
RM-00169,2026-03-18,Ростов-на-Дону,Магазин,Повторный,Спорт,Туризм,4,5433.7,10,19561.3,14766.65,4794.65,0.2451,4,4.6
RM-00183,2026-03-18,Казань,Партнеры,Новый,Красота,Уход,5,3874.11,0,19370.53,12758.74,6611.79,0.3413,5,4.7
RM-00296,2026-03-18,Санкт-Петербург,Магазин,Повторный,Канцтовары,Письменные принадлежности,5,1463.83,15,6221.3,4353.67,1867.63,0.3002,3,5.0
RM-00314,2026-03-18,Нижний Новгород,Магазин,Новый,Одежда,Повседневная,1,2979.71,20,2383.77,2206.03,177.74,0.0746,6,3.0
RM-00546,2026-03-18,Казань,Магазин,Новый,Красота,Парфюмерия,3,4314.55,15,11002.1,8856.43,2145.67,0.195,2,5.0
RM-00729,2026-03-18,Екатеринбург,Магазин,Новый,Канцтовары,Бумага,2,1445.84,5,2747.09,2288.05,459.04,0.1671,6,4.2
RM-00945,2026-03-18,Санкт-Петербург,Магазин,Корпоративный,Красота,Уход,3,2617.99,15,6675.88,4326.02,2349.86,0.352,3,5.0
RM-01050,2026-03-18,Ростов-на-Дону,Онлайн,Новый,Спорт,Фитнес,2,4691.13,5,8913.14,6871.13,2042.01,0.2291,4,5.0
RM-00105,2026-03-19,Ростов-на-Дону,Онлайн,Повторный,Красота,Парфюмерия,4,3976.59,0,15906.36,11769.8,4136.56,0.2601,4,5.0
RM-00281,2026-03-19,Самара,Онлайн,Повторный,Красота,Уход,2,4577.96,15,7782.54,5827.14,1955.39,0.2513,6,4.6
RM-00435,2026-03-19,Самара,Магазин,Повторный,Дом и кухня,Посуда,2,6123.89,5,11635.39,8334.9,3300.48,0.2837,7,4.1
RM-00524,2026-03-19,Самара,Магазин,Повторный,Одежда,Повседневная,15,6872.6,15,87625.64,54763.3,32862.34,0.375,6,3.8
RM-00649,2026-03-19,Санкт-Петербург,Онлайн,Корпоративный,Одежда,Спортивная,5,4241.64,5,20147.79,14204.94,5942.85,0.295,4,5.0
RM-00983,2026-03-19,Санкт-Петербург,Магазин,Новый,Канцтовары,Письменные принадлежности,4,776.39,15,2639.73,2221.07,418.66,0.1586,5,3.7
RM-01084,2026-03-19,Новосибирск,Онлайн,Повторный,Канцтовары,Письменные принадлежности,2,1000.35,20,1600.57,1713.78,-113.22,-0.0707,4,4.9
RM-00108,2026-03-20,Санкт-Петербург,Онлайн,Повторный,Дом и кухня,Посуда,2,4735.19,15,8049.82,5376.76,2673.06,0.3321,5,4.0
RM-00123,2026-03-20,Москва,Онлайн,Новый,Одежда,Повседневная,7,3479.06,0,24353.44,17107.14,7246.3,0.2975,1,5.0
RM-00403,2026-03-20,Новосибирск,Магазин,Повторный,Дом и кухня,Посуда,1,5047.8,0,5047.8,3975.55,1072.25,0.2124,4,4.2
RM-00455,2026-03-20,Новосибирск,Партнеры,Повторный,Красота,Уход,4,3402.47,5,12929.39,8317.97,4611.42,0.3567,4,4.8
RM-00523,2026-03-20,Ростов-на-Дону,Онлайн,Повторный,Дом и кухня,Посуда,3,6249.26,0,18747.78,11940.39,6807.39,0.3631,6,3.7
RM-00651,2026-03-20,Москва,Магазин,Новый,Дом и кухня,Техника для дома,3,4019.11,10,10851.6,7290.02,3561.58,0.3282,-1,5.0
RM-00789,2026-03-20,Ростов-на-Дону,Онлайн,Новый,Спорт,Фитнес,3,4793.24,15,12222.75,8437.1,3785.65,0.3097,6,3.9
RM-00916,2026-03-20,Екатеринбург,Партнеры,Повторный,Одежда,Повседневная,1,5423.17,5,5152.01,3690.33,1461.68,0.2837,4,4.4
RM-00997,2026-03-20,Нижний Новгород,Онлайн,Повторный,Красота,Парфюмерия,3,4688.78,5,13363.03,8553.13,4809.9,0.3599,5,4.9
RM-01162,2026-03-20,Санкт-Петербург,Онлайн,Новый,Электроника,Аксессуары,7,14005.77,0,98040.36,70876.75,27163.61,0.2771,6,4.9
RM-01183,2026-03-20,Самара,Магазин,Повторный,Красота,Уход,1,1966.6,10,1769.94,1909.67,-139.74,-0.0789,3,5.0
RM-00043,2026-03-21,Самара,Онлайн,Новый,Канцтовары,Письменные принадлежности,2,685.5,0,1370.99,1485.32,-114.33,-0.0834,6,4.7
RM-00093,2026-03-21,Москва,Онлайн,Новый,Спорт,Фитнес,2,6845.67,5,13006.77,10213.76,2793.01,0.2147,3,5.0
RM-00532,2026-03-21,Новосибирск,Онлайн,Новый,Одежда,Повседневная,3,6434.18,20,15442.03,11063.52,4378.51,0.2835,3,4.4
RM-00620,2026-03-21,Ростов-на-Дону,Магазин,Новый,Дом и кухня,Техника для дома,2,4180.64,20,6689.02,4542.59,2146.44,0.3209,3,4.5
RM-00842,2026-03-21,Ростов-на-Дону,Онлайн,Новый,Одежда,Спортивная,3,7387.79,5,21055.21,13076.41,7978.81,0.3789,3,4.6
RM-00001,2026-03-22,Нижний Новгород,Магазин,Новый,Канцтовары,Письменные принадлежности,2,1175.81,5,2234.04,2290.75,-56.71,-0.0254,4,4.5
RM-00482,2026-03-22,Москва,Онлайн,Повторный,Канцтовары,Письменные принадлежности,3,1637.92,10,4422.39,3593.17,829.22,0.1875,3,5.0
RM-00869,2026-03-22,Москва,Магазин,Новый,Электроника,Аксессуары,6,41529.23,0,249175.35,186886.4,62288.95,0.25,5,3.7
RM-00953,2026-03-22,Екатеринбург,Партнеры,Повторный,Электроника,Аксессуары,2,28642.15,5,54420.08,36411.56,18008.51,0.3309,5,4.3
RM-01005,2026-03-22,Нижний Новгород,Онлайн,Новый,Одежда,Спортивная,3,5374.67,10,14511.62,11588.84,2922.78,0.2014,3,3.9
RM-00006,2026-03-23,Москва,Партнеры,Повторный,Спорт,Туризм,2,5862.63,20,9380.2,7049.87,2330.34,0.2484,1,5.0
RM-00178,2026-03-23,Самара,Магазин,Новый,Красота,Парфюмерия,2,1821.27,15,3096.16,2918.51,177.65,0.0574,7,3.1
RM-00215,2026-03-23,Новосибирск,Онлайн,Повторный,Канцтовары,Бумага,1,753.58,10,678.22,1079.02,-400.8,-0.591,5,4.7
RM-00247,2026-03-23,Москва,Онлайн,Новый,Красота,Парфюмерия,4,2183.62,5,8297.77,6358.77,1939.0,0.2337,1,5.0
RM-00298,2026-03-23,Екатеринбург,Онлайн,Корпоративный,Красота,Уход,6,2331.22,5,13287.95,9084.92,4203.04,0.3163,3,5.0
RM-00460,2026-03-23,Москва,Онлайн,Повторный,Спорт,Фитнес,1,6138.13,5,5831.22,4616.21,1215.01,0.2084,4,4.2
RM-00736,2026-03-23,Екатеринбург,Онлайн,Новый,Электроника,Аксессуары,1,23706.4,5,22521.08,16405.72,6115.35,0.2715,5,3.6
RM-00746,2026-03-23,Санкт-Петербург,Онлайн,Повторный,Одежда,Повседневная,4,5928.6,5,22528.69,14522.44,8006.25,0.3554,3,4.5
RM-00816,2026-03-23,Новосибирск,Партнеры,Повторный,Дом и кухня,Техника для дома,3,4881.14,0,14643.41,10355.98,4287.43,0.2928,6,3.1
RM-00823,2026-03-23,Москва,Магазин,Новый,Одежда,Спортивная,3,4442.69,20,10662.46,7806.0,2856.47,0.2679,2,5.0
RM-01027,2026-03-23,Ростов-на-Дону,Магазин,Корпоративный,Красота,Уход,5,3946.01,5,18743.55,12676.33,6067.22,0.3237,5,4.0
RM-00358,2026-03-24,Казань,Магазин,Повторный,Красота,Парфюмерия,3,2226.3,0,6678.89,4774.26,1904.63,0.2852,2,5.0
RM-00413,2026-03-24,Москва,Партнеры,Новый,Спорт,Фитнес,2,4049.37,10,7288.87,4926.63,2362.24,0.3241,2,4.7
RM-00542,2026-03-24,Ростов-на-Дону,Онлайн,Новый,Красота,Парфюмерия,3,4100.37,0,12301.11,8704.51,3596.6,0.2924,4,4.5
RM-00574,2026-03-24,Москва,Магазин,Новый,Спорт,Фитнес,2,6123.46,10,11022.23,7054.12,3968.11,0.36,2,5.0
RM-00994,2026-03-24,Новосибирск,Онлайн,Новый,Спорт,Туризм,3,5519.73,5,15731.24,10343.17,5388.07,0.3425,7,3.9
RM-01114,2026-03-24,Москва,Онлайн,Новый,Спорт,Туризм,4,9127.49,15,31033.45,22890.12,8143.33,0.2624,2,5.0
RM-01175,2026-03-24,Санкт-Петербург,Онлайн,Повторный,Канцтовары,Письменные принадлежности,2,1286.51,25,1929.77,1665.15,264.62,0.1371,6,3.8
RM-00282,2026-03-25,Ростов-на-Дону,Онлайн,Повторный,Электроника,Аксессуары,6,35931.28,0,215587.71,155581.31,60006.4,0.2783,7,3.4
RM-00647,2026-03-25,Москва,Магазин,Повторный,Одежда,Спортивная,1,2884.41,20,2307.53,2123.96,183.57,0.0796,3,4.9
RM-00836,2026-03-25,Москва,Онлайн,Новый,Красота,Уход,1,3013.27,0,3013.27,2457.3,555.97,0.1845,4,4.8
RM-00909,2026-03-25,Новосибирск,Партнеры,Новый,Электроника,Аксессуары,3,16459.06,5,46908.32,34153.02,12755.31,0.2719,4,5.0
RM-00911,2026-03-25,Санкт-Петербург,Магазин,Повторный,Красота,Парфюмерия,5,4715.05,15,20038.97,12759.35,7279.62,0.3633,3,5.0
RM-00912,2026-03-25,Санкт-Петербург,Магазин,Повторный,Одежда,Спортивная,2,7611.76,20,12178.81,8543.04,3635.77,0.2985,2,5.0
RM-00927,2026-03-25,Нижний Новгород,Онлайн,Новый,Дом и кухня,Посуда,4,5365.37,15,18242.24,12372.21,5870.03,0.3218,6,3.9
RM-00936,2026-03-25,Казань,Магазин,Повторный,Красота,Уход,1,3932.6,20,3146.08,2735.05,411.03,0.1306,4,4.5
RM-00240,2026-03-26,Нижний Новгород,Онлайн,Повторный,Красота,Уход,3,2690.2,25,6052.96,5024.46,1028.5,0.1699,6,4.3
RM-00258,2026-03-26,Екатеринбург,Онлайн,Корпоративный,Красота,Уход,8,2499.0,10,17992.77,13461.99,4530.77,0.2518,6,4.1
RM-00343,2026-03-26,Новосибирск,Онлайн,Повторный,Электроника,Аксессуары,2,13852.8,5,26320.32,18734.54,7585.77,0.2882,3,5.0
RM-00364,2026-03-26,Самара,Магазин,Повторный,Дом и кухня,Техника для дома,2,4739.38,15,8056.95,6585.08,1471.88,0.1827,5,4.0
RM-00369,2026-03-26,Екатеринбург,Магазин,Новый,Одежда,Повседневная,2,3511.73,0,7023.46,5134.09,1889.37,0.269,5,4.6
RM-00506,2026-03-26,Санкт-Петербург,Партнеры,Корпоративный,Одежда,Повседневная,5,3004.41,0,15022.05,11572.13,3449.92,0.2297,5,4.0
RM-00520,2026-03-26,Москва,Партнеры,Повторный,Дом и кухня,Техника для дома,3,3445.66,20,8269.58,6115.24,2154.34,0.2605,5,4.8
RM-00621,2026-03-26,Ростов-на-Дону,Магазин,Повторный,Одежда,Повседневная,1,4030.13,15,3425.61,2650.0,775.61,0.2264,5,4.1
RM-00870,2026-03-26,Нижний Новгород,Онлайн,Повторный,Дом и кухня,Посуда,3,8522.87,5,24290.18,17384.41,6905.77,0.2843,3,4.7
RM-00904,2026-03-26,Санкт-Петербург,Онлайн,Новый,Дом и кухня,Техника для дома,3,4700.88,10,12692.39,9152.32,3540.07,0.2789,3,4.6
RM-00965,2026-03-26,Казань,Онлайн,Повторный,Электроника,Аксессуары,3,26865.21,0,80595.62,57317.46,23278.16,0.2888,4,4.6
RM-00023,2026-03-27,Казань,Магазин,Повторный,Спорт,Фитнес,5,7653.39,10,34440.25,26401.87,8038.38,0.2334,6,4.6
RM-00085,2026-03-27,Нижний Новгород,Магазин,Повторный,Красота,Парфюмерия,4,2845.32,10,10243.16,6771.34,3471.83,0.3389,2,4.9
RM-00207,2026-03-27,Ростов-на-Дону,Магазин,Повторный,Одежда,Повседневная,2,2040.49,5,3876.93,3202.3,674.63,0.174,4,4.1
RM-00326,2026-03-27,Казань,Онлайн,Повторный,Электроника,Смартфоны,4,31760.67,0,127042.68,90906.0,36136.68,0.2844,2,5.0
RM-00433,2026-03-27,Москва,Магазин,Корпоративный,Дом и кухня,Посуда,4,4767.43,0,19069.71,13987.56,5082.15,0.2665,4,5.0
RM-00229,2026-03-28,Екатеринбург,Партнеры,Повторный,Канцтовары,Бумага,6,1245.51,5,7099.42,5451.84,1647.58,0.2321,6,4.4
RM-00537,2026-03-28,Санкт-Петербург,Магазин,Новый,Одежда,Повседневная,1,6296.66,0,6296.66,4441.43,1855.23,0.2946,5,4.4
RM-00539,2026-03-28,Санкт-Петербург,Онлайн,Новый,Спорт,Туризм,4,5817.43,25,17452.29,11827.89,5624.4,0.3223,6,4.6
RM-00714,2026-03-28,Ростов-на-Дону,Онлайн,Повторный,Дом и кухня,Техника для дома,2,5324.32,5,10116.21,7484.24,2631.97,0.2602,5,4.9
RM-00738,2026-03-28,Ростов-на-Дону,Магазин,Повторный,Дом и кухня,Техника для дома,1,8752.08,5,8314.47,5550.5,2763.97,0.3324,7,3.5
RM-00765,2026-03-28,Ростов-на-Дону,Партнеры,Новый,Одежда,Повседневная,2,4486.91,10,8076.43,6635.29,1441.14,0.1784,4,5.0
RM-00831,2026-03-28,Екатеринбург,Магазин,Корпоративный,Одежда,Повседневная,9,3683.28,0,33149.54,21453.92,11695.62,0.3528,6,3.9
RM-00879,2026-03-28,Самара,Партнеры,Повторный,Дом и кухня,Посуда,2,4101.81,10,7383.26,5737.73,1645.54,0.2229,6,4.0
RM-00922,2026-03-28,Екатеринбург,Магазин,Повторный,Спорт,Туризм,6,7924.77,15,40416.34,24631.83,15784.51,0.3905,5,4.4
RM-00941,2026-03-28,Екатеринбург,Онлайн,Корпоративный,Спорт,Туризм,9,6357.68,0,57219.15,34583.11,22636.04,0.3956,5,3.7
RM-00181,2026-03-29,Казань,Партнеры,Повторный,Красота,Парфюмерия,1,1851.3,0,1851.3,1814.98,36.33,0.0196,3,5.0
RM-00379,2026-03-29,Нижний Новгород,Магазин,Новый,Электроника,Смартфоны,1,42584.23,15,36196.6,23171.98,13024.62,0.3598,2,5.0
RM-00466,2026-03-29,Санкт-Петербург,Онлайн,Новый,Спорт,Фитнес,4,8593.46,10,30936.45,21019.81,9916.64,0.3205,4,4.3
RM-00780,2026-03-29,Новосибирск,Онлайн,Новый,Электроника,Смартфоны,5,31907.41,0,159537.05,109337.08,50199.98,0.3147,7,4.0
RM-01010,2026-03-29,Казань,Онлайн,Новый,Электроника,Аксессуары,5,30109.04,25,112908.9,85424.85,27484.05,0.2434,5,4.8
RM-01192,2026-03-29,Ростов-на-Дону,Онлайн,Новый,Одежда,Повседневная,3,4887.72,0,14663.15,10798.11,3865.05,0.2636,3,5.0
RM-00246,2026-03-30,Новосибирск,Онлайн,Повторный,Электроника,Аксессуары,2,35593.6,15,60509.13,43751.4,16757.73,0.2769,3,4.4
RM-00272,2026-03-30,Новосибирск,Магазин,Новый,Спорт,Фитнес,3,7181.22,5,20466.48,15764.49,4701.98,0.2297,6,3.9
RM-00273,2026-03-30,Новосибирск,Партнеры,Повторный,Одежда,Спортивная,2,6027.68,0,12055.37,8577.95,3477.42,0.2885,4,4.7
RM-00513,2026-03-30,Екатеринбург,Магазин,Новый,Дом и кухня,Техника для дома,3,6686.02,5,19055.17,14903.81,4151.36,0.2179,7,3.8
RM-00659,2026-03-30,Екатеринбург,Онлайн,Повторный,Канцтовары,Письменные принадлежности,3,937.2,15,2389.87,2223.32,166.55,0.0697,5,4.2
RM-01173,2026-03-30,Москва,Магазин,Повторный,Дом и кухня,Техника для дома,2,7421.0,5,14099.89,10575.91,3523.99,0.2499,2,4.9
RM-01184,2026-03-30,Нижний Новгород,Магазин,Корпоративный,Одежда,Повседневная,8,6857.06,20,43885.2,27513.42,16371.78,0.3731,5,5.0
RM-00049,2026-03-31,Ростов-на-Дону,Магазин,Повторный,Красота,Парфюмерия,2,4685.05,20,7496.08,5791.04,1705.04,0.2275,5,4.2
RM-00425,2026-03-31,Самара,Магазин,Повторный,Красота,Парфюмерия,4,2409.76,15,8193.18,6469.76,1723.42,0.2103,6,3.9
RM-00576,2026-03-31,Екатеринбург,Онлайн,Корпоративный,Одежда,Повседневная,10,4184.31,0,41843.1,29291.31,12551.79,0.3,4,4.7
RM-00666,2026-03-31,Ростов-на-Дону,Онлайн,Повторный,Спорт,Фитнес,3,7484.7,5,21331.4,14551.94,6779.46,0.3178,7,3.8
RM-00715,2026-03-31,Москва,Онлайн,Повторный,Одежда,Повседневная,2,7811.91,5,14842.63,11512.7,3329.93,0.2243,4,4.8
RM-01020,2026-03-31,Санкт-Петербург,Онлайн,Новый,Спорт,Фитнес,2,9163.32,5,17410.31,13183.73,4226.57,0.2428,2,5.0
RM-01140,2026-03-31,Москва,Магазин,Новый,Спорт,Фитнес,3,6491.17,0,19473.5,14725.08,4748.42,0.2438,5,4.7
RM-00410,2026-04-01,ростов-на-дону,Партнеры,Новый,Дом и кухня,Техника для дома,4,5778.43,0,23113.72,17912.7,5201.02,0.225,3,4.5
RM-00667,2026-04-01,Москва,Онлайн,Повторный,Электроника,Смартфоны,4,17763.39,15,60395.53,40778.88,19616.65,0.3248,2,5.0
RM-01081,2026-04-01,Ростов-на-Дону,Онлайн,Новый,Красота,Уход,1,2539.49,5,2412.52,2199.19,213.32,0.0884,5,3.9
RM-00078,2026-04-02,Москва,Онлайн,Новый,Электроника,Смартфоны,2,32516.98,15,55278.87,34724.35,20554.52,0.3718,2,4.6
RM-00188,2026-04-02,Москва,Партнеры,Повторный,Дом и кухня,Посуда,2,6238.46,5,11853.07,9359.47,2493.61,0.2104,1,5.0
RM-00206,2026-04-02,Казань,Онлайн,Новый,Одежда,Повседневная,4,5643.82,0,22575.28,15269.15,7306.13,0.3236,6,4.6
RM-00261,2026-04-02,Москва,Онлайн,Повторный,Дом и кухня,Посуда,2,6660.31,20,10656.5,6720.02,3936.48,0.3694,5,4.0
RM-00794,2026-04-02,Москва,Онлайн,Новый,Дом и кухня,Посуда,3,7525.35,0,22576.05,15135.19,7440.86,0.3296,1,5.0
RM-00814,2026-04-02,Нижний Новгород,Магазин,Повторный,Электроника,Смартфоны,3,22038.13,5,62808.67,42087.3,20721.37,0.3299,2,5.0
RM-00154,2026-04-03,Нижний Новгород,Партнеры,Новый,Спорт,Туризм,2,4667.48,15,7934.72,6195.89,1738.83,0.2191,3,5.0
RM-00175,2026-04-03,Новосибирск,Магазин,Повторный,Одежда,Повседневная,5,4481.86,20,17927.44,13411.88,4515.56,0.2519,5,3.9
RM-00623,2026-04-03,Самара,Онлайн,Повторный,Красота,Уход,1,2608.48,10,2347.63,2262.65,84.99,0.0362,3,4.5
RM-00877,2026-04-03,Нижний Новгород,Магазин,Повторный,Одежда,Спортивная,1,4553.71,15,3870.65,3468.29,402.37,0.104,2,4.9
RM-01143,2026-04-03,Екатеринбург,Онлайн,Повторный,Одежда,Спортивная,5,5813.13,20,23252.52,16451.35,6801.17,0.2925,5,4.2
RM-01179,2026-04-03,Ростов-на-Дону,Онлайн,Повторный,Одежда,Спортивная,3,4945.94,10,13354.04,8646.99,4707.04,0.3525,5,4.0
RM-01181,2026-04-03,Нижний Новгород,Партнеры,Новый,Канцтовары,Письменные принадлежности,4,841.74,20,2693.57,2224.86,468.71,0.174,2,5.0
RM-00017,2026-04-04,Москва,Онлайн,Повторный,Электроника,Смартфоны,3,34090.93,15,86931.87,66187.65,20744.23,0.2386,2,4.8
RM-00170,2026-04-04,Москва,Онлайн,Повторный,Электроника,Смартфоны,1,13957.93,5,13260.03,8575.5,4684.53,0.3533,5,5.0
RM-00195,2026-04-04,Санкт-Петербург,Онлайн,Новый,Одежда,Спортивная,4,2086.39,0,8345.56,6692.78,1652.78,0.198,4,4.5
RM-00205,2026-04-04,Казань,Онлайн,Новый,Канцтовары,Бумага,3,984.03,10,2656.88,2338.04,318.85,0.12,3,4.7
RM-00269,2026-04-04,Ростов-на-Дону,Магазин,Новый,Канцтовары,Бумага,5,939.89,15,3994.53,3556.2,438.33,0.1097,5,4.0
RM-00270,2026-04-04,Ростов-на-Дону,Магазин,Повторный,Канцтовары,Письменные принадлежности,2,657.53,0,1315.06,1421.98,-106.92,-0.0813,7,4.3
RM-00241,2026-04-05,Новосибирск,Онлайн,Новый,Электроника,Смартфоны,6,25905.61,20,124346.93,78449.37,45897.56,0.3691,3,5.0
RM-00463,2026-04-05,Москва,Партнеры,Новый,Электроника,Смартфоны,3,18844.27,5,53706.17,34901.63,18804.54,0.3501,3,4.7
RM-00678,2026-04-05,Ростов-на-Дону,Магазин,Новый,Дом и кухня,Посуда,3,6393.59,20,15344.62,10464.29,4880.32,0.318,6,4.0
RM-00855,2026-04-05,Нижний Новгород,Партнеры,Повторный,Электроника,Аксессуары,3,29633.41,5,84455.22,53465.21,30990.01,0.3669,3,4.6
RM-00726,2026-04-06,Казань,Магазин,Новый,Красота,Уход,2,3067.55,15,5214.84,4461.69,753.15,0.1444,3,4.8
RM-00834,2026-04-06,Москва,Онлайн,Новый,Дом и кухня,Посуда,4,3241.58,0,12966.32,9187.15,3779.17,0.2915,1,4.9
RM-01088,2026-04-06,Казань,Магазин,Повторный,Канцтовары,Письменные принадлежности,4,1014.99,10,3653.96,3228.53,425.43,0.1164,4,4.3
RM-01127,2026-04-06,Москва,Магазин,Новый,Спорт,Фитнес,2,5752.12,5,10929.03,7848.01,3081.02,0.2819,4,4.7
RM-00354,2026-04-07,Санкт-Петербург,Онлайн,Повторный,Красота,Уход,2,3121.89,15,5307.21,4016.87,1290.34,0.2431,6,4.0
RM-00392,2026-04-07,Москва,Онлайн,Новый,Одежда,Спортивная,5,5822.94,20,23291.76,17948.03,5343.73,0.2294,3,5.0
RM-01061,2026-04-07,Казань,Магазин,Повторный,Одежда,Спортивная,3,5539.82,15,14126.54,10895.67,3230.87,0.2287,4,4.6
RM-00065,2026-04-08,Нижний Новгород,Магазин,Повторный,Дом и кухня,Посуда,5,4671.2,0,23356.0,17480.35,5875.65,0.2516,2,4.7
RM-00232,2026-04-08,Ростов-на-Дону,Магазин,Повторный,Дом и кухня,Посуда,2,6154.77,5,11694.06,9401.35,2292.72,0.1961,4,4.7
RM-00253,2026-04-08,Ростов-на-Дону,Магазин,Повторный,Спорт,Фитнес,2,8244.7,5,15664.93,12329.11,3335.82,0.2129,5,4.1
RM-00263,2026-04-08,Казань,Онлайн,Повторный,Канцтовары,Бумага,2,1120.59,5,2129.12,1978.43,150.69,0.0708,3,5.0
RM-00501,2026-04-08,Москва,Магазин,Повторный,Электроника,Аксессуары,6,11743.54,15,59892.05,41294.83,18597.22,0.3105,4,5.0
RM-00548,2026-04-08,Санкт-Петербург,Онлайн,Повторный,Красота,Уход,1,2058.75,10,1852.88,1610.0,242.87,0.1311,4,3.5
RM-00554,2026-04-08,Санкт-Петербург,Магазин,Корпоративный,Одежда,Спортивная,8,4123.02,15,28036.54,19159.66,8876.88,0.3166,6,3.6
RM-00685,2026-04-08,Санкт-Петербург,Магазин,Повторный,Канцтовары,Бумага,4,546.84,0,2187.36,1857.04,330.32,0.151,3,5.0
RM-01147,2026-04-08,Самара,Онлайн,Новый,Электроника,Смартфоны,3,35555.34,10,95999.42,72509.26,23490.16,0.2447,7,4.2
RM-00184,2026-04-09,Москва,Магазин,Новый,Электроника,Аксессуары,2,17746.53,15,30169.1,22548.7,7620.4,0.2526,1,5.0
RM-00194,2026-04-09,Санкт-Петербург,Онлайн,Повторный,Дом и кухня,Техника для дома,2,4411.83,0,8823.66,6394.49,2429.17,0.2753,6,4.0
RM-00331,2026-04-09,Ростов-на-Дону,Партнеры,Повторный,Красота,Уход,4,3011.15,10,10840.14,8820.44,2019.7,0.1863,5,3.8
RM-00406,2026-04-09,Нижний Новгород,Партнеры,Корпоративный,Канцтовары,Письменные принадлежности,8,765.38,15,5204.58,4000.19,1204.39,0.2314,6,3.5
RM-00858,2026-04-09,Самара,Онлайн,Новый,Одежда,Повседневная,3,5833.16,5,16624.51,12269.97,4354.54,0.2619,5,3.3
RM-01033,2026-04-09,Новосибирск,Онлайн,Новый,Спорт,Туризм,3,5827.5,10,15734.25,12202.03,3532.22,0.2245,4,4.6
RM-00016,2026-04-10,Новосибирск,Магазин,Новый,Электроника,Аксессуары,2,23581.19,20,37729.9,22691.39,15038.52,0.3986,3,5.0
RM-00199,2026-04-10,Самара,Онлайн,Повторный,Красота,Парфюмерия,4,2956.49,15,10052.07,6715.43,3336.63,0.3319,7,3.7
RM-00248,2026-04-10,Москва,Магазин,Повторный,Одежда,Спортивная,3,2460.44,0,7381.32,5788.61,1592.71,0.2158,5,3.7
RM-00370,2026-04-10,Москва,Магазин,Корпоративный,Одежда,Спортивная,7,2590.62,5,17227.62,11215.2,6012.42,0.349,2,5.0
RM-00622,2026-04-10,Москва,Онлайн,Новый,Электроника,Аксессуары,2,19145.12,5,36375.73,26042.63,10333.1,0.2841,3,5.0
RM-00859,2026-04-10,Москва,Онлайн,Повторный,Дом и кухня,Техника для дома,6,4353.85,10,23510.79,15154.3,8356.49,0.3554,2,5.0
RM-00897,2026-04-10,Екатеринбург,Магазин,Корпоративный,Дом и кухня,Посуда,7,5904.95,0,41334.65,29548.68,11785.97,0.2851,7,4.0
RM-01078,2026-04-10,Новосибирск,Магазин,Новый,Электроника,Смартфоны,3,22875.02,0,68625.06,43130.66,25494.4,0.3715,3,4.5
RM-01087,2026-04-10,Казань,Магазин,Повторный,Спорт,Фитнес,2,5076.19,5,9644.76,7919.84,1724.92,0.1788,3,4.5
RM-00588,2026-04-11,Нижний Новгород,Онлайн,Новый,Электроника,Смартфоны,4,24628.45,10,88662.42,65442.17,23220.25,0.2619,6,4.7
RM-00613,2026-04-11,Нижний Новгород,Онлайн,Новый,Спорт,Фитнес,3,8034.87,10,21694.15,15035.17,6658.98,0.3069,5,3.7
RM-00837,2026-04-11,Санкт-Петербург,Магазин,Повторный,Спорт,Туризм,3,4827.26,15,12309.51,8877.56,3431.95,0.2788,5,4.0
RM-01116,2026-04-11,Нижний Новгород,Онлайн,Новый,Электроника,Смартфоны,10,25846.31,5,245539.94,167138.41,78401.54,0.3193,6,3.2
RM-00096,2026-04-12,Санкт-Петербург,Партнеры,Новый,Красота,Уход,3,3458.79,5,9857.55,6783.59,3073.96,0.3118,3,4.5
RM-00114,2026-04-12,Ростов-на-Дону,Магазин,Повторный,Спорт,Туризм,3,7098.25,5,20230.01,12533.28,7696.73,0.3805,6,4.4
RM-00228,2026-04-12,Москва,Партнеры,Новый,Одежда,Спортивная,2,3402.54,0,6805.08,4802.56,2002.52,0.2943,2,5.0
RM-00459,2026-04-12,Новосибирск,Онлайн,Корпоративный,Спорт,Туризм,5,5645.21,15,23992.14,16895.67,7096.47,0.2958,6,4.1
RM-00632,2026-04-12,Екатеринбург,Магазин,Новый,Одежда,Спортивная,6,6259.74,0,37558.44,23864.87,13693.57,0.3646,4,5.0
RM-00898,2026-04-12,Ростов-на-Дону,Магазин,Повторный,Дом и кухня,Посуда,3,5066.21,10,13678.77,9934.96,3743.81,0.2737,3,5.0
RM-00980,2026-04-12,Новосибирск,Магазин,Новый,Дом и кухня,Техника для дома,6,4451.54,5,25373.78,19470.73,5903.05,0.2326,4,4.2
RM-01085,2026-04-12,Москва,Магазин,Новый,Спорт,Фитнес,3,7203.12,15,18367.96,13810.32,4557.64,0.2481,2,4.8
RM-01118,2026-04-12,Москва,Магазин,Корпоративный,Красота,Уход,6,3221.74,15,16430.87,12638.45,3792.43,0.2308,2,5.0
RM-00046,2026-04-13,Москва,Онлайн,Повторный,Одежда,Повседневная,3,4518.31,25,10166.2,7898.11,2268.09,0.2231,2,4.3
RM-00069,2026-04-13,Екатеринбург,Магазин,Новый,Дом и кухня,Посуда,3,5094.77,10,13755.88,10199.7,3556.18,0.2585,4,4.9
RM-00157,2026-04-13,Новосибирск,Онлайн,Повторный,Красота,Уход,3,3259.57,0,9778.71,6607.35,3171.36,0.3243,4,4.3
RM-00219,2026-04-13,Москва,Магазин,Новый,Дом и кухня,Посуда,4,7306.0,5,27762.8,18027.82,9734.98,0.3506,5,4.3
RM-00322,2026-04-13,Москва,Онлайн,Повторный,Одежда,Спортивная,3,5339.13,5,15216.52,9597.35,5619.17,0.3693,2,5.0
RM-00742,2026-04-13,Казань,Магазин,Повторный,Красота,Парфюмерия,2,1980.83,10,3565.49,3321.72,243.78,0.0684,6,4.3
RM-00749,2026-04-13,Казань,Онлайн,Новый,Электроника,Смартфоны,2,31263.51,5,59400.67,42028.35,17372.32,0.2925,3,4.9
RM-00850,2026-04-13,Санкт-Петербург,Онлайн,Новый,Спорт,Фитнес,3,9338.28,10,25213.36,17007.97,8205.39,0.3254,6,3.7
RM-01016,2026-04-13,Новосибирск,Онлайн,Новый,Красота,Парфюмерия,6,3292.46,20,15803.81,12594.05,3209.76,0.2031,4,4.4
RM-01042,2026-04-13,Екатеринбург,Онлайн,Новый,Дом и кухня,Посуда,5,6435.96,0,32179.8,21463.95,10715.85,0.333,6,5.0
RM-00297,2026-04-14,Самара,Онлайн,Повторный,Канцтовары,Бумага,6,1186.01,10,6404.45,4615.09,1789.37,0.2794,7,3.1
RM-00301,2026-04-14,Санкт-Петербург,Онлайн,Новый,Канцтовары,Письменные принадлежности,2,908.54,0,1817.08,1602.76,214.32,0.1179,2,5.0
RM-00420,2026-04-14,Санкт-Петербург,Партнеры,Новый,Одежда,Спортивная,3,2342.46,15,5973.27,4219.14,1754.13,0.2937,3,4.9
RM-00595,2026-04-14,Екатеринбург,Магазин,Повторный,Красота,Уход,3,2486.61,10,6713.85,5237.82,1476.02,0.2198,4,5.0
RM-00605,2026-04-14,Нижний Новгород,Магазин,Повторный,Спорт,Туризм,2,7377.87,0,14755.74,11767.3,2988.44,0.2025,4,3.8
RM-00817,2026-04-14,Самара,Магазин,Повторный,Канцтовары,Бумага,3,1058.54,10,2858.06,2814.15,43.91,0.0154,4,4.4
RM-00931,2026-04-14,Нижний Новгород,Магазин,Повторный,Одежда,Спортивная,4,3543.18,20,11338.18,7644.81,3693.37,0.3257,6,3.5
RM-00151,2026-04-15,Москва,Онлайн,Повторный,Одежда,Повседневная,1,2587.94,10,2329.15,1884.03,445.11,0.1911,5,4.3
RM-00601,2026-04-15,Москва,Онлайн,Новый,Спорт,Фитнес,4,6634.4,5,25210.72,15735.31,9475.41,0.3758,5,5.0
RM-00056,2026-04-16,Екатеринбург,Онлайн,Новый,Красота,Парфюмерия,3,3341.41,15,8520.6,5922.64,2597.96,0.3049,3,5.0
RM-00143,2026-04-17,Нижний Новгород,Магазин,Новый,Электроника,Смартфоны,3,20393.58,5,58121.7,35554.41,22567.29,0.3883,3,4.1
RM-00268,2026-04-17,Екатеринбург,Онлайн,Повторный,Электроника,Аксессуары,2,37983.96,0,75967.92,48453.91,27514.01,0.3622,4,4.6
RM-00300,2026-04-17,Новосибирск,Онлайн,Повторный,Одежда,Спортивная,3,3206.14,5,9137.5,6558.89,2578.61,0.2822,7,4.2
RM-00304,2026-04-17,Москва,Магазин,Новый,Канцтовары,Бумага,2,783.44,0,1566.88,1401.38,165.5,0.1056,5,4.3
RM-00483,2026-04-17,Новосибирск,Магазин,Повторный,Красота,Уход,6,3147.79,5,17942.4,11359.05,6583.36,0.3669,7,3.0
RM-00541,2026-04-17,Москва,Магазин,Новый,Канцтовары,Письменные принадлежности,5,1222.65,25,4584.94,3379.38,1205.55,0.2629,5,4.4
RM-00809,2026-04-17,Санкт-Петербург,Магазин,Повторный,Канцтовары,Бумага,20,791.27,25,11869.05,7464.97,4404.08,0.3711,3,4.7
RM-00905,2026-04-17,Москва,Онлайн,Новый,Дом и кухня,Посуда,2,6150.03,10,11070.05,7778.26,3291.79,0.2974,5,3.6
RM-01057,2026-04-17,Новосибирск,Магазин,Повторный,Одежда,Спортивная,3,3118.51,25,7016.65,5681.65,1334.99,0.1903,6,3.9
RM-00034,2026-04-18,Москва,Магазин,Новый,Дом и кухня,Посуда,3,7064.09,0,21192.27,15065.6,6126.67,0.2891,4,4.3
RM-00239,2026-04-18,Ростов-на-Дону,Онлайн,Повторный,Канцтовары,Бумага,4,1234.82,5,4692.32,3706.52,985.79,0.2101,7,3.0
RM-00587,2026-04-18,Казань,Онлайн,Новый,Красота,Уход,1,1821.76,0,1821.76,1798.83,22.93,0.0126,3,5.0
RM-00597,2026-04-18,Екатеринбург,Онлайн,Повторный,Красота,Парфюмерия,6,2882.77,5,16431.79,12918.57,3513.22,0.2138,6,4.4
RM-00737,2026-04-18,Санкт-Петербург,Онлайн,Новый,Одежда,Повседневная,8,4346.55,10,31295.16,19004.52,12290.64,0.3927,4,4.1
RM-00883,2026-04-18,Новосибирск,Магазин,Новый,Красота,Парфюмерия,3,2886.35,0,8659.05,7057.21,1601.84,0.185,6,4.2
RM-00894,2026-04-18,Новосибирск,Партнеры,Новый,Красота,Уход,4,1712.41,5,6507.16,5470.35,1036.81,0.1593,6,4.3
RM-00068,2026-04-19,Нижний Новгород,Магазин,Повторный,Электроника,Аксессуары,4,23011.16,0,92044.64,65138.97,26905.67,0.2923,3,4.4
RM-00159,2026-04-19,Казань,Онлайн,Новый,Одежда,Спортивная,2,3637.41,20,5819.86,4358.47,1461.38,0.2511,3,4.1
RM-00373,2026-04-19,Ростов-на-Дону,Онлайн,Повторный,Красота,Парфюмерия,5,3428.4,10,15427.8,10716.66,4711.14,0.3054,3,4.8
RM-00572,2026-04-19,Санкт-Петербург,Магазин,Новый,Красота,Парфюмерия,3,2386.88,0,7160.64,5223.91,1936.73,0.2705,4,5.0
RM-01048,2026-04-19,Екатеринбург,Онлайн,Новый,Электроника,Аксессуары,4,21154.07,0,84616.28,63185.86,21430.42,0.2533,7,3.1
RM-00155,2026-04-20,Екатеринбург,Магазин,Повторный,Канцтовары,Письменные принадлежности,1,946.45,20,757.16,1189.72,-432.56,-0.5713,7,4.5
RM-00245,2026-04-20,Москва,Онлайн,Повторный,Спорт,Туризм,3,6607.48,5,18831.32,13772.13,5059.18,0.2687,2,5.0
RM-00302,2026-04-20,Москва,Онлайн,Новый,Красота,Уход,3,3321.95,5,9467.56,6982.63,2484.92,0.2625,2,5.0
RM-00418,2026-04-20,Москва,Онлайн,Новый,Канцтовары,Письменные принадлежности,5,967.89,25,3629.59,2973.87,655.71,0.1807,4,4.9
RM-00534,2026-04-20,Санкт-Петербург,Магазин,Корпоративный,Красота,Парфюмерия,9,4073.96,10,32999.08,22918.07,10081.01,0.3055,5,4.8
RM-00693,2026-04-20,Санкт-Петербург,Партнеры,Повторный,Одежда,Повседневная,2,4192.18,20,6707.49,4701.88,2005.61,0.299,6,3.9
RM-00813,2026-04-20,Нижний Новгород,Магазин,Новый,Дом и кухня,Техника для дома,8,4672.65,0,37381.2,28587.81,8793.39,0.2352,3,4.7
RM-00218,2026-04-21,Екатеринбург,Онлайн,Повторный,Спорт,Туризм,1,10560.85,10,9504.77,7703.06,1801.71,0.1896,7,4.5
RM-00382,2026-04-21,Казань,Онлайн,Корпоративный,Электроника,Смартфоны,7,36653.41,10,230916.48,140391.31,90525.17,0.392,4,4.1
RM-00446,2026-04-21,Москва,Онлайн,Новый,Спорт,Фитнес,6,5488.15,5,31282.45,21227.85,10054.6,0.3214,2,4.6
RM-00618,2026-04-21,Нижний Новгород,Онлайн,Новый,Канцтовары,Письменные принадлежности,3,874.98,25,1968.7,2024.14,-55.44,-0.0282,6,3.8
RM-00648,2026-04-21,Новосибирск,Магазин,Повторный,Канцтовары,Бумага,4,747.75,15,2542.35,2253.02,289.33,0.1138,4,4.4
RM-00800,2026-04-21,Ростов-на-Дону,Онлайн,Повторный,Канцтовары,Письменные принадлежности,4,1023.72,15,3480.65,2823.61,657.04,0.1888,4,4.6
RM-00925,2026-04-21,Нижний Новгород,Онлайн,Повторный,Дом и кухня,Техника для дома,4,10183.45,15,34623.73,22847.24,11776.49,0.3401,3,4.2
RM-00967,2026-04-21,Самара,Магазин,Повторный,Канцтовары,Бумага,3,1206.69,10,3258.06,2896.69,361.38,0.1109,3,5.0
RM-01054,2026-04-21,Москва,Магазин,Повторный,Одежда,Повседневная,3,4776.33,0,14328.99,10049.51,4279.48,0.2987,3,4.9
RM-01064,2026-04-21,Екатеринбург,Онлайн,Новый,Спорт,Туризм,3,4779.49,10,12904.62,9245.79,3658.84,0.2835,4,4.8
RM-00257,2026-04-22,Самара,Магазин,Повторный,Одежда,Спортивная,5,1847.2,10,8312.4,6367.31,1945.09,0.234,4,4.8
RM-00525,2026-04-22,Новосибирск,Партнеры,Новый,Дом и кухня,Техника для дома,4,6876.69,5,26131.42,18698.12,7433.3,0.2845,7,3.7
RM-00702,2026-04-22,Ростов-на-Дону,Магазин,Новый,Красота,Уход,4,2817.93,10,10144.55,8236.32,1908.23,0.1881,7,4.3
RM-00811,2026-04-22,Санкт-Петербург,Магазин,Повторный,Спорт,Фитнес,1,6847.39,10,6162.65,4453.53,1709.12,0.2773,4,5.0
RM-01003,2026-04-22,Екатеринбург,Магазин,Повторный,Канцтовары,Бумага,2,678.61,10,1221.5,1363.59,-142.1,-0.1163,4,4.0
RM-00198,2026-04-23,Казань,Онлайн,Корпоративный,Одежда,Повседневная,9,3560.96,0,32048.64,19328.95,12719.69,0.3969,5,3.9
RM-00634,2026-04-23,Екатеринбург,Магазин,Повторный,Одежда,Спортивная,2,3382.37,10,6088.27,4913.88,1174.38,0.1929,4,4.4
RM-00977,2026-04-23,Москва,Магазин,Повторный,Канцтовары,Бумага,2,1316.61,0,2633.22,2148.69,484.53,0.184,5,4.3
RM-00202,2026-04-24,Самара,Онлайн,Новый,Электроника,Смартфоны,3,19386.33,15,49435.14,34834.84,14600.3,0.2953,5,3.7
RM-00559,2026-04-24,Новосибирск,Онлайн,Повторный,Красота,Уход,3,3666.69,5,10450.07,8276.05,2174.02,0.208,4,5.0
RM-00712,2026-04-24,Новосибирск,Онлайн,Новый,Дом и кухня,Посуда,2,6652.66,10,11974.79,8689.18,3285.6,0.2744,4,5.0
RM-00839,2026-04-24,Нижний Новгород,Партнеры,Новый,Красота,Уход,3,2991.57,5,8525.97,6993.69,1532.29,0.1797,5,5.0
RM-01045,2026-04-24,Москва,Онлайн,Повторный,Канцтовары,Бумага,3,659.36,25,1483.56,1493.89,-10.33,-0.007,1,4.9
RM-01105,2026-04-24,Новосибирск,Магазин,Повторный,Электроника,Смартфоны,3,18927.9,0,56783.7,38500.07,18283.63,0.322,6,5.0
RM-00111,2026-04-25,Москва,Магазин,Новый,Канцтовары,Бумага,2,842.17,20,1347.47,1425.11,-77.64,-0.0576,1,5.0
RM-00165,2026-04-25,Нижний Новгород,Онлайн,Повторный,Электроника,Смартфоны,4,44762.92,0,179051.68,115032.85,64018.83,0.3575,5,4.1
RM-00333,2026-04-25,Москва,Магазин,Повторный,Одежда,Спортивная,4,4659.24,10,16773.26,11008.5,5764.76,0.3437,1,5.0
RM-00505,2026-04-25,Москва,Онлайн,Повторный,Красота,Парфюмерия,2,3450.35,5,6555.66,4247.93,2307.73,0.352,3,5.0
RM-00610,2026-04-25,Санкт-Петербург,Онлайн,Повторный,Электроника,Смартфоны,5,21843.41,5,103756.2,66059.44,37696.76,0.3633,3,5.0
RM-00639,2026-04-25,Санкт-Петербург,Магазин,Повторный,Электроника,Смартфоны,2,30186.68,5,57354.69,43774.25,13580.45,0.2368,3,4.9
RM-00801,2026-04-25,Нижний Новгород,Магазин,Новый,Спорт,Фитнес,3,5497.62,10,14843.57,10406.52,4437.06,0.2989,4,4.6
RM-00819,2026-04-25,Екатеринбург,Магазин,Повторный,Одежда,Повседневная,6,3416.66,5,19474.96,13683.58,5791.38,0.2974,5,4.2
RM-00074,2026-04-26,Ростов-на-Дону,Онлайн,Новый,Электроника,Аксессуары,1,24614.31,10,22152.88,16593.91,5558.96,0.2509,4,4.3
RM-00102,2026-04-26,Ростов-на-Дону,Онлайн,Повторный,Канцтовары,Бумага,5,960.19,10,4320.86,3622.77,698.08,0.1616,3,5.0
RM-00118,2026-04-26,Новосибирск,Онлайн,Повторный,Дом и кухня,Посуда,2,6375.97,20,10201.55,6591.9,3609.65,0.3538,4,4.5
RM-00540,2026-04-26,Казань,Партнеры,Повторный,Одежда,Повседневная,3,3788.13,20,9091.51,6891.07,2200.44,0.242,3,4.3
RM-00845,2026-04-26,Новосибирск,Онлайн,Повторный,Электроника,Аксессуары,2,31317.12,5,59502.53,45446.38,14056.15,0.2362,3,4.6
RM-01148,2026-04-26,Санкт-Петербург,Магазин,Повторный,Канцтовары,Письменные принадлежности,8,736.98,5,5601.05,3839.97,1761.08,0.3144,6,3.8
RM-00084,2026-04-27,Новосибирск,Магазин,Новый,Спорт,Фитнес,3,4584.73,5,13066.48,8530.12,4536.36,0.3472,5,3.7
RM-00624,2026-04-27,Ростов-на-Дону,Магазин,Новый,Одежда,Повседневная,2,4897.84,0,9795.68,7750.77,2044.91,0.2088,4,5.0
RM-01165,2026-04-27,Казань,Онлайн,Новый,Дом и кухня,Посуда,5,3905.33,5,18550.32,13637.02,4913.29,0.2649,6,4.2
RM-00088,2026-04-28,Казань,Онлайн,Повторный,Спорт,Туризм,4,4874.83,5,18524.35,14410.41,4113.95,0.2221,6,3.9
RM-00168,2026-04-28,Нижний Новгород,Магазин,Новый,Красота,Уход,3,2344.74,5,6682.51,5378.1,1304.41,0.1952,3,4.6
RM-00310,2026-04-28,Санкт-Петербург,Онлайн,Повторный,Красота,Парфюмерия,4,3992.56,0,15970.24,12537.14,3433.1,0.215,5,3.8
RM-00329,2026-04-28,Санкт-Петербург,Онлайн,Корпоративный,Дом и кухня,Техника для дома,5,5445.7,5,25867.07,16578.36,9288.71,0.3591,3,5.0
RM-00337,2026-04-28,Нижний Новгород,Онлайн,Повторный,Дом и кухня,Техника для дома,4,4683.08,0,18732.32,12231.08,6501.24,0.3471,2,5.0
RM-01130,2026-04-28,Москва,Онлайн,Новый,Канцтовары,Письменные принадлежности,2,683.37,15,1161.73,1180.2,-18.47,-0.0159,2,5.0
RM-00015,2026-04-29,Новосибирск,Партнеры,Новый,Дом и кухня,Посуда,5,5869.1,10,26410.95,18200.15,8210.8,0.3109,3,5.0
RM-00414,2026-04-29,Самара,Онлайн,Повторный,Одежда,Повседневная,3,2803.95,5,7991.26,6116.36,1874.9,0.2346,3,5.0
RM-00517,2026-04-29,Москва,Онлайн,Корпоративный,Дом и кухня,Посуда,9,7290.88,5,62337.02,42084.15,20252.87,0.3249,1,5.0
RM-00663,2026-04-29,Самара,Магазин,Корпоративный,Дом и кухня,Посуда,7,4278.85,10,26956.76,18592.95,8363.81,0.3103,6,4.1
RM-00835,2026-04-29,Екатеринбург,Онлайн,Новый,Канцтовары,Бумага,5,863.47,20,3453.88,3066.8,387.08,0.1121,3,
RM-00862,2026-04-29,Нижний Новгород,Магазин,Новый,Одежда,Повседневная,4,3375.6,10,12152.16,8992.83,3159.33,0.26,6,4.1
RM-01040,2026-04-29,Самара,Онлайн,Новый,Красота,Уход,1,1510.24,5,1434.73,1552.27,-117.54,-0.0819,6,3.8
RM-01110,2026-04-29,Нижний Новгород,Онлайн,Новый,Канцтовары,Письменные принадлежности,5,893.45,20,3573.8,3338.85,234.95,0.0657,2,5.0
RM-00124,2026-04-30,Ростов-на-Дону,Онлайн,Новый,Одежда,Повседневная,5,3469.25,15,14744.31,10327.48,4416.84,0.2996,6,3.8
RM-00271,2026-04-30,Казань,Партнеры,Повторный,Дом и кухня,Посуда,4,3447.26,15,11720.68,8300.02,3420.66,0.2918,4,3.8
RM-00440,2026-04-30,Санкт-Петербург,Онлайн,Корпоративный,Одежда,Спортивная,9,3320.95,15,25405.27,18507.41,6897.86,0.2715,5,4.3
RM-00756,2026-04-30,Новосибирск,Магазин,Новый,Одежда,Повседневная,2,5087.87,25,7631.8,6328.77,1303.04,0.1707,3,4.2
RM-00826,2026-04-30,Москва,Онлайн,Повторный,Канцтовары,Бумага,2,1243.37,5,2362.4,1930.14,432.26,0.183,4,4.2
RM-00838,2026-04-30,Нижний Новгород,Онлайн,Повторный,Красота,Уход,3,3660.56,15,9334.43,7522.15,1812.28,0.1941,4,3.7
RM-00032,2026-05-01,Москва,Магазин,Новый,Одежда,Спортивная,6,5624.64,20,26998.28,16595.67,10402.62,0.3853,4,4.2
RM-00327,2026-05-01,Самара,Магазин,Повторный,Красота,Уход,5,1994.97,10,8977.36,6313.16,2664.2,0.2968,4,4.1
RM-00385,2026-05-01,Екатеринбург,Онлайн,Повторный,Спорт,Туризм,6,8758.84,20,42042.42,27468.81,14573.61,0.3466,6,3.8
RM-00434,2026-05-01,Москва,Магазин,Корпоративный,Электроника,Аксессуары,8,32822.92,5,249454.19,173959.49,75494.7,0.3026,4,3.6
RM-00487,2026-05-01,Екатеринбург,Магазин,Повторный,Дом и кухня,Техника для дома,3,3577.57,10,9659.44,7487.01,2172.42,0.2249,7,4.4
RM-00704,2026-05-01,Казань,Магазин,Новый,Дом и кухня,Посуда,2,6293.72,10,11328.69,7427.72,3900.97,0.3443,4,4.5
RM-00832,2026-05-01,Санкт-Петербург,Онлайн,Повторный,Одежда,Спортивная,6,3820.14,20,18336.66,12012.51,6324.15,0.3449,4,5.0
RM-00875,2026-05-01,Новосибирск,Магазин,Повторный,Дом и кухня,Посуда,4,3473.96,10,12506.27,9666.73,2839.54,0.227,3,5.0
RM-00969,2026-05-01,Москва,Онлайн,Новый,Электроника,Смартфоны,2,24162.63,5,45909.0,29729.6,16179.4,0.3524,3,5.0
RM-01014,2026-05-01,Москва,Магазин,Повторный,Спорт,Туризм,3,6074.53,10,16401.22,12049.31,4351.91,0.2653,4,3.6
RM-01068,2026-05-01,Екатеринбург,Онлайн,Повторный,Одежда,Спортивная,3,4439.07,10,11985.5,9491.8,2493.7,0.2081,3,5.0
RM-01070,2026-05-01,Москва,Партнеры,Новый,Одежда,Повседневная,27,3225.3,10,78374.79,59749.5,18625.29,0.2376,3,4.7
RM-01071,2026-05-01,Ростов-на-Дону,Онлайн,Новый,Электроника,Аксессуары,2,18634.01,10,33541.22,23135.62,10405.6,0.3102,4,4.1
RM-00095,2026-05-02,Москва,Магазин,Новый,Электроника,Аксессуары,2,27497.48,15,46745.71,34197.51,12548.2,0.2684,1,4.8
RM-00680,2026-05-02,Москва,Онлайн,Повторный,Спорт,Туризм,5,3924.45,15,16678.91,10883.83,5795.08,0.3474,2,
RM-00890,2026-05-02,Казань,Партнеры,Новый,Спорт,Фитнес,3,4245.35,15,10825.65,8444.29,2381.36,0.22,2,5.0
RM-01062,2026-05-02,Казань,Онлайн,Новый,Красота,Уход,2,2330.52,5,4427.98,3222.11,1205.87,0.2723,2,5.0
RM-01126,2026-05-02,Нижний Новгород,Онлайн,Новый,Дом и кухня,Посуда,3,4521.51,25,10173.41,7476.6,2696.8,0.2651,3,5.0
RM-00332,2026-05-03,Новосибирск,Магазин,Новый,Дом и кухня,Посуда,3,9037.83,10,24402.14,15721.12,8681.02,0.3557,4,4.0
RM-00451,2026-05-03,Москва,Магазин,Повторный,Одежда,Спортивная,1,2811.07,10,2529.96,2222.59,307.37,0.1215,2,4.3
RM-00531,2026-05-03,Санкт-Петербург,Магазин,Повторный,Спорт,Фитнес,3,5115.56,10,13812.02,9716.75,4095.27,0.2965,6,3.7
RM-00772,2026-05-03,Ростов-на-Дону,Онлайн,Новый,Дом и кухня,Посуда,3,3452.39,0,10357.18,8354.24,2002.94,0.1934,4,4.7
RM-00822,2026-05-03,Нижний Новгород,Онлайн,Повторный,Одежда,Спортивная,5,4185.14,5,19879.4,15684.37,4195.03,0.211,4,5.0
RM-00844,2026-05-03,Самара,Онлайн,Повторный,Дом и кухня,Техника для дома,5,3699.63,5,17573.26,11112.56,6460.7,0.3676,4,4.0
RM-01072,2026-05-03,Казань,Онлайн,Новый,Одежда,Спортивная,3,3385.6,15,8633.27,6988.04,1645.22,0.1906,4,4.9
RM-01115,2026-05-03,Нижний Новгород,Онлайн,Новый,Одежда,Спортивная,1,5138.04,0,5138.04,4126.74,1011.3,0.1968,5,4.5
RM-00058,2026-05-04,Екатеринбург,Онлайн,Повторный,Спорт,Фитнес,1,9027.26,20,7221.81,5394.99,1826.82,0.253,6,3.9
RM-00122,2026-05-04,Москва,Онлайн,Повторный,Дом и кухня,Посуда,2,5284.51,10,9512.12,7560.14,1951.98,0.2052,3,5.0
RM-00251,2026-05-04,Санкт-Петербург,Магазин,Повторный,Одежда,Спортивная,2,3762.39,0,7524.77,5852.41,1672.37,0.2222,3,5.0
RM-00478,2026-05-04,Екатеринбург,Магазин,Повторный,Одежда,Повседневная,2,3025.65,15,5143.61,4514.13,629.48,0.1224,6,4.4
RM-00652,2026-05-04,Казань,Магазин,Корпоративный,Красота,Уход,3,6036.08,25,13581.17,9249.98,4331.2,0.3189,6,4.2
RM-00731,2026-05-04,Санкт-Петербург,Онлайн,Повторный,Одежда,Спортивная,6,4947.63,0,29685.8,20017.09,9668.71,0.3257,2,5.0
RM-00914,2026-05-04,Санкт-Петербург,Партнеры,Повторный,Дом и кухня,Техника для дома,6,6320.44,0,37922.66,25705.32,12217.34,0.3222,4,4.6
RM-00938,2026-05-04,Казань,Онлайн,Корпоративный,Канцтовары,Письменные принадлежности,6,622.7,15,3175.77,2522.81,652.96,0.2056,5,3.6
RM-01051,2026-05-04,Санкт-Петербург,Магазин,Новый,Одежда,Повседневная,2,4567.15,5,8677.58,6772.73,1904.86,0.2195,3,4.3
RM-01188,2026-05-04,Нижний Новгород,Магазин ,Новый,Спорт,Туризм,4,5400.91,0,21603.63,13858.36,7745.26,0.3585,6,3.4
RM-00344,2026-05-05,Самара,Онлайн,Новый,Красота,Парфюмерия,3,2892.3,20,6941.53,5786.42,1155.11,0.1664,5,4.0
RM-00480,2026-05-05,Москва,Магазин,Корпоративный,Одежда,Спортивная,8,2877.86,10,20720.57,15590.82,5129.75,0.2476,5,3.7
RM-00544,2026-05-05,Казань,Онлайн,Повторный,Красота,Уход,3,2314.95,0,6944.84,5342.2,1602.64,0.2308,4,4.9
RM-00615,2026-05-05,Ростов-на-Дону,Онлайн,Повторный,Дом и кухня,Техника для дома,3,5950.28,20,14280.66,11245.83,3034.84,0.2125,5,3.7
RM-00733,2026-05-05,Санкт-Петербург,Магазин,Новый,Одежда,Спортивная,3,4441.92,25,9994.33,7669.25,2325.07,0.2326,6,4.3
RM-00959,2026-05-05,Екатеринбург,Магазин,Повторный,Спорт,Фитнес,3,4149.05,0,12447.15,9480.97,2966.18,0.2383,5,4.2
RM-01063,2026-05-05,Самара,Магазин,Повторный,Одежда,Спортивная,3,4671.78,10,12613.82,8451.22,4162.6,0.33,6,3.8
RM-01193,2026-05-05,Самара,Партнеры,Повторный,Спорт,Фитнес,2,9189.5,15,15622.15,9884.07,5738.08,0.3673,7,3.9
RM-00030,2026-05-06,Санкт-Петербург,Магазин,Новый,Электроника,Смартфоны,2,21736.12,0,43472.25,30826.35,12645.9,0.2909,6,3.6
RM-00177,2026-05-06,Москва,Магазин,Новый,Спорт,Туризм,5,8717.87,15,37050.96,24560.7,12490.26,0.3371,4,4.7
RM-00438,2026-05-06,Москва,Онлайн,Новый,Спорт,Фитнес,7,5680.63,25,29823.28,20210.4,9612.88,0.3223,4,4.6
RM-00604,2026-05-06,Казань,Магазин,Повторный,Канцтовары,Бумага,7,842.8,0,5899.57,4437.23,1462.33,0.2479,4,4.8
RM-00790,2026-05-06,Ростов-на-Дону,Онлайн,Новый,Одежда,Спортивная,2,3421.27,0,6842.53,4819.02,2023.51,0.2957,4,4.5
RM-00854,2026-05-06,Санкт-Петербург,Онлайн,Корпоративный,Спорт,Фитнес,3,9259.03,15,23610.52,16552.17,7058.35,0.2989,5,4.2
RM-01000,2026-05-06,Екатеринбург,Онлайн,Новый,Одежда,Спортивная,3,4359.45,15,11116.6,8592.05,2524.55,0.2271,7,4.3
RM-01018,2026-05-06,Новосибирск,Магазин,Новый,Одежда,Спортивная,2,4208.31,10,7574.95,6138.78,1436.17,0.1896,5,3.4
RM-01038,2026-05-06,Москва,Онлайн,Новый,Дом и кухня,Техника для дома,6,8847.13,10,47774.53,33987.4,13787.12,0.2886,5,4.7
RM-00038,2026-05-07,Новосибирск,Онлайн,Новый,Красота,Парфюмерия,3,1843.81,5,5254.85,3994.9,1259.95,0.2398,3,4.4
RM-00164,2026-05-07,Нижний Новгород,Онлайн,Новый,Канцтовары,Письменные принадлежности,3,876.25,0,2628.76,2224.77,403.99,0.1537,2,4.9
RM-00256,2026-05-07,Казань,Партнеры,Корпоративный,Дом и кухня,Техника для дома,5,6336.1,0,31680.48,21299.92,10380.56,0.3277,2,5.0
RM-00400,2026-05-07,Москва,Магазин,Повторный,Спорт,Туризм,1,7578.92,5,7199.97,5414.83,1785.14,0.2479,1,5.0
RM-00758,2026-05-07,Москва,Онлайн,Повторный,Одежда,Повседневная,1,4630.86,10,4167.77,3017.67,1150.11,0.276,4,4.8
RM-00829,2026-05-07,Москва,Онлайн,Повторный,Дом и кухня,Техника для дома,2,4639.24,5,8814.56,6920.99,1893.57,0.2148,1,5.0
RM-00903,2026-05-07,Санкт-Петербург,Онлайн,Корпоративный,Дом и кухня,Посуда,9,4580.63,5,39164.37,29457.48,9706.89,0.2479,2,4.5
RM-00988,2026-05-07,Екатеринбург,Онлайн,Корпоративный,Одежда,Повседневная,9,3419.02,10,27694.07,17296.91,10397.16,0.3754,5,4.2
RM-00087,2026-05-08,Санкт-Петербург,Партнеры,Новый,Электроника,Аксессуары,1,20069.96,0,20069.96,13759.31,6310.65,0.3144,5,3.6
RM-00132,2026-05-08,Санкт-Петербург,Онлайн,Корпоративный,Спорт,Туризм,4,6792.82,10,24454.16,16560.47,7893.69,0.3228,5,3.8
RM-00591,2026-05-08,Новосибирск,Онлайн,Повторный,Электроника,Аксессуары,4,15811.85,0,63247.39,38736.42,24510.97,0.3875,4,3.8
RM-00779,2026-05-08,Москва,Магазин,Новый,Дом и кухня,Посуда,6,8599.25,20,41276.4,25502.93,15773.47,0.3821,1,5.0
RM-00362,2026-05-09,Новосибирск,Магазин,Новый,Спорт,Туризм,2,6288.67,15,10690.74,7729.19,2961.56,0.277,7,4.8
RM-01161,2026-05-09,Екатеринбург,Магазин,Новый,Спорт,Фитнес,3,4454.89,20,10691.74,7589.75,3101.99,0.2901,4,4.5
RM-00092,2026-05-10,Новосибирск,Онлайн,Корпоративный,Дом и кухня,Посуда,6,4623.4,5,26353.4,20064.23,6289.17,0.2386,3,4.8
RM-00126,2026-05-10,Санкт-Петербург,Магазин,Новый,Красота,Уход,3,4062.64,5,11578.51,9078.8,2499.71,0.2159,6,4.1
RM-00306,2026-05-10,Самара,Онлайн,Повторный,Канцтовары,Письменные принадлежности,3,899.43,10,2428.47,2247.09,181.38,0.0747,3,5.0
RM-00356,2026-05-10,Казань,Магазин,Новый,Красота,Уход,1,2671.69,0,2671.69,2297.64,374.05,0.14,4,4.5
RM-00535,2026-05-10,Москва,Онлайн,Повторный,Красота,Уход,4,2780.33,10,10009.17,7102.87,2906.3,0.2904,1,5.0
RM-00928,2026-05-10,Санкт-Петербург,Онлайн,Повторный,Красота,Уход,3,3639.97,15,9281.92,7094.34,2187.58,0.2357,5,3.4
RM-00125,2026-05-11,Ростов-на-Дону,Онлайн,Новый,Красота,Парфюмерия,2,2766.13,0,5532.26,4061.72,1470.54,0.2658,6,4.8
RM-00294,2026-05-11,Нижний Новгород,Магазин,Корпоративный,Канцтовары,Бумага,4,553.69,10,1993.27,1857.44,135.83,0.0681,3,5.0
RM-00366,2026-05-11,Москва,Онлайн,Повторный,Одежда,Повседневная,1,4277.93,10,3850.13,2686.77,1163.37,0.3022,4,5.0
RM-00533,2026-05-11,Москва,Онлайн,Повторный,Одежда,Повседневная,3,2504.72,10,6762.73,4932.62,1830.11,0.2706,4,4.4
RM-00752,2026-05-11,Казань,Магазин,Новый,Одежда,Спортивная,2,2918.6,0,5837.21,4330.06,1507.15,0.2582,3,4.8
RM-00763,2026-05-11,Казань,Онлайн,Новый,Спорт,Туризм,2,8249.98,5,15674.96,10003.42,5671.54,0.3618,3,4.5
RM-00787,2026-05-11,Ростов-на-Дону,Онлайн,Новый,Красота,Парфюмерия,2,3256.31,10,5861.36,4067.5,1793.86,0.306,6,4.2
RM-00892,2026-05-11,Москва,Онлайн,Повторный,Дом и кухня,Посуда,3,5475.49,5,15605.13,10079.63,5525.5,0.3541,3,4.8
RM-01022,2026-05-11,Ростов-на-Дону,Магазин,Новый,Одежда,Повседневная,6,2887.19,15,14724.65,11549.32,3175.33,0.2156,5,3.4
RM-00008,2026-05-12,Москва,Онлайн,Повторный,Одежда,Спортивная,2,6299.47,5,11968.99,8860.41,3108.57,0.2597,2,5.0
RM-00367,2026-05-12,Санкт-Петербург,Магазин,Повторный,Дом и кухня,Техника для дома,2,6366.69,10,11460.05,7590.83,3869.22,0.3376,6,3.8
RM-00866,2026-05-12,Самара,Онлайн,Повторный,Канцтовары,Бумага,5,631.81,15,2685.19,2682.1,3.1,0.0012,5,4.0
RM-00975,2026-05-12,Новосибирск,Онлайн,Повторный,Спорт,Туризм,4,11135.2,15,37859.67,24311.41,13548.26,0.3579,3,5.0
RM-01056,2026-05-12,Нижний Новгород,Партнеры,Новый,Электроника,Аксессуары,3,26846.19,10,72484.7,42803.6,29681.1,0.4095,4,4.4
RM-00402,2026-05-13,Ростов-на-Дону,Онлайн,Новый,Красота,Уход,18,1820.66,5,31133.2,21368.67,9764.54,0.3136,3,5.0
RM-00569,2026-05-13,Екатеринбург,Онлайн,Новый,Дом и кухня,Техника для дома,6,6204.26,10,33502.98,22317.09,11185.89,0.3339,6,3.6
RM-00741,2026-05-13,Москва,Онлайн,Новый,Спорт,Туризм,4,5660.42,20,18113.34,13829.2,4284.14,0.2365,3,5.0
RM-00759,2026-05-13,Новосибирск,Онлайн,Новый,Одежда,Спортивная,3,5315.97,25,11960.93,8212.4,3748.54,0.3134,5,4.3
RM-01026,2026-05-13,Ростов-на-Дону,Магазин,Повторный,Канцтовары,Бумага,4,871.86,10,3138.71,2508.52,630.19,0.2008,5,4.1
RM-01096,2026-05-13,Казань,Магазин,Повторный,Канцтовары,Бумага,4,862.77,15,2933.43,2436.77,496.66,0.1693,3,5.0
RM-00010,2026-05-14,Екатеринбург,Онлайн,Новый,Электроника,Смартфоны,7,21880.85,15,130191.06,99047.61,31143.45,0.2392,5,4.4
RM-00031,2026-05-14,Новосибирск,Магазин,Повторный,Красота,Уход,5,2224.1,10,10008.46,7717.04,2291.42,0.2289,3,4.5
RM-00217,2026-05-14,Москва,Магазин,Новый,Электроника,Аксессуары,3,25297.78,15,64509.34,40244.68,24264.66,0.3761,4,5.0
RM-00650,2026-05-14,Екатеринбург,Онлайн,Новый,Спорт,Фитнес,4,5960.1,15,20264.36,12864.12,7400.24,0.3652,7,4.2
RM-00991,2026-05-14,Москва,Онлайн,Повторный,Красота,Парфюмерия,4,4405.47,10,15859.7,10205.21,5654.49,0.3565,3,5.0
RM-01157,2026-05-14,Самара,Магазин,Новый,Дом и кухня,Техника для дома,2,6460.54,0,12921.08,9431.79,3489.29,0.27,4,4.7
RM-00012,2026-05-15,Москва,Онлайн,Повторный,Дом и кухня,Посуда,2,5447.5,5,10350.25,7857.39,2492.85,0.2408,1,5.0
RM-00709,2026-05-15,Санкт-Петербург,Онлайн,Повторный,Одежда,Спортивная,5,3788.45,15,16100.91,10978.21,5122.7,0.3182,6,4.6
RM-00724,2026-05-15,Москва,Магазин,Новый,Канцтовары,Письменные принадлежности,6,878.98,10,4746.47,3845.68,900.8,0.1898,2,4.5
RM-00815,2026-05-15,Казань,Онлайн,Корпоративный,Электроника,Аксессуары,8,24865.39,15,169084.66,110699.77,58384.9,0.3453,4,4.7
RM-01044,2026-05-15,Екатеринбург,Магазин,Новый,Дом и кухня,Техника для дома,2,3661.59,15,6224.7,5347.59,877.11,0.1409,5,4.1
RM-01083,2026-05-15,Екатеринбург,Онлайн,Повторный,Красота,Парфюмерия,4,2618.29,0,10473.17,7471.06,3002.12,0.2866,4,4.7
RM-00162,2026-05-16,Москва,Онлайн,Новый,Красота,Уход,1,2499.9,0,2499.9,2263.89,236.01,0.0944,4,4.2
RM-00545,2026-05-16,Нижний Новгород,Онлайн,Повторный,Электроника,Смартфоны,2,21279.82,5,40431.67,27995.83,12435.84,0.3076,4,4.5
RM-00641,2026-05-16,Москва,Онлайн,Повторный,Спорт,Фитнес,4,6694.47,15,22761.2,15924.32,6836.88,0.3004,5,4.1
RM-00812,2026-05-16,Москва,Партнеры,Новый,Спорт,Фитнес,4,5681.79,25,17045.37,10409.57,6635.8,0.3893,3,4.5
RM-00856,2026-05-16,Ростов-на-Дону,Магазин,Корпоративный,Электроника,Смартфоны,7,30879.73,5,205350.22,155488.61,49861.6,0.2428,5,4.8
RM-01166,2026-05-16,Санкт-Петербург,Онлайн,Корпоративный,Электроника,Аксессуары,8,29044.13,0,232353.06,154057.93,78295.12,0.337,4,4.2
RM-00140,2026-05-17,Санкт-Петербург,Онлайн,Повторный,Дом и кухня,Посуда,2,6197.15,15,10535.16,8359.9,2175.26,0.2065,4,4.8
RM-00350,2026-05-17,Нижний Новгород,Магазин,Повторный,Спорт,Фитнес,2,9036.83,10,16266.29,12440.52,3825.77,0.2352,2,5.0
RM-00511,2026-05-17,Самара,Онлайн,Повторный,Красота,Уход,2,2855.65,5,5425.74,4648.24,777.5,0.1433,3,5.0
RM-00527,2026-05-17,Санкт-Петербург,Магазин,Повторный,Одежда,Спортивная,5,2415.77,10,10870.98,6943.53,3927.45,0.3613,2,
RM-00972,2026-05-17,Нижний Новгород,Онлайн,Новый,Спорт,Фитнес,2,8427.22,5,16011.73,11500.69,4511.04,0.2817,6,4.1
RM-01146,2026-05-17,Санкт-Петербург,Онлайн,Корпоративный,Красота,Парфюмерия,9,2898.22,10,23475.58,15223.63,8251.95,0.3515,3,5.0
RM-00009,2026-05-18,Казань,Онлайн,Повторный,Одежда,Повседневная,4,5116.21,10,18418.35,14233.51,4184.84,0.2272,3,5.0
RM-00027,2026-05-18,Ростов-на-Дону,Онлайн,Новый,Электроника,Аксессуары,3,14144.69,5,40312.36,26565.49,13746.86,0.341,7,3.8
RM-00033,2026-05-18,Москва,Онлайн,Повторный,Спорт,Туризм,1,4113.94,0,4113.94,3213.64,900.3,0.2188,4,4.7
RM-00119,2026-05-18,Санкт-Петербург,Магазин,Новый,Дом и кухня,Техника для дома,2,4911.54,20,7858.46,5110.74,2747.72,0.3497,3,5.0
RM-00212,2026-05-18,Самара,Онлайн,Корпоративный,Спорт,Туризм,10,5817.47,10,52357.22,31413.39,20943.83,0.4,7,4.1
RM-00357,2026-05-18,Санкт-Петербург,Партнеры,Корпоративный,Одежда,Спортивная,13,3165.76,0,41154.88,28546.98,12607.9,0.3064,5,4.2
RM-00421,2026-05-18,Казань,Онлайн,Новый,Дом и кухня,Посуда,4,8201.47,5,31165.59,19037.49,12128.1,0.3892,4,5.0
RM-00653,2026-05-18,Екатеринбург,Онлайн,Повторный,Спорт,Фитнес,3,9005.74,15,22964.65,14269.01,8695.64,0.3787,6,3.8
RM-00719,2026-05-18,Нижний Новгород,Магазин,Повторный,Одежда,Спортивная,1,6657.33,0,6657.33,5401.11,1256.22,0.1887,3,4.3
RM-01152,2026-05-18,Ростов-на-Дону,Онлайн,Повторный,Канцтовары,Бумага,3,687.71,5,1959.97,2060.86,-100.89,-0.0515,6,3.8
RM-01180,2026-05-18,Ростов-на-Дону,Онлайн,Повторный,Спорт,Фитнес,2,5349.92,5,10164.84,7099.06,3065.78,0.3016,6,4.7
RM-00089,2026-05-19,Нижний Новгород,Онлайн,Повторный,Спорт,Туризм,3,6463.96,15,16483.11,10766.25,5716.86,0.3468,3,3.9
RM-00139,2026-05-19,Новосибирск,Магазин,Новый,Канцтовары,Письменные принадлежности,1,1165.56,10,1049.0,1312.87,-263.87,-0.2515,4,4.8
RM-00266,2026-05-19,Нижний Новгород,Магазин,Новый,Дом и кухня,Посуда,6,4355.15,10,23517.79,17064.21,6453.57,0.2744,2,5.0
RM-00479,2026-05-19,нижний новгород,Онлайн,Новый,Спорт,Фитнес,5,8997.41,10,40488.36,28975.75,11512.62,0.2843,2,5.0
RM-00530,2026-05-19,Екатеринбург,Онлайн,Новый,Дом и кухня,Посуда,3,5041.32,5,14367.75,11126.95,3240.8,0.2256,6,4.5
RM-00580,2026-05-19,Нижний Новгород,Онлайн,Повторный,Электроника,Смартфоны,3,31351.37,15,79946.0,58888.57,21057.43,0.2634,3,5.0
RM-00657,2026-05-19,Москва,Магазин,Новый,Одежда,Повседневная,2,3924.99,15,6672.49,4867.77,1804.72,0.2705,1,5.0
RM-00677,2026-05-19,Москва,Онлайн,Новый,Спорт,Туризм,2,3891.19,5,7393.26,5407.59,1985.68,0.2686,3,4.5
RM-00700,2026-05-19,Москва,Магазин,Повторный,Красота,Уход,2,3091.2,10,5564.16,4467.57,1096.6,0.1971,3,5.0
RM-00784,2026-05-19,Москва,Партнеры,Новый,Электроника,Смартфоны,3,17660.12,10,47682.31,28570.06,19112.25,0.4008,4,4.5
RM-00958,2026-05-19,Казань,Магазин,Повторный,Дом и кухня,Посуда,5,6447.68,5,30626.47,23389.35,7237.12,0.2363,3,4.9
RM-00968,2026-05-19,Санкт-Петербург,Магазин,Новый,Спорт,Туризм,3,8579.5,5,24451.58,15902.01,8549.56,0.3497,5,4.0
RM-01137,2026-05-19,Екатеринбург,Партнеры,Корпоративный,Спорт,Фитнес,9,7127.39,10,57731.86,41099.52,16632.34,0.2881,7,2.7
RM-00133,2026-05-20,Самара,Партнеры,Повторный,Одежда,Повседневная,3,5599.64,0,16798.92,12512.31,4286.61,0.2552,3,5.0
RM-00320,2026-05-20,Казань,Онлайн,Повторный,Дом и кухня,Техника для дома,4,6323.71,15,21500.61,15978.75,5521.87,0.2568,5,3.9
RM-00596,2026-05-20,Москва,Онлайн,Повторный,Одежда,Повседневная,2,3812.01,10,6861.61,4925.62,1935.99,0.2821,2,4.5
RM-00803,2026-05-20,Нижний Новгород,Партнеры,Повторный,Канцтовары,Письменные принадлежности,3,1489.79,15,3798.96,2930.66,868.3,0.2286,5,4.0
RM-00989,2026-05-20,Санкт-Петербург,Магазин,Новый,Красота,Парфюмерия,2,2822.05,10,5079.69,4058.2,1021.49,0.2011,4,3.9
RM-00094,2026-05-21,Москва,Партнеры,Новый,Канцтовары,Бумага,3,1146.66,10,3095.99,2652.91,443.07,0.1431,5,4.6
RM-00349,2026-05-21,Санкт-Петербург,Магазин,Повторный,Канцтовары,Бумага,2,784.57,20,1255.3,1178.23,77.08,0.0614,4,5.0
RM-00374,2026-05-21,Новосибирск,Магазин,Новый,Красота,Парфюмерия,4,3633.23,5,13806.27,9701.36,4104.91,0.2973,5,4.8
RM-00481,2026-05-21,Новосибирск,Партнеры,Новый,Спорт,Фитнес,4,3612.52,10,13005.08,10072.3,2932.78,0.2255,5,4.4
RM-00593,2026-05-21,Москва,Партнеры,Повторный,Электроника,Аксессуары,5,22938.47,20,91753.88,68310.39,23443.49,0.2555,3,3.8
RM-01109,2026-05-21,Екатеринбург,Онлайн,Повторный,Красота,Уход,5,2694.27,20,10777.06,6925.77,3851.29,0.3574,3,4.8
RM-00426,2026-05-22,Москва,Онлайн,Новый,Канцтовары,Письменные принадлежности,6,723.56,5,4124.29,2883.44,1240.84,0.3009,1,5.0
RM-00110,2026-05-23,Ростов-на-Дону,Магазин,Новый,Дом и кухня,Посуда,5,5197.6,5,24688.59,19075.55,5613.04,0.2274,4,5.0
RM-00319,2026-05-23,Ростов-на-Дону,Партнеры,Повторный,Электроника,Смартфоны,1,13896.9,10,12507.21,8353.93,4153.28,0.3321,4,4.4
RM-00608,2026-05-23,Самара,Магазин,Корпоративный,Дом и кухня,Посуда,6,6952.14,5,39627.2,27571.82,12055.37,0.3042,7,4.5
RM-00204,2026-05-24,Новосибирск,Онлайн,Повторный,Одежда,Повседневная,4,3786.28,25,11358.83,7394.03,3964.79,0.349,5,4.2
RM-00225,2026-05-24,Ростов-на-Дону,Онлайн,Новый,Дом и кухня,Техника для дома,1,9517.75,10,8565.97,6162.49,2403.49,0.2806,6,4.7
RM-00351,2026-05-24,Москва,Онлайн,Новый,Красота,Парфюмерия,4,2545.73,25,7637.2,6157.88,1479.32,0.1937,5,4.0
RM-00510,2026-05-24,Екатеринбург,Магазин,Новый,Электроника,Аксессуары,5,18448.22,15,78404.92,50849.08,27555.84,0.3515,7,3.5
RM-00913,2026-05-24,Санкт-Петербург,Онлайн,Повторный,Одежда,Повседневная,4,6031.65,0,24126.59,18211.99,5914.59,0.2451,2,5.0
RM-00923,2026-05-24,Екатеринбург,Партнеры,Корпоративный,Дом и кухня,Техника для дома,6,3935.82,15,20072.67,13759.43,6313.24,0.3145,4,3.9
RM-01059,2026-05-24,Москва,Онлайн,Корпоративный,Одежда,Повседневная,9,3126.81,25,21105.98,14351.36,6754.62,0.32,2,4.9
RM-00079,2026-05-25,Москва,Онлайн,Новый,Спорт,Туризм,3,7483.22,10,20204.68,15329.02,4875.66,0.2413,1,5.0
RM-00437,2026-05-25,Нижний Новгород,Магазин,Повторный,Дом и кухня,Техника для дома,3,3797.88,15,9684.6,7059.49,2625.11,0.2711,3,4.6
RM-00713,2026-05-25,Нижний Новгород,Онлайн,Повторный,Дом и кухня,Посуда,5,4209.1,20,16836.39,10668.56,6167.83,0.3663,5,4.6
RM-00932,2026-05-25,Санкт-Петербург,Онлайн,Новый,Одежда,Повседневная,3,4470.89,0,13412.66,9466.17,3946.49,0.2942,3,4.4
RM-00227,2026-05-26,Москва,Онлайн,Повторный,Красота,Парфюмерия,4,2250.03,15,7650.1,5267.75,2382.35,0.3114,2,4.2
RM-00335,2026-05-26,Новосибирск,Партнеры,Новый,Дом и кухня,Техника для дома,3,3983.53,0,11950.6,8192.79,3757.81,0.3144,6,4.1
RM-00401,2026-05-26,Новосибирск,Партнеры ,Новый,Красота,Уход,4,2976.06,15,10118.62,8187.97,1930.65,0.1908,7,3.6
RM-00669,2026-05-26,Нижний Новгород,Магазин,Повторный,Красота,Уход,1,2599.27,10,2339.34,2040.82,298.53,0.1276,3,5.0
RM-00933,2026-05-26,Казань,Магазин,Новый,Дом и кухня,Техника для дома,2,7718.71,15,13121.81,9808.55,3313.27,0.2525,5,3.5
RM-00957,2026-05-26,Новосибирск,Онлайн,Повторный,Одежда,Повседневная,2,4499.12,20,7198.6,5491.77,1706.83,0.2371,7,3.3
RM-00993,2026-05-26,Екатеринбург,Партнеры,Повторный,Спорт,Туризм,2,9095.5,10,16371.89,13052.91,3318.99,0.2027,4,4.4
RM-01019,2026-05-26,Москва,Магазин,Новый,Дом и кухня,Посуда,3,4226.9,5,12046.67,8346.74,3699.93,0.3071,4,4.9
RM-01095,2026-05-26,Новосибирск,Магазин,Новый,Дом и кухня,Посуда,3,6430.48,25,14468.57,10058.37,4410.2,0.3048,4,4.6
RM-00091,2026-05-27,Санкт-Петербург,Онлайн,Повторный,Одежда,Спортивная,5,5159.04,25,19346.42,13103.61,6242.81,0.3227,6,4.0
RM-00129,2026-05-27,Казань,Онлайн,Новый,Спорт,Туризм,3,6005.47,10,16214.77,10233.92,5980.85,0.3689,4,4.4
RM-00131,2026-05-27,Москва,Магазин,Повторный,Красота,Уход,2,2815.26,0,5630.52,3765.43,1865.09,0.3312,5,4.2
RM-00161,2026-05-27,Санкт-Петербург,Партнеры,Корпоративный,Канцтовары,Бумага,6,851.33,5,4852.6,3982.08,870.52,0.1794,5,3.9
RM-00220,2026-05-27,Новосибирск,Магазин,Повторный,Спорт,Туризм,3,6080.71,0,18242.14,13086.76,5155.38,0.2826,7,3.8
RM-00262,2026-05-27,Самара,Магазин,Новый,Красота,Уход,4,1960.26,15,6664.9,5179.84,1485.06,0.2228,6,3.0
RM-00336,2026-05-27,Екатеринбург,Онлайн,Новый,Спорт,Туризм,4,7068.94,5,26861.98,16373.67,10488.31,0.3905,5,4.7
RM-00473,2026-05-27,Москва,Магазин,Новый,Красота,Уход,1,2500.25,5,2375.24,2122.81,252.43,0.1063,4,5.0
RM-00874,2026-05-27,Москва,Магазин,Повторный,Электроника,Смартфоны,2,16075.96,25,24113.93,18700.31,5413.62,0.2245,2,5.0
RM-01041,2026-05-27,Екатеринбург,Партнеры,Повторный,Спорт,Туризм,6,9057.27,0,54343.6,34516.79,19826.8,0.3648,5,4.4
RM-01043,2026-05-27,Казань,Магазин,Повторный,Одежда,Повседневная,4,4528.07,10,16301.04,12171.07,4129.97,0.2534,3,4.0
RM-00555,2026-05-28,Казань,Онлайн,Повторный,Одежда,Спортивная,4,2727.4,15,9273.16,7479.51,1793.65,0.1934,3,4.8
RM-00560,2026-05-28,Самара,Онлайн,Новый,Дом и кухня,Техника для дома,4,7231.18,15,24586.02,17998.28,6587.74,0.2679,5,4.7
RM-00727,2026-05-28,Самара,Онлайн,Новый,Одежда,Спортивная,4,4427.98,20,14169.53,11206.48,2963.05,0.2091,6,3.7
RM-00767,2026-05-28,Ростов-на-Дону,Онлайн,Корпоративный,Канцтовары,Письменные принадлежности,8,880.56,5,6692.24,5490.49,1201.75,0.1796,7,3.5
RM-01035,2026-05-28,Новосибирск,Партнеры,Повторный,Канцтовары,Письменные принадлежности,4,726.85,15,2471.28,2133.8,337.48,0.1366,6,3.4
RM-01106,2026-05-28,Новосибирск,Онлайн,Повторный,Электроника,Аксессуары,2,24763.16,0,49526.32,32881.98,16644.34,0.3361,3,4.7
RM-00339,2026-05-29,Санкт-Петербург,Онлайн,Повторный,Красота,Уход,2,2532.72,20,4052.36,2826.19,1226.16,0.3026,6,4.0
RM-00346,2026-05-29,Санкт-Петербург,Онлайн,Новый,Одежда,Спортивная,5,4357.81,0,21789.04,14850.64,6938.4,0.3184,5,3.7
RM-00568,2026-05-29,Екатеринбург,Онлайн,Новый,Красота,Парфюмерия,6,2563.6,0,15381.6,10748.26,4633.34,0.3012,6,4.2
RM-00868,2026-05-29,Екатеринбург,Магазин,Повторный,Одежда,Повседневная,2,3749.9,10,6749.81,5136.95,1612.86,0.2389,7,3.7
RM-00876,2026-05-29,Санкт-Петербург,Онлайн,Корпоративный,Канцтовары,Бумага,8,1431.31,25,8587.86,6562.22,2025.64,0.2359,6,3.8
RM-01011,2026-05-29,Казань,Онлайн,Повторный,Дом и кухня,Посуда,2,6921.31,10,12458.37,9858.04,2600.32,0.2087,6,4.2
RM-00073,2026-05-30,Санкт-Петербург,Магазин,Повторный,Одежда,Спортивная,5,4336.62,15,18430.65,11383.56,7047.09,0.3824,2,5.0
RM-00443,2026-05-30,Нижний Новгород,Онлайн,Новый,Одежда,Повседневная,4,5461.47,5,20753.57,14633.77,6119.8,0.2949,3,4.6
RM-00489,2026-05-30,Екатеринбург,Онлайн,Новый,Красота,Парфюмерия,3,3088.22,10,8338.19,6106.49,2231.7,0.2676,4,3.9
RM-00594,2026-05-30,Москва,Онлайн,Повторный,Спорт,Фитнес,2,6656.61,15,11316.24,8845.61,2470.63,0.2183,1,5.0
RM-00924,2026-05-30,Новосибирск,Онлайн,Повторный,Канцтовары,Письменные принадлежности,5,630.9,20,2523.58,2235.11,288.47,0.1143,4,4.3
RM-00956,2026-05-30,Москва,Партнеры,Повторный,Одежда,Спортивная,2,4298.2,0,8596.39,5694.77,2901.62,0.3375,5,5.0
RM-01089,2026-05-30,Ростов-на-Дону,Магазин,Повторный,Электроника,Аксессуары,4,26782.0,0,107127.99,78443.47,28684.52,0.2678,6,4.4
RM-01108,2026-05-30,Ростов-на-Дону,Онлайн,Новый,Одежда,Спортивная,6,6580.0,20,31583.98,19136.76,12447.23,0.3941,3,4.2
RM-00449,2026-05-31,Москва,Онлайн,Корпоративный,Одежда,Спортивная,10,4413.07,0,44130.74,29799.73,14331.01,0.3247,3,4.7
RM-00599,2026-05-31,Новосибирск,Онлайн,Повторный,Одежда,Спортивная,1,3722.46,15,3164.09,2511.13,652.96,0.2064,3,4.8
RM-00791,2026-05-31,Новосибирск,Онлайн,Новый,Канцтовары,Письменные принадлежности,4,346.43,0,1385.74,1579.28,-193.54,-0.1397,6,4.1
RM-00999,2026-05-31,Казань,Магазин,Корпоративный,Спорт,Туризм,6,9486.14,20,45533.48,32966.2,12567.28,0.276,4,4.4
RM-01052,2026-05-31,Москва,Онлайн,Повторный,Одежда,Повседневная,6,3766.21,10,20337.56,14225.04,6112.52,0.3006,3,4.7
RM-00249,2026-06-01,Самара,Магазин,Повторный,Дом и кухня,Техника для дома,2,4170.8,5,7924.52,6624.62,1299.9,0.164,3,5.0
RM-00386,2026-06-01,Ростов-на-Дону,Онлайн,Новый,Электроника,Смартфоны,4,15903.07,15,54070.44,33826.99,20243.45,0.3744,6,3.9
RM-00412,2026-06-01,Новосибирск,Онлайн,Повторный,Спорт,Фитнес,4,8304.74,15,28236.12,19906.95,8329.17,0.295,5,4.2
RM-00521,2026-06-01,Нижний Новгород,Магазин,Повторный,Одежда,Спортивная,4,6354.14,0,25416.56,19123.17,6293.39,0.2476,6,3.7
RM-00557,2026-06-01,Москва,Онлайн,Повторный,Одежда,Повседневная,3,4033.88,20,9681.31,6042.64,3638.68,0.3758,2,5.0
RM-00660,2026-06-01,Казань,Магазин,Повторный,Красота,Уход,5,2526.41,15,10737.24,8369.79,2367.45,0.2205,3,4.3
RM-00860,2026-06-01,Казань,Магазин,Повторный,Красота,Уход,4,2882.01,10,10375.24,7854.15,2521.08,0.243,3,5.0
RM-01191,2026-06-01,Ростов-на-Дону,Партнеры,Новый,Спорт,Туризм,6,4469.57,10,24135.68,15080.92,9054.76,0.3752,6,4.6
RM-00109,2026-06-02,Санкт-Петербург,Магазин,Новый,Одежда,Спортивная,6,4530.44,10,24464.38,18360.81,6103.56,0.2495,2,5.0
RM-00429,2026-06-02,Москва,Онлайн,Повторный,Дом и кухня,Техника для дома,4,4490.74,20,14370.37,11109.76,3260.61,0.2269,2,4.9
RM-00462,2026-06-02,Ростов-на-Дону,Онлайн,Новый,Дом и кухня,Техника для дома,3,6892.41,20,16541.78,11170.72,5371.06,0.3247,6,4.3
RM-00642,2026-06-02,Новосибирск,Онлайн,Новый,Красота,Парфюмерия,3,2784.09,25,6264.2,4798.34,1465.87,0.234,5,5.0
RM-00658,2026-06-02,Москва,Магазин,Повторный,Одежда,Повседневная,3,2864.75,15,7305.11,5214.28,2090.83,0.2862,3,4.4
RM-00692,2026-06-02,Казань,Онлайн,Повторный,Дом и кухня,Посуда,4,5755.94,5,21872.57,16156.57,5716.0,0.2613,3,5.0
RM-00773,2026-06-02,Казань,Магазин,Корпоративный,Электроника,Смартфоны,7,21605.31,0,151237.17,112323.33,38913.84,0.2573,4,4.8
RM-00830,2026-06-02,Казань,Онлайн,Повторный,Дом и кухня,Посуда,1,4752.29,0,4752.29,3787.28,965.01,0.2031,3,4.9
RM-00943,2026-06-03,Москва,Онлайн,Повторный,Красота,Уход,4,2372.74,5,9016.41,6964.93,2051.48,0.2275,1,5.0
RM-00152,2026-06-04,Санкт-Петербург,Магазин,Корпоративный,Электроника,Смартфоны,5,28257.06,25,105963.98,66980.56,38983.41,0.3679,6,4.3
RM-00236,2026-06-04,Санкт-Петербург,Магазин,Новый,Красота,Уход,2,3478.21,10,6260.78,4081.23,2179.55,0.3481,4,4.0
RM-00252,2026-06-04,Санкт-Петербург,Онлайн,Новый,Красота,Уход,3,2643.45,10,7137.32,5173.46,1963.86,0.2752,5,4.7
RM-00491,2026-06-04,Нижний Новгород,Магазин,Новый,Канцтовары,Бумага,1,1032.72,0,1032.72,1295.95,-263.23,-0.2549,5,3.0
RM-00581,2026-06-04,Москва,Онлайн,Новый,Красота,Уход,2,2714.49,5,5157.53,3635.66,1521.87,0.2951,1,5.0
RM-00730,2026-06-04,Екатеринбург,Онлайн,Корпоративный,Спорт,Фитнес,9,6890.49,0,62014.41,40814.8,21199.61,0.3418,7,4.0
RM-00734,2026-06-05,Казань,Онлайн,Новый,Электроника,Аксессуары,2,27370.14,15,46529.24,28624.53,17904.71,0.3848,2,4.9
RM-00771,2026-06-05,Москва,Онлайн,Новый,Электроника,Аксессуары,1,29668.64,15,25218.34,17525.84,7692.51,0.305,5,4.8
RM-01002,2026-06-05,Екатеринбург,Магазин,Повторный,Одежда,Повседневная,2,5924.93,10,10664.87,7301.66,3363.21,0.3154,7,4.1
RM-00067,2026-06-06,Москва,Онлайн,Новый,Одежда,Повседневная,3,3065.39,0,9196.17,5852.76,3343.41,0.3636,5,4.3
RM-00348,2026-06-06,Самара,Магазин,Новый,Красота,Парфюмерия,5,2098.4,20,8393.6,6242.8,2150.8,0.2562,7,4.6
RM-00456,2026-06-06,Москва,Магазин,Повторный,Красота,Уход,3,2554.08,10,6896.02,5326.51,1569.51,0.2276,4,4.9
RM-00723,2026-06-06,Казань,Магазин,Новый,Дом и кухня,Техника для дома,4,5372.67,15,18267.08,14282.13,3984.95,0.2181,4,4.3
RM-01167,2026-06-06,Москва,Онлайн,Корпоративный,Красота,Уход,8,2181.94,20,13964.42,10472.9,3491.52,0.25,1,5.0
RM-00130,2026-06-07,Санкт-Петербург,Онлайн,Новый,Красота,Парфюмерия,1,2333.43,15,1983.42,1699.45,283.97,0.1432,2,5.0
RM-00214,2026-06-07,Нижний Новгород,Магазин,Повторный,Красота,Уход,5,2452.24,25,9195.9,6853.37,2342.53,0.2547,2,5.0
RM-00299,2026-06-07,Ростов-на-Дону,Онлайн,Корпоративный,Канцтовары,Письменные принадлежности,5,923.98,10,4157.91,3244.14,913.77,0.2198,4,4.5
RM-00461,2026-06-07,Нижний Новгород,Онлайн,Повторный,Дом и кухня,Посуда,1,6015.02,0,6015.02,5085.03,929.99,0.1546,2,5.0
RM-00686,2026-06-07,Казань,Онлайн,Новый,Спорт,Туризм,4,6387.44,5,24272.27,14905.63,9366.64,0.3859,3,4.2
RM-00799,2026-06-07,Санкт-Петербург,Онлайн,Новый,Одежда,Спортивная,3,4915.14,0,14745.42,10866.37,3879.05,0.2631,4,4.1
RM-01141,2026-06-07,Екатеринбург,Магазин,Повторный,Электроника,Аксессуары,7,17844.99,0,124914.93,91881.11,33033.82,0.2645,5,4.0
RM-00003,2026-06-08,Казань,Магазин,Повторный,Дом и кухня,Техника для дома,3,8580.77,25,19306.73,13335.02,5971.71,0.3093,2,5.0
RM-00103,2026-06-08,Новосибирск,Магазин,Повторный,Одежда,Спортивная,3,2760.74,0,8282.22,5544.76,2737.46,0.3305,3,4.7
RM-00179,2026-06-08,Новосибирск,Онлайн,Новый,Дом и кухня,Посуда,2,4080.36,20,6528.58,4978.91,1549.67,0.2374,7,3.5
RM-00293,2026-06-08,Ростов-на-Дону,Магазин,Повторный,Электроника,Аксессуары,4,21513.18,10,77447.45,53986.61,23460.84,0.3029,4,4.6
RM-00375,2026-06-08,Казань,Онлайн,Новый,Одежда,Повседневная,2,4372.6,5,8307.94,5542.58,2765.36,0.3329,2,4.9
RM-00431,2026-06-08,Новосибирск,Онлайн,Повторный,Одежда,Повседневная,1,4526.85,10,4074.17,3661.49,412.67,0.1013,3,5.0
RM-00556,2026-06-08,Новосибирск,Онлайн,Новый,Одежда,Спортивная,2,3736.37,20,5978.19,4778.7,1199.49,0.2006,3,4.0
RM-00893,2026-06-08,Санкт-Петербург,Онлайн,Повторный,Электроника,Смартфоны,5,14873.18,15,63211.01,39574.1,23636.91,0.3739,2,5.0
RM-01113,2026-06-08,Москва,Магазин,Новый,Дом и кухня,Техника для дома,2,4336.02,5,8238.44,6436.67,1801.77,0.2187,2,4.6
RM-01135,2026-06-08,Москва,Онлайн,Новый,Дом и кухня,Посуда,4,4883.47,10,17580.49,12291.87,5288.62,0.3008,4,4.4
RM-00134,2026-06-09,Санкт-Петербург,Магазин,Повторный,Дом и кухня,Техника для дома,5,6370.95,20,25483.8,18926.85,6556.95,0.2573,2,5.0
RM-00566,2026-06-09,Екатеринбург,Магазин,Повторный,Одежда,Повседневная,4,2562.82,0,10251.28,7608.29,2642.99,0.2578,4,5.0
RM-00963,2026-06-09,Казань,Онлайн,Повторный,Красота,Парфюмерия,4,2289.68,5,8700.78,6949.89,1750.9,0.2012,2,4.8
RM-00022,2026-06-10,Екатеринбург,Магазин,Повторный,Спорт,Фитнес,2,8003.22,20,12805.15,9621.55,3183.6,0.2486,6,4.7
RM-00035,2026-06-10,Москва,Партнеры,Новый,Спорт,Фитнес,3,6449.43,5,18380.88,13040.89,5339.99,0.2905,1,4.6
RM-00590,2026-06-10,Москва,Магазин,Повторный,Одежда,Спортивная,5,2428.41,0,12142.05,8527.23,3614.82,0.2977,2,5.0
RM-00917,2026-06-10,Москва,Онлайн,Новый,Одежда,Повседневная,2,4229.79,0,8459.58,5639.6,2819.98,0.3333,4,4.6
RM-00919,2026-06-10,Екатеринбург,Онлайн,Повторный,Дом и кухня,Посуда,4,10874.75,10,39149.1,25490.94,13658.16,0.3489,5,3.8
RM-00978,2026-06-10,Нижний Новгород,Магазин,Повторный,Спорт,Фитнес,2,6472.43,5,12297.62,8944.25,3353.36,0.2727,3,4.8
RM-00979,2026-06-10,Новосибирск,Магазин,Корпоративный,Одежда,Спортивная,5,3260.6,0,16303.0,12121.12,4181.88,0.2565,5,4.1
RM-01155,2026-06-10,Москва,Онлайн,Новый,Канцтовары,Письменные принадлежности,4,967.08,10,3481.49,2764.78,716.71,0.2059,3,4.9
RM-00128,2026-06-11,Нижний Новгород,Магазин,Новый,Электроника,Смартфоны,2,17143.82,20,27430.11,18214.29,9215.82,0.336,6,3.2
RM-00640,2026-06-11,Екатеринбург,Онлайн,Новый,Одежда,Спортивная,2,5596.49,20,8954.38,5969.74,2984.64,0.3333,7,3.8
RM-00764,2026-06-11,Самара,Магазин,Повторный,Спорт,Фитнес,4,5701.9,10,20526.84,14361.98,6164.86,0.3003,6,3.7
RM-00796,2026-06-11,Новосибирск,Магазин,Повторный,Красота,Парфюмерия,3,3895.51,0,11686.53,9518.28,2168.25,0.1855,4,5.0
RM-01037,2026-06-11,Казань,Онлайн,Повторный,Красота,Уход,7,3098.72,10,19521.94,13411.62,6110.32,0.313,3,4.2
RM-01138,2026-06-11,Москва,Онлайн,Повторный,Дом и кухня,Техника для дома,4,3824.79,15,13004.29,9345.12,3659.16,0.2814,1,5.0
RM-00026,2026-06-12,Новосибирск,Онлайн,Новый,Электроника,Смартфоны,6,19406.08,20,93149.18,54863.14,38286.04,0.411,3,5.0
RM-00939,2026-06-12,Москва,Онлайн,Новый,Дом и кухня,Техника для дома,4,3800.17,0,15200.68,10785.98,4414.7,0.2904,2,5.0
RM-01139,2026-06-12,Санкт-Петербург,Магазин,Повторный,Одежда,Повседневная,2,4161.4,10,7490.52,4956.95,2533.57,0.3382,5,4.2
RM-00503,2026-06-14,Санкт-Петербург,Онлайн,Повторный,Дом и кухня,Посуда,3,6391.52,5,18215.83,11440.87,6774.96,0.3719,4,4.9
RM-00797,2026-06-14,Санкт-Петербург,Магазин,Новый,Красота,Парфюмерия,2,2674.27,10,4813.69,4074.54,739.15,0.1536,3,5.0
RM-00840,2026-06-14,Екатеринбург,Магазин,Повторный,Одежда,Спортивная,3,3550.21,15,9053.04,6787.83,2265.2,0.2502,4,4.0
RM-00149,2026-06-15,Ростов-на-Дону,Онлайн,Повторный,Дом и кухня,Посуда,2,5879.69,0,11759.38,8715.65,3043.73,0.2588,4,4.1
RM-00276,2026-06-15,Екатеринбург,Онлайн,Новый,Канцтовары,Бумага,3,1031.2,15,2629.56,2489.28,140.28,0.0533,3,4.9
RM-00561,2026-06-15,Казань,Магазин,Новый,Одежда,Повседневная,2,2749.94,5,5224.89,4369.95,854.94,0.1636,5,4.4
RM-00582,2026-06-15,Нижний Новгород,Онлайн,Повторный,Электроника,Аксессуары,3,26682.93,5,76046.35,55740.02,20306.33,0.267,4,3.9
RM-00682,2026-06-15,Москва,Онлайн,Корпоративный,Дом и кухня,Посуда,7,4506.24,15,26812.13,18177.13,8635.0,0.3221,1,5.0
RM-00786,2026-06-15,Казань,Партнеры,Новый,Канцтовары,Бумага,5,940.65,15,3997.76,3492.92,504.85,0.1263,5,4.1
RM-00788,2026-06-15,Екатеринбург,Онлайн,Новый,Спорт,Фитнес,6,7581.31,20,36390.29,25800.16,10590.12,0.291,7,3.3
RM-00852,2026-06-15,Санкт-Петербург,Онлайн,Новый,Электроника,Смартфоны,1,16828.38,15,14304.12,10246.08,4058.05,0.2837,5,4.2
RM-00947,2026-06-15,Екатеринбург,Онлайн,Повторный,Одежда,Спортивная,4,3080.88,20,9858.82,6394.91,3463.9,0.3514,4,4.6
RM-01030,2026-06-15,Ростов-на-Дону,Онлайн,Корпоративный,Канцтовары,Бумага,8,988.52,15,6721.94,5109.09,1612.85,0.2399,6,4.1
RM-01073,2026-06-15,Ростов-на-Дону,Магазин,Новый,Дом и кухня,Техника для дома,2,5666.56,20,9066.5,6354.52,2711.98,0.2991,7,3.4
RM-00230,2026-06-16,Екатеринбург,Магазин,Повторный,Спорт,Фитнес,3,4018.28,15,10246.61,6905.2,3341.41,0.3261,5,4.7
RM-00515,2026-06-16,Самара,Онлайн,Новый,Одежда,Спортивная,3,3063.39,10,8271.15,6866.74,1404.41,0.1698,5,4.6
RM-00553,2026-06-16,Москва,Онлайн,Новый,Канцтовары,Письменные принадлежности,2,907.84,5,1724.9,1603.97,120.93,0.0701,4,3.8
RM-00785,2026-06-16,Екатеринбург,Магазин,Новый,Спорт,Фитнес,6,5953.76,10,32150.3,19732.45,12417.85,0.3862,4,4.6
RM-00865,2026-06-16,Санкт-Петербург,Партнеры,Новый,Канцтовары,Письменные принадлежности,3,613.71,5,1749.07,1443.42,305.65,0.1747,4,4.3
RM-01190,2026-06-16,Новосибирск,Онлайн,Повторный,Спорт,Туризм,2,5138.9,5,9763.91,7768.55,1995.36,0.2044,3,5.0
RM-00050,2026-06-17,Москва,Магазин,Повторный,Одежда,Спортивная,2,4330.85,15,7362.45,4929.67,2432.77,0.3304,3,5.0
RM-00146,2026-06-17,Санкт-Петербург,Онлайн,Повторный,Дом и кухня,Посуда,4,5859.34,20,18749.89,11452.37,7297.52,0.3892,4,4.5
RM-00226,2026-06-17,Нижний Новгород,Онлайн,Повторный,Одежда,Спортивная,3,3100.19,10,8370.51,6983.33,1387.18,0.1657,6,3.7
RM-00285,2026-06-17,Казань,Онлайн,Новый,Красота,Парфюмерия,2,2190.78,25,3286.17,2742.57,543.6,0.1654,2,5.0
RM-00694,2026-06-17,Санкт-Петербург,Магазин,Новый,Дом и кухня,Посуда,1,4804.05,15,4083.44,3370.03,713.41,0.1747,3,5.0
RM-00584,2026-06-18,Екатеринбург,Магазин,Корпоративный,Дом и кухня,Техника для дома,11,6219.17,15,58149.24,34539.13,23610.11,0.406,3,5.0
RM-00687,2026-06-18,Ростов-на-Дону,Магазин,Корпоративный,Дом и кухня,Техника для дома,4,6046.16,0,24184.64,18099.3,6085.34,0.2516,4,4.2
RM-00880,2026-06-18,Москва,Магазин,Новый,Одежда,Спортивная,3,5548.12,0,16644.36,12319.35,4325.01,0.2598,1,5.0
RM-01029,2026-06-18,Москва,Онлайн,Повторный,Одежда,Повседневная,3,2829.28,5,8063.45,6235.76,1827.69,0.2267,3,4.5
RM-01047,2026-06-18,Нижний Новгород,Онлайн,Повторный,Дом и кухня,Посуда,3,5284.34,0,15853.02,12181.61,3671.41,0.2316,4,4.2
RM-01122,2026-06-18,Самара,Магазин,Повторный,Одежда,Спортивная,2,4488.53,5,8528.21,7093.2,1435.01,0.1683,7,3.1
RM-00002,2026-06-19,Екатеринбург,Онлайн,Повторный,Электроника,Аксессуары,4,20579.17,0,82316.68,56094.09,26222.59,0.3186,3,5.0
RM-00077,2026-06-19,Ростов-на-Дону,Онлайн,Новый,Дом и кухня,Посуда,4,3920.28,15,13328.95,9955.26,3373.69,0.2531,7,3.2
RM-00099,2026-06-19,Самара,Магазин,Новый,Электроника,Смартфоны,2,29560.89,0,59121.78,42953.18,16168.6,0.2735,6,3.7
RM-00222,2026-06-19,Самара,Онлайн,Повторный,Спорт,Фитнес,5,6190.14,15,26308.1,17017.84,9290.25,0.3531,6,3.3
RM-00340,2026-06-19,Ростов-на-Дону,Магазин,Корпоративный,Спорт,Фитнес,5,4567.76,10,20554.92,14318.63,6236.29,0.3034,3,4.2
RM-00760,2026-06-19,Москва,Онлайн,Новый,Одежда,Спортивная,6,3617.53,15,18449.4,11732.6,6716.8,0.3641,2,5.0
RM-00910,2026-06-19,Екатеринбург,Магазин,Повторный,Дом и кухня,Посуда,3,6685.55,0,20056.65,14554.93,5501.72,0.2743,3,4.6
RM-00942,2026-06-19,Казань,Партнеры,Новый,Одежда,Повседневная,4,4074.01,20,13036.83,10407.55,2629.29,0.2017,6,4.2
RM-00962,2026-06-19,Новосибирск,Магазин,Повторный,Дом и кухня,Техника для дома,1,4474.55,5,4250.82,3116.67,1134.15,0.2668,6,4.3
RM-00995,2026-06-19,Новосибирск,Магазин,Повторный,Одежда,Повседневная,4,3890.64,0,15562.56,12184.36,3378.2,0.2171,6,4.6
RM-01053,2026-06-19,Екатеринбург,Партнеры,Новый,Дом и кухня,Техника для дома,5,8611.14,5,40902.91,31154.03,9748.89,0.2383,7,5.0
RM-01066,2026-06-19,Самара,Магазин,Повторный,Одежда,Спортивная,3,3484.82,5,9931.74,6729.79,3201.95,0.3224,7,3.8
RM-00274,2026-06-20,Санкт-Петербург,Онлайн,Новый,Красота,Парфюмерия,6,2349.25,10,12685.95,8469.31,4216.64,0.3324,6,3.8
RM-00644,2026-06-20,Москва,Онлайн,Новый,Спорт,Туризм,3,8939.54,15,22795.83,15134.41,7661.41,0.3361,3,4.2
RM-00703,2026-06-20,Казань,Магазин,Повторный,Одежда,Спортивная,2,4516.44,10,8129.59,5640.32,2489.27,0.3062,2,5.0
RM-00891,2026-06-20,Самара,Магазин,Повторный,Красота,Парфюмерия,4,3694.84,0,14779.36,9847.75,4931.61,0.3337,4,3.8
RM-00167,2026-06-21,Самара,Партнеры,Повторный,Дом и кухня,Техника для дома,3,5099.17,10,13767.76,9292.55,4475.21,0.325,7,3.4
RM-00295,2026-06-21,Санкт-Петербург,Магазин ,Повторный,Электроника,Аксессуары,4,26969.59,20,86302.69,58668.21,27634.48,0.3202,5,4.2
RM-00371,2026-06-21,Нижний Новгород,Онлайн,Новый,Электроника,Смартфоны,4,37739.36,10,135861.7,96516.97,39344.72,0.2896,3,4.2
RM-00477,2026-06-21,Нижний Новгород,Онлайн,Новый,Одежда,Повседневная,4,3787.87,15,12878.76,9182.51,3696.24,0.287,6,3.8
RM-00549,2026-06-21,Ростов-на-Дону,Онлайн,Новый,Красота,Парфюмерия,4,3142.17,20,10054.94,7720.36,2334.58,0.2322,5,4.2
RM-01024,2026-06-21,Санкт-Петербург,Онлайн,Повторный,Канцтовары,Бумага,3,921.5,5,2626.28,2230.61,395.67,0.1507,2,4.7
RM-00345,2026-06-22,Екатеринбург,Магазин,Новый,Дом и кухня,Посуда,1,3077.63,5,2923.75,2786.9,136.85,0.0468,6,3.7
RM-00498,2026-06-22,Москва,Онлайн,Повторный,Канцтовары,Письменные принадлежности,1,1078.18,10,970.36,1151.76,-181.39,-0.1869,5,5.0
RM-00625,2026-06-22,Санкт-Петербург,Онлайн,Корпоративный,Электроника,Аксессуары,5,30290.76,10,136308.42,102727.03,33581.39,0.2464,4,5.0
RM-00661,2026-06-22,Нижний Новгород,Онлайн,Новый,Дом и кухня,Посуда,2,4689.55,0,9379.1,7301.83,2077.27,0.2215,4,4.3
RM-00761,2026-06-22,Новосибирск,Магазин,Повторный,Одежда,Спортивная,1,4158.67,10,3742.8,2939.43,803.37,0.2146,4,4.0
RM-00872,2026-06-22,Москва,Магазин,Новый,Дом и кухня,Техника для дома,2,4692.19,10,8445.94,5746.72,2699.22,0.3196,4,3.9
RM-00920,2026-06-22,Москва,Онлайн,Повторный,Электроника,Аксессуары,1,24190.84,10,21771.76,15843.12,5928.63,0.2723,2,4.8
RM-00173,2026-06-23,Новосибирск,Онлайн,Повторный,Спорт,Туризм,3,9277.81,0,27833.43,18068.0,9765.43,0.3509,6,4.5
RM-00191,2026-06-23,Казань,Онлайн,Новый,Канцтовары,Письменные принадлежности,8,1034.47,0,8275.76,6252.49,2023.27,0.2445,5,4.4
RM-00405,2026-06-23,Санкт-Петербург,Партнеры,Корпоративный,Канцтовары,Письменные принадлежности,6,681.47,20,3271.06,2333.93,937.12,0.2865,3,5.0
RM-00536,2026-06-23,Санкт-Петербург,Онлайн,Новый,Одежда,Повседневная,2,3115.97,5,5920.34,4027.67,1892.67,0.3197,4,4.7
RM-00636,2026-06-23,Екатеринбург,Онлайн,Корпоративный,Одежда,Спортивная,5,3813.01,10,17158.55,11210.73,5947.82,0.3466,3,5.0
RM-00864,2026-06-23,Екатеринбург,Магазин,Новый,Одежда,Повседневная,4,4251.67,0,17006.68,12254.13,4752.55,0.2795,7,3.7
RM-01172,2026-06-23,Ростов-на-Дону,Магазин,Повторный,Одежда,Спортивная,4,3189.97,5,12121.89,9206.62,2915.26,0.2405,7,3.5
RM-00144,2026-06-24,Новосибирск,Магазин,Повторный,Дом и кухня,Посуда,4,5324.71,5,20233.9,14017.32,6216.58,0.3072,3,4.6
RM-00150,2026-06-24,Нижний Новгород,Онлайн,Повторный,Одежда,Спортивная,4,2238.14,0,8952.56,6127.57,2824.99,0.3156,4,3.6
RM-00166,2026-06-24,Новосибирск,Магазин,Корпоративный,Канцтовары,Бумага,8,979.89,10,7055.21,5266.23,1788.98,0.2536,3,4.9
RM-00495,2026-06-24,Санкт-Петербург,Онлайн,Новый,Электроника,Аксессуары,2,26487.52,15,45028.78,27966.1,17062.68,0.3789,5,3.9
RM-00512,2026-06-24,Ростов-на-Дону,Партнеры,Корпоративный,Дом и кухня,Посуда,6,4896.41,15,24971.69,19147.25,5824.44,0.2332,5,5.0
RM-00607,2026-06-24,Москва,Онлайн,Повторный,Дом и кухня,Посуда,4,5952.59,10,21429.32,14982.81,6446.52,0.3008,5,4.3
RM-00701,2026-06-24,Санкт-Петербург,Магазин,Повторный,Канцтовары,Письменные принадлежности,2,782.18,20,1251.49,1238.16,13.33,0.0106,4,4.3
RM-00888,2026-06-24,Самара,Партнеры,Повторный,Одежда,Спортивная,4,2437.76,10,8775.94,6655.69,2120.25,0.2416,4,5.0
RM-00935,2026-06-24,Екатеринбург,Онлайн,Новый,Одежда,Спортивная,3,4373.26,10,11807.8,9453.18,2354.62,0.1994,3,4.7
RM-00238,2026-06-25,Казань,Онлайн,Повторный,Канцтовары,Письменные принадлежности,3,598.49,0,1795.47,1829.43,-33.96,-0.0189,5,4.8
RM-00467,2026-06-25,Екатеринбург,Магазин,Повторный,Красота,Парфюмерия,3,2217.72,15,5655.19,4792.11,863.08,0.1526,-1,3.4
RM-00518,2026-06-25,Москва,Партнеры,Новый,Канцтовары,Бумага,1,802.68,20,642.14,828.94,-186.8,-0.2909,4,4.5
RM-00629,2026-06-25,Екатеринбург,Магазин,Новый,Спорт,Фитнес,3,4529.79,15,11550.96,8010.05,3540.92,0.3065,3,4.6
RM-00863,2026-06-25,Екатеринбург,Онлайн,Корпоративный,Спорт,Туризм,5,5701.98,5,27084.4,21137.27,5947.14,0.2196,7,3.1
RM-00929,2026-06-25,Ростов-на-Дону,Магазин,Повторный,Одежда,Спортивная,3,5089.27,15,12977.64,8464.79,4512.85,0.3477,7,4.2
RM-00990,2026-06-25,Ростов-на-Дону,Магазин,Повторный,Канцтовары,Бумага,2,1059.13,20,1694.61,1678.74,15.87,0.0094,5,5.0
RM-01076,2026-06-25,Москва,Магазин,Новый,Дом и кухня,Техника для дома,4,5051.38,0,20205.52,13502.85,6702.67,0.3317,2,3.8
RM-00083,2026-06-26,Москва,Онлайн,Новый,Спорт,Туризм,2,6366.09,0,12732.18,7960.09,4772.09,0.3748,1,
RM-00303,2026-06-26,Санкт-Петербург,Магазин,Новый,Спорт,Туризм,3,10982.37,10,29652.4,18736.77,10915.62,0.3681,5,3.7
RM-00305,2026-06-26,Санкт-Петербург,Онлайн,Новый,Спорт,Туризм,2,11003.62,30,15405.07,9706.09,5698.97,0.3699,5,4.9
RM-00391,2026-06-26,Санкт-Петербург,Онлайн,Новый,Одежда,Повседневная,2,4310.85,25,6466.28,4324.79,2141.49,0.3312,6,3.5
RM-00616,2026-06-26,Екатеринбург,Магазин,Повторный,Дом и кухня,Техника для дома,2,2422.02,5,4601.84,3698.18,903.66,0.1964,6,4.2
RM-00631,2026-06-26,Новосибирск,Магазин,Новый,Красота,Уход,4,2282.86,20,7305.15,5039.5,2265.65,0.3101,3,4.7
RM-01065,2026-06-26,Екатеринбург,Магазин,Новый,Спорт,Фитнес,1,6022.84,15,5119.41,4254.96,864.45,0.1689,7,4.2
RM-00029,2026-06-27,Нижний Новгород,Магазин,Повторный,Одежда,Спортивная,4,4089.26,10,14721.34,10764.03,3957.31,0.2688,2,4.7
RM-00396,2026-06-27,Санкт-Петербург,Магазин,Новый,Дом и кухня,Техника для дома,4,4555.91,0,18223.64,13859.68,4363.96,0.2395,4,4.5
RM-00567,2026-06-27,Санкт-Петербург,Магазин,Новый,Электроника,Аксессуары,3,38064.9,5,108484.97,68039.88,40445.09,0.3728,3,4.6
RM-00142,2026-06-28,Санкт-Петербург,Магазин,Новый,Красота,Парфюмерия,5,3711.98,25,13919.92,8631.16,5288.76,0.3799,5,4.4
RM-00180,2026-06-28,Санкт-Петербург,Партнеры,Повторный,Канцтовары,Письменные принадлежности,6,659.17,0,3955.02,2780.69,1174.33,0.2969,4,4.9
RM-00187,2026-06-28,Новосибирск,Магазин,Новый,Дом и кухня,Техника для дома,2,8503.79,0,17007.58,11078.99,5928.59,0.3486,7,3.9
RM-00627,2026-06-28,Нижний Новгород,Онлайн,Корпоративный,Красота,Парфюмерия,7,2574.75,5,17122.09,10826.26,6295.83,0.3677,5,4.7
RM-01060,2026-06-28,Москва,Онлайн,Повторный,Дом и кухня,Посуда,2,5940.78,5,11287.48,7861.83,3425.65,0.3035,1,5.0
RM-00242,2026-06-29,Екатеринбург,Онлайн,Новый,Спорт,Туризм,2,8529.52,0,17059.04,13541.73,3517.31,0.2062,4,4.7
RM-00311,2026-06-29,Екатеринбург,Магазин,Корпоративный,Красота,Парфюмерия,6,2324.27,0,13945.62,10711.07,3234.55,0.2319,4,3.4
RM-00665,2026-06-29,Москва,Партнеры,Новый,Канцтовары,Бумага,5,748.25,10,3367.12,2626.94,740.18,0.2198,3,5.0
RM-00777,,Екатеринбург,Онлайн,Повторный,Одежда,Спортивная,3,3080.85,0,9242.55,7651.73,1590.82,0.1721,7,3.1
RM-00873,2026-06-29,Казань,Онлайн,Новый,Спорт,Туризм,6,7796.43,15,39761.79,24019.78,15742.01,0.3959,5,4.1
RM-00934,2026-06-29,Санкт-Петербург,Партнеры,Новый,Дом и кухня,Техника для дома,3,5154.57,10,13917.34,9579.65,4337.69,0.3117,4,5.0
RM-01067,2026-06-29,Новосибирск,Онлайн,Новый,Одежда,Спортивная,6,4212.18,5,24009.43,16573.22,7436.21,0.3097,6,3.4
RM-01104,2026-06-29,Санкт-Петербург,Партнеры,Повторный,Одежда,Спортивная,2,4251.38,5,8077.62,5323.77,2753.85,0.3409,3,4.8
RM-00020,2026-06-30,Москва,Онлайн,Новый,Канцтовары,Письменные принадлежности,1,935.68,15,795.33,883.42,-88.1,-0.1108,5,4.0
RM-00081,2026-06-30,Екатеринбург,Магазин,Новый,Одежда,Повседневная,6,5484.88,10,29618.35,22238.97,7379.39,0.2491,3,4.4
RM-00751,2026-06-30,Нижний Новгород,Магазин,Корпоративный,Красота,Парфюмерия,12,4616.94,0,55403.28,38612.0,16791.28,0.3031,5,4.3
RM-00937,2026-06-30,Москва,Магазин,Новый,Дом и кухня,Посуда,1,4839.27,10,4355.34,3220.58,1134.76,0.2605,2,4.7
RM-00981,2026-06-30,Ростов-на-Дону,Партнеры,Повторный,Красота,Парфюмерия,5,3035.46,5,14418.44,10745.36,3673.07,0.2547,6,3.0
RM-01017,2026-06-30,Казань,Магазин,Корпоративный,Электроника,Аксессуары,10,22226.39,10,200037.51,132153.54,67883.97,0.3394,2,5.0
RM-01107,2026-06-30,Москва,Онлайн,Повторный,Дом и кухня,Техника для дома,3,5313.83,10,14347.34,9925.73,4421.61,0.3082,2,4.9
RM-01106,2026-05-28,Новосибирск,Онлайн,Повторный,Электроника,Аксессуары,2,24763.16,0,49526.32,32881.98,16644.34,0.3361,3,4.7
RM-00157,2026-04-13,Новосибирск,Онлайн,Повторный,Красота,Уход,3,3259.57,0,9778.71,6607.35,3171.36,0.3243,4,4.3
RM-00259,2026-03-14,Москва,Магазин,Повторный,Спорт,Фитнес,2,8056.14,20,12889.82,8401.34,4488.48,0.3482,3,5.0
RM-00992,2026-02-03,Москва,Магазин,Повторный,Красота,Парфюмерия,3,3173.53,5,9044.56,5684.9,3359.66,0.3715,1,5.0
