contact_id,contact_date,channel,campaign_type,customer_segment,device_type,ad_cost_rub,clicked,converted,revenue_rub
MKT004700,2025-11-25,Медийная реклама,Программа лояльности,Лояльный,Планшет,4.03,0,0,0.0
MKT000670,2025-03-04,Поисковая реклама,Ретаргетинг,Новый,Мобильное устройство,16.88,0,0,0.0
MKT004793,2025-12-18,Поисковая реклама,Программа лояльности,Повторный,Компьютер,17.73,0,0,0.0
MKT005055,2025-03-29,Медийная реклама,Ретаргетинг,Лояльный,Мобильное устройство,5.05,0,0,0.0
MKT001308,2025-01-25,Email,Новый продукт,Повторный,Мобильное устройство,4.04,0,0,0.0
MKT002915,2025-05-11,Push,Сезонная акция,Повторный,Мобильное устройство,1.1,0,0,0.0
MKT007160,2025-01-15,Email,Программа лояльности,Новый,Компьютер,1.43,0,0,0.0
MKT000408,2025-09-22,,Ретаргетинг,Повторный,Мобильное устройство,5.78,0,0,0.0
MKT009325,2025-06-01,Социальные сети,Имиджевая кампания,Повторный,Мобильное устройство,12.7,0,0,0.0
MKT001765,2025-01-09,Поисковая реклама,Ретаргетинг,Новый,Мобильное устройство,11.37,1,1,3000.08
MKT006590,2025-10-22,Медийная реклама,Программа лояльности,Повторный,Мобильное устройство,3.9,0,0,0.0
MKT004172,2025-10-24,Email,Ретаргетинг,Повторный,Мобильное устройство,3.49,0,0,0.0
MKT002722,2025-10-21,Email,Ретаргетинг,Новый,Мобильное устройство,1.69,0,0,0.0
MKT007078,2025-04-07,Поисковая реклама,Ретаргетинг,Новый,Компьютер,15.4,0,0,0.0
MKT003502,2025-11-27,Медийная реклама,Имиджевая кампания,Повторный,Мобильное устройство,7.39,0,0,0.0
MKT005094,2025-03-26,Социальные сети,Сезонная акция,Повторный,Мобильное устройство,12.59,0,0,0.0
MKT008208,2025-12-01,Медийная реклама,Ретаргетинг,Лояльный,Компьютер,6.24,0,0,0.0
MKT007709,2025-12-08,Социальные сети,Сезонная акция,Лояльный,Компьютер,8.03,0,0,0.0
MKT000441,2025-09-04,Push,Новый продукт,Новый,Мобильное устройство,1.68,0,0,0.0
MKT003671,2025-12-15,Социальные сети,Ретаргетинг,Лояльный,Мобильное устройство,6.62,0,0,0.0
MKT005894,2025-02-22,Социальные сети,Ретаргетинг,Новый,Компьютер,8.5,0,0,0.0
MKT009765,2025-01-21,Поисковая реклама,Новый продукт,Новый,Мобильное устройство,17.97,0,0,0.0
MKT009203,2025-01-02,Социальные сети,Имиджевая кампания,Лояльный,Компьютер,9.87,0,0,0.0
MKT001774,2025-07-31,Поисковая реклама,Ретаргетинг,Повторный,Мобильное устройство,14.66,1,0,0.0
MKT004785,2025-06-24,Email,Сезонная акция,Повторный,Компьютер,2.47,0,0,0.0
MKT007805,2025-03-02,Поисковая реклама,Новый продукт,Новый,Мобильное устройство,16.7,0,0,0.0
MKT006659,2025-12-23,Медийная реклама,Сезонная акция,Лояльный,Мобильное устройство,8.72,0,0,0.0
MKT000579,2025-07-19,Push,Имиджевая кампания,Лояльный,Мобильное устройство,1.89,0,0,0.0
MKT008786,2025-03-17,Email,Сезонная акция,Новый,Мобильное устройство,2.15,0,0,0.0
MKT001844,2025-01-30,Социальные сети,Программа лояльности,Повторный,Мобильное устройство,6.51,0,0,0.0
MKT008610,2025-05-07,Email,Новый продукт,Повторный,Планшет,3.18,0,0,0.0
MKT004674,2025-11-01,Push,Ретаргетинг,Новый,Мобильное устройство,10000.0,0,0,0.0
MKT004776,2025-07-22,Поисковая реклама,Ретаргетинг,Повторный,Мобильное устройство,17.23,0,0,0.0
MKT002067,2025-04-27,Социальные сети,Программа лояльности,Лояльный,Мобильное устройство,8.24,0,0,0.0
MKT002570,2025-07-27,Социальные сети,Сезонная акция,Повторный,Мобильное устройство,9.45,0,0,0.0
MKT009685,2025-08-22,Push,Программа лояльности,Новый,Мобильное устройство,1.36,0,0,0.0
MKT008340,2025-09-16,Push,Ретаргетинг,Лояльный,Компьютер,1.91,1,1,5440.69
MKT006678,2025-03-12,Социальные сети,Сезонная акция,Новый,Мобильное устройство,11.13,0,0,0.0
MKT003712,2025-11-05,Социальные сети,Ретаргетинг,Новый,Компьютер,6.57,0,0,0.0
MKT009329,2025-05-26,Медийная реклама,Ретаргетинг,Повторный,Мобильное устройство,6.65,0,0,0.0
MKT005188,2025-04-14,Email,Имиджевая кампания,Повторный,Мобильное устройство,2.67,1,0,0.0
MKT000367,2025-05-25,Email,Новый продукт,Повторный,Мобильное устройство,2.3,1,0,0.0
MKT006529,2025-04-23,Поисковая реклама,Сезонная акция,Новый,Планшет,20.6,0,0,0.0
MKT000933,2025-12-06,Email,Имиджевая кампания,Лояльный,Мобильное устройство,3.71,0,0,0.0
MKT001268,2025-02-03,Email,Новый продукт,Повторный,Компьютер,2.15,0,0,0.0
MKT004764,2025-11-16,Социальные сети,Ретаргетинг,Повторный,Компьютер,11.04,1,0,0.0
MKT002808,2025-04-07,Push,Новый продукт,Новый,Мобильное устройство,1.69,0,0,0.0
MKT002718,2025-02-14,Социальные сети,Программа лояльности,Новый,Компьютер,7.25,-1,0,0.0
MKT007122,2025-10-30,Медийная реклама,Сезонная акция,Новый,Мобильное устройство,8.82,0,0,0.0
MKT008318,2025-08-14,Медийная реклама,Сезонная акция,Лояльный,Мобильное устройство,9.5,0,0,0.0
MKT007491,2025-05-16,,Сезонная акция,Новый,Мобильное устройство,2.14,0,0,0.0
MKT003165,2025-02-21,Email,Сезонная акция,Лояльный,Мобильное устройство,1.89,1,1,3329.82
MKT006672,2025-07-06,Медийная реклама,Сезонная акция,Новый,Мобильное устройство,6.5,0,0,0.0
MKT005960,2025-07-13,Медийная реклама,Ретаргетинг,Повторный,Мобильное устройство,6.08,0,0,0.0
MKT007685,2025-12-26,Медийная реклама,Программа лояльности,Лояльный,Мобильное устройство,6.38,0,0,0.0
MKT009036,2025-01-28,Push,Ретаргетинг,Повторный,Мобильное устройство,1.24,0,0,0.0
MKT004642,2025-01-10,Email,Имиджевая кампания,Повторный,Мобильное устройство,2.3,0,0,0.0
MKT009706,2025-12-23,Социальные сети,Ретаргетинг,Повторный,Мобильное устройство,9.18,0,0,0.0
MKT008150,2025-01-09,Поисковая реклама,Ретаргетинг,Повторный,Компьютер,19.31,0,0,0.0
MKT002551,2025-04-07,Медийная реклама,Программа лояльности,Новый,Мобильное устройство,4.97,0,0,0.0
MKT006104,2025-06-09,Поисковая реклама,Новый продукт,Повторный,Мобильное устройство,31.35,0,0,0.0
MKT008009,2025-02-19,Поисковая реклама,Имиджевая кампания,Повторный,Компьютер,33.52,0,0,0.0
MKT007126,2025-06-07,Email,Программа лояльности,Новый,Мобильное устройство,1.34,0,0,0.0
MKT003992,2025-08-27,Поисковая реклама,Программа лояльности,Новый,Планшет,17.5,0,0,0.0
MKT005784,2025-07-05,Email,Ретаргетинг,Лояльный,Мобильное устройство,1.31,1,0,0.0
MKT005416,2025-09-29,Социальные сети,Имиджевая кампания,Лояльный,Мобильное устройство,7.77,0,0,0.0
MKT000888,2025-07-30,Push,Имиджевая кампания,Повторный,Мобильное устройство,1.58,0,0,0.0
MKT003033,2025-05-09,Push,Сезонная акция,Новый,Компьютер,1.98,0,0,0.0
MKT005715,2025-03-27,Медийная реклама,Имиджевая кампания,Повторный,Планшет,6.84,0,0,5285.0
MKT002131,2025-05-09,Поисковая реклама,Ретаргетинг,Повторный,Мобильное устройство,21.68,0,0,0.0
MKT006564,2025-08-27,Email,Ретаргетинг,Новый,Мобильное устройство,2.66,0,0,0.0
MKT004777,2025-11-19,Email,Программа лояльности,Лояльный,Мобильное устройство,2.25,0,0,0.0
MKT004291,2025-09-09,Email,Программа лояльности,Повторный,мобильное ,1.16,0,0,0.0
MKT005500,2025-05-10,Медийная реклама,Ретаргетинг,Повторный,Компьютер,5.73,0,0,0.0
MKT001625,2025-02-01,Поисковая реклама,Имиджевая кампания,Новый,Компьютер,20.75,1,1,1942.26
MKT006128,2025-02-06,Email,Ретаргетинг,Новый,Мобильное устройство,3.02,0,0,0.0
MKT000150,2025-05-17,Email,Имиджевая кампания,Лояльный,Мобильное устройство,2.59,0,0,0.0
MKT009355,2025-04-12,Социальные сети,Программа лояльности,Повторный,Компьютер,7.24,0,0,0.0
MKT007003,2025-02-11,Социальные сети,Программа лояльности,Повторный,Мобильное устройство,7.22,0,0,0.0
MKT002313,2025-07-02,Социальные сети,Ретаргетинг,Новый,Компьютер,10000.0,1,0,0.0
MKT002397,2025-09-12,Email,Программа лояльности,Повторный,Мобильное устройство,1.31,1,1,5230.02
MKT005087,2025-07-13,Поисковая реклама,Программа лояльности,Повторный,Компьютер,21.22,0,0,0.0
MKT003969,2025-09-12,Социальные сети,Новый продукт,Новый,Компьютер,12.64,0,0,0.0
MKT002714,2025-05-24,Push,Программа лояльности,Повторный,Мобильное устройство,1.27,0,0,0.0
MKT000479,2025-06-19,Email,Ретаргетинг,Повторный,Мобильное устройство,2.0,0,0,0.0
MKT006851,2025-01-30,Поисковая реклама,Имиджевая кампания,Лояльный,Планшет,25.3,0,0,0.0
MKT005531,2025-09-22,Email,Программа лояльности,Лояльный,Мобильное устройство,1.96,0,0,0.0
MKT009431,2025-07-08,Медийная реклама,Имиджевая кампания,Повторный,Планшет,10.35,0,0,0.0
MKT009373,2025-08-27,Социальные сети,Имиджевая кампания,Новый,Мобильное устройство,6.74,0,0,0.0
MKT004485,2025-03-12,Email,Ретаргетинг,Повторный,Мобильное устройство,2.22,0,0,0.0
MKT001474,2025-12-03,Email,Ретаргетинг,Повторный,Мобильное устройство,2.31,0,0,0.0
MKT006980,2025-03-17,Медийная реклама,Имиджевая кампания,Новый,Мобильное устройство,10.28,0,0,0.0
MKT005729,27.01.2025,Email, имиджевая кампания ,Лояльный,Мобильное устройство,2.39,0,0,0.0
MKT009427,2025-02-14,Email,Имиджевая кампания,Повторный,Мобильное устройство,1.84,0,0,0.0
MKT004154,2025-09-16,Поисковая реклама,Ретаргетинг,Новый,Мобильное устройство,21.19,0,0,0.0
MKT009688,2025-06-13,Push,Ретаргетинг,Новый,Компьютер,1.37,0,0,0.0
MKT009048,2025-09-16,Email,Новый продукт,Новый,Мобильное устройство,2.78,0,0,0.0
MKT001371,2025-05-18,Социальные сети,Ретаргетинг,Повторный,Мобильное устройство,6.15,0,0,0.0
MKT000822,2025-02-06,Медийная реклама,Новый продукт,Новый,Мобильное устройство,5.91,0,0,0.0
MKT003625,2025-11-30,Email,Сезонная акция,Повторный,Компьютер,2.86,0,0,0.0
MKT000882,2025-11-09,Поисковая реклама,Имиджевая кампания,Лояльный,Компьютер,16.99,0,0,0.0
MKT006060,2025-12-17,Email,Сезонная акция,Лояльный,Мобильное устройство,2.14,0,0,0.0
MKT003565,2025-10-31,Email,Ретаргетинг,Повторный,Мобильное устройство,1.91,0,0,0.0
MKT007951,2025-11-19,Email,Новый продукт,Повторный,Компьютер,3.74,0,0,0.0
MKT003848,2025-03-21,Социальные сети,Сезонная акция,Повторный,Мобильное устройство,8.59,0,0,0.0
MKT006291,2025-09-17,Поисковая реклама,Имиджевая кампания,Лояльный,Мобильное устройство,19.1,1,0,0.0
MKT008023,2025-11-10,Медийная реклама,Сезонная акция,Новый,Мобильное устройство,6.28,0,0,0.0
MKT002968,2025-08-12,Социальные сети,Имиджевая кампания,Новый,Мобильное устройство,12.98,0,0,0.0
MKT000827,2025-12-15,Push,Имиджевая кампания,Лояльный,Мобильное устройство,2.71,0,0,0.0
MKT008536,2025-09-11,Социальные сети,Новый продукт,Повторный,Компьютер,9.98,0,0,0.0
MKT003134,2025-11-24,Медийная реклама,Сезонная акция,Повторный,Компьютер,8.47,0,0,0.0
MKT004335,2025-08-10,соцсети,Имиджевая кампания,Лояльный,Мобильное устройство,10.66,0,0,0.0
MKT007367,2025-11-29,Поисковая реклама,Сезонная акция,Лояльный,Компьютер,15.3,0,0,0.0
MKT003025,2025-10-12,Социальные сети,Имиджевая кампания,Новый,Компьютер,11.99,0,0,0.0
MKT005397,2025-02-04,Push,Ретаргетинг,Новый,Мобильное устройство,1.56,0,0,0.0
MKT004806,2025-03-22,Социальные сети,Программа лояльности,Повторный,Мобильное устройство,6.14,0,0,0.0
MKT001698,2025-06-30,Email,Программа лояльности,Новый,Планшет,1.41,0,0,0.0
MKT008635,2025-09-06,Медийная реклама,Новый продукт,Повторный,Мобильное устройство,9.26,0,0,0.0
MKT007907,2025-09-20,Социальные сети,Сезонная акция,Повторный,Мобильное устройство,13.31,2,0,0.0
MKT004858,2025-05-27,Социальные сети,Сезонная акция,Новый,Мобильное устройство,11.74,0,0,0.0
MKT008753,2025-08-14,Поисковая реклама,Программа лояльности,Повторный,Мобильное устройство,11.6,0,0,0.0
MKT002016,2025-12-07,Поисковая реклама,Новый продукт,Новый,Компьютер,26.68,0,0,0.0
MKT004533,2025-04-23,Социальные сети,Программа лояльности,Новый,Компьютер,7.99,0,0,0.0
MKT004379,2025-05-12,Поисковая реклама,Новый продукт,Повторный,Мобильное устройство,17.68,0,0,0.0
MKT004800,2025-07-28,Социальные сети,Сезонная акция,Лояльный,Мобильное устройство,7.05,0,0,0.0
MKT000522,2025-05-27,Email,Сезонная акция,Повторный,Мобильное устройство,2.64,0,0,0.0
MKT001075,2025-11-09,Социальные сети,Сезонная акция,Повторный,Мобильное устройство,10.1,0,0,0.0
MKT004184,2025-07-22,Push,Сезонная акция,Новый,Мобильное устройство,1.95,0,0,0.0
MKT005115,2025-07-29,Push,Имиджевая кампания,Новый,Компьютер,1.27,0,0,0.0
MKT007189,2025-04-28,Поисковая реклама,Ретаргетинг,Новый,Мобильное устройство,13.44,1,0,0.0
MKT003113,10.07.2025,Email,Программа лояльности,Лояльный,Мобильное устройство,1.47,0,0,0.0
MKT009352,2025-04-15,Поисковая реклама,Ретаргетинг,Новый,Мобильное устройство,30.27,0,0,0.0
MKT001398,2025-11-03,Социальные сети,Программа лояльности,Лояльный,Мобильное устройство,8.97,0,0,0.0
MKT006644,2025-11-24,Поисковая реклама,Ретаргетинг,Повторный,Мобильное устройство,18.09,0,0,0.0
MKT007762,2025-02-04,Email,Ретаргетинг,Лояльный,Мобильное устройство,2.15,0,0,0.0
MKT008008,2025-11-14,Поисковая реклама,Ретаргетинг,Новый,Компьютер,16.94,0,0,0.0
MKT003769,2025-03-21,Поисковая реклама,Новый продукт,Новый,Мобильное устройство,19.64,0,0,0.0
MKT008114,2025-09-25,Push,Ретаргетинг,Повторный,Мобильное устройство,1.79,0,0,0.0
MKT007809,2025-02-26,Поисковая реклама,Новый продукт,Лояльный,Мобильное устройство,24.13,0,0,0.0
MKT009566,2025-08-04,Email,Программа лояльности,Лояльный,Мобильное устройство,1.59,1,1,8538.13
MKT006891,2025-10-19,Поисковая реклама,Новый продукт,Новый,мобильное ,21.65,1,0,0.0
MKT008711,2025-10-20,Email,Ретаргетинг,Новый,Мобильное устройство,2.58,0,0,0.0
MKT008842,2025-03-13,Социальные сети,Новый продукт,Повторный,Компьютер,13.46,0,0,0.0
MKT008867,2025-08-07,Социальные сети,Программа лояльности,Новый,Мобильное устройство,10.25,0,0,0.0
MKT009297,2025-06-06,Социальные сети,Программа лояльности,Повторный,Компьютер,6.5,0,0,0.0
MKT009770,2025-12-28,Push,Новый продукт,Лояльный,Компьютер,1.12,0,0,0.0
MKT006381,2025-02-17,Поисковая реклама,Новый продукт,Новый,Компьютер,26.15,0,0,0.0
MKT000364,2025-03-19,Медийная реклама,Программа лояльности,Лояльный,Компьютер,5.16,0,0,0.0
MKT009862,2025-10-13,Социальные сети,Сезонная акция,Новый,Мобильное устройство,10.75,0,0,0.0
MKT008246,2025-06-08,Социальные сети,Программа лояльности,Повторный,Мобильное устройство,10.42,0,0,0.0
MKT007108,2025-01-03,Социальные сети,Сезонная акция,Новый,Мобильное устройство,14.67,0,0,0.0
MKT008960,2025-08-23,Push,Имиджевая кампания,Новый,Мобильное устройство,1.36,0,0,0.0
MKT001351,2025-03-05,Поисковая реклама,Ретаргетинг,Повторный,Компьютер,17.35,1,0,0.0
MKT001546,2025-01-08,Push,Новый продукт,Новый,Мобильное устройство,2.15,0,0,0.0
MKT008846,2025-11-27,Поисковая реклама,Ретаргетинг,Повторный,Мобильное устройство,17.82,1,1,3436.81
MKT005343,2025-03-17,Медийная реклама,Сезонная акция,Повторный,Компьютер,7.4,0,0,0.0
MKT009835,2025-09-28,Email,Ретаргетинг,Повторный,Компьютер,1.85,1,0,
MKT008814,2025-03-23,Email,Новый продукт,Лояльный,Планшет,3.96,0,0,0.0
MKT001933,2025-05-20,Медийная реклама,Имиджевая кампания,Повторный,Мобильное устройство,7.04,0,0,0.0
MKT005535,2025-06-22,Социальные сети,Ретаргетинг,Новый,Мобильное устройство,5.83,0,0,0.0
MKT009443,2025-02-25,Email,Программа лояльности,Повторный,Мобильное устройство,2.61,0,0,0.0
MKT002116,2025-08-18,Поисковая реклама,Новый продукт,Повторный,Компьютер,21.58,1,0,0.0
MKT007810,2025-03-08,Email,Сезонная акция,Повторный,Мобильное устройство,1.75,1,0,0.0
MKT003004,2025-02-08,Медийная реклама,Сезонная акция,Новый,Мобильное устройство,9.14,0,0,0.0
MKT001352,2025-02-09,Email,Сезонная акция,Повторный,Мобильное устройство,1.82,0,0,0.0
MKT000299,2025-10-27,Push,Программа лояльности,Лояльный,Компьютер,1.49,0,0,0.0
MKT000877,2025-04-26,Социальные сети,Программа лояльности,Новый,Компьютер,6.41,0,0,0.0
MKT001708,2025-06-23,Поисковая реклама,Имиджевая кампания,Лояльный,Мобильное устройство,27.17,1,0,0.0
MKT009545,2025-10-26,Медийная реклама,Ретаргетинг,Лояльный,Компьютер,6.57,1,1,9202.59
MKT003741,2025-08-24,Поисковая реклама,Сезонная акция,Повторный,Мобильное устройство,31.09,0,0,0.0
MKT003839,2025-01-09,Email,Ретаргетинг,Новый,Мобильное устройство,2.44,0,0,0.0
MKT002703,2025-11-12,Социальные сети,Сезонная акция,Повторный,Планшет,8.92,0,0,0.0
MKT003274,04.03.2025,Медийная реклама,Ретаргетинг,Лояльный,Мобильное устройство,6.1,0,0,0.0
MKT009864,2025-06-01,Email,Ретаргетинг,Повторный,Мобильное устройство,3.0,0,0,0.0
MKT001989,2025-12-15,соцсети,Имиджевая кампания,Новый,Мобильное устройство,11.5,0,0,0.0
MKT008556,2025-02-10,Социальные сети,Новый продукт,Повторный,Мобильное устройство,11.69,0,0,0.0
MKT009514,2025-03-27,Социальные сети,Имиджевая кампания,Новый,Мобильное устройство,11.52,0,0,0.0
MKT007625,2025-03-03,Push,Новый продукт,Лояльный,Мобильное устройство,1.57,0,0,0.0
MKT005261,2025-12-09,Медийная реклама,Новый продукт,Повторный,Компьютер,8.83,0,0,0.0
MKT006648,2025-05-31,Email,Сезонная акция,Новый,Компьютер,1.96,0,0,0.0
MKT000231,2025-07-15,Email,Ретаргетинг,Лояльный,Мобильное устройство,1.49,0,0,0.0
MKT008921,2025-08-03,Социальные сети,Программа лояльности,Новый,Мобильное устройство,7.81,1,0,0.0
MKT007786,2025-12-18,Поисковая реклама,Имиджевая кампания,Лояльный,Компьютер,18.76,0,0,0.0
MKT002476,2025-08-16,Поисковая реклама,Имиджевая кампания,Повторный,Компьютер,27.42,0,0,0.0
MKT006519,2025-07-26,Push,Программа лояльности,Лояльный,Мобильное устройство,1.36,0,0,0.0
MKT004064,2025-11-12,Email,Программа лояльности,Повторный,Мобильное устройство,2.2,1,1,6452.08
MKT008763,2025-06-24,Медийная реклама,Ретаргетинг,Повторный,Мобильное устройство,6.04,1,0,0.0
MKT004961,2025-05-09,Email,Новый продукт,Лояльный,Мобильное устройство,2.44,0,0,0.0
MKT003555,2025-04-14,Поисковая реклама,Новый продукт,Новый,Мобильное устройство,24.44,0,0,0.0
MKT002189,2025-01-06,Поисковая реклама,Новый продукт,Новый,Мобильное устройство,27.35,0,0,0.0
MKT004825,2025-01-19,Email,Новый продукт,Повторный,Мобильное устройство,2.26,0,0,0.0
MKT004076,2025-06-03,Email,Сезонная акция,Новый,Мобильное устройство,2.84,0,0,0.0
MKT002078,2025-12-20,Социальные сети,Сезонная акция,Новый,Мобильное устройство,18.35,0,0,0.0
MKT005089,2025-11-12,Push,Имиджевая кампания,Повторный,Компьютер,1.36,0,0,0.0
MKT003342,2025-07-07,Email,Сезонная акция,Новый,Мобильное устройство,1.82,1,1,3494.62
MKT002362,2025-09-22,Социальные сети,Сезонная акция,Лояльный,Мобильное устройство,8.57,0,0,0.0
MKT001203,2025-12-07,Медийная реклама,Сезонная акция,Повторный,Компьютер,6.86,0,0,0.0
MKT003311,2025-02-12,Email,Имиджевая кампания,Повторный,Компьютер,2.18,0,0,0.0
MKT001221,2025-02-19,Поисковая реклама,Новый продукт,Новый,Мобильное устройство,30.65,0,0,0.0
MKT001364,2025-05-24,Социальные сети,Ретаргетинг,Лояльный,Мобильное устройство,9.62,0,0,0.0
MKT003420,2025-08-11,Email,Программа лояльности,Повторный,мобильное ,1.61,0,0,0.0
MKT007901,2025-06-30,Email,Новый продукт,Новый,Мобильное устройство,3.85,0,0,0.0
MKT008368,2025-04-02,Email,Ретаргетинг,Повторный,Мобильное устройство,2.56,0,0,0.0
MKT005561,2025-02-14,Социальные сети,Имиджевая кампания,Повторный,Мобильное устройство,9.53,0,0,0.0
MKT008267,2025-08-15,Email,Ретаргетинг,Повторный,Мобильное устройство,1.3,0,0,0.0
MKT009155,2025-09-07,Email,Ретаргетинг,Повторный,Мобильное устройство,2.3,0,0,0.0
MKT008665,2025-10-19,Email,Ретаргетинг,Новый,Мобильное устройство,2.46,0,0,0.0
MKT008237,2025-03-14,Поисковая реклама,Ретаргетинг,Лояльный,Компьютер,10.32,0,0,0.0
MKT008568,2025-08-26,Медийная реклама,Ретаргетинг,Повторный,Мобильное устройство,5.7,0,0,0.0
MKT000798,2025-11-20,Email,Новый продукт,Повторный,Компьютер,2.34,0,0,0.0
MKT005325,2025-03-16,Поисковая реклама,Новый продукт,Повторный,Мобильное устройство,19.55,0,0,0.0
MKT009429,2025-05-18,Медийная реклама,Новый продукт,Повторный,Компьютер,8.47,0,0,0.0
MKT005679,2025-04-14,Email,Сезонная акция,Повторный,Планшет,2.84,0,0,0.0
MKT001646,2025-01-11,Социальные сети,Ретаргетинг,Повторный,Мобильное устройство,11.54,0,0,0.0
MKT003281,2025-07-26,Email,Имиджевая кампания,Повторный,Мобильное устройство,2.15,1,0,0.0
MKT006726,2025-11-11,Поисковая реклама,Ретаргетинг,Повторный,Компьютер,19.37,0,0,0.0
MKT000531,2025-01-08,Медийная реклама,Имиджевая кампания,Повторный,Мобильное устройство,4.31,0,0,0.0
MKT004888,2025-03-20,Медийная реклама,Имиджевая кампания,Новый,Мобильное устройство,6.6,0,0,0.0
MKT004004,2025-09-20,Медийная реклама,Сезонная акция,Новый,Компьютер,5.67,0,0,0.0
MKT007502,2025-11-05,Поисковая реклама,Ретаргетинг,Повторный,Компьютер,14.41,0,0,0.0
MKT009861,2025-08-14,Поисковая реклама,Новый продукт,Лояльный,Компьютер,31.2,1,0,0.0
MKT000156,2025-09-02,Медийная реклама,Сезонная акция,Лояльный,Планшет,9.67,0,0,0.0
MKT009802,2025-07-22,Поисковая реклама,Программа лояльности,Повторный,Мобильное устройство,20.74,0,0,0.0
MKT008095,2025-06-19,Медийная реклама,Новый продукт,Повторный,Мобильное устройство,5.87,0,0,0.0
MKT000390,2025-05-08,Push,Ретаргетинг,Новый,Планшет,1.04,0,0,0.0
MKT003343,2025-07-23,Email,Новый продукт,Повторный,Мобильное устройство,3.34,0,0,0.0
MKT008218,2025-12-04,Email,сезонная акция ,Лояльный,Мобильное устройство,1.93,0,0,0.0
MKT003238,2025-01-16,Поисковая реклама,Имиджевая кампания,Повторный,Компьютер,29.49,0,0,0.0
MKT002024,2025-07-03,Push,Программа лояльности,Лояльный,Мобильное устройство,1.11,0,0,0.0
MKT001029,2025-03-30,Email,Сезонная акция,Повторный,Компьютер,2.54,0,0,0.0
MKT004401,2025-01-17,Медийная реклама,Новый продукт,новый ,Мобильное устройство,6.79,0,0,0.0
MKT000571,2025-06-27,Социальные сети,Новый продукт,Новый,Компьютер,9.1,0,0,0.0
MKT002656,2025-08-22,Поисковая реклама,Сезонная акция,Повторный,Мобильное устройство,22.14,0,0,0.0
MKT001812,2025-08-01,Email,Сезонная акция,Повторный,Мобильное устройство,1.47,0,0,0.0
MKT009463,2025-11-16,Социальные сети,Ретаргетинг,Повторный,Компьютер,9.9,1,0,0.0
MKT001345,2025-03-29,Медийная реклама,Новый продукт,Повторный,Мобильное устройство,6.48,0,0,0.0
MKT001451,2025-03-07,Push,Имиджевая кампания,Лояльный,Компьютер,1.05,0,0,0.0
MKT008778,2025-04-25,Email,Имиджевая кампания,Лояльный,Мобильное устройство,2.14,0,0,0.0
MKT008548,2025-11-03,Email,Имиджевая кампания,Новый,Мобильное устройство,2.7,0,0,0.0
MKT009438,2025-10-08,Социальные сети,Новый продукт,Повторный,Мобильное устройство,11.27,0,0,0.0
MKT009933,2025-07-24,Социальные сети,Имиджевая кампания,Новый,Компьютер,12.93,0,0,0.0
MKT009598,21.10.2025,Медийная реклама,Имиджевая кампания,Повторный,Планшет,9.75,0,0,0.0
MKT000481,2025-10-26,Push,Ретаргетинг,Новый,Планшет,1.87,0,0,0.0
MKT003817,2025-10-07,Социальные сети,Ретаргетинг,Новый,Компьютер,7.49,0,0,0.0
MKT002160,2025-03-23,Поисковая реклама,Сезонная акция,Повторный,Компьютер,17.59,0,0,0.0
MKT005605,2025-01-18,Email,Имиджевая кампания,Новый,Мобильное устройство,2.55,0,0,0.0
MKT001918,2025-03-26, email ,Сезонная акция,Повторный,Компьютер,2.96,0,0,0.0
MKT008931,2025-08-15,Социальные сети,Имиджевая кампания,Новый,Мобильное устройство,14.11,0,0,0.0
MKT008265,2025-05-14,Социальные сети,Ретаргетинг,Повторный,Мобильное устройство,6.65,0,0,0.0
MKT000649,2025-04-16,Медийная реклама,Имиджевая кампания,Повторный,Мобильное устройство,9.09,0,0,0.0
MKT001457,2025-06-27,Email,Имиджевая кампания,Повторный,Компьютер,2.35,0,0,0.0
MKT002713,2025-10-21,Социальные сети,Сезонная акция,Повторный,Мобильное устройство,8.96,0,0,0.0
MKT001786,2025-02-04,Медийная реклама,Ретаргетинг,Новый,Мобильное устройство,5.81,0,0,0.0
MKT002840,2025-01-08,Email,Ретаргетинг,Повторный,Мобильное устройство,2.0,0,0,0.0
MKT002744,2025-10-27,Поисковая реклама,Ретаргетинг,Повторный,Мобильное устройство,28.11,-1,0,0.0
MKT008565,2025-05-19,Медийная реклама,Сезонная акция,Повторный,Мобильное устройство,8.36,0,0,0.0
MKT008078,2025-12-18,Email,Программа лояльности,Повторный,Мобильное устройство,1.79,0,0,0.0
MKT008719,2025-01-31,Email,Имиджевая кампания,Новый,Планшет,3.67,0,0,0.0
MKT002848,2025-06-23,Email,Ретаргетинг,Новый,Планшет,2.31,0,0,0.0
MKT005850,2025-12-09,Поисковая реклама,Программа лояльности,Повторный,Компьютер,18.91,0,0,0.0
MKT006808,2025-05-10,Поисковая реклама,Ретаргетинг,Новый,Мобильное устройство,18.46,0,0,0.0
MKT003261,2025-12-14,Социальные сети,Новый продукт,Новый,Мобильное устройство,12.37,0,0,0.0
MKT008135,2025-02-10,Медийная реклама,Сезонная акция,Новый,Планшет,6.9,0,0,0.0
MKT001744,2025-02-26,Email,Новый продукт,Повторный,Мобильное устройство,2.72,0,0,0.0
MKT004131,2025-02-22,Email,Ретаргетинг,Повторный,Мобильное устройство,2.17,1,0,0.0
MKT009911,2025-11-03,Медийная реклама,Ретаргетинг,Новый,Мобильное устройство,5.19,0,0,0.0
MKT007061,2025-11-23,Социальные сети,Программа лояльности,Новый,Мобильное устройство,8.04,0,0,0.0
MKT005342,2025-09-02,Email,Ретаргетинг,Лояльный,Мобильное устройство,1.86,0,0,0.0
MKT000426,2025-03-05, медийная реклама ,Сезонная акция,Лояльный,Мобильное устройство,7.66,0,0,0.0
MKT005059,2025-06-01,Email,Имиджевая кампания,Повторный,Мобильное устройство,2.65,0,0,0.0
MKT000473,2025-01-23,Поисковая реклама,Имиджевая кампания,Повторный,Мобильное устройство,19.04,0,0,0.0
MKT009730,2025-08-12,Email,Новый продукт,Лояльный,Мобильное устройство,2.06,0,0,0.0
MKT003493,2025-06-26,Социальные сети,Имиджевая кампания,Повторный,Компьютер,7.94,0,0,0.0
MKT004288,2025-07-12,Поисковая реклама,Сезонная акция,Повторный,Мобильное устройство,28.75,0,0,0.0
MKT004916,2025-09-18,Email,Новый продукт,Повторный,Мобильное устройство,2.65,0,0,0.0
MKT007779,2025-06-07,Социальные сети,Программа лояльности,Повторный,Мобильное устройство,6.72,0,0,0.0
MKT006510,2025-02-15,Социальные сети,Сезонная акция,Повторный,Компьютер,8.43,0,0,0.0
MKT000284,2025-06-12,Email,Имиджевая кампания,Повторный,Мобильное устройство,2.3,0,0,0.0
MKT005415,2025-05-22,Push,Программа лояльности,Новый,Мобильное устройство,1.9,0,0,0.0
MKT009193,2025-07-18,Медийная реклама,Программа лояльности,Повторный,Мобильное устройство,4.27,0,0,0.0
MKT009960,2025-10-24,Поисковая реклама,Имиджевая кампания,Новый,Мобильное устройство,18.06,1,0,0.0
MKT004304,2025-06-29,Социальные сети,Новый продукт,Новый,Компьютер,12.15,0,0,0.0
MKT003649,2025-01-23,Email,Ретаргетинг,Новый,Мобильное устройство,1.87,0,0,0.0
MKT009406,2025-08-15,Социальные сети,Программа лояльности,Новый,Компьютер,8.05,0,0,0.0
MKT006766,2025-07-29,Email,Сезонная акция,Повторный,Компьютер,1.85,0,0,0.0
MKT001902,2025-02-13,Социальные сети,Имиджевая кампания,Новый,Мобильное устройство,10.71,0,0,0.0
MKT005079,2025-08-07,Email,Программа лояльности,Повторный,Планшет,1.19,0,0,0.0
MKT007058,2025-01-29,Поисковая реклама,Ретаргетинг,Лояльный,Мобильное устройство,19.03,1,0,0.0
MKT002170,2025-01-26,Поисковая реклама,Ретаргетинг,Новый,Компьютер,14.73,0,0,0.0
MKT002770,2025-08-31,Email,Новый продукт,Повторный,Мобильное устройство,2.33,1,1,5631.47
MKT007745,2025-12-10,,Ретаргетинг,Новый,Мобильное устройство,1.23,0,0,0.0
MKT004430,2025-07-18,Email,Новый продукт,Повторный,Мобильное устройство,2.59,0,0,0.0
MKT009481,2025-06-18,Поисковая реклама,Новый продукт,Новый,Мобильное устройство,15.07,1,0,0.0
MKT004411,2025-11-28,Email,Сезонная акция,Лояльный,Мобильное устройство,2.74,0,0,0.0
MKT002252,2025-06-19,Push,Имиджевая кампания,Повторный,Компьютер,1.58,1,0,0.0
MKT007682,2025-05-24,Медийная реклама,Программа лояльности,Новый,Мобильное устройство,4.68,0,0,0.0
MKT002154,2025-04-02,Email,Программа лояльности,Лояльный,Мобильное устройство,1.5,0,0,0.0
MKT008662,2025-08-28,Email,Программа лояльности,Повторный,Мобильное устройство,2.36,0,0,0.0
MKT003014,2025-05-15,Социальные сети,Программа лояльности,Лояльный,Компьютер,8.04,0,0,0.0
MKT005702,2025-03-03,Поисковая реклама,Новый продукт,Повторный,Мобильное устройство,20.53,0,0,0.0
MKT003500,2025-03-17,Email,Имиджевая кампания,Повторный,Мобильное устройство,3.39,0,0,0.0
MKT003063,2025-12-13,Медийная реклама,Новый продукт,Повторный,Планшет,10.46,0,0,0.0
MKT007317,2025-04-22,Поисковая реклама,Программа лояльности,Лояльный,Мобильное устройство,19.06,0,0,0.0
MKT006940,2025-10-26,Поисковая реклама,Сезонная акция,Новый,Компьютер,26.51,1,0,0.0
MKT001162,2025-10-15,Поисковая реклама,Новый продукт,Повторный,Компьютер,28.74,1,0,0.0
MKT005906,2025-09-21,Социальные сети,Имиджевая кампания,Новый,Компьютер,7.43,0,0,0.0
MKT007954,2025-11-27,,Сезонная акция,Новый,Компьютер,14.49,0,0,0.0
MKT003775,2025-02-13,Email,Сезонная акция,Новый,Компьютер,2.01,0,0,0.0
MKT007294,2025-11-26,Социальные сети,Имиджевая кампания,Повторный,Мобильное устройство,10.99,0,0,0.0
MKT001079,2025-02-05,Социальные сети,Сезонная акция,Новый,Мобильное устройство,12.88,0,0,0.0
MKT004840,2025-09-04,Push,Программа лояльности,Повторный,Компьютер,1.34,0,0,0.0
MKT006588,2025-10-21,Медийная реклама,Имиджевая кампания,Повторный,Компьютер,7.81,0,0,0.0
MKT009922,2025-08-31,Email,Имиджевая кампания,Новый,Мобильное устройство,3.53,0,0,0.0
MKT001403,2025-01-17,Поисковая реклама,Имиджевая кампания,Повторный,Мобильное устройство,26.77,0,0,0.0
MKT006521,2025-04-13,Медийная реклама,Новый продукт,Новый,Мобильное устройство,8.28,0,0,0.0
MKT001467,2025-07-15,Email,Новый продукт,Новый,Компьютер,2.06,1,0,0.0
MKT005036,2025-02-11,Email,Ретаргетинг,Новый,Мобильное устройство,2.39,0,0,0.0
MKT002941,2025-05-06,соцсети,Сезонная акция,Новый,Мобильное устройство,6.5,0,0,0.0
MKT008638,2025-01-18,Поисковая реклама,Имиджевая кампания,Новый,Мобильное устройство,17.6,0,0,0.0
MKT008128,2025-05-29,Поисковая реклама,Ретаргетинг,Новый,Компьютер,12.4,0,0,0.0
MKT008131,2025-06-10,Email,Программа лояльности,Новый,Мобильное устройство,2.15,0,0,0.0
MKT002662,2025-02-20,Email,Имиджевая кампания,Лояльный,Компьютер,1.95,0,0,0.0
MKT003181,2025-02-12,Email,Сезонная акция,Повторный,Компьютер,3.2,1,0,0.0
MKT007418,2025-06-09,Медийная реклама,Имиджевая кампания,Новый,Мобильное устройство,8.8,0,0,0.0
MKT008002,2025-03-14,Медийная реклама,Ретаргетинг,Новый,Мобильное устройство,7.9,1,1,3789.15
MKT008503,2025-04-18,Поисковая реклама,Программа лояльности,Лояльный,Мобильное устройство,11.2,0,0,0.0
MKT000017,2025-12-08,Email,Сезонная акция,Новый,Мобильное устройство,1.95,0,0,0.0
MKT007531,2025-07-25,Push,Новый продукт,Новый,Компьютер,1.76,0,0,0.0
MKT003854,2025-10-13,Социальные сети,Ретаргетинг,Повторный,Мобильное устройство,6.88,1,0,0.0
MKT001090,2025-12-28,Поисковая реклама,НОВЫЙ ПРОДУКТ,Лояльный,Мобильное устройство,17.74,0,0,0.0
MKT003227,2025-03-24,Медийная реклама,Имиджевая кампания,Новый,Мобильное устройство,5.22,0,0,0.0
MKT007152,2025-04-17,Социальные сети,Сезонная акция,Лояльный,Компьютер,11.4,0,0,0.0
MKT007847,2025-10-05,Email,Сезонная акция,Повторный,Компьютер,2.13,0,0,0.0
MKT008745,2025-01-06,Социальные сети,Ретаргетинг,Новый,Мобильное устройство,8.48,0,0,0.0
MKT001686,2025-10-28,Медийная реклама,Имиджевая кампания,Новый,Мобильное устройство,10.53,0,0,0.0
MKT004534,2025-01-08,Email,Ретаргетинг,Новый,Компьютер,1.99,0,0,0.0
MKT007597,2025-12-17,Социальные сети,Новый продукт,Новый,Компьютер,13.23,0,0,0.0
MKT008471,2025-12-04,Социальные сети,Программа лояльности,Повторный,Мобильное устройство,7.38,0,0,0.0
MKT002322,2025-11-11,Медийная реклама,Сезонная акция,Повторный,Планшет,5.88,0,0,0.0
MKT003674,2025-07-30,Поисковая реклама,Сезонная акция,Лояльный,Мобильное устройство,17.61,0,0,0.0
MKT009129,2025-11-05,Push,Программа лояльности,Лояльный,Планшет,1.23,0,0,0.0
MKT004859,2025-07-02,Социальные сети,Имиджевая кампания,Новый,Мобильное устройство,8.49,0,0,0.0
MKT007281,2025-07-13,Медийная реклама,Сезонная акция,Новый,Мобильное устройство,9.89,0,0,0.0
MKT001232,2025-03-20,Push,Программа лояльности,Повторный,Мобильное устройство,1.69,0,0,0.0
MKT008609,2025-02-24,Поисковая реклама,Новый продукт,Новый,Мобильное устройство,26.78,0,0,5019.0
MKT009747,2025-11-04,Социальные сети,Программа лояльности,Новый,Планшет,8.56,0,0,0.0
MKT009052,2025-10-22,Социальные сети,Программа лояльности,Новый,Планшет,8.17,0,0,0.0
MKT003872,2025-08-29,Медийная реклама,Ретаргетинг,Лояльный,Мобильное устройство,8.15,0,0,0.0
MKT004803,2025-09-16,Email,Ретаргетинг,Повторный,Мобильное устройство,1.83,0,0,0.0
MKT001491,2025-12-22,Push,Программа лояльности,Новый,Мобильное устройство,1.17,0,0,0.0
MKT002251,2025-07-18,Push,Ретаргетинг,Новый,Мобильное устройство,0.9,0,0,0.0
MKT005625,2025-11-01,Push,Ретаргетинг,Новый,Мобильное устройство,1.57,1,0,0.0
MKT001693,2025-04-23,Email,Сезонная акция,Новый,Мобильное устройство,2.16,0,0,0.0
MKT006466,2025-05-03,Поисковая реклама,Имиджевая кампания,Лояльный,Компьютер,17.28,1,0,0.0
MKT005646,2025-05-07,Email,Ретаргетинг,Лояльный,Мобильное устройство,2.46,0,0,0.0
MKT001479,2025-06-16,Социальные сети,Сезонная акция,Лояльный,Мобильное устройство,11.32,0,0,0.0
MKT002069,2025-06-23,Поисковая реклама,Имиджевая кампания,Лояльный,Компьютер,23.13,0,0,0.0
MKT005601,2025-06-09,Email,Ретаргетинг,Новый,Планшет,2.04,0,0,0.0
MKT005414,2025-04-22,Поисковая реклама,Программа лояльности,Новый,Мобильное устройство,14.04,0,0,0.0
MKT008843,2025-09-13,Push,Новый продукт,Новый,Мобильное устройство,2.22,0,0,0.0
MKT006182,2025-04-11,Push,Сезонная акция,Повторный,Компьютер,1.29,0,0,0.0
MKT008397,2025-12-04,Email,Имиджевая кампания,Повторный,Мобильное устройство,2.32,0,0,0.0
MKT004161,2025-08-07,Социальные сети,Ретаргетинг,Повторный,Мобильное устройство,13.01,0,0,0.0
MKT005454,2025-09-09,Email,Имиджевая кампания,Повторный,Мобильное устройство,2.42,0,0,0.0
MKT000953,2025-06-05,Медийная реклама,Ретаргетинг,Новый,Мобильное устройство,6.47,0,0,0.0
MKT001318,2025-08-14,Социальные сети,Ретаргетинг,Повторный,Мобильное устройство,8.5,0,0,0.0
MKT007824,2025-08-05,Email,Сезонная акция,Повторный,Мобильное устройство,2.38,0,0,0.0
MKT000741,2025-08-06,Email,Ретаргетинг,Повторный,Мобильное устройство,2.41,0,0,0.0
MKT009040,2025-12-22,Push,Сезонная акция,Повторный,Мобильное устройство,1.77,1,0,0.0
MKT001832,2025-11-11,Push,Имиджевая кампания,Новый,Мобильное устройство,1.32,0,0,0.0
MKT008389,2025-05-31,Поисковая реклама,Программа лояльности,Новый,Мобильное устройство,13.78,0,0,0.0
MKT002918,2025-08-12,Социальные сети,Ретаргетинг,Повторный,Компьютер,11.35,0,0,0.0
MKT002543,2025-02-20,Поисковая реклама,Имиджевая кампания,Новый,Мобильное устройство,26.95,1,1,
MKT002999,2025-05-14,Социальные сети,Ретаргетинг,Повторный,Компьютер,8.73,0,0,0.0
MKT000776,31.02.2025,Email,Сезонная акция,Новый,Мобильное устройство,3.04,0,0,0.0
MKT003133,2025-02-14,Медийная реклама,Программа лояльности,Новый,Мобильное устройство,4.16,0,0,0.0
MKT009547,2025-08-09,Социальные сети,Новый продукт,Повторный,Мобильное устройство,11.28,0,0,0.0
MKT006612,2025-06-19,Медийная реклама,Сезонная акция,Повторный,Компьютер,8.12,1,0,0.0
MKT000062,2025-09-05,Push,Сезонная акция,Повторный,Мобильное устройство,1.43,0,0,0.0
MKT007404,2025-12-23,Социальные сети,Ретаргетинг,Новый,Мобильное устройство,7.01,0,0,0.0
MKT000095,2025-08-19,Социальные сети,Новый продукт,Новый,Мобильное устройство,10.44,0,0,0.0
MKT000994,2025-11-21,Социальные сети,Сезонная акция,Новый,Мобильное устройство,12.5,0,0,0.0
MKT009490,2025-02-12,Медийная реклама,Программа лояльности,Повторный,Компьютер,4.41,0,0,0.0
MKT006683,2025-10-12,Поисковая реклама,Имиджевая кампания,Повторный,Мобильное устройство,19.84,0,0,0.0
MKT007973,2025-01-01,Поисковая реклама,Сезонная акция,Лояльный,Компьютер,22.46,1,1,4698.75
MKT001001,2025-10-10,Поисковая реклама,Имиджевая кампания,Новый,Мобильное устройство,14.22,0,0,0.0
MKT002826,2025-04-19,Медийная реклама,Новый продукт,Повторный,Мобильное устройство,7.28,0,0,0.0
MKT005460,2025-05-07,Email,Сезонная акция,Повторный,Мобильное устройство,2.17,1,0,0.0
MKT000970,2025-10-04,Социальные сети,Новый продукт,Повторный,Мобильное устройство,9.9,0,0,0.0
MKT002469,2025-11-12,Поисковая реклама,Новый продукт,Новый,Компьютер,31.81,0,0,0.0
MKT003774,2025-03-18,Медийная реклама,Имиджевая кампания,Повторный,Мобильное устройство,7.17,0,0,0.0
MKT005588,2025-08-03,Email,Ретаргетинг,Новый,Компьютер,2.02,0,0,0.0
MKT001749,2025-03-30,Медийная реклама,Имиджевая кампания,Новый,Планшет,8.77,0,0,0.0
MKT005042,2025-09-07,Социальные сети,Сезонная акция,Повторный,Компьютер,10.91,0,0,0.0
MKT000114,2025-12-14,Социальные сети,Ретаргетинг,Новый,Мобильное устройство,9.44,0,0,0.0
MKT007862,2025-09-24,Push,Ретаргетинг,Повторный,Мобильное устройство,1.24,1,0,0.0
MKT005129,2025-11-26,Медийная реклама,Имиджевая кампания,Новый,Мобильное устройство,5.44,0,0,0.0
MKT007248,2025-02-19,Поисковая реклама,Программа лояльности,Новый,Мобильное устройство,14.44,0,0,0.0
MKT005590,2025-11-12,Социальные сети,Ретаргетинг,Лояльный,Компьютер,11.84,0,0,0.0
MKT006149,2025-01-14,Email,Сезонная акция,Повторный,Компьютер,2.94,0,0,0.0
MKT008369,2025-08-08,Email,Новый продукт,Повторный,Компьютер,2.64,0,0,0.0
MKT002698,2025-12-14,Email,Программа лояльности,Новый,Мобильное устройство,1.57,0,0,0.0
MKT001193,2025-08-30,Социальные сети,Ретаргетинг,Лояльный,Компьютер,7.88,0,0,0.0
MKT009668,2025-08-16,Поисковая реклама,Имиджевая кампания,Повторный,Планшет,20.08,0,0,0.0
MKT002339,2025-11-10,Поисковая реклама,Программа лояльности,Повторный,Компьютер,15.19,0,0,0.0
MKT008671,2025-08-19,Социальные сети,Новый продукт,Новый,Мобильное устройство,15.69,0,0,0.0
MKT001454,2025-05-30,Push,Сезонная акция,Новый,Мобильное устройство,1.34,1,0,0.0
MKT005423,2025-11-29,Email,Имиджевая кампания,Новый,Мобильное устройство,1.79,0,0,0.0
MKT005406,2025-09-05,Поисковая реклама,Имиджевая кампания,Лояльный,Мобильное устройство,18.91,0,0,0.0
MKT001168,2025-11-11,Push,Сезонная акция,Повторный,Компьютер,1.73,0,0,0.0
MKT008172,2025-09-24,Push,Программа лояльности,Новый,Мобильное устройство,1.18,0,0,0.0
MKT007831,2025-08-29,Медийная реклама,Имиджевая кампания,Новый,Мобильное устройство,5.95,0,0,0.0
MKT000195,2025-04-15,Медийная реклама,Сезонная акция,Повторный,Компьютер,4.72,0,0,0.0
MKT008915,2025-12-28,Социальные сети,Сезонная акция,Лояльный,Мобильное устройство,12.68,0,0,0.0
MKT002903,2025-12-18,Email,Программа лояльности,Повторный,Компьютер,2.3,0,0,0.0
MKT005397,2025-02-04,Push,Ретаргетинг,Новый,Мобильное устройство,1.56,0,0,0.0
MKT006652,2025-08-28,Поисковая реклама,Имиджевая кампания,Повторный,Мобильное устройство,23.99,0,0,0.0
MKT008106,2025-04-14,Социальные сети,Сезонная акция,Новый,Мобильное устройство,8.87,0,0,0.0
MKT005612,2025-10-24,Поисковая реклама,Программа лояльности,Повторный,Мобильное устройство,26.36,0,0,0.0
MKT003918,2025-01-02,Поисковая реклама,Программа лояльности,Повторный,Мобильное устройство,10.76,0,0,0.0
MKT001779,2025-06-27,Социальные сети,Ретаргетинг,Повторный,Компьютер,10.95,0,0,0.0
MKT003177,2025-07-27,Социальные сети,Ретаргетинг,Повторный,Мобильное устройство,7.81,0,0,0.0
MKT005642,2025-09-26,Поисковая реклама,Программа лояльности,Лояльный,Компьютер,13.31,1,1,3090.44
MKT004568,2025-12-29,Социальные сети,Новый продукт,Новый,Мобильное устройство,9.19,0,0,0.0
MKT002727,2025-09-24,Поисковая реклама,Сезонная акция,Лояльный,Мобильное устройство,27.64,0,0,0.0
MKT008157,2025-09-30,,Сезонная акция,Лояльный,Мобильное устройство,13.73,0,0,0.0
MKT007179,2025-02-23,Поисковая реклама,Сезонная акция,Новый,Мобильное устройство,24.88,0,0,0.0
MKT003691,2025-04-12,Социальные сети,Сезонная акция,Новый,Мобильное устройство,9.01,0,0,0.0
MKT000010,2025-02-27,Поисковая реклама,Ретаргетинг,Повторный,Компьютер,22.38,0,0,0.0
MKT001251,2025-06-26,Медийная реклама,Ретаргетинг,Лояльный,Мобильное устройство,6.73,0,0,0.0
MKT000255,2025-10-08,Медийная реклама,Программа лояльности,Повторный,Мобильное устройство,4.15,0,0,0.0
MKT009926,2025-05-17,Социальные сети,Ретаргетинг,Новый,Планшет,12.31,0,0,0.0
MKT006372,2025-06-29,Социальные сети,Программа лояльности,Повторный,Мобильное устройство,8.96,0,0,0.0
MKT005773,2025-09-28,Поисковая реклама,Ретаргетинг,Повторный,Компьютер,14.33,0,0,0.0
MKT004321,2025-05-06,Медийная реклама,Новый продукт,Новый,Компьютер,8.82,0,0,0.0
MKT001758,2025-12-22,Поисковая реклама,Имиджевая кампания,Повторный,Мобильное устройство,23.43,1,0,0.0
MKT007473,2025-03-04,Поисковая реклама,Ретаргетинг,Новый,Компьютер,13.27,0,0,0.0
MKT001145,2025-05-26,Поисковая реклама,Программа лояльности,Новый,Мобильное устройство,25.85,0,0,0.0
MKT002025,2025-07-13,Социальные сети,Имиджевая кампания,Повторный,Мобильное устройство,9.47,0,0,0.0
MKT004703,2025-04-27,Push,Сезонная акция,Лояльный,Планшет,2.08,0,0,0.0
MKT008033,2025-02-27,Поисковая реклама,Новый продукт,Повторный,Мобильное устройство,14.98,0,0,0.0
MKT006854,2025-04-20,Социальные сети,Новый продукт,Повторный,Мобильное устройство,14.53,0,0,0.0
MKT000929,2025-12-02,Поисковая реклама,Программа лояльности,Новый,Мобильное устройство,19.31,0,0,0.0
MKT009237,2025-04-01,Push,Сезонная акция,Лояльный,Компьютер,2.76,0,0,0.0
MKT002555,2025-03-12,Медийная реклама,Имиджевая кампания,Новый,Мобильное устройство,6.47,0,0,0.0
MKT004015,2025-01-20,Email,Ретаргетинг,Лояльный,Компьютер,2.42,0,0,0.0
MKT003889,2025-11-13,Социальные сети,Программа лояльности,Лояльный,Мобильное устройство,11.47,0,0,0.0
MKT008535,2025-04-01,Push,Ретаргетинг,Новый,Мобильное устройство,2.28,0,0,0.0
MKT002229,2025-05-27,Email,Ретаргетинг,Лояльный,Компьютер,1.65,1,0,0.0
MKT006912,2025-02-10,Email,Сезонная акция,Новый,Компьютер,1.92,0,0,0.0
MKT001340,2025-06-28,Социальные сети,Программа лояльности,Повторный,Мобильное устройство,7.59,0,0,0.0
MKT006685,2025-01-09,Email,Программа лояльности,Повторный,Мобильное устройство,1.95,0,0,0.0
MKT009940,2025-01-09,Социальные сети,Имиджевая кампания,Новый,Мобильное устройство,6.99,0,0,0.0
MKT006125,2025-09-01,Поисковая реклама,Программа лояльности,Новый,Компьютер,19.77,0,0,0.0
MKT004048,2025-05-11,Социальные сети,Ретаргетинг,Повторный,Мобильное устройство,10.49,0,0,0.0
MKT007123,2025-07-27,Email,Имиджевая кампания,Повторный,Компьютер,2.68,0,0,0.0
MKT009082,2025-12-27,Push,Ретаргетинг,Новый,Мобильное устройство,1.43,0,0,0.0
MKT007816,2025-04-02,Email,Ретаргетинг,Повторный,Мобильное устройство,2.44,1,0,0.0
MKT009659,2025-02-07,Социальные сети,Сезонная акция,Лояльный,Мобильное устройство,14.78,0,0,0.0
MKT001896,2025-06-16,Email,Новый продукт,Повторный,Мобильное устройство,2.54,0,0,0.0
MKT007323,2025-06-12,Социальные сети,Ретаргетинг,Повторный,Мобильное устройство,10.81,0,0,0.0
MKT009596,2025-01-31,Email,Программа лояльности,Новый,Компьютер,2.0,1,0,0.0
MKT001656,2025-02-08,Email,Сезонная акция,Повторный,Мобильное устройство,3.19,0,0,0.0
MKT002133,2025-12-04,Медийная реклама,Новый продукт,Новый,Компьютер,8.48,0,0,0.0
MKT009541,2025-02-07,Поисковая реклама,Ретаргетинг,Повторный,Компьютер,15.43,0,0,0.0
MKT003437,2025-02-14,Push,Ретаргетинг,Новый,Мобильное устройство,1.45,0,0,0.0
MKT006428,2025-02-11,Email,Сезонная акция,Повторный,Мобильное устройство,2.03,0,0,0.0
MKT009928,2025-09-07,Поисковая реклама,Новый продукт,Новый,КОМПЬЮТЕР,21.13,0,0,0.0
MKT004854,2025-07-14,Медийная реклама,Имиджевая кампания,Лояльный,Мобильное устройство,5.61,1,0,0.0
MKT002843,2025-11-07,Email,Имиджевая кампания,Повторный,Мобильное устройство,1.71,0,0,0.0
MKT003772,2025-06-12,Медийная реклама,Новый продукт,Лояльный,Мобильное устройство,9.97,0,0,0.0
MKT002271,2025-06-10,Медийная реклама,Новый продукт,Новый,Мобильное устройство,3.81,0,0,0.0
MKT005287,2025-04-09,Медийная реклама,Новый продукт,Новый,Мобильное устройство,7.93,0,0,0.0
MKT003038,2025-07-04,Социальные сети,Программа лояльности,Повторный,Мобильное устройство,9.22,0,0,0.0
MKT008618,2025-04-01,Медийная реклама,Ретаргетинг,Повторный,Мобильное устройство,5.93,0,0,0.0
MKT005078,2025-05-30,Email,Ретаргетинг,Новый,Компьютер,2.46,0,0,0.0
MKT009600,2025-04-14,Медийная реклама,Сезонная акция,Повторный,Мобильное устройство,9.31,0,0,0.0
MKT002995,2025-01-26,Медийная реклама,ретаргетинг ,Новый,Мобильное устройство,8.0,0,0,0.0
MKT005848,2025-12-02,Медийная реклама,Имиджевая кампания,Повторный,Мобильное устройство,5.94,0,0,0.0
MKT006969,2025-09-04,Email,Программа лояльности,Новый,Мобильное устройство,1.81,0,0,0.0
MKT002880,2025-08-15,Email,Программа лояльности,Лояльный,Мобильное устройство,2.24,0,0,0.0
MKT009041,2025-10-14,Email,Ретаргетинг,Повторный,Мобильное устройство,2.05,0,0,0.0
MKT007119,2025-04-08,Социальные сети,Ретаргетинг,Новый,Планшет,6.11,0,0,0.0
MKT001848,2025-06-18,Push,Ретаргетинг,Лояльный,Мобильное устройство,1.19,0,0,0.0
MKT003271,2025-06-13,Медийная реклама,Новый продукт,Повторный,Мобильное устройство,6.46,0,0,0.0
MKT000739,2025-07-28,Email,Ретаргетинг,Новый,Компьютер,1.73,0,0,0.0
MKT008179,2025-09-18,Push,Сезонная акция,Лояльный,Мобильное устройство,0.94,0,0,0.0
MKT003304,2025-06-12,Медийная реклама,Имиджевая кампания,Повторный,Мобильное устройство,5.13,0,0,0.0
MKT007254,2025-05-23,Поисковая реклама,Ретаргетинг,Повторный,Мобильное устройство,12.88,0,0,0.0
MKT003696,2025-11-01,Push,Сезонная акция,Новый,Мобильное устройство,2.24,1,1,3214.47
MKT007098,2025-11-19,Email,Сезонная акция,Лояльный,Мобильное устройство,1.56,0,0,0.0
MKT005449,2025-03-08,Поисковая реклама,Сезонная акция,Повторный,Мобильное устройство,17.53,0,0,0.0
MKT000613,2025-03-03,Email,Ретаргетинг,Новый,Компьютер,2.02,0,0,0.0
MKT004266,2025-04-04,Медийная реклама,Сезонная акция,Новый,Компьютер,7.15,0,0,0.0
MKT003213,2025-10-18,Социальные сети,Имиджевая кампания,Лояльный,Компьютер,11.92,0,0,0.0
MKT001034,2025-02-27,Медийная реклама,Имиджевая кампания,Новый,Мобильное устройство,9.47,0,0,0.0
MKT002697,2025-04-07,Push,Новый продукт,Повторный,Мобильное устройство,1.86,0,0,0.0
MKT003246,2025-01-28,Медийная реклама,Программа лояльности,Новый,Мобильное устройство,4.77,0,0,0.0
MKT003591,2025-02-25,Email,Имиджевая кампания,Повторный,Мобильное устройство,3.09,0,0,0.0
MKT006298,2025-05-24,Медийная реклама,Ретаргетинг,Новый,Мобильное устройство,5.88,0,0,0.0
MKT000039,2025-12-13,Медийная реклама,Сезонная акция,Новый,Мобильное устройство,7.38,0,0,0.0
MKT002272,2025-07-29,Email,Ретаргетинг,Лояльный,Мобильное устройство,1.77,0,0,0.0
MKT008113,2025-11-19,Поисковая реклама,Новый продукт,Повторный,Компьютер,31.38,0,0,0.0
MKT007267,2025-08-23,Push,Программа лояльности,Новый,Компьютер,1.54,0,0,0.0
MKT006503,2025-07-09,push ,Новый продукт,Лояльный,Мобильное устройство,1.52,1,1,6916.15
MKT007329,2025-02-17,Email,Имиджевая кампания,Новый,Мобильное устройство,3.15,1,0,0.0
MKT006600,2025-08-14,Социальные сети,Сезонная акция,Новый,Компьютер,7.14,1,0,0.0
MKT009127,2025-02-27,Поисковая реклама,Программа лояльности,Повторный,Мобильное устройство,14.84,0,0,0.0
MKT001689,2025-03-30,Социальные сети,Ретаргетинг,Новый,Мобильное устройство,8.65,0,0,0.0
MKT001630,2025-07-13,Социальные сети,Новый продукт,Повторный,Мобильное устройство,10.59,0,0,0.0
MKT002631,2025-11-13,Социальные сети,Новый продукт,Лояльный,Компьютер,7.51,0,0,0.0
MKT004308,2025-01-11,Push,Сезонная акция,Новый,Компьютер,1.74,0,0,0.0
MKT000332,2025-03-22,Поисковая реклама,Программа лояльности,Повторный,Компьютер,15.58,0,0,0.0
MKT009278,2025-04-09,Email,Имиджевая кампания,Повторный,Мобильное устройство,2.64,0,0,0.0
MKT000202,2025-10-29,Социальные сети,Имиджевая кампания,Повторный,Мобильное устройство,11.01,0,0,0.0
MKT004005,2025-09-05,Push,Сезонная акция,Повторный,Мобильное устройство,1.18,0,0,0.0
MKT009633,2025-12-01,Поисковая реклама,Программа лояльности,Новый,Компьютер,12.52,1,1,4008.96
MKT005685,2025-01-18,Медийная реклама,Программа лояльности,Повторный,Мобильное устройство,5.64,0,0,0.0
MKT007023,2025-02-10,Поисковая реклама,Ретаргетинг,Повторный,Мобильное устройство,17.02,0,0,0.0
MKT007025,2025-06-04,Email,Сезонная акция,Повторный,Мобильное устройство,1.55,0,0,0.0
MKT004263,2025-08-16,Социальные сети,Имиджевая кампания,Повторный,Мобильное устройство,7.47,1,1,5651.57
MKT006651,2025-05-16,Email,Новый продукт,Новый,Мобильное устройство,3.27,0,0,0.0
MKT009384,2025-08-03,Email,Имиджевая кампания,Повторный,Мобильное устройство,2.12,1,0,0.0
MKT000949,2025-07-25,Email,Новый продукт,Лояльный,Компьютер,2.46,0,0,3992.0
MKT003030,2025-11-11,Социальные сети,Программа лояльности,Лояльный,Компьютер,9.25,0,0,0.0
MKT002542,2025-10-11,Поисковая реклама,Программа лояльности,Повторный,Мобильное устройство,16.0,0,0,0.0
MKT005298,2025-05-18,Email,Программа лояльности,Повторный,Мобильное устройство,2.29,0,0,0.0
MKT004585,2025-10-07,Медийная реклама,Программа лояльности,Новый,Компьютер,6.4,0,0,0.0
MKT002772,2025-02-19,Push,Имиджевая кампания,Повторный,Компьютер,1.35,0,0,0.0
MKT003075,2025-07-11,Социальные сети,Имиджевая кампания,Повторный,Компьютер,8.71,0,0,0.0
MKT001916,2025-08-06,Медийная реклама,Ретаргетинг,Лояльный,Мобильное устройство,4.65,0,0,0.0
MKT002343,2025-03-05,Поисковая реклама,Ретаргетинг,Новый,Мобильное устройство,14.26,0,0,0.0
MKT005885,2025-06-10,Медийная реклама,Имиджевая кампания,Лояльный,Компьютер,6.22,0,0,0.0
MKT001515,2025-11-23,Социальные сети,Новый продукт,Повторный,Мобильное устройство,11.77,0,0,0.0
MKT009735,2025-11-24,Push,Сезонная акция,Новый,Мобильное устройство,1.66,1,0,0.0
MKT003124,2025-04-01,Push,Новый продукт,Новый,Мобильное устройство,1.85,0,0,0.0
MKT004367,2025-05-11,Медийная реклама,Ретаргетинг,Повторный,Мобильное устройство,6.79,0,0,0.0
MKT006159,2025-02-11,Email,Сезонная акция,Новый,Компьютер,2.04,0,0,0.0
MKT000335,2025-10-11,Поисковая реклама,Ретаргетинг,Повторный,Мобильное устройство,17.13,0,0,0.0
MKT001998,2025-01-09,Социальные сети,Сезонная акция,Новый,Компьютер,10.57,0,0,0.0
MKT006331,2025-09-07,Поисковая реклама,Ретаргетинг,Повторный,Мобильное устройство,18.19,0,0,0.0
MKT002282,2025-11-08,Email,Имиджевая кампания,Новый,Компьютер,2.11,1,0,0.0
MKT005629,2025-10-28,Поисковая реклама,Новый продукт,Новый,Мобильное устройство,15.62,0,0,0.0
MKT007069,2025-08-29,Поисковая реклама,Сезонная акция,Лояльный,Компьютер,18.98,0,0,
MKT004317,2025-01-18,Медийная реклама,Новый продукт,Новый,Мобильное устройство,7.6,0,0,0.0
MKT001518,2025-07-28,Социальные сети,Программа лояльности,Лояльный,Компьютер,7.07,1,0,0.0
MKT007702,2025-10-26,Email,Сезонная акция,Повторный,Мобильное устройство,1.79,0,0,0.0
MKT002361,2025-10-12,Поисковая реклама,Новый продукт,Новый,Мобильное устройство,22.95,0,0,0.0
MKT000492,2025-09-05,Социальные сети,Сезонная акция,Новый,Компьютер,9.54,0,0,0.0
MKT005849,2025-08-17,Email,Программа лояльности,Повторный,Мобильное устройство,1.72,0,0,0.0
MKT008295,2025-06-25,Социальные сети,Сезонная акция,Повторный,Планшет,6.02,0,0,0.0
MKT001013,2025-06-02,Социальные сети,Ретаргетинг,Новый,Компьютер,7.36,1,1,3459.54
MKT009882,2025-05-08,Социальные сети,Программа лояльности,Лояльный,Мобильное устройство,8.07,0,0,0.0
MKT008201,2025-08-27,Поисковая реклама,Сезонная акция,Новый,Мобильное устройство,15.96,0,0,-100.0
MKT005534,2025-07-27,Поисковая реклама,Ретаргетинг,Лояльный,Мобильное устройство,14.08,0,0,0.0
MKT007258,2025-09-30,Email,Новый продукт,Повторный,Мобильное устройство,2.56,0,0,0.0
MKT007384,2025-06-11,Поисковая реклама,Ретаргетинг, лояльный,Мобильное устройство,19.71,0,0,0.0
MKT009166,2025-12-24,Email,Сезонная акция,Новый,Планшет,2.75,0,0,0.0
MKT000005,2025-11-08,Медийная реклама,Имиджевая кампания,Повторный,Мобильное устройство,6.06,0,0,0.0
MKT001772,2025-07-04,Push,Программа лояльности,Новый,Компьютер,1.32,0,0,0.0
MKT008332,2025-05-05,Push,Программа лояльности,Новый,Мобильное устройство,1.23,0,0,0.0
MKT009629,2025-01-07,Поисковая реклама,Ретаргетинг,Повторный,Компьютер,17.54,0,0,0.0
MKT003730,2025-05-12,Email,Новый продукт,Повторный,Компьютер,3.27,1,1,4994.26
MKT009451,2025-04-16,Социальные сети,Сезонная акция,Повторный,Мобильное устройство,9.64,0,0,0.0
MKT004378,2025-02-09,Социальные сети,Новый продукт,Повторный,Мобильное устройство,10.69,0,0,0.0
MKT001405,2025-07-24,Email,Сезонная акция,Новый,Мобильное устройство,2.1,0,0,0.0
MKT005645,2025-04-08,Социальные сети,Новый продукт,Новый,Планшет,14.81,1,0,0.0
MKT005688,2025-06-18,Email,Имиджевая кампания,Новый,Компьютер,1.91,0,0,0.0
MKT009522,2025-06-17,Социальные сети,Сезонная акция,Новый,Компьютер,8.68,0,0,0.0
MKT004167,2025-06-18,Социальные сети,Ретаргетинг,Повторный,Мобильное устройство,12.73,0,0,0.0
MKT007712,2025-10-12,Социальные сети,Программа лояльности,Лояльный,Мобильное устройство,3.94,0,0,0.0
MKT002023,2025-12-18,Email,Новый продукт,Повторный,Мобильное устройство,2.22,1,0,0.0
MKT006577,2025-06-07,Поисковая реклама,Сезонная акция,Лояльный,Мобильное устройство,17.26,0,0,0.0
MKT006196,2025-01-11,Медийная реклама,Программа лояльности,Новый,Мобильное устройство,4.22,0,0,0.0
MKT002902,2025-09-28,Медийная реклама,Имиджевая кампания,Новый,Мобильное устройство,5.57,0,0,0.0
MKT006958,2025-10-28,Социальные сети,Новый продукт,Повторный,Компьютер,14.27,0,0,1043.0
MKT009638,2025-05-10,Push,Сезонная акция,Новый,Мобильное устройство,2.32,0,0,0.0
MKT003277,2025-12-26,Push,Сезонная акция,Повторный,Компьютер,1.89,0,0,0.0
MKT000168,2025-10-04,Социальные сети,Новый продукт,Повторный,Мобильное устройство,11.94,0,0,0.0
MKT002124,2025-01-07,Email,Ретаргетинг,Лояльный,Мобильное устройство,1.91,0,0,0.0
MKT004436,2025-12-28,Email,Сезонная акция,Новый,Мобильное устройство,2.37,0,0,0.0
MKT002972,2025-11-10,Email,Сезонная акция,Новый,Мобильное устройство,2.7,1,0,0.0
MKT009628,2025-11-01,Социальные сети,Сезонная акция,Повторный,Компьютер,11.85,0,0,0.0
MKT005532,2025-03-16,Поисковая реклама,Программа лояльности,Лояльный,Мобильное устройство,24.59,0,0,0.0
MKT006109,2025-01-16,Социальные сети,Сезонная акция,Повторный,Мобильное устройство,12.92,0,0,0.0
MKT009748,2025-06-17,Социальные сети,Новый продукт,Новый,Мобильное устройство,15.41,1,0,0.0
MKT006244,2025-11-07,Email,Ретаргетинг,Повторный,Компьютер,2.39,0,0,0.0
MKT007391,2025-02-12,Push,Программа лояльности,Новый,Компьютер,1.18,0,0,0.0
MKT000109,2025-08-29,Поисковая реклама,Программа лояльности,Новый,Мобильное устройство,15.93,0,0,0.0
MKT000892,2025-02-27,Медийная реклама,Ретаргетинг,Новый,Компьютер,6.98,0,0,0.0
MKT006709,2025-05-20,Медийная реклама,Новый продукт,Повторный,Мобильное устройство,5.87,2,0,0.0
MKT002920,2025-09-19,Email,Сезонная акция,Лояльный,Компьютер,1.94,0,0,0.0
MKT000389,2025-09-01,Социальные сети,Имиджевая кампания,Лояльный,Мобильное устройство,11.39,0,0,0.0
MKT008107,2025-03-08,Поисковая реклама,Ретаргетинг,Лояльный,Планшет,15.57,0,0,0.0
MKT008053,2025-06-07,Социальные сети,Новый продукт,Новый,Мобильное устройство,9.7,0,0,0.0
MKT004992,2025-04-26,Поисковая реклама,Ретаргетинг,Новый,Компьютер,19.71,1,0,0.0
MKT000498,2025-07-16,Email,Программа лояльности,Повторный,Мобильное устройство,1.85,0,0,0.0
MKT008541,2025-05-19,Социальные сети,Программа лояльности,Новый,Мобильное устройство,7.39,0,0,0.0
MKT004943,2025-12-04,Поисковая реклама,Ретаргетинг,Лояльный,Мобильное устройство,,0,0,0.0
MKT001253,2025-08-13,Push,Новый продукт,Новый,Мобильное устройство,1.8,0,0,0.0
MKT008904,2025-12-20,Push,Ретаргетинг,Новый,Компьютер,1.29,0,0,0.0
MKT008045,2025-11-02,Социальные сети,Сезонная акция,Новый,Мобильное устройство,6.45,0,0,0.0
MKT006821,2025-04-24,Социальные сети,Ретаргетинг,Повторный,Компьютер,9.56,0,0,0.0
MKT004421,2025-04-12,Email,Ретаргетинг,Новый,Мобильное устройство,2.18,0,0,0.0
MKT000143,2025-11-21,Email,Сезонная акция,Лояльный,Мобильное устройство,2.76,0,0,0.0
MKT001350,2025-07-04,Push,Сезонная акция,Повторный,Мобильное устройство,1.44,0,0,0.0
MKT007611,2025-01-23,Поисковая реклама,Новый продукт,Лояльный,Мобильное устройство,24.01,0,0,0.0
MKT007760,2025-02-05,Социальные сети,Новый продукт,Лояльный,Мобильное устройство,8.56,0,0,0.0
MKT004454,2025-03-22,Медийная реклама,Ретаргетинг,ПОВТОРНЫЙ,Мобильное устройство,9.0,1,0,0.0
MKT005876,2025-08-19,Поисковая реклама,Имиджевая кампания,Новый,Мобильное устройство,15.62,0,0,0.0
MKT002329,2025-10-14,Поисковая реклама,Сезонная акция,Повторный,Компьютер,28.88,0,0,0.0
MKT005262,2025-07-23,Медийная реклама,Ретаргетинг,Новый,Компьютер,4.64,0,0,0.0
MKT005750,2025-06-03,Социальные сети,Новый продукт,Лояльный,Компьютер,11.84,0,0,0.0
MKT005996,2025-03-12,Социальные сети,Имиджевая кампания,Повторный,Мобильное устройство,10.14,0,0,0.0
MKT008105,2025-03-21,,Имиджевая кампания,Новый,Компьютер,1.93,0,0,0.0
MKT008898,2025-09-06,Социальные сети,Новый продукт,Повторный,Мобильное устройство,12.13,0,0,0.0
MKT000847,26.12.2025,Email,Новый продукт,Повторный,Мобильное устройство,2.73,0,0,0.0
MKT007395,2025-02-11,Email,Ретаргетинг,Новый,Компьютер,2.21,0,0,0.0
MKT000089,2025-09-14,Push,Имиджевая кампания,Новый,Мобильное устройство,1.62,0,0,0.0
MKT004336,2025-04-28,Email,Сезонная акция,Повторный,Мобильное устройство,1.98,0,0,0.0
MKT004577,2025-08-13,Поисковая реклама,Программа лояльности,Лояльный,Мобильное устройство,16.8,1,0,0.0
MKT000991,17.04.2025,Медийная реклама,Новый продукт,Повторный,Мобильное устройство,7.74,0,0,0.0
MKT003197,2025-03-17,Поисковая реклама,Новый продукт,Новый,Мобильное устройство,24.0,0,0,0.0
MKT009079,2025-06-15,Социальные сети,Программа лояльности,Повторный,Мобильное устройство,10.28,0,0,0.0
MKT001923,2025-08-22,Email,Новый продукт,Новый,Мобильное устройство,2.01,0,0,0.0
MKT009691,2025-07-02,Push,Программа лояльности,Лояльный,Мобильное устройство,1.13,0,0,0.0
MKT003416,2025-12-11,Email,Программа лояльности,Повторный,Мобильное устройство,2.15,0,0,0.0
MKT000960,2025-12-08,Поисковая реклама,Новый продукт,Новый,Мобильное устройство,18.67,0,0,0.0
MKT004356,2025-11-29,Медийная реклама,Сезонная акция,Новый,Компьютер,6.12,0,0,0.0
MKT001889,2025-02-24,Email,Программа лояльности,Лояльный,Мобильное устройство,1.64,0,0,0.0
MKT000286,2025-01-29,Email,Новый продукт,Новый,Мобильное устройство,3.31,0,0,0.0
MKT001402,2025-04-13,Социальные сети,Программа лояльности,Лояльный,Мобильное устройство,9.06,1,1,6053.42
MKT001926,2025-02-16,Push,Ретаргетинг,Повторный,Компьютер,1.26,0,0,0.0
MKT004968,2025-08-02,Email,Ретаргетинг,Новый,Компьютер,3.05,0,0,0.0
MKT009032,2025-01-24,Поисковая реклама,Программа лояльности,Повторный,Компьютер,20.83,0,0,0.0
MKT007692,2025-05-03,Поисковая реклама,Ретаргетинг,Повторный,Компьютер,17.18,0,0,0.0
MKT007715,2025-03-21,Email,Новый продукт,Новый,Мобильное устройство,3.35,0,0,0.0
MKT006328,2025-05-28,Социальные сети,Ретаргетинг,Повторный,Мобильное устройство,7.22,0,0,0.0
MKT006360,2025-05-11,Медийная реклама,Имиджевая кампания,Повторный,Мобильное устройство,10.49,0,0,0.0
MKT002798,2025-03-29,Email,Новый продукт,Лояльный,Мобильное устройство,4.16,1,0,0.0
MKT007463,2025-09-24,Поисковая реклама,Программа лояльности,Повторный,Мобильное устройство,12.18,0,0,0.0
MKT000961,2025-01-25,Социальные сети,Ретаргетинг,Повторный,Мобильное устройство,10.17,0,0,0.0
MKT005789,2025-03-04,Push,Сезонная акция,Новый,Компьютер,2.01,0,0,0.0
MKT002019,2025-10-17,Социальные сети,Сезонная акция,Новый,Мобильное устройство,16.56,0,0,0.0
MKT002494,2025-10-25,Социальные сети,Сезонная акция,Повторный,Мобильное устройство,8.05,0,0,0.0
MKT009466,2025-05-03,Push,Новый продукт,Повторный,Мобильное устройство,1.82,0,0,0.0
MKT000848,2025-03-02,Push,Ретаргетинг,Лояльный,Мобильное устройство,1.2,0,0,0.0
MKT002247,2025-03-18,Push,Имиджевая кампания,Повторный,Мобильное устройство,1.52,0,0,0.0
MKT006745,2025-05-21,Поисковая реклама,Сезонная акция,Повторный,Компьютер,28.37,0,0,0.0
MKT005698,2025-04-04,Email,Имиджевая кампания,Повторный,Мобильное устройство,2.79,0,0,0.0
MKT003524,2025-04-29,Социальные сети,Имиджевая кампания,Новый,Планшет,7.05,0,0,0.0
MKT003116,2025-03-07,Медийная реклама,Сезонная акция,Повторный,Мобильное устройство,5.62,0,0,0.0
MKT003078,2025-02-20,Поисковая реклама,Имиджевая кампания,Повторный,Мобильное устройство,18.69,0,0,0.0
MKT005068,2025-05-28,Email,Имиджевая кампания,Повторный,Мобильное устройство,1.76,0,0,0.0
MKT007634,2025-03-26,Email,Программа лояльности,Лояльный,Мобильное устройство,1.98,0,0,0.0
MKT009712,2025-01-10,Поисковая реклама,Сезонная акция,Повторный,Мобильное устройство,22.27,0,0,0.0
MKT009073,2025-04-21,Email,Программа лояльности,Новый,Мобильное устройство,2.38,0,0,0.0
MKT005809,2025-11-09,Push,Программа лояльности,Новый,Компьютер,1.24,0,0,0.0
MKT009936,2025-06-05,Email,Имиджевая кампания,Повторный,Планшет,2.45,1,0,0.0
MKT002768,2025-11-05,Медийная реклама,Ретаргетинг,Повторный,Компьютер,4.66,0,0,0.0
MKT008289,2025-06-08,Поисковая реклама,Новый продукт,Повторный,Компьютер,29.22,0,0,0.0
MKT008785,2025-01-16,Email,Ретаргетинг,Новый,Мобильное устройство,1.77,0,0,0.0
MKT003037,2025-03-17,Email,Программа лояльности,Повторный,Мобильное устройство,1.48,0,0,0.0
MKT004553,2025-01-27,Email,Ретаргетинг,Новый,Мобильное устройство,1.77,0,0,0.0
MKT003647,2025-08-14,Email,Ретаргетинг,Повторный,Мобильное устройство,2.09,0,0,0.0
MKT009074,2025-08-31,Социальные сети,Ретаргетинг,Повторный,Мобильное устройство,9.07,0,0,0.0
MKT009640,2025-06-06,Email,Имиджевая кампания,Новый,Мобильное устройство,2.41,0,0,0.0
MKT007753,2025-02-23,Поисковая реклама,Имиджевая кампания,Новый,Мобильное устройство,18.86,0,0,0.0
MKT006131,2025-04-10,Поисковая реклама,Сезонная акция,Новый,Мобильное устройство,21.97,0,0,0.0
MKT002522,2025-05-11,Email,Новый продукт,Лояльный,Компьютер,2.27,0,0,0.0
MKT002149,2025-04-20,Медийная реклама,Программа лояльности,Новый,Мобильное устройство,6.92,0,0,0.0
MKT009293,2025-09-08,Медийная реклама,Ретаргетинг,Новый,Мобильное устройство,7.77,0,0,0.0
MKT003823,2025-04-01,Email,Сезонная акция,Повторный,Мобильное устройство,1.67,0,0,0.0
MKT003643,2025-08-27,Email,Сезонная акция,Лояльный,Компьютер,2.66,0,0,0.0
MKT006436,2025-06-13,Поисковая реклама,Ретаргетинг,Лояльный,Компьютер,26.46,1,1,4121.17
MKT005468,2025-10-26,Email,Программа лояльности,Повторный,Мобильное устройство,1.58,0,0,0.0
MKT006719,2025-05-09,Email,Сезонная акция,Повторный,Компьютер,1.37,1,0,0.0
MKT002205,2025-06-23,Email,Новый продукт,Повторный,Планшет,2.48,0,0,0.0
MKT008850,2025-08-29,Социальные сети,Имиджевая кампания,Повторный,Мобильное устройство,9.82,0,0,0.0
MKT002603,2025-06-17,Поисковая реклама,Имиджевая кампания,Повторный,Компьютер,20.35,0,0,0.0
MKT005989,2025-03-31,Медийная реклама,Программа лояльности,Новый,Мобильное устройство,5.61,0,0,0.0
MKT005099,2025-05-06,Социальные сети,Ретаргетинг,Повторный,Мобильное устройство,7.22,1,0,0.0
MKT005616,2025-10-25,Push,Ретаргетинг,Повторный,Мобильное устройство,1.15,0,0,0.0
MKT003747,2025-03-24,Email,Ретаргетинг,Лояльный,Компьютер,1.69,0,0,0.0
MKT002049,2025-08-06,Email,Имиджевая кампания,Повторный,Мобильное устройство,2.35,0,0,0.0
MKT009158,2025-02-11,Email,Ретаргетинг,Повторный,Мобильное устройство,1.92,0,0,0.0
MKT005839,2025-12-04,Email,Имиджевая кампания,Новый,Мобильное устройство,1.52,0,0,0.0
MKT008424,2025-10-18,Социальные сети,Новый продукт,Повторный,Компьютер,9.82,0,0,0.0
MKT002980,2025-10-09,Социальные сети,Сезонная акция,Новый,Компьютер,10.04,0,0,0.0
MKT008761,2025-01-23,Push,Программа лояльности,Лояльный,Компьютер,1.61,0,0,0.0
MKT004720,2025-04-14,Email,Сезонная акция,Повторный,Планшет,2.6,0,0,0.0
MKT009619,2025-03-25,Поисковая реклама,Сезонная акция,Повторный,Планшет,19.36,0,0,0.0
MKT004525,2025-04-15,Поисковая реклама,Ретаргетинг,Лояльный,Мобильное устройство,14.69,0,0,0.0
MKT004838,2025-02-13,Email,Имиджевая кампания,Повторный,Мобильное устройство,2.19,0,0,0.0
MKT003833,2025-04-12,Медийная реклама,Имиджевая кампания,Новый,Мобильное устройство,6.2,0,0,3646.0
MKT002419,2025-07-31,Медийная реклама,Сезонная акция,Новый,Мобильное устройство,7.98,0,0,0.0
MKT000728,2025-05-12,Поисковая реклама,Программа лояльности,Повторный,Компьютер,11.26,0,0,0.0
MKT005983,05.10.2025,Медийная реклама,Ретаргетинг,Повторный,Мобильное устройство,,0,0,0.0
MKT000394,2025-02-22,Социальные сети,Ретаргетинг,Новый,Мобильное устройство,7.12,0,0,0.0
MKT004555,2025-01-17,Поисковая реклама,Сезонная акция,Новый,Мобильное устройство,17.69,0,0,0.0
MKT003682,2025-11-01,Социальные сети,Программа лояльности,Лояльный,Компьютер,10.59,1,0,0.0
MKT005821,2025-09-01,Медийная реклама,Программа лояльности,Новый,Компьютер,7.09,0,0,0.0
MKT002664,2025-07-14,Медийная реклама,Имиджевая кампания,Новый,Мобильное устройство,7.46,0,0,0.0
MKT004341,2025-01-16,Социальные сети,Сезонная акция,Новый,Мобильное устройство,13.42,0,0,0.0
MKT004368,2025-04-13,Email,Ретаргетинг,Лояльный,Мобильное устройство,1.72,0,0,0.0
MKT008656,2025-06-04,Push,Программа лояльности,Повторный,Мобильное устройство,1.46,0,0,0.0
MKT009105,2025-08-01,Push,Имиджевая кампания,Лояльный,Мобильное устройство,1.41,0,0,0.0
MKT004778,2025-10-21,Email,Ретаргетинг,Повторный,Компьютер,1.64,0,0,0.0
MKT006369,2025-07-09,Email,Имиджевая кампания,Новый,Мобильное устройство,2.93,0,0,0.0
MKT000427,2025-07-24,Поисковая реклама,Ретаргетинг,Новый,Мобильное устройство,17.61,0,0,0.0
MKT004361,2025-01-06,Поисковая реклама,Новый продукт,Новый,Мобильное устройство,21.68,0,0,0.0
MKT009927,2025-02-20,Поисковая реклама,Имиджевая кампания,Повторный,Мобильное устройство,18.53,0,0,0.0
MKT003981,2025-09-05,Email,Ретаргетинг,Новый,Планшет,2.28,0,0,0.0
MKT000374,2025-05-21,Социальные сети,Имиджевая кампания,Лояльный,Мобильное устройство,8.33,1,0,0.0
MKT001171,2025-10-05,Поисковая реклама,Имиджевая кампания,Новый,Мобильное устройство,14.76,0,0,0.0
MKT001658,2025-09-22,Email,Программа лояльности,Лояльный,Компьютер,1.82,0,0,0.0
MKT004771,2025-11-03,Push,Новый продукт,Новый,Мобильное устройство,1.2,0,0,0.0
MKT001806,2025-04-26,Push,Ретаргетинг,Повторный,Компьютер,1.67,0,0,0.0
MKT005294,2025-11-20,Поисковая реклама,Программа лояльности,Повторный,Компьютер,21.74,0,0,0.0
MKT009200,2025-06-10,Email,Имиджевая кампания,Новый,Мобильное устройство,2.88,0,0,0.0
MKT001228,2025-12-18,Медийная реклама,Сезонная акция,Повторный,Мобильное устройство,4.51,1,0,0.0
MKT003869,2025-10-10,Поисковая реклама,Ретаргетинг,Новый,Компьютер,17.57,0,0,0.0
MKT004249,2025-10-30,Email,Имиджевая кампания,Повторный,Мобильное устройство,2.43,0,0,0.0
MKT000894,2025-09-03,Медийная реклама,Сезонная акция,Повторный,Мобильное устройство,6.71,1,0,0.0
MKT008304,2025-09-18,Поисковая реклама,Программа лояльности,Повторный,Компьютер,16.8,0,1,0.0
MKT009642,2025-09-20,Email,Ретаргетинг,Новый,Компьютер,10000.0,0,0,0.0
MKT008507,2025-04-22,Поисковая реклама,Новый продукт,Новый,Мобильное устройство,25.87,0,0,0.0
MKT005566,2025-10-29,Поисковая реклама,Ретаргетинг,Новый,Компьютер,20.77,0,0,0.0
MKT002650,2025-06-30,Push,Ретаргетинг,Повторный,Компьютер,1.3,0,0,0.0
MKT000775,2025-11-17,Социальные сети,Имиджевая кампания,Новый,Компьютер,8.61,0,0,0.0
MKT009042,2025-01-06,Email,Сезонная акция,Повторный,Мобильное устройство,1.59,0,0,0.0
MKT001589,2025-11-25,Email,Новый продукт,Новый,Мобильное устройство,2.03,0,0,0.0
MKT003406,2025-04-14,Email,Сезонная акция,Новый,Мобильное устройство,2.4,0,0,0.0
MKT002557,2025-01-18,Поисковая реклама,Новый продукт,Новый,Мобильное устройство,17.0,0,0,0.0
MKT002193,2025-10-08,Email,Сезонная акция,Новый,Компьютер,2.58,0,0,0.0
MKT003294,2025-03-11,Социальные сети,Имиджевая кампания,Повторный,Мобильное устройство,8.78,0,0,0.0
MKT003237,19.02.2025,Социальные сети,Сезонная акция,Новый,Компьютер,8.13,0,0,0.0
MKT005879,2025-06-16,Поисковая реклама,Имиджевая кампания,Повторный,Компьютер,20.75,0,0,0.0
MKT001593,2025-02-03,Поисковая реклама,Имиджевая кампания,Повторный,Компьютер,25.91,0,0,0.0
MKT002971,2025-03-26,Email,Ретаргетинг,Новый,Мобильное устройство,2.15,0,0,0.0
MKT000854,2025-12-31,Социальные сети,Сезонная акция,Новый,Мобильное устройство,10.21,1,0,0.0
MKT001306,2025-04-17,Email,Ретаргетинг,Повторный,Компьютер,2.35,0,0,0.0
MKT005347,2025-04-01,Медийная реклама,Программа лояльности,Новый,Мобильное устройство,4.97,0,0,0.0
MKT009968,2025-01-23,Медийная реклама,Ретаргетинг,Повторный,Компьютер,4.26,0,0,0.0
MKT001066,2025-07-20,Медийная реклама,Программа лояльности,Новый,Мобильное устройство,5.84,0,0,0.0
MKT002144,2025-06-22,Социальные сети,Сезонная акция,Новый,Мобильное устройство,9.5,0,0,0.0
MKT001668,2025-12-30,Социальные сети,Сезонная акция,Новый,Мобильное устройство,15.71,0,0,0.0
MKT008233,2025-06-29,Email,Сезонная акция,Повторный,Компьютер,,0,0,0.0
MKT008452,2025-11-04,Email,Сезонная акция,Повторный,Мобильное устройство,2.17,1,0,0.0
MKT008204,2025-01-28,Email,Ретаргетинг,Новый,Компьютер,2.1,0,0,0.0
MKT001275,2025-03-23,Социальные сети,Сезонная акция,Повторный,Мобильное устройство,9.93,0,0,0.0
MKT008885,2025-01-27,Социальные сети,Сезонная акция,Лояльный,Мобильное устройство,10.29,0,0,0.0
MKT003233,2025-12-28,Email,Новый продукт,Повторный,Компьютер,2.38,0,0,0.0
MKT008297,2025-01-02,Социальные сети,Сезонная акция,Повторный,Мобильное устройство,11.93,0,0,0.0
MKT007637,2025-07-05,Email,Новый продукт,Лояльный,Мобильное устройство,3.31,0,0,0.0
MKT009393,2025-01-10,Социальные сети,Программа лояльности,Новый,Мобильное устройство,6.64,0,0,0.0
MKT001809,2025-06-04,Поисковая реклама,Новый продукт,Повторный,Компьютер,14.26,0,0,0.0
MKT004624,2025-10-11,Поисковая реклама,Имиджевая кампания,Лояльный,Компьютер,19.97,0,0,0.0
MKT005716,2025-08-16,Поисковая реклама,Имиджевая кампания,Повторный,Мобильное устройство,22.62,0,0,0.0
MKT005776,2025-06-08,Медийная реклама,Новый продукт,Новый,Компьютер,9.16,0,0,0.0
MKT003101,2025-05-03,Email,Новый продукт,Лояльный,Компьютер,1.87,0,0,0.0
MKT003561,2025-04-25,Push,Новый продукт,Новый,Мобильное устройство,1.57,0,0,0.0
MKT006193,2025-06-24,Поисковая реклама,Программа лояльности,Повторный,Мобильное устройство,18.9,0,0,0.0
MKT001153,2025-03-13,Поисковая реклама,Имиджевая кампания,Повторный,Мобильное устройство,23.18,0,0,0.0
MKT003244,2025-05-25,Push,Ретаргетинг,Повторный,Мобильное устройство,1.25,0,0,0.0
MKT003329,2025-04-04,Социальные сети,Сезонная акция,Повторный,Компьютер,10.19,0,0,0.0
MKT007656,2025-05-18,Социальные сети,Ретаргетинг,Новый,Планшет,7.39,0,0,0.0
MKT003753,29.11.2025,Email,Ретаргетинг,Лояльный,Мобильное устройство,1.7,0,0,0.0
MKT005301,2025-03-28,Push,Сезонная акция,Новый,Мобильное устройство,2.3,0,0,0.0
MKT007444,2025-06-28,Социальные сети,Программа лояльности,Повторный,Планшет,5.96,0,0,0.0
MKT005193,2025-09-19,Email,Программа лояльности,Новый,Мобильное устройство,2.28,0,0,0.0
MKT005107,2025-09-11,Поисковая реклама,Имиджевая кампания,Повторный,Мобильное устройство,20.57,0,0,0.0
MKT007505,2025-08-15,Поисковая реклама,Сезонная акция,Повторный,Мобильное устройство,19.54,0,0,0.0
MKT008004,2025-12-05,Push,Сезонная акция,Лояльный,Компьютер,1.45,0,1,0.0
MKT000708,2025-01-05,Email,Новый продукт,Лояльный,Мобильное устройство,2.51,0,0,0.0
MKT002612,2025-04-24,Email,Новый продукт,Повторный,Компьютер,2.71,1,1,
MKT004850,2025-06-13,Email,Имиджевая кампания,Новый,Мобильное устройство,1.67,0,0,0.0
MKT000079,2025-05-21,Email,Программа лояльности,Новый,Компьютер,2.44,0,0,0.0
MKT008987,2025-10-10,Социальные сети,Программа лояльности,Повторный,Компьютер,7.04,0,0,0.0
MKT001437,2025-08-18,Социальные сети,Новый продукт,Новый,Мобильное устройство,9.61,0,0,0.0
MKT001279,2025-12-29,Социальные сети,Ретаргетинг,Повторный,Мобильное устройство,10.76,0,0,0.0
MKT003664,2025-11-15,Push,Ретаргетинг,Повторный,Компьютер,1.92,0,0,0.0
MKT005183,2025-01-28,Социальные сети,Новый продукт,Новый,Мобильное устройство,9.42,0,0,0.0
MKT005503,2025-08-17,Поисковая реклама,Ретаргетинг,Повторный,Мобильное устройство,15.47,0,0,0.0
MKT008241,2025-07-15,Социальные сети,Имиджевая кампания,Лояльный,Мобильное устройство,10.29,0,0,0.0
MKT003291,2025-06-27,Медийная реклама,Новый продукт,Новый,Мобильное устройство,7.8,0,0,0.0
MKT000440,2025-03-05,Поисковая реклама,Сезонная акция,Повторный,Мобильное устройство,21.74,1,0,0.0
MKT007942,2025-07-17,Поисковая реклама,Сезонная акция,Повторный,Мобильное устройство,24.03,0,0,0.0
MKT003968,2025-12-15,Социальные сети,Ретаргетинг,Повторный,Мобильное устройство,10.88,0,0,0.0
MKT001372,2025-06-18,Email,Программа лояльности,Повторный,Компьютер,2.45,0,0,0.0
MKT002467,2025-03-09,Push,Программа лояльности,Новый,Компьютер,1.22,0,0,0.0
MKT004609,2025-06-01,Социальные сети,Программа лояльности,Новый,Компьютер,6.52,0,0,0.0
MKT008854,2025-03-07,Поисковая реклама,Ретаргетинг,Лояльный,Мобильное устройство,23.55,0,0,0.0
MKT002978,2025-07-02,Поисковая реклама,Имиджевая кампания,Повторный,Компьютер,18.7,1,1,3069.53
MKT000157,2025-11-27,Социальные сети,Ретаргетинг,Повторный,Мобильное устройство,6.87,0,0,0.0
MKT003301,2025-10-07,Поисковая реклама,Ретаргетинг,Новый,Мобильное устройство,13.06,0,0,0.0
MKT008773,2025-10-01,Поисковая реклама,Имиджевая кампания,Повторный,Мобильное устройство,24.12,1,0,0.0
MKT004874,2025-07-11,Поисковая реклама,Ретаргетинг,Повторный,Мобильное устройство,21.87,0,0,0.0
MKT000022,2025-10-05,Поисковая реклама,Новый продукт,Новый,Компьютер,21.95,0,0,0.0
MKT004105,2025-08-11,Медийная реклама,Сезонная акция,Новый,Мобильное устройство,6.92,0,0,0.0
MKT006465,2025-12-28,Поисковая реклама,Сезонная акция,Повторный,Компьютер,22.36,0,0,0.0
MKT004316,2025-06-24,Поисковая реклама,Новый продукт,Лояльный,Мобильное устройство,20.76,0,0,0.0
MKT001424,2025-08-08,Push,Сезонная акция,Новый,Мобильное устройство,1.78,0,0,0.0
MKT002834,2025-08-04,Социальные сети,Новый продукт,Лояльный,Мобильное устройство,11.25,0,0,0.0
MKT006820,2025-03-20,Поисковая реклама,Ретаргетинг,Повторный,Компьютер,22.71,0,0,0.0
MKT007510,2025-04-30,Социальные сети,Программа лояльности,Повторный,Мобильное устройство,7.39,0,0,0.0
MKT004823,2025-08-30,Push,Ретаргетинг,Повторный,Мобильное устройство,1.88,1,0,0.0
MKT008647,2025-09-24,Email,Сезонная акция,Новый,Планшет,3.15,0,0,0.0
MKT008913,2025-02-09,Email,Ретаргетинг,Лояльный,Мобильное устройство,2.0,0,0,0.0
MKT006058,2025-04-08,Медийная реклама,Ретаргетинг,Новый,Компьютер,6.26,0,0,0.0
MKT006938,2025-12-18,Поисковая реклама,Ретаргетинг,Новый,Мобильное устройство,17.48,0,0,0.0
MKT003461,2025-12-14,Push,Сезонная акция,Новый,Мобильное устройство,1.52,0,0,0.0
MKT003928,2025-11-01,Поисковая реклама,Ретаргетинг,Повторный,Компьютер,33.3,0,0,0.0
MKT007495,2025-02-16,Push,Имиджевая кампания,Новый,Компьютер,1.95,0,0,0.0
MKT005744,2025-04-09,Email,Сезонная акция,Лояльный,Мобильное устройство,3.73,0,0,0.0
MKT004483,2025-10-22,Поисковая реклама,Ретаргетинг,Новый,Компьютер,14.3,0,0,0.0
MKT009472,2025-07-02,Социальные сети,Программа лояльности,Новый,Мобильное устройство,10.74,0,0,0.0
MKT006064,18.06.2025,Email,Сезонная акция,Повторный,Планшет,2.83,0,0,0.0
MKT003332,2025-01-19,Email,Ретаргетинг,Повторный,Мобильное устройство,2.49,0,0,0.0
MKT003012,2025-10-22,Email,Ретаргетинг,Новый,Компьютер,2.72,0,0,0.0
MKT003678,2025-02-20,Поисковая реклама,Ретаргетинг,Повторный,Планшет,21.6,0,0,0.0
MKT008654,2025-04-22,Медийная реклама,Сезонная акция,Новый,Мобильное устройство,8.6,0,0,0.0
MKT006952,2025-08-28,Поисковая реклама,Ретаргетинг,Лояльный,Мобильное устройство,21.2,0,0,0.0
MKT003140,2025-03-03,Социальные сети,Ретаргетинг,Повторный,Мобильное устройство,8.72,1,0,0.0
MKT000406,2025-11-12,Email,Программа лояльности,Новый,Компьютер,1.62,0,0,0.0
MKT004899,2025-02-03,Социальные сети,Программа лояльности,Лояльный,Мобильное устройство,8.2,0,0,0.0
MKT004539,2025-01-25,Поисковая реклама,Ретаргетинг,Новый,Мобильное устройство,21.7,0,0,0.0
MKT002346,2025-10-30,Поисковая реклама,Программа лояльности,Лояльный,Мобильное устройство,15.67,0,0,0.0
MKT001710,2025-05-23,Push,Имиджевая кампания,Повторный,Мобильное устройство,1.45,0,0,0.0
MKT002839,2025-08-21,Email,Новый продукт,Повторный,Мобильное устройство,3.97,0,0,0.0
MKT003623,2025-08-24,Поисковая реклама,Программа лояльности,Повторный,Мобильное устройство,12.92,0,0,0.0
MKT007394,2025-05-01,Социальные сети,Имиджевая кампания,Лояльный,Компьютер,7.23,0,0,0.0
MKT007564,2025-12-21,Медийная реклама,Программа лояльности,Повторный,Мобильное устройство,4.89,0,0,0.0
MKT005881,2025-10-16,Поисковая реклама,Сезонная акция,Повторный,Компьютер,26.28,0,0,0.0
MKT006215,2025-06-20,Социальные сети,Имиджевая кампания,Повторный,Компьютер,8.93,0,0,0.0
MKT006232,2025-12-14,Поисковая реклама,Ретаргетинг,Повторный,Мобильное устройство,22.23,1,0,0.0
MKT000370,2025-01-31,Email,Ретаргетинг,Новый,Мобильное устройство,2.5,0,0,0.0
MKT000154,2025-01-27,Медийная реклама,Имиджевая кампания,Новый,Компьютер,7.16,0,0,0.0
MKT007445,2025-01-20,Социальные сети,Ретаргетинг,Повторный,Мобильное устройство,12.79,0,0,0.0
MKT003600,2025-02-12,Медийная реклама,Ретаргетинг,Лояльный,Компьютер,6.46,1,0,0.0
MKT002338,2025-01-09,Социальные сети,Программа лояльности,Новый,Компьютер,6.29,0,0,0.0
MKT001224,2025-12-28,Email,Программа лояльности,Повторный,Мобильное устройство,1.48,1,0,0.0
MKT008495,2025-04-08,Поисковая реклама,Сезонная акция,Лояльный,Компьютер,26.26,1,0,0.0
MKT002805,2025-06-07,Email,Имиджевая кампания,Лояльный,Компьютер,2.94,0,0,0.0
MKT002076,2025-05-23,Поисковая реклама,Имиджевая кампания,Новый,Мобильное устройство,24.56,1,0,0.0
MKT002831,2025-01-05,Социальные сети,Имиджевая кампания,Новый,Компьютер,9.7,0,0,0.0
MKT002032,2025-04-23,Социальные сети,Сезонная акция,Повторный,Мобильное устройство,10.23,0,0,0.0
MKT007007,2025-07-19,Социальные сети,Программа лояльности,Повторный,Мобильное устройство,8.91,0,0,0.0
MKT005293,2025-07-13,Медийная реклама,Новый продукт,Новый,Мобильное устройство,6.58,0,0,0.0
MKT009791,2025-09-04,Медийная реклама,Программа лояльности,Новый,Компьютер,4.15,0,0,0.0
MKT008187,2025-05-08,Поисковая реклама,Новый продукт,Новый,Планшет,20.65,1,0,0.0
MKT009180,2025-06-23,Социальные сети,Новый продукт,Новый,Мобильное устройство,12.03,0,0,0.0
MKT004731,2025-05-08,Поисковая реклама,Новый продукт,Новый,Компьютер,19.14,0,0,0.0
MKT001609,2025-09-08,Социальные сети,Сезонная акция,Повторный,Мобильное устройство,11.64,0,0,0.0
MKT004745,2025-09-01,Email,Сезонная акция,Повторный,Мобильное устройство,2.61,0,0,0.0
MKT005720,2025-08-02,Push,Ретаргетинг,Повторный,Мобильное устройство,1.11,0,0,0.0
MKT001649,2025-10-25,Push,Программа лояльности,Повторный,Мобильное устройство,,0,0,0.0
MKT008228,2025-08-12,Поисковая реклама,Программа лояльности,Новый,Компьютер,9.87,0,0,0.0
MKT003871,2025-04-21,Email,Ретаргетинг,Лояльный,Компьютер,2.32,1,0,0.0
MKT001992,2025-07-11,Медийная реклама,Ретаргетинг,Повторный,Мобильное устройство,6.82,0,0,0.0
MKT007873,2025-03-01,Социальные сети,Программа лояльности,Новый,Мобильное устройство,9.41,0,0,0.0
MKT005852,2025-02-09,Медийная реклама,Ретаргетинг,Повторный,Мобильное устройство,6.03,1,0,0.0
MKT007665,2025-07-30,Медийная реклама,Программа лояльности,Новый,Мобильное устройство,4.88,0,0,0.0
MKT002852,2025-12-09,Поисковая реклама,Сезонная акция,Лояльный,Компьютер,23.8,0,0,0.0
MKT001359,2025-09-29,Push,Сезонная акция,Новый,Компьютер,1.75,0,0,0.0
MKT004960,2025-11-18,Email,Программа лояльности,Новый,Компьютер,1.61,1,0,0.0
MKT009015,2025-12-19,Поисковая реклама,Программа лояльности,Повторный,Мобильное устройство,15.19,0,0,0.0
MKT006179,2025-12-09,Push,Программа лояльности,Новый,Мобильное устройство,1.13,0,0,0.0
MKT008168,2025-06-30,Социальные сети,Имиджевая кампания,Лояльный,Мобильное устройство,10.42,1,0,0.0
MKT003629,2025-10-29,Email,Ретаргетинг,Новый,Мобильное устройство,2.07,0,0,0.0
MKT005457,2025-08-14,Социальные сети,Ретаргетинг,Повторный,Компьютер,10.16,0,0,0.0
MKT004780,2025-06-20,Социальные сети,Программа лояльности,Повторный,Компьютер,7.47,0,0,0.0
MKT003346,2025-06-09,Поисковая реклама,Сезонная акция,Повторный,Компьютер,32.42,0,0,0.0
MKT004199,2025-02-05,Push,Сезонная акция,Лояльный,Мобильное устройство,1.59,0,0,0.0
MKT008129,2025-01-13,Email,Программа лояльности,Повторный,Мобильное устройство,1.29,0,0,0.0
MKT004443,2025-01-14,Медийная реклама,Программа лояльности,Повторный,Мобильное устройство,6.08,0,0,0.0
MKT006166,2025-03-22,Социальные сети,Имиджевая кампания,Повторный,Мобильное устройство,11.9,0,0,0.0
MKT000470,2025-10-03,Push,Сезонная акция,Новый,Компьютер,1.73,0,0,0.0
MKT003417,2025-10-10,Социальные сети,Ретаргетинг,Повторный,Мобильное устройство,11.33,0,0,0.0
MKT000631,2025-04-05,Социальные сети,Новый продукт,Новый,Мобильное устройство,13.28,0,0,0.0
MKT009742,2025-09-26,Социальные сети,Ретаргетинг,Лояльный,Компьютер,6.33,0,0,0.0
MKT004644,2025-06-06,Email,Сезонная акция,Повторный,Мобильное устройство,1.91,0,0,0.0
MKT007382,2025-12-16,Медийная реклама,Программа лояльности,Повторный,Компьютер,7.32,1,0,0.0
MKT004295,2025-08-20,Медийная реклама,Программа лояльности,Повторный,Компьютер,6.31,0,0,0.0
MKT007972,2025-05-26,Email,Программа лояльности,Повторный,Мобильное устройство,1.38,0,0,0.0
MKT002441,2025-05-12,Push,Имиджевая кампания,Повторный,Мобильное устройство,2.3,0,0,0.0
MKT000192,2025-11-19,Медийная реклама,Сезонная акция,Повторный,Мобильное устройство,7.35,0,0,0.0
MKT000560,2025-07-19,Email,Новый продукт,Лояльный,Мобильное устройство,2.52,1,0,0.0
MKT006175,2025-03-13,Социальные сети,Ретаргетинг,Новый,Мобильное устройство,9.01,0,0,0.0
MKT000193,2025-12-30,Социальные сети,Новый продукт,Лояльный,Компьютер,13.03,1,0,0.0
MKT001864,2025-03-02,Социальные сети,Ретаргетинг,Новый,Компьютер,7.69,0,0,0.0
MKT005100,2025-03-19,Email,Имиджевая кампания,Новый,Мобильное устройство,1.38,0,0,0.0
MKT005035,2025-04-07,Email,Ретаргетинг,Лояльный,Компьютер,2.36,0,0,0.0
MKT008387,2025-03-31,Email,Ретаргетинг,Повторный,Мобильное устройство,1.85,0,0,0.0
MKT003363,2025-05-10,Поисковая реклама,Программа лояльности,Повторный,Мобильное устройство,21.11,0,0,0.0
MKT002162,2025-07-23,Поисковая реклама,Сезонная акция,Новый,Мобильное устройство,26.08,0,0,0.0
MKT004228,2025-03-11,Социальные сети,Имиджевая кампания,Новый,Мобильное устройство,8.5,0,0,0.0
MKT004600,2025-08-23,Email,Программа лояльности,Новый,Компьютер,2.05,0,0,0.0
MKT006592,2025-04-02,Поисковая реклама,Сезонная акция,Повторный,Мобильное устройство,27.09,0,0,0.0
MKT006815,2025-11-19,Поисковая реклама,Новый продукт,Повторный,Мобильное устройство,22.07,1,0,0.0
MKT009169,2025-12-20,Социальные сети,Имиджевая кампания,Новый,Мобильное устройство,10.5,0,0,0.0
MKT005936,2025-02-10,Push,Имиджевая кампания,Повторный,Мобильное устройство,2.41,0,1,0.0
MKT008392,2025-01-19,Медийная реклама,Программа лояльности,Повторный,Мобильное устройство,5.59,0,0,0.0
MKT001292,2025-02-14,Социальные сети,Имиджевая кампания,Лояльный,Компьютер,10.91,0,0,0.0
MKT006751,2025-03-15,Медийная реклама,Программа лояльности,Новый,Компьютер,5.68,0,0,0.0
MKT001289,2025-03-20,Социальные сети,Ретаргетинг,Повторный,Планшет,9.06,0,0,0.0
MKT008788,2025-01-23,Медийная реклама,Имиджевая кампания,Новый,Мобильное устройство,6.79,0,0,0.0
MKT007836,2025-09-11,Социальные сети,Имиджевая кампания,Повторный,Мобильное устройство,10.13,0,0,0.0
MKT004103,2025-03-01,Медийная реклама,Ретаргетинг,Повторный,Мобильное устройство,5.05,0,0,0.0
MKT009033,2025-01-23,Медийная реклама,Ретаргетинг,Лояльный,Компьютер,7.08,0,0,0.0
MKT004204,2025-01-16,Социальные сети,Программа лояльности,Повторный,Мобильное устройство,10.61,0,0,0.0
MKT003052,2025-02-21,Email,Ретаргетинг,Повторный,Мобильное устройство,2.27,1,0,0.0
MKT006656,2025-03-09,Поисковая реклама,Программа лояльности,Новый,Компьютер,16.4,0,0,0.0
MKT003361,2025-04-02,Email,Сезонная акция,Повторный,Мобильное устройство,2.82,0,0,0.0
MKT007102,2025-10-02,Поисковая реклама,Ретаргетинг,Новый,Мобильное устройство,20.8,0,0,0.0
MKT003307,2025-08-26,Email,Программа лояльности,Лояльный,Компьютер,2.2,0,0,0.0
MKT002890,2025-10-19,Email,Ретаргетинг,Новый,Мобильное устройство,1.66,1,0,0.0
MKT000528,2025-07-30,Социальные сети,Новый продукт,Повторный,Мобильное устройство,14.76,0,0,0.0
MKT005444,2025-01-10,Email,Ретаргетинг,Повторный,Мобильное устройство,3.31,0,0,0.0
MKT007537,2025-06-05,Push,Новый продукт,Повторный,Компьютер,1.3,0,0,0.0
MKT007635,2025-07-06,Email,Новый продукт,Новый,Мобильное устройство,2.07,1,0,0.0
MKT004299,2025-03-18,Социальные сети,Имиджевая кампания,Повторный,Мобильное устройство,11.87,0,0,0.0
MKT002044,2025-09-15,Email,Имиджевая кампания,Повторный,Мобильное устройство,2.71,0,0,0.0
MKT005266,2025-06-18,Социальные сети,Программа лояльности,Повторный,Компьютер,10.41,1,1,3910.84
MKT007212,2025-12-10,Социальные сети,Сезонная акция,Новый,Компьютер,16.52,0,0,0.0
MKT002672,2025-04-17,Социальные сети,Сезонная акция,Повторный,Компьютер,9.08,0,0,0.0
MKT009832,2025-09-22,Поисковая реклама,Ретаргетинг,Новый,Мобильное устройство,16.2,0,0,0.0
MKT009075,2025-01-11,Поисковая реклама,Имиджевая кампания,Повторный,Компьютер,27.49,0,0,0.0
MKT000516,2025-10-31,Медийная реклама,Имиджевая кампания,Лояльный,Планшет,6.74,0,0,0.0
MKT006748,2025-03-21,Email,Новый продукт,Новый,Мобильное устройство,2.99,0,0,0.0
MKT003830,2025-02-22,Медийная реклама,Новый продукт,Повторный,Мобильное устройство,4.49,0,0,0.0
MKT004739,2025-01-10,Социальные сети,Имиджевая кампания,Лояльный,Компьютер,8.99,0,0,0.0
MKT001015,2025-02-26,Социальные сети,Ретаргетинг,Новый,Мобильное устройство,9.68,1,0,0.0
MKT007780,2025-01-25,Поисковая реклама,Ретаргетинг,Лояльный,мобильное ,,0,0,0.0
MKT001551,2025-07-29,Email,Имиджевая кампания,Повторный,Компьютер,2.85,0,0,0.0
MKT000749,2025-07-13,Email,Сезонная акция,Новый,Мобильное устройство,2.69,1,0,0.0
MKT004377,2025-10-27,Email,Новый продукт,Новый,Мобильное устройство,1.97,0,0,0.0
MKT009337,2025-07-02,Поисковая реклама,Имиджевая кампания,Новый,Мобильное устройство,26.01,0,0,0.0
MKT007314,2025-05-01,Социальные сети,Программа лояльности,Повторный,Компьютер,5.71,1,0,0.0
MKT004339,2025-12-07,Поисковая реклама,Ретаргетинг,Повторный,Мобильное устройство,15.42,0,0,0.0
MKT002107,2025-06-01,Email,Имиджевая кампания,Повторный,Компьютер,2.84,0,0,0.0
MKT009151,2025-10-02,Email,Имиджевая кампания,Повторный,Мобильное устройство,1.84,0,0,0.0
MKT001603,2025-08-17,Медийная реклама,Программа лояльности,Повторный,Мобильное устройство,7.07,0,0,0.0
MKT007103,24.10.2025,Push,Программа лояльности,Повторный,Планшет,1.08,0,0,0.0
MKT002003,2025-10-04,Социальные сети,Сезонная акция,Новый,Компьютер,15.15,1,0,0.0
MKT006894,2025-06-04,Социальные сети,Имиджевая кампания,Новый,Компьютер,11.53,0,0,0.0
MKT003358,2025-05-13,Социальные сети,Программа лояльности,Повторный,Мобильное устройство,6.09,0,0,0.0
MKT009893,2025-02-16,Социальные сети,Сезонная акция,Новый,Мобильное устройство,7.7,0,0,0.0
MKT000544,2025-03-21,Социальные сети,Программа лояльности,Повторный,Мобильное устройство,6.29,1,0,0.0
MKT008629,2025-04-28,,Ретаргетинг,Повторный,Мобильное устройство,7.81,1,1,3223.69
MKT008779,2025-04-18,Email,Ретаргетинг,Повторный,Компьютер,1.88,0,0,0.0
MKT009441,2025-02-18,Социальные сети,Сезонная акция,Повторный,Мобильное устройство,12.06,0,0,0.0
MKT006583,2025-11-15,Социальные сети,Новый продукт,Повторный,Компьютер,8.94,0,0,0.0
MKT005654,2025-06-26,Push,Ретаргетинг,Новый,Планшет,1.67,0,0,0.0
MKT007701,2025-06-29,Email,Имиджевая кампания,Новый,Мобильное устройство,2.63,0,0,0.0
MKT009726,2025-07-04,Поисковая реклама,Сезонная акция,Новый,Мобильное устройство,25.15,0,1,0.0
MKT004345,2025-06-17,Email,Имиджевая кампания,Повторный,Компьютер,2.84,0,0,0.0
MKT009910,2025-07-10,Поисковая реклама,Ретаргетинг,Новый,Мобильное устройство,14.05,0,0,0.0
MKT000384,2025-07-13,Поисковая реклама,Имиджевая кампания,Лояльный,Мобильное устройство,22.77,1,0,0.0
MKT009058,2025-05-08,Социальные сети,Сезонная акция,Повторный,Мобильное устройство,8.03,0,0,0.0
MKT003319,2025-07-22,Email,Новый продукт,Новый,Компьютер,2.95,0,0,0.0
MKT007225,2025-11-29,Медийная реклама,Сезонная акция,Повторный,Планшет,7.06,0,0,0.0
MKT001602,2025-05-23,Email,Имиджевая кампания,Повторный,Мобильное устройство,1.96,0,0,0.0
MKT009563,2025-11-02,Социальные сети,Новый продукт,Новый,Мобильное устройство,12.31,0,0,0.0
MKT009113,2025-10-12,Социальные сети,Имиджевая кампания,Новый,Компьютер,9.95,0,0,0.0
MKT002236,2025-07-21,Поисковая реклама,Программа лояльности,Лояльный,Мобильное устройство,12.93,1,0,0.0
MKT005844,2025-11-28,Email,Программа лояльности,Повторный,Планшет,1.37,0,0,0.0
MKT008091,2025-05-09,Медийная реклама,Имиджевая кампания,Повторный,Мобильное устройство,6.82,0,0,0.0
MKT006645,2025-01-12,Социальные сети,Ретаргетинг,Новый,Мобильное устройство,10.33,0,0,0.0
MKT003323,2025-08-06,Медийная реклама,Новый продукт,Лояльный,Компьютер,5.95,0,0,0.0
MKT005218,2025-06-27,Поисковая реклама,Имиджевая кампания,Новый,Мобильное устройство,21.78,1,0,0.0
MKT001102,2025-04-10,Email,Сезонная акция,Повторный,Компьютер,2.68,0,0,0.0
MKT002717,2025-09-13,Push,Ретаргетинг,Лояльный,Мобильное устройство,1.57,0,0,0.0
MKT008235,2025-10-05,Социальные сети,Имиджевая кампания,Лояльный,Мобильное устройство,10.61,0,0,0.0
MKT000205,2025-05-17,Email,Ретаргетинг,Новый,Мобильное устройство,2.96,0,0,0.0
MKT005130,2025-03-07,Поисковая реклама,Имиджевая кампания,Новый,Мобильное устройство,27.51,0,0,0.0
MKT002824,2025-08-21,Email,Имиджевая кампания,Повторный,Компьютер,2.03,0,0,0.0
MKT005461,2025-06-14,Социальные сети,Имиджевая кампания,Повторный,Компьютер,7.91,0,0,0.0
MKT009843,2025-05-27,Поисковая реклама,Новый продукт,Лояльный,Компьютер,19.25,0,0,0.0
MKT005310,2025-03-06,Поисковая реклама,Ретаргетинг,Новый,Мобильное устройство,15.89,1,0,0.0
MKT005692,2025-06-30,Социальные сети,Имиджевая кампания,Лояльный,Мобильное устройство,10.39,0,0,0.0
MKT009254,2025-09-14,Push,Программа лояльности,Лояльный,Мобильное устройство,1.61,0,0,0.0
MKT001813,2025-05-12,Поисковая реклама,Ретаргетинг,Лояльный,Мобильное устройство,22.66,0,0,0.0
MKT005400,2025-07-15,Push,Имиджевая кампания,Повторный,Мобильное устройство,1.44,0,0,0.0
MKT000067,2025-10-24,Push,Новый продукт,Повторный,Планшет,2.01,0,0,0.0
MKT008250,2025-11-28,Социальные сети,Имиджевая кампания,Новый,Мобильное устройство,12.85,0,0,0.0
MKT000937,25.05.2025,Медийная реклама,Ретаргетинг,Лояльный,Компьютер,5.68,0,0,0.0
MKT006962,2025-09-02,Email,Сезонная акция,Новый,Компьютер,1.34,0,0,0.0
MKT006741,2025-11-15,Поисковая реклама,Новый продукт,Новый,Мобильное устройство,13.9,1,0,-100.0
MKT005361,2025-05-28,Социальные сети,Сезонная акция,Повторный,Мобильное устройство,13.11,0,0,0.0
MKT009551,2025-07-23,Медийная реклама,Программа лояльности,Новый,Компьютер,6.44,0,0,0.0
MKT002952,2025-03-30,Медийная реклама,Имиджевая кампания,Повторный,Планшет,4.08,0,0,0.0
MKT005473,2025-06-19,Email,Новый продукт,Повторный,Мобильное устройство,2.13,0,0,0.0
MKT002047,2025-05-24,Push,Ретаргетинг,Повторный,Мобильное устройство,1.0,0,0,0.0
MKT005334,2025-12-14,Push,Ретаргетинг,Повторный,Компьютер,1.24,0,0,0.0
MKT007904,2025-01-15,Социальные сети,Сезонная акция,Повторный,Мобильное устройство,11.87,1,0,0.0
MKT001165,2025-06-04,Email,Сезонная акция,Повторный,Мобильное устройство,2.87,1,0,0.0
MKT008888,2025-06-02,Email,Сезонная акция,Новый,Компьютер,3.05,0,0,0.0
MKT001509,2025-01-06,Социальные сети,Новый продукт,Повторный,Мобильное устройство,9.66,0,0,0.0
MKT000163,2025-08-12,Email,Сезонная акция,Повторный,Компьютер,3.01,0,0,0.0
MKT004494,2025-05-10,Социальные сети,Программа лояльности,Лояльный,Мобильное устройство,8.88,0,0,0.0
MKT004926,2025-10-08,Поисковая реклама,Сезонная акция,Повторный,Мобильное устройство,31.23,0,1,0.0
MKT004468,2025-12-12,Социальные сети,Новый продукт,Новый,Компьютер,13.08,0,0,0.0
MKT002222,2025-12-22,Социальные сети,Программа лояльности,Повторный,Мобильное устройство,8.27,0,0,0.0
MKT003948,08.06.2025,Email,Новый продукт,Лояльный,Компьютер,1.9,0,0,0.0
MKT005903,2025-10-23,Медийная реклама,Сезонная акция,Повторный,Компьютер,5.83,0,0,0.0
MKT009886,2025-03-23,Социальные сети,Сезонная акция,Новый,Мобильное устройство,17.49,1,0,0.0
MKT005236,2025-01-05,Поисковая реклама,Новый продукт,Новый,Мобильное устройство,18.67,0,0,0.0
MKT003221,2025-03-19,Социальные сети,Новый продукт,Повторный,Мобильное устройство,10.44,1,0,0.0
MKT009594,2025-01-30,Поисковая реклама,Программа лояльности,Повторный,Мобильное устройство,29.88,0,0,0.0
MKT001488,2025-01-27,Поисковая реклама,Имиджевая кампания,Новый,Мобильное устройство,25.83,0,0,0.0
MKT006406,2025-02-20,Email,Сезонная акция,Лояльный,Мобильное устройство,3.82,1,0,0.0
MKT008138,2025-08-25,Поисковая реклама,Имиджевая кампания,Повторный,Мобильное устройство,24.72,1,0,0.0
MKT004174,2025-08-02,Email,Ретаргетинг,Новый,Мобильное устройство,2.58,0,0,0.0
MKT005154,2025-03-20,Email,Сезонная акция,Повторный,Компьютер,3.37,0,0,0.0
MKT005915,2025-01-02,Социальные сети,Имиджевая кампания,Повторный,Компьютер,9.4,0,0,0.0
MKT000502,2025-11-19,Email,Программа лояльности,Лояльный,Мобильное устройство,1.65,1,0,0.0
MKT001172,2025-03-04,ПОИСКОВАЯ РЕКЛАМА,Сезонная акция,Лояльный,Мобильное устройство,22.6,0,0,0.0
MKT005083,2025-12-08,Медийная реклама,Ретаргетинг,Лояльный,Мобильное устройство,4.73,0,0,0.0
MKT006342,2025-03-05,Поисковая реклама,Имиджевая кампания,Новый,Компьютер,23.0,0,0,0.0
MKT006079,2025-10-27,Социальные сети,Новый продукт,Лояльный,Мобильное устройство,13.09,0,0,0.0
MKT003295,2025-06-19,Поисковая реклама,Ретаргетинг,Новый,Компьютер,25.93,0,0,0.0
MKT005313,2025-10-28,Поисковая реклама,Сезонная акция,Повторный,Мобильное устройство,21.81,0,0,0.0
MKT001576,2025-02-12,Социальные сети,Программа лояльности,Повторный,Мобильное устройство,8.22,0,0,0.0
MKT003694,2025-12-05,Email,Имиджевая кампания,Повторный,Мобильное устройство,2.24,0,0,0.0
MKT002189,2025-01-06,Поисковая реклама,Новый продукт,Новый,Мобильное устройство,27.35,0,0,0.0
MKT000351,2025-06-27,Медийная реклама,Сезонная акция,Новый,Мобильное устройство,9.06,0,0,0.0
MKT001881,2025-10-30,Email,Имиджевая кампания,Повторный,Мобильное устройство,3.1,0,0,0.0
MKT005049,2025-08-11,Социальные сети,Сезонная акция,Повторный,Мобильное устройство,9.94,0,0,0.0
MKT009949,2025-03-24,Email,Сезонная акция,Новый,Компьютер,2.25,0,0,0.0
MKT005278,2025-09-14,Социальные сети,Новый продукт,Повторный,Мобильное устройство,9.55,0,0,0.0
MKT004928,2025-10-17,Email,Сезонная акция,Новый,Компьютер,1.69,0,0,0.0
MKT004449,2025-12-06,Push,Имиджевая кампания,Лояльный,Мобильное устройство,1.07,1,0,0.0
MKT005851,2025-01-22,Социальные сети,Сезонная акция,Повторный,Компьютер,10.3,0,0,0.0
MKT008739,2025-06-15,Email,Имиджевая кампания,Новый,Компьютер,1.78,0,0,0.0
MKT008254,2025-12-22,Поисковая реклама,Сезонная акция,Повторный,Компьютер,25.45,0,0,0.0
MKT006536,2025-10-11,Push,Имиджевая кампания,Лояльный,Компьютер,1.33,0,0,0.0
MKT006237,2025-02-11,Поисковая реклама,Сезонная акция,Повторный,Мобильное устройство,22.23,0,0,0.0
MKT005466,2025-12-24,Email,Ретаргетинг,Повторный,Компьютер,1.99,0,0,0.0
MKT007280,2025-03-24,Email,Имиджевая кампания,Новый,Компьютер,1.78,0,0,0.0
MKT007469,2025-05-09,Поисковая реклама,Имиджевая кампания,Повторный,Компьютер,21.51,0,0,0.0
MKT006344,2025-11-24,Социальные сети,Сезонная акция,Новый,Мобильное устройство,11.37,0,0,0.0
MKT003738,2025-04-30,Социальные сети,Программа лояльности,Новый,Мобильное устройство,12.02,0,0,0.0
MKT006898,2025-05-15,Поисковая реклама,Новый продукт,Повторный,Мобильное устройство,26.63,0,0,0.0
MKT005103,2025-03-23,Медийная реклама,Имиджевая кампания,Повторный,Мобильное устройство,5.85,0,0,0.0
MKT006840,2025-06-26,Поисковая реклама,Сезонная акция,Лояльный,Компьютер,15.62,0,0,0.0
MKT005387,2025-10-10,Медийная реклама,Программа лояльности,Новый,Компьютер,4.3,0,0,0.0
MKT007296,2025-12-23,Email,Сезонная акция,Лояльный,Планшет,2.84,1,0,0.0
MKT007218,2025-12-21,Социальные сети,Программа лояльности,новый ,Мобильное устройство,7.95,1,0,0.0
MKT002201,2025-03-19,Push,Сезонная акция,Новый,Компьютер,2.09,0,0,0.0
MKT003198,2025-02-01,Социальные сети,Имиджевая кампания,Лояльный,Компьютер,12.96,0,0,0.0
MKT004782,2025-06-01,Email,Имиджевая кампания,Новый,Мобильное устройство,3.69,0,0,0.0
MKT009102,2025-12-08,Медийная реклама,Программа лояльности,Новый,Мобильное устройство,6.4,0,0,0.0
MKT001051,2025-11-15,Email,Имиджевая кампания,Повторный,Мобильное устройство,2.19,0,0,0.0
MKT002795,2025-10-16,Социальные сети,Сезонная акция,Повторный,Планшет,7.61,0,0,0.0
MKT006585,2025-12-05,Социальные сети,Новый продукт,Новый,Мобильное устройство,11.06,0,0,0.0
MKT002297,2025-01-20,Push,Сезонная акция,Новый,Мобильное устройство,1.2,0,0,0.0
MKT000823,2025-09-05,Email,Ретаргетинг,Повторный,Компьютер,3.15,0,0,0.0
MKT006418,2025-03-01,Email,Ретаргетинг,Новый,Мобильное устройство,1.87,0,0,0.0
MKT009583,2025-06-02,Email,Ретаргетинг,Лояльный,Мобильное устройство,2.72,0,0,0.0
MKT003748,2025-10-02,Социальные сети,Ретаргетинг,Новый,Компьютер,10.34,0,0,0.0
MKT009392,2025-11-17,Социальные сети,Программа лояльности,Повторный,Мобильное устройство,10.93,0,0,0.0
MKT006861,2025-05-04,Медийная реклама,Программа лояльности,Повторный,Мобильное устройство,6.89,0,0,0.0
MKT006271,2025-01-17,Социальные сети,Имиджевая кампания,Новый,Мобильное устройство,9.19,1,0,0.0
MKT006893,2025-02-03,Push,Программа лояльности,Новый,Мобильное устройство,1.33,0,0,0.0
MKT007521,2025-06-08,Социальные сети,Программа лояльности,Новый,Мобильное устройство,6.34,0,0,0.0
MKT001381,2025-08-27,Социальные сети,Сезонная акция,Повторный,Компьютер,12.84,0,0,0.0
MKT007864,2025-12-12,Медийная реклама,Программа лояльности,Новый,Мобильное устройство,5.03,0,0,0.0
MKT007480,2025-12-31,Социальные сети,Ретаргетинг,Новый,Мобильное устройство,10.98,0,0,0.0
MKT009569,2025-06-03,Поисковая реклама,Сезонная акция,Повторный,Компьютер,29.74,0,0,0.0
MKT001664,2025-01-21,Поисковая реклама,Программа лояльности,Новый,Мобильное устройство,22.7,0,0,0.0
MKT005063,2025-10-11,Социальные сети,Новый продукт,Новый,Мобильное устройство,12.28,0,0,0.0
MKT004573,2025-05-30,Поисковая реклама,Новый продукт,Лояльный,Компьютер,15.95,0,0,0.0
MKT008155,2025-10-11,Медийная реклама,Сезонная акция,Новый,Мобильное устройство,7.43,0,0,0.0
MKT005703,2025-03-11,Социальные сети,Новый продукт,Лояльный,Мобильное устройство,7.62,0,0,0.0
MKT002060,2025-01-17,Социальные сети,Сезонная акция,Повторный,Мобильное устройство,6.5,1,0,0.0
MKT000830,2025-08-22,Социальные сети,Сезонная акция,Повторный,Мобильное устройство,10.81,0,0,0.0
MKT009218,2025-12-15,Push,Программа лояльности,Лояльный,Мобильное устройство,1.04,0,0,0.0
MKT008952,2025-05-03,Социальные сети,Ретаргетинг,Новый,Компьютер,9.27,0,0,0.0
MKT002029,2025-01-07,Push,Имиджевая кампания,Новый,Планшет,1.77,0,0,0.0
MKT002986,2025-07-05,Email,Ретаргетинг,Повторный,Мобильное устройство,2.17,0,0,0.0
MKT003715,2025-05-23,Email,Ретаргетинг,Лояльный,Мобильное устройство,1.67,1,0,0.0
MKT004817,2025-02-28,Медийная реклама,Программа лояльности,Лояльный,Планшет,4.58,0,0,0.0
MKT002169,2025-12-21,Поисковая реклама,Сезонная акция,Новый,Мобильное устройство,20.52,0,0,0.0
MKT008603,2025-09-06,Социальные сети,Имиджевая кампания,Повторный,Планшет,10.09,0,0,0.0
MKT004811,2025-02-22,Медийная реклама,Ретаргетинг,Новый,Мобильное устройство,5.65,0,0,0.0
MKT007929,2025-02-13,Push,Имиджевая кампания,Новый,Мобильное устройство,2.99,0,0,0.0
MKT004024,2025-03-22,Email,Программа лояльности,Повторный,Мобильное устройство,2.36,0,0,0.0
MKT005552,2025-04-30,Социальные сети,Имиджевая кампания,Повторный,Мобильное устройство,10.37,0,0,0.0
MKT003892,2025-05-30,Медийная реклама,Новый продукт,Лояльный,Компьютер,10.21,0,0,0.0
MKT002273,2025-04-02,Email,Сезонная акция,Новый,Мобильное устройство,2.13,0,0,0.0
MKT005437,2025-09-17,Поисковая реклама,Ретаргетинг,Повторный,Мобильное устройство,13.07,0,0,0.0
MKT001908,2025-03-16,Email,Имиджевая кампания,Повторный,Мобильное устройство,2.27,1,0,0.0
MKT001480,2025-12-15,Социальные сети,Программа лояльности,Лояльный,Мобильное устройство,5.2,0,0,0.0
MKT006253,2025-02-03,Социальные сети,Сезонная акция,Новый,Компьютер,11.24,0,0,0.0
MKT001146,2025-07-13,Email,Программа лояльности,Лояльный,Компьютер,1.49,0,0,0.0
MKT001257,2025-10-25,Социальные сети,Сезонная акция,Повторный,Мобильное устройство,11.1,0,0,0.0
MKT004677,2025-10-10,Социальные сети,Сезонная акция,Лояльный,Мобильное устройство,10.27,0,1,0.0
MKT007714,2025-11-30,Поисковая реклама,Сезонная акция,Повторный,Мобильное устройство,18.93,0,0,0.0
MKT008929,2025-11-02,Email,Программа лояльности,Повторный,Мобильное устройство,1.83,0,0,-100.0
MKT006968,2025-10-31,Поисковая реклама,Сезонная акция,Новый,Мобильное устройство,18.61,0,0,0.0
MKT000713,2025-06-22,Социальные сети,Имиджевая кампания,Новый,Мобильное устройство,7.18,0,0,0.0
MKT005668,2025-10-08,Медийная реклама,Ретаргетинг,Повторный,Компьютер,8.83,0,0,0.0
MKT008465,2025-08-23,Поисковая реклама,Новый продукт,Новый,Мобильное устройство,17.2,0,0,0.0
MKT008698,2025-06-29,Социальные сети,Сезонная акция,Повторный,Мобильное устройство,13.29,0,0,0.0
MKT003413,2025-07-16,Поисковая реклама,Имиджевая кампания,Повторный,Компьютер,20.51,0,0,0.0
MKT005867,2025-04-17,соцсети,Имиджевая кампания,Лояльный,Планшет,8.25,0,0,0.0
MKT005944,2025-05-30,Социальные сети,Ретаргетинг,Новый,Мобильное устройство,8.0,0,0,0.0
MKT001542,2025-10-23,,Сезонная акция,Повторный,Мобильное устройство,11.58,0,0,0.0
MKT004216,2025-01-29,Email,Имиджевая кампания,Новый,Компьютер,2.3,0,0,0.0
MKT004028,2025-07-06,Медийная реклама,Программа лояльности,Лояльный,Мобильное устройство,5.92,0,0,0.0
MKT007228,2025-02-26,Медийная реклама,Ретаргетинг,Повторный,Мобильное устройство,10.09,0,0,0.0
MKT002594,2025-05-16,Push,Сезонная акция,Повторный,Мобильное устройство,2.07,0,0,0.0
MKT006638,2025-05-10,Социальные сети,Сезонная акция,Повторный,Компьютер,13.8,0,0,0.0
MKT003522,2025-02-27,Email,Сезонная акция,Повторный,Мобильное устройство,2.62,0,0,0.0
MKT008661,2025-12-31,Социальные сети,Программа лояльности,Повторный,Мобильное устройство,-5.0,0,0,0.0
MKT008420,2025-02-28,Поисковая реклама,Ретаргетинг,Повторный,Мобильное устройство,12.52,0,0,0.0
MKT001815,2025-08-07,Социальные сети,Новый продукт,Повторный,Планшет,8.62,0,0,0.0
MKT006080,2025-08-13,Push,Имиджевая кампания,Повторный,Компьютер,1.78,0,0,0.0
MKT003094,2025-04-28,Социальные сети,Сезонная акция,Лояльный,Мобильное устройство,10.82,0,0,0.0
MKT005775,2025-05-28,Push,Новый продукт,Новый,Мобильное устройство,1.48,0,0,0.0
MKT005217,2025-06-05,Push,Сезонная акция,Повторный,Мобильное устройство,1.01,0,0,0.0
MKT008425,2025-05-20,Email,Новый продукт,Новый,Компьютер,1.88,0,0,0.0
MKT004162,2025-05-25,Поисковая реклама,Имиджевая кампания,Повторный,Компьютер,17.4,0,0,0.0
MKT002562,2025-02-27,Email,Имиджевая кампания,Повторный,Мобильное устройство,2.44,0,0,0.0
MKT001549,2025-05-28,Email,Ретаргетинг,Повторный,Мобильное устройство,2.95,0,0,0.0
MKT002503,04.04.2025,Поисковая реклама,Ретаргетинг,Повторный,Мобильное устройство,23.82,0,0,0.0
MKT006099,2025-10-06,Email,Ретаргетинг,Повторный,Мобильное устройство,2.37,0,0,0.0
MKT009085,2025-02-13,Поисковая реклама,Имиджевая кампания,Новый,Планшет,15.36,0,0,0.0
MKT004529,2025-06-13,Социальные сети,Сезонная акция,Лояльный,Мобильное устройство,6.69,0,0,0.0
MKT004589,2025-09-07,Поисковая реклама,Сезонная акция,Повторный,Мобильное устройство,19.64,1,0,0.0
MKT003384,2025-06-26,Медийная реклама,Сезонная акция,Лояльный,Мобильное устройство,9.14,0,0,0.0
MKT001966,2025-04-19,Push,Сезонная акция,Лояльный,Мобильное устройство,1.46,0,0,0.0
MKT008048,2025-11-06,Социальные сети,Имиджевая кампания,Новый,Мобильное устройство,10.06,0,0,0.0
MKT007930,2025-09-23,Социальные сети,Имиджевая кампания,Новый,Мобильное устройство,8.64,0,0,0.0
MKT000633,2025-12-08,Медийная реклама,Имиджевая кампания,Повторный,Компьютер,7.75,0,0,0.0
MKT007761,2025-10-20,Социальные сети,Ретаргетинг,Повторный,Компьютер,12.93,0,0,0.0
MKT009368,2025-04-16,Медийная реклама,НОВЫЙ ПРОДУКТ,Новый,Мобильное устройство,4.78,0,0,0.0
MKT009356,2025-12-15,Email,Имиджевая кампания,Новый,Компьютер,3.29,0,0,0.0
MKT003746,2025-11-07,Социальные сети,Программа лояльности,Лояльный,Планшет,6.2,0,0,0.0
MKT009956,2025-10-13,Email,Ретаргетинг,Лояльный,Мобильное устройство,2.04,0,0,0.0
MKT007996,2025-07-15,Медийная реклама,Сезонная акция,Новый,Мобильное устройство,6.97,0,0,0.0
MKT002285,2025-11-19,Медийная реклама,Сезонная акция,Новый,Мобильное устройство,9.85,0,0,0.0
MKT000934,2025-04-20,Социальные сети,Сезонная акция,Повторный,Мобильное устройство,10.69,1,0,0.0
MKT007136,17.03.2025,Email,Новый продукт,Новый,Планшет,2.36,0,0,0.0
MKT007778,2025-06-16,Медийная реклама,Программа лояльности,Новый,Мобильное устройство,7.06,0,0,0.0
MKT000884,2025-08-27,Push,Имиджевая кампания,Повторный,Компьютер,1.52,0,0,0.0
MKT007503,2025-10-18,Медийная реклама,Ретаргетинг,Повторный,Мобильное устройство,4.47,1,0,0.0
MKT008516,2025-11-17,Email,Новый продукт,Повторный,Мобильное устройство,2.14,0,0,0.0
MKT000219,2025-01-18,Push,Сезонная акция,Лояльный,Мобильное устройство,2.19,0,0,0.0
MKT006300,2025-01-27,Медийная реклама,Сезонная акция,Новый,Мобильное устройство,5.5,0,0,0.0
MKT000759,2025-08-20,Социальные сети,Программа лояльности,Новый,Мобильное устройство,6.6,0,0,0.0
MKT004633,2025-07-18,Медийная реклама,Имиджевая кампания,Повторный,Компьютер,5.19,0,0,
MKT006454,2025-11-12,Push,Новый продукт,Повторный,Компьютер,1.48,0,0,0.0
MKT003835,2025-11-20,Поисковая реклама,Новый продукт,Лояльный,Компьютер,27.08,0,0,0.0
MKT001097,2025-11-22,Email,Сезонная акция,Новый,Мобильное устройство,2.62,0,0,0.0
MKT009896,2025-06-04,Социальные сети,Сезонная акция,Новый,Мобильное устройство,11.33,1,0,0.0
MKT009752,2025-05-06,Email,Имиджевая кампания,Лояльный,Компьютер,2.39,0,0,0.0
MKT001581,2025-07-05,Социальные сети,Имиджевая кампания,Повторный,Мобильное устройство,,0,0,0.0
MKT004830,2025-02-07,Медийная реклама,Программа лояльности,Новый,Мобильное устройство,5.9,0,0,
MKT002750,2025-02-19,Email,Сезонная акция,Повторный,Компьютер,2.21,0,0,0.0
MKT009072,2025-10-12,,Имиджевая кампания,Новый,Компьютер,20.49,0,0,0.0
MKT005828,2025-09-20,Медийная реклама,Ретаргетинг,Новый,Компьютер,5.11,0,0,0.0
MKT007963,2025-11-02,Социальные сети,Программа лояльности,Повторный,Мобильное устройство,8.97,0,0,0.0
MKT000113,2025-09-22,Поисковая реклама,Ретаргетинг,Повторный,Мобильное устройство,20.28,0,0,0.0
MKT003611,2025-02-24,Поисковая реклама,Имиджевая кампания,Повторный,Планшет,18.43,1,0,0.0
MKT000230,2025-05-24,Социальные сети,Имиджевая кампания,Повторный,Мобильное устройство,9.87,0,0,0.0
MKT000626,2025-07-28,Социальные сети,Сезонная акция,Лояльный,Мобильное устройство,12.62,0,0,0.0
MKT007411,2025-12-15,Email,Имиджевая кампания,Повторный,Компьютер,1.41,0,0,0.0
MKT004164,2025-06-15,Push,Сезонная акция,Новый,Компьютер,1.58,1,0,0.0
MKT000726,2025-07-08,Поисковая реклама,Новый продукт,Новый,Мобильное устройство,22.06,0,0,0.0
MKT008328,2025-07-30,Email,Новый продукт,Лояльный,Мобильное устройство,2.73,0,0,0.0
MKT003513,2025-09-22,Медийная реклама,Ретаргетинг,Повторный,Мобильное устройство,4.12,0,0,0.0
MKT001659,2025-06-26,Социальные сети,Сезонная акция,Новый,Компьютер,9.73,0,0,0.0
MKT005163,2025-08-11,Поисковая реклама,Ретаргетинг,Повторный,Компьютер,15.86,0,0,0.0
MKT003119,2025-04-26,Email,Имиджевая кампания,Повторный,Мобильное устройство,-5.0,0,0,0.0
MKT005829,2025-04-12,Поисковая реклама,Сезонная акция,Новый,Компьютер,18.0,1,0,0.0
MKT002145,2025-04-17,Email,Сезонная акция,Новый,Мобильное устройство,2.17,0,0,0.0
MKT004970,2025-03-13,Push,Сезонная акция,Новый,Мобильное устройство,1.31,0,0,0.0
MKT006618,2025-10-21,Социальные сети,Программа лояльности,Новый,Компьютер,7.37,0,0,0.0
MKT008230,2025-10-03,Push,Сезонная акция,Повторный,Компьютер,1.59,0,0,0.0
MKT002155,2025-03-25,Email,Новый продукт,Лояльный,Компьютер,2.19,0,0,0.0
MKT002994,2025-11-27,Email,Ретаргетинг,Лояльный,Мобильное устройство,2.56,0,0,0.0
MKT002604,2025-12-12,Email,Новый продукт,Повторный,Компьютер,2.83,0,0,0.0
MKT007534,2025-11-30,Медийная реклама,Сезонная акция,Лояльный,Планшет,7.81,0,0,0.0
MKT004099,2025-06-12,Поисковая реклама,Сезонная акция,Новый,Компьютер,36.33,1,0,0.0
MKT004232,2025-04-19,Социальные сети,Сезонная акция,Лояльный,Мобильное устройство,9.53,1,0,0.0
MKT004039,2025-08-10,Email,Программа лояльности,Лояльный,Мобильное устройство,2.25,0,0,0.0
MKT009122,2025-06-12,Социальные сети,Ретаргетинг,Лояльный,Компьютер,9.61,0,0,0.0
MKT007627,2025-09-13,Email,Сезонная акция,Новый,Мобильное устройство,1.96,0,0,0.0
MKT007230,2025-06-10,Медийная реклама,Новый продукт,Новый,Мобильное устройство,7.94,0,0,0.0
MKT008395,2025-12-24,Социальные сети,Сезонная акция,Лояльный,Мобильное устройство,9.62,0,0,0.0
MKT004740,2025-11-06,Медийная реклама,Сезонная акция,Новый,Мобильное устройство,10000.0,0,0,0.0
MKT000184,2025-05-13,Поисковая реклама,Программа лояльности,Новый,Мобильное устройство,16.6,0,0,0.0
MKT001375,2025-08-13,Социальные сети,Сезонная акция,Повторный,Компьютер,13.44,0,0,0.0
MKT006757,2025-01-11,Поисковая реклама,Имиджевая кампания,Повторный,Компьютер,17.65,0,0,0.0
MKT002905,29.01.2025,Медийная реклама,Сезонная акция,Повторный,Компьютер,6.16,0,0,0.0
MKT008812,2025-09-30,Медийная реклама,Имиджевая кампания,Новый,Мобильное устройство,8.45,0,0,0.0
MKT009811,2025-11-26,Push,Сезонная акция,Повторный,Мобильное устройство,1.78,0,0,0.0
MKT001477,2025-08-07,Социальные сети,Новый продукт,Новый,Мобильное устройство,9.2,0,0,0.0
MKT006039,2025-10-17,Push,Имиджевая кампания,Новый,Мобильное устройство,1.9,0,0,0.0
MKT003467,2025-08-26,Email,Сезонная акция,Повторный,Компьютер,2.75,0,0,0.0
MKT004123,2025-06-07,Медийная реклама,Сезонная акция,Лояльный,Мобильное устройство,8.19,0,0,0.0
MKT002627,2025-01-16,Email,Программа лояльности,Новый,Планшет,1.57,0,0,0.0
MKT006488,2025-08-03,Поисковая реклама,Программа лояльности,Повторный,Мобильное устройство,17.38,0,0,0.0
MKT002264,2025-01-05,Поисковая реклама,Сезонная акция,Повторный,Мобильное устройство,,1,0,0.0
MKT004601,2025-12-12,Email,Ретаргетинг,Лояльный,Мобильное устройство,2.62,1,1,7730.13
MKT009475,2025-10-20,Социальные сети,Имиджевая кампания,Новый,Мобильное устройство,8.47,0,0,0.0
MKT000497,2025-09-08,Email,Имиджевая кампания,Новый,мобильное ,1.82,0,0,0.0
MKT004934,10.07.2025,Поисковая реклама,Новый продукт,Лояльный,Планшет,19.91,0,0,0.0
MKT002934,2025-04-01,Социальные сети,Новый продукт,Новый,Компьютер,9.04,0,0,0.0
MKT000563,2025-06-09,Push,Ретаргетинг,Новый,Мобильное устройство,1.55,0,0,0.0
MKT001337,2025-03-09,Поисковая реклама,Программа лояльности,Новый,Мобильное устройство,18.76,0,2,0.0
MKT007085,07.11.2025,Поисковая реклама,Имиджевая кампания,Повторный,Мобильное устройство,32.45,0,0,0.0
MKT003782,2025-10-12,Поисковая реклама,Имиджевая кампания,Новый,Мобильное устройство,22.29,0,0,0.0
MKT009066,2025-09-05,Поисковая реклама,Новый продукт,Лояльный,Компьютер,18.51,0,0,0.0
MKT000676,2025-02-21,Медийная реклама,Имиджевая кампания,Лояльный,Мобильное устройство,10.55,0,0,0.0
MKT003309,2025-08-10,Поисковая реклама,Новый продукт,Повторный,Мобильное устройство,21.97,0,0,0.0
MKT003864,2025-04-05,Email,Сезонная акция,Лояльный,Мобильное устройство,1.87,0,0,0.0
MKT009360,2025-08-08,Поисковая реклама,Сезонная акция,Новый,Мобильное устройство,16.56,0,0,0.0
MKT008093,2025-04-13,Социальные сети,Имиджевая кампания,Повторный,Компьютер,10.15,1,0,0.0
MKT000217,2025-04-04,Медийная реклама,Имиджевая кампания,Повторный,Мобильное устройство,6.25,0,0,0.0
MKT002444,2025-04-29,Email,Новый продукт,Новый,Мобильное устройство,2.19,0,0,0.0
MKT008886,2025-01-27,Email,Сезонная акция,Новый,Компьютер,2.08,0,0,0.0
MKT003000,2025-07-09, медийная реклама ,Сезонная акция,Повторный,Мобильное устройство,6.37,0,0,0.0
MKT006198,2025-04-19,Социальные сети,Имиджевая кампания,Новый,Мобильное устройство,10.35,0,0,0.0
MKT002057,2025-01-12,Push,Программа лояльности,Повторный,Мобильное устройство,1.19,0,0,0.0
MKT004640,2025-04-08,Медийная реклама,Сезонная акция,Новый,Мобильное устройство,7.77,0,0,0.0
MKT004847,2025-10-08,Email,Ретаргетинг,Лояльный,Мобильное устройство,2.98,1,1,4753.18
MKT005763,2025-05-20,Медийная реклама,Сезонная акция,Лояльный,Компьютер,7.19,1,0,0.0
MKT000815,2025-01-22,Поисковая реклама,Программа лояльности,Повторный,Мобильное устройство,21.8,1,0,0.0
MKT005202,2025-02-23,Медийная реклама,Сезонная акция,Лояльный,Планшет,8.37,0,0,0.0
MKT002684,2025-10-20,Социальные сети,Новый продукт,Повторный,Мобильное устройство,11.21,0,0,0.0
MKT006062,2025-03-03,Push,Новый продукт,Повторный,Мобильное устройство,1.69,0,0,0.0
MKT002015,2025-07-21,Поисковая реклама,Имиджевая кампания,Лояльный,Компьютер,16.32,0,0,0.0
MKT003016,2025-01-04,Email,Имиджевая кампания,Лояльный,Компьютер,2.72,0,0,0.0
MKT008501,2025-01-27,Поисковая реклама,Сезонная акция,Лояльный,Компьютер,20.51,1,1,3989.93
MKT007001,2025-09-30,Социальные сети,Имиджевая кампания,Повторный,Мобильное устройство,11.62,0,0,0.0
MKT004144,2025-02-15,Социальные сети,Программа лояльности,Повторный,Мобильное устройство,6.25,0,0,0.0
MKT003698,2025-01-02,Медийная реклама,Программа лояльности,Новый,Мобильное устройство,3.65,0,0,0.0
MKT003834,2025-08-14,Email,Ретаргетинг,Повторный,Мобильное устройство,2.51,0,0,0.0
MKT007033,2025-04-12,Push,Новый продукт,Новый,Мобильное устройство,1.89,0,0,0.0
MKT001884,2025-03-28,Поисковая реклама,Сезонная акция,Лояльный,Мобильное устройство,17.87,1,1,4317.3
MKT000090,2025-10-14,Медийная реклама,Имиджевая кампания,Новый,Компьютер,5.3,0,0,0.0
MKT005344,2025-02-20,Email,Сезонная акция,Лояльный,Компьютер,1.96,0,0,0.0
MKT001725,2025-08-13,Медийная реклама,Ретаргетинг,Новый,Компьютер,3.98,1,0,0.0
MKT004692,2025-03-03,Email,Ретаргетинг,Повторный,Компьютер,2.24,0,0,0.0
MKT005257,2025-03-26,Социальные сети,Программа лояльности,Повторный,Мобильное устройство,4.98,1,0,0.0
MKT002303,2025-01-17,Email,Имиджевая кампания,Новый,Мобильное устройство,1.93,0,0,0.0
MKT002778,2025-02-05,Медийная реклама,Ретаргетинг,Новый,Компьютер,5.67,0,0,0.0
MKT008852,2025-04-12,Поисковая реклама,Имиджевая кампания,Новый,Мобильное устройство,15.04,0,0,0.0
MKT008806,2025-07-05,Email,Сезонная акция,Повторный,Компьютер,2.63,0,0,0.0
MKT006587,2025-06-17,Email,Ретаргетинг,Повторный,Мобильное устройство,1.6,0,0,0.0
MKT007008,2025-09-11,Социальные сети,Новый продукт,Новый,Мобильное устройство,10.99,0,0,0.0
MKT006224,2025-02-03,Email,Сезонная акция,Повторный,Компьютер,2.1,0,0,0.0
MKT008901,2025-08-29,Социальные сети,Новый продукт,Новый,Планшет,14.24,0,0,0.0
MKT003266,2025-05-24,Социальные сети,Программа лояльности,Лояльный,Мобильное устройство,5.99,0,0,0.0
MKT001272,2025-06-23,Поисковая реклама,Программа лояльности,Повторный,Компьютер,19.02,0,0,0.0
MKT006270,2025-01-02,Поисковая реклама,Сезонная акция,Повторный,Мобильное устройство,23.15,1,1,5895.64
MKT000997,2025-09-18,Медийная реклама,Новый продукт,Лояльный,Мобильное устройство,8.05,0,0,0.0
MKT003289,2025-09-04,Push,Новый продукт,Повторный,Мобильное устройство,1.29,0,0,0.0
MKT001986,2025-07-08,Email,Новый продукт,Повторный,Мобильное устройство,2.58,0,0,0.0
MKT008636,2025-11-07,Медийная реклама,Ретаргетинг,Новый,Мобильное устройство,7.49,0,0,0.0
MKT002872,2025-08-25,Поисковая реклама,Ретаргетинг,Новый,Мобильное устройство,13.92,0,0,0.0
MKT005330,2025-09-17,Социальные сети,Ретаргетинг,Новый,Компьютер,10.4,0,0,0.0
MKT007924,2025-06-10,Поисковая реклама,Сезонная акция,Повторный,Компьютер,19.54,0,0,0.0
MKT008622,2025-07-31,Социальные сети,Ретаргетинг,Повторный,Компьютер,7.32,0,0,0.0
MKT007825,2025-11-13,Медийная реклама,Новый продукт,Повторный,Компьютер,7.94,0,0,0.0
MKT000204,2025-01-24,Социальные сети,Сезонная акция,Новый,Компьютер,11.37,0,0,0.0
MKT008252,2025-09-05,Социальные сети,Новый продукт,Повторный,Компьютер,10.92,0,0,0.0
MKT002425,2025-04-19,Социальные сети,Новый продукт,Повторный,Мобильное устройство,14.38,0,0,0.0
MKT007897,2025-04-02,Медийная реклама,Программа лояльности,Лояльный,Мобильное устройство,6.23,0,0,0.0
MKT003255,2025-03-17,Push,Программа лояльности,Повторный,Мобильное устройство,1.14,0,0,0.0
MKT009410,2025-10-23,Социальные сети,Сезонная акция,Новый,Компьютер,6.09,0,0,-100.0
MKT004812,2025-08-31,Поисковая реклама,Имиджевая кампания,Повторный,Мобильное устройство,17.21,1,0,0.0
MKT004045,2025-11-20,Email,Имиджевая кампания,Лояльный,Мобильное устройство,2.55,0,0,0.0
MKT007354,2025-11-09,Медийная реклама,Сезонная акция,Новый,Компьютер,6.87,1,0,0.0
MKT004514,2025-03-02,Медийная реклама,Имиджевая кампания,Новый,Мобильное устройство,5.65,0,0,0.0
MKT003490,2025-01-02,Социальные сети,Сезонная акция,Новый,Мобильное устройство,8.53,0,0,0.0
MKT000220,2025-03-20,Поисковая реклама,Сезонная акция,Новый,Мобильное устройство,17.27,0,0,0.0
MKT000396,2025-06-10,Email,Имиджевая кампания,Повторный,Мобильное устройство,2.2,0,0,0.0
MKT000380,2025-07-10,Поисковая реклама,Новый продукт,Повторный,Компьютер,17.68,1,0,0.0
MKT007672,2025-10-06,Поисковая реклама,Ретаргетинг,Новый,Мобильное устройство,22.65,0,0,0.0
MKT006698,2025-11-22,Медийная реклама,Программа лояльности,Новый,Мобильное устройство,4.83,0,0,0.0
MKT000421,2025-09-11,Медийная реклама,Сезонная акция,Повторный,Мобильное устройство,8.61,1,0,0.0
MKT005091,2025-01-22,Push,Сезонная акция,Лояльный,Мобильное устройство,1.63,0,0,0.0
MKT003474,2025-04-10, email ,Программа лояльности,Лояльный,Мобильное устройство,2.54,0,0,0.0
MKT003275,2025-02-25,Push,Сезонная акция,Лояльный,Планшет,1.78,0,0,0.0
MKT004455,2025-12-11,Медийная реклама,Сезонная акция,Повторный,Мобильное устройство,8.51,0,0,0.0
MKT005187,2025-04-20,Медийная реклама,Сезонная акция,Новый,Мобильное устройство,6.66,0,0,0.0
MKT000093,2025-10-04,Медийная реклама,Сезонная акция,Новый,Компьютер,6.67,0,0,0.0
MKT005871,2025-08-12,Push,Имиджевая кампания,Лояльный,Компьютер,1.58,0,0,0.0
MKT003754,2025-07-10,Поисковая реклама,Сезонная акция,Повторный,Планшет,22.26,0,0,0.0
MKT006154,2025-12-19,Email,Программа лояльности,Повторный,Мобильное устройство,1.9,0,0,0.0
MKT006778,2025-12-11,Социальные сети,Ретаргетинг,Новый,Планшет,11.1,0,0,0.0
MKT007500,2025-06-30,Email,Новый продукт,Лояльный,Мобильное устройство,2.08,0,0,0.0
MKT006363,2025-03-25,Социальные сети,Ретаргетинг,Лояльный,Мобильное устройство,7.28,0,0,0.0
MKT001947,2025-12-31,Социальные сети,Сезонная акция,Новый,Мобильное устройство,12.2,0,0,0.0
MKT007460,2025-12-05,Медийная реклама,Имиджевая кампания,Повторный,Мобильное устройство,10.66,0,0,0.0
MKT009396,2025-01-10,Медийная реклама,Имиджевая кампания,Новый,Компьютер,6.83,0,0,0.0
MKT004273,2025-06-13,Социальные сети,Новый продукт,Лояльный,Мобильное устройство,7.48,0,0,0.0
MKT005005,2025-12-20,Push,Имиджевая кампания,Повторный,Компьютер,1.33,0,0,0.0
MKT006348,2025-01-15,Социальные сети,Ретаргетинг,Повторный,Компьютер,7.0,0,0,0.0
MKT007820,2025-04-18,Email,Имиджевая кампания,Повторный,Мобильное устройство,2.19,0,0,0.0
MKT000890,2025-03-19,Социальные сети,Новый продукт,Новый,Компьютер,6.69,0,0,0.0
MKT002987,2025-11-11,Push,Имиджевая кампания,Новый,Планшет,1.61,0,0,0.0
MKT000954,2025-06-22,Медийная реклама,Программа лояльности,Повторный,Компьютер,6.7,0,0,0.0
MKT009696,2025-04-24,Социальные сети,Ретаргетинг,Повторный,Компьютер,8.9,1,1,3356.03
MKT005123,2025-03-13,Поисковая реклама,Сезонная акция,Новый,Мобильное устройство,17.85,0,0,0.0
MKT009290,2025-05-31,Медийная реклама,Сезонная акция,Новый,Мобильное устройство,5.67,0,0,0.0
MKT002513,2025-07-09,Медийная реклама,Имиджевая кампания,Новый,Компьютер,8.04,0,0,0.0
MKT009694,2025-08-23,Поисковая реклама,Ретаргетинг,Повторный,Компьютер,14.86,0,0,0.0
MKT006226,2025-10-28,Медийная реклама,Ретаргетинг,Повторный,Мобильное устройство,7.21,0,0,0.0
MKT006966,2025-01-26,Email,Ретаргетинг,Повторный,Мобильное устройство,1.45,0,0,0.0
MKT000814,2025-09-19,Email,Программа лояльности,Новый,Компьютер,2.6,0,0,0.0
MKT004020,2025-07-23,Поисковая реклама,Новый продукт,Повторный,Мобильное устройство,22.49,0,0,0.0
MKT000002,2025-09-27,Email,Имиджевая кампания,Повторный,Мобильное устройство,2.64,0,0,0.0
MKT005184,2025-03-19,Поисковая реклама,Программа лояльности,Новый,Мобильное устройство,20.51,0,0,0.0
MKT000305,2025-07-22,Push,Имиджевая кампания,Лояльный,Компьютер,1.53,0,0,0.0
MKT004418,2025-10-16,Поисковая реклама,Имиджевая кампания,Новый,Компьютер,25.7,0,0,0.0
MKT007640,2025-12-03,Социальные сети,Новый продукт,Повторный,Компьютер,6.6,0,0,0.0
MKT006234,2025-09-30,Социальные сети,Новый продукт,Повторный,Мобильное устройство,9.01,0,0,0.0
MKT007570,2025-11-03,Социальные сети,Новый продукт,Повторный,Мобильное устройство,9.92,0,0,0.0
MKT004429,2025-06-05,Push,Ретаргетинг,Новый,Компьютер,3.52,0,0,0.0
MKT001184,2025-06-28,Email,Программа лояльности,Новый,Мобильное устройство,1.72,0,0,0.0
MKT008449,2025-08-27,Push,Сезонная акция,Новый,Мобильное устройство,1.12,0,0,0.0
MKT009867,2025-03-22,Поисковая реклама,Сезонная акция,Новый,Компьютер,17.95,1,0,0.0
MKT008908,2025-12-19,Поисковая реклама,Ретаргетинг,Повторный,Мобильное устройство,14.54,1,0,0.0
MKT005108,2025-08-28,Социальные сети,Сезонная акция,Новый,Компьютер,7.33,0,0,0.0
MKT000136,2025-08-16,Социальные сети,Программа лояльности,Новый,Мобильное устройство,8.25,0,0,0.0
MKT008115,2025-09-25,Email,Новый продукт,Новый,Мобильное устройство,1.74,0,0,0.0
MKT009121,2025-02-08,Поисковая реклама,Ретаргетинг,Повторный,Мобильное устройство,14.5,0,0,0.0
MKT007295,2025-05-17,Медийная реклама,Имиджевая кампания,Повторный,Компьютер,6.08,0,0,0.0
MKT006276,2025-01-09,Медийная реклама,Сезонная акция,Новый,Мобильное устройство,7.0,0,0,0.0
MKT009573,2025-10-17,Поисковая реклама,Новый продукт,Повторный,Компьютер,27.8,0,0,0.0
MKT009751,2025-07-31,Поисковая реклама,сезонная акция ,Новый,Планшет,26.69,0,0,0.0
MKT008992,2025-04-22,Push,Сезонная акция,Повторный,Планшет,2.45,0,0,0.0
MKT008298,2025-09-17,Социальные сети,Сезонная акция,Новый,Мобильное устройство,9.94,0,0,0.0
MKT000679,2025-05-21,Push,Новый продукт,Новый,Мобильное устройство,2.06,0,0,0.0
MKT008269,2025-07-22,Поисковая реклама,Имиджевая кампания,Повторный,Мобильное устройство,21.11,0,0,0.0
MKT007245,2025-07-12,Поисковая реклама,Ретаргетинг,Новый,Компьютер,13.02,0,0,0.0
MKT002402,2025-08-28,Социальные сети,Ретаргетинг,Новый,Мобильное устройство,9.39,0,0,0.0
MKT000916,2025-07-04,Email,Программа лояльности,Повторный,Мобильное устройство,1.38,0,0,0.0
MKT000460,2025-05-18,Медийная реклама,Ретаргетинг,Новый,Мобильное устройство,5.67,0,0,0.0
MKT003910,2025-01-20,Поисковая реклама,Сезонная акция,Лояльный,Мобильное устройство,18.56,0,0,0.0
MKT001816,2025-06-13,Социальные сети,Программа лояльности,Повторный,Мобильное устройство,6.87,0,0,0.0
MKT008696,2025-02-05,Email,Программа лояльности,Новый,Компьютер,1.84,0,0,0.0
MKT007185,2025-12-16,Email,Сезонная акция,Новый,Мобильное устройство,2.23,0,0,0.0
MKT004276,2025-02-16,Социальные сети,Программа лояльности,Повторный,Мобильное устройство,8.8,0,0,0.0
MKT009530,2025-02-26,Медийная реклама,Программа лояльности,Новый,Мобильное устройство,5.8,0,0,0.0
MKT004445,2025-02-01,Поисковая реклама,Ретаргетинг,Лояльный,Мобильное устройство,19.57,0,0,0.0
MKT002702,2025-11-16,Push,Сезонная акция,Повторный,Мобильное устройство,2.06,0,0,0.0
MKT007818,2025-12-24,Социальные сети,Ретаргетинг,Новый,Мобильное устройство,7.3,0,0,0.0
MKT001376,2025-08-20,Социальные сети,Имиджевая кампания,Лояльный,Мобильное устройство,13.39,0,0,0.0
MKT004025,2025-12-24,Медийная реклама,Имиджевая кампания,Новый,Компьютер,7.17,1,1,5485.02
MKT005869,2025-02-17,Поисковая реклама,Новый продукт,Новый,Компьютер,35.71,0,0,0.0
MKT009051,2025-12-01,Социальные сети,Имиджевая кампания,Повторный,Мобильное устройство,12.55,0,0,0.0
MKT000203,2025-11-27,Социальные сети,Программа лояльности,новый ,Компьютер,7.16,0,0,0.0
MKT000365,2025-02-22,Push,Новый продукт,Повторный,Компьютер,2.25,0,0,0.0
MKT004186,2025-03-04,Поисковая реклама,Программа лояльности,Новый,Мобильное устройство,21.0,0,0,0.0
MKT006814,2025-01-25,Поисковая реклама,Имиджевая кампания,Повторный,Мобильное устройство,18.5,1,0,0.0
MKT000734,2025-11-17,Социальные сети,Ретаргетинг,Новый,Компьютер,7.48,0,0,0.0
MKT008375,2025-01-14,Email,Сезонная акция,Повторный,Мобильное устройство,1.97,0,0,0.0
MKT005889,2025-11-29,Поисковая реклама,Сезонная акция,Повторный,Мобильное устройство,19.01,0,0,6776.0
MKT000375,2025-12-01,Социальные сети,Ретаргетинг,Лояльный,Мобильное устройство,10.65,0,0,0.0
MKT008660,2025-09-08,Социальные сети,Новый продукт,Новый,Мобильное устройство,17.1,0,0,0.0
MKT000897,2025-01-14,Медийная реклама,Новый продукт,Повторный,Мобильное устройство,6.43,1,0,0.0
MKT007909,2025-08-27,Email,Новый продукт,Повторный,Мобильное устройство,2.32,0,0,0.0
MKT004098,2025-02-24,Email,Ретаргетинг,Новый,Компьютер,1.82,0,0,0.0
MKT005355,2025-09-23,Медийная реклама,Программа лояльности,Новый,Мобильное устройство,2.92,0,0,0.0
MKT008281,2025-01-23,Социальные сети,Новый продукт,Новый,Мобильное устройство,8.11,0,0,0.0
MKT000731,2025-10-16,Социальные сети,Ретаргетинг,Повторный,Компьютер,7.45,0,0,0.0
MKT008700,2025-06-21,Социальные сети,Программа лояльности,Новый,Компьютер,9.54,0,0,0.0
MKT008771,2025-10-25,Медийная реклама,Имиджевая кампания,Новый,Мобильное устройство,6.87,0,0,0.0
MKT008633,2025-06-12,Push,Программа лояльности,Лояльный,Мобильное устройство,1.67,0,0,0.0
MKT006692,2025-12-15,Медийная реклама,Имиджевая кампания,Лояльный,Мобильное устройство,6.22,0,0,0.0
MKT007545,2025-10-13,Поисковая реклама,Имиджевая кампания,Лояльный,Мобильное устройство,16.88,0,0,0.0
MKT006860,2025-04-01,Медийная реклама,Новый продукт,Новый,Компьютер,8.42,0,0,0.0
MKT008263,2025-02-01,Поисковая реклама,Сезонная акция,Новый,Компьютер,18.79,0,0,0.0
MKT008373,2025-01-15,Email,Имиджевая кампания,Новый,Мобильное устройство,1.58,0,0,0.0
MKT001930,2025-12-26,Социальные сети,Ретаргетинг,Новый,Мобильное устройство,7.86,1,0,0.0
MKT006424,2025-08-27,Push,Новый продукт,Повторный,Мобильное устройство,1.84,0,0,0.0
MKT007649,2025-03-29,Email,Ретаргетинг,Новый,Мобильное устройство,1.99,0,0,0.0
MKT003902,2025-03-31,Push,Имиджевая кампания,Новый,Мобильное устройство,1.55,0,0,0.0
MKT007543,2025-12-03,Социальные сети,Программа лояльности,Новый,Мобильное устройство,6.49,0,0,0.0
MKT005456,2025-02-13,Социальные сети,Сезонная акция,Новый,Мобильное устройство,8.48,0,0,0.0
MKT009371,2025-05-23,Email,Сезонная акция,Новый,Компьютер,2.36,0,0,0.0
MKT006036,2025-09-07,Социальные сети,Ретаргетинг,Лояльный,Мобильное устройство,10.44,0,0,0.0
MKT003853,2025-01-11,Поисковая реклама,Ретаргетинг,Лояльный,Мобильное устройство,18.93,0,0,0.0
MKT003151,2025-02-26,Push,Ретаргетинг,Повторный,Мобильное устройство,2.21,0,0,0.0
MKT003801,2025-06-08,Социальные сети,Новый продукт,Повторный,Мобильное устройство,11.33,0,0,0.0
MKT001050,2025-04-07,Email,Сезонная акция,Повторный,Мобильное устройство,2.44,1,0,0.0
MKT008333,2025-09-01,Социальные сети,Имиджевая кампания,Лояльный,Мобильное устройство,8.31,0,0,0.0
MKT005834,2025-01-08,Email,Новый продукт,Новый,Мобильное устройство,2.71,0,0,0.0
MKT006513,23.09.2025,Поисковая реклама,Программа лояльности,Новый,Мобильное устройство,16.47,1,1,5501.89
MKT002640,2025-09-07,Поисковая реклама,Ретаргетинг,Лояльный,Компьютер,27.05,1,0,0.0
MKT009708,2025-03-13,Email,Сезонная акция,Новый,Компьютер,2.72,0,0,0.0
MKT000306,2025-03-19,Медийная реклама,Новый продукт,Новый,Мобильное устройство,6.53,0,0,0.0
MKT007337,2025-10-16,Социальные сети,Ретаргетинг,Повторный,Мобильное устройство,9.9,1,0,0.0
MKT007494,2025-05-23,Медийная реклама,Ретаргетинг,Новый,Мобильное устройство,4.56,0,0,0.0
MKT002547,2025-08-18,Email,Новый продукт,Повторный,Мобильное устройство,3.21,0,0,0.0
MKT000293,2025-09-29,Поисковая реклама,Ретаргетинг,Повторный,Мобильное устройство,29.55,0,0,0.0
MKT006129,2025-12-05,Push,Имиджевая кампания,Новый,Мобильное устройство,1.38,0,0,0.0
MKT001200,2025-05-10,Поисковая реклама,Имиджевая кампания,Повторный,Компьютер,26.43,0,0,0.0
MKT000637,2025-03-09,Email,Ретаргетинг,Лояльный,Мобильное устройство,2.76,1,1,4732.09
MKT006824,2025-10-21,Поисковая реклама,Имиджевая кампания,Новый,Мобильное устройство,16.29,0,0,0.0
MKT004628,2025-09-10,Социальные сети,Сезонная акция,Повторный,Мобильное устройство,12.31,0,0,0.0
MKT005758,2025-06-24,Медийная реклама,Сезонная акция,Лояльный,Мобильное устройство,10.15,0,0,0.0
MKT008930,2025-07-16,Push,Программа лояльности,Повторный,Мобильное устройство,1.09,0,0,0.0
MKT008167,2025-12-14,Медийная реклама,Ретаргетинг,Повторный,Мобильное устройство,7.01,0,0,0.0
MKT004088,2025-09-07,Push,Ретаргетинг,Повторный,Мобильное устройство,1.2,1,0,0.0
MKT001687,2025-03-12,Медийная реклама,Новый продукт,Повторный,Компьютер,4.75,0,0,0.0
MKT001919,2025-07-07,Email,Ретаргетинг,Новый,Компьютер,1.73,0,0,0.0
MKT006267,2025-04-19,Социальные сети,Программа лояльности,Повторный,Мобильное устройство,7.89,0,0,0.0
MKT006701,2025-08-31,Push,Программа лояльности,Новый,Мобильное устройство,1.43,0,0,0.0
MKT001769,2025-12-25,Социальные сети,Программа лояльности,Новый,Планшет,6.49,0,0,0.0
MKT004750,2025-10-30,Поисковая реклама,Сезонная акция,Повторный,Мобильное устройство,24.87,0,0,0.0
MKT008286,2025-07-20,Email,Ретаргетинг,Повторный,Компьютер,1.82,0,0,0.0
MKT005161,2025-03-07,Социальные сети,Программа лояльности,Новый,Мобильное устройство,11.67,0,0,0.0
MKT007710,2025-07-26,Социальные сети,Ретаргетинг,Лояльный,Компьютер,10.78,0,0,0.0
MKT000885,2025-07-25,Медийная реклама,Новый продукт,Повторный,Мобильное устройство,5.84,0,0,0.0
MKT004285,2025-05-07,Email,Новый продукт,Новый,Мобильное устройство,2.71,0,0,0.0
MKT000376,30.07.2025,Email,Имиджевая кампания,Новый,Мобильное устройство,3.04,0,0,0.0
MKT001820,2025-11-16,Медийная реклама,Программа лояльности,Повторный,Мобильное устройство,5.43,0,0,0.0
MKT000448,2025-09-26,Email,Новый продукт,Новый,Мобильное устройство,2.5,0,0,0.0
MKT009235,2025-07-31,Push,Имиджевая кампания,Лояльный,Компьютер,1.33,0,0,0.0
MKT007739,2025-01-10,Медийная реклама,Программа лояльности,Лояльный,Мобильное устройство,5.73,0,0,0.0
MKT004491,2025-11-08,ПОИСКОВАЯ РЕКЛАМА,Сезонная акция,Повторный,Мобильное устройство,18.25,0,0,0.0
MKT009308,2025-09-05,Поисковая реклама,Сезонная акция,Повторный,Мобильное устройство,17.9,0,0,0.0
MKT003929,2025-07-10,Поисковая реклама,Сезонная акция,Повторный,Мобильное устройство,22.57,0,0,0.0
MKT009859,2025-11-15,Email,Новый продукт,Лояльный,Мобильное устройство,2.25,0,0,0.0
MKT004355,2025-03-10,Поисковая реклама,Ретаргетинг,Новый,Мобильное устройство,10.15,0,0,0.0
MKT004054,2025-08-25,Email,Ретаргетинг,Лояльный,Мобильное устройство,2.16,1,0,0.0
MKT000840,2025-07-12,Push,Сезонная акция,Новый,Мобильное устройство,1.28,0,0,0.0
MKT001586,2025-10-27,Поисковая реклама,Имиджевая кампания,Повторный,Мобильное устройство,21.27,1,0,0.0
MKT007406,2025-06-21,Социальные сети,Новый продукт,Новый,Компьютер,9.14,0,0,0.0
MKT003217,2025-10-10,Поисковая реклама,Сезонная акция,Повторный,Компьютер,24.18,0,0,0.0
MKT002461,2025-05-31,Поисковая реклама,Имиджевая кампания,Повторный,Мобильное устройство,22.58,0,0,0.0
MKT006426,2025-06-16,Медийная реклама,Сезонная акция,Новый,Мобильное устройство,7.37,0,0,0.0
MKT003546,2025-11-03,Социальные сети,Ретаргетинг,Лояльный,Мобильное устройство,8.92,0,0,0.0
MKT002208,2025-07-16,Социальные сети,Сезонная акция,Повторный,Компьютер,8.13,0,0,0.0
MKT001164,2025-09-14,Медийная реклама,Имиджевая кампания,Лояльный,Компьютер,4.23,1,0,0.0
MKT002354,2025-06-27,Медийная реклама,Ретаргетинг,Новый,Мобильное устройство,5.21,0,0,0.0
MKT009394,2025-05-13,Поисковая реклама,Имиджевая кампания,Повторный,Мобильное устройство,19.86,0,0,0.0
MKT007483,2025-11-17,Медийная реклама,Имиджевая кампания,Новый,Мобильное устройство,6.64,0,0,0.0
MKT002451,2025-12-07,Email,Сезонная акция,Повторный,Компьютер,2.36,0,0,0.0
MKT001799,2025-07-16,Социальные сети,Сезонная акция,Новый,Мобильное устройство,11.15,0,0,0.0
MKT009905,2025-08-23,Медийная реклама,Ретаргетинг,Новый,Мобильное устройство,3.69,0,0,0.0
MKT009818,2025-06-28,Медийная реклама,Имиджевая кампания,Новый,Компьютер,8.21,0,0,0.0
MKT000955,2025-01-07,Поисковая реклама,Сезонная акция,Повторный,Мобильное устройство,23.84,0,0,0.0
MKT003604,2025-09-03,Email,Новый продукт,Повторный,Компьютер,2.45,0,0,0.0
MKT002989,2025-05-17,Push,Имиджевая кампания,Повторный,Компьютер,1.3,0,0,0.0
MKT007596,2025-11-18,Поисковая реклама,Новый продукт,Новый,Планшет,13.61,0,0,0.0
MKT009865,2025-02-14,Push,Сезонная акция,Новый,мобильное ,1.64,0,0,0.0
MKT000001,2025-06-28,Поисковая реклама,Новый продукт,Лояльный,Компьютер,16.53,0,0,0.0
MKT009338,2025-02-26,Поисковая реклама,Ретаргетинг,Повторный,Мобильное устройство,20.15,1,1,4056.49
MKT008467,2025-03-15,Email,Программа лояльности,Новый,Мобильное устройство,2.05,0,0,0.0
MKT005385,2025-05-30,Социальные сети,Программа лояльности,Лояльный,Компьютер,7.21,1,0,0.0
MKT005479,2025-11-27,Медийная реклама,Новый продукт,Новый,Компьютер,7.27,0,0,0.0
MKT007141,2025-11-04,Медийная реклама,Ретаргетинг,Лояльный,Мобильное устройство,6.26,0,0,0.0
MKT001953,2025-06-24,Социальные сети,Сезонная акция,Повторный,Компьютер,10.02,0,0,0.0
MKT006220,2025-06-29,Социальные сети,Сезонная акция,Повторный,Мобильное устройство,9.34,0,0,0.0
MKT000495,2025-07-29,Поисковая реклама,Сезонная акция,Лояльный,Мобильное устройство,18.84,1,0,0.0
MKT001660,2025-03-05,Email,Ретаргетинг,Повторный,Компьютер,2.17,0,0,0.0
MKT001657,2025-05-24,Медийная реклама,Новый продукт,Лояльный,Мобильное устройство,3.94,0,0,0.0
MKT002492,2025-09-05,Email,Ретаргетинг,Повторный,Мобильное устройство,3.1,1,0,0.0
MKT007675,2025-02-21,Email,Ретаргетинг,Лояльный,Мобильное устройство,2.07,1,0,0.0
MKT008056,2025-12-27,Поисковая реклама,Имиджевая кампания,Повторный,Мобильное устройство,21.16,0,0,0.0
MKT000474,2025-05-04,Поисковая реклама,Имиджевая кампания,Лояльный,Мобильное устройство,18.65,0,0,0.0
MKT001263,2025-06-05,Email,Программа лояльности,Повторный,Мобильное устройство,1.72,0,0,0.0
MKT005684,2025-04-07,Поисковая реклама,Сезонная акция,Повторный,Компьютер,25.52,1,0,0.0
MKT003919,2025-03-11,Email,Сезонная акция,Повторный,Мобильное устройство,2.32,0,0,0.0
MKT004870,2025-06-20,Социальные сети,Программа лояльности,Новый,Компьютер,6.79,0,0,0.0
MKT007943,2025-09-11,Email,Сезонная акция,Лояльный,Мобильное устройство,1.62,1,0,0.0
MKT003789,2025-09-15,Медийная реклама,Сезонная акция,Повторный,Компьютер,8.25,0,0,0.0
MKT008084,2025-06-13,Поисковая реклама,Новый продукт,Новый,Компьютер,23.37,0,0,0.0
MKT007732,2025-08-28,Медийная реклама,Новый продукт,Новый,Мобильное устройство,6.34,0,0,0.0
MKT004420,2025-10-02,Поисковая реклама,Новый продукт,Новый,Мобильное устройство,13.88,0,0,0.0
MKT009523,2025-12-12,Медийная реклама,Новый продукт,Повторный,Планшет,9.57,0,0,0.0
MKT008823,2025-11-17,Медийная реклама,Новый продукт,Повторный,Мобильное устройство,9.76,0,0,0.0
MKT000650,2025-11-10,Push,Новый продукт,Новый,Мобильное устройство,1.71,1,0,0.0
MKT002448,2025-06-30,Социальные сети,Сезонная акция,Повторный,Компьютер,10.98,0,0,0.0
MKT003633,2025-08-23,Push,Новый продукт,Лояльный,Компьютер,1.93,0,0,0.0
MKT004412,2025-12-27,Email,Имиджевая кампания,Новый,Мобильное устройство,1.84,0,0,0.0
MKT009486,2025-01-31,Push,Программа лояльности,Новый,Мобильное устройство,1.58,0,0,0.0
MKT005034,2025-08-19,Социальные сети,Ретаргетинг,Повторный,Мобильное устройство,10.59,1,0,0.0
MKT006984,15.01.2025,Поисковая реклама,Ретаргетинг,Повторный,Мобильное устройство,19.0,1,0,0.0
MKT002838,2025-09-18,Поисковая реклама,Ретаргетинг,новый ,Компьютер,14.98,0,0,0.0
MKT005003,2025-05-15,Поисковая реклама,Сезонная акция,Новый,Мобильное устройство,18.67,0,0,0.0
MKT000600,2025-09-15,Push,Имиджевая кампания,Повторный,Компьютер,2.03,0,0,0.0
MKT003888,2025-11-11,Поисковая реклама,Сезонная акция,Лояльный,Компьютер,18.77,0,0,0.0
MKT000551,2025-07-22,Email,Новый продукт,Повторный,Компьютер,2.36,0,0,0.0
MKT000444,2025-01-12,Email,Сезонная акция,Новый,Мобильное устройство,2.76,0,0,0.0
MKT006482,2025-03-18,Социальные сети,Имиджевая кампания,Повторный,Мобильное устройство,11.29,0,0,0.0
MKT000690,2025-10-29,Медийная реклама,Сезонная акция,Повторный,Мобильное устройство,6.33,1,0,0.0
MKT001008,2025-05-09,Социальные сети,Имиджевая кампания,Новый,Мобильное устройство,10.17,0,1,0.0
MKT001394,2025-01-05,Email,Сезонная акция,Лояльный,Компьютер,2.87,0,0,0.0
MKT007925,2025-12-27,Email,Новый продукт,Новый,Мобильное устройство,1.6,0,0,0.0
MKT001655,2025-12-21,Социальные сети,Новый продукт,Повторный,Мобильное устройство,7.58,0,0,0.0
MKT008742,2025-04-08,Поисковая реклама,Программа лояльности,Новый,Компьютер,17.64,0,0,0.0
MKT007946,2025-09-12,Email,Имиджевая кампания,Новый,Мобильное устройство,2.32,0,0,0.0
MKT006370,2025-07-08,Email,Ретаргетинг,Лояльный,Мобильное устройство,2.1,0,0,0.0
MKT005966,2025-02-12,Социальные сети,Имиджевая кампания,Повторный,Компьютер,10.52,0,0,0.0
MKT008216,2025-04-07,Email,Сезонная акция,Новый,Компьютер,1.76,1,0,0.0
MKT009234,2025-11-09,Push,Сезонная акция,Новый,Мобильное устройство,1.5,0,0,0.0
MKT009855,2025-05-01,Поисковая реклама,Ретаргетинг,Повторный,Компьютер,14.39,0,0,0.0
MKT008645,2025-01-07,Поисковая реклама,Программа лояльности,Новый,Мобильное устройство,8.03,0,0,0.0
MKT008748,2025-12-15,Медийная реклама,Имиджевая кампания,Повторный,Компьютер,5.7,0,0,0.0
MKT001427,2025-11-03,Медийная реклама,Программа лояльности,Новый,Компьютер,5.68,0,0,0.0
MKT002764,2025-03-25,Push,Новый продукт,Лояльный,Мобильное устройство,1.95,0,0,1925.0
MKT007435,2025-09-02,Медийная реклама,Программа лояльности,Новый,Компьютер,5.01,0,0,0.0
MKT007138,2025-12-27,Социальные сети,Имиджевая кампания,Повторный,Компьютер,12.55,0,0,0.0
MKT003566,2025-04-30,Социальные сети,Программа лояльности,Повторный,Мобильное устройство,7.24,1,0,0.0
MKT005524,2025-07-25,Медийная реклама,Ретаргетинг,Новый,Мобильное устройство,2.81,1,1,2955.01
MKT009324,2025-10-06,Email,Программа лояльности,Новый,Компьютер,1.39,1,0,0.0
MKT009687,2025-04-29,Email,Ретаргетинг,Лояльный,Мобильное устройство,2.17,0,0,0.0
MKT009916,2025-12-31,Социальные сети,Программа лояльности,Новый,Мобильное устройство,5.63,0,0,0.0
MKT008326,2025-03-04,Поисковая реклама,Новый продукт,Повторный,Планшет,23.49,0,0,0.0
MKT002227,2025-10-08,Медийная реклама,Новый продукт,Повторный,Мобильное устройство,8.02,0,0,0.0
MKT008807,2025-10-23,Медийная реклама,Имиджевая кампания,Лояльный,Мобильное устройство,8.37,1,1,7533.56
MKT000321,2025-11-04,Email,Программа лояльности,Повторный,Мобильное устройство,1.95,1,0,0.0
MKT009272,2025-11-26,Медийная реклама,Сезонная акция,Повторный,Мобильное устройство,7.78,0,0,0.0
MKT008563,2025-03-25,Push,Сезонная акция,Повторный,Мобильное устройство,1.68,1,0,0.0
MKT003069,2025-06-12,Email,Ретаргетинг,Повторный,Компьютер,2.79,0,0,0.0
MKT009924,2025-04-12,Поисковая реклама,Программа лояльности,Повторный,Компьютер,20.47,0,0,0.0
MKT003268,2025-03-28,Социальные сети,Имиджевая кампания,Повторный,Мобильное устройство,12.49,0,0,0.0
MKT006375,2025-12-17,Email,Сезонная акция,Лояльный,Компьютер,2.99,0,0,0.0
MKT001011,2025-05-15,Социальные сети,Имиджевая кампания,Повторный,Мобильное устройство,9.01,0,0,0.0
MKT006268,2025-02-10,Социальные сети,Программа лояльности,Повторный,Мобильное устройство,7.16,0,0,0.0
MKT009879,2025-08-04,Поисковая реклама,Сезонная акция,Повторный,Мобильное устройство,19.51,0,0,0.0
MKT000782,2025-02-12,Email,Имиджевая кампания,Новый,Мобильное устройство,2.63,0,0,0.0
MKT000435,2025-10-16,Email,Программа лояльности,Лояльный,Мобильное устройство,1.91,0,0,0.0
MKT004956,2025-07-08,Поисковая реклама,Новый продукт,Повторный,Мобильное устройство,29.4,0,0,0.0
MKT000377,2025-09-10,Email,Программа лояльности,Повторный,Мобильное устройство,2.25,1,0,0.0
MKT001622,2025-03-29,Email,Ретаргетинг,Повторный,Компьютер,2.84,1,0,0.0
MKT008278,2025-07-13,Поисковая реклама,Ретаргетинг,Повторный,Мобильное устройство,25.48,0,0,0.0
MKT003511,2025-02-25,Email,Имиджевая кампания,Новый,Компьютер,2.55,0,0,0.0
MKT003521,2025-01-12,Социальные сети,Имиджевая кампания,Новый,Планшет,9.55,0,0,0.0
MKT007757,2025-12-24,Email,Новый продукт,Новый,Компьютер,3.37,0,0,0.0
MKT001501,2025-05-16,Социальные сети,Программа лояльности,Лояльный,Мобильное устройство,7.06,0,0,0.0
MKT005326,2025-05-08,Поисковая реклама,Сезонная акция,Повторный,Мобильное устройство,21.24,1,0,0.0
MKT009049,2025-04-15,Push,Имиджевая кампания,Повторный,Мобильное устройство,1.26,0,0,0.0
MKT004110,2025-01-31,Медийная реклама,Ретаргетинг,Повторный,Мобильное устройство,5.02,0,0,0.0
MKT007486,2025-10-10,Медийная реклама,Сезонная акция,Лояльный,Компьютер,7.35,0,0,0.0
MKT004010,2025-06-29,Поисковая реклама,Сезонная акция,Повторный,Мобильное устройство,22.42,0,0,0.0
MKT008463,2025-04-22,Email,Сезонная акция,Новый,Мобильное устройство,2.53,0,0,0.0
MKT006848,2025-06-04,Поисковая реклама,Имиджевая кампания,Новый,Компьютер,19.28,0,0,0.0
MKT007758,2025-12-14,Поисковая реклама,Новый продукт,Лояльный,Мобильное устройство,39.1,0,0,0.0
MKT004145,2025-05-20,Поисковая реклама,Новый продукт,Повторный,Мобильное устройство,24.85,0,0,0.0
MKT007647,2025-07-18,Email,Сезонная акция,Лояльный,Компьютер,1.66,0,0,0.0
MKT006498,2025-12-21,Email,Программа лояльности,Повторный,Мобильное устройство,1.05,0,0,0.0
MKT000692,2025-04-27,Социальные сети,Программа лояльности,Новый,Компьютер,12.78,0,0,0.0
MKT005952,2025-06-29,Email,Новый продукт,Новый,Мобильное устройство,2.66,0,0,0.0
MKT003607,2025-05-15,Социальные сети,Программа лояльности,Новый,Компьютер,6.36,0,0,0.0
MKT008868,06.11.2025,Push,Ретаргетинг,Повторный,Мобильное устройство,1.74,0,0,0.0
MKT004044,2025-12-29,Социальные сети,Новый продукт,Новый,Планшет,11.87,0,0,0.0
MKT002560,2025-09-07,Социальные сети,Сезонная акция,Новый,Мобильное устройство,8.79,1,0,0.0
MKT009707,2025-01-19,Социальные сети,Новый продукт,Лояльный,Компьютер,5.78,0,0,0.0
MKT009746,2025-11-08,Социальные сети,Новый продукт,Повторный,Мобильное устройство,9.25,0,0,0.0
MKT008327,2025-08-28,Email,Программа лояльности,Новый,Компьютер,1.74,1,0,0.0
MKT002479,2025-06-05,Социальные сети,Сезонная акция,Повторный,Мобильное устройство,6.29,1,0,0.0
MKT003193,2025-03-29,Поисковая реклама,Ретаргетинг,Новый,Компьютер,17.25,1,0,0.0
MKT000925,2025-05-29,Push,Ретаргетинг,Новый,Мобильное устройство,1.49,0,0,0.0
MKT008673,2025-05-27,Социальные сети,Ретаргетинг,Новый,Компьютер,9.31,0,0,0.0
MKT006096,2025-10-12,Социальные сети,Новый продукт,Лояльный,Мобильное устройство,15.32,0,0,0.0
MKT004733,2025-07-03,Push,Новый продукт,Повторный,Компьютер,1.23,0,0,0.0
MKT008875,2025-10-13,Email,Ретаргетинг,Новый,Мобильное устройство,2.3,0,0,0.0
MKT009064,2025-07-23,Email,Сезонная акция,Повторный,Мобильное устройство,2.0,0,0,0.0
MKT009477,2025-11-07,Email,Программа лояльности,Лояльный,Мобильное устройство,2.79,0,0,0.0
MKT004629,2025-03-22,Медийная реклама,Сезонная акция,Лояльный,Мобильное устройство,7.6,0,0,0.0
MKT009061,2025-01-17,Поисковая реклама,Ретаргетинг,Новый,Компьютер,20.58,0,0,0.0
MKT006177,2025-04-19,Email,Имиджевая кампания,Лояльный,Мобильное устройство,2.43,0,0,0.0
MKT003481,2025-11-05,Поисковая реклама,Новый продукт,Повторный,Мобильное устройство,16.38,0,0,0.0
MKT007257,2025-04-20,Социальные сети,Сезонная акция,Новый,Мобильное устройство,13.23,0,0,0.0
MKT001213,2025-10-18,Push,Программа лояльности,Лояльный,Мобильное устройство,1.52,1,1,5925.16
MKT002769,2025-02-25,Социальные сети,Новый продукт,Повторный,Мобильное устройство,11.7,0,0,0.0
MKT004808,2025-11-24,Социальные сети,Программа лояльности,Новый,Компьютер,8.15,0,0,0.0
MKT008070,2025-09-11,Поисковая реклама,Имиджевая кампания,Новый,Мобильное устройство,35.88,0,0,0.0
MKT005628,2025-09-28,Медийная реклама,Новый продукт,Повторный,Компьютер,6.57,0,0,0.0
MKT001618,2025-03-01,Email,Имиджевая кампания,Новый,Мобильное устройство,3.41,0,0,0.0
MKT004049,2025-02-24,Социальные сети,Имиджевая кампания,Повторный,Мобильное устройство,8.03,1,0,0.0
MKT001972,2025-12-15,Push,Программа лояльности,Новый,Компьютер,1.28,1,0,0.0
MKT000793,2025-02-20,Email,Ретаргетинг,Новый,Компьютер,1.72,0,0,0.0
MKT003953,2025-10-16,Социальные сети,Имиджевая кампания,Новый,Компьютер,11.44,0,0,0.0
MKT005886,2025-05-29,Медийная реклама,Имиджевая кампания,Лояльный,Мобильное устройство,6.16,0,0,0.0
MKT004200,2025-05-27,Медийная реклама,Имиджевая кампания,Повторный,Мобильное устройство,6.4,1,0,0.0
MKT009261,2025-10-01,Социальные сети,ретаргетинг ,Повторный,Мобильное устройство,7.05,0,0,0.0
MKT006334,2025-09-14,Поисковая реклама,Имиджевая кампания,Повторный,Мобильное устройство,17.3,0,0,0.0
MKT002781,2025-04-21,Email,Сезонная акция,Повторный,Планшет,2.89,0,0,0.0
MKT004955,2025-04-15,Социальные сети,Ретаргетинг,Повторный,Мобильное устройство,6.48,0,0,0.0
MKT001425,2025-09-26,Медийная реклама,Программа лояльности,Лояльный,Мобильное устройство,3.99,0,0,0.0
MKT007410,2025-07-31,Push,Сезонная акция,Повторный,Мобильное устройство,1.75,0,0,0.0
MKT003818,2025-07-30,Email,Новый продукт,Новый,Мобильное устройство,2.1,0,0,0.0
MKT003520,2025-06-09,Email,Программа лояльности,Новый,Компьютер,1.18,0,0,0.0
MKT007842,2025-06-26,Push,Сезонная акция,Новый,Планшет,2.14,0,0,0.0
MKT009847,2025-11-14,Email,Программа лояльности,Повторный,Мобильное устройство,1.7,0,0,0.0
MKT004978,2025-01-13,Email,Новый продукт,Новый,Компьютер,1.89,0,0,0.0
MKT004255,2025-12-04,Социальные сети,Программа лояльности,Повторный,Мобильное устройство,11.3,0,0,0.0
MKT008611,2025-08-02,Email,Сезонная акция,Новый,Мобильное устройство,2.38,0,0,0.0
MKT004271,2025-05-07,Медийная реклама,Сезонная акция,Лояльный,Мобильное устройство,6.61,0,0,0.0
MKT002035,2025-07-23,Push,Новый продукт,Лояльный,Мобильное устройство,1.65,0,0,0.0
MKT002486,2025-12-05,Социальные сети,Имиджевая кампания,Повторный,Мобильное устройство,6.25,0,0,0.0
MKT007874,2025-12-24,Push,Новый продукт,Повторный,Мобильное устройство,1.7,0,0,4203.0
MKT001897,2025-02-19,Медийная реклама,Сезонная акция,Лояльный,Мобильное устройство,5.2,0,0,0.0
MKT008510,2025-01-30,Поисковая реклама,Программа лояльности,Лояльный,Мобильное устройство,14.92,0,0,0.0
MKT007305,2025-01-12,Социальные сети,Имиджевая кампания,Повторный,Мобильное устройство,9.87,0,0,0.0
MKT000162,2025-09-23,Медийная реклама,Сезонная акция,Новый,Мобильное устройство,13.14,0,0,0.0
MKT000876,2025-09-26,Социальные сети,Сезонная акция,Новый,Компьютер,9.66,0,0,0.0
MKT000849,2025-08-04,Медийная реклама,Сезонная акция,Повторный,Компьютер,7.14,0,0,0.0
MKT006608,2025-01-07,Email,Ретаргетинг,Лояльный,Мобильное устройство,2.26,0,0,0.0
MKT009498,2025-06-13,Поисковая реклама,Программа лояльности,Лояльный,Мобильное устройство,28.57,0,0,0.0
MKT009433,2025-12-03,Email,Имиджевая кампания,Новый,Мобильное устройство,2.84,0,0,0.0
MKT007556,2025-10-23,Email,Новый продукт,Повторный,Мобильное устройство,2.62,0,0,0.0
MKT004875,2025-02-20,Поисковая реклама,Сезонная акция,Лояльный,Мобильное устройство,22.9,0,0,0.0
MKT002375,2025-09-18,Email,Имиджевая кампания,Новый,Мобильное устройство,3.27,0,0,0.0
MKT003421,2025-05-21,Социальные сети,Имиджевая кампания,Повторный,Мобильное устройство,9.03,0,0,0.0
MKT008988,2025-05-11,Социальные сети,Имиджевая кампания,Повторный,Мобильное устройство,16.71,0,0,0.0
MKT008858,2025-02-13,Поисковая реклама,Программа лояльности,Повторный,Мобильное устройство,22.02,0,0,0.0
MKT004954,2025-08-29,Социальные сети,Сезонная акция,Лояльный,Компьютер,9.56,1,0,0.0
MKT008178,2025-07-14,Поисковая реклама,Ретаргетинг,Новый,Мобильное устройство,15.31,0,0,0.0
MKT004275,2025-09-10,Медийная реклама,Сезонная акция,Повторный,Планшет,8.1,0,0,0.0
MKT006316,2025-03-18,Медийная реклама,Ретаргетинг,Новый,Мобильное устройство,6.38,0,0,0.0
MKT009794,2025-04-10,Медийная реклама,Программа лояльности,Повторный,Компьютер,6.93,0,0,0.0
MKT002721,2025-11-14,Поисковая реклама,Сезонная акция,Повторный,Мобильное устройство,20.14,1,0,0.0
MKT002682,2025-07-25,Медийная реклама,Имиджевая кампания,Лояльный,Мобильное устройство,10.45,1,0,0.0
MKT009761,2025-08-09,Поисковая реклама, имиджевая кампания ,Повторный,Мобильное устройство,15.22,0,0,0.0
MKT006607,2025-08-27,Поисковая реклама,Программа лояльности,Повторный,Мобильное устройство,27.04,0,0,0.0
MKT006879,2025-04-07,Медийная реклама,Сезонная акция,Повторный,Мобильное устройство,4.01,0,0,0.0
MKT001158,2025-10-12,Email,Сезонная акция,Повторный,Мобильное устройство,1.88,0,0,0.0
MKT002174,2025-04-17,Поисковая реклама,Программа лояльности,Лояльный,Компьютер,16.36,0,0,0.0
MKT007139,2025-09-18,Push,Ретаргетинг,Повторный,Планшет,1.48,0,0,0.0
MKT004360,2025-10-07,Поисковая реклама,Имиджевая кампания,Новый,Компьютер,31.7,0,0,0.0
MKT006842,2025-01-15,Медийная реклама,Новый продукт,Повторный,Мобильное устройство,8.17,0,0,0.0
MKT007547,2025-04-05,Email,Программа лояльности,Лояльный,Планшет,1.6,0,0,0.0
MKT001429,2025-01-21,Email,Ретаргетинг,Новый,Компьютер,1.5,0,0,0.0
MKT003505,2025-02-21,Email,Ретаргетинг,Повторный,Мобильное устройство,1.92,0,0,0.0
MKT007899,2025-02-28,Push,Сезонная акция,Повторный,Мобильное устройство,1.33,0,0,2490.0
MKT001181,2025-05-31,Социальные сети,Имиджевая кампания,Лояльный,Компьютер,10.24,0,0,0.0
MKT001890,2025-12-15,Push,Ретаргетинг,Повторный,Мобильное устройство,1.74,0,0,0.0
MKT005614,2025-05-25,Поисковая реклама,Сезонная акция,Новый,Мобильное устройство,26.68,0,0,0.0
MKT009303,2025-05-13,Поисковая реклама,Сезонная акция,Повторный,Мобильное устройство,25.91,0,0,0.0
MKT004363,2025-06-06,Поисковая реклама,Сезонная акция,Новый,Планшет,30.06,1,1,6681.72
MKT001400,2025-10-14,Email,Ретаргетинг,Повторный,Мобильное устройство,2.49,0,0,0.0
MKT007037,2025-10-05,Поисковая реклама,Программа лояльности,Новый,Компьютер,22.38,0,-1,0.0
MKT008493,2025-11-08,Поисковая реклама,Сезонная акция,Повторный,Мобильное устройство,19.72,0,0,0.0
MKT005905,2025-01-13,Поисковая реклама,Сезонная акция,Повторный,Компьютер,29.47,0,0,0.0
MKT009177,2025-03-26,Медийная реклама,Сезонная акция,Лояльный,Компьютер,6.95,0,0,0.0
MKT007334,2025-11-24,Email,Новый продукт,Повторный,Мобильное устройство,2.22,0,0,0.0
MKT009781,2025-12-23,Медийная реклама,Имиджевая кампания,Лояльный,Компьютер,4.31,0,0,0.0
MKT001629,2025-09-05,Социальные сети,Сезонная акция,Повторный,Компьютер,14.86,0,0,0.0
MKT005643,2025-11-04,Push,Программа лояльности,Повторный,Мобильное устройство,1.04,0,0,0.0
MKT008791,2025-03-14,Поисковая реклама,Программа лояльности,Повторный,Мобильное устройство,24.51,0,0,0.0
MKT006581,2025-03-11,Email,Ретаргетинг,Новый,Компьютер,2.4,0,0,0.0
MKT008697,2025-10-06,Email,Новый продукт,Лояльный,Компьютер,4.47,1,0,0.0
MKT004248,2025-04-02,Поисковая реклама,Ретаргетинг,Новый,Мобильное устройство,12.61,0,0,0.0
MKT009553,2025-09-18,Email,Ретаргетинг,Повторный,Мобильное устройство,1.71,0,0,0.0
MKT006567,2025-12-27,Push,Новый продукт,Повторный,Компьютер,1.33,0,0,0.0
MKT008751,2025-06-12,Медийная реклама,Новый продукт,Новый,Компьютер,5.6,0,0,0.0
MKT004591,2025-03-09,Email,Сезонная акция,Лояльный,Мобильное устройство,3.4,0,0,0.0
MKT007397,2025-05-09,Медийная реклама,Новый продукт,Повторный,Компьютер,8.76,0,0,0.0
MKT007370,2025-06-12,Медийная реклама,Сезонная акция,Новый,Мобильное устройство,7.48,0,0,0.0
MKT003457,2025-06-09,Медийная реклама,Новый продукт,Лояльный,Компьютер,7.58,0,0,0.0
MKT004213,2025-07-27,Email,Сезонная акция,Новый,Мобильное устройство,2.8,0,0,0.0
MKT003879,2025-01-10,Социальные сети,Имиджевая кампания,Новый,Мобильное устройство,10.34,0,0,0.0
MKT007662,2025-03-23,Медийная реклама,Программа лояльности,Лояльный,Мобильное устройство,6.86,0,0,0.0
MKT004463,2025-01-13,Поисковая реклама,Новый продукт,Новый,Мобильное устройство,21.19,0,0,0.0
MKT006515,2025-03-11,Социальные сети,Сезонная акция,Повторный,Компьютер,7.87,0,0,0.0
MKT000625,2025-06-15,Push,Новый продукт,Повторный,Мобильное устройство,1.46,1,0,0.0
MKT007423,2025-06-26,Медийная реклама,Ретаргетинг,Повторный,Мобильное устройство,8.26,0,0,0.0
MKT006408,2025-01-14,Email,Сезонная акция,Новый,Мобильное устройство,2.18,0,0,0.0
MKT001565,2025-11-09,Push,Имиджевая кампания,Повторный,Мобильное устройство,1.06,0,0,0.0
MKT003794,2025-11-21,Email,Ретаргетинг,Новый,Мобильное устройство,2.01,0,0,0.0
MKT007852,2025-05-20,Email,Ретаргетинг,Повторный,Планшет,1.61,0,0,0.0
MKT002209,2025-01-31,Социальные сети,Ретаргетинг,Новый,Мобильное устройство,7.44,0,0,0.0
MKT004792,2025-09-14,Социальные сети,Сезонная акция,Повторный,Компьютер,18.43,0,0,0.0
MKT006522,2025-06-14,Push,Сезонная акция,Новый,Компьютер,1.15,0,0,0.0
MKT007517,2025-08-31,Поисковая реклама,Ретаргетинг,Новый,Компьютер,16.74,0,0,0.0
MKT001681,2025-03-07,Поисковая реклама,Ретаргетинг,Новый,Компьютер,19.02,0,0,0.0
MKT004809,2025-05-13,Медийная реклама,Сезонная акция,Новый,Компьютер,7.52,0,0,0.0
MKT002708,2025-06-22,Email,Сезонная акция,Новый,Мобильное устройство,2.72,0,0,0.0
MKT007002,2025-01-29,Поисковая реклама,Имиджевая кампания,Повторный,Мобильное устройство,23.45,1,1,3101.07
MKT008736,2025-10-17,Email,Имиджевая кампания,Лояльный,Планшет,3.1,0,0,0.0
MKT000932,2025-03-09,Медийная реклама,Сезонная акция,Новый,Компьютер,5.34,0,0,0.0
MKT008876,2025-11-14,Медийная реклама,Сезонная акция,Лояльный,Компьютер,5.79,0,0,0.0
MKT004222,2025-12-18,Медийная реклама,Сезонная акция,Новый,Мобильное устройство,6.52,0,0,0.0
MKT001366,2025-09-07,Email,Программа лояльности,Новый,Мобильное устройство,1.48,0,0,0.0
MKT005450,2025-12-24,Email,Сезонная акция,Новый,Мобильное устройство,2.71,0,0,0.0
MKT009340,2025-10-11,Поисковая реклама,Новый продукт,Повторный,Мобильное устройство,24.67,0,0,0.0
MKT005923,2025-07-14,Социальные сети,Имиджевая кампания,Лояльный,Компьютер,13.81,0,0,0.0
MKT004502,08.08.2025,Медийная реклама,Программа лояльности,Повторный,Компьютер,3.28,0,0,0.0
MKT007048,2025-06-26,Социальные сети,Имиджевая кампания,Лояльный,Компьютер,8.9,0,0,0.0
MKT006345,2025-05-05,Email,Ретаргетинг,Новый,Мобильное устройство,1.29,0,0,0.0
MKT000169,2025-06-03,Социальные сети,Ретаргетинг,Лояльный,Компьютер,6.93,0,0,0.0
MKT007176,2025-10-06,Поисковая реклама,Сезонная акция,Новый,Мобильное устройство,21.79,0,0,0.0
MKT001250,2025-06-08,Социальные сети,Программа лояльности,Новый,Мобильное устройство,5.28,0,0,0.0
MKT009734,2025-04-26,Социальные сети,Имиджевая кампания,Повторный,Мобильное устройство,10.41,0,0,0.0
MKT004282,2025-03-19,Push,Имиджевая кампания,Новый,Мобильное устройство,1.18,0,0,0.0
MKT002140,2025-09-06,Поисковая реклама,Новый продукт,Лояльный,Компьютер,14.17,0,0,0.0
MKT002392,2025-11-12,Социальные сети,Сезонная акция,Повторный,Компьютер,9.66,0,0,0.0
MKT001240,2025-09-28,Медийная реклама,Ретаргетинг,Новый,Мобильное устройство,5.6,0,0,0.0
MKT003529,2025-10-04,Push,Сезонная акция,Повторный,Компьютер,1.71,0,0,0.0
MKT007468,2025-08-16,Push,Сезонная акция,Повторный,Мобильное устройство,1.37,0,0,0.0
MKT008262,2025-12-15,Push,Новый продукт,Новый,Мобильное устройство,1.87,0,0,0.0
MKT008371,2025-10-08,Email,Имиджевая кампания,Новый,Компьютер,2.34,0,0,0.0
MKT001802,2025-07-07,Социальные сети,Имиджевая кампания,Повторный,Компьютер,9.17,0,0,0.0
MKT007894,2025-04-28,Push,Ретаргетинг,Повторный,Компьютер,1.83,0,0,0.0
MKT007880,2025-04-15,Email,Имиджевая кампания,Новый,Компьютер,2.2,0,0,0.0
MKT009897,2025-09-21,Социальные сети,Ретаргетинг,Новый,Компьютер,10.33,0,0,0.0
MKT001288,2025-12-17,Социальные сети,Новый продукт,Повторный,Мобильное устройство,10.93,0,0,0.0
MKT009743,2025-07-08,Социальные сети,Новый продукт,Повторный,Мобильное устройство,12.86,0,0,0.0
MKT000313,2025-04-29,Социальные сети,Новый продукт,Новый,Мобильное устройство,13.55,1,0,0.0
MKT007324,2025-10-14,Push,Сезонная акция,Повторный,Компьютер,1.96,1,1,3406.1
MKT003567,2025-01-12,Социальные сети,Новый продукт,Повторный,Мобильное устройство,11.01,0,0,0.0
MKT004487,2025-05-22,Социальные сети,Программа лояльности,Лояльный,Мобильное устройство,7.22,0,0,0.0
MKT006335,2025-05-24,Push,Ретаргетинг,Лояльный,Мобильное устройство,1.42,0,0,0.0
MKT003693,2025-03-18,Поисковая реклама,Сезонная акция,Повторный,Мобильное устройство,21.06,0,0,0.0
MKT006514,2025-09-21,Социальные сети,Программа лояльности,Повторный,Мобильное устройство,6.15,0,0,0.0
MKT004871,2025-07-20,Социальные сети,Ретаргетинг,Новый,Компьютер,9.78,1,0,0.0
MKT003330,2025-08-11,Email,Сезонная акция,Новый,Мобильное устройство,2.14,0,0,0.0
MKT002960,2025-06-15,Социальные сети,Новый продукт,Новый,Компьютер,8.97,0,0,0.0
MKT005512,2025-06-22,Поисковая реклама,Сезонная акция,Повторный,Компьютер,28.3,0,0,0.0
MKT006705,2025-12-01,Push,Программа лояльности,Новый,Мобильное устройство,1.18,0,0,0.0
MKT003601,2025-08-16,Email,Имиджевая кампания,Новый,Мобильное устройство,1.94,0,0,0.0
MKT007742,2025-02-09,Push,Программа лояльности,Новый,Компьютер,1.06,0,0,0.0
MKT003634,2025-06-04,Социальные сети,Сезонная акция,Новый,Мобильное устройство,6.88,0,0,0.0
MKT002540,2025-03-20,Push,Имиджевая кампания,Повторный,Компьютер,1.4,0,0,0.0
MKT009462,2025-09-24,Email,Сезонная акция,Новый,Мобильное устройство,2.94,0,0,0.0
MKT000037,2025-11-04,Email,Ретаргетинг,Повторный,Мобильное устройство,2.27,0,0,0.0
MKT008658,2025-12-15,Поисковая реклама,Программа лояльности,Новый,Компьютер,18.61,0,0,0.0
MKT009133,2025-05-29,Медийная реклама,Новый продукт,Новый,Мобильное устройство,5.1,0,0,0.0
MKT002506,2025-05-24,Поисковая реклама,Сезонная акция,Повторный,Мобильное устройство,20.16,0,0,0.0
MKT000598,2025-04-20,Социальные сети,Имиджевая кампания,Повторный,Компьютер,6.39,0,0,0.0
MKT004684,2025-03-04,Push,Новый продукт,Повторный,Мобильное устройство,1.87,0,0,0.0
MKT003365,2025-08-25,Email,Программа лояльности,Новый,Мобильное устройство,1.42,0,0,0.0
MKT003051,2025-10-22,Социальные сети,Программа лояльности,Лояльный,Мобильное устройство,5.12,0,0,0.0
MKT007774,2025-05-10,Медийная реклама,Ретаргетинг,Повторный,Мобильное устройство,5.25,0,0,0.0
MKT002012,2025-05-25,Поисковая реклама,Имиджевая кампания,Повторный,Мобильное устройство,18.41,1,0,0.0
MKT002198,2025-12-05,Push,Программа лояльности,Лояльный,Мобильное устройство,1.34,0,0,0.0
MKT001878,2025-08-02,Email,Ретаргетинг,Лояльный,Компьютер,2.34,1,0,0.0
MKT002215,2025-12-18,Поисковая реклама,Новый продукт,Повторный,Компьютер,19.56,0,0,0.0
MKT006239,2025-01-11,Email,Ретаргетинг,Повторный,Мобильное устройство,1.48,1,0,0.0
MKT008586,2025-08-21,Поисковая реклама,Имиджевая кампания,Повторный,Мобильное устройство,29.08,0,0,0.0
MKT001189,2025-11-17,Email,Сезонная акция,Повторный,Мобильное устройство,2.22,0,0,0.0
MKT007572,2025-04-20,Email,Новый продукт,Новый,Мобильное устройство,2.46,0,0,0.0
MKT001312,2025-07-17,Email,Новый продукт,Новый,Мобильное устройство,2.9,0,0,0.0
MKT004583,2025-12-24,Медийная реклама,Сезонная акция,Новый,Мобильное устройство,8.07,0,0,0.0
MKT001374,2025-04-11,Email,Имиджевая кампания,Новый,Компьютер,2.44,0,0,0.0
MKT001244,2025-12-15,Поисковая реклама,Сезонная акция,Повторный,Мобильное устройство,26.42,0,0,0.0
MKT005429,2025-05-02,Push,Сезонная акция,Новый,Мобильное устройство,1.55,0,0,0.0
MKT004670,2025-08-18,Медийная реклама,Ретаргетинг,Повторный,Компьютер,6.69,0,0,0.0
MKT002050,2025-05-19,Социальные сети,Ретаргетинг,Новый,Мобильное устройство,9.03,0,0,0.0
MKT000457,2025-10-06,Социальные сети,Программа лояльности,Повторный,Мобильное устройство,9.22,0,0,0.0
MKT006506,2025-06-24,Социальные сети,Сезонная акция,Повторный,Компьютер,11.52,1,0,0.0
MKT004672,2025-04-26,Социальные сети,Ретаргетинг,Новый,Мобильное устройство,10.99,0,0,0.0
MKT005680,2025-08-30,Социальные сети,Сезонная акция,Новый,Мобильное устройство,9.54,1,0,0.0
MKT000704,2025-01-01,Социальные сети,Программа лояльности,Новый,Компьютер,7.56,0,0,0.0
MKT007869,2025-03-10,Социальные сети,Сезонная акция,Повторный,Мобильное устройство,8.79,0,0,0.0
MKT007967,2025-11-07,Социальные сети,Программа лояльности,Повторный,Мобильное устройство,10.46,1,0,0.0
MKT007077,2025-01-24,Поисковая реклама,Имиджевая кампания,Лояльный,Компьютер,20.86,0,0,0.0
MKT009080,2025-02-06,Социальные сети,Ретаргетинг,Новый,Компьютер,7.18,0,0,0.0
MKT005453,2025-04-16,Email,Программа лояльности,Новый,Мобильное устройство,2.03,0,0,0.0
MKT006279,2025-06-07,Поисковая реклама,Сезонная акция,Повторный,Мобильное устройство,19.06,0,0,0.0
MKT008959,2025-07-28,Email,Сезонная акция,Повторный,Мобильное устройство,2.39,0,0,0.0
MKT004765,2025-06-22,Email,Новый продукт,Повторный,Компьютер,2.17,0,0,0.0
MKT009353,2025-03-21,Социальные сети,Имиджевая кампания,Новый,Мобильное устройство,10.69,0,0,0.0
MKT004898,2025-04-17,Поисковая реклама,Сезонная акция,Повторный,Компьютер,21.06,0,0,0.0
MKT004635,2025-08-07,Поисковая реклама,Сезонная акция,Повторный,Мобильное устройство,14.25,0,0,0.0
MKT004734,2025-04-02,Поисковая реклама,Ретаргетинг,Повторный,Компьютер,25.27,1,0,0.0
MKT002842,2025-10-13,Социальные сети,Имиджевая кампания,Новый,Мобильное устройство,9.71,0,0,0.0
MKT007806,2025-02-02,Email,Ретаргетинг,Новый,Мобильное устройство,2.03,1,1,2596.45
MKT007401,2025-08-19,Push,Новый продукт,Лояльный,Компьютер,1.03,0,0,0.0
MKT005106,2025-07-19,Поисковая реклама,Сезонная акция,Лояльный,Компьютер,18.38,0,0,3132.0
MKT004214,2025-10-06,Email,Программа лояльности,Лояльный,Мобильное устройство,1.57,0,0,0.0
MKT008191,2025-11-13,Email,Имиджевая кампания,Повторный,Компьютер,2.56,0,0,0.0
MKT007409,2025-12-19,Медийная реклама,Сезонная акция,Повторный,Компьютер,6.93,0,0,0.0
MKT005329,2025-01-07,Медийная реклама,Ретаргетинг,Повторный,Мобильное устройство,6.53,0,0,0.0
MKT004132,2025-12-17,Медийная реклама,Сезонная акция,Повторный,Компьютер,7.05,0,0,0.0
MKT004268,2025-03-17,Email,Сезонная акция,Повторный,Мобильное устройство,3.39,0,0,0.0
MKT009948,2025-05-20,Социальные сети,Новый продукт,Лояльный,Компьютер,8.65,0,0,0.0
MKT006576,2025-12-26,Push,Сезонная акция,Новый,Компьютер,1.71,0,0,0.0
MKT002739,20.04.2025,Медийная реклама,Ретаргетинг,Новый,Мобильное устройство,5.83,0,0,0.0
MKT002379,2025-03-15,Медийная реклама,Сезонная акция,Повторный,Мобильное устройство,7.29,0,0,0.0
MKT004075,2025-06-11,Email,Сезонная акция,Повторный,Мобильное устройство,2.5,0,0,0.0
MKT001039,2025-03-13,Социальные сети,Ретаргетинг,Лояльный,Компьютер,13.24,0,0,0.0
MKT000818,2025-10-25,Email,Ретаргетинг,Новый,Компьютер,2.64,0,0,0.0
MKT001858,2025-07-07,Push,Ретаргетинг,Лояльный,Компьютер,1.23,0,0,0.0
MKT006218,2025-03-07,Push,Программа лояльности,Новый,Компьютер,1.25,0,0,0.0
MKT002924,2025-05-14,Социальные сети,Программа лояльности,Повторный,Компьютер,9.22,0,0,0.0
MKT008562,2025-04-14,Социальные сети,Сезонная акция,Повторный,Компьютер,5.99,0,0,0.0
MKT009571,2025-05-25,Поисковая реклама,Сезонная акция,Повторный,Компьютер,24.71,1,1,3871.99
MKT000562,2025-05-21,Поисковая реклама,Сезонная акция,Повторный,Мобильное устройство,16.21,1,0,0.0
MKT003862,2025-12-10,Email,Ретаргетинг,Повторный,Мобильное устройство,2.2,0,0,0.0
MKT007734,2025-12-16,Push,Новый продукт,Новый,Мобильное устройство,2.68,0,0,0.0
MKT008015,2025-06-03,Социальные сети,Ретаргетинг,Лояльный,Компьютер,9.92,0,0,0.0
MKT002300,2025-02-17,Email,Программа лояльности,Повторный,Мобильное устройство,2.02,0,0,0.0
MKT009485,2025-03-15,Медийная реклама,Сезонная акция,Новый,Мобильное устройство,5.71,0,0,0.0
MKT006339,2025-07-26,Push,Ретаргетинг,Новый,Мобильное устройство,1.15,0,0,0.0
MKT000201,2025-07-18,Email,Новый продукт,Лояльный,Мобильное устройство,2.8,0,0,
MKT000316,2025-01-31,Push,Сезонная акция,Новый,Мобильное устройство,1.21,0,0,0.0
MKT008878,2025-10-29,Email,Сезонная акция,Повторный,Мобильное устройство,1.69,0,0,0.0
MKT000471,2025-01-14,Поисковая реклама,Сезонная акция,Новый,Мобильное устройство,31.44,0,0,0.0
MKT008127,2025-11-20,Медийная реклама,Сезонная акция,Лояльный,Компьютер,7.09,0,0,0.0
MKT007704,2025-03-24,Медийная реклама,Имиджевая кампания,Повторный,Мобильное устройство,8.73,0,0,0.0
MKT003661,2025-04-01,Социальные сети,Ретаргетинг,Повторный,Компьютер,9.7,1,0,0.0
MKT002288,2025-05-16,Социальные сети,Ретаргетинг,Повторный,Компьютер,8.22,0,0,0.0
MKT000519,2025-08-17,Социальные сети,Новый продукт,Новый,Мобильное устройство,8.93,0,0,0.0
MKT007174,2025-01-23,Поисковая реклама,Ретаргетинг,Новый,Компьютер,19.1,0,0,0.0
MKT007208,2025-11-06,Поисковая реклама,Новый продукт,Новый,Компьютер,26.26,0,0,0.0
MKT008648,2025-02-03,Email,Ретаргетинг,Новый,Компьютер,1.76,0,0,0.0
MKT003471,2025-03-07,Push,Имиджевая кампания,Повторный,Компьютер,1.33,0,0,0.0
MKT006878,2025-11-08,Email,Имиджевая кампания,Лояльный,Мобильное устройство,2.09,0,0,0.0
MKT002008,2025-03-08,Поисковая реклама,Имиджевая кампания,Лояльный,Мобильное устройство,26.56,0,0,0.0
MKT000098,2025-11-29,Email,Программа лояльности,Лояльный,Мобильное устройство,1.98,0,0,0.0
MKT005976,2025-03-03,Социальные сети,Ретаргетинг,Новый,Мобильное устройство,9.15,1,0,0.0
MKT002545,2025-11-29,Социальные сети,Сезонная акция,Повторный,Мобильное устройство,6.15,0,0,
MKT006207,2025-09-20,Поисковая реклама,Сезонная акция,Повторный,Мобильное устройство,25.5,0,0,0.0
MKT004918,2025-01-06,Email,Сезонная акция,Повторный,Компьютер,2.75,0,0,0.0
MKT004556,2025-01-07,Push,Ретаргетинг,Повторный,Компьютер,1.45,0,0,0.0
MKT009449,2025-10-10,Социальные сети,Имиджевая кампания,Повторный,Компьютер,6.73,0,0,0.0
MKT006990,2025-05-18,Медийная реклама,Сезонная акция,Новый,Мобильное устройство,5.95,0,0,0.0
MKT006296,2025-11-29,Социальные сети,Ретаргетинг,Новый,Мобильное устройство,9.96,0,0,0.0
MKT003636,2025-01-24,Социальные сети,Сезонная акция,Лояльный,Мобильное устройство,12.51,0,0,0.0
MKT008980,2025-04-27,Push,Сезонная акция,Повторный,Компьютер,1.63,1,0,0.0
MKT001237,2025-07-25,Социальные сети,Ретаргетинг,Новый,Компьютер,9.81,0,0,0.0
MKT004973,2025-08-04,Социальные сети,Программа лояльности,Лояльный,Мобильное устройство,6.37,0,0,0.0
MKT008626,2025-08-27,Медийная реклама,Ретаргетинг,Лояльный,Мобильное устройство,5.98,0,0,0.0
MKT009414,2025-09-07,Медийная реклама,Программа лояльности,Лояльный,Компьютер,4.98,0,0,0.0
MKT004464,2025-03-30,Push,Ретаргетинг,Лояльный,Мобильное устройство,1.28,0,0,0.0
MKT005152,2025-03-05,Медийная реклама,Ретаргетинг,Повторный,Компьютер,5.13,0,1,0.0
MKT005700,2025-08-08,Социальные сети,Ретаргетинг,Повторный,Мобильное устройство,9.84,0,0,0.0
MKT001823,2025-03-04,Push,Программа лояльности, лояльный,Мобильное устройство,1.5,0,0,0.0
MKT001463,2025-02-28,Push,Имиджевая кампания,Повторный,Компьютер,1.86,0,0,0.0
MKT005030,2025-10-17,Push,Программа лояльности,Повторный,Компьютер,1.27,0,0,0.0
MKT001826,2025-07-19,Поисковая реклама,Сезонная акция,Лояльный,Мобильное устройство,20.09,0,0,0.0
MKT007022,2025-05-25,Социальные сети,Программа лояльности,Новый,Компьютер,13.0,0,0,0.0
MKT005114,2025-02-01,Социальные сети,Программа лояльности,Повторный,Компьютер,10.8,0,0,0.0
MKT008833,2025-06-11,Медийная реклама,Имиджевая кампания,Повторный,Мобильное устройство,11.05,0,0,0.0
MKT004615,2025-04-04,Медийная реклама,Новый продукт,Повторный,Мобильное устройство,6.4,0,0,0.0
MKT000794,2025-10-01,Медийная реклама,Имиджевая кампания,Новый,Мобильное устройство,7.96,0,0,0.0
MKT004908,2025-10-16,Email,Программа лояльности,Лояльный,Компьютер,1.74,0,0,0.0
MKT003966,2025-03-11,Медийная реклама,Имиджевая кампания,Повторный,Мобильное устройство,6.12,0,0,0.0
MKT008384,2025-11-06,Социальные сети,Ретаргетинг,Лояльный,Мобильное устройство,10.22,1,0,0.0
MKT005276,2025-05-23,Социальные сети,Программа лояльности,Лояльный,Мобильное устройство,8.72,0,0,0.0
MKT008678,2025-01-06,Поисковая реклама,Сезонная акция,Повторный,Мобильное устройство,25.05,0,0,0.0
MKT005977,2025-08-02,Социальные сети,Программа лояльности,Новый,Мобильное устройство,6.48,0,0,0.0
MKT005941,2025-01-26,Медийная реклама,Ретаргетинг,Повторный,Компьютер,6.12,1,1,3893.32
MKT002317,2025-03-08,Поисковая реклама,Сезонная акция,Новый,Мобильное устройство,13.24,0,0,0.0
MKT005691,2025-07-19, медийная реклама ,Имиджевая кампания,Новый,Мобильное устройство,7.67,0,0,0.0
MKT008777,2025-01-17,Email,Имиджевая кампания,Повторный,Компьютер,2.31,0,0,0.0
MKT005795,2025-06-15,Email,Ретаргетинг,Повторный,Компьютер,1.33,0,0,0.0
MKT004506,2025-03-14,Поисковая реклама,Имиджевая кампания,Новый,Мобильное устройство,19.86,0,0,0.0
MKT007653,2025-05-25,Социальные сети,Ретаргетинг,Повторный,Компьютер,9.14,0,0,0.0
MKT001017,2025-11-20,Email,Программа лояльности,Лояльный,Мобильное устройство,1.4,0,0,0.0
MKT000050,2025-08-25,Медийная реклама,Новый продукт,Новый,Мобильное устройство,7.36,0,0,0.0
MKT005101,2025-05-13,Медийная реклама,Сезонная акция,Новый,Мобильное устройство,8.02,0,0,0.0
MKT000761,2025-06-17,Поисковая реклама,Программа лояльности,Повторный,Мобильное устройство,13.54,0,0,0.0
MKT004810,2025-07-29,Email,Ретаргетинг,Новый,Компьютер,1.96,0,0,0.0
MKT004033,2025-02-19,Email,Ретаргетинг,Новый,Мобильное устройство,2.72,0,0,0.0
MKT003927,2025-02-24,Email,Ретаргетинг,Новый,Компьютер,1.93,0,0,0.0
MKT002353,2025-11-30,Социальные сети,Ретаргетинг,Лояльный,Мобильное устройство,8.41,0,0,0.0
MKT009620,2025-08-28,Социальные сети,Сезонная акция,Повторный,Мобильное устройство,11.76,0,0,0.0
MKT005215,2025-09-13,Социальные сети,Имиджевая кампания,Лояльный,Мобильное устройство,6.89,0,0,0.0
MKT005543,2025-04-26,Социальные сети,Программа лояльности,Повторный,Планшет,8.3,0,0,0.0
MKT004530,2025-01-04,Поисковая реклама,Ретаргетинг,Лояльный,Мобильное устройство,19.51,0,0,0.0
MKT000020,2025-03-29,Email,Программа лояльности,Новый,Компьютер,2.86,0,0,0.0
MKT004334,2025-01-05,Push,Программа лояльности,Новый,Компьютер,1.43,0,0,0.0
MKT009764,2025-04-23,Email,Ретаргетинг,Новый,Мобильное устройство,1.96,0,0,0.0
MKT003658,2025-04-02,Социальные сети,Программа лояльности,Повторный,Мобильное устройство,10.21,0,0,0.0
MKT001699,2025-12-04,Медийная реклама,Сезонная акция,Новый,Мобильное устройство,8.0,0,0,0.0
MKT002802,2025-05-26,Push,Сезонная акция,Новый,Планшет,1.94,0,0,0.0
MKT005825,2025-01-13,Email,Ретаргетинг,Новый,Мобильное устройство,1.41,0,0,0.0
MKT005636,2025-07-17,Email,Ретаргетинг,Новый,Компьютер,2.69,0,0,0.0
MKT004507,2025-02-06,Поисковая реклама,Новый продукт,Новый,Мобильное устройство,30.67,0,0,0.0
MKT007624,2025-02-20,Push,Новый продукт,Повторный,Мобильное устройство,1.37,1,0,0.0
MKT002363,2025-05-08,Email,Ретаргетинг,Повторный,Мобильное устройство,2.04,0,0,0.0
MKT002465,2025-09-21,Email,Имиджевая кампания,Повторный,Мобильное устройство,2.34,0,0,0.0
MKT000819,2025-06-15,Социальные сети,Программа лояльности,Новый,Мобильное устройство,4.6,0,0,0.0
MKT003734,2025-06-20,Социальные сети,Ретаргетинг,Повторный,Мобильное устройство,7.62,1,0,0.0
MKT002165,2025-12-28,Push,Имиджевая кампания,Новый,Мобильное устройство,1.89,0,0,0.0
MKT002833,2025-04-08,Поисковая реклама,Ретаргетинг,Новый,Мобильное устройство,27.16,1,0,0.0
MKT005818,2025-11-07,Социальные сети,Ретаргетинг,Повторный,Компьютер,9.84,0,0,0.0
MKT009920,2025-04-05,Социальные сети,Сезонная акция,Лояльный,Компьютер,13.11,0,0,0.0
MKT004030,2025-05-23,Push,Ретаргетинг,Повторный,Мобильное устройство,0.99,0,0,0.0
MKT003986,2025-08-04,Поисковая реклама,Имиджевая кампания,Повторный,Планшет,25.77,1,0,0.0
MKT004717,2025-07-13,Поисковая реклама,Ретаргетинг,Новый,Мобильное устройство,15.83,0,0,0.0
MKT001604,2025-10-13,Email,Программа лояльности,Повторный,Компьютер,1.71,0,0,0.0
MKT001798,2025-12-11,Поисковая реклама,Программа лояльности,Повторный,Мобильное устройство,15.92,0,0,0.0
MKT002707,2025-11-30,Социальные сети,Имиджевая кампания,Новый,Мобильное устройство,11.02,0,0,0.0
MKT005015,2025-01-20,Email,Сезонная акция,Повторный,Мобильное устройство,2.25,0,0,0.0
MKT000860,2025-08-19,Медийная реклама,Ретаргетинг,Повторный,Компьютер,5.6,0,0,0.0
MKT000160,2025-02-11,Социальные сети,Сезонная акция,Повторный,Мобильное устройство,7.81,1,0,0.0
MKT001119,2025-10-31,Медийная реклама,Имиджевая кампания,Новый,Планшет,5.87,0,0,0.0
MKT009719,2025-12-21,Email,Программа лояльности,Повторный,Компьютер,2.82,0,0,0.0
MKT007414,2025-12-31,Социальные сети,Новый продукт,Новый,Компьютер,11.89,0,0,0.0
MKT003100,2025-10-12,Поисковая реклама,Новый продукт,Новый,Компьютер,15.57,0,0,0.0
MKT002042,2025-07-28,Поисковая реклама,Сезонная акция,Лояльный,Компьютер,21.06,1,0,0.0
MKT009805,2025-01-25,Социальные сети,Имиджевая кампания,Повторный,Мобильное устройство,11.07,0,0,0.0
MKT007914,2025-03-28,Поисковая реклама,Имиджевая кампания,Лояльный,Мобильное устройство,33.04,0,0,0.0
MKT001440,2025-12-10,Медийная реклама,Новый продукт,Новый,Компьютер,7.5,0,0,1000000.0
MKT002849,2025-06-21,Email,Ретаргетинг,Повторный,Мобильное устройство,1.52,1,0,0.0
MKT001061,2025-09-25,Push,Программа лояльности,Лояльный,Мобильное устройство,1.76,0,0,0.0
MKT009287,2025-06-01,Медийная реклама,Новый продукт,Повторный,Компьютер,7.24,0,0,0.0
MKT006112,2025-06-03,Email,Новый продукт,Новый,Мобильное устройство,2.4,0,0,0.0
MKT002182,2025-06-25,Email,Имиджевая кампания,Новый,Планшет,2.29,0,0,0.0
MKT004352,2025-12-07,Email,Ретаргетинг,Повторный,Компьютер,1.89,0,0,0.0
MKT006596,2025-02-18,Социальные сети,Новый продукт,Повторный,Мобильное устройство,9.79,1,0,0.0
MKT008695,2025-01-07,Поисковая реклама,Ретаргетинг,Лояльный,Мобильное устройство,10.92,1,0,0.0
MKT007877,2025-10-25,Push,Ретаргетинг,Новый,Компьютер,1.18,0,0,0.0
MKT003944,2025-02-09,Email,Сезонная акция,Новый,Мобильное устройство,2.11,0,0,0.0
MKT007173,2025-08-04,Push,Ретаргетинг,Новый,Мобильное устройство,1.88,0,0,0.0
MKT004202,2025-02-06,Медийная реклама,Программа лояльности,Новый,Компьютер,6.62,0,0,0.0
MKT001643,2025-12-24,Медийная реклама,Сезонная акция,Повторный,Компьютер,3.52,0,0,0.0
MKT000327,2025-11-12,Медийная реклама,Ретаргетинг,Новый,Мобильное устройство,3.94,0,0,0.0
MKT007777,2025-10-19,Push,Новый продукт,Повторный,Мобильное устройство,1.72,0,0,0.0
MKT001585,2025-09-11,Социальные сети,Программа лояльности,Новый,Компьютер,9.05,0,0,0.0
MKT008349,2025-10-07,Push,Новый продукт,Новый,Мобильное устройство,1.84,0,0,0.0
MKT006432,2025-01-26,Социальные сети,Ретаргетинг,Повторный,Компьютер,8.73,0,0,0.0
MKT007316,2025-09-25,Медийная реклама,Программа лояльности,Повторный,Мобильное устройство,3.46,0,0,0.0
MKT006666,2025-10-03,Push,Новый продукт,Повторный,Компьютер,0.99,0,0,0.0
MKT007246,2025-11-15,Email,Имиджевая кампания,Лояльный,Мобильное устройство,2.91,0,0,0.0
MKT006695,2025-01-12,Поисковая реклама,Сезонная акция,Повторный,Мобильное устройство,22.22,1,0,0.0
MKT001912,2025-12-03,Push,Ретаргетинг,Повторный,Мобильное устройство,1.11,0,0,0.0
MKT003613,2025-09-20,Социальные сети,Ретаргетинг,Лояльный,Мобильное устройство,9.24,0,0,0.0
MKT005545,2025-01-28,Email,Имиджевая кампания,Повторный,Мобильное устройство,3.56,0,0,0.0
MKT003571,2025-01-11,Email,Имиджевая кампания,Новый,Мобильное устройство,1.9,0,0,0.0
MKT004820,2025-08-19,Email,Ретаргетинг,Новый,Мобильное устройство,1.61,0,0,0.0
MKT003423,2025-07-12,ПОИСКОВАЯ РЕКЛАМА,Имиджевая кампания,Повторный,Планшет,17.07,0,0,0.0
MKT008060,2025-06-11,Email,Имиджевая кампания,Повторный,Мобильное устройство,3.55,0,0,0.0
MKT000980,2025-03-07,Push,Программа лояльности,Лояльный,Мобильное устройство,1.2,0,0,0.0
MKT007590,2025-12-04,Социальные сети,Имиджевая кампания,Новый,Мобильное устройство,10.39,0,0,-100.0
MKT007584,2025-06-22,Поисковая реклама,Сезонная акция,Лояльный,Мобильное устройство,16.37,0,0,0.0
MKT008916,2025-04-04,Медийная реклама,Сезонная акция,Новый,Мобильное устройство,4.62,1,0,0.0
MKT007286,2025-07-18,Push,Ретаргетинг,Лояльный,Компьютер,1.34,0,0,0.0
MKT005359,2025-01-21,Медийная реклама,Новый продукт,Повторный,Планшет,6.51,0,0,0.0
MKT009379,2025-04-03,Email,Ретаргетинг,Повторный,Мобильное устройство,1.42,0,0,0.0
MKT006124,2025-03-26,Социальные сети,Сезонная акция,Новый,Мобильное устройство,6.71,0,0,0.0
MKT007269,2025-03-01,Медийная реклама,Ретаргетинг,Новый,Компьютер,7.96,0,0,0.0
MKT002929,2025-02-26,Социальные сети,Программа лояльности,Повторный,Мобильное устройство,5.69,0,0,0.0
MKT004218,2025-05-17,Push,Сезонная акция,Новый,Мобильное устройство,1.11,0,0,0.0
MKT005942,2025-06-21,Email,Имиджевая кампания,Новый,Мобильное устройство,2.0,0,0,0.0
MKT000446,2025-05-18,Медийная реклама,Программа лояльности,Лояльный,Мобильное устройство,4.14,0,0,0.0
MKT009302,2025-04-23,Социальные сети,Имиджевая кампания,Новый,Компьютер,8.52,0,0,0.0
MKT000019,2025-09-19,Push,Новый продукт,Новый,Компьютер,1.15,0,0,0.0
MKT006240,2025-11-29,Поисковая реклама,Новый продукт,Повторный,Мобильное устройство,22.57,0,0,0.0
MKT003925,2025-07-08,Социальные сети,Ретаргетинг,Повторный,Компьютер,,0,0,0.0
MKT001512,2025-03-01,Поисковая реклама,Ретаргетинг,Лояльный,Компьютер,12.44,0,0,0.0
MKT009195,2025-01-24,Медийная реклама,Новый продукт,Новый,Компьютер,8.18,0,0,0.0
MKT009313,2025-10-05,Социальные сети,Новый продукт,Повторный,Мобильное устройство,10.43,0,0,
MKT007462,2025-03-01,Медийная реклама,Сезонная акция,Повторный,Мобильное устройство,6.28,0,0,0.0
MKT007255,2025-01-13,Поисковая реклама,Программа лояльности,Новый,Мобильное устройство,15.14,0,0,0.0
MKT009915,2025-10-05,Push,Имиджевая кампания,Повторный,Мобильное устройство,1.22,0,0,0.0
MKT007528,2025-10-08,Медийная реклама,Сезонная акция,Новый,Мобильное устройство,7.99,0,0,0.0
MKT007024,2025-01-02,Email,Ретаргетинг,Повторный,Мобильное устройство,1.56,0,0,0.0
MKT009086,2025-01-03,Email,Ретаргетинг,Новый,Компьютер,2.46,0,0,0.0
MKT002723,2025-05-08,Поисковая реклама,Новый продукт,Новый,Компьютер,26.14,1,0,0.0
MKT006586,2025-06-14,Социальные сети,Ретаргетинг,Новый,Мобильное устройство,8.43,0,0,0.0
MKT009590,2025-03-24,Медийная реклама,Новый продукт,Повторный,Планшет,4.33,1,0,0.0
MKT008081,2025-01-29,Email,Ретаргетинг,Повторный,Мобильное устройство,1.67,1,1,4187.16
MKT000480,2025-02-06,Поисковая реклама,Имиджевая кампания,Повторный,Мобильное устройство,29.92,0,0,0.0
MKT005350,2025-11-15,Email,Имиджевая кампания,Новый,Компьютер,1.88,0,0,0.0
MKT009299,2025-08-23,Поисковая реклама,Новый продукт,Новый,Компьютер,24.39,0,0,0.0
MKT009631,2025-03-26,Email,Имиджевая кампания,Повторный,Мобильное устройство,2.09,0,0,0.0
MKT003756,2025-06-21,,Ретаргетинг,Новый,Мобильное устройство,10.62,1,0,0.0
MKT003615,2025-09-18,Email,Программа лояльности,Лояльный,мобильное ,2.23,0,0,0.0
MKT005578,2025-01-27,Социальные сети,Новый продукт,Повторный,Компьютер,15.89,0,0,0.0
MKT004863,2025-09-24,Социальные сети,Имиджевая кампания,Лояльный,Компьютер,13.62,0,0,0.0
MKT003074,2025-12-20,Поисковая реклама,Программа лояльности,Новый,Компьютер,17.39,0,0,0.0
MKT006875,2025-08-13,Поисковая реклама,Новый продукт,Повторный,Мобильное устройство,22.77,0,0,0.0
MKT004536,2025-07-24,Медийная реклама,Программа лояльности,Новый,Мобильное устройство,5.72,0,0,0.0
MKT009646,2025-04-20,Email,Программа лояльности,Новый,Мобильное устройство,2.25,0,0,0.0
MKT000561,2025-10-14,Email,Ретаргетинг,Новый,Мобильное устройство,2.5,0,0,0.0
MKT001409,2025-11-15,Социальные сети,Ретаргетинг,Лояльный,Компьютер,11.22,0,0,0.0
MKT003479,2025-05-13,Социальные сети,Сезонная акция,Повторный,Мобильное устройство,9.15,0,0,0.0
MKT008331,2025-03-06,Медийная реклама,Имиджевая кампания,Повторный,Мобильное устройство,7.99,0,0,0.0
MKT003253,2025-08-17,Email,Имиджевая кампания,Новый,Мобильное устройство,1.72,0,0,0.0
MKT002841,2025-12-24,Email,Новый продукт,Новый,Мобильное устройство,2.49,0,0,0.0
MKT005235,2025-03-01,Email,Имиджевая кампания,Новый,Планшет,2.62,0,0,0.0
MKT007357,2025-03-14,Push,Ретаргетинг,Повторный,Мобильное устройство,1.22,0,0,0.0
MKT007879,2025-05-19,Поисковая реклама,Имиджевая кампания,Повторный,Мобильное устройство,12.73,0,0,0.0
MKT004939,2025-10-29,Социальные сети,Сезонная акция,Новый,Мобильное устройство,6.94,0,0,0.0
MKT009727,2025-11-16,Email,Ретаргетинг,Новый,Мобильное устройство,1.97,1,0,4878.0
MKT001552,2025-04-08,Социальные сети,Ретаргетинг,Новый,Мобильное устройство,9.62,0,0,0.0
MKT000603,2025-03-09,Поисковая реклама,Имиджевая кампания,Новый,Компьютер,22.61,0,0,0.0
MKT006001,2025-05-29,Медийная реклама,Ретаргетинг,Повторный,Мобильное устройство,8.44,0,0,0.0
MKT004001,2025-10-03,Социальные сети,Имиджевая кампания,Повторный,Мобильное устройство,8.77,0,0,0.0
MKT001138,2025-08-06,Поисковая реклама,Программа лояльности,Повторный,Мобильное устройство,12.23,1,0,1000000.0
MKT003128,2025-09-11,Поисковая реклама,Имиджевая кампания,Повторный,Мобильное устройство,20.75,0,0,0.0
MKT005171,2025-09-30,Социальные сети,Ретаргетинг,Повторный,Мобильное устройство,6.5,0,0,0.0
MKT008649,2025-10-17,Email,Сезонная акция,Повторный,Мобильное устройство,1.85,1,0,0.0
MKT008041,2025-03-31,Email,Ретаргетинг,Повторный,Мобильное устройство,1.26,0,0,0.0
MKT004855,2025-01-14,Социальные сети,Ретаргетинг,Повторный,Мобильное устройство,11.04,1,0,0.0
MKT007938,2025-04-23,Email,Новый продукт,Новый,Мобильное устройство,2.08,0,0,0.0
MKT007705,2025-03-08,Социальные сети,Сезонная акция,Новый,Мобильное устройство,9.64,0,0,0.0
MKT004754,2025-11-17,Социальные сети,Новый продукт,Повторный,Мобильное устройство,12.59,0,0,0.0
MKT007916,2025-06-29,Поисковая реклама,Имиджевая кампания,Повторный,Компьютер,24.29,0,0,0.0
MKT008335,2025-07-30,Email,Программа лояльности,Повторный,Мобильное устройство,2.11,0,0,0.0
MKT001178,2025-02-10,Поисковая реклама,Новый продукт,Повторный,Компьютер,32.24,1,0,0.0
MKT003699,2025-06-25,Социальные сети,Новый продукт,Лояльный,Компьютер,12.5,0,0,0.0
MKT009374,2025-03-27,Поисковая реклама,Сезонная акция,Новый,Компьютер,16.84,0,0,0.0
MKT008515,2025-12-01,Push,Программа лояльности,Новый,Компьютер,1.49,0,0,0.0
MKT005338,2025-01-08,Email,Программа лояльности,Лояльный,Компьютер,2.62,0,0,0.0
MKT006988,2025-07-17,Email,Сезонная акция,Новый,Мобильное устройство,1.7,0,0,
MKT002517,2025-08-12,Email,Имиджевая кампания,Повторный,Мобильное устройство,2.07,1,1,4436.41
MKT008641,2025-04-05,Email,Имиджевая кампания,Лояльный,Мобильное устройство,2.41,0,0,0.0
MKT008624,2025-02-20,Социальные сети,Сезонная акция,Лояльный,Компьютер,12.69,0,0,0.0
MKT005485,2025-07-02,Поисковая реклама,Программа лояльности,Повторный,Мобильное устройство,18.73,0,0,0.0
MKT008061,2025-11-08,Социальные сети,Новый продукт,Повторный,Мобильное устройство,12.09,0,0,0.0
MKT002681,2025-08-12,Медийная реклама,Сезонная акция,Новый,Мобильное устройство,5.73,1,0,0.0
MKT004055,2025-12-22,Поисковая реклама,Сезонная акция,Лояльный,Мобильное устройство,25.44,0,0,0.0
MKT009932,2025-10-27,Email,Ретаргетинг,Новый,Мобильное устройство,2.48,1,0,0.0
MKT003199,2025-05-20,Push,Имиджевая кампания,Повторный,Компьютер,2.47,0,0,0.0
MKT002136,2025-12-15,Социальные сети,Ретаргетинг,Лояльный,Компьютер,9.63,0,0,0.0
MKT000283,2025-05-07,Поисковая реклама,Программа лояльности,Повторный,Мобильное устройство,14.91,1,0,0.0
MKT001675,2025-09-26,Поисковая реклама,Сезонная акция,Лояльный,Мобильное устройство,18.88,0,0,0.0
MKT003352,2025-09-12,Социальные сети,Программа лояльности,Новый,Мобильное устройство,5.01,0,0,0.0
MKT003596,2025-04-04,Поисковая реклама,Сезонная акция,Новый,Компьютер,18.88,0,0,0.0
MKT002632,2025-01-05,Email,Ретаргетинг,Новый,Компьютер,1.71,0,0,0.0
MKT000979,2025-01-28,Социальные сети,Имиджевая кампания,Новый,Мобильное устройство,11.0,0,0,0.0
MKT004197,2025-06-08,Медийная реклама,Ретаргетинг,Повторный,Компьютер,9.48,0,0,0.0
MKT009474,2025-11-16,Email,Программа лояльности,Повторный,Компьютер,2.04,0,0,0.0
MKT007287,2025-08-13,Медийная реклама,Сезонная акция,Новый,Планшет,5.54,0,0,0.0
MKT006694,2025-03-13,Email,Сезонная акция,Повторный,Мобильное устройство,1.91,1,0,0.0
MKT008021,2025-12-29,Поисковая реклама,Ретаргетинг,Новый,Мобильное устройство,19.13,0,0,0.0
MKT005205,2025-08-23,Медийная реклама,Программа лояльности,Лояльный,Мобильное устройство,3.41,0,0,0.0
MKT002250,2025-01-12,Социальные сети,Ретаргетинг,Повторный,Компьютер,12.37,0,0,0.0
MKT000581,2025-09-15,Социальные сети,Программа лояльности,Лояльный,Компьютер,9.19,0,0,0.0
MKT005281,2025-05-10,соцсети,Имиджевая кампания,Новый,Мобильное устройство,8.42,1,0,0.0
MKT007905,2025-05-26,Поисковая реклама,Программа лояльности,Повторный,Мобильное устройство,16.63,0,0,0.0
MKT006730,2025-05-01,Медийная реклама,Имиджевая кампания,Повторный,Мобильное устройство,5.75,0,0,0.0
MKT002508,2025-08-01,Социальные сети,Ретаргетинг,Лояльный,Мобильное устройство,7.77,0,0,
MKT003376,2025-06-27,Социальные сети,Сезонная акция,Повторный,Мобильное устройство,14.03,0,0,0.0
MKT009095,2025-03-29,Социальные сети,Новый продукт,Лояльный,Мобильное устройство,8.83,0,0,0.0
MKT009154,2025-11-12,Push,Программа лояльности,Повторный,Мобильное устройство,1.01,0,0,0.0
MKT004964,2025-08-04,Email,Новый продукт,Новый,Мобильное устройство,2.48,0,0,0.0
MKT005145,2025-11-30,Медийная реклама,Ретаргетинг,Новый,Мобильное устройство,4.65,0,1,0.0
MKT007962,2025-05-17,Email,Новый продукт,Повторный,Мобильное устройство,2.17,0,0,0.0
MKT002396,2025-01-12,Поисковая реклама,Сезонная акция,Лояльный,Компьютер,21.9,0,0,0.0
MKT007092,2025-10-17,Поисковая реклама,Новый продукт,Повторный,Планшет,22.61,0,0,0.0
MKT007872,2025-01-22,Социальные сети,Новый продукт,Лояльный,Планшет,8.94,0,0,0.0
MKT004384,2025-04-05,Email,Имиджевая кампания,Повторный,Компьютер,3.35,0,0,0.0
MKT000597,2025-06-14,Email,Новый продукт,Повторный,Компьютер,2.84,1,0,0.0
MKT000532,2025-10-12,Email,Сезонная акция,Повторный,Мобильное устройство,2.86,0,0,0.0
MKT002737,2025-10-06,Поисковая реклама,Сезонная акция,Лояльный,Планшет,19.4,0,0,0.0
MKT005725,2025-03-20,Email,Сезонная акция,Повторный,Компьютер,2.53,0,0,0.0
MKT004999,2025-10-15,Push,Новый продукт,Повторный,Мобильное устройство,1.99,0,0,0.0
MKT001331,2025-08-18,Push,Имиджевая кампания,Новый,Мобильное устройство,1.77,0,0,0.0
MKT008356,2025-03-27,Поисковая реклама,Программа лояльности,Новый,Компьютер,12.59,0,0,0.0
MKT005949,2025-03-16,Email,Ретаргетинг,Новый,Мобильное устройство,2.63,0,0,0.0
MKT004606,2025-01-25,Социальные сети,Программа лояльности,Повторный,Мобильное устройство,6.81,0,0,0.0
MKT005904,2025-04-06,Push,Имиджевая кампания,Новый,Мобильное устройство,1.57,0,0,0.0
MKT003114,2025-03-14,Email,Сезонная акция,Повторный,Компьютер,2.18,0,0,0.0
MKT004290,2025-10-11,Медийная реклама,Новый продукт,Новый,Мобильное устройство,6.91,0,0,0.0
MKT005410,2025-07-06,Поисковая реклама,Имиджевая кампания,Новый,Мобильное устройство,24.82,0,0,0.0
MKT006603,2025-12-04,Push,Ретаргетинг,Новый,Мобильное устройство,1.06,0,0,0.0
MKT009307,2025-09-19,Поисковая реклама,Новый продукт,Повторный,Мобильное устройство,20.79,0,0,0.0
MKT001316,2025-02-28,Социальные сети,Ретаргетинг,Повторный,Компьютер,8.97,0,0,0.0
MKT009957,2025-06-12,Медийная реклама,Новый продукт,Повторный,Мобильное устройство,7.32,0,0,0.0
MKT000477,2025-04-13,Поисковая реклама,Ретаргетинг,Лояльный,Компьютер,17.32,0,0,0.0
MKT000825,2025-02-24,Медийная реклама,Имиджевая кампания,Повторный,Мобильное устройство,4.27,0,0,0.0
MKT006254,2025-06-16,Email,Имиджевая кампания,Новый,Компьютер,2.2,0,0,0.0
MKT001287,2025-01-22,Email,Сезонная акция,Новый,Мобильное устройство,2.59,0,0,0.0
MKT003296,2025-02-21,Медийная реклама,Ретаргетинг,Повторный,Компьютер,10.14,0,0,0.0
MKT009580,2025-08-20,Социальные сети,Имиджевая кампания,Новый,Компьютер,10.55,1,0,0.0
MKT006856,2025-01-13,Социальные сети,Новый продукт,Лояльный,Мобильное устройство,5.91,0,0,0.0
MKT000777,2025-11-30,Медийная реклама,Имиджевая кампания,Повторный,Компьютер,4.65,0,0,0.0
MKT002830,2025-09-03,Социальные сети,Программа лояльности,Повторный,КОМПЬЮТЕР,8.74,0,0,0.0
MKT006427,2025-05-19,Push,Новый продукт,Повторный,Мобильное устройство,1.5,0,0,0.0
MKT009512,2025-06-28,Email,Ретаргетинг,Повторный,Мобильное устройство,2.54,0,0,0.0
MKT003484,2025-09-07,Push,Ретаргетинг,Лояльный,Мобильное устройство,1.35,0,0,0.0
MKT004991,2025-04-13,Медийная реклама,Новый продукт,Повторный,Мобильное устройство,6.74,0,0,0.0
MKT005050,13.12.2025,Push,Сезонная акция,Повторный,Мобильное устройство,1.89,1,0,0.0
MKT005377,2025-05-04,Медийная реклама,Сезонная акция,Лояльный,Мобильное устройство,4.53,0,0,0.0
MKT009711,2025-07-09,Push,Имиджевая кампания,Лояльный,Компьютер,1.55,1,0,0.0
MKT003798,2025-06-22,Push,Имиджевая кампания,Повторный,Мобильное устройство,1.69,0,0,0.0
MKT007920,2025-01-28,Поисковая реклама,Сезонная акция,Новый,Мобильное устройство,21.21,0,0,0.0
MKT002589,2025-08-14,Социальные сети,Имиджевая кампания,Новый,Мобильное устройство,9.91,0,0,0.0
MKT005153,2025-07-25,Поисковая реклама,Имиджевая кампания,Новый,Мобильное устройство,18.73,0,0,0.0
MKT005950,2025-08-05,Email,Программа лояльности,Лояльный,Мобильное устройство,1.83,1,0,0.0
MKT008441,2025-11-05,Социальные сети,Имиджевая кампания,Повторный,Мобильное устройство,8.58,0,0,0.0
MKT004869,2025-07-01,Email,Имиджевая кампания,Новый,Мобильное устройство,1.88,0,0,0.0
MKT003779,2025-07-03,Email,Сезонная акция,Новый,Мобильное устройство,2.24,0,0,0.0
MKT009890,2025-01-05,,Ретаргетинг,Новый,Мобильное устройство,2.36,0,0,0.0
MKT006484,2025-08-05,Медийная реклама,Новый продукт,Повторный,Компьютер,6.93,0,0,0.0
MKT000513,2025-09-03,Медийная реклама,Новый продукт,Новый,Компьютер,12.55,0,0,0.0
MKT006140,2025-10-26,Push,Программа лояльности,Новый,Планшет,1.08,0,0,0.0
MKT009542,2025-10-03,Push,Новый продукт,Новый,Мобильное устройство,1.43,0,0,0.0
MKT006106,2025-10-12,Email,Ретаргетинг,Новый,Компьютер,1.52,0,0,0.0
MKT003578,2025-11-14,Поисковая реклама,Программа лояльности,Лояльный,Компьютер,13.07,0,0,0.0
MKT006430,2025-10-03,Поисковая реклама,Новый продукт,Новый,Компьютер,28.46,0,0,0.0
MKT005327,2025-07-23,Поисковая реклама,Ретаргетинг,Новый,Мобильное устройство,15.72,0,0,0.0
MKT004587,2025-01-15,Медийная реклама,Новый продукт,Новый,Мобильное устройство,7.67,0,0,0.0
MKT009010,2025-02-14,Медийная реклама,Имиджевая кампания,Новый,Компьютер,10.63,0,0,0.0
MKT001694,2025-10-04,Поисковая реклама,Ретаргетинг,Новый,Планшет,20.95,0,1,0.0
MKT005997,2025-04-03,Поисковая реклама,Программа лояльности,Лояльный,Мобильное устройство,16.59,0,0,0.0
MKT006272,2025-08-24,Email,Сезонная акция,Повторный,Компьютер,2.54,0,0,0.0
MKT009115,2025-10-05,Поисковая реклама,Сезонная акция,Повторный,Компьютер,18.97,0,0,0.0
MKT006511,2025-09-10,Поисковая реклама,Сезонная акция, лояльный,Компьютер,23.95,1,1,6208.79
MKT001083,2025-07-15,Поисковая реклама,Сезонная акция,Новый,Планшет,23.36,0,0,0.0
MKT007345,2025-04-16,Социальные сети,Ретаргетинг,Новый,Мобильное устройство,10.2,0,0,0.0
MKT007196,2025-11-23,Email,Программа лояльности,Повторный,Планшет,2.11,0,0,0.0
MKT001697,2025-04-05,Медийная реклама,Сезонная акция,Новый,Мобильное устройство,5.76,0,0,0.0
MKT007428,2025-10-30,Поисковая реклама,Ретаргетинг,Повторный,Компьютер,22.83,0,0,0.0
MKT000417,2025-10-02,Push,Новый продукт,Лояльный,Мобильное устройство,2.28,0,0,0.0
MKT001612,2025-04-02,Email,Сезонная акция,Повторный,Мобильное устройство,1.62,0,0,0.0
MKT002789,2025-11-26,Медийная реклама,Ретаргетинг,Новый,Компьютер,5.83,0,0,0.0
MKT000153,2025-08-02,Социальные сети,Имиджевая кампания,Лояльный,Компьютер,8.73,0,0,0.0
MKT003440,2025-06-18,Медийная реклама,Программа лояльности,Лояльный,Мобильное устройство,6.63,0,0,0.0
MKT005140,2025-11-25,Email,Сезонная акция,Новый,Мобильное устройство,1.95,0,0,0.0
MKT002105,2025-12-10,Социальные сети,Имиджевая кампания,Лояльный,Мобильное устройство,7.3,1,0,0.0
MKT007104,2025-03-04,Поисковая реклама,Имиджевая кампания,Повторный,Мобильное устройство,16.04,0,0,0.0
MKT009185,2025-08-24,Социальные сети,Сезонная акция,Лояльный,Компьютер,15.09,0,0,0.0
MKT005799,2025-07-24,Email,Новый продукт,Новый,Компьютер,2.86,0,0,0.0
MKT004177,2025-12-17,Медийная реклама,Сезонная акция,Лояльный,Компьютер,8.45,1,0,0.0
MKT008025,2025-06-24,Email,Ретаргетинг,Новый,Мобильное устройство,2.2,0,0,0.0
MKT004022,2025-04-22,Push,Программа лояльности,Новый,Мобильное устройство,1.05,0,0,0.0
MKT001302,2025-12-11,Поисковая реклама,Сезонная акция,Повторный,Мобильное устройство,19.26,0,0,0.0
MKT003501,2025-03-17,Социальные сети,Новый продукт,Новый,Компьютер,8.15,0,0,0.0
MKT001095,2025-09-09,Медийная реклама,Сезонная акция,Новый,Мобильное устройство,6.83,0,0,7747.0
MKT007621,2025-06-13,Email,Сезонная акция,Повторный,Планшет,3.36,0,0,0.0
MKT001885,2025-12-18,Медийная реклама,Программа лояльности,Новый,Мобильное устройство,4.01,0,0,0.0
MKT007536,2025-06-11,Поисковая реклама,Ретаргетинг,Повторный,Планшет,17.71,0,0,0.0
MKT000674,2025-10-05,Поисковая реклама,Новый продукт,Лояльный,Мобильное устройство,26.85,0,0,0.0
MKT007183,2025-05-12,Push,Сезонная акция,Новый,Мобильное устройство,1.68,0,0,0.0
MKT006720,2025-03-16,Email,Новый продукт,Повторный,Планшет,3.22,0,0,0.0
MKT005617,2025-08-08,Поисковая реклама,Имиджевая кампания,Повторный,Мобильное устройство,22.42,0,0,0.0
MKT004637,2025-01-23,Социальные сети,Программа лояльности,Повторный,Компьютер,10.0,0,0,0.0
MKT004274,2025-10-13,Email,Имиджевая кампания,Новый,Компьютер,1.64,0,0,0.0
MKT009599,2025-08-29,Email,Ретаргетинг,Повторный,Мобильное устройство,10000.0,0,0,0.0
MKT007369,2025-08-21,Email,Сезонная акция,Повторный,Компьютер,1.4,0,0,0.0
MKT008607,18.10.2025,Социальные сети,Новый продукт,Новый,Мобильное устройство,10.91,0,0,0.0
MKT000684,2025-10-19,Push,Программа лояльности,Новый,Мобильное устройство,1.36,0,0,0.0
MKT007140,2025-05-08,Медийная реклама,Ретаргетинг,Новый,Планшет,5.27,0,0,0.0
MKT000472,2025-10-31,Поисковая реклама,Имиджевая кампания,Лояльный,Мобильное устройство,16.89,1,1,4456.71
MKT001850,2025-03-27,Социальные сети,Новый продукт,Повторный,Мобильное устройство,11.14,0,0,0.0
MKT001594,2025-03-07,Email,Новый продукт,Повторный,Компьютер,1.38,0,0,1000000.0
MKT001081,2025-01-01,Email,Ретаргетинг,Повторный,Мобильное устройство,2.63,1,0,0.0
MKT007865,2025-01-24,Поисковая реклама,Новый продукт,Повторный,Мобильное устройство,18.43,1,0,0.0
MKT008447,2025-11-09,Email,Новый продукт,Лояльный,Мобильное устройство,1.88,0,0,0.0
MKT000209,2025-11-27,Медийная реклама,Имиджевая кампания,Повторный,Компьютер,8.02,0,0,0.0
MKT006906,2025-07-10,Push,Сезонная акция,Повторный,Компьютер,2.57,0,0,0.0
MKT002472,2025-01-28,Социальные сети,Программа лояльности,Новый,Мобильное устройство,10.47,0,0,0.0
MKT008097,2025-12-07,Поисковая реклама,Программа лояльности,Лояльный,Мобильное устройство,17.63,0,0,0.0
MKT004458,2025-03-25,Поисковая реклама,Сезонная акция,Лояльный,Компьютер,18.51,1,0,0.0
MKT009050,2025-06-01,Социальные сети,Ретаргетинг,Новый,Планшет,7.78,0,0,0.0
MKT003550,2025-06-30,,Имиджевая кампания,Лояльный,Компьютер,14.25,0,0,0.0
MKT007318,2025-07-28,Медийная реклама,Новый продукт,Повторный,Мобильное устройство,4.67,0,0,0.0
MKT001492,2025-12-16,Email,Сезонная акция,Новый,Мобильное устройство,1.8,0,0,0.0
MKT002450,2025-09-03,Push,Новый продукт,Новый,Мобильное устройство,1.6,0,0,0.0
MKT004621,2025-02-26,Медийная реклама,Ретаргетинг,Новый,Мобильное устройство,3.91,0,0,0.0
MKT001088,2025-01-08,Email,Сезонная акция,Повторный,Мобильное устройство,2.88,1,0,0.0
MKT001192,2025-06-27,Push,Новый продукт,Новый,Мобильное устройство,1.35,0,0,0.0
MKT006481,2025-07-30,Поисковая реклама,Программа лояльности,Повторный,Мобильное устройство,12.55,0,0,0.0
MKT001973,2025-07-05,Email,Новый продукт,Новый,Мобильное устройство,2.57,0,0,0.0
MKT009550,2025-05-05,Социальные сети,Программа лояльности,Лояльный,Компьютер,9.3,0,0,0.0
MKT004496,2025-12-22,Социальные сети,Новый продукт,Лояльный,Мобильное устройство,8.19,0,0,0.0
MKT006957,2025-10-24,Email,Сезонная акция,Новый,Мобильное устройство,2.21,0,0,0.0
MKT000078,2025-05-01,Поисковая реклама,Новый продукт,Повторный,Мобильное устройство,25.29,0,0,0.0
MKT003875,2025-08-17,Социальные сети,Ретаргетинг,Повторный,Компьютер,9.8,0,0,0.0
MKT002738,2025-04-19,Push,Имиджевая кампания,Повторный,Мобильное устройство,2.1,0,0,0.0
MKT006310,2025-05-01,Поисковая реклама,Имиджевая кампания,Новый,Мобильное устройство,25.42,0,0,0.0
MKT008917,2025-01-14,Социальные сети,Программа лояльности,Повторный,Мобильное устройство,7.8,0,0,0.0
MKT009038,2025-07-15,Медийная реклама,Имиджевая кампания,Новый,Мобильное устройство,8.83,0,0,0.0
MKT000901,2025-02-03,Поисковая реклама,Новый продукт,Лояльный,Мобильное устройство,19.48,1,0,0.0
MKT003791,2025-01-15,Поисковая реклама,Сезонная акция,Новый,Мобильное устройство,28.92,0,0,0.0
MKT007632,02.05.2025,Медийная реклама,Сезонная акция,Повторный,Мобильное устройство,8.25,0,0,0.0
MKT007349,2025-02-05,Поисковая реклама,Ретаргетинг,Лояльный,Компьютер,24.9,1,0,0.0
MKT003431,2025-11-13,Поисковая реклама,Сезонная акция,Лояльный,Мобильное устройство,22.01,1,0,0.0
MKT005412,2025-01-14,Медийная реклама,Сезонная акция,Новый,Мобильное устройство,5.01,0,0,0.0
MKT004397,2025-04-16,Социальные сети,Программа лояльности,Повторный,Мобильное устройство,8.63,1,1,3324.08
MKT004031,2025-04-14,Поисковая реклама,Программа лояльности,Новый,Мобильное устройство,16.51,1,0,1839.0
MKT008001,2025-12-21,Поисковая реклама,Программа лояльности,Повторный,Компьютер,15.68,0,0,0.0
MKT008411,2025-07-19,соцсети,Ретаргетинг,Новый,Мобильное устройство,10.81,0,0,0.0
MKT001731,2025-07-08,Поисковая реклама,Сезонная акция,Повторный,Мобильное устройство,17.07,0,0,0.0
MKT008226,2025-11-20,Поисковая реклама,Новый продукт,Повторный,Компьютер,21.0,0,0,0.0
MKT009663,2025-09-30,Email,Новый продукт,Повторный,Мобильное устройство,2.91,0,0,0.0
MKT002675,2025-01-24,Email,Программа лояльности,Новый,Мобильное устройство,1.21,0,0,0.0
MKT006151,2025-03-05,Поисковая реклама,Новый продукт,Новый,Компьютер,24.57,1,0,0.0
MKT004350,2025-08-16,Email,Ретаргетинг,Повторный,Мобильное устройство,2.71,0,0,0.0
MKT006780,2025-09-20,Push,Ретаргетинг,Повторный,Мобильное устройство,1.31,0,0,0.0
MKT002636,2025-05-30,Социальные сети,Новый продукт,Повторный,Мобильное устройство,7.4,0,0,0.0
MKT009100,2025-07-22,Поисковая реклама,Сезонная акция,Повторный,Мобильное устройство,17.2,1,0,0.0
MKT001116,2025-06-05,Социальные сети,Ретаргетинг,Новый,Мобильное устройство,11.6,1,0,0.0
MKT009454,2025-05-08,Поисковая реклама,Сезонная акция,Лояльный,Компьютер,16.79,0,0,0.0
MKT004066,2025-08-31,Социальные сети,Программа лояльности,Повторный,Компьютер,5.96,0,0,0.0
MKT005978,2025-04-29,Поисковая реклама,Программа лояльности,Новый,Мобильное устройство,14.53,0,0,0.0
MKT002011,2025-08-26,Медийная реклама,Сезонная акция,Повторный,Мобильное устройство,4.77,0,0,0.0
MKT002584,2025-12-02,Поисковая реклама,Сезонная акция,Новый,Компьютер,20.49,0,0,0.0
MKT007976,2025-04-12,Push,Ретаргетинг,Лояльный,Мобильное устройство,1.17,0,0,0.0
MKT006910,2025-03-26,Поисковая реклама,Имиджевая кампания,Лояльный,Компьютер,24.03,0,0,0.0
MKT007180,2025-03-25,Поисковая реклама,Ретаргетинг,Новый,Мобильное устройство,25.16,0,0,0.0
MKT000250,2025-07-21,Push,Новый продукт,Повторный,Мобильное устройство,1.43,0,0,0.0
MKT001754,2025-12-13,Email,Ретаргетинг,Лояльный,Мобильное устройство,2.8,0,0,0.0
MKT008301,2025-11-18,Push,Сезонная акция,Новый,Компьютер,1.9,0,0,0.0
MKT007903,2025-12-20,Поисковая реклама,Сезонная акция,Повторный,Мобильное устройство,24.97,0,0,0.0
MKT004549,2025-04-05,Email,Имиджевая кампания,Повторный,Мобильное устройство,2.48,0,0,0.0
MKT000869,2025-02-07,Email,Сезонная акция,Повторный,Компьютер,1.92,0,0,0.0
MKT002218,2025-02-20,Email,Ретаргетинг,Лояльный,Планшет,1.91,0,0,0.0
MKT004680,2025-07-23,Email,сезонная акция ,Новый,Компьютер,1.26,0,0,0.0
MKT006433,2025-04-08,Email,Сезонная акция,Новый,Компьютер,3.06,0,0,0.0
MKT004135,2025-10-27,Email,Программа лояльности,Повторный,Компьютер,2.05,1,0,0.0
MKT001720,2025-05-09,Email,Сезонная акция,Новый,Мобильное устройство,2.18,0,0,0.0
MKT001862,2025-09-01,Социальные сети,Новый продукт,Повторный,Мобильное устройство,11.14,0,0,0.0
MKT009289,2025-02-18,Email,Сезонная акция,Новый,Компьютер,2.51,1,0,0.0
MKT008221,2025-06-09,Email,Имиджевая кампания,Новый,Мобильное устройство,3.0,0,0,0.0
MKT006627,2025-12-26,Push,Ретаргетинг,Повторный,Компьютер,1.0,0,0,0.0
MKT008835,2025-01-30,Социальные сети,Ретаргетинг,Повторный,Мобильное устройство,9.17,0,0,0.0
MKT004486,2025-08-30,Push,Программа лояльности,Повторный,Компьютер,1.98,0,0,0.0
MKT002434,2025-06-16,Поисковая реклама,Сезонная акция,Повторный,Мобильное устройство,15.5,0,0,0.0
MKT007997,2025-06-07,Email,Сезонная акция,Повторный,Компьютер,2.7,0,0,0.0
MKT009103,2025-04-12,Социальные сети,Новый продукт,Лояльный,Мобильное устройство,14.17,0,0,0.0
MKT003843,2025-11-27,Push,Сезонная акция,Повторный,Компьютер,1.7,1,0,0.0
MKT005348,2025-10-23,Социальные сети,Имиджевая кампания,Повторный,Компьютер,10.72,0,0,0.0
MKT006832,2025-01-22,Email,Сезонная акция,Лояльный,Мобильное устройство,2.38,0,0,0.0
MKT000604,2025-07-01,Социальные сети,Новый продукт,Новый,Компьютер,10.44,0,0,0.0
MKT001043,2025-06-16,Push,Имиджевая кампания,Новый,Мобильное устройство,2.01,0,0,0.0
MKT003450,2025-11-05,Email,Имиджевая кампания,Повторный,Компьютер,2.64,0,0,0.0
MKT004305,2025-12-18,Социальные сети,Ретаргетинг,Повторный,Планшет,,0,0,0.0
MKT007289,2025-04-23,Социальные сети,Имиджевая кампания,Повторный,Мобильное устройство,16.39,0,0,0.0
MKT004958,2025-07-03,Медийная реклама,Новый продукт,Новый,Мобильное устройство,6.38,0,0,0.0
MKT005823,2025-10-13,Email,Ретаргетинг,Лояльный,Мобильное устройство,2.81,0,0,0.0
MKT006686,2025-03-27,Медийная реклама,Сезонная акция,Повторный,Компьютер,7.97,0,0,0.0
MKT009008,2025-09-09,Email,Имиджевая кампания,Новый,Мобильное устройство,2.42,0,0,0.0
MKT004245,2025-08-27,Поисковая реклама,Программа лояльности,Повторный,Мобильное устройство,22.04,0,0,0.0
MKT001107,2025-03-14,Медийная реклама,Ретаргетинг,Новый,Мобильное устройство,6.55,0,0,0.0
MKT008402,2025-10-24,Медийная реклама, имиджевая кампания ,Повторный,Компьютер,7.52,0,0,0.0
MKT004907,2025-12-09,Медийная реклама,Имиджевая кампания,Повторный,Мобильное устройство,5.94,0,0,0.0
MKT007449,2025-10-10,Поисковая реклама,Ретаргетинг,Новый,Мобильное устройство,23.01,0,0,0.0
MKT002867,2025-01-11,Email,Ретаргетинг,Новый,Мобильное устройство,2.27,0,0,0.0
MKT008975,2025-01-01,Push,Ретаргетинг,Повторный,Мобильное устройство,1.8,0,0,0.0
MKT004839,2025-03-12,Социальные сети,Ретаргетинг,Новый,Мобильное устройство,9.57,0,0,0.0
MKT000844,2025-03-01,Медийная реклама,Программа лояльности,Повторный,Компьютер,4.49,0,0,0.0
MKT004133,2025-08-30,Социальные сети,Новый продукт,Повторный,Планшет,10.32,0,0,0.0
MKT008863,2025-10-25,Push,Новый продукт,Новый,Компьютер,1.95,0,0,0.0
MKT009671,2025-01-03,Email,Имиджевая кампания,Повторный,Мобильное устройство,2.47,0,0,0.0
MKT002755,2025-12-16,Поисковая реклама,Ретаргетинг,Повторный,Мобильное устройство,16.86,0,0,0.0
MKT006231,2025-09-25,Email,Ретаргетинг,Новый,Компьютер,1.9,1,1,3940.16
MKT001177,2025-09-10,Поисковая реклама,Имиджевая кампания,Повторный,Мобильное устройство,20.8,1,0,0.0
MKT002357,2025-09-29,Email,Программа лояльности,Повторный,Мобильное устройство,1.86,0,0,0.0
MKT000348,2025-07-25,,Имиджевая кампания,Новый,Компьютер,1.86,0,0,0.0
MKT009874,2025-04-02,Email,Ретаргетинг,Новый,Компьютер,2.06,0,0,0.0
MKT007538,2025-05-19,Медийная реклама,Имиджевая кампания,Повторный,Компьютер,7.07,0,0,0.0
MKT002818,2025-10-19,Медийная реклама,Программа лояльности,Лояльный,Мобильное устройство,5.42,0,0,0.0
MKT001147,2025-10-04,Поисковая реклама,Новый продукт,Повторный,Компьютер,14.92,1,1,5545.94
MKT003049,2025-05-13,Поисковая реклама,Новый продукт,Новый,Компьютер,27.25,1,1,6762.97
MKT001828,2025-06-15,Социальные сети,Сезонная акция,Повторный,Мобильное устройство,10.31,0,0,0.0
MKT003959,2025-12-18,Поисковая реклама,Программа лояльности,Лояльный,Компьютер,20.05,0,0,0.0
MKT003272,2025-07-09,Поисковая реклама,Ретаргетинг,Повторный,Компьютер,15.34,0,0,0.0
MKT008100,2025-09-14,Push,Ретаргетинг,Новый,Мобильное устройство,1.58,1,0,0.0
MKT005974,2025-08-11,Email,Ретаргетинг,Новый,Мобильное устройство,1.68,0,0,0.0
MKT005814,2025-05-26,Push,Имиджевая кампания,Новый,Мобильное устройство,1.58,0,0,0.0
MKT007213,2025-03-25,Социальные сети,Имиджевая кампания,Новый,Мобильное устройство,9.19,0,0,0.0
MKT008935,2025-06-30,Социальные сети,Программа лояльности,Повторный,Мобильное устройство,5.85,0,0,0.0
MKT003180,2025-01-14,Поисковая реклама,Программа лояльности,Новый,Мобильное устройство,21.82,1,1,4704.85
MKT000687,2025-05-16,Push,Имиджевая кампания,Новый,Мобильное устройство,1.2,0,0,0.0
MKT006979,2025-04-12,Социальные сети,Имиджевая кампания,Повторный,Планшет,10.38,0,0,0.0
MKT007402,2025-08-01,Поисковая реклама,Сезонная акция,Новый,Мобильное устройство,21.2,0,0,0.0
MKT001055,2025-09-02,Поисковая реклама,Новый продукт,Новый,Мобильное устройство,23.62,0,0,0.0
MKT000330,2025-07-27,Социальные сети,Ретаргетинг,Лояльный,Планшет,,0,0,0.0
MKT002832,2025-03-25,Поисковая реклама,Сезонная акция,Новый,Мобильное устройство,21.98,0,0,0.0
MKT004284,2025-01-02,Поисковая реклама,Новый продукт,Повторный,Компьютер,23.55,0,0,0.0
MKT006065,2025-07-20,Email,Новый продукт,Новый,Компьютер,2.5,0,0,0.0
MKT003036,2025-01-10,Социальные сети,Сезонная акция,Повторный,Компьютер,15.38,0,0,0.0
MKT008900,2025-03-14,Медийная реклама,Ретаргетинг,Новый,Мобильное устройство,4.49,0,0,0.0
MKT006491,2025-05-21,Поисковая реклама,Новый продукт,Повторный,Мобильное устройство,26.37,1,0,0.0
MKT006116,2025-03-03,Поисковая реклама,Сезонная акция,Повторный,Мобильное устройство,19.49,0,0,0.0
MKT004581,2025-03-12,Социальные сети,Ретаргетинг,Повторный,Мобильное устройство,9.66,0,0,0.0
MKT001558,2025-10-31,Поисковая реклама,Сезонная акция,Лояльный,Мобильное устройство,16.86,1,1,5213.88
MKT006911,2025-10-18,Поисковая реклама,Сезонная акция,Лояльный,Компьютер,16.74,0,0,0.0
MKT003838,2025-11-20,Социальные сети,Ретаргетинг,Повторный,Мобильное устройство,8.67,0,0,0.0
MKT000285,2025-07-31,Социальные сети,Программа лояльности,Лояльный,Компьютер,6.3,0,0,0.0
MKT007568,2025-10-28,Социальные сети,Новый продукт,Повторный,Компьютер,6.93,0,0,0.0
MKT006354,2025-11-28,Push,Ретаргетинг,Новый,Мобильное устройство,1.64,0,0,0.0
MKT008642,2025-01-31,Поисковая реклама,Имиджевая кампания,Новый,Мобильное устройство,21.19,0,0,0.0
MKT000973,2025-11-25,Поисковая реклама,Программа лояльности,Повторный,Мобильное устройство,15.84,0,0,0.0
MKT002094,2025-04-27,Социальные сети,Программа лояльности,Повторный,Планшет,6.2,0,0,0.0
MKT002177,2025-07-31,Социальные сети,Сезонная акция,Новый,Мобильное устройство,13.53,0,0,0.0
MKT000238,2025-07-02,Медийная реклама,Сезонная акция,Лояльный,Мобильное устройство,5.45,0,0,0.0
MKT003287,2025-10-11,Email,Сезонная акция,Новый,Мобильное устройство,1.22,0,0,0.0
MKT002851,2025-12-19,Медийная реклама,Имиджевая кампания,Лояльный,Мобильное устройство,7.04,0,0,0.0
MKT008414,2025-02-27,Социальные сети,Программа лояльности,Новый,Мобильное устройство,6.28,0,0,0.0
MKT000663,2025-02-03,Email,Ретаргетинг,Новый,Компьютер,2.29,0,0,0.0
MKT004357,2025-09-10,Социальные сети,Новый продукт,Повторный,Компьютер,12.39,1,1,8040.89
MKT007056,2025-05-05,Социальные сети,Имиджевая кампания,Лояльный,Компьютер,11.02,0,0,0.0
MKT001925,2025-08-04,Медийная реклама,Ретаргетинг,Лояльный,Мобильное устройство,7.36,0,0,0.0
MKT007947,2025-03-03,Поисковая реклама,Сезонная акция,Новый,Мобильное устройство,23.3,1,0,0.0
MKT009723,2025-03-18,Социальные сети,Сезонная акция,Новый,Мобильное устройство,8.4,0,0,0.0
MKT000178,2025-11-22,Email,Программа лояльности,Лояльный,Мобильное устройство,1.87,1,0,0.0
MKT008759,2025-09-02,Поисковая реклама,Новый продукт,Повторный,Компьютер,22.83,1,0,0.0
MKT008897,2025-04-16,Социальные сети,Сезонная акция,Новый,Мобильное устройство,10.4,0,0,0.0
MKT003105,2025-12-19,Поисковая реклама,Программа лояльности,Новый,Мобильное устройство,15.84,0,0,0.0
MKT009744,2025-05-07,Push,Сезонная акция,Новый,Компьютер,1.57,0,0,0.0
MKT005938,2025-05-09,Push,Сезонная акция,Лояльный,Мобильное устройство,1.59,0,0,0.0
MKT003264,2025-04-15,Email,Ретаргетинг,Повторный,Мобильное устройство,1.35,0,0,0.0
MKT005863,2025-02-06,Социальные сети,Новый продукт,Повторный,Компьютер,10.19,0,0,0.0
MKT008316,2025-02-08,Социальные сети,Имиджевая кампания,Новый,Мобильное устройство,9.0,0,0,0.0
MKT008895,2025-08-10,Push,Программа лояльности,Лояльный,Мобильное устройство,1.73,0,0,0.0
MKT005527,2025-04-14,Медийная реклама,Программа лояльности,Лояльный,Мобильное устройство,6.14,0,0,0.0
MKT002731,2025-09-06,Медийная реклама,Ретаргетинг,Лояльный,Компьютер,5.22,0,0,0.0
MKT006146,2025-03-08,Email,Новый продукт,Лояльный,Компьютер,2.25,0,0,0.0
MKT008315,2025-09-02,Поисковая реклама,Сезонная акция,Новый,Компьютер,21.12,0,0,0.0
MKT003518,2025-09-22,Поисковая реклама,Программа лояльности,Новый,Мобильное устройство,10.64,0,0,0.0
MKT007309,2025-04-11,Социальные сети,Ретаргетинг,Лояльный,Мобильное устройство,12.01,0,0,0.0
MKT009014,2025-03-14,Социальные сети,Ретаргетинг,Лояльный,Мобильное устройство,6.57,0,0,0.0
MKT009724,2025-11-18,Email,Программа лояльности,Новый,Мобильное устройство,2.5,0,0,0.0
MKT008802,2025-08-31,Медийная реклама,Ретаргетинг,Лояльный,Мобильное устройство,5.55,0,0,0.0
MKT005354,2025-08-12,Поисковая реклама,Новый продукт,Лояльный,Мобильное устройство,12.47,0,0,0.0
MKT005418,2025-11-14,Медийная реклама,Программа лояльности,Новый,Мобильное устройство,4.8,0,0,0.0
MKT009078,2025-07-28,Социальные сети,Имиджевая кампания,Новый,Мобильное устройство,7.61,0,0,0.0
MKT003121,2025-06-17,Email,Ретаргетинг,Повторный,Мобильное устройство,1.69,0,0,0.0
MKT003723,2025-06-02,Поисковая реклама,сезонная акция ,Новый,Планшет,20.93,1,0,0.0
MKT002898,2025-02-03,Поисковая реклама,Новый продукт,Повторный,Мобильное устройство,28.53,1,0,0.0
MKT000742,2025-09-20,Социальные сети,Сезонная акция,Новый,Компьютер,11.35,0,0,0.0
MKT004122,2025-01-10,Email,Программа лояльности,Новый,Компьютер,1.54,1,0,0.0
MKT002629,2025-06-26,Поисковая реклама,Сезонная акция,Новый,Мобильное устройство,25.16,0,0,0.0
MKT008571,2025-12-26,Email,Ретаргетинг,Лояльный,Мобильное устройство,1.74,0,0,0.0
MKT009184,2025-05-28,Email,Сезонная акция,Повторный,Мобильное устройство,3.42,0,0,0.0
MKT008685,2025-08-08,Поисковая реклама,Ретаргетинг,Новый,Мобильное устройство,14.83,0,0,0.0
MKT001761,2025-05-11,Push,Ретаргетинг,Новый,Мобильное устройство,1.36,0,0,0.0
MKT006068,2025-10-28,Push,Новый продукт,Повторный,Мобильное устройство,1.67,0,0,0.0
MKT003155,2025-03-15,Поисковая реклама,Ретаргетинг,Лояльный,Мобильное устройство,17.31,2,0,0.0
MKT006235,2025-06-04,Поисковая реклама,Новый продукт,Повторный,Мобильное устройство,27.26,0,0,
MKT007808,2025-08-03,Email,Ретаргетинг,Повторный,Компьютер,1.87,0,0,0.0
MKT007333,2025-06-10,Email,Сезонная акция,Новый,Компьютер,2.4,0,0,0.0
MKT007641,2025-08-11,Поисковая реклама,Ретаргетинг,Повторный,Компьютер,20.06,0,0,0.0
MKT003619,2025-05-11,Email,Имиджевая кампания,Повторный,Планшет,2.52,0,0,0.0
MKT007386,2025-01-04,Социальные сети,Ретаргетинг,Лояльный,Компьютер,8.27,0,0,0.0
MKT009572,2025-08-24,Социальные сети,Программа лояльности,Повторный,Мобильное устройство,9.11,0,0,0.0
MKT000574,2025-07-14,Поисковая реклама,Новый продукт,Новый,Компьютер,21.1,0,0,0.0
MKT005220,2025-05-19,Социальные сети,Новый продукт,Лояльный,Мобильное устройство,9.76,0,0,0.0
MKT005288,2025-06-27,Push,Ретаргетинг,Повторный,Компьютер,1.75,0,0,0.0
MKT007706,2025-11-03,Push,Сезонная акция,Новый,Мобильное устройство,1.7,1,0,0.0
MKT004932,2025-01-18,Поисковая реклама,Новый продукт,Новый,Компьютер,19.52,1,0,0.0
MKT003097,2025-02-28,Email,Ретаргетинг,Новый,Компьютер,2.11,0,0,0.0
MKT009063,2025-03-13,Поисковая реклама,Сезонная акция,Новый,Мобильное устройство,30.16,1,0,0.0
MKT000493,2025-07-25,Социальные сети,Сезонная акция,Повторный,Мобильное устройство,11.19,0,0,0.0
MKT002263,2025-04-22,Email,Сезонная акция,Повторный,Мобильное устройство,2.22,0,0,0.0
MKT007081,2025-05-24,Email,Ретаргетинг,Повторный,Мобильное устройство,3.05,0,0,0.0
MKT009211,2025-04-11,Социальные сети,Новый продукт,Новый,Компьютер,11.05,0,0,0.0
MKT002429,2025-11-10,Email,Новый продукт,Повторный,Компьютер,2.14,0,0,0.0
MKT000841,2025-04-19,Email,Ретаргетинг,Повторный,Планшет,2.06,0,0,0.0
MKT000824,2025-10-24,Медийная реклама,Ретаргетинг,Новый,Мобильное устройство,6.69,0,0,0.0
MKT003855,2025-01-31,Социальные сети,Новый продукт,Новый,Планшет,11.61,0,0,0.0
MKT004008,2025-11-29,Email,Сезонная акция,Лояльный,Мобильное устройство,2.17,0,0,0.0
MKT002596,2025-01-17, email ,Программа лояльности,Новый,Компьютер,1.46,0,0,0.0
MKT008675,2025-07-01,Поисковая реклама,Имиджевая кампания,Новый,Мобильное устройство,18.09,0,0,0.0
MKT005491,2025-12-27,Email,Программа лояльности,Повторный,Мобильное устройство,1.64,1,0,0.0
MKT009679,2025-12-12,Email,Программа лояльности,Новый,Мобильное устройство,1.32,0,0,0.0
MKT008036,2025-02-03,Поисковая реклама,Программа лояльности,Новый,Мобильное устройство,20.87,0,0,0.0
MKT006026,2025-07-05,Поисковая реклама,Программа лояльности,Лояльный,Мобильное устройство,23.92,1,0,0.0
MKT005013,2025-06-10,Медийная реклама,Программа лояльности,Новый,Мобильное устройство,6.56,0,0,0.0
MKT007922,2025-03-01,Социальные сети,Имиджевая кампания,Лояльный,Мобильное устройство,11.81,1,1,5317.88
MKT000757,2025-06-13,Поисковая реклама,Имиджевая кампания,Повторный,Мобильное устройство,18.61,0,0,0.0
MKT003637,2025-07-25,Поисковая реклама,Ретаргетинг,Повторный,Планшет,18.45,1,0,0.0
MKT006054,2025-06-26,Социальные сети,Сезонная акция,Новый,Мобильное устройство,7.94,0,0,0.0
MKT001677,2025-09-24,Push,Программа лояльности,Лояльный,Компьютер,1.21,0,0,0.0
MKT002726,2025-12-15,Медийная реклама,Сезонная акция,Новый,Мобильное устройство,7.2,0,0,0.0
MKT008306,2025-11-07,Социальные сети,Ретаргетинг,Повторный,Компьютер,6.85,0,0,0.0
MKT009945,2025-09-06,Поисковая реклама,Программа лояльности,Повторный,Компьютер,11.57,0,0,0.0
MKT009873,2025-06-12,Медийная реклама,Ретаргетинг,Новый,Компьютер,6.01,0,0,0.0
MKT005274,2025-10-02,Push,Имиджевая кампания,Новый,Мобильное устройство,1.45,1,0,0.0
MKT006994,2025-06-16,Push,Ретаргетинг,Новый,Планшет,1.42,0,0,0.0
MKT005911,2025-04-21,Социальные сети,Программа лояльности,Новый,Мобильное устройство,13.38,0,0,0.0
MKT006390,2025-04-15,Email,Ретаргетинг,Новый,Компьютер,2.21,0,0,0.0
MKT001459,2025-03-23,Поисковая реклама,Ретаргетинг,Повторный,Компьютер,21.05,1,0,0.0
MKT000496,2025-12-22,Push,Ретаргетинг,Новый,Мобильное устройство,1.53,1,0,0.0
MKT005689,2025-11-29,Push,Программа лояльности,Новый,Мобильное устройство,1.45,0,0,0.0
MKT008390,2025-01-29,Социальные сети,Сезонная акция,Повторный,Мобильное устройство,9.61,0,0,0.0
MKT008029,2025-09-15,Социальные сети,Имиджевая кампания,Лояльный,Мобильное устройство,10.39,0,0,0.0
MKT007633,15.04.2025,Социальные сети,Ретаргетинг,Новый,Мобильное устройство,9.43,0,0,0.0
MKT007535,2025-06-27,Поисковая реклама,Ретаргетинг,Повторный,Компьютер,21.95,0,0,0.0
MKT009591,2025-06-29,Поисковая реклама,Ретаргетинг,Лояльный,Мобильное устройство,22.08,0,0,0.0
MKT002183,2025-01-14,Email,Программа лояльности,Лояльный,Мобильное устройство,2.12,1,0,0.0
MKT003001,2025-02-28,Медийная реклама,Программа лояльности,Повторный,Мобильное устройство,5.25,0,0,0.0
MKT009319,2025-06-26,Медийная реклама,Программа лояльности,Повторный,Мобильное устройство,4.42,0,0,0.0
MKT005488,2025-04-18,Поисковая реклама,Сезонная акция,Лояльный,Планшет,22.45,0,0,0.0
MKT004786,2025-12-30, медийная реклама ,Сезонная акция,Новый,Мобильное устройство,6.33,1,0,0.0
MKT008693,2025-02-16,Медийная реклама,Новый продукт,Новый,Мобильное устройство,5.58,0,0,0.0
MKT009821,2025-10-18,Поисковая реклама,Новый продукт,Новый,Мобильное устройство,22.94,1,0,0.0
MKT001572,2025-02-21,Email,Имиджевая кампания,Новый,Мобильное устройство,2.36,0,0,0.0
MKT003884,2025-10-14,Email,Ретаргетинг,Новый,Мобильное устройство,2.19,0,0,0.0
MKT004456,2025-01-10,Push,Новый продукт,Повторный,Компьютер,2.35,0,0,0.0
MKT003868,2025-07-09,Поисковая реклама,Сезонная акция,Повторный,Мобильное устройство,19.37,0,0,0.0
MKT007214,2025-10-25,Медийная реклама,Новый продукт,Повторный,Мобильное устройство,7.93,0,0,0.0
MKT009027,2025-06-30,Социальные сети,Программа лояльности,Повторный,Мобильное устройство,8.06,0,0,0.0
MKT001161,2025-08-04,Социальные сети,Ретаргетинг,Новый,Компьютер,8.43,0,0,0.0
MKT005517,2025-01-20,Push,Сезонная акция,Новый,Компьютер,1.3,0,0,0.0
MKT005726,2025-11-25,Социальные сети,НОВЫЙ ПРОДУКТ,Новый,мобильное ,12.84,0,0,0.0
MKT006571,2025-02-25,Поисковая реклама,Сезонная акция,Новый,Мобильное устройство,23.69,1,0,0.0
MKT008394,2025-01-08,Push,Сезонная акция,Повторный,Мобильное устройство,1.63,0,0,0.0
MKT008132,2025-11-16,Социальные сети,Программа лояльности,Новый,Мобильное устройство,5.33,0,0,0.0
MKT004453,2025-03-09,Медийная реклама,Ретаргетинг,Новый,Мобильное устройство,6.18,0,0,5203.0
MKT005919,2025-10-12,Поисковая реклама,Имиджевая кампания,Повторный,Мобильное устройство,19.24,0,0,0.0
MKT001414,2025-10-10,Медийная реклама,Ретаргетинг,Повторный,Компьютер,6.12,0,0,0.0
MKT003158,2025-01-20,Поисковая реклама,Сезонная акция,Новый,Компьютер,19.25,1,0,0.0
MKT005339,2025-09-27,Email,Ретаргетинг,Новый,Мобильное устройство,2.09,0,0,0.0
MKT005251,2025-04-28,Email,Ретаргетинг,Повторный,Мобильное устройство,2.27,0,0,0.0
MKT002671,2025-05-16,Email,Имиджевая кампания,Лояльный,Компьютер,2.6,0,0,0.0
MKT009091,2025-10-12,Социальные сети,Программа лояльности,Новый,Мобильное устройство,12.89,0,0,0.0
MKT002966,2025-05-19,Поисковая реклама,Программа лояльности,Новый,Мобильное устройство,14.72,0,0,0.0
MKT008363,2025-04-08,Социальные сети,Новый продукт,Новый,Мобильное устройство,9.36,0,0,0.0
MKT003763,2025-09-27,Медийная реклама,Ретаргетинг,Повторный,Мобильное устройство,5.63,0,0,0.0
MKT004439,2025-02-22,Поисковая реклама,Ретаргетинг,Повторный,Компьютер,17.27,0,0,0.0
MKT002445,2025-11-01,Медийная реклама,Программа лояльности,Лояльный,Мобильное устройство,4.46,0,0,0.0
MKT002463,2025-10-12,Email,Сезонная акция,Новый,Компьютер,2.23,0,0,0.0
MKT003459,2025-07-29,Push,Имиджевая кампания,Повторный,Мобильное устройство,1.89,0,0,0.0
MKT004545,2025-11-15,Медийная реклама,Ретаргетинг,Новый,Планшет,7.57,0,0,0.0
MKT002637,2025-08-14,Медийная реклама,Программа лояльности,Повторный,Мобильное устройство,4.59,0,0,0.0
MKT007689,2025-03-13,Push,Сезонная акция,Повторный,Планшет,1.54,0,0,0.0
MKT006286,2025-06-03,Поисковая реклама, имиджевая кампания ,Лояльный,Мобильное устройство,16.86,0,0,0.0
MKT003414,2025-04-17,Поисковая реклама,Сезонная акция,Повторный,Компьютер,22.99,0,0,0.0
MKT009207,2025-08-16,Email,Имиджевая кампания,Повторный,Компьютер,2.44,0,0,0.0
MKT009255,2025-04-05,Медийная реклама,Программа лояльности,Новый,Мобильное устройство,6.74,0,0,0.0
MKT005167,2025-04-22,Email,Ретаргетинг,Повторный,Мобильное устройство,1.69,1,1,5169.14
MKT008140,2025-11-28,Социальные сети,Имиджевая кампания,Новый,Компьютер,7.6,0,0,0.0
MKT006838,2025-09-14,Push,Программа лояльности,Повторный,Компьютер,0.93,0,0,0.0
MKT004155,2025-04-18,Email,Имиджевая кампания,Лояльный,Мобильное устройство,2.64,0,0,0.0
MKT007175,2025-11-21,Email,Имиджевая кампания,Новый,Мобильное устройство,4.27,0,0,0.0
MKT009090,2025-05-24,Поисковая реклама,Новый продукт,Лояльный,Компьютер,24.55,0,0,0.0
MKT006031,2025-02-11,Email,Новый продукт,Новый,Мобильное устройство,2.97,0,0,0.0
MKT002192,2025-04-13,Push,Программа лояльности,Новый,Компьютер,1.33,0,0,0.0
MKT002185,2025-06-08,Социальные сети,Программа лояльности,Лояльный,Мобильное устройство,6.77,0,0,0.0
MKT009954,2025-04-02,Email,Сезонная акция,Новый,Мобильное устройство,1.57,0,0,0.0
MKT004540,2025-07-03,Поисковая реклама,Новый продукт,Лояльный,Компьютер,25.04,0,0,0.0
MKT003136,2025-11-12,Социальные сети,Сезонная акция,Повторный,Мобильное устройство,9.38,0,0,0.0
MKT003531,2025-12-10,Email,Новый продукт,Новый,Мобильное устройство,3.5,0,0,0.0
MKT008801,2025-12-16,Email,Новый продукт,Лояльный,Мобильное устройство,2.53,1,1,6262.44
MKT005746,2025-08-22,Социальные сети,Программа лояльности,Лояльный,Мобильное устройство,6.17,0,0,0.0
MKT000128,2025-05-18,Push,Программа лояльности,Повторный,Мобильное устройство,1.11,0,0,0.0
MKT007222,2025-08-20,Push,Программа лояльности,Новый,Компьютер,1.11,0,0,0.0
MKT004981,2025-09-23,Поисковая реклама,Ретаргетинг,Лояльный,Мобильное устройство,25.43,0,0,0.0
MKT007074,2025-07-19,Поисковая реклама,Новый продукт,Новый,Мобильное устройство,13.21,0,0,0.0
MKT006489,2025-06-10,Email,Сезонная акция,Новый,Мобильное устройство,2.09,0,0,0.0
MKT008307,2025-02-18,Поисковая реклама,Ретаргетинг,Лояльный,мобильное ,22.49,1,0,0.0
MKT009206,2025-07-27,Поисковая реклама,Сезонная акция,Новый,Мобильное устройство,21.73,0,0,0.0
MKT007697,2025-08-07,Поисковая реклама,Сезонная акция,Новый,Компьютер,23.59,0,0,0.0
MKT008725,2025-05-18,Email,Сезонная акция,Новый,Мобильное устройство,1.64,0,0,0.0
MKT008496,2025-04-01,Медийная реклама,Ретаргетинг,Новый,Мобильное устройство,4.01,0,0,0.0
MKT000621,2025-01-26,Поисковая реклама,Ретаргетинг,Новый,Мобильное устройство,14.15,1,0,0.0
MKT003059,2025-01-11,Push,Новый продукт,Лояльный,Компьютер,1.38,1,0,0.0
MKT004489,2025-06-13,Медийная реклама,Имиджевая кампания,Повторный,Компьютер,6.6,0,0,0.0
MKT006470,2025-04-19,Социальные сети,Новый продукт,Повторный,Компьютер,12.77,0,0,0.0
MKT006102,2025-03-20,Социальные сети,Сезонная акция,Повторный,Мобильное устройство,9.07,0,0,0.0
MKT009364,2025-09-28,Push,Сезонная акция,Повторный,Мобильное устройство,1.4,0,0,0.0
MKT004032,2025-11-16,Медийная реклама,Имиджевая кампания,Повторный,Компьютер,6.17,0,0,0.0
MKT002480,2025-09-25,Email,Имиджевая кампания,Повторный,Компьютер,1.58,0,0,0.0
MKT008591,2025-06-16,Медийная реклама,Программа лояльности,Новый,Мобильное устройство,7.94,0,0,0.0
MKT007492,2025-09-02,Push,Имиджевая кампания,Новый,Мобильное устройство,1.95,0,0,0.0
MKT001776,2025-03-17,Медийная реклама,Новый продукт,Лояльный,Мобильное устройство,6.44,0,0,0.0
MKT007050,2025-09-27,Email,Имиджевая кампания,Новый,Планшет,1.95,0,0,0.0
MKT005221,2025-12-20,Социальные сети,Ретаргетинг,Повторный,Компьютер,7.51,0,0,0.0
MKT008121,2025-07-03,Push,Имиджевая кампания,Новый,Компьютер,1.61,0,0,0.0
MKT001950,2025-09-11,Медийная реклама,Ретаргетинг,Новый,Мобильное устройство,6.36,0,0,0.0
MKT006387,2025-03-26,Социальные сети,Имиджевая кампания,Новый,Мобильное устройство,9.95,0,0,0.0
MKT006110,2025-05-31,Email,Имиджевая кампания,Повторный,Компьютер,2.08,0,0,0.0
MKT000673,2025-08-10,Email,Новый продукт,Повторный,Мобильное устройство,2.3,-1,0,0.0
MKT003713,2025-06-04,Социальные сети,Ретаргетинг,Новый,Компьютер,11.04,0,0,0.0
MKT002688,2025-06-03,Email,Ретаргетинг,Повторный,Мобильное устройство,2.55,0,0,0.0
MKT001151,2025-07-05,Email,Имиджевая кампания,Повторный,Компьютер,2.25,0,0,0.0
MKT000751,2025-11-29,Поисковая реклама,Новый продукт,Лояльный,Мобильное устройство,29.06,0,0,0.0
MKT006388,2025-12-04,Email,Ретаргетинг,Повторный,Мобильное устройство,1.77,0,0,0.0
MKT002933,2025-02-16,Социальные сети,Ретаргетинг,Повторный,Мобильное устройство,5.92,0,0,0.0
MKT006320,2025-03-24,Социальные сети,Программа лояльности,Новый,Мобильное устройство,8.0,0,0,0.0
MKT009517,2025-08-07,Социальные сети,Сезонная акция,Повторный,Компьютер,9.99,1,0,0.0
MKT001997,02.08.2025,Медийная реклама,Программа лояльности,Повторный,Мобильное устройство,4.74,0,0,0.0
MKT000599,2025-06-08,Push,Имиджевая кампания,Новый,Мобильное устройство,1.2,0,0,0.0
MKT008956,2025-05-15,Поисковая реклама,Сезонная акция,Повторный,Мобильное устройство,22.64,0,0,0.0
MKT002814,2025-12-26,Социальные сети,Программа лояльности,Лояльный,Планшет,6.0,0,0,0.0
MKT007115,2025-03-03,Социальные сети,Ретаргетинг,Новый,Мобильное устройство,8.5,0,0,0.0
MKT004571,2025-06-29,Поисковая реклама,Новый продукт,Повторный,Компьютер,19.33,0,0,0.0
MKT003435,2025-06-11,Email,Новый продукт,Лояльный,Мобильное устройство,2.01,0,0,0.0
MKT004413,2025-06-28,Социальные сети,Имиджевая кампания,Новый,Мобильное устройство,9.57,0,0,0.0
MKT002491,2025-05-24,Социальные сети,Имиджевая кампания,Лояльный,Мобильное устройство,11.18,0,0,0.0
MKT002077,2025-07-13,Push,Имиджевая кампания,Повторный,Компьютер,1.91,0,0,0.0
MKT008877,2025-08-17,Email,Сезонная акция,Новый,Мобильное устройство,2.25,0,0,0.0
MKT007096,2025-03-20,Медийная реклама,Программа лояльности,Новый,Мобильное устройство,6.4,0,0,0.0
MKT000971,2025-03-15,Поисковая реклама,Имиджевая кампания,Повторный,Мобильное устройство,21.98,1,0,0.0
MKT001022,2025-01-04,Поисковая реклама,Ретаргетинг,Новый,Компьютер,13.79,1,0,0.0
MKT000735,2025-12-03,Поисковая реклама,Сезонная акция,Новый,Компьютер,22.05,0,0,0.0
MKT000101,2025-03-27,Push,Ретаргетинг,Повторный,Мобильное устройство,1.54,0,0,0.0
MKT004575,2025-01-18,Push,Программа лояльности,Новый,Мобильное устройство,0.91,0,0,0.0
MKT005780,2025-12-18,Email,Программа лояльности,новый ,Планшет,2.24,0,0,0.0
MKT000366,2025-07-05,Медийная реклама,Ретаргетинг,Новый,Мобильное устройство,5.86,0,-1,0.0
MKT001233,2025-03-14,Push,Программа лояльности,Повторный,Мобильное устройство,1.14,0,0,5301.0
MKT004718,2025-05-26,Push,Ретаргетинг,Новый,Компьютер,2.3,0,0,0.0
MKT005835,2025-09-06,Социальные сети,Программа лояльности,Лояльный,Мобильное устройство,6.67,0,0,0.0
MKT003202,2025-06-12,Социальные сети,Сезонная акция,Повторный,Мобильное устройство,6.51,0,0,0.0
MKT005872,2025-12-01,Email,Новый продукт,Повторный,Мобильное устройство,2.84,0,0,0.0
MKT006066,2025-05-02,Push,Программа лояльности,Лояльный,Компьютер,1.11,0,0,0.0
MKT006997,2025-10-23,Email,Программа лояльности,Новый,Компьютер,2.41,1,0,0.0
MKT003525,2025-04-11,Поисковая реклама,Сезонная акция,Повторный,Планшет,24.45,0,0,0.0
MKT003631,12.08.2025,Социальные сети,Ретаргетинг,Повторный,Мобильное устройство,8.7,0,0,0.0
MKT000541,2025-04-23,Поисковая реклама,Имиджевая кампания,Лояльный,Компьютер,21.6,0,0,0.0
MKT007959,2025-10-04,Социальные сети,Программа лояльности,Повторный,Компьютер,6.99,0,0,0.0
MKT002878,2025-06-02,Email,Ретаргетинг,Новый,Мобильное устройство,2.34,0,0,0.0
MKT009267,2025-02-20,Push,Сезонная акция,Новый,Мобильное устройство,1.7,0,0,0.0
MKT002733,2025-12-06,Социальные сети,Имиджевая кампания,Повторный,Мобильное устройство,6.83,0,0,0.0
MKT005144,2025-12-29,Социальные сети,Ретаргетинг,Лояльный,Мобильное устройство,7.73,0,0,0.0
MKT000624,2025-07-01,Медийная реклама,Сезонная акция,Новый,Мобильное устройство,8.01,0,0,0.0
MKT004945,2025-12-14,Социальные сети,Программа лояльности,Повторный,Мобильное устройство,14.07,0,0,0.0
MKT006386,2025-10-16,Медийная реклама,Сезонная акция,Повторный,Компьютер,7.63,0,0,0.0
MKT009605,2025-10-02,Медийная реклама,Программа лояльности,Новый,Компьютер,7.2,0,0,0.0
MKT009894,2025-03-07,Поисковая реклама,Ретаргетинг,Повторный,Компьютер,19.17,1,0,0.0
MKT000378,2025-11-10,Email,Программа лояльности,Новый,Мобильное устройство,1.06,0,0,0.0
MKT007338,2025-12-05,Социальные сети,Сезонная акция,Повторный,Мобильное устройство,8.66,0,0,0.0
MKT003797,2025-08-13,Поисковая реклама,Новый продукт,Новый,Мобильное устройство,27.82,1,0,0.0
MKT009901,2025-09-30,Email,Имиджевая кампания,Повторный,Мобильное устройство,1.82,0,0,0.0
MKT002504,2025-07-14,Push,Сезонная акция,Повторный,Мобильное устройство,1.61,0,0,0.0
MKT001393,2025-04-11,Email,Ретаргетинг,Повторный,Мобильное устройство,1.88,0,0,0.0
MKT007231,2025-03-14,Медийная реклама,Программа лояльности,Лояльный,Компьютер,4.55,0,0,0.0
MKT005868,2025-10-15,Социальные сети,Ретаргетинг,Лояльный,Мобильное устройство,8.86,0,0,0.0
MKT007986,2025-07-03,Социальные сети,Ретаргетинг,Новый,Мобильное устройство,12.19,0,0,0.0
MKT007093,2025-05-13,Push,Ретаргетинг,Новый,Мобильное устройство,1.13,0,0,0.0
MKT007364,20.04.2025,Поисковая реклама,Ретаргетинг,Повторный,Компьютер,18.51,0,0,0.0
MKT001922,2025-05-14,Поисковая реклама,Новый продукт,Лояльный,Планшет,22.15,0,0,0.0
MKT001574,2025-01-26,Email,Имиджевая кампания,Повторный,Компьютер,2.51,0,0,0.0
MKT008616,2025-12-19,Push,Ретаргетинг,Лояльный,Мобильное устройство,1.45,0,0,0.0
MKT005743,2025-07-11,Push,Имиджевая кампания,Новый,Компьютер,1.05,0,0,0.0
MKT002161,2025-02-12,Email,Сезонная акция,Повторный,Компьютер,3.13,0,0,0.0
MKT000129,2025-03-15,Email,Программа лояльности,Повторный,Мобильное устройство,1.63,1,0,0.0
MKT003356,2025-08-07,Социальные сети,Новый продукт,Повторный,Мобильное устройство,13.12,0,0,0.0
MKT000643,2025-06-23,Push,Сезонная акция,Лояльный,Мобильное устройство,1.77,0,0,0.0
MKT003258,2025-11-27,Push,Ретаргетинг,Повторный,Мобильное устройство,1.95,0,0,0.0
MKT006776,2025-10-09,Медийная реклама,Новый продукт,Повторный,Мобильное устройство,7.0,0,0,0.0
MKT001353,2025-09-01,Поисковая реклама,Ретаргетинг,Новый,Мобильное устройство,17.21,0,0,0.0
MKT001407,2025-05-08,Поисковая реклама,Сезонная акция,Новый,Мобильное устройство,22.44,0,0,0.0
MKT001245,2025-08-24,Медийная реклама,Имиджевая кампания,Повторный,Планшет,5.99,0,0,0.0
MKT007700,2025-10-16,Медийная реклама,Новый продукт,Повторный,Компьютер,11.38,0,0,0.0
MKT009397,2025-03-18,Социальные сети,Новый продукт,Лояльный,Мобильное устройство,10.82,1,1,5746.85
MKT000436,2025-08-26,Медийная реклама,Сезонная акция,Новый,Компьютер,6.54,0,0,0.0
MKT004141,2025-07-05,Медийная реклама,Сезонная акция,Лояльный,Компьютер,9.87,0,0,0.0
MKT004057,2025-04-19,Поисковая реклама,Новый продукт,Повторный,Мобильное устройство,28.34,0,0,0.0
MKT005182,2025-12-12,Медийная реклама,Ретаргетинг,Новый,Мобильное устройство,4.69,0,0,0.0
MKT009801,10.05.2025,Email,Ретаргетинг,Повторный,Планшет,1.72,0,0,0.0
MKT009601,2025-04-03,Push,Программа лояльности,Лояльный,Мобильное устройство,0.78,0,0,0.0
MKT005567,2025-10-20,Поисковая реклама,Имиджевая кампания,Новый,Мобильное устройство,20.84,0,0,0.0
MKT005620,2025-05-02,Поисковая реклама,Программа лояльности,Повторный,Мобильное устройство,19.82,0,0,0.0
MKT009680,29.09.2025,Email,Новый продукт,Лояльный,Компьютер,3.03,0,0,0.0
MKT007266,2025-09-29,Социальные сети,Имиджевая кампания,Новый,Компьютер,11.08,0,0,0.0
MKT002391,2025-04-04,Социальные сети,Ретаргетинг,Новый,Мобильное устройство,8.95,0,0,0.0
MKT001314,2025-02-26,Медийная реклама,Программа лояльности,Повторный,Мобильное устройство,4.4,0,0,0.0
MKT000324,2025-11-19,Социальные сети,Новый продукт,Повторный,Мобильное устройство,16.87,0,0,0.0
MKT004069,2025-03-25,Поисковая реклама,Программа лояльности,Повторный,Компьютер,21.43,0,0,0.0
MKT008520,2025-04-28,Социальные сети,Программа лояльности,Новый,Планшет,7.28,1,1,3136.69
MKT000304,2025-01-13,Поисковая реклама,Ретаргетинг,Повторный,Мобильное устройство,19.41,1,1,6246.4
MKT009383,2025-10-26,Поисковая реклама,Программа лояльности,Новый,Планшет,19.33,0,0,0.0
MKT001499,2025-08-13,Email,Сезонная акция,Повторный,Мобильное устройство,1.37,0,0,0.0
MKT007614,2025-09-02,Email,Сезонная акция,Повторный,Компьютер,2.55,0,0,0.0
MKT000859,2025-11-03,Социальные сети,Программа лояльности,Новый,Мобильное устройство,6.05,1,0,0.0
MKT004136,2025-03-05,Поисковая реклама,Сезонная акция,Повторный,Мобильное устройство,31.42,0,0,0.0
MKT003909,2025-06-06,Социальные сети,Программа лояльности,Новый,Компьютер,5.02,0,0,0.0
MKT006020,2025-05-31,Email,Ретаргетинг,Лояльный,Мобильное устройство,1.53,0,0,0.0
MKT001527,2025-04-15,Email,Сезонная акция,Лояльный,Мобильное устройство,1.71,0,0,0.0
MKT006459,2025-01-27,Социальные сети,Имиджевая кампания,Повторный,Компьютер,5.81,0,0,0.0
MKT001264,2025-11-23,Email,Ретаргетинг,Лояльный,Компьютер,1.68,0,0,0.0
MKT002214,2025-05-04,Email,Имиджевая кампания,Новый,Компьютер,2.6,0,0,0.0
MKT001879,2025-05-03,Поисковая реклама,Сезонная акция,Новый,Компьютер,19.85,0,0,0.0
MKT007456,2025-10-13,Email,Имиджевая кампания,Повторный,Мобильное устройство,2.08,0,0,0.0
MKT005067,2025-02-26,Push,Сезонная акция,Новый,Мобильное устройство,2.25,0,0,0.0
MKT001695,2025-09-17,Email,Ретаргетинг,Лояльный,Мобильное устройство,1.74,0,0,0.0
MKT009239,2025-07-03,Социальные сети,Сезонная акция,Лояльный,Мобильное устройство,9.87,0,0,0.0
MKT009909,2025-06-15,Социальные сети,Сезонная акция,Новый,Компьютер,16.36,0,0,0.0
MKT005224,2025-01-15,Поисковая реклама,Сезонная акция,Повторный,Мобильное устройство,27.33,0,0,0.0
MKT004117,2025-09-15,Email,Сезонная акция,Повторный,Мобильное устройство,1.77,0,0,0.0
MKT006796,2025-05-28,Поисковая реклама,Ретаргетинг,Новый,Компьютер,17.47,0,0,0.0
MKT009660,2025-04-03,Поисковая реклама,Программа лояльности,Лояльный,Мобильное устройство,23.25,0,0,0.0
MKT008483,2025-06-27,Медийная реклама,Ретаргетинг,Повторный,Мобильное устройство,3.74,0,0,0.0
MKT000518,2025-09-19,Поисковая реклама,Новый продукт,Повторный,Мобильное устройство,18.88,0,0,0.0
MKT005405,2025-01-26,Медийная реклама,Программа лояльности,Лояльный,Планшет,5.16,0,0,0.0
MKT002810,2025-11-19,Поисковая реклама,Ретаргетинг,Лояльный,Мобильное устройство,16.59,0,0,0.0
MKT002316,2025-10-28,Email,Имиджевая кампания,Новый,Компьютер,2.0,0,0,0.0
MKT007455,2025-12-05,Социальные сети,сезонная акция ,Новый,Компьютер,7.49,1,0,0.0
MKT000147,2025-10-31,Поисковая реклама,Ретаргетинг,Новый,Компьютер,20.58,1,0,0.0
MKT005396,2025-06-04,Поисковая реклама,Сезонная акция,Новый,Мобильное устройство,25.44,1,0,0.0
MKT001730,2025-02-15,Email,Ретаргетинг,Новый,Компьютер,3.0,0,0,0.0
MKT006687,2025-06-30,Push,Сезонная акция,Повторный,Мобильное устройство,1.66,0,0,0.0
MKT003058,2025-11-20,Email,Программа лояльности,Новый,Компьютер,2.01,0,0,0.0
MKT008410,2025-06-26,Push,Сезонная акция,Лояльный,Компьютер,2.75,0,0,0.0
MKT002641,2025-11-08,Email,Ретаргетинг,Новый,Мобильное устройство,1.77,0,0,0.0
MKT004061,2025-08-01,Поисковая реклама,Имиджевая кампания,Лояльный,Мобильное устройство,13.2,0,0,0.0
MKT000241,2025-09-24,Email,Сезонная акция,Повторный,Мобильное устройство,3.74,0,0,0.0
MKT003088,2025-07-08,Поисковая реклама,Сезонная акция,Лояльный,Мобильное устройство,13.76,0,0,0.0
MKT007558,2025-12-24,Социальные сети,Сезонная акция,Повторный,Мобильное устройство,10.53,0,0,0.0
MKT001023,2025-03-17,Медийная реклама,Имиджевая кампания,Новый,Мобильное устройство,5.92,0,0,0.0
MKT004252,2025-11-27,Поисковая реклама,Сезонная акция,Новый,Мобильное устройство,17.66,0,0,0.0
MKT006896,2025-10-18,Социальные сети,Имиджевая кампания,Повторный,Компьютер,9.86,1,0,0.0
MKT009435,2025-10-28,Медийная реклама,Имиджевая кампания,Лояльный,Мобильное устройство,5.54,0,0,0.0
MKT006800,2025-06-10,Push,Программа лояльности,Повторный,Мобильное устройство,1.64,0,0,0.0
MKT003810,2025-09-10,Push,Ретаргетинг,Новый,Мобильное устройство,1.35,0,0,0.0
MKT001599,2025-03-05,Социальные сети,Программа лояльности,Новый,Планшет,9.02,0,0,0.0
MKT004632,2025-11-24,Email,Новый продукт,Новый,Мобильное устройство,2.89,0,0,0.0
MKT001392,2025-10-02,Email,Имиджевая кампания,Новый,Мобильное устройство,2.7,0,0,0.0
MKT009114,2025-12-30,Социальные сети,Программа лояльности,Новый,Компьютер,8.78,0,0,0.0
MKT008300,2025-04-01,Email,Сезонная акция,Новый,Компьютер,2.28,1,0,0.0
MKT007561,2025-01-15,Поисковая реклама,Новый продукт,Повторный,Компьютер,24.24,0,0,0.0
MKT003982,2025-12-22,Социальные сети,Новый продукт,Новый,Мобильное устройство,10.6,0,0,0.0
MKT006318,2025-01-31,Email,Ретаргетинг,Повторный,Мобильное устройство,2.42,0,0,0.0
MKT006037,2025-04-08,Поисковая реклама,Имиджевая кампания,Новый,Мобильное устройство,15.89,0,0,0.0
MKT000322,2025-01-25,Медийная реклама,Имиджевая кампания,Лояльный,Мобильное устройство,7.59,0,0,0.0
MKT007374,2025-07-23,Push,Ретаргетинг,Повторный,Компьютер,1.22,0,0,0.0
MKT001186,2025-10-16,Email,Имиджевая кампания,Новый,Компьютер,2.22,0,0,0.0
MKT007100,2025-12-23,Социальные сети,Ретаргетинг,Новый,Мобильное устройство,9.56,0,0,0.0
MKT003458,2025-08-08,Социальные сети,Новый продукт,Повторный,Мобильное устройство,14.79,0,0,0.0
MKT008701,2025-12-05,Поисковая реклама,Новый продукт,Новый,Мобильное устройство,38.39,0,0,0.0
MKT008676,2025-09-23,Социальные сети,Программа лояльности,Новый,Мобильное устройство,7.95,0,0,0.0
MKT009645,2025-12-06,Email,Новый продукт,Новый,Мобильное устройство,1.59,0,0,0.0
MKT000068,2025-03-08,Поисковая реклама,Имиджевая кампания,Новый,Мобильное устройство,19.11,0,0,0.0
MKT000538,2025-03-04,Поисковая реклама,Программа лояльности,Новый,Мобильное устройство,20.41,0,2,0.0
MKT001519,2025-04-08,Email,Имиджевая кампания,Лояльный,Мобильное устройство,1.81,0,0,0.0
MKT005929,2025-01-22,Социальные сети,Ретаргетинг,Новый,Мобильное устройство,9.23,0,0,0.0
MKT002490,2025-06-16,Email,Имиджевая кампания,Повторный,Мобильное устройство,2.61,0,0,0.0
MKT007519,2025-02-12,Социальные сети,Ретаргетинг,Новый,Планшет,9.47,0,0,0.0
MKT002172,2025-11-01,Поисковая реклама,Имиджевая кампания,Повторный,Мобильное устройство,17.63,0,0,0.0
MKT008539,2025-06-21,Социальные сети,Имиджевая кампания,Лояльный,Мобильное устройство,7.76,0,0,0.0
MKT002234,2025-01-07,Социальные сети,Имиджевая кампания,Новый,Мобильное устройство,9.8,1,0,0.0
MKT004639,2025-05-12,Социальные сети,Ретаргетинг,Новый,Мобильное устройство,6.86,1,0,0.0
MKT008723,2025-07-28,Email,Программа лояльности,Лояльный,Мобильное устройство,3.17,0,0,0.0
MKT001790,2025-03-10,Email,Ретаргетинг,Новый,Мобильное устройство,2.35,0,0,0.0
MKT005177,2025-02-03,Email,Сезонная акция,Новый,Компьютер,1.6,0,0,0.0
MKT005372,2025-11-29,Push,Сезонная акция,Новый,Мобильное устройство,1.37,0,0,0.0
MKT001136,2025-07-10,Push,Ретаргетинг,Лояльный,Мобильное устройство,1.2,0,0,0.0
MKT006368,2025-10-21,Push,Программа лояльности,Новый,Планшет,1.33,0,0,0.0
MKT007890,2025-06-20,Медийная реклама,Сезонная акция,Новый,Компьютер,8.57,0,0,0.0
MKT001254,2025-06-20,Поисковая реклама,Ретаргетинг,Новый,Мобильное устройство,16.57,0,0,0.0
MKT007506,2025-07-18,Поисковая реклама,Ретаргетинг,Новый,Мобильное устройство,21.98,0,0,0.0
MKT002811,20.07.2025,Социальные сети,Программа лояльности,Повторный,Компьютер,12.11,0,0,0.0
MKT000462,2025-03-08,Push,Имиджевая кампания,Новый,Мобильное устройство,1.35,0,0,0.0
MKT004009,2025-10-10,Поисковая реклама,Ретаргетинг,Новый,Мобильное устройство,29.49,0,0,0.0
MKT003842,2025-01-05,Поисковая реклама,Новый продукт,Повторный,Компьютер,27.3,1,0,0.0
MKT004719,2025-05-14,Социальные сети,Имиджевая кампания,Повторный,Мобильное устройство,10.59,1,0,0.0
MKT003526,2025-05-04,Поисковая реклама,Ретаргетинг,Повторный,Мобильное устройство,14.21,0,0,0.0
MKT007153,2025-10-10,Поисковая реклама,Имиджевая кампания,Новый,Мобильное устройство,31.62,0,0,0.0
MKT001946,2025-08-23,Email,Сезонная акция,Повторный,Мобильное устройство,1.65,0,0,0.0
MKT002026,2025-05-28,Медийная реклама,Имиджевая кампания,Новый,Планшет,7.79,0,0,0.0
MKT007116,2025-12-29,Социальные сети,Программа лояльности,Повторный,Компьютер,7.36,0,0,0.0
MKT007968,2025-03-23,Поисковая реклама,Имиджевая кампания,Повторный,Мобильное устройство,17.16,0,0,0.0
MKT008869,2025-05-11,Социальные сети,Ретаргетинг,Лояльный,Мобильное устройство,9.91,0,0,0.0
MKT007427,2025-05-29,Медийная реклама,Программа лояльности,Лояльный,Мобильное устройство,5.98,1,0,0.0
MKT000866,2025-07-18,Email,Ретаргетинг,Повторный,Компьютер,1.99,0,0,0.0
MKT001380,2025-11-09,Email,Программа лояльности,Новый,Компьютер,2.4,0,0,0.0
MKT009283,2025-11-18,Push,Имиджевая кампания,Новый,Мобильное устройство,1.4,1,1,4177.03
MKT001548,2025-04-21,Социальные сети,Сезонная акция,Повторный,Мобильное устройство,6.92,1,0,0.0
MKT008707,2025-01-27,Поисковая реклама,Новый продукт,Новый,Мобильное устройство,26.2,0,0,0.0
MKT002954,2025-02-13,Email,Ретаргетинг,Новый,Компьютер,2.65,1,0,0.0
MKT009962,2025-09-21,Push,Имиджевая кампания,Новый,Мобильное устройство,1.12,0,0,0.0
MKT005136,2025-07-26,Социальные сети,Новый продукт,Новый,Компьютер,7.61,0,0,0.0
MKT008154,2025-03-31,Email,Сезонная акция,Повторный,Мобильное устройство,2.2,0,0,0.0
MKT001596,2025-02-07,Email,Ретаргетинг,Новый,Компьютер,2.2,0,0,0.0
MKT003190,2025-08-23,Поисковая реклама,Ретаргетинг,Новый,Мобильное устройство,17.98,0,0,0.0
MKT003191,2025-09-29,Социальные сети,Новый продукт,Повторный,Мобильное устройство,11.95,0,0,0.0
MKT002529,2025-03-15,Социальные сети,Ретаргетинг,Новый,Компьютер,8.93,1,0,0.0
MKT008048,2025-11-06,Социальные сети,Имиджевая кампания,Новый,Мобильное устройство,10.06,0,0,0.0
MKT000291,2025-06-11,Поисковая реклама,Ретаргетинг,Новый,Мобильное устройство,16.22,0,0,0.0
MKT006187,2025-09-26,Push,Сезонная акция,Повторный,Мобильное устройство,1.67,0,0,0.0
MKT003792,2025-11-07,Push,Сезонная акция,Новый,Компьютер,1.94,0,0,0.0
MKT001020,2025-01-30,Поисковая реклама,Сезонная акция,Новый,Компьютер,23.97,0,1,0.0
MKT006654,2025-06-07,Email,Имиджевая кампания,Лояльный,Компьютер,2.36,0,0,0.0
MKT007577,2025-12-16,Социальные сети,Ретаргетинг,Повторный,Мобильное устройство,12.01,0,0,0.0
MKT009162,2025-04-02,Медийная реклама,Сезонная акция,Повторный,Мобильное устройство,4.89,0,0,0.0
MKT006123,2025-08-08,Социальные сети,Сезонная акция,Новый,Мобильное устройство,11.09,0,0,0.0
MKT008803,2025-04-20,Push,Имиджевая кампания,Новый,Мобильное устройство,1.7,1,0,0.0
MKT009422,2025-10-23,Социальные сети,Программа лояльности,Новый,Компьютер,10.47,0,0,0.0
MKT005652,2025-10-17,Email,Сезонная акция,Повторный,Мобильное устройство,3.36,0,0,0.0
MKT007668,2025-05-28,Email,Сезонная акция,Новый,Мобильное устройство,1.39,0,0,0.0
MKT000282,2025-01-09,Медийная реклама,Ретаргетинг,Новый,Планшет,7.01,0,0,0.0
MKT006401,2025-05-02,Социальные сети,Сезонная акция,Лояльный,Мобильное устройство,9.24,0,0,0.0
MKT000066,2025-06-16,Email,Ретаргетинг,Повторный,Компьютер,1.95,1,0,0.0
MKT006487,2025-04-04,Поисковая реклама,Имиджевая кампания,Повторный,Мобильное устройство,24.3,0,0,0.0
MKT007911,2025-02-18,Социальные сети,Имиджевая кампания,Повторный,Мобильное устройство,11.72,0,0,0.0
MKT005711,2025-01-17,Социальные сети,Ретаргетинг,Повторный,Компьютер,10.17,0,0,0.0
MKT000861,2025-05-24,,Имиджевая кампания,Повторный,Мобильное устройство,8.32,0,0,0.0
MKT004548,2025-12-01,Email,Новый продукт,Новый,Компьютер,2.72,0,0,0.0
MKT003438,2025-01-03,Поисковая реклама,Ретаргетинг,Лояльный,Компьютер,25.01,0,0,0.0
MKT009975,2025-10-24,Email,Имиджевая кампания,Повторный,Компьютер,1.68,0,0,0.0
MKT007158,2025-06-02,Социальные сети,Имиджевая кампания,Новый,Мобильное устройство,10.5,0,0,0.0
MKT001336,2025-10-28,Медийная реклама,Ретаргетинг,Повторный,мобильное ,4.78,0,0,0.0
MKT008796,2025-06-24,Социальные сети,Новый продукт,Повторный,Мобильное устройство,14.57,0,0,0.0
MKT004511,2025-03-24,Push,Ретаргетинг,Повторный,Мобильное устройство,1.44,0,0,0.0
MKT008754,2025-12-21,Поисковая реклама,Имиджевая кампания,Повторный,Мобильное устройство,30.47,0,0,0.0
MKT004608,2025-06-21,Социальные сети,Сезонная акция,Новый,Планшет,7.47,0,0,0.0
MKT007927,2025-07-15,Социальные сети,Ретаргетинг,Повторный,Мобильное устройство,6.71,0,0,0.0
MKT005604,2025-05-10,Социальные сети,Программа лояльности,Повторный,Планшет,7.33,0,0,0.0
MKT003102,2025-04-10,Email,Ретаргетинг,Повторный,Мобильное устройство,1.31,0,0,0.0
MKT007729,2025-05-06,Социальные сети,Имиджевая кампания,Лояльный,Мобильное устройство,10.6,0,0,0.0
MKT008062,2025-10-09,Email,Имиджевая кампания,Повторный,Мобильное устройство,3.28,0,0,0.0
MKT003359,2025-05-13,Медийная реклама,Имиджевая кампания,Повторный,Компьютер,4.23,0,0,0.0
MKT000533,2025-12-17,Поисковая реклама,Программа лояльности,Новый,Компьютер,14.15,0,0,0.0
MKT001838,2025-03-08,Социальные сети,Имиджевая кампания,Новый,Компьютер,6.85,0,0,0.0
MKT007432,2025-08-20,Медийная реклама,Программа лояльности,Новый,Компьютер,4.04,0,0,0.0
MKT004484,2025-08-26,Push,Новый продукт,Повторный,Мобильное устройство,1.35,0,0,0.0
MKT007313,2025-09-30,Социальные сети,Новый продукт,Лояльный,Мобильное устройство,11.11,0,0,0.0
MKT009692,2025-03-14,Поисковая реклама,Имиджевая кампания,Повторный,Мобильное устройство,44.07,1,0,0.0
MKT004710,2025-10-04,Email,Сезонная акция,Новый,Компьютер,1.69,0,0,0.0
MKT003609,2025-10-16,Социальные сети,Имиджевая кампания,Повторный,Мобильное устройство,12.16,0,0,0.0
MKT009399,2025-11-20,Push,Программа лояльности,Новый,Мобильное устройство,1.05,0,0,0.0
MKT005373,2025-11-02,,Программа лояльности,Повторный,Мобильное устройство,5.45,0,1,0.0
MKT004757,2025-04-05,Push,Новый продукт,Повторный,Мобильное устройство,1.21,0,0,0.0
MKT004442,2025-12-21,Поисковая реклама,Ретаргетинг,Повторный,Компьютер,20.02,0,0,0.0
MKT009787,2025-09-07,Медийная реклама,Программа лояльности,Новый,Компьютер,6.12,0,0,0.0
MKT007523,2025-03-21,Push,Программа лояльности,Новый,Планшет,1.33,0,0,0.0
MKT008076,2025-10-08,Email,Программа лояльности,Лояльный,Мобильное устройство,1.57,0,0,0.0
MKT009259,2025-11-15,Социальные сети,Имиджевая кампания,Новый,Мобильное устройство,11.28,0,0,0.0
MKT003788,2025-01-10,Push,Программа лояльности,Повторный,Мобильное устройство,0.98,0,0,0.0
MKT002113,2025-05-21,Медийная реклама,Сезонная акция,Новый,Мобильное устройство,7.99,0,0,0.0
MKT005513,2025-07-31,Поисковая реклама,Имиджевая кампания,Новый,Мобильное устройство,20.17,0,0,0.0
MKT001756,2025-12-19,Email,Программа лояльности,Повторный,Мобильное устройство,1.48,2,0,0.0
MKT007799,2025-09-25,Медийная реклама,Новый продукт,Новый,Компьютер,6.33,0,0,0.0
MKT002484,2025-11-17,Поисковая реклама,Сезонная акция,Повторный,Мобильное устройство,15.22,0,0,0.0
MKT002680,2025-10-16,Социальные сети,Программа лояльности,Повторный,Компьютер,7.2,0,0,0.0
MKT002754,2025-01-19,Медийная реклама,Сезонная акция,Новый,Компьютер,5.72,0,0,0.0
MKT005918,2025-05-31,Поисковая реклама,Имиджевая кампания,Лояльный,Мобильное устройство,30.05,0,0,0.0
MKT002200,2025-07-11,Email,Сезонная акция,Повторный,Компьютер,2.72,0,0,0.0
MKT000453,2025-10-18,Email,Ретаргетинг,Лояльный,Мобильное устройство,1.86,0,0,0.0
MKT005467,2025-02-03,Социальные сети,Сезонная акция,Повторный,Мобильное устройство,7.86,0,0,0.0
MKT006349,2025-06-11,Поисковая реклама,Ретаргетинг,Лояльный,Мобильное устройство,24.01,0,0,0.0
MKT003168,2025-01-25,Email,Программа лояльности,Повторный,Мобильное устройство,2.06,0,0,0.0
MKT003826,2025-09-22,Поисковая реклама,Новый продукт,Повторный,Компьютер,12.48,0,0,0.0
MKT007512,2025-04-19,Поисковая реклама,Сезонная акция,Новый,Мобильное устройство,17.64,0,0,0.0
MKT009699,2025-08-11,Email,Сезонная акция,Новый,Планшет,2.52,0,0,0.0
MKT003651,2025-11-30,Медийная реклама,Программа лояльности,Новый,Компьютер,7.37,0,0,0.0
MKT009148,2025-07-08,Социальные сети,Имиджевая кампания,Новый,Мобильное устройство,9.94,0,0,0.0
MKT001156,2025-08-08,Push,Ретаргетинг,Лояльный,Мобильное устройство,1.19,1,0,0.0
MKT000711,2025-09-09,Медийная реклама,Сезонная акция,Новый,Мобильное устройство,9.83,0,0,0.0
MKT004766,2025-03-16,Email,Ретаргетинг,Повторный,Мобильное устройство,1.54,0,0,0.0
MKT003054,2025-04-26,Социальные сети,Сезонная акция,Лояльный,Мобильное устройство,11.56,0,0,0.0
MKT007796,2025-03-02,Поисковая реклама,Ретаргетинг,Новый,Компьютер,21.17,0,0,0.0
MKT002622,2025-02-13,Поисковая реклама,Сезонная акция,Повторный,Мобильное устройство,24.59,1,1,3934.26
MKT002552,2025-11-02,Поисковая реклама,Ретаргетинг,Повторный,Мобильное устройство,13.73,0,0,0.0
MKT002585,2025-10-21,Email,Программа лояльности,Повторный,Мобильное устройство,2.11,0,0,0.0
MKT002168,2025-02-02,Email,Имиджевая кампания,Лояльный,Мобильное устройство,1.81,0,0,0.0
MKT007939,2025-04-27,Социальные сети,Ретаргетинг,Лояльный,Компьютер,9.87,0,0,0.0
MKT007594,2025-05-10,Медийная реклама,Программа лояльности,Повторный,Мобильное устройство,7.32,0,0,0.0
MKT000636,2025-08-22,Социальные сети,Имиджевая кампания,Новый,Мобильное устройство,9.86,0,0,0.0
MKT000137,2025-04-15,Поисковая реклама,Программа лояльности,Лояльный,Мобильное устройство,14.81,0,0,0.0
MKT004977,2025-04-18,Email,Ретаргетинг,Повторный,Мобильное устройство,1.58,0,0,0.0
MKT006057,2025-07-27,Медийная реклама,Ретаргетинг,Новый,Мобильное устройство,5.25,0,0,0.0
MKT006412,2025-02-17,Социальные сети,Сезонная акция,Повторный,Мобильное устройство,11.28,0,0,0.0
MKT008847,2025-10-18,Поисковая реклама,Имиджевая кампания,Лояльный,Мобильное устройство,23.9,0,0,0.0
MKT003683,2025-05-31,Push,Сезонная акция,Повторный,Мобильное устройство,1.1,0,0,0.0
MKT004921,2025-12-19,Поисковая реклама,Имиджевая кампания,Повторный,Мобильное устройство,18.98,1,0,0.0
MKT004671,2025-03-25,Медийная реклама,Программа лояльности,Новый,Мобильное устройство,3.92,0,0,0.0
MKT001298,2025-09-29,Социальные сети,Новый продукт,Повторный,Мобильное устройство,12.61,0,0,0.0
MKT005935,2025-03-28,Поисковая реклама,Программа лояльности,Повторный,Мобильное устройство,12.33,0,0,0.0
MKT003456,2025-01-19,Email,Сезонная акция,Новый,Планшет,2.15,0,0,0.0
MKT009970,2025-10-13,Медийная реклама,Ретаргетинг,Повторный,Мобильное устройство,6.04,1,0,0.0
MKT004650,2025-08-12,Социальные сети,Сезонная акция,Повторный,Мобильное устройство,11.38,0,0,0.0
MKT009683,2025-08-29,,Имиджевая кампания,Повторный,Компьютер,2.54,0,0,0.0
MKT004354,2025-11-26,Push,Новый продукт,Новый,Мобильное устройство,1.49,0,0,0.0
MKT004504,2025-09-19,Email,Программа лояльности,Повторный,Мобильное устройство,1.77,0,0,0.0
MKT004435,2025-02-17,Медийная реклама,Программа лояльности,Повторный,Мобильное устройство,5.19,0,0,0.0
MKT001988,2025-03-17,Социальные сети,Ретаргетинг,Повторный,Мобильное устройство,8.05,0,0,0.0
MKT007533,2025-01-01,Поисковая реклама,Имиджевая кампания,Новый,Мобильное устройство,16.17,0,0,0.0
MKT002634,2025-09-21,Поисковая реклама,Сезонная акция,Новый,Мобильное устройство,23.68,0,0,0.0
MKT001877,2025-05-23,Медийная реклама,Имиджевая кампания,Повторный,Мобильное устройство,9.06,0,0,0.0
MKT000989,2025-05-05,Push,Имиджевая кампания,Повторный,Мобильное устройство,1.5,0,0,0.0
MKT003920,2025-06-05,Поисковая реклама,Ретаргетинг,Повторный,Мобильное устройство,16.5,0,0,0.0
MKT001123,2025-06-16,Поисковая реклама,Сезонная акция,Новый,Мобильное устройство,22.16,0,0,0.0
MKT000102,2025-03-15,Email,Новый продукт,Повторный,Мобильное устройство,2.41,0,0,0.0
MKT008102,2025-01-16,Поисковая реклама,Ретаргетинг, лояльный,Компьютер,15.17,0,0,0.0
MKT006524,2025-01-24,Поисковая реклама,Новый продукт,Новый,Мобильное устройство,20.64,1,0,0.0
MKT006792,2025-01-24,Поисковая реклама,Сезонная акция,Новый,Мобильное устройство,18.98,0,0,0.0
MKT004109,2025-09-24,Медийная реклама,Сезонная акция,Повторный,Компьютер,8.47,0,0,0.0
MKT009958,2025-08-23,Социальные сети,Ретаргетинг,Повторный,Компьютер,5.5,0,0,0.0
MKT003541,2025-09-21,Социальные сети,Сезонная акция,Лояльный,Мобильное устройство,10.36,0,0,0.0
MKT000829,2025-01-16,Поисковая реклама,Программа лояльности,Лояльный,Мобильное устройство,17.76,0,0,0.0
MKT004867,2025-01-03,Поисковая реклама,Сезонная акция,Новый,Мобильное устройство,14.6,0,0,0.0
MKT003357,2025-05-21,Медийная реклама,Ретаргетинг,Новый,Компьютер,4.64,1,0,0.0
MKT000181,2025-04-24,Поисковая реклама,Программа лояльности,Лояльный,Мобильное устройство,20.9,0,0,0.0
MKT002223,2025-09-13,Email,Ретаргетинг,Повторный,Мобильное устройство,1.66,0,0,0.0
MKT005739,2025-12-23,Push,Имиджевая кампания,Повторный,Мобильное устройство,1.72,0,0,0.0
MKT009159,2025-07-26,Социальные сети,Ретаргетинг,Лояльный,Компьютер,-5.0,0,0,0.0
MKT009560,2025-01-14,Поисковая реклама,Новый продукт,Новый,Мобильное устройство,30.98,0,0,0.0
MKT002864,2025-09-24,Email,Сезонная акция,Повторный,Мобильное устройство,2.35,0,0,0.0
MKT006690,2025-07-25,Поисковая реклама,Ретаргетинг,Новый,Компьютер,21.57,0,0,0.0
MKT008889,2025-01-06,Поисковая реклама,Программа лояльности,Новый,Мобильное устройство,16.82,0,0,0.0
MKT008509,2025-01-09,Социальные сети,Программа лояльности,Новый,Компьютер,10.22,0,0,0.0
MKT007958,2025-10-14,Email,Ретаргетинг,Новый,Мобильное устройство,1.46,0,0,0.0
MKT009903,2025-09-13,Медийная реклама,Новый продукт,Повторный,Компьютер,7.51,0,0,0.0
MKT004878,2025-02-16,Социальные сети,Сезонная акция,Повторный,Планшет,9.91,0,0,0.0
MKT001324,2025-11-30,Push,Ретаргетинг,Повторный,Мобильное устройство,1.54,0,0,0.0
MKT006953,2025-10-16,Социальные сети,Сезонная акция,Лояльный,Компьютер,9.98,0,0,0.0
MKT005740,2025-02-15,Поисковая реклама,Ретаргетинг,Повторный,Компьютер,25.5,0,0,0.0
MKT002813,2025-12-30,Социальные сети,Ретаргетинг,Новый,Мобильное устройство,7.88,0,0,0.0
MKT004559,2025-10-31,Социальные сети,Имиджевая кампания,Повторный,Мобильное устройство,8.39,0,0,0.0
MKT006799,2025-04-28,Push,Ретаргетинг,Новый,Мобильное устройство,2.09,0,0,0.0
MKT006859,2025-08-22,Поисковая реклама,Имиджевая кампания,Повторный,Компьютер,25.22,0,0,0.0
MKT008912,2025-05-14,Социальные сети,Программа лояльности,Новый,Мобильное устройство,8.71,0,0,0.0
MKT001534,2025-11-01,Медийная реклама,Программа лояльности,Лояльный,Компьютер,8.0,0,0,0.0
MKT007888,2025-01-26,Email,Новый продукт,Лояльный,мобильное ,3.22,0,0,0.0
MKT003777,2025-06-27,Социальные сети,Сезонная акция,Повторный,Компьютер,7.32,0,0,0.0
MKT005132,2025-08-04,Email,Ретаргетинг,Повторный,Мобильное устройство,1.74,0,0,0.0
MKT006462,2025-03-02,Социальные сети,Сезонная акция,Новый,Мобильное устройство,8.55,0,0,0.0
MKT006361,2025-08-21,Email,Ретаргетинг,Лояльный,Мобильное устройство,1.88,0,0,0.0
MKT005653,2025-09-16,Социальные сети,Новый продукт,Повторный,Мобильное устройство,13.41,1,0,0.0
MKT006299,2025-08-30,Поисковая реклама,Имиджевая кампания,Новый,Мобильное устройство,18.21,0,0,0.0
MKT006662,2025-08-14,Поисковая реклама,Программа лояльности,Лояльный,Компьютер,16.34,0,0,0.0
MKT004116,2025-05-02,Push,Ретаргетинг,Повторный,Мобильное устройство,1.81,1,0,0.0
MKT003081,2025-08-04,Медийная реклама,Сезонная акция,Повторный,Мобильное устройство,7.32,0,0,0.0
MKT000591,2025-05-12,Медийная реклама,Имиджевая кампания,Новый,Мобильное устройство,6.24,0,0,0.0
MKT008587,2025-07-19,Социальные сети,Сезонная акция,Новый,Мобильное устройство,12.6,0,0,0.0
MKT009189,2025-03-28,Поисковая реклама,Имиджевая кампания,Повторный,Мобильное устройство,16.69,0,0,0.0
MKT006061,2025-03-28,Email,НОВЫЙ ПРОДУКТ,Повторный,Мобильное устройство,3.14,1,0,0.0
MKT001709,2025-10-23,Социальные сети,Новый продукт,Повторный,Компьютер,10.2,0,0,0.0
MKT002350,2025-11-12,Push,Новый продукт,Новый,Мобильное устройство,1.74,0,0,0.0
MKT004428,2025-04-11,Email,Имиджевая кампания,Повторный,Мобильное устройство,1.95,0,0,0.0
MKT009705,2025-02-03,Поисковая реклама,Сезонная акция,Повторный,Мобильное устройство,26.2,0,0,0.0
MKT007583,2025-04-14,Push,Сезонная акция,Новый,Компьютер,1.47,0,0,0.0
MKT009141,2025-06-22,Поисковая реклама,Новый продукт,Лояльный,Компьютер,23.89,0,0,0.0
MKT001505,2025-01-05,Социальные сети,Программа лояльности,Новый,Планшет,5.87,0,0,0.0
MKT001914,2025-05-16,Социальные сети,Программа лояльности,Повторный,Мобильное устройство,8.05,0,0,0.0
MKT004472,2025-08-17,Email,Сезонная акция,Новый,Мобильное устройство,2.75,0,0,0.0
MKT005712,2025-04-29,Поисковая реклама,Имиджевая кампания,Повторный,Мобильное устройство,22.62,0,0,0.0
MKT000465,2025-03-24,Поисковая реклама,Ретаргетинг,Лояльный,Мобильное устройство,15.78,0,0,0.0
MKT003506,2025-07-03,Поисковая реклама,Сезонная акция,Новый,Компьютер,25.77,0,0,0.0
MKT009336,2025-12-24,Email,Новый продукт,Лояльный,Компьютер,2.19,0,0,0.0
MKT004815,2025-12-22,Социальные сети,Ретаргетинг,Лояльный,Мобильное устройство,9.83,0,0,0.0
MKT007906,2025-02-13,Email,Ретаргетинг,Лояльный,Планшет,1.4,0,0,0.0
MKT009607,2025-10-04,Email,Ретаргетинг,Новый,Мобильное устройство,2.39,0,0,0.0
MKT007131,2025-01-29,Поисковая реклама,Новый продукт,Повторный,Мобильное устройство,31.58,1,0,0.0
MKT001399,2025-07-06,Поисковая реклама,Ретаргетинг,Новый,Компьютер,23.33,1,0,0.0
MKT001532,2025-10-08,Email,Ретаргетинг,Повторный,Мобильное устройство,2.24,0,0,0.0
MKT000485,2025-07-03,Поисковая реклама,Ретаргетинг,Новый,Компьютер,12.78,0,0,0.0
MKT001529,2025-03-31,Социальные сети,Новый продукт,Повторный,Компьютер,13.67,0,0,0.0
MKT008551,2025-07-05,Медийная реклама,Программа лояльности,Лояльный,Мобильное устройство,6.32,0,0,0.0
MKT000921,2025-04-23,Социальные сети,Сезонная акция,Лояльный,Мобильное устройство,15.1,0,0,0.0
MKT005623,2025-09-05,Поисковая реклама,Сезонная акция,Повторный,Компьютер,19.82,0,0,0.0
MKT001057,2025-06-15,Социальные сети,Новый продукт,Новый,Компьютер,16.38,0,0,
MKT008038,2025-08-24,Email,Сезонная акция,Лояльный,Компьютер,1.79,0,0,0.0
MKT007830,2025-12-30,Email,Имиджевая кампания,Повторный,Компьютер,2.6,0,0,0.0
MKT006038,2025-04-04,Социальные сети,Новый продукт,Повторный,Планшет,8.08,0,0,0.0
MKT001563,2025-05-06,Email,Сезонная акция,Повторный,Мобильное устройство,3.67,0,0,0.0
MKT007882,2025-11-29,Поисковая реклама,Программа лояльности,Повторный,Мобильное устройство,8.65,1,1,6988.34
MKT007436,2025-03-26,Email,Имиджевая кампания,Повторный,Мобильное устройство,1.99,0,0,0.0
MKT009130,2025-09-10,Медийная реклама,Ретаргетинг,Новый,Мобильное устройство,4.2,0,0,0.0
MKT009520,2025-01-13,Поисковая реклама,Сезонная акция,Лояльный,Компьютер,12.08,1,0,0.0
MKT007735,2025-11-06,Медийная реклама,Имиджевая кампания,Повторный,Компьютер,6.23,0,0,0.0
MKT004759,2025-02-22,Медийная реклама,Ретаргетинг,Новый,Мобильное устройство,5.51,0,0,0.0
MKT002705,2025-11-07,Email,Имиджевая кампания,Повторный,Мобильное устройство,1.94,0,0,0.0
MKT004979,2025-01-08,Поисковая реклама,Новый продукт,Новый,Мобильное устройство,19.54,0,0,0.0
MKT003126,2025-02-19,Медийная реклама,Ретаргетинг,Новый,Мобильное устройство,4.53,1,0,0.0
MKT003339,2025-04-02,Поисковая реклама,Имиджевая кампания,Повторный,Мобильное устройство,22.47,0,0,0.0
MKT000740,2025-11-21,Push,Ретаргетинг,Новый,Планшет,1.52,0,0,0.0
MKT001535,2025-02-06,Email,Новый продукт,Повторный,Компьютер,2.27,0,0,0.0
MKT001967,2025-03-18,Email,Ретаргетинг,Новый,Мобильное устройство,2.58,0,0,0.0
MKT000447,2025-09-09,Социальные сети,Ретаргетинг,Новый,Компьютер,9.65,0,0,0.0
MKT004796,2025-09-07,Email,Имиджевая кампания,Лояльный,Мобильное устройство,1.95,0,0,0.0
MKT001734,2025-05-27,Email,Новый продукт,Повторный,Мобильное устройство,2.55,0,0,0.0
MKT000957,2025-12-08,Email,Ретаргетинг,Повторный,Планшет,2.76,0,0,0.0
MKT009849,2025-06-02,Email,Сезонная акция,Повторный,Компьютер,2.22,0,0,0.0
MKT000736,2025-03-26,Медийная реклама,Сезонная акция,Повторный,Мобильное устройство,7.88,0,0,0.0
MKT008459,2025-06-03,Push,Программа лояльности,Лояльный,Планшет,1.25,0,0,0.0
MKT003161,2025-01-07,Социальные сети,Ретаргетинг,Лояльный,Мобильное устройство,10.02,0,0,0.0
MKT002528,2025-02-20,Email,Программа лояльности,Повторный,Мобильное устройство,1.91,0,0,0.0
MKT007132,2025-01-30,Поисковая реклама,Новый продукт,Новый,Мобильное устройство,15.22,0,0,0.0
MKT008434,2025-03-17,Социальные сети,Ретаргетинг,Новый,Компьютер,14.27,0,0,0.0
MKT001875,2025-04-01,Социальные сети,Новый продукт,Повторный,Мобильное устройство,12.74,0,0,0.0
MKT002796,2025-08-20,Социальные сети,Новый продукт,Новый,Компьютер,8.25,0,0,0.0
MKT007087,2025-09-20,Push,Ретаргетинг,Новый,Планшет,0.97,0,0,0.0
MKT009588,2025-05-30,Медийная реклама,Новый продукт,Повторный,Мобильное устройство,6.46,0,0,0.0
MKT004668,2025-11-25,Email,Новый продукт,Повторный,Мобильное устройство,3.36,0,0,0.0
MKT004035,2025-06-17,Поисковая реклама,Новый продукт,Новый,Мобильное устройство,27.79,0,0,0.0
MKT009525,2025-08-25,Email,Сезонная акция,Новый,Компьютер,1.95,0,0,0.0
MKT007587,31.07.2025,Email,Ретаргетинг,Новый,Компьютер,1.98,0,0,0.0
MKT006779,2025-05-25,Email,Новый продукт,Повторный,Мобильное устройство,2.03,0,0,0.0
MKT007482,2025-02-21,Поисковая реклама,Ретаргетинг,Лояльный,Компьютер,13.89,0,0,0.0
MKT008164,2025-06-12,Поисковая реклама,Ретаргетинг,Новый,Мобильное устройство,18.66,0,0,0.0
MKT002474,2025-09-24,Социальные сети,Программа лояльности,Лояльный,Компьютер,7.43,1,0,0.0
MKT007243,2025-11-06,Медийная реклама,Ретаргетинг,Повторный,Мобильное устройство,4.62,0,0,0.0
MKT002613,2025-12-06,Email,Новый продукт,Лояльный,Мобильное устройство,2.37,0,0,0.0
MKT003620,2025-04-02,Push,Программа лояльности,Новый,Компьютер,1.31,0,0,0.0
MKT009510,2025-01-26,Email,программа лояльности,Новый,Мобильное устройство,1.45,0,0,0.0
MKT001855,2025-12-28,Push,Ретаргетинг,Повторный,Компьютер,1.22,0,0,0.0
MKT003047,2025-01-01,Социальные сети,Сезонная акция,Повторный,Мобильное устройство,9.86,0,0,0.0
MKT008973,2025-03-25,Email,Ретаргетинг,Лояльный,Мобильное устройство,2.55,0,0,0.0
MKT003407,2025-08-31,Email,Новый продукт,Повторный,Мобильное устройство,2.03,0,0,0.0
MKT006991,2025-07-18,Push,Программа лояльности,Лояльный,Компьютер,1.28,0,0,0.0
MKT000549,2025-03-25,Поисковая реклама,Ретаргетинг,Повторный,Мобильное устройство,11.91,1,0,0.0
MKT006282,2025-11-11,Push,Программа лояльности,Повторный,Мобильное устройство,1.06,0,0,0.0
MKT006900,2025-07-24,Push,Программа лояльности,Повторный,Планшет,1.21,0,0,0.0
MKT004106,2025-06-22,Медийная реклама,Ретаргетинг,Новый,Мобильное устройство,5.32,0,0,0.0
MKT003935,2025-12-18,Медийная реклама,Имиджевая кампания,Повторный,Мобильное устройство,7.59,0,0,0.0
MKT008303,2025-12-16,Поисковая реклама,Имиджевая кампания,Лояльный,Компьютер,22.74,1,0,0.0
MKT002330,2025-10-28,Социальные сети,Имиджевая кампания,Новый,Мобильное устройство,11.55,0,0,0.0
MKT000833,2025-01-12,Социальные сети,Ретаргетинг,Лояльный,Мобильное устройство,11.42,0,0,0.0
MKT008487,2025-11-15,Поисковая реклама,Имиджевая кампания,Новый,Компьютер,29.4,0,0,0.0
MKT003852,2025-03-15,Медийная реклама,Имиджевая кампания,Повторный,Мобильное устройство,6.56,0,0,0.0
MKT001077,2025-12-15,Медийная реклама,Программа лояльности,Повторный,Компьютер,4.43,0,0,0.0
MKT002134,2025-10-10,Социальные сети,Ретаргетинг,Повторный,Мобильное устройство,9.82,1,0,0.0
MKT008176,2025-07-17,Медийная реклама,Новый продукт,Новый,Мобильное устройство,7.56,0,0,0.0
MKT006963,2025-02-25,Email,Сезонная акция,Повторный,Мобильное устройство,2.32,1,0,0.0
MKT008183,2025-04-29,Push,Новый продукт,Новый,Мобильное устройство,1.7,0,0,0.0
MKT002118,2025-02-01,Email,Программа лояльности,Новый,Мобильное устройство,2.07,0,0,0.0
MKT003793,2025-10-03,Поисковая реклама,Сезонная акция,Повторный,Компьютер,19.1,0,0,0.0
MKT006423,2025-10-22,Социальные сети,Сезонная акция,ПОВТОРНЫЙ,Планшет,12.36,0,0,0.0
MKT003338,2025-03-06,Push,Новый продукт,Повторный,Компьютер,2.06,0,0,0.0
MKT000278,2025-01-10,Социальные сети,Сезонная акция,Лояльный,Мобильное устройство,14.5,0,0,0.0
MKT000575,2025-06-25,Поисковая реклама,Имиджевая кампания,Лояльный,Мобильное устройство,21.31,0,0,0.0
MKT001442,2025-03-12,Push,Сезонная акция,Повторный,Мобильное устройство,1.54,0,0,0.0
MKT007206,2025-09-03,Push,Ретаргетинг,Повторный,Компьютер,1.4,0,0,0.0
MKT005275,2025-08-28,Поисковая реклама,Ретаргетинг,Повторный,Мобильное устройство,17.28,0,0,0.0
MKT003160,2025-03-16,Социальные сети,Программа лояльности,Повторный,Компьютер,7.87,0,0,0.0
MKT001481,2025-06-24,Поисковая реклама,Программа лояльности,Повторный,Мобильное устройство,19.12,1,0,0.0
MKT004019,2025-09-28,Медийная реклама,Имиджевая кампания,Повторный,Мобильное устройство,6.9,0,0,0.0
MKT002286,2025-08-19,Поисковая реклама,Программа лояльности,Повторный,Мобильное устройство,15.28,1,1,3607.08
MKT005687,2025-12-18,Email,Имиджевая кампания,Лояльный,Мобильное устройство,1.95,0,0,0.0
MKT001960,2025-03-09,Push,Сезонная акция,Новый,Мобильное устройство,1.58,0,0,0.0
MKT004225,2025-08-25,Медийная реклама,Ретаргетинг,Новый,Мобильное устройство,6.44,0,0,0.0
MKT002969,2025-02-20,Социальные сети,Ретаргетинг,Лояльный,Мобильное устройство,9.15,0,0,0.0
MKT007290,2025-08-15,Push,Новый продукт,Повторный,Компьютер,1.88,0,0,0.0
MKT004196,2025-02-27,Социальные сети,Ретаргетинг,Новый,Мобильное устройство,13.21,1,0,0.0
MKT006042,2025-03-06,Push,Сезонная акция,Повторный,мобильное ,1.84,0,0,0.0
MKT009938,2025-07-25,Медийная реклама,Ретаргетинг,Новый,Мобильное устройство,6.62,0,0,0.0
MKT003007,2025-11-01,Email,Ретаргетинг,Новый,Компьютер,1.06,0,0,0.0
MKT006535,2025-02-16,Социальные сети,Ретаргетинг,Повторный,Компьютер,6.95,0,0,0.0
MKT004509,2025-09-12,Поисковая реклама,Программа лояльности,Лояльный,Мобильное устройство,12.9,0,0,0.0
MKT006746,2025-07-15,Email,Ретаргетинг,Повторный,Мобильное устройство,1.91,0,0,0.0
MKT008190,2025-06-27,Email,Программа лояльности,Лояльный,Компьютер,1.94,0,0,0.0
MKT006155,2025-11-22,Поисковая реклама,Программа лояльности,Повторный,Мобильное устройство,12.28,0,0,0.0
MKT008309,2025-05-02,Email,Ретаргетинг,Повторный,Компьютер,2.48,0,0,0.0
MKT001616,15.07.2025,Поисковая реклама,Программа лояльности,Новый,Мобильное устройство,22.32,1,0,0.0
MKT004801,2025-11-07,Email,Имиджевая кампания,Новый,Мобильное устройство,2.67,0,0,0.0
MKT001129,2025-02-01,Push,Ретаргетинг,Лояльный,Мобильное устройство,1.07,0,0,0.0
MKT000568,2025-07-14,Медийная реклама,Ретаргетинг,Лояльный,Мобильное устройство,5.29,0,0,0.0
MKT004073,2025-07-22,Email,Сезонная акция,Новый,Компьютер,2.63,1,0,0.0
MKT001322,2025-09-12,Социальные сети,Сезонная акция,Повторный,Мобильное устройство,11.58,0,0,0.0
MKT001560,2025-08-28,Медийная реклама,Ретаргетинг,Новый,Компьютер,7.09,0,0,0.0
MKT003538,2025-12-07,Email,Новый продукт,Новый,Компьютер,2.69,0,0,0.0
MKT005965,2025-04-08,Медийная реклама,Ретаргетинг,Новый,Мобильное устройство,5.92,0,0,0.0
MKT005956,2025-07-07,Социальные сети,Имиджевая кампания,Новый,Компьютер,9.49,0,0,0.0
MKT005546,2025-03-02,Медийная реклама,Ретаргетинг,Новый,Мобильное устройство,6.57,0,0,0.0
MKT009844,2025-03-01,Email,Имиджевая кампания,Повторный,Мобильное устройство,1.94,0,0,0.0
MKT004705,2025-12-02,Медийная реклама,Программа лояльности,Повторный,Мобильное устройство,4.08,0,0,-100.0
MKT008422,2025-06-02,Социальные сети,Имиджевая кампания,Новый,Мобильное устройство,8.54,0,0,0.0
MKT007498,2025-01-24,Push,Программа лояльности,Повторный,Мобильное устройство,0.96,0,0,0.0
MKT000116,2025-12-31,Социальные сети,Имиджевая кампания,Новый,Мобильное устройство,9.22,0,0,0.0
MKT002988,2025-10-12,Социальные сети,Ретаргетинг,Повторный,мобильное ,9.19,1,0,0.0
MKT006888,2025-04-28,Email,Ретаргетинг,Лояльный,Мобильное устройство,2.26,0,0,0.0
MKT006950,2025-02-24,Социальные сети,Сезонная акция,Лояльный,Мобильное устройство,9.47,0,0,0.0
MKT007931,2025-02-06,Push,Программа лояльности,Новый,Мобильное устройство,1.48,0,0,0.0
MKT001679,2025-01-17,Медийная реклама,Сезонная акция,Лояльный,Мобильное устройство,7.01,0,0,0.0
MKT009609,2025-10-06,Медийная реклама,Программа лояльности,Новый,Компьютер,4.19,0,0,0.0
MKT004716,2025-09-08,Поисковая реклама,Имиджевая кампания,Повторный,Мобильное устройство,26.56,0,0,0.0
MKT002691,2025-08-18,Медийная реклама,Ретаргетинг,Лояльный,Компьютер,4.42,0,0,0.0
MKT009951,2025-11-22,Медийная реклама,Имиджевая кампания,Новый,Мобильное устройство,9.5,0,0,0.0
MKT009513,2025-06-01,Email,Сезонная акция,Повторный,Мобильное устройство,2.18,0,0,0.0
MKT002800,2025-04-15,Социальные сети,Новый продукт,Новый,Компьютер,9.67,0,0,0.0
MKT000912,2025-05-17,Медийная реклама,Имиджевая кампания,Повторный,Мобильное устройство,9.16,0,0,0.0
MKT001475,2025-01-03,Социальные сети,Программа лояльности,Повторный,Компьютер,11.98,1,0,0.0
MKT000003,2025-03-14,Медийная реклама,Программа лояльности,Новый,Мобильное устройство,7.67,0,0,0.0
MKT004310,2025-01-21,push ,Сезонная акция,Повторный,Мобильное устройство,1.57,0,0,0.0
MKT001716,2025-08-14,Поисковая реклама,Новый продукт,Повторный,Компьютер,26.9,0,0,0.0
MKT006539,2025-04-17,Email,Ретаргетинг,Новый,Мобильное устройство,2.08,0,0,0.0
MKT009700,2025-11-06,Email,Ретаргетинг,Повторный,Мобильное устройство,1.95,0,0,0.0
MKT006143,2025-10-02,Email,Новый продукт,Новый,Компьютер,3.11,0,0,0.0
MKT000368,2025-01-25,Социальные сети,Имиджевая кампания,Повторный,Мобильное устройство,12.97,0,0,0.0
MKT009570,2025-02-20,Медийная реклама,Программа лояльности,Новый,Компьютер,5.76,0,0,0.0
MKT002156,2025-03-12,Поисковая реклама,Программа лояльности,Повторный,Мобильное устройство,16.24,0,0,0.0
MKT007921,2025-12-24,Поисковая реклама,Сезонная акция,Новый,Компьютер,18.67,0,0,0.0
MKT009266,2025-03-25,Email,Сезонная акция,Лояльный,Мобильное устройство,2.24,0,0,0.0
MKT005635,2025-01-11,Поисковая реклама,Программа лояльности,Новый,Мобильное устройство,17.14,0,0,0.0
MKT007841,2025-02-16,Push,Ретаргетинг,Новый,Мобильное устройство,1.34,1,0,0.0
MKT006256,2025-05-14,Push,Имиджевая кампания,Повторный,Компьютер,1.66,0,0,0.0
MKT000853,2025-05-19,Социальные сети,Программа лояльности,Новый,Мобильное устройство,11.71,0,0,0.0
MKT006867,2025-05-23,Медийная реклама,Ретаргетинг,Новый,Мобильное устройство,4.81,0,0,0.0
MKT008268,2025-02-16,Социальные сети,Ретаргетинг,Повторный,Мобильное устройство,7.75,0,0,0.0
MKT008184,2025-09-19,Медийная реклама,Ретаргетинг,Повторный,Компьютер,7.06,0,0,0.0
MKT005564,2025-08-08,Медийная реклама,Ретаргетинг,Лояльный,Мобильное устройство,5.21,0,0,0.0
MKT000087,2025-06-28,Email,Имиджевая кампания,Новый,Компьютер,2.94,0,0,0.0
MKT009380,2025-03-06,Социальные сети,Сезонная акция,Повторный,Мобильное устройство,9.71,0,0,0.0
MKT000251,2025-08-17,Социальные сети,Имиджевая кампания,Новый,Компьютер,14.05,0,0,0.0
MKT006595,2025-11-04,Социальные сети,Имиджевая кампания,Лояльный,Планшет,10.28,0,0,0.0
MKT003988,2025-09-10,Email,Ретаргетинг,Новый,Мобильное устройство,2.06,0,0,0.0
MKT004913,2025-09-21,Push,Имиджевая кампания,Новый,Мобильное устройство,1.22,0,0,0.0
MKT008446,2025-08-19,,Имиджевая кампания,Лояльный,Компьютер,3.0,0,0,0.0
MKT009634,2025-03-21,Социальные сети,Новый продукт,Повторный,Компьютер,8.9,0,0,0.0
MKT002093,2025-02-05,Поисковая реклама,Ретаргетинг,Повторный,Мобильное устройство,19.79,1,0,0.0
MKT009899,2025-02-28,Email,Ретаргетинг,Новый,Компьютер,1.28,0,0,0.0
MKT008547,2025-06-03,Поисковая реклама,Имиджевая кампания,Лояльный,Мобильное устройство,25.35,0,0,0.0
MKT005181,2025-06-24,Медийная реклама,Сезонная акция,Лояльный,Планшет,6.57,0,0,0.0
MKT006806,2025-12-12,Email,Сезонная акция,Лояльный,Мобильное устройство,2.51,0,0,0.0
MKT001149,2025-07-16,Email,Сезонная акция,Новый,Компьютер,2.84,0,0,0.0
MKT003740,2025-01-27,Поисковая реклама,Программа лояльности,Повторный,Мобильное устройство,18.82,0,0,0.0
MKT004641,2025-06-08,Push,Программа лояльности,Повторный,Мобильное устройство,0.82,1,1,4004.86
MKT000993,2025-04-18,Медийная реклама,Сезонная акция,Повторный,Мобильное устройство,8.41,0,0,0.0
MKT009695,2025-08-24,Поисковая реклама,Имиджевая кампания,Повторный,Мобильное устройство,22.27,0,0,0.0
MKT006347,2025-02-11,Push,Сезонная акция,Новый,Компьютер,1.67,1,0,0.0
MKT009907,2025-08-16,Социальные сети,Программа лояльности,Новый,Мобильное устройство,5.87,0,0,0.0
MKT009365,2025-08-08,Push,Сезонная акция,Повторный,Мобильное устройство,1.93,0,0,0.0
MKT004947,2025-02-04,Email,Ретаргетинг,Новый,Мобильное устройство,1.63,0,0,0.0
MKT004092,2025-12-12,Поисковая реклама,Имиджевая кампания,Новый,Компьютер,19.31,1,0,0.0
MKT004688,2025-11-11,Социальные сети,Новый продукт,Лояльный,Мобильное устройство,8.41,0,0,0.0
MKT008205,2025-03-14,Push,Имиджевая кампания,Повторный,Мобильное устройство,1.28,0,0,0.0
MKT008972,2025-06-16,,Сезонная акция,Новый,Компьютер,15.05,0,0,0.0
MKT004348,2025-10-26,Email,Ретаргетинг,Лояльный,Мобильное устройство,2.21,0,0,0.0
MKT005897,2025-03-05,Push,Новый продукт,Повторный,Мобильное устройство,1.54,0,0,0.0
MKT004744,2025-11-19,Социальные сети,Ретаргетинг,Новый,Компьютер,8.51,0,0,0.0
MKT006919,2025-07-17,Социальные сети,Сезонная акция,Лояльный,Мобильное устройство,6.85,0,0,0.0
MKT007190,2025-01-05,Медийная реклама,Новый продукт,Лояльный,Компьютер,8.2,0,0,0.0
MKT005071,2025-03-08,Поисковая реклама,Сезонная акция,Лояльный,Компьютер,19.16,0,0,0.0
MKT002380,2025-04-12,Социальные сети,Сезонная акция,Повторный,Компьютер,12.17,1,0,0.0
MKT001025,2025-06-17,Email,Имиджевая кампания,Лояльный,Планшет,1.95,0,0,0.0
MKT005463,2025-06-30,Email,Имиджевая кампания,Лояльный,Мобильное устройство,1.74,0,0,0.0
MKT009589,2025-10-21,Push,Новый продукт,Новый,Компьютер,1.61,0,0,0.0
MKT003215,2025-10-12,Push,Сезонная акция,Новый,Мобильное устройство,2.69,1,0,0.0
MKT003082,2025-09-07,Социальные сети,Имиджевая кампания,Повторный,Мобильное устройство,9.56,0,0,0.0
MKT002109,2025-11-03,Email,Сезонная акция,Повторный,Компьютер,2.57,1,0,0.0
MKT005728,2025-05-23,Медийная реклама,Программа лояльности,Новый,Компьютер,7.56,0,0,0.0
MKT004819,2025-11-30,Push,Сезонная акция,Лояльный,Мобильное устройство,1.94,0,0,0.0
MKT002399,2025-02-04,Push,Новый продукт,Новый,Мобильное устройство,1.3,0,0,0.0
MKT005489,2025-05-17,Социальные сети,Программа лояльности,Лояльный,Планшет,6.72,0,0,0.0
MKT009209,2025-02-16,Email,Сезонная акция,Повторный,Мобильное устройство,2.93,0,0,0.0
MKT005987,2025-09-08,Push,Сезонная акция,Новый,Мобильное устройство,2.13,0,0,0.0
MKT003657,2025-12-20,Социальные сети,Сезонная акция,Новый,Мобильное устройство,8.38,0,1,0.0
MKT005895,2025-10-04,Медийная реклама,Сезонная акция,Повторный,Мобильное устройство,,0,0,0.0
MKT007261,2025-02-06,Социальные сети,Ретаргетинг,Новый,Мобильное устройство,9.71,0,0,0.0
MKT001110,2025-11-25,Поисковая реклама,Сезонная акция,Новый,Компьютер,15.68,1,0,0.0
MKT009230,2025-10-10,Медийная реклама,Ретаргетинг,Повторный,Компьютер,10.44,0,0,0.0
MKT007330,2025-07-12,Социальные сети,Новый продукт,Повторный,Компьютер,5.82,0,0,0.0
MKT008083,2025-07-04,Push,Ретаргетинг,Повторный,Мобильное устройство,1.83,0,0,0.0
MKT001065,2025-09-21,Социальные сети,Сезонная акция,Лояльный,Мобильное устройство,9.29,1,1,4899.97
MKT001770,2025-01-20,Поисковая реклама,Новый продукт,Новый,Мобильное устройство,20.37,0,0,0.0
MKT009247,2025-09-15,Поисковая реклама,Ретаргетинг,Новый,Мобильное устройство,15.42,0,0,0.0
MKT001206,2025-01-31,Социальные сети,Сезонная акция,Новый,Мобильное устройство,12.73,0,0,0.0
MKT005247,2025-04-22,Медийная реклама,Программа лояльности,Лояльный,Мобильное устройство,6.7,0,0,0.0
MKT007053,2025-01-01,Социальные сети,Ретаргетинг,Повторный,Компьютер,8.68,0,0,0.0
MKT002609,2025-01-27,Социальные сети,Имиджевая кампания,Повторный,Компьютер,8.84,0,0,0.0
MKT007552,2025-03-12,Email,Ретаргетинг,Повторный,Мобильное устройство,2.21,0,0,0.0
MKT002230,2025-05-02,Медийная реклама,Новый продукт,Новый,Мобильное устройство,6.3,0,0,0.0
MKT007817,2025-12-11,Медийная реклама,Программа лояльности,Повторный,Компьютер,7.17,0,0,0.0
MKT006790,2025-08-22,Социальные сети,Сезонная акция,Лояльный,Мобильное устройство,8.62,0,0,0.0
MKT004168,2025-12-11,Push,Сезонная акция,Новый,Компьютер,1.62,0,0,0.0
MKT009168,2025-12-30,,Сезонная акция,Новый,Компьютер,21.92,0,0,0.0
MKT000986,2025-01-09,Email,Имиджевая кампания,Повторный,Мобильное устройство,2.85,0,0,0.0
MKT004370,2025-11-24,Медийная реклама,Ретаргетинг,Повторный,Мобильное устройство,7.26,0,0,0.0
MKT005857,2025-02-01,Push,Ретаргетинг,Лояльный,Планшет,1.81,0,0,0.0
MKT007886,2025-03-20,Социальные сети,Сезонная акция,Лояльный,Мобильное устройство,8.46,0,0,0.0
MKT002763,2025-10-29,Поисковая реклама,Ретаргетинг,Повторный,Мобильное устройство,20.47,1,0,0.0
MKT000360,2025-10-23,Email,Имиджевая кампания,Повторный,Компьютер,2.61,0,0,0.0
MKT009119,2025-11-18,Социальные сети,Новый продукт,Новый,Мобильное устройство,10.15,0,0,0.0
MKT007667,2025-09-08,Push,Имиджевая кампания,Повторный,Мобильное устройство,2.16,0,0,0.0
MKT001229,2025-02-07,Социальные сети,Имиджевая кампания,Новый,Планшет,13.32,0,0,0.0
MKT004982,2025-11-10,Поисковая реклама,Программа лояльности,Повторный,Мобильное устройство,17.85,0,0,0.0
MKT003399,2025-07-09,Push,Сезонная акция,Новый,Компьютер,1.64,0,0,0.0
MKT002323,2025-01-12,Медийная реклама,Имиджевая кампания,Новый,Планшет,6.61,0,0,0.0
MKT003400,2025-09-10,Социальные сети,Сезонная акция,Повторный,Компьютер,10.25,0,0,0.0
MKT006186,2025-05-28,Поисковая реклама,Новый продукт,Новый,Мобильное устройство,25.77,0,0,0.0
MKT009556,2025-04-25,Социальные сети,Новый продукт,Повторный,Мобильное устройство,14.9,0,0,0.0
MKT002505,2025-05-02,Социальные сети,Новый продукт,Новый,Мобильное устройство,9.65,0,0,0.0
MKT007434,2025-10-15,Push,Сезонная акция,Новый,Мобильное устройство,1.75,0,0,0.0
MKT007452,2025-05-17,Поисковая реклама,Имиджевая кампания,Повторный,Мобильное устройство,13.96,0,0,0.0
MKT002097,2025-09-21,Медийная реклама,Ретаргетинг,Новый,Компьютер,5.06,0,0,0.0
MKT008940,2025-09-02,Email,Программа лояльности,Повторный,Мобильное устройство,2.04,0,0,0.0
MKT000965,2025-03-09,Социальные сети,Программа лояльности,Новый,Мобильное устройство,8.53,0,0,0.0
MKT006463,2025-08-28,Поисковая реклама,Новый продукт,Новый,Мобильное устройство,18.57,0,0,0.0
MKT009076,2025-11-17,Медийная реклама,Имиджевая кампания,Лояльный,Мобильное устройство,6.34,0,0,0.0
MKT002533,2025-04-22,Социальные сети,Новый продукт,Повторный,Мобильное устройство,8.7,0,0,0.0
MKT000609,2025-02-21,Медийная реклама,Программа лояльности,Новый,Компьютер,4.34,0,0,0.0
MKT004224,2025-08-18,Медийная реклама,Новый продукт,Лояльный,Компьютер,7.56,0,0,0.0
MKT005991,2025-09-07,Поисковая реклама,Новый продукт,Повторный,Мобильное устройство,30.95,1,0,0.0
MKT003086,2025-12-23,Поисковая реклама,Имиджевая кампания,Новый,Компьютер,19.67,0,0,0.0
MKT006708,2025-02-04,Email,Сезонная акция,Повторный,Мобильное устройство,2.99,1,0,0.0
MKT004535,2025-06-05,Медийная реклама,Ретаргетинг,Повторный,Компьютер,3.59,0,0,0.0
MKT007699,2025-03-07,Социальные сети,Имиджевая кампания,Повторный,Мобильное устройство,10.16,0,0,0.0
MKT009306,2025-08-29,Поисковая реклама,Ретаргетинг,Повторный,Мобильное устройство,16.08,0,0,0.0
MKT006999,2025-09-23,Email,Имиджевая кампания,Новый,Мобильное устройство,2.75,0,0,0.0
MKT001680,2025-09-09,Поисковая реклама,Сезонная акция,Повторный,Компьютер,24.84,0,0,0.0
MKT006362,2025-08-29,Поисковая реклама,Сезонная акция,Лояльный,Мобильное устройство,17.02,1,0,0.0
MKT006525,16.12.2025,Социальные сети,Программа лояльности,Повторный,Мобильное устройство,5.87,1,0,0.0
MKT002331,2025-08-22,Поисковая реклама,Сезонная акция,Новый,Мобильное устройство,16.34,0,0,0.0
MKT009343,2025-01-06,Email,Новый продукт,Повторный,Мобильное устройство,1.86,0,0,0.0
MKT009473,2025-06-24,Email,Сезонная акция,Новый,Компьютер,1.97,0,0,0.0
MKT004446,2025-01-15,Социальные сети,Ретаргетинг,Повторный,Мобильное устройство,7.75,1,0,0.0
MKT006021,2025-06-28,Социальные сети,Сезонная акция,Повторный,Мобильное устройство,8.38,0,0,0.0
MKT009806,2025-05-11,Социальные сети,Новый продукт,Повторный,Мобильное устройство,10.6,0,0,0.0
MKT001712,2025-12-30,Email,Сезонная акция,Новый,Компьютер,2.2,0,0,0.0
MKT000939,2025-02-27,Поисковая реклама,Программа лояльности,Лояльный,Компьютер,18.33,2,0,0.0
MKT000194,2025-05-02,Email,Новый продукт,Новый,Мобильное устройство,2.2,0,0,0.0
MKT009165,2025-04-26,Медийная реклама,Новый продукт,Повторный,Мобильное устройство,5.8,0,0,0.0
MKT009256,18.12.2025,Поисковая реклама,Сезонная акция,Новый,Компьютер,17.89,0,0,0.0
MKT004040,2025-05-28,Push,Сезонная акция,Новый,Компьютер,0.9,0,0,0.0
MKT002511,2025-11-29,Поисковая реклама,Сезонная акция,Новый,Мобильное устройство,21.49,0,0,0.0
MKT005143,2025-05-09,Email,Имиджевая кампания,Новый,Компьютер,2.95,0,0,0.0
MKT009241,2025-02-21,Социальные сети,Ретаргетинг,Новый,Мобильное устройство,9.49,0,0,0.0
MKT002344,2025-08-07,Медийная реклама,Сезонная акция,Новый,Мобильное устройство,7.25,0,0,0.0
MKT008034,2025-12-07,Push,Ретаргетинг,Повторный,Компьютер,1.44,0,0,0.0
MKT003989,2025-10-06,Поисковая реклама,Имиджевая кампания,Повторный,Планшет,23.34,0,0,0.0
MKT002919,2025-12-31,Поисковая реклама,Ретаргетинг,Лояльный,Мобильное устройство,22.42,1,0,0.0
MKT002406,2025-03-14,Поисковая реклама,Новый продукт,Повторный,Компьютер,30.7,0,0,0.0
MKT007582,2025-12-18,Социальные сети,Сезонная акция,Новый,Компьютер,16.25,0,0,0.0
MKT004347,2025-03-15,Социальные сети,Ретаргетинг,Повторный,Мобильное устройство,8.67,1,0,0.0
MKT002891,2025-09-28,Социальные сети,Ретаргетинг,Лояльный,Мобильное устройство,9.28,0,0,0.0
MKT000639,2025-04-08,Email,Ретаргетинг,Новый,Компьютер,1.84,0,0,0.0
MKT003017,2025-10-31,Поисковая реклама,Программа лояльности,Повторный,Мобильное устройство,15.7,1,0,0.0
MKT001553,2025-03-04,Поисковая реклама,программа лояльности,Новый,Мобильное устройство,15.6,0,0,0.0
MKT008690,2025-05-04,Социальные сети,Сезонная акция,Новый,Компьютер,15.6,0,0,0.0
MKT004912,2025-12-28,Email,Новый продукт,Новый,Компьютер,2.44,0,0,0.0
MKT001671,2025-02-23,Поисковая реклама,Имиджевая кампания,Лояльный,Мобильное устройство,17.94,1,0,0.0
MKT003145,2025-08-30,Email,Имиджевая кампания,Новый,Мобильное устройство,3.1,0,0,0.0
MKT005442,2025-09-15,Медийная реклама,Имиджевая кампания,Повторный,Мобильное устройство,4.22,0,0,0.0
MKT008399,2025-09-02,Email,Ретаргетинг,Новый,Компьютер,1.83,0,0,0.0
MKT006570,2025-01-03,Email,Новый продукт,Новый,Компьютер,2.02,0,0,0.0
MKT008957,2025-06-19,Push,Имиджевая кампания,Повторный,Мобильное устройство,2.38,0,0,0.0
MKT004094,2025-08-16,Push,Ретаргетинг,Повторный,Мобильное устройство,1.12,0,0,0.0
MKT006845,2025-02-15,Поисковая реклама,Сезонная акция,Повторный,Мобильное устройство,16.9,1,0,0.0
MKT008227,2025-02-14,Поисковая реклама,Ретаргетинг,Лояльный,Компьютер,19.95,0,0,0.0
MKT008079,2025-04-03,Email,Имиджевая кампания,Повторный,Мобильное устройство,2.43,0,0,0.0
MKT007464,2025-06-30,Поисковая реклама,Программа лояльности,Лояльный,Мобильное устройство,19.23,0,0,0.0
MKT008668,2025-01-20,Email,Ретаргетинг,Повторный,Мобильное устройство,2.3,0,0,0.0
MKT006609,2025-07-18,Медийная реклама,Ретаргетинг,Лояльный,Компьютер,6.14,0,0,0.0
MKT003040,2025-01-05,Push,Сезонная акция,Повторный,Мобильное устройство,1.24,0,0,0.0
MKT002788,2025-03-06,Медийная реклама,Имиджевая кампания,Повторный,Мобильное устройство,8.65,0,0,0.0
MKT004499,2025-08-16,Медийная реклама,Сезонная акция,Новый,Компьютер,6.48,0,0,0.0
MKT006302,2025-02-10,Социальные сети,Программа лояльности,Новый,Мобильное устройство,9.06,0,0,0.0
MKT001500,2025-08-10,Поисковая реклама,Программа лояльности,Повторный,Мобильное устройство,14.14,0,0,0.0
MKT009367,2025-06-27,Email,Ретаргетинг,Новый,Мобильное устройство,1.58,0,0,0.0
MKT006015,2025-08-13,Социальные сети,Сезонная акция,Лояльный,Мобильное устройство,10.45,0,0,0.0
MKT004023,2025-01-23,Поисковая реклама,Имиджевая кампания,Повторный,Мобильное устройство,19.4,0,0,0.0
MKT007834,2025-04-04,Push,Имиджевая кампания,Повторный,Мобильное устройство,1.8,0,0,0.0
MKT008088,2025-04-28,Поисковая реклама,Сезонная акция,Новый,Мобильное устройство,22.98,1,0,0.0
MKT002608,2025-06-16,Социальные сети,Программа лояльности,Лояльный,Мобильное устройство,10.51,0,0,2807.0
MKT006836,2025-05-11,Email,Имиджевая кампания,Новый,Мобильное устройство,1.98,0,0,0.0
MKT008844,2025-10-11,Email,Сезонная акция,Повторный,Мобильное устройство,2.39,0,0,0.0
MKT003938,2025-05-04,Поисковая реклама,Сезонная акция,Лояльный,Мобильное устройство,16.48,0,0,0.0
MKT003883,2025-01-06,Email,Новый продукт,Новый,Мобильное устройство,3.91,0,0,0.0
MKT009854,2025-01-08,Социальные сети,Программа лояльности,Новый,Мобильное устройство,6.5,0,0,0.0
MKT001791,2025-05-10,Email,Сезонная акция, лояльный,Мобильное устройство,1.99,0,0,0.0
MKT005307,2025-01-15,Email,Новый продукт,Новый,Планшет,2.18,0,0,0.0
MKT003394,2025-03-08,Социальные сети,Программа лояльности,Новый,Мобильное устройство,12.72,0,0,0.0
MKT009908,2025-09-12,Email,НОВЫЙ ПРОДУКТ,Новый,Мобильное устройство,1.37,0,0,0.0
MKT000900,2025-09-23,Email,Новый продукт,Повторный,Компьютер,1.74,0,0,0.0
MKT008197,2025-07-02,Медийная реклама,Программа лояльности,Новый,Мобильное устройство,8.91,0,0,0.0
MKT004666,2025-01-23,Социальные сети,Сезонная акция,Лояльный,Мобильное устройство,11.03,0,0,0.0
MKT002710,2025-09-19,Социальные сети,Ретаргетинг,Новый,Компьютер,11.29,0,0,0.0
MKT000693,2025-07-11,Push,Ретаргетинг,Повторный,Компьютер,1.55,0,0,0.0
MKT004876,2025-03-20,Социальные сети,Сезонная акция,Повторный,Мобильное устройство,17.73,1,0,0.0
MKT009482,2025-04-02,Push,Ретаргетинг,Новый,Мобильное устройство,1.44,0,0,0.0
MKT003496,2025-07-16,Поисковая реклама,Сезонная акция,Новый,Компьютер,16.58,0,0,0.0
MKT006841,2025-12-17,Push,Сезонная акция,Новый,Компьютер,1.56,0,0,0.0
MKT004646,2025-10-03,Поисковая реклама,Сезонная акция,Новый,Компьютер,15.28,0,0,0.0
MKT008820,2025-09-22,Email,Программа лояльности,Лояльный,Мобильное устройство,1.95,0,0,0.0
MKT001983,2025-07-09,Push,Программа лояльности,Лояльный,Мобильное устройство,1.24,0,0,0.0
MKT000706,2025-01-07,Push,Ретаргетинг,Новый,Компьютер,0.76,0,0,0.0
MKT007524,2025-01-26,Email,Ретаргетинг,Новый,Мобильное устройство,2.24,0,0,0.0
MKT001092,2025-11-23,Социальные сети,Новый продукт,Повторный,Мобильное устройство,14.19,0,0,0.0
MKT009739,2025-06-30,Социальные сети,Новый продукт,Повторный,Компьютер,18.93,0,0,0.0
MKT006563,2025-12-01,Email,Сезонная акция,Повторный,Мобильное устройство,2.28,0,0,0.0
MKT004481,2025-08-19,Поисковая реклама,Сезонная акция,Новый,Мобильное устройство,21.68,0,0,0.0
MKT000075,2025-05-06,Push,Ретаргетинг,Повторный,Мобильное устройство,1.72,0,0,0.0
MKT008581,2025-10-16,Поисковая реклама,Имиджевая кампания,Повторный,Компьютер,26.32,1,0,0.0
MKT004597,2025-01-25,Email,Новый продукт,Новый,Мобильное устройство,2.72,0,0,0.0
MKT007252,2025-03-25,Социальные сети,Сезонная акция,Новый,Мобильное устройство,11.68,0,0,0.0
MKT001385,2025-03-27,Push,Новый продукт,Новый,Планшет,1.78,0,0,0.0
MKT003083,2025-08-25,Медийная реклама,Программа лояльности,Повторный,Мобильное устройство,5.81,1,0,0.0
MKT007068,2025-10-19,Поисковая реклама,Имиджевая кампания,Повторный,Мобильное устройство,27.2,0,0,0.0
MKT000300,2025-09-28,Социальные сети,Сезонная акция,ПОВТОРНЫЙ,Мобильное устройство,8.89,0,0,0.0
MKT003303,2025-12-04,Push,Программа лояльности,Новый,Мобильное устройство,1.46,0,0,0.0
MKT006455,2025-05-27,Социальные сети,Имиджевая кампания,Повторный,Мобильное устройство,7.15,0,0,0.0
MKT000966,2025-01-31,Поисковая реклама,Имиджевая кампания,Повторный,Мобильное устройство,20.32,0,0,0.0
MKT003021,2025-11-09,Push,Сезонная акция,Новый,Мобильное устройство,1.04,0,0,0.0
MKT000065,2025-02-25,Социальные сети,Программа лояльности,Повторный,Компьютер,8.26,0,0,0.0
MKT006679,2025-05-03,Поисковая реклама,Сезонная акция,Новый,Компьютер,22.53,0,0,0.0
MKT000451,2025-05-19,Email,Программа лояльности,Новый,Компьютер,1.75,0,0,0.0
MKT000445,2025-12-17,Email,Программа лояльности,Повторный,Мобильное устройство,1.92,0,0,0.0
MKT008600,2025-06-20,Поисковая реклама,Программа лояльности,Лояльный,Мобильное устройство,18.5,0,0,0.0
MKT005147,2025-11-13,Поисковая реклама,Сезонная акция,Новый,Компьютер,15.3,0,0,0.0
MKT009265,2025-02-05,Поисковая реклама,Имиджевая кампания,Повторный,Мобильное устройство,11.33,0,0,0.0
MKT005576,2025-07-05,Поисковая реклама,Сезонная акция,Новый,Мобильное устройство,22.42,0,0,0.0
MKT002515,2025-02-12,Поисковая реклама,Ретаргетинг,Повторный,Компьютер,16.29,0,0,0.0
MKT001204,2025-12-25,Push,Ретаргетинг,Новый,Мобильное устройство,1.61,0,0,0.0
MKT009767,2025-10-24,Медийная реклама,Имиджевая кампания,Лояльный,Мобильное устройство,6.83,0,0,0.0
MKT006202,2025-01-24,Социальные сети,Сезонная акция,Повторный,Мобильное устройство,12.78,1,0,0.0
MKT005896,2025-07-18,Медийная реклама,Новый продукт,Повторный,Мобильное устройство,7.01,0,0,0.0
MKT005480,2025-03-24,Push,Ретаргетинг,Новый,Мобильное устройство,1.19,0,0,0.0
MKT000029,2025-12-12,Социальные сети,Новый продукт,Повторный,Мобильное устройство,,0,0,0.0
MKT007613,2025-08-04,Email,Ретаргетинг,Лояльный,Мобильное устройство,1.82,1,0,0.0
MKT001530,2025-05-19,Поисковая реклама,Сезонная акция,Новый,Мобильное устройство,28.65,0,0,0.0
MKT003372,2025-05-16,Email,Программа лояльности,Новый,Компьютер,1.67,0,0,0.0
MKT003924,2025-03-09,Социальные сети,Сезонная акция,Повторный,Компьютер,12.1,0,0,0.0
MKT000007,2025-05-14,Медийная реклама,Имиджевая кампания,Повторный,Мобильное устройство,5.08,0,0,0.0
MKT000924,2025-04-27,Социальные сети,Сезонная акция,Повторный,Мобильное устройство,9.02,0,0,0.0
MKT009249,2025-03-28,Поисковая реклама,Сезонная акция,Повторный,Мобильное устройство,19.96,0,0,0.0
MKT004861,2025-12-23,Push,Имиджевая кампания,Повторный,Мобильное устройство,1.91,0,0,0.0
MKT009622,2025-06-18,Email,Ретаргетинг,Повторный,Мобильное устройство,1.64,0,0,0.0
MKT009187,2025-03-28,Социальные сети,Имиджевая кампания,Лояльный,Мобильное устройство,11.11,0,0,0.0
MKT009471,2025-11-25,Медийная реклама,Сезонная акция,Повторный,Компьютер,6.27,0,0,0.0
MKT006989,2025-02-05,Социальные сети,Новый продукт,Повторный,Компьютер,13.75,0,0,0.0
MKT009756,2025-08-31,Email,Программа лояльности,Новый,Компьютер,1.91,0,0,0.0
MKT006834,2025-12-10,Медийная реклама,Имиджевая кампания,Повторный,Компьютер,5.36,0,0,0.0
MKT006013,2025-09-08,Email,Ретаргетинг,Повторный,Мобильное устройство,2.74,0,0,0.0
MKT004462,2025-03-29,Социальные сети,Ретаргетинг,Повторный,Мобильное устройство,7.86,0,0,0.0
MKT009426,2025-11-14,Email,Ретаргетинг,Повторный,Мобильное устройство,2.06,0,0,0.0
MKT007358,2025-04-05,Социальные сети,Сезонная акция,Повторный,Мобильное устройство,11.94,1,0,0.0
MKT008308,2025-03-09,Социальные сети,Ретаргетинг,Повторный,Мобильное устройство,9.28,0,0,0.0
MKT006024,2025-05-21,Поисковая реклама,Новый продукт,Повторный,Мобильное устройство,21.18,1,0,0.0
MKT000166,2025-07-23,Социальные сети,Ретаргетинг,Повторный,Мобильное устройство,6.73,1,0,0.0
MKT001804,2025-01-19,Социальные сети,Сезонная акция,Лояльный,Мобильное устройство,7.81,0,0,0.0
MKT009704,2025-06-05,Push,Новый продукт,Повторный,Мобильное устройство,2.09,0,0,0.0
MKT003755,2025-05-12,Поисковая реклама,Ретаргетинг,Лояльный,Планшет,17.85,0,0,0.0
MKT007935,2025-08-09,Email,Сезонная акция,Повторный,Мобильное устройство,2.39,0,0,0.0
MKT006304,2025-05-23,Email,Новый продукт,Новый,Мобильное устройство,2.57,1,0,0.0
MKT001435,2025-07-26,Медийная реклама,Имиджевая кампания,Повторный,Мобильное устройство,5.97,0,0,0.0
MKT000416,2025-01-04,Социальные сети,Программа лояльности,Повторный,Мобильное устройство,7.38,0,0,0.0
MKT001073,2025-12-06,Email,Новый продукт,Повторный,Мобильное устройство,3.41,0,0,0.0
MKT006464,2025-01-12,Поисковая реклама,Программа лояльности,Новый,Мобильное устройство,14.02,0,0,0.0
MKT001839,2025-01-22,Социальные сети,Ретаргетинг,Повторный,Мобильное устройство,10.15,1,0,0.0
MKT008934,2025-09-01,Социальные сети,Новый продукт,Лояльный,Компьютер,10.67,0,0,0.0
MKT003412,2025-10-20,Push,Ретаргетинг,Повторный,Мобильное устройство,1.18,0,0,0.0
MKT008266,2025-01-01,Поисковая реклама,Программа лояльности,Повторный,Мобильное устройство,16.09,0,0,0.0
MKT008928,2025-04-02,Социальные сети,Программа лояльности,Новый,Мобильное устройство,5.06,1,0,0.0
MKT008409,2025-01-02,Медийная реклама,Программа лояльности,Повторный,Мобильное устройство,5.88,0,0,0.0
MKT003831,2025-01-23,Социальные сети,Программа лояльности,Новый,Мобильное устройство,10.06,0,0,0.0
MKT009624,2025-01-24,Поисковая реклама,Ретаргетинг,Повторный,Компьютер,20.23,0,0,0.0
MKT008492,2025-07-23,Email,Сезонная акция,Лояльный,Мобильное устройство,2.91,0,0,0.0
MKT006714,2025-03-29,Поисковая реклама,Сезонная акция,Лояльный,Компьютер,22.36,1,1,5626.29
MKT001368,2025-03-20,Социальные сети,Ретаргетинг,Новый,Компьютер,7.52,0,0,0.0
MKT009323,2025-10-12,Поисковая реклама,Сезонная акция,Повторный,Планшет,24.78,0,0,0.0
MKT007235,2025-01-17,Email,Сезонная акция,Повторный,Мобильное устройство,2.61,0,0,0.0
MKT003403,2025-09-22,Поисковая реклама,Ретаргетинг,Лояльный,Мобильное устройство,25.21,0,0,0.0
MKT005242,2025-06-18,Поисковая реклама,Ретаргетинг,Повторный,Мобильное устройство,20.51,0,0,0.0
MKT004079,2025-06-25,Поисковая реклама,Ретаргетинг,Новый,Мобильное устройство,23.49,0,0,0.0
MKT000175,2025-04-05,Поисковая реклама,Имиджевая кампания,Новый,Компьютер,18.46,0,0,0.0
MKT009902,2025-12-16,Push,Ретаргетинг,Лояльный,Мобильное устройство,2.05,1,1,2166.14
MKT008684,2025-11-02,Социальные сети,Имиджевая кампания,Лояльный,Мобильное устройство,9.24,1,0,0.0
MKT005093,2025-03-15,Социальные сети,Сезонная акция,Повторный,Компьютер,10.15,0,0,0.0
MKT009822,2025-10-18,Медийная реклама,Сезонная акция,Новый,Компьютер,9.25,0,0,0.0
MKT005953,2025-11-23,Email,Программа лояльности,Новый,Мобильное устройство,1.97,1,0,0.0
MKT002780,2025-11-21,Поисковая реклама,Программа лояльности,Новый,Планшет,17.66,0,0,0.0
MKT006258,2025-08-06,Поисковая реклама,Сезонная акция,Повторный,Мобильное устройство,15.75,0,0,0.0
MKT001974,2025-09-30,Социальные сети,Имиджевая кампания,Новый,Мобильное устройство,8.31,0,0,0.0
MKT006835,2025-06-28,Push,Ретаргетинг,Новый,Компьютер,1.22,1,0,0.0
MKT009670,2025-01-16,Email,Имиджевая кампания,Новый,Мобильное устройство,2.67,0,0,0.0
MKT007181,2025-02-24,Социальные сети,Программа лояльности,Лояльный,Мобильное устройство,10.26,0,0,0.0
MKT002692,2025-05-24,Социальные сети,Программа лояльности,Лояльный,Мобильное устройство,7.43,1,1,6631.24
MKT001496,2025-01-22,Поисковая реклама,Имиджевая кампания,Лояльный,Компьютер,23.1,0,0,0.0
MKT003219,2025-06-11,Поисковая реклама,Сезонная акция,Новый,Мобильное устройство,29.36,0,0,0.0
MKT007579,2025-02-15,Социальные сети,Имиджевая кампания,Повторный,Планшет,12.39,0,0,0.0
MKT000723,2025-05-31,Социальные сети,Новый продукт,Лояльный,Мобильное устройство,10.9,0,0,0.0
MKT008173,2025-10-10,Медийная реклама,Ретаргетинг,Повторный,Мобильное устройство,6.6,1,0,0.0
MKT007555,2025-11-09,Медийная реклама,Программа лояльности,Повторный,Мобильное устройство,8.82,0,0,0.0
MKT005116,2025-04-21,Социальные сети,Программа лояльности,Повторный,Компьютер,8.45,0,0,0.0
MKT002704,2025-03-02,Социальные сети,Сезонная акция,Лояльный,Компьютер,8.48,0,0,0.0
MKT008428,2025-11-27,Поисковая реклама,Ретаргетинг,Новый,Мобильное устройство,19.07,0,0,0.0
MKT006257,2025-09-12,Email,Имиджевая кампания,Повторный,Мобильное устройство,2.36,0,0,0.0
MKT005048,2025-08-04,Email,Новый продукт,Лояльный,Мобильное устройство,2.03,0,0,0.0
MKT007785,2025-04-25,Email,Имиджевая кампания,Повторный,Мобильное устройство,2.38,0,0,0.0
MKT000855,2025-11-20,Социальные сети,Новый продукт,Повторный,Мобильное устройство,12.44,1,0,0.0
MKT002846,2025-01-21,Социальные сети,Программа лояльности,Новый,Компьютер,11.73,0,0,0.0
MKT007398,2025-10-31,Медийная реклама,Ретаргетинг,Повторный,Компьютер,4.4,0,0,0.0
MKT001590,2025-10-10,Поисковая реклама,Ретаргетинг,Повторный,Мобильное устройство,15.87,1,1,2869.7
MKT002422,2025-03-25,Email,Имиджевая кампания,Повторный,Мобильное устройство,2.28,0,0,0.0
MKT002925,2025-06-21,Социальные сети,Программа лояльности,Новый,Мобильное устройство,8.88,0,0,0.0
MKT009455,2025-10-15,Медийная реклама,Новый продукт,Повторный,Компьютер,9.17,0,0,0.0
MKT007867,2025-05-04,Email,Сезонная акция,Новый,Компьютер,2.28,0,0,0.0
MKT009917,2025-10-14,Поисковая реклама,Программа лояльности,Лояльный,Компьютер,15.19,0,0,0.0
MKT005927,2025-03-19,Email,Сезонная акция,Новый,Мобильное устройство,2.27,0,0,0.0
MKT004560,2025-05-06,Медийная реклама,Сезонная акция,Новый,Мобильное устройство,7.97,0,0,0.0
MKT002030,2025-12-04,Email,Имиджевая кампания,Повторный,Планшет,2.05,0,0,0.0
MKT009793,2025-09-28,Поисковая реклама,Ретаргетинг,Новый,Мобильное устройство,16.16,0,0,0.0
MKT008989,2025-06-24,Медийная реклама,Ретаргетинг,Новый,Мобильное устройство,4.74,0,0,0.0
MKT007738,2025-06-20,Медийная реклама,Имиджевая кампания,Новый,Мобильное устройство,8.73,0,0,0.0
MKT007110,2025-02-25,Поисковая реклама,Ретаргетинг,Новый,Мобильное устройство,15.78,0,0,0.0
MKT009518,2025-05-17,Медийная реклама,Новый продукт,Лояльный,Мобильное устройство,8.1,0,0,0.0
MKT002626,2025-01-04,Email,Ретаргетинг,Повторный,Мобильное устройство,1.86,0,0,0.0
MKT009709,2025-01-19,Медийная реклама,Новый продукт,Новый,Компьютер,5.29,0,0,0.0
MKT001556,2025-06-08,Email,Сезонная акция,Новый,Компьютер,2.19,0,0,0.0
MKT004277,2025-08-15,Социальные сети,Сезонная акция,Новый,Мобильное устройство,11.17,1,0,0.0
MKT000547,2025-09-02,Социальные сети,Сезонная акция,Повторный,Мобильное устройство,7.87,0,0,0.0
MKT001303,2025-03-22,Поисковая реклама,Ретаргетинг,Лояльный,Мобильное устройство,16.54,0,0,0.0
MKT002152,2025-08-09,Социальные сети,Ретаргетинг,Повторный,Компьютер,9.27,0,0,0.0
MKT006986,2025-06-03,Email,Новый продукт,Новый,Компьютер,1.99,0,0,0.0
MKT003679,2025-02-02,Push,Имиджевая кампания,Лояльный,Мобильное устройство,1.6,-1,0,0.0
MKT000428,2025-02-05,Поисковая реклама,Сезонная акция,Повторный,Компьютер,30.13,0,0,0.0
MKT002643,2025-01-02,Медийная реклама,Новый продукт,Новый,Мобильное устройство,6.66,0,0,0.0
MKT000317,2025-08-26,Поисковая реклама,Имиджевая кампания,Новый,Компьютер,20.53,0,0,0.0
MKT002614,2025-08-05,Email,Сезонная акция,Повторный,Компьютер,2.23,0,0,0.0
MKT003120,2025-10-16,Поисковая реклама,Новый продукт,Новый,Мобильное устройство,19.61,0,0,0.0
MKT004546,2025-12-19,Медийная реклама,Сезонная акция,Повторный,Мобильное устройство,7.74,0,0,0.0
MKT005151,2025-11-30,Поисковая реклама,Сезонная акция,Повторный,Мобильное устройство,34.83,0,0,0.0
MKT003537,2025-10-14,Социальные сети,Имиджевая кампания,Новый,Мобильное устройство,8.92,0,0,0.0
MKT005289,2025-07-18,Push,Имиджевая кампания,Повторный,Компьютер,1.95,0,0,0.0
MKT006877,2025-05-17,Поисковая реклама,Сезонная акция,Лояльный,Мобильное устройство,18.13,1,0,0.0
MKT005398,2025-07-23,Push,Имиджевая кампания,Новый,Мобильное устройство,1.6,0,0,0.0
MKT003050,2025-08-22,Медийная реклама,Имиджевая кампания,Повторный,Мобильное устройство,9.48,0,0,0.0
MKT008584,2025-09-01,Медийная реклама,Имиджевая кампания,Новый,Мобильное устройство,6.84,0,0,0.0
MKT003317,2025-04-19,Поисковая реклама,Сезонная акция,Новый,Компьютер,23.43,0,0,0.0
MKT006047,2025-12-28,Социальные сети,Имиджевая кампания,Лояльный,Мобильное устройство,8.03,0,0,0.0
MKT003765,2025-07-03,Поисковая реклама,Программа лояльности,Новый,Компьютер,26.99,0,0,0.0
MKT009428,2025-01-22,Социальные сети,Программа лояльности,Новый,Мобильное устройство,7.6,0,0,0.0
MKT009139,2025-02-21,Медийная реклама,Ретаргетинг,Новый,Мобильное устройство,5.78,0,0,0.0
MKT003216,2025-01-22,Email,Ретаргетинг,Новый,Компьютер,1.93,0,1,3938.51
MKT000545,2025-05-01,Push,Ретаргетинг,Повторный,Мобильное устройство,1.53,0,0,0.0
MKT009231,2025-12-03,Email,Ретаргетинг,Повторный,Мобильное устройство,2.01,0,0,0.0
MKT004251,2025-12-08,Социальные сети,Имиджевая кампания,Новый,Мобильное устройство,12.32,0,0,0.0
MKT004732,2025-01-25,Социальные сети,Новый продукт,Повторный,Мобильное устройство,10.17,0,0,0.0
MKT009062,2025-08-16,Email,Программа лояльности,Новый,Компьютер,1.73,0,0,0.0
MKT009769,2025-02-24,Email,Сезонная акция,Повторный,Мобильное устройство,3.0,0,0,0.0
MKT007130,2025-05-27,Социальные сети,Новый продукт,Повторный,Мобильное устройство,12.19,1,1,7885.95
MKT006801,2025-06-24,Email,Ретаргетинг,Лояльный,Мобильное устройство,2.04,0,0,0.0
MKT000148,2025-01-14,Поисковая реклама,Имиджевая кампания,Повторный,КОМПЬЮТЕР,16.94,0,0,0.0
MKT005446,2025-12-15,Email,Сезонная акция,Новый,Компьютер,2.9,0,0,0.0
MKT001108,08.12.2025,Push,Сезонная акция,Повторный,Мобильное устройство,1.13,0,0,0.0
MKT000835,2025-09-29,Медийная реклама,Имиджевая кампания,Лояльный,Компьютер,5.74,0,0,0.0
MKT001965,2025-09-09,Медийная реклама,Сезонная акция,Новый,Мобильное устройство,5.41,0,0,0.0
MKT008692,2025-01-15,Email,Сезонная акция,Лояльный,Мобильное устройство,1.76,0,0,0.0
MKT009202,2025-05-09,Email,Сезонная акция,Новый,Мобильное устройство,2.6,0,0,0.0
MKT006724,2025-03-17,Email,Сезонная акция,Повторный,Мобильное устройство,2.87,0,0,0.0
MKT009310,2025-03-01,Социальные сети,Имиджевая кампания,Повторный,Мобильное устройство,8.99,0,0,0.0
MKT000851,2025-01-23,Email,Ретаргетинг,Новый,Мобильное устройство,1.84,0,0,0.0
MKT000881,2025-07-08,Push,Ретаргетинг,Повторный,Мобильное устройство,1.13,0,0,0.0
MKT006946,2025-06-12,Email,Новый продукт,Новый,Компьютер,2.83,0,0,0.0
MKT008546,2025-05-05,Push,Имиджевая кампания,Повторный,Мобильное устройство,1.02,0,0,0.0
MKT003739,2025-07-12,Поисковая реклама,Программа лояльности,новый ,Мобильное устройство,12.19,0,0,0.0
MKT003204,2025-03-24,Email,Сезонная акция,Лояльный,Компьютер,3.11,0,0,0.0
MKT001578,2025-08-18,Медийная реклама,Новый продукт,Повторный,Мобильное устройство,7.32,0,0,0.0
MKT008408,2025-07-14,Поисковая реклама,Сезонная акция,Повторный,Компьютер,28.68,1,0,0.0
MKT000720,2025-04-19,Медийная реклама,Имиджевая кампания,Повторный,Компьютер,7.61,0,0,0.0
MKT002595,2025-09-09,Социальные сети,Программа лояльности,Повторный,Компьютер,8.04,0,0,0.0
MKT006621,2025-07-23,Email,Сезонная акция,Повторный,Компьютер,2.85,0,0,0.0
MKT000382,2025-03-08,Поисковая реклама,Новый продукт,Повторный,Мобильное устройство,26.81,1,1,4542.54
MKT005627,2025-11-03,Поисковая реклама,Ретаргетинг,Лояльный,Мобильное устройство,22.63,0,0,0.0
MKT005419,2025-07-19,Email,Сезонная акция,Повторный,Компьютер,2.56,0,0,0.0
MKT002275,2025-08-31,Медийная реклама,Сезонная акция,Лояльный,Мобильное устройство,7.97,0,0,0.0
MKT004407,2025-02-27,Поисковая реклама,Сезонная акция,Повторный,Планшет,32.44,0,0,0.0
MKT005968,2025-07-16,Медийная реклама,Ретаргетинг,Повторный,Мобильное устройство,5.11,0,0,0.0
MKT000311,2025-02-24,Поисковая реклама,Сезонная акция,Повторный,Компьютер,14.27,1,0,0.0
MKT006400,2025-03-16,Социальные сети,Сезонная акция,Лояльный,Мобильное устройство,8.99,0,0,0.0
MKT009216,2025-09-14,Поисковая реклама,Ретаргетинг,Новый,Компьютер,14.99,0,0,0.0
MKT007277,2025-03-11,Социальные сети,Имиджевая кампания,Новый,Мобильное устройство,7.07,0,0,0.0
MKT001194,2025-07-24,Социальные сети,Ретаргетинг,Новый,Мобильное устройство,9.08,0,0,0.0
MKT003092,2025-12-03,Email,Сезонная акция,Лояльный,Компьютер,2.26,0,0,0.0
MKT002088,2025-08-04,Поисковая реклама,Ретаргетинг,Новый,Мобильное устройство,22.88,1,0,0.0
MKT003639,2025-01-26,Push,Сезонная акция,Повторный,Компьютер,1.28,0,0,0.0
MKT008976,2025-02-26,Email,Имиджевая кампания,Повторный,Компьютер,3.26,0,0,0.0
MKT004513,2025-08-23,Поисковая реклама,Новый продукт,Новый,Мобильное устройство,27.42,0,0,0.0
MKT007447,2025-10-17,Поисковая реклама,Программа лояльности,Новый,Мобильное устройство,15.45,0,0,0.0
MKT009372,2025-06-18,Поисковая реклама,Ретаргетинг,Повторный,Компьютер,21.6,1,0,0.0
MKT000211,2025-06-19,Поисковая реклама,Ретаргетинг,Новый,Мобильное устройство,26.73,1,0,0.0
MKT009117,2025-07-19,Социальные сети,Имиджевая кампания,Повторный,Компьютер,10.29,0,0,0.0
MKT001419,2025-12-10,Социальные сети,Ретаргетинг,Повторный,Компьютер,8.26,1,1,2498.8
MKT007167,2025-10-31,Поисковая реклама,Имиджевая кампания,Новый,Мобильное устройство,21.37,0,0,0.0
MKT001042,2025-08-07,Социальные сети,Имиджевая кампания,Новый,Компьютер,10.14,0,0,0.0
MKT001538,2025-08-29,Социальные сети,Имиджевая кампания,Повторный,Компьютер,12.93,0,0,0.0
MKT005170,2025-11-23,Медийная реклама,Ретаргетинг,Повторный,Мобильное устройство,6.3,0,0,0.0
MKT008255,2025-05-30,Социальные сети,Ретаргетинг,Повторный,Мобильное устройство,6.36,0,0,0.0
MKT002548,2025-12-14,Email,Имиджевая кампания,Новый,Мобильное устройство,3.02,0,0,0.0
MKT006285,2025-01-12,Социальные сети,Имиджевая кампания,Лояльный,Мобильное устройство,8.96,0,0,0.0
MKT008013,2025-09-21,Социальные сети,Ретаргетинг,Повторный,Мобильное устройство,7.98,0,0,0.0
MKT008836,2025-08-25,Поисковая реклама,Имиджевая кампания,Повторный,Планшет,17.58,0,0,0.0
MKT005673,2025-09-10,Email,Новый продукт,Новый,Компьютер,2.75,0,0,0.0
MKT009887,2025-01-02,Email,Программа лояльности,Лояльный,Мобильное устройство,1.44,0,0,0.0
MKT005113,2025-10-21,Поисковая реклама,Ретаргетинг,Повторный,Компьютер,16.8,0,0,0.0
MKT000688,2025-08-23,Медийная реклама,Программа лояльности,Лояльный,Компьютер,6.04,0,0,0.0
MKT009057,2025-11-11,Социальные сети,ретаргетинг ,Новый,Планшет,7.9,0,0,0.0
MKT008110,2025-11-10,Социальные сети,Имиджевая кампания,Новый,Мобильное устройство,10.18,0,0,0.0
MKT007571,2025-09-25,Социальные сети,Ретаргетинг,Повторный,Компьютер,8.52,0,0,0.0
MKT001223,2025-12-12,Поисковая реклама,Новый продукт,Лояльный,Мобильное устройство,19.36,0,0,0.0
MKT000081,2025-07-03,Push,Ретаргетинг,Повторный,Компьютер,1.0,0,0,0.0
MKT000218,2025-08-25,Социальные сети,Имиджевая кампания,Новый,Мобильное устройство,10.69,0,0,2220.0
MKT008630,2025-08-31,Поисковая реклама,Сезонная акция,Повторный,Мобильное устройство,27.02,0,0,0.0
MKT005557,2025-04-10,Поисковая реклама,Ретаргетинг,Новый,Компьютер,22.37,1,0,0.0
MKT008741,2025-02-07,Социальные сети,Имиджевая кампания,Повторный,Мобильное устройство,14.97,0,0,0.0
MKT002666,2025-08-01,Поисковая реклама,Ретаргетинг,Лояльный,Мобильное устройство,18.44,1,0,0.0
MKT000732,2025-01-14,Поисковая реклама,Сезонная акция,Повторный,Компьютер,20.5,0,0,0.0
MKT000714,2025-11-27,Поисковая реклама,Программа лояльности,Новый,Планшет,14.69,0,0,0.0
MKT000442,2025-11-22,Поисковая реклама,Ретаргетинг,Новый,Мобильное устройство,14.95,1,0,0.0
MKT006798,2025-06-07,Email,Программа лояльности,Повторный,Компьютер,1.23,0,0,0.0
MKT006916,2025-06-30,Push,Сезонная акция,Повторный,Мобильное устройство,1.87,0,0,0.0
MKT007679,2025-03-20,Социальные сети,Имиджевая кампания,Новый,Мобильное устройство,13.63,0,0,0.0
MKT007676,2025-02-16,Социальные сети,Новый продукт,Повторный,Компьютер,10.66,0,0,0.0
MKT003978,2025-05-12,Социальные сети,Программа лояльности,Новый,Компьютер,10.44,1,0,0.0
MKT005682,2025-05-04,Медийная реклама,Сезонная акция,Лояльный,Компьютер,7.5,1,0,0.0
MKT006907,2025-08-09,Медийная реклама,Ретаргетинг,Новый,Компьютер,6.21,0,0,0.0
MKT000064,23.01.2025,Email,Сезонная акция,Повторный,Компьютер,2.59,0,0,0.0
MKT009497,2025-06-30,Социальные сети,Ретаргетинг,Повторный,Компьютер,14.99,1,1,4331.92
MKT000314,2025-01-19,Email,Сезонная акция,Новый,Мобильное устройство,2.86,0,0,0.0
MKT006546,2025-02-14,Социальные сети,Сезонная акция,Новый,Мобильное устройство,9.84,0,0,0.0
MKT008074,2025-12-07,Социальные сети,Программа лояльности,Повторный,Планшет,13.72,0,0,0.0
MKT004574,2025-11-02,Поисковая реклама,Сезонная акция,Повторный,Мобильное устройство,27.77,0,0,0.0
MKT005194,2025-08-22,Push,Программа лояльности,Новый,Мобильное устройство,1.11,0,0,0.0
MKT008782,2025-03-01,Email,Ретаргетинг,Повторный,Мобильное устройство,2.32,0,0,0.0
MKT003921,2025-04-10,Поисковая реклама,Сезонная акция,Новый,Мобильное устройство,18.71,0,0,0.0
MKT000024,05.08.2025,Социальные сети,Программа лояльности,Лояльный,Компьютер,8.79,0,0,0.0
MKT003950,2025-01-06,Поисковая реклама,Имиджевая кампания,Лояльный,Мобильное устройство,25.03,1,0,0.0
MKT008365,2025-01-09,Email,Ретаргетинг,Лояльный,Мобильное устройство,2.43,0,0,0.0
MKT007018,2025-03-26,Push,Новый продукт,Повторный,Компьютер,2.53,0,0,0.0
MKT004102,2025-05-30,Социальные сети,Имиджевая кампания,Лояльный,Компьютер,13.02,0,0,0.0
MKT008670,2025-10-16,Поисковая реклама,Сезонная акция,Повторный,Мобильное устройство,22.68,0,0,0.0
MKT001007,2025-07-01,Push,Имиджевая кампания,Повторный,Мобильное устройство,1.14,1,0,0.0
MKT001045,2025-10-11,Социальные сети,Программа лояльности,Повторный,Мобильное устройство,7.68,0,0,0.0
MKT000135,2025-01-06,Push,Новый продукт,Повторный,Мобильное устройство,1.84,0,0,0.0
MKT001764,2025-02-13,Push,Ретаргетинг,Новый,Компьютер,1.52,1,0,0.0
MKT003931,2025-08-28,Медийная реклама,Программа лояльности,Повторный,Мобильное устройство,6.4,0,0,0.0
MKT003857,2025-01-30,Медийная реклама,Имиджевая кампания,Новый,Мобильное устройство,6.46,0,0,0.0
MKT001384,21.10.2025,Push,Новый продукт,Лояльный,Компьютер,1.51,0,0,0.0
MKT000956,2025-05-30,Социальные сети,Сезонная акция,Повторный,Мобильное устройство,14.32,0,0,0.0
MKT005438,2025-04-04,Email,Имиджевая кампания,Новый,Мобильное устройство,2.65,0,0,0.0
MKT002489,2025-04-14,Push,Новый продукт,Повторный,Компьютер,1.45,0,0,0.0
MKT003002,2025-03-04,Поисковая реклама,Новый продукт,Новый,Мобильное устройство,22.62,0,0,0.0
MKT005452,2025-03-31,Социальные сети,Новый продукт,Повторный,Компьютер,7.58,0,0,0.0
MKT002235,2025-08-15,Социальные сети,Сезонная акция,Новый,Планшет,6.9,0,0,0.0
MKT006132,2025-12-04,Поисковая реклама,Сезонная акция,Новый,Компьютер,23.51,0,0,0.0
MKT002319,2025-12-24,Email,Новый продукт,Новый,Мобильное устройство,2.24,0,0,0.0
MKT002670,2025-06-22,Медийная реклама,Имиджевая кампания,Повторный,Компьютер,7.65,0,0,0.0
MKT000350,2025-10-06,Email,Имиджевая кампания,Лояльный,Мобильное устройство,2.47,0,0,0.0
MKT001937,2025-03-26,Социальные сети,Сезонная акция,Лояльный,Мобильное устройство,11.71,1,0,0.0
MKT009539,2025-02-01,Поисковая реклама,Ретаргетинг,Лояльный,Мобильное устройство,20.82,0,0,0.0
MKT004406,2025-09-22,Медийная реклама,Сезонная акция,Лояльный,Мобильное устройство,4.43,0,0,0.0
MKT009128,2025-02-20,Социальные сети,Сезонная акция,Повторный,Мобильное устройство,10.03,0,0,0.0
MKT002328,2025-11-24,Социальные сети,Сезонная акция,Лояльный,Мобильное устройство,11.39,1,0,0.0
MKT005058,2025-02-15,Социальные сети,Имиджевая кампания,Лояльный,Мобильное устройство,11.67,1,0,0.0
MKT003914,2025-09-21,Социальные сети,Программа лояльности,Лояльный,Мобильное устройство,8.91,0,0,0.0
MKT006084,2025-02-25,Медийная реклама,Ретаргетинг,Новый,Мобильное устройство,7.1,0,0,0.0
MKT009342,2025-10-29,Поисковая реклама,Имиджевая кампания,Лояльный,Мобильное устройство,15.31,1,0,0.0
MKT000140,2025-10-31,Социальные сети,Новый продукт,Повторный,Компьютер,7.88,0,0,0.0
MKT009253,2025-09-27,Push,Программа лояльности,Новый,Мобильное устройство,2.38,0,0,0.0
MKT002870,2025-02-11,Поисковая реклама,Новый продукт,Повторный,Мобильное устройство,12.83,0,0,0.0
MKT007608,2025-05-23,Push,Имиджевая кампания,Повторный,Мобильное устройство,1.19,0,0,0.0
MKT002081,2025-06-14,Медийная реклама,Новый продукт,Повторный,Мобильное устройство,7.67,0,0,0.0
MKT004957,2025-11-03,Email,Программа лояльности,Повторный,Мобильное устройство,2.05,0,0,0.0
MKT002087,2025-06-10,Email,Сезонная акция,Повторный,Мобильное устройство,1.76,1,0,0.0
MKT003434,2025-04-23,Email,Ретаргетинг,Повторный,Планшет,1.49,0,0,0.0
MKT006777,2025-06-24,Поисковая реклама,Ретаргетинг,Повторный,Мобильное устройство,19.58,0,0,0.0
MKT000279,2025-12-08,Социальные сети,Новый продукт,Лояльный,Мобильное устройство,9.08,1,0,0.0
MKT000557,2025-10-11,Социальные сети,Сезонная акция,Повторный,Мобильное устройство,10.78,0,0,0.0
MKT001948,2025-09-05,Поисковая реклама,Программа лояльности,Новый,Мобильное устройство,23.32,0,0,0.0
MKT009069,2025-03-13,Email,Программа лояльности,Повторный,Мобильное устройство,3.25,0,0,0.0
MKT008011,2025-10-08,Email,Новый продукт,Повторный,Мобильное устройство,2.44,0,0,0.0
MKT002164,2025-11-11,Email,Сезонная акция,Новый,Мобильное устройство,1.44,0,0,0.0
MKT005827,2025-12-26,Социальные сети,Ретаргетинг,Лояльный,Мобильное устройство,8.06,0,0,0.0
MKT003939,2025-04-17,Медийная реклама,Имиджевая кампания,Новый,Мобильное устройство,9.34,0,0,0.0
MKT007511,2025-05-17,Email,Сезонная акция,Новый,Мобильное устройство,2.51,0,0,0.0
MKT007424,2025-11-28,Социальные сети,Сезонная акция,Новый,Мобильное устройство,11.47,0,0,0.0
MKT007236,2025-11-15,Поисковая реклама,Программа лояльности,Повторный,Мобильное устройство,19.98,0,0,0.0
MKT003523,2025-04-15,Email,Программа лояльности,Новый,Компьютер,2.78,0,0,0.0
MKT008433,2025-09-12,Push,Сезонная акция,Повторный,Компьютер,1.42,0,0,0.0
MKT007631,2025-02-22,Поисковая реклама,Программа лояльности,Повторный,Мобильное устройство,8.67,0,0,0.0
MKT002695,2025-09-15,Push,Имиджевая кампания,Лояльный,Планшет,1.23,0,0,0.0
MKT002821,2025-08-05,Социальные сети,Сезонная акция,Повторный,Мобильное устройство,8.24,0,0,
MKT006486,2025-09-24,Социальные сети,Имиджевая кампания,Повторный,Мобильное устройство,13.8,0,0,0.0
MKT007658,2025-06-02,Email,Новый продукт,Повторный,Мобильное устройство,2.36,0,0,0.0
MKT002850,2025-03-15,Push,Ретаргетинг,Лояльный,Компьютер,1.67,0,0,0.0
MKT006905,2025-11-04,Push,Имиджевая кампания,Повторный,Компьютер,1.35,0,0,0.0
MKT000104,2025-12-25,Социальные сети,Новый продукт,Лояльный,Мобильное устройство,10.11,0,0,0.0
MKT003957,2025-01-08,Email,Сезонная акция,Повторный,Мобильное устройство,2.48,0,0,0.0
MKT004323,2025-10-08,Медийная реклама,Новый продукт,Новый,Мобильное устройство,4.81,0,0,0.0
MKT002748,2025-02-10,Email,Программа лояльности,Новый,Мобильное устройство,1.73,0,0,0.0
MKT004026,2025-09-10,Поисковая реклама,Ретаргетинг,Новый,Компьютер,17.96,0,0,0.0
MKT006707,2025-04-05,Медийная реклама,Ретаргетинг,Повторный,Мобильное устройство,5.68,0,0,0.0
MKT000772,2025-11-30,Push,Ретаргетинг,Повторный,Компьютер,1.42,0,0,0.0
MKT007440,2025-06-05,Социальные сети,Ретаргетинг,Новый,Мобильное устройство,6.21,0,0,0.0
MKT005203,2025-09-15,Социальные сети,Новый продукт,Лояльный,Мобильное устройство,9.46,0,0,0.0
MKT003873,2025-04-30,Медийная реклама,Сезонная акция,Повторный,Планшет,6.86,0,0,0.0
MKT004598,2025-07-07,Социальные сети,Сезонная акция,Повторный,Мобильное устройство,9.7,1,0,0.0
MKT000664,2025-06-21,Медийная реклама,Сезонная акция,Повторный,Мобильное устройство,6.36,0,0,0.0
MKT006770,2025-05-26,Поисковая реклама,Программа лояльности,Повторный,Мобильное устройство,13.05,0,0,0.0
MKT006355,2025-05-09,Поисковая реклама,Ретаргетинг,Лояльный,Планшет,20.51,1,0,0.0
MKT001084,2025-11-05,Поисковая реклама,Сезонная акция,Повторный,Компьютер,19.38,0,0,0.0
MKT001796,2025-11-28,Email,Сезонная акция,Новый,Компьютер,2.58,1,0,0.0
MKT005077,2025-03-04,Медийная реклама,Сезонная акция,Повторный,Компьютер,6.44,0,0,0.0
MKT000662,2025-06-26,Поисковая реклама,Ретаргетинг,ПОВТОРНЫЙ,Мобильное устройство,12.69,1,0,0.0
MKT001175,2025-11-29,Поисковая реклама,Новый продукт,Лояльный,Мобильное устройство,24.64,0,0,0.0
MKT001125,2025-12-20,Push,Ретаргетинг,Новый,Компьютер,1.29,0,0,0.0
MKT004402,2025-02-22,Push,Сезонная акция,Лояльный,Мобильное устройство,2.85,0,0,0.0
MKT003970,2025-09-27,Push,Новый продукт,Новый,Компьютер,1.04,0,0,0.0
MKT005118,2025-10-16,Поисковая реклама,Ретаргетинг,Новый,Мобильное устройство,17.25,0,0,0.0
MKT002573,2025-05-15,Email,Ретаргетинг,Лояльный,Мобильное устройство,1.96,0,0,0.0
MKT001566,2025-08-27,Медийная реклама,Программа лояльности,Новый,Мобильное устройство,7.11,0,0,0.0
MKT009617,2025-09-14,Социальные сети,Новый продукт,Новый,Мобильное устройство,10.06,1,0,0.0
MKT002314,2025-02-07,Социальные сети,Новый продукт,Повторный,Компьютер,6.94,0,0,0.0
MKT006402,2025-12-18,Email,Сезонная акция,Повторный,Мобильное устройство,2.09,0,0,0.0
MKT003109,09.05.2025,Поисковая реклама,Имиджевая кампания,Новый,Мобильное устройство,23.08,0,0,0.0
MKT002374,2025-04-26,Социальные сети,Сезонная акция,Повторный,Мобильное устройство,9.98,0,0,0.0
MKT009526,2025-01-06,Email,Новый продукт,Повторный,Компьютер,2.61,0,0,0.0
MKT005833,2025-04-06,Push,Программа лояльности,Повторный,Компьютер,0.92,0,0,0.0
MKT007592,2025-07-25,Медийная реклама,Сезонная акция,Повторный,Мобильное устройство,6.64,0,0,0.0
MKT008984,2025-07-03,Поисковая реклама,Сезонная акция,Новый,Мобильное устройство,20.29,0,0,0.0
MKT004660,2025-02-02,Медийная реклама,Сезонная акция,Новый,Мобильное устройство,8.59,0,0,0.0
MKT009238,2025-03-11,Email,Программа лояльности,Повторный,Компьютер,2.78,0,0,0.0
MKT003549,2025-03-31,Email,Новый продукт,Новый,Компьютер,1.67,0,0,0.0
MKT003616,2025-04-24,Email,Сезонная акция,Повторный,Мобильное устройство,2.09,0,0,0.0
MKT009837,2025-10-17,Push,Имиджевая кампания,Повторный,Компьютер,1.67,0,0,0.0
MKT003192,2025-08-30,Email,Сезонная акция,Повторный,Компьютер,2.44,0,0,0.0
MKT005570,2025-02-28,Поисковая реклама,Новый продукт,Повторный,Мобильное устройство,18.53,0,0,0.0
MKT009661,2025-04-22,Социальные сети,Имиджевая кампания,Новый,Мобильное устройство,10.76,1,0,0.0
MKT003766,2025-01-02,Поисковая реклама,Ретаргетинг,Лояльный,Компьютер,10.77,0,0,0.0
MKT000225,2025-01-01,Поисковая реклама,Новый продукт,Лояльный,Компьютер,21.64,0,0,0.0
MKT002759,2025-08-09,Email,Ретаргетинг,Новый,Компьютер,3.2,0,0,0.0
MKT005994,2025-08-05,Социальные сети,Ретаргетинг,Повторный,Мобильное устройство,6.19,0,0,0.0
MKT009140,2025-03-11,Социальные сети,Сезонная акция,Повторный,Мобильное устройство,9.3,1,0,0.0
MKT007380,2025-10-28,Email,Ретаргетинг,Новый,Мобильное устройство,1.74,0,0,0.0
MKT004404,2025-01-28,Поисковая реклама,Программа лояльности,Повторный,Компьютер,12.37,0,0,0.0
MKT000559,2025-04-15,Социальные сети,Новый продукт,Повторный,Компьютер,10.26,0,0,0.0
MKT007969,2025-01-13,Поисковая реклама,Новый продукт,Лояльный,Мобильное устройство,23.27,0,0,0.0
MKT001980,2025-12-18,Push,Сезонная акция,Повторный,Мобильное устройство,1.7,0,0,0.0
MKT002715,2025-12-07,Социальные сети,Новый продукт,Лояльный,Мобильное устройство,8.2,0,0,0.0
MKT005074,2025-04-14,Email,Новый продукт,Повторный,Мобильное устройство,3.06,0,0,0.0
MKT001018,2025-08-30,Email,Сезонная акция,Новый,Мобильное устройство,2.25,0,0,0.0
MKT002054,2025-10-11,Медийная реклама,Ретаргетинг,Новый,Мобильное устройство,5.74,0,0,0.0
MKT000846,2025-09-10,Социальные сети,Программа лояльности,Повторный,Компьютер,7.29,0,0,0.0
MKT001605,2025-01-09,Социальные сети,Ретаргетинг,Лояльный,Мобильное устройство,9.55,1,1,4931.29
MKT001373,2025-08-28,Поисковая реклама,Сезонная акция,Лояльный,Мобильное устройство,28.57,0,0,0.0
MKT009947,2025-09-08,Поисковая реклама,Новый продукт,Новый,Мобильное устройство,25.86,0,0,0.0
MKT005707,2025-08-24,Email,Имиджевая кампания,Повторный,Мобильное устройство,1.85,0,0,0.0
MKT001822,2025-09-23,Поисковая реклама,Программа лояльности,Повторный,Мобильное устройство,10.9,0,0,0.0
MKT009285,2025-05-14,Медийная реклама,Программа лояльности,Новый,Мобильное устройство,5.93,0,0,0.0
MKT007892,2025-03-16,Социальные сети,Программа лояльности,Повторный,Мобильное устройство,7.03,1,1,5321.95
MKT005925,2025-09-22,Социальные сети,Программа лояльности,Повторный,Мобильное устройство,11.27,0,0,0.0
MKT003887,2025-05-02,Социальные сети,Программа лояльности,Новый,Мобильное устройство,9.09,0,0,0.0
MKT002724,2025-12-02,Push,Ретаргетинг,Повторный,Мобильное устройство,1.6,0,0,0.0
MKT003071,2025-12-12,Email,Ретаргетинг,Повторный,Мобильное устройство,1.52,0,0,0.0
MKT006785,2025-11-28,Социальные сети,Ретаргетинг,Новый,Планшет,6.64,1,0,0.0
MKT007392,2025-03-14,Социальные сети,Сезонная акция,Новый,Мобильное устройство,7.68,0,0,0.0
MKT003589,2025-02-01,Поисковая реклама,Новый продукт,Лояльный,Планшет,14.92,1,0,0.0
MKT009527,2025-09-16,Email,Ретаргетинг,Новый,Мобильное устройство,1.66,0,0,0.0
MKT000653,2025-10-09,Медийная реклама,Программа лояльности,Повторный,Компьютер,5.02,0,0,0.0
MKT000369,2025-01-31,Поисковая реклама,Имиджевая кампания,Новый,Планшет,25.55,0,0,0.0
MKT007779,2025-06-07,Социальные сети,Программа лояльности,Повторный,Мобильное устройство,6.72,0,0,0.0
MKT001928,2025-04-09,Push,Имиджевая кампания,Лояльный,Мобильное устройство,1.59,0,0,0.0
MKT001169,2025-12-16,Email,Новый продукт,Лояльный,Компьютер,2.51,0,0,0.0
MKT005409,2025-04-18,Email,Ретаргетинг,Повторный,Компьютер,1.76,0,0,0.0
MKT004021,2025-10-21,Push,Новый продукт,Новый,Мобильное устройство,1.29,0,0,0.0
MKT008601,2025-06-02,Социальные сети,Программа лояльности,Новый,Мобильное устройство,8.6,0,0,0.0
MKT003231,30.04.2025,Push,Новый продукт,Повторный,Мобильное устройство,1.96,1,1,7578.26
MKT003241,2025-01-04,Социальные сети,Имиджевая кампания,Повторный,Мобильное устройство,10.46,0,0,0.0
MKT007352,2025-06-18,Социальные сети,Сезонная акция,Новый,Мобильное устройство,7.66,0,0,0.0
MKT005495,2025-11-24,Социальные сети,Имиджевая кампания,Лояльный,Мобильное устройство,8.98,0,0,0.0
MKT002041,2025-10-22,Email,Новый продукт,Повторный,Компьютер,1.83,0,0,0.0
MKT005319,2025-09-29,Email,Программа лояльности,Повторный,Мобильное устройство,1.5,0,0,0.0
MKT001379,2025-04-05,Push,Новый продукт,Новый,Компьютер,1.55,0,0,0.0
MKT007848,2025-02-16,Медийная реклама,Сезонная акция,Лояльный,Компьютер,7.97,0,0,0.0
MKT002325,2025-07-13,Поисковая реклама,Имиджевая кампания,Лояльный,Мобильное устройство,18.39,0,0,0.0
MKT006959,2025-02-14,Медийная реклама,Новый продукт,Лояльный,Мобильное устройство,7.23,0,0,0.0
MKT001497,2025-04-02,Медийная реклама,Ретаргетинг,Повторный,Мобильное устройство,6.71,0,0,0.0
MKT002775,2025-04-20,Push,Ретаргетинг,Повторный,Мобильное устройство,1.5,0,0,0.0
MKT008831,2025-07-11,Медийная реклама,Новый продукт,Новый,Мобильное устройство,4.8,0,0,0.0
MKT003881,2025-09-30,Медийная реклама,Имиджевая кампания,Повторный,Мобильное устройство,6.94,0,0,0.0
MKT005836,2025-09-15,Поисковая реклама,Ретаргетинг,Новый,Мобильное устройство,15.52,0,0,0.0
MKT006981,2025-07-02,Email,Имиджевая кампания,Повторный,Компьютер,2.72,0,0,0.0
MKT002847,2025-05-29,Push,Имиджевая кампания,Новый,Компьютер,1.6,0,0,0.0
MKT008035,2025-07-22,Медийная реклама,Сезонная акция,Новый,Мобильное устройство,,0,0,0.0
MKT001299,2025-05-01,Социальные сети,Ретаргетинг,Лояльный,Мобильное устройство,7.37,1,1,3721.33
MKT004510,2025-07-08,Социальные сети,Новый продукт,Повторный,Компьютер,10.44,0,0,0.0
MKT006121,2025-06-12,Email,Программа лояльности,Лояльный,Компьютер,2.15,0,0,0.0
MKT004244,2025-04-01,Email,Имиджевая кампания,Лояльный,Мобильное устройство,1.94,0,0,0.0
MKT006542,2025-07-22,Поисковая реклама,Сезонная акция,Лояльный,Компьютер,22.42,0,0,0.0
MKT008599,2025-05-11,Push,Сезонная акция,Повторный,Мобильное устройство,1.58,0,0,0.0
MKT009125,2025-08-03,Социальные сети,Ретаргетинг,Новый,Планшет,8.75,0,0,0.0
MKT004521,2025-05-30,Email,Ретаргетинг,Повторный,Мобильное устройство,1.72,1,0,0.0
MKT005201,2025-10-11,Социальные сети,Имиджевая кампания,Повторный,Мобильное устройство,10.67,0,0,0.0
MKT000040,2025-07-22,Медийная реклама,Программа лояльности,Повторный,Мобильное устройство,4.51,0,0,0.0
MKT004781,2025-10-15,Email,Сезонная акция,Новый,Планшет,2.44,0,0,0.0
MKT004448,2025-12-17,Медийная реклама,НОВЫЙ ПРОДУКТ,Повторный,Мобильное устройство,6.36,0,0,0.0
MKT003577,2025-07-30,Email,Имиджевая кампания,Повторный,Компьютер,2.78,0,0,0.0
MKT008805,2025-06-22,Email,Имиджевая кампания,Лояльный,Мобильное устройство,3.22,0,0,0.0
MKT001067,2025-08-25,Email,Программа лояльности,Лояльный,Компьютер,2.13,0,0,0.0
MKT004701,2025-08-18,,Ретаргетинг,Повторный,Компьютер,8.93,1,1,3574.56
MKT004707,2025-02-24,Социальные сети,Имиджевая кампания,Повторный,Мобильное устройство,17.4,0,0,0.0
MKT009179,2025-11-02,Медийная реклама,Ретаргетинг,Новый,Компьютер,7.58,0,0,0.0
MKT003732,2025-01-17,соцсети,Сезонная акция,Повторный,Планшет,6.88,0,0,0.0
MKT005096,2025-01-23,Социальные сети,Программа лояльности,Повторный,Мобильное устройство,8.46,0,0,0.0
MKT009961,2025-06-29,Медийная реклама,Ретаргетинг,Лояльный,Мобильное устройство,5.95,0,0,0.0
MKT000303,2025-04-10,Поисковая реклама,Ретаргетинг,Повторный,Мобильное устройство,16.35,1,1,3080.13
MKT003249,2025-03-05,Социальные сети,Сезонная акция,Повторный,Мобильное устройство,17.08,0,0,0.0
MKT006490,2025-08-28,Медийная реклама,Программа лояльности,Новый,Компьютер,3.58,0,0,0.0
MKT009387,2025-04-07,Социальные сети,Ретаргетинг,Повторный,Мобильное устройство,5.72,0,0,0.0
MKT001525,2025-11-13,Email,Сезонная акция,Новый,Компьютер,1.83,1,1,3235.63
MKT007019,2025-04-21,Поисковая реклама,Имиджевая кампания,Новый,Мобильное устройство,18.38,0,0,0.0
MKT005435,2025-02-24,Поисковая реклама,Новый продукт,Лояльный,Компьютер,20.46,1,0,0.0
MKT005631,2025-01-18,Медийная реклама,Имиджевая кампания,Новый,Мобильное устройство,9.55,0,0,0.0
MKT001640,2025-05-04,Поисковая реклама,Сезонная акция,Новый,Мобильное устройство,24.29,0,0,0.0
MKT006865,2025-11-08,Социальные сети,Имиджевая кампания,Лояльный,Мобильное устройство,12.66,0,0,0.0
MKT007403,2025-11-19,Социальные сети,Имиджевая кампания,Повторный,Мобильное устройство,10.37,0,0,0.0
MKT009648,2025-10-22,Email,Программа лояльности,Повторный,Мобильное устройство,1.52,0,0,0.0
MKT008558,2025-11-06,Социальные сети,Имиджевая кампания,Лояльный,Мобильное устройство,9.59,0,0,0.0
MKT004457,2025-08-08,Email,Имиджевая кампания,Повторный,Планшет,2.63,0,0,0.0
MKT003179,2025-08-12,Медийная реклама,Ретаргетинг,Новый,Компьютер,6.07,0,0,0.0
MKT007599,2025-07-14,Социальные сети,Имиджевая кампания,Лояльный,Компьютер,10.11,0,0,0.0
MKT005548,2025-06-25,Email,Имиджевая кампания,Новый,Мобильное устройство,1.64,0,0,0.0
MKT007383,2025-08-09,Социальные сети,Сезонная акция,Повторный,Мобильное устройство,14.01,1,0,0.0
MKT005888,2025-10-05,Медийная реклама,Программа лояльности,Лояльный,Планшет,5.3,0,0,0.0
MKT003288,2025-03-20,Социальные сети,Имиджевая кампания,Лояльный,Компьютер,9.14,0,0,0.0
MKT000527,2025-06-25,Социальные сети,Программа лояльности,Лояльный,Мобильное устройство,7.53,0,0,0.0
MKT001423,2025-03-08,Email,Новый продукт,Новый,Мобильное устройство,2.6,0,0,0.0
MKT001669,2025-02-11,Социальные сети,Имиджевая кампания,Новый,Компьютер,7.25,0,0,0.0
MKT000756,2025-10-24,Email,Программа лояльности,Новый,Мобильное устройство,-5.0,0,0,0.0
MKT004743,2025-08-25,Медийная реклама,Новый продукт,Повторный,Мобильное устройство,4.79,0,0,0.0
MKT001218,2025-12-20,Поисковая реклама,Новый продукт,Повторный,Мобильное устройство,27.63,1,0,0.0
MKT004279,2025-06-11,Поисковая реклама,Сезонная акция,Лояльный,Компьютер,27.2,0,0,0.0
MKT008288,2025-02-22,Push,Ретаргетинг,Повторный,Мобильное устройство,1.17,0,0,0.0
MKT007301,2025-08-08,Социальные сети,Программа лояльности,Новый,Компьютер,5.49,0,0,0.0
MKT001270,2025-07-30,Социальные сети,Новый продукт,Повторный,Мобильное устройство,7.31,0,1,0.0
MKT002873,2025-02-14,Email,Ретаргетинг,Повторный,Мобильное устройство,1.68,0,0,0.0
MKT006523,2025-08-22,Медийная реклама,Сезонная акция,Лояльный,Планшет,7.56,0,0,0.0
MKT003106,2025-03-11,Социальные сети,Новый продукт,Повторный,Компьютер,12.19,0,0,0.0
MKT007652,2025-08-30,Email,Новый продукт,Новый,Мобильное устройство,2.56,0,0,0.0
MKT001080,2025-12-12,Поисковая реклама,Сезонная акция,Лояльный,Мобильное устройство,17.87,0,0,0.0
MKT002910,2025-04-23,Поисковая реклама,Ретаргетинг,Повторный,Мобильное устройство,17.16,1,1,3116.02
MKT008905,2025-07-15,Поисковая реклама,Имиджевая кампания,Новый,Мобильное устройство,25.69,0,0,0.0
MKT003670,2025-10-03,Социальные сети,Ретаргетинг,Повторный,Компьютер,7.11,1,1,6002.87
MKT004326,2025-02-09,Социальные сети,Ретаргетинг,Новый,Компьютер,10.12,0,0,0.0
MKT004286,2025-10-20,Поисковая реклама,Новый продукт,Лояльный,Компьютер,30.71,0,0,0.0
MKT003380,2025-01-09,Email,Ретаргетинг,Новый,Мобильное устройство,2.22,0,0,0.0
MKT009403,2025-06-23,Социальные сети,Программа лояльности,Повторный,Мобильное устройство,7.94,0,0,0.0
MKT005038,2025-05-14,Поисковая реклама,Новый продукт,Повторный,Мобильное устройство,16.55,0,0,0.0
MKT003146,2025-08-03,Email,Сезонная акция,Новый,Мобильное устройство,2.43,0,0,0.0
MKT002616,2025-04-19,Поисковая реклама,Новый продукт,Повторный,Компьютер,31.24,0,0,0.0
MKT003719,2025-04-25,Push,Имиджевая кампания,Новый,Мобильное устройство,1.84,0,0,0.0
MKT003076,2025-01-15,Социальные сети,Программа лояльности,Новый,Мобильное устройство,6.84,0,0,0.0
MKT009150,2025-08-17,Поисковая реклама,Новый продукт,Повторный,Мобильное устройство,16.31,0,0,0.0
MKT005676,2025-07-08,Медийная реклама,Ретаргетинг,Повторный,Мобильное устройство,5.51,0,0,0.0
MKT006292,2025-06-30,Email,Новый продукт,Новый,Компьютер,2.82,1,0,0.0
MKT002358,2025-06-05,Email,Новый продукт,Лояльный,Мобильное устройство,2.03,0,0,0.0
MKT002038,2025-07-25,Email,Ретаргетинг,Новый,Мобильное устройство,1.96,0,0,0.0
MKT002985,2025-06-08,Поисковая реклама,Ретаргетинг,Новый,Компьютер,12.68,0,0,0.0
MKT006394,2025-07-08,Push,Ретаргетинг,Повторный,Мобильное устройство,1.28,0,0,0.0
MKT000810,2025-09-02,Поисковая реклама,Новый продукт,Повторный,Мобильное устройство,24.54,0,0,0.0
MKT007121,16.11.2025,Email,Новый продукт,Повторный,Планшет,2.39,0,0,0.0
MKT005134,2025-10-13,Социальные сети,Программа лояльности,Лояльный,Мобильное устройство,5.52,0,0,0.0
MKT005305,2025-11-21,Социальные сети,Имиджевая кампания,Повторный,Мобильное устройство,15.24,0,0,0.0
MKT003893,2025-06-18,Медийная реклама,Имиджевая кампания,Новый,Мобильное устройство,7.98,0,0,0.0
MKT003478,2025-11-25,Социальные сети,Новый продукт,Повторный,Мобильное устройство,12.18,0,0,1000000.0
MKT006631,2025-09-05,Push,Новый продукт,Новый,Мобильное устройство,2.02,0,0,0.0
MKT004696,2025-03-02,Социальные сети,Новый продукт,Повторный,Мобильное устройство,13.05,0,0,0.0
MKT006594,2025-12-29,Поисковая реклама,Сезонная акция,Повторный,Компьютер,21.57,1,0,0.0
MKT001510,2025-05-01,Социальные сети,Ретаргетинг,Новый,Мобильное устройство,7.92,0,0,0.0
MKT007322,2025-09-22,Медийная реклама,Программа лояльности,Повторный,Мобильное устройство,3.88,0,0,0.0
MKT008713,2025-10-12,Push,Программа лояльности,Новый,Мобильное устройство,0.97,0,0,0.0
MKT009577,2025-10-22,Социальные сети,Новый продукт,Повторный,Компьютер,10.72,0,0,0.0
MKT007606,2025-01-02,Push,Новый продукт,Повторный,Мобильное устройство,1.3,0,0,0.0
MKT009496,2025-07-11,Социальные сети,Ретаргетинг,Повторный,Компьютер,8.77,0,0,0.0
MKT000499,2025-11-22,Социальные сети,Имиджевая кампания,Новый,Мобильное устройство,8.42,1,0,0.0
MKT006721,2025-08-24,Поисковая реклама,Ретаргетинг,Повторный,Мобильное устройство,14.28,0,0,0.0
MKT008982,2025-11-03,Push,Сезонная акция,Повторный,Мобильное устройство,1.61,0,0,0.0
MKT009281,2025-12-30,Email,Новый продукт,Новый,Мобильное устройство,1.8,0,0,0.0
MKT007754,2025-10-24, email ,Ретаргетинг,Повторный,Мобильное устройство,1.87,0,0,0.0
MKT007520,2025-04-04,ПОИСКОВАЯ РЕКЛАМА,Новый продукт,Новый,Мобильное устройство,26.39,0,0,0.0
MKT000073,2025-03-07,Поисковая реклама,Сезонная акция,Повторный,Компьютер,25.8,0,0,0.0
MKT000872,2025-02-02,Push,Имиджевая кампания,Повторный,Компьютер,1.47,0,0,0.0
MKT008699,2025-06-21,Email,Ретаргетинг,Новый,Компьютер,1.91,0,0,0.0
MKT001648,2025-12-02,Поисковая реклама,Имиджевая кампания,Повторный,Мобильное устройство,22.4,0,0,0.0
MKT009045,2025-04-24,Социальные сети,Программа лояльности,Новый,Компьютер,7.83,0,0,0.0
MKT002123,2025-05-03,Поисковая реклама,Ретаргетинг,Новый,Мобильное устройство,22.93,0,0,0.0
MKT001461,2025-05-16,Email,Программа лояльности,Повторный,Планшет,1.56,0,0,0.0
MKT006383,2025-05-06,Медийная реклама,Новый продукт,Новый,Планшет,8.72,0,0,0.0
MKT009552,2025-12-09,Email,Ретаргетинг,Повторный,Мобильное устройство,2.01,1,0,0.0
MKT008627,2025-04-04,Push,Ретаргетинг,Новый,Компьютер,1.25,1,0,0.0
MKT009201,2025-04-03,Социальные сети,Сезонная акция,Повторный,Мобильное устройство,11.13,0,0,0.0
MKT007016,2025-02-11,Социальные сети,Новый продукт,Повторный,Компьютер,8.44,0,0,0.0
MKT001619,2025-04-11,Push,Программа лояльности,Повторный,Компьютер,1.73,0,0,0.0
MKT005246,2025-05-16,Социальные сети,Новый продукт,Повторный,Планшет,15.45,0,0,0.0
MKT007350,2025-10-08,Медийная реклама,Ретаргетинг,Новый,Мобильное устройство,9.58,0,0,0.0
MKT000578,2025-03-25,Email,Ретаргетинг,Новый,Мобильное устройство,2.64,0,0,0.0
MKT005185,2025-05-16,Email,Имиджевая кампания,Повторный,Мобильное устройство,2.58,0,0,0.0
MKT009017,2025-05-12,Email,Сезонная акция,Повторный,Мобильное устройство,2.98,0,0,0.0
MKT006882,2025-12-07,Email,Сезонная акция,Повторный,Мобильное устройство,2.83,1,0,0.0
MKT007205,2025-10-08,Социальные сети,Сезонная акция,Повторный,Мобильное устройство,13.2,1,1,2225.1
MKT007134,2025-08-21,Email,Имиджевая кампания,Новый,Мобильное устройство,2.96,1,0,0.0
MKT006407,2025-05-05,Push,Новый продукт,Новый,Мобильное устройство,1.79,0,0,0.0
MKT001934,2025-02-16,Поисковая реклама,Сезонная акция,Лояльный,Мобильное устройство,24.9,0,0,0.0
MKT002128,2025-09-01,Поисковая реклама,Ретаргетинг,Новый,Мобильное устройство,11.62,0,0,0.0
MKT005260,2025-09-24,Email,Имиджевая кампания,Повторный,Мобильное устройство,3.48,0,0,0.0
MKT002433,2025-04-25,Push,Имиджевая кампания,Новый,Мобильное устройство,1.58,0,0,0.0
MKT004142,2025-08-08,Медийная реклама,Ретаргетинг,Лояльный,Компьютер,5.69,0,0,0.0
MKT007251,2025-04-27,Email,Ретаргетинг,Повторный,Мобильное устройство,2.14,0,0,0.0
MKT005908,2025-02-12,Социальные сети,Имиджевая кампания,Новый,Мобильное устройство,9.11,0,0,0.0
MKT002351,2025-02-10,Email,Сезонная акция,Повторный,Компьютер,2.99,0,0,0.0
MKT000319,2025-07-21,Push,Сезонная акция,Новый,Мобильное устройство,2.44,0,0,0.0
MKT009833,2025-03-18,Медийная реклама,Имиджевая кампания,Повторный,Компьютер,6.43,0,0,0.0
MKT009883,2025-03-23,Push,Сезонная акция,Новый,Мобильное устройство,1.44,0,0,0.0
MKT005297,2025-12-13,Социальные сети,Новый продукт,Новый,Мобильное устройство,7.17,0,0,0.0
MKT005146,2025-11-13,Поисковая реклама,Ретаргетинг,Повторный,Компьютер,17.18,0,0,0.0
MKT004096,2025-05-26,Поисковая реклама,Ретаргетинг,Лояльный,Мобильное устройство,16.82,1,0,0.0
MKT007145,2025-08-06,Социальные сети,Ретаргетинг,Повторный,Мобильное устройство,8.27,1,1,4711.62
MKT005207,2025-10-11,Push,Сезонная акция,Новый,Мобильное устройство,1.56,0,0,0.0
MKT005792,2025-02-02,Медийная реклама,Новый продукт,Повторный,Мобильное устройство,7.0,0,0,0.0
MKT002996,2025-11-30,Поисковая реклама,Ретаргетинг,Повторный,Компьютер,16.86,1,0,0.0
MKT003470,2025-06-13,Социальные сети,Новый продукт,Повторный,Мобильное устройство,13.14,0,0,0.0
MKT008691,2025-05-05,Медийная реклама,Имиджевая кампания,Повторный,Мобильное устройство,7.66,0,0,0.0
MKT009649,2025-01-06,Email,Новый продукт,Лояльный,Мобильное устройство,2.29,0,0,0.0
MKT001582,2025-11-10,Push,Сезонная акция,Лояльный,Компьютер,1.49,1,0,0.0
MKT005210,2025-04-19,Поисковая реклама,Новый продукт,Новый,Мобильное устройство,23.28,0,0,0.0
MKT008491,2025-08-20,Email,Программа лояльности,Повторный,Компьютер,1.94,0,0,0.0
MKT006393,2025-12-12,Email,Новый продукт,Новый,Мобильное устройство,3.01,0,0,0.0
MKT003911,2025-11-29,Медийная реклама,Имиджевая кампания,Повторный,Мобильное устройство,6.66,0,0,0.0
MKT005422,2025-07-20,Социальные сети,Сезонная акция,Новый,Мобильное устройство,10.33,0,0,0.0
MKT000539,2025-12-29,Медийная реклама,Ретаргетинг,Лояльный,Компьютер,5.63,0,0,0.0
MKT001863,2025-09-09,Email,Ретаргетинг,Новый,Компьютер,2.35,0,1,0.0
MKT004593,2025-12-09,Email,Сезонная акция,Повторный,Компьютер,3.38,0,0,0.0
MKT004231,2025-07-21,Email,Новый продукт,Новый,Мобильное устройство,2.03,0,0,0.0
MKT001821,2025-02-05,Поисковая реклама,Сезонная акция,Повторный,Компьютер,20.74,1,1,2644.32
MKT009784,2025-08-10,Email,Ретаргетинг,Повторный,Компьютер,2.44,0,0,0.0
MKT008892,2025-10-17,Социальные сети,Программа лояльности,Новый,Мобильное устройство,7.33,0,0,0.0
MKT006016,2025-01-20,Поисковая реклама,Имиджевая кампания,Повторный,Мобильное устройство,22.02,0,0,0.0
MKT009277,2025-10-11,Медийная реклама,Программа лояльности,Новый,Мобильное устройство,3.95,0,0,0.0
MKT009446,2025-01-28,Email,Программа лояльности,Лояльный,Мобильное устройство,1.38,0,0,0.0
MKT001044,2025-12-12,Поисковая реклама,Имиджевая кампания,Новый,Мобильное устройство,28.24,0,0,0.0
MKT009732,2025-05-17,Медийная реклама,Новый продукт,Новый,Компьютер,8.37,0,0,0.0
MKT005110,2025-01-21,Поисковая реклама,Новый продукт,Повторный,Компьютер,17.46,1,1,5444.6
MKT003315,2025-09-12,Email,Ретаргетинг,Повторный,Мобильное устройство,2.7,0,0,5106.0
MKT006176,2025-03-13,Email,Программа лояльности,Лояльный,Компьютер,1.66,1,0,0.0
MKT006849,2025-04-09,Поисковая реклама,Имиджевая кампания,Новый,Мобильное устройство,18.92,1,0,0.0
MKT000387,2025-10-23,Email,Программа лояльности,Новый,Мобильное устройство,1.83,0,0,0.0
MKT003622,2025-08-24,Социальные сети,Имиджевая кампания,Новый,Мобильное устройство,11.07,0,0,0.0
MKT004016,2025-01-26,Поисковая реклама,Сезонная акция,Новый,Мобильное устройство,20.53,0,0,0.0
MKT006174,2025-12-21,Социальные сети,Ретаргетинг,Лояльный,Мобильное устройство,6.97,0,0,0.0
MKT007898,2025-04-27,Email,Имиджевая кампания,Повторный,Планшет,2.19,1,0,0.0
MKT009608,2025-02-26,Поисковая реклама,Ретаргетинг,Новый,Мобильное устройство,14.53,0,0,0.0
MKT002767,2025-07-11,Поисковая реклама,Программа лояльности,Повторный,Мобильное устройство,13.83,0,0,0.0
MKT004194,2025-02-25,Поисковая реклама,Имиджевая кампания,Повторный,Компьютер,23.24,0,0,0.0
MKT004872,2025-03-08,Поисковая реклама,Сезонная акция,Новый,Планшет,23.06,0,0,0.0
MKT006399,2025-07-22,Поисковая реклама,Программа лояльности,Повторный,Мобильное устройство,14.74,0,0,0.0
MKT000634,2025-01-22,push ,Сезонная акция,Повторный,Мобильное устройство,1.32,0,0,0.0
MKT005270,2025-05-12,Поисковая реклама,Сезонная акция,Новый,Мобильное устройство,23.89,0,0,0.0
MKT001682,2025-03-24,Push,Программа лояльности,Лояльный,Мобильное устройство,1.77,0,0,0.0
MKT001113,2025-09-02,Социальные сети,Программа лояльности,Новый,Компьютер,11.1,0,0,0.0
MKT000781,2025-03-05,Push,Имиджевая кампания,Повторный,Мобильное устройство,2.32,0,0,0.0
MKT006072,2025-12-01,Поисковая реклама,Имиджевая кампания,Повторный,Компьютер,17.34,0,0,0.0
MKT002306,2025-07-10,Push,Ретаргетинг,Новый,Компьютер,1.18,0,0,0.0
MKT002537,2025-06-08,Социальные сети,Сезонная акция,Повторный,Мобильное устройство,8.65,0,0,0.0
MKT002213,2025-09-11,Социальные сети,Имиджевая кампания,Лояльный,Мобильное устройство,8.21,0,0,0.0
MKT001690,2025-02-20,Email,Имиджевая кампания,Повторный,Компьютер,2.16,0,0,0.0
MKT006169,2025-12-25,Email,Имиджевая кампания,Новый,Компьютер,1.85,0,0,0.0
MKT001977,2025-06-30,Медийная реклама,Новый продукт,Новый,Компьютер,7.52,0,0,0.0
MKT009370,2025-04-01,Email,Ретаргетинг,Новый,Мобильное устройство,2.44,1,0,0.0
MKT008638,2025-01-18,Поисковая реклама,Имиджевая кампания,Новый,Мобильное устройство,17.6,0,0,0.0
MKT008597,2025-04-25,Push,Сезонная акция,Повторный,Мобильное устройство,1.69,0,0,0.0
MKT001944,2025-04-21,Поисковая реклама,Новый продукт,Лояльный,Планшет,22.94,0,0,0.0
MKT005934,2025-05-17,Социальные сети,Ретаргетинг,Повторный,Компьютер,7.89,0,0,0.0
MKT008348,2025-10-29,Социальные сети,Сезонная акция,Повторный,Мобильное устройство,16.21,0,0,0.0
MKT001090,2025-12-28,Поисковая реклама,НОВЫЙ ПРОДУКТ,Лояльный,Мобильное устройство,17.74,0,0,0.0
MKT001099,2025-04-10,Поисковая реклама,Программа лояльности,Новый,Мобильное устройство,20.38,0,0,0.0
MKT005112,2025-09-26,Медийная реклама,Имиджевая кампания,Повторный,Мобильное устройство,11.63,0,0,0.0
MKT007006,2025-06-18,Email,Ретаргетинг,Новый,Мобильное устройство,1.97,1,1,3319.15
MKT007291,2025-10-01,Email,Программа лояльности,Лояльный,Мобильное устройство,2.24,0,0,0.0
MKT007610,2025-07-22,Социальные сети,Сезонная акция,Новый,Мобильное устройство,12.49,0,0,0.0
MKT008345,2025-08-20,Социальные сети,Имиджевая кампания,Повторный,Компьютер,13.92,1,0,0.0
MKT009567,2025-08-01,Email,Ретаргетинг,Повторный,Мобильное устройство,2.04,0,0,0.0
MKT005812,2025-04-09,Социальные сети,Программа лояльности,Повторный,Мобильное устройство,8.71,0,0,0.0
MKT008595,27.01.2025,Медийная реклама,Сезонная акция,Новый,Компьютер,5.77,0,0,0.0
MKT004647,2025-04-20,Push,Сезонная акция,Новый,Мобильное устройство,1.27,0,0,0.0
MKT004498,2025-12-12,Социальные сети,Имиджевая кампания,Новый,Планшет,9.13,0,0,0.0
MKT004366,2025-10-17,Email,Ретаргетинг,Новый,Мобильное устройство,1.59,0,0,0.0
MKT008320,2025-04-18,Социальные сети,Сезонная акция,Новый,Мобильное устройство,12.79,0,0,0.0
MKT008027,2025-08-21,Медийная реклама,Ретаргетинг,Повторный,Мобильное устройство,4.27,0,0,0.0
MKT005808,2025-12-09,Социальные сети,Ретаргетинг,Повторный,Компьютер,6.04,1,1,2473.67
MKT004319,2025-07-28,Медийная реклама,Имиджевая кампания,Новый,Мобильное устройство,5.88,0,0,0.0
MKT005335,2025-12-23,Поисковая реклама,Новый продукт,Повторный,Мобильное устройство,35.17,0,0,0.0
MKT004775,2025-08-10,Поисковая реклама,Ретаргетинг,Повторный,Мобильное устройство,18.01,0,0,0.0
MKT007169,2025-08-21,Социальные сети,Новый продукт,Повторный,Мобильное устройство,12.28,0,0,0.0
MKT001571,2025-12-24,Push,Сезонная акция,Повторный,Компьютер,1.33,0,0,0.0
MKT009906,2025-07-05,Социальные сети,Программа лояльности,Новый,Компьютер,7.46,0,0,0.0
MKT005674,2025-06-16,Медийная реклама,Программа лояльности,Новый,Планшет,4.6,0,0,0.0
MKT007244,2025-07-21,Email,Ретаргетинг,Повторный,Мобильное устройство,2.75,1,0,0.0
MKT008229,2025-03-11,Поисковая реклама,Программа лояльности,Повторный,Компьютер,14.34,1,0,0.0
MKT009430,2025-09-21,Email,Сезонная акция,Повторный,Мобильное устройство,2.06,0,0,0.0
MKT000372,2025-02-04,Поисковая реклама,Ретаргетинг,Новый,Мобильное устройство,19.04,0,0,0.0
MKT002217,2025-09-17,Email,Ретаргетинг,Лояльный,Компьютер,3.21,0,0,0.0
MKT002913,2025-08-31,Социальные сети,Ретаргетинг,Лояльный,Мобильное устройство,8.58,0,0,0.0
MKT002099,2025-01-31,Push,Программа лояльности,Новый,Мобильное устройство,1.8,0,0,0.0
MKT007811,2025-12-16,Социальные сети,Имиджевая кампания,Лояльный,Мобильное устройство,9.25,0,0,0.0
MKT007036,2025-09-29,Email,Программа лояльности,Новый,Мобильное устройство,1.52,0,0,0.0
MKT008567,2025-09-28,Социальные сети,Ретаргетинг,Новый,Мобильное устройство,10.47,0,0,0.0
MKT000362,2025-11-16,Push,Имиджевая кампания,Лояльный,Компьютер,1.53,0,0,0.0
MKT008370,2025-01-25,Социальные сети,Ретаргетинг,Лояльный,Мобильное устройство,9.6,0,0,0.0
MKT004537,2025-02-06,Push,Сезонная акция,Повторный,Компьютер,1.65,1,0,0.0
MKT007107,2025-12-05,Социальные сети,Имиджевая кампания,Лояльный,Компьютер,8.28,0,0,0.0
MKT008526,2025-02-05,Социальные сети,Сезонная акция,Повторный,Мобильное устройство,10.8,0,0,0.0
MKT009240,2025-10-29,Поисковая реклама,Имиджевая кампания,Новый,Компьютер,20.09,0,0,0.0
MKT008077,2025-07-25,Социальные сети,Сезонная акция,Лояльный,Мобильное устройство,8.82,0,0,0.0
MKT006579,2025-04-29,Email,Программа лояльности,Новый,Мобильное устройство,1.54,0,0,0.0
MKT003441,2025-08-22,Поисковая реклама,Имиджевая кампания,Повторный,Мобильное устройство,30.12,0,0,0.0
MKT008367,2025-08-19,Email,Программа лояльности,Лояльный,Компьютер,1.93,0,0,0.0
MKT008943,2025-12-20,Медийная реклама,Новый продукт,Повторный,Мобильное устройство,8.44,0,0,0.0
MKT006633,2025-03-01,Поисковая реклама,Программа лояльности,Новый,Мобильное устройство,11.17,1,0,0.0
MKT008720,2025-09-30,Социальные сети,Ретаргетинг,Повторный,Мобильное устройство,7.63,0,0,0.0
MKT007304,2025-01-26,Медийная реклама,Имиджевая кампания,Лояльный,Компьютер,6.19,0,0,0.0
MKT009543,2025-07-29,Медийная реклама,Ретаргетинг,Повторный,Мобильное устройство,4.38,0,0,0.0
MKT004595,2025-05-04,Социальные сети,Ретаргетинг,Новый,Мобильное устройство,11.81,0,0,3465.0
MKT007071,2025-12-26,Социальные сети,Программа лояльности,Новый,Мобильное устройство,5.81,0,0,0.0
MKT004623,2025-08-18,Push,Сезонная акция,Лояльный,Мобильное устройство,1.77,1,0,0.0
MKT007833,2025-10-15,Поисковая реклама,Ретаргетинг,Лояльный,Компьютер,14.0,0,0,0.0
MKT006323,2025-02-13,Push,Программа лояльности,Новый,Мобильное устройство,1.0,0,0,0.0
MKT006444,2025-10-18,Социальные сети,Сезонная акция,Лояльный,Мобильное устройство,17.9,0,0,0.0
MKT007237,2025-03-30,Медийная реклама,Ретаргетинг,Повторный,Мобильное устройство,8.48,0,0,0.0
MKT008473,2025-08-28,Социальные сети,Сезонная акция,Повторный,Компьютер,16.46,0,0,0.0
MKT005088,2025-05-09,Push,Программа лояльности,Лояльный,Мобильное устройство,0.96,0,0,0.0
MKT005615,2025-03-10,Поисковая реклама,Сезонная акция,Новый,Мобильное устройство,21.4,0,0,0.0
MKT004394,2025-06-13,Поисковая реклама,Сезонная акция,Повторный,Мобильное устройство,23.1,0,0,0.0
MKT006584,2025-12-05,Поисковая реклама,Ретаргетинг,Новый,Компьютер,18.47,0,0,0.0
MKT009274,2025-10-15,Социальные сети,Ретаргетинг,Новый,Мобильное устройство,8.72,0,0,0.0
MKT000082,2025-09-07,Push,Ретаргетинг,Новый,Мобильное устройство,0.95,1,1,1448.71
MKT001418,2025-02-24,Медийная реклама,Ретаргетинг,Лояльный,Мобильное устройство,4.8,1,1,5717.21
MKT006236,2025-12-02,Email,Ретаргетинг,Новый,Мобильное устройство,1.69,0,0,0.0
MKT003230,2025-11-29,Медийная реклама,Ретаргетинг,Новый,Компьютер,4.43,0,0,0.0
MKT008484,2025-12-24,Push,Сезонная акция,Новый,Планшет,1.69,0,0,0.0
MKT003819,2025-06-10,Поисковая реклама,Программа лояльности,Лояльный,Мобильное устройство,14.71,0,0,0.0
MKT003048,2025-01-08,Push,Новый продукт,Повторный,Компьютер,1.2,0,0,0.0
MKT001615,2025-12-22,Email,Ретаргетинг,Новый,Мобильное устройство,2.15,0,0,0.0
MKT006378,2025-04-19,Email,Сезонная акция,Новый,Мобильное устройство,2.4,0,0,0.0
MKT006663,2025-08-22,Социальные сети,Программа лояльности,Повторный,Мобильное устройство,9.57,0,0,0.0
MKT005229,2025-03-04,Push,Новый продукт,Новый,Мобильное устройство,2.1,0,0,0.0
MKT009524,2025-07-09,Email,Программа лояльности,Новый,Компьютер,2.18,1,1,6651.88
MKT003262,2025-03-08,Email,Сезонная акция,Повторный,Мобильное устройство,2.07,0,0,0.0
MKT005011,2025-12-16,Email,Ретаргетинг,Лояльный,Мобильное устройство,2.48,1,0,0.0
MKT001307,2025-11-30,Медийная реклама,Новый продукт,Повторный,Мобильное устройство,7.55,0,0,0.0
MKT000947,2025-04-23,Медийная реклама,Имиджевая кампания,Повторный,Компьютер,7.94,0,0,0.0
MKT007910,2025-11-11,Поисковая реклама,Имиджевая кампания,Лояльный,Мобильное устройство,22.14,0,0,0.0
MKT008366,2025-06-09,,Новый продукт,Повторный,Компьютер,19.16,1,1,5055.48
MKT005526,2025-07-22,Email,Новый продукт,Новый,Мобильное устройство,1.99,0,0,0.0
MKT000617,2025-07-21,Медийная реклама,Сезонная акция,Новый,Мобильное устройство,7.57,0,0,0.0
MKT006664,2025-07-21,Социальные сети,Программа лояльности,Повторный,Мобильное устройство,8.23,0,0,0.0
MKT001456,2025-08-13,Email,Новый продукт,Лояльный,Мобильное устройство,3.5,0,0,0.0
MKT001078,2025-11-06,Социальные сети,Ретаргетинг,Повторный,Компьютер,7.3,0,0,0.0
MKT004994,2025-12-26,Социальные сети,Имиджевая кампания,Новый,Мобильное устройство,9.19,0,0,0.0
MKT004828,2025-09-06,Медийная реклама,Программа лояльности,Повторный,Планшет,4.84,0,0,0.0
MKT005394,2025-12-23,Email,Сезонная акция,Повторный,Мобильное устройство,2.6,0,0,0.0
MKT004730,2025-07-02,Социальные сети,Сезонная акция,Повторный,Мобильное устройство,9.62,0,0,0.0
MKT001938,2025-06-29,Медийная реклама,Ретаргетинг,Повторный,КОМПЬЮТЕР,8.13,0,0,0.0
MKT005822,2025-06-09,Социальные сети,Имиджевая кампания,Лояльный,Мобильное устройство,7.72,0,0,0.0
MKT000187,2025-05-07,Поисковая реклама,Ретаргетинг,Новый,Мобильное устройство,25.57,0,0,0.0
MKT005441,2025-07-19,Медийная реклама,Программа лояльности,Повторный,Компьютер,4.16,0,0,0.0
MKT006791,2025-11-06,Социальные сети,Сезонная акция,Новый,Мобильное устройство,9.66,0,0,0.0
MKT008260,2025-03-19,Email,Программа лояльности,Новый,Мобильное устройство,2.1,0,0,0.0
MKT004590,2025-12-03,Push,Сезонная акция,Повторный,Компьютер,1.35,0,0,0.0
MKT002970,2025-10-15,Социальные сети,Сезонная акция,Новый,Мобильное устройство,12.94,0,0,0.0
MKT009025,2025-08-17,Медийная реклама,Ретаргетинг,Новый,Компьютер,7.07,0,0,0.0
MKT001278,2025-12-08,Медийная реклама,Имиджевая кампания,Повторный,Мобильное устройство,5.12,0,0,0.0
MKT003666,2025-12-07,Социальные сети,Программа лояльности,Новый,Мобильное устройство,6.34,0,0,0.0
MKT001644,2025-07-03,Социальные сети,Ретаргетинг,Повторный,Компьютер,9.16,0,0,0.0
MKT006090,2025-10-03,Социальные сети,Ретаргетинг,Повторный,Мобильное устройство,9.16,0,0,0.0
MKT008253,2025-03-11,Email,Ретаргетинг,Повторный,Планшет,2.43,0,0,0.0
MKT009667,2025-03-22,Поисковая реклама,Новый продукт,Лояльный,Мобильное устройство,16.69,0,0,0.0
MKT002930,2025-08-08,Социальные сети,Программа лояльности,Повторный,Мобильное устройство,6.83,0,0,0.0
MKT006753,2025-08-21,Социальные сети,Имиджевая кампания,Новый,Мобильное устройство,9.66,0,0,0.0
MKT003552,2025-05-09,Email,Новый продукт,Лояльный,Мобильное устройство,1.95,0,0,0.0
MKT004298,2025-01-03,Социальные сети,Сезонная акция,Новый,Компьютер,11.12,0,0,0.0
MKT005365,2025-06-26,Поисковая реклама,Ретаргетинг,Лояльный,Мобильное устройство,15.01,0,0,0.0
MKT000863,2025-10-15,Социальные сети,Сезонная акция,Лояльный,Мобильное устройство,8.7,1,0,0.0
MKT008073,2025-10-25,Поисковая реклама,Имиджевая кампания,Лояльный,Мобильное устройство,23.56,1,0,0.0
MKT009081,2025-07-31,Социальные сети,Имиджевая кампания,Повторный,Мобильное устройство,9.55,0,0,0.0
MKT004763,2025-11-07,Социальные сети,Имиджевая кампания,Новый,Мобильное устройство,11.27,0,0,0.0
MKT002261,2025-07-28,Поисковая реклама,Ретаргетинг,Новый,Мобильное устройство,20.91,0,0,0.0
MKT008103,2025-12-04,Социальные сети,Ретаргетинг,Лояльный,Мобильное устройство,7.18,0,0,0.0
MKT003726,2025-10-28,Поисковая реклама,Новый продукт,Лояльный,Мобильное устройство,23.03,0,0,0.0
MKT002277,2025-06-24,Email,Сезонная акция,Лояльный,Мобильное устройство,2.34,1,0,0.0
MKT008244,2025-09-21,Поисковая реклама,Имиджевая кампания,Лояльный,Мобильное устройство,27.31,1,0,1000000.0
MKT008162,2025-08-12,Социальные сети,Программа лояльности,Новый,Мобильное устройство,12.23,0,0,0.0
MKT009044,2025-02-08,Push,Сезонная акция,Новый,Мобильное устройство,1.96,0,0,0.0
MKT006504,2025-08-21,Push,Ретаргетинг,Новый,Мобильное устройство,1.51,0,0,0.0
MKT005378,2025-10-18,Email,Имиджевая кампания,Повторный,Мобильное устройство,1.93,0,0,0.0
MKT000864,2025-03-21,Поисковая реклама,Сезонная акция,Лояльный,Мобильное устройство,25.84,0,0,0.0
MKT004813,2025-05-31,Email,Ретаргетинг,Новый,Мобильное устройство,2.33,0,0,0.0
MKT009233,2025-01-29,Email,Сезонная акция,Повторный,Компьютер,3.14,0,0,0.0
MKT002390,2025-07-13,Медийная реклама,Сезонная акция,Повторный,Мобильное устройство,11.92,1,0,0.0
MKT005734,2025-02-01,Медийная реклама,Имиджевая кампания,Повторный,Компьютер,7.9,0,0,0.0
MKT002080,2025-03-15,Социальные сети,Программа лояльности,Повторный,Планшет,8.6,0,0,0.0
MKT005436,2025-09-17,Email,Сезонная акция,Новый,Мобильное устройство,2.13,1,1,3369.78
MKT004234,2025-07-11,Социальные сети,Сезонная акция,Повторный,Мобильное устройство,12.39,0,0,0.0
MKT008715,2025-12-09,Социальные сети,Ретаргетинг,Новый,Компьютер,8.56,0,0,0.0
MKT003172,2025-06-09,Социальные сети,Ретаргетинг,Повторный,Мобильное устройство,7.93,0,0,0.0
MKT001089,2025-03-26,Поисковая реклама,Программа лояльности,Новый,Мобильное устройство,16.8,0,0,0.0
MKT006330,2025-02-26,Поисковая реклама,Новый продукт,Лояльный,Мобильное устройство,21.44,0,0,0.0
MKT008198,2025-04-23,Социальные сети,Ретаргетинг,Новый,Компьютер,10.37,1,0,0.0
MKT000016,2025-12-31,Поисковая реклама,Ретаргетинг,новый ,Мобильное устройство,20.87,1,0,0.0
MKT006670,2025-01-12,Email,Сезонная акция,Новый,Компьютер,2.38,0,0,7507.0
MKT005150,2025-07-24,Социальные сети,Новый продукт,Повторный,Мобильное устройство,15.2,0,0,0.0
MKT008951,2025-03-05,Медийная реклама,Имиджевая кампания,Повторный,Мобильное устройство,5.55,0,0,0.0
MKT009388,2025-12-18,Медийная реклама,Имиджевая кампания,Повторный,Мобильное устройство,7.26,0,0,0.0
MKT000778,2025-03-07,Email,Программа лояльности,Новый,Мобильное устройство,1.78,0,0,0.0
MKT004522,2025-02-07,Социальные сети,Программа лояльности,Новый,Мобильное устройство,9.18,0,0,0.0
MKT009001,2025-05-02,Email,Сезонная акция,Лояльный,Компьютер,2.16,0,0,0.0
MKT002386,2025-04-25,Email,Ретаргетинг,Повторный,Компьютер,1.49,0,0,0.0
MKT003668,2025-04-29,Email,Новый продукт,Новый,Мобильное устройство,1.94,0,0,0.0
MKT004895,2025-11-29,Социальные сети,Программа лояльности,Повторный,Мобильное устройство,7.52,0,0,0.0
MKT005198,2025-09-20,Поисковая реклама,Сезонная акция,Лояльный,Мобильное устройство,29.21,1,0,0.0
MKT001993,2025-04-28,Социальные сети,Программа лояльности,Повторный,Мобильное устройство,9.3,0,0,0.0
MKT002438,2025-10-12,Поисковая реклама,Сезонная акция,Лояльный,Мобильное устройство,18.35,1,1,9272.23
MKT005109,2025-12-15,Поисковая реклама,Новый продукт,Лояльный,Компьютер,26.43,0,0,0.0
MKT008064,2025-08-03,Email,Новый продукт,Новый,Мобильное устройство,3.84,0,0,0.0
MKT002415,2025-05-12,Email,Программа лояльности,Новый,Компьютер,2.29,0,0,0.0
MKT001361,2025-02-25,Социальные сети,Программа лояльности,Повторный,Компьютер,7.09,0,0,0.0
MKT005222,2025-12-12,Email,Имиджевая кампания,Повторный,Мобильное устройство,1.71,0,0,0.0
MKT000975,2025-12-16,Email,Новый продукт,Повторный,Мобильное устройство,2.82,0,0,0.0
MKT006568,2025-11-22,Email,Ретаргетинг,Лояльный,Мобильное устройство,2.17,0,0,0.0
MKT008200,2025-08-07,Email,Сезонная акция,Лояльный,Мобильное устройство,1.87,0,0,0.0
MKT006956,2025-12-17,Поисковая реклама,Сезонная акция,Повторный,Мобильное устройство,23.0,0,0,0.0
MKT009827,2025-11-28,Социальные сети,Программа лояльности,Повторный,Мобильное устройство,7.12,0,0,0.0
MKT003378,2025-07-03,Поисковая реклама,Сезонная акция,Новый,Мобильное устройство,17.6,0,0,0.0
MKT004818,2025-12-14,Социальные сети,Имиджевая кампания,Новый,Мобильное устройство,8.92,0,0,0.0
MKT007270,2025-09-23,Поисковая реклама,Имиджевая кампания,Новый,Мобильное устройство,25.6,0,0,0.0
MKT008223,2025-03-19,Социальные сети,Сезонная акция,Повторный,Планшет,8.8,0,0,0.0
MKT000159,2025-08-21,Медийная реклама,Имиджевая кампания,Повторный,Мобильное устройство,6.9,0,0,0.0
MKT002633,2025-11-04,Медийная реклама,Программа лояльности,Новый,Мобильное устройство,3.78,0,0,0.0
MKT005321,2025-10-24,Поисковая реклама,Ретаргетинг,Повторный,Компьютер,20.98,0,0,0.0
MKT008271,2025-10-08,Push,Ретаргетинг,Повторный,Мобильное устройство,1.42,0,0,0.0
MKT007522,2025-05-26,Push,Имиджевая кампания,Новый,Компьютер,1.86,0,0,0.0
MKT000042,2025-11-27,Поисковая реклама,Программа лояльности,Лояльный,Мобильное устройство,15.07,0,0,0.0
MKT004034,2025-11-25,Поисковая реклама,Ретаргетинг,Повторный,Компьютер,15.29,0,0,0.0
MKT004181,2025-08-14,Push,Сезонная акция,Повторный,Планшет,2.12,0,0,0.0
MKT007581,2025-07-22,Социальные сети,Программа лояльности,Повторный,Мобильное устройство,4.86,0,0,0.0
MKT009248,2025-07-28,Социальные сети,Программа лояльности,Повторный,Мобильное устройство,9.24,0,0,0.0
MKT000727,2025-12-28,Поисковая реклама,Сезонная акция,Повторный,Мобильное устройство,21.02,1,0,0.0
MKT008545,2025-07-04,Push,Имиджевая кампания,Повторный,Компьютер,1.82,0,0,0.0
MKT002825,2025-04-06,Поисковая реклама,Сезонная акция,Новый,Мобильное устройство,21.47,0,0,0.0
MKT007950,2025-11-12,Push,Новый продукт,Повторный,Мобильное устройство,1.98,0,0,0.0
MKT008588,2025-07-20,Социальные сети,Программа лояльности,Повторный,Компьютер,7.32,0,0,0.0
MKT002912,2025-05-29,Push,Новый продукт,Новый,Мобильное устройство,1.77,0,0,0.0
MKT001990,2025-07-27,Поисковая реклама,Программа лояльности,Повторный,Компьютер,16.79,0,0,0.0
MKT002037,2025-08-23,Поисковая реклама,Программа лояльности,Повторный,Мобильное устройство,10.08,0,0,0.0
MKT004241,2025-03-10,Поисковая реклама,Новый продукт,Лояльный,Компьютер,34.21,0,0,0.0
MKT005609,2025-04-14,Социальные сети,Сезонная акция,Лояльный,Компьютер,8.11,1,0,0.0
MKT002572,2025-08-18,Поисковая реклама,Имиджевая кампания,Новый,Компьютер,34.27,1,0,0.0
MKT005766,2025-10-21,Email,Имиджевая кампания,Повторный,Планшет,3.38,0,0,0.0
MKT004469,2025-02-19,Email,Сезонная акция,Новый,Компьютер,3.24,0,0,0.0
MKT000647,2025-11-03,Социальные сети,Новый продукт,Повторный,Компьютер,12.24,0,0,0.0
MKT005179,2025-08-06,Email,Ретаргетинг,Лояльный,Компьютер,2.04,0,0,1000000.0
MKT006982,2025-05-03,Медийная реклама,Ретаргетинг,Повторный,Мобильное устройство,5.55,0,0,0.0
MKT009224,2025-12-12,Поисковая реклама,Сезонная акция,Новый,Мобильное устройство,16.51,0,0,0.0
MKT000258,2025-11-07,Социальные сети,Новый продукт,Новый,Мобильное устройство,13.07,0,0,0.0
MKT006212,2025-08-02,Поисковая реклама,Сезонная акция,Новый,Планшет,24.02,0,0,0.0
MKT007457,2025-02-06,Социальные сети,Новый продукт,Новый,Мобильное устройство,10.51,0,0,0.0
MKT009144,2025-10-21,Социальные сети,Сезонная акция,Новый,Компьютер,10.9,1,0,0.0
MKT005402,2025-05-28,Push,Ретаргетинг,Лояльный,Компьютер,1.68,0,0,0.0
MKT006138,2025-03-29,Поисковая реклама,Новый продукт,Новый,Компьютер,29.22,0,0,0.0
MKT004989,2025-09-10,Социальные сети,Ретаргетинг,Повторный,Мобильное устройство,7.65,0,0,0.0
MKT001453,2025-07-04,Email,Новый продукт,Лояльный,Компьютер,2.73,0,0,0.0
MKT001911,2025-10-27,Поисковая реклама,Сезонная акция,Лояльный,Мобильное устройство,16.79,1,0,0.0
MKT003183,2025-11-23,Социальные сети,Ретаргетинг,Новый,Мобильное устройство,5.88,0,0,0.0
MKT001834,2025-12-07,Поисковая реклама,Ретаргетинг,Повторный,Мобильное устройство,18.28,0,0,0.0
MKT005363,2025-03-05,Социальные сети,Имиджевая кампания,Лояльный,Мобильное устройство,7.69,0,0,0.0
MKT002990,2025-11-12,Социальные сети,Новый продукт,Новый,Компьютер,9.48,1,1,5678.88
MKT006322,2025-06-13,Медийная реклама,Ретаргетинг,Повторный,Мобильное устройство,7.71,0,0,0.0
MKT003488,2025-09-04,Социальные сети,Имиджевая кампания,Новый,Мобильное устройство,9.79,0,0,0.0
MKT005619,2025-12-03,Push,Имиджевая кампания,Новый,Планшет,1.96,0,0,0.0
MKT008793,2025-11-05,Социальные сети,Новый продукт,Повторный,Мобильное устройство,7.99,0,0,0.0
MKT000806,2025-08-06,Социальные сети,Сезонная акция,Лояльный,Мобильное устройство,9.7,0,0,0.0
MKT004713,2025-10-14,Медийная реклама,Ретаргетинг,Лояльный,Компьютер,5.58,0,0,0.0
MKT005143,2025-05-09,Email,Имиджевая кампания,Новый,Компьютер,2.95,0,0,0.0
MKT001788,2025-02-24,Социальные сети,Сезонная акция,Повторный,Компьютер,9.47,0,0,0.0
MKT003142,2025-06-13,Push,Сезонная акция,Новый,Компьютер,1.25,0,0,0.0
MKT001053,2025-05-17,Поисковая реклама,Ретаргетинг,Новый,Мобильное устройство,22.28,0,0,0.0
MKT009458,2025-06-29,Поисковая реклама,Сезонная акция,Лояльный,Мобильное устройство,20.91,0,0,0.0
MKT000646,2025-09-10,Социальные сети,Новый продукт,Повторный,Компьютер,14.96,1,0,0.0
MKT002417,2025-01-17,Push,Новый продукт,Повторный,Мобильное устройство,2.1,0,0,0.0
MKT002056,2025-11-18,,Сезонная акция,Новый,Мобильное устройство,2.06,0,0,0.0
MKT000525,2025-12-30,Поисковая реклама,Ретаргетинг,Новый,Компьютер,16.34,0,0,0.0
MKT003236,2025-03-10,Email,Сезонная акция,Новый,Компьютер,2.32,0,0,0.0
MKT005333,2025-04-11,Медийная реклама,Сезонная акция,Новый,Компьютер,12.63,0,0,0.0
MKT000273,2025-08-12,Социальные сети,Программа лояльности,Новый,Компьютер,5.28,0,0,0.0
MKT007453,2025-04-11,Push,Сезонная акция,Повторный,Мобильное устройство,1.57,0,0,0.0
MKT004014,2025-03-12,Социальные сети,Имиджевая кампания,Повторный,Мобильное устройство,12.62,0,0,0.0
MKT004879,2025-08-12,Email,Программа лояльности,Лояльный,Компьютер,1.65,0,0,0.0
MKT002956,2025-04-23,Email,Сезонная акция,Повторный,Мобильное устройство,2.47,0,0,0.0
MKT006965,27.09.2025,Социальные сети,Новый продукт,Лояльный,Компьютер,9.51,0,0,0.0
MKT003476,2025-02-25,Email,Ретаргетинг,Повторный,Компьютер,2.35,0,0,0.0
MKT006723,2025-11-06,Медийная реклама,Новый продукт,Новый,Мобильное устройство,7.12,0,0,0.0
MKT001830,2025-06-14,Медийная реклама,Новый продукт,Лояльный,Мобильное устройство,6.5,0,0,0.0
MKT005806,2025-10-22,Социальные сети,Новый продукт,Повторный,Мобильное устройство,8.82,0,0,0.0
MKT004221,2025-04-28,Социальные сети,Ретаргетинг,Новый,Мобильное устройство,7.24,0,0,0.0
MKT006435,2025-07-21,Email,Сезонная акция,Новый,Компьютер,2.42,0,0,0.0
MKT007648,2025-08-08,Поисковая реклама,Новый продукт,Лояльный,Мобильное устройство,21.59,1,0,0.0
MKT002043,2025-10-06,Email,Ретаргетинг,Новый,Мобильное устройство,1.7,2,0,0.0
MKT009812,2025-05-08,Поисковая реклама,Имиджевая кампания,Лояльный,Компьютер,20.88,0,0,0.0
MKT008478,2025-07-08,Email,Имиджевая кампания,Лояльный,Мобильное устройство,2.45,0,0,0.0
MKT007870,2025-01-03,Социальные сети,Новый продукт,Повторный,Компьютер,12.33,0,0,0.0
MKT004942,2025-06-30,Email,Имиджевая кампания,Повторный,Компьютер,3.58,0,0,0.0
MKT001829,2025-04-03,Email,Программа лояльности,Повторный,Мобильное устройство,2.07,0,0,0.0
MKT007327,2025-09-09,Email,Ретаргетинг,Новый,Компьютер,1.88,0,0,0.0
MKT005316,2025-11-23,Социальные сети,Ретаргетинг,Лояльный,Мобильное устройство,7.79,0,0,0.0
MKT006771,2025-10-22,Push,Ретаргетинг,Новый,Мобильное устройство,1.33,1,0,0.0
MKT000623,2025-04-22,Push,Новый продукт,Повторный,Мобильное устройство,1.67,0,0,0.0
MKT001847,2025-05-05,Поисковая реклама,Имиджевая кампания,Новый,Мобильное устройство,29.35,0,0,0.0
MKT001032,2025-12-27,Push,Новый продукт,Повторный,Мобильное устройство,2.05,0,0,0.0
MKT007348,2025-02-10,Push,Сезонная акция,Лояльный,Мобильное устройство,1.13,0,0,0.0
MKT006620,2025-04-18,Медийная реклама,НОВЫЙ ПРОДУКТ,Лояльный,Мобильное устройство,6.64,0,0,0.0
MKT009060,2025-07-20,Поисковая реклама,Имиджевая кампания,Повторный,Компьютер,16.99,0,0,0.0
MKT009483,2025-12-02,Email,Сезонная акция,Повторный,Компьютер,2.92,0,0,0.0
MKT000945,2025-10-05,Email,Программа лояльности,Новый,Мобильное устройство,1.98,1,0,0.0
MKT003222,2025-10-30,Медийная реклама,Имиджевая кампания,Новый,Мобильное устройство,7.13,0,0,0.0
MKT009314,2025-09-09,Email,Новый продукт,Новый,Мобильное устройство,3.44,0,0,0.0
MKT008859,2025-08-16,Медийная реклама,Ретаргетинг,Повторный,Компьютер,5.73,0,0,0.0
MKT001650,2025-05-18,Поисковая реклама,Программа лояльности,Новый,Мобильное устройство,16.48,0,0,0.0
MKT008655,2025-03-20,Push,Программа лояльности,Повторный,Мобильное устройство,0.84,0,0,0.0
MKT006356,2025-02-08,Push,Ретаргетинг,Новый,Компьютер,1.38,0,0,0.0
MKT003904,2025-03-04,Email,Сезонная акция,Новый,Мобильное устройство,1.87,0,0,0.0
MKT003642,2025-12-21,Медийная реклама,Ретаргетинг,Новый,Планшет,4.32,0,0,0.0
MKT009369,2025-02-19,Социальные сети,Имиджевая кампания,Лояльный,Мобильное устройство,10.2,0,0,0.0
MKT007249,2025-04-19,Email,Сезонная акция,Лояльный,Компьютер,4.01,0,0,0.0
MKT002955,2025-11-03,Поисковая реклама,Новый продукт,Повторный,Мобильное устройство,23.14,0,0,0.0
MKT006902,2025-09-09,Поисковая реклама,Сезонная акция,Лояльный,Мобильное устройство,17.84,1,0,0.0
MKT007135,2025-07-22,Поисковая реклама,Программа лояльности,Новый,Мобильное устройство,26.22,0,0,0.0
MKT000112,2025-04-26,Email,Ретаргетинг,Повторный,Мобильное устройство,1.97,0,0,0.0
MKT005993,2025-09-29,Email,Сезонная акция,Новый,Компьютер,3.04,0,0,0.0
MKT005196,2025-01-02,Медийная реклама,Сезонная акция,Повторный,Мобильное устройство,5.65,0,0,0.0
MKT000053,2025-03-12,Социальные сети,Программа лояльности,Повторный,Мобильное устройство,,0,0,0.0
MKT004698,2025-09-06,Поисковая реклама,НОВЫЙ ПРОДУКТ,Новый,мобильное ,24.12,1,0,0.0
MKT001808,2025-07-06,Социальные сети,Новый продукт,Новый,Компьютер,11.4,1,0,0.0
MKT002355,2025-02-12,Поисковая реклама,Ретаргетинг,Повторный,Мобильное устройство,24.26,0,0,0.0
MKT007223,2025-10-01,Медийная реклама,Имиджевая кампания,Лояльный,Мобильное устройство,8.39,1,0,0.0
MKT009637,2025-10-25,Медийная реклама,Ретаргетинг,Лояльный,Мобильное устройство,6.7,0,0,0.0
MKT000307,2025-10-03,Email,Сезонная акция,Повторный,Мобильное устройство,2.18,0,0,0.0
MKT008525,2025-05-09,Email,Сезонная акция,Повторный,Мобильное устройство,2.8,0,0,0.0
MKT001115,2025-04-10,Медийная реклама,Программа лояльности,Повторный,Компьютер,5.43,0,0,0.0
MKT006077,2025-03-22,Push,Ретаргетинг,Повторный,Мобильное устройство,1.42,0,0,0.0
MKT001155,2025-02-20,Поисковая реклама,Программа лояльности,Повторный,Мобильное устройство,16.46,0,0,0.0
MKT009913,2025-05-20,Социальные сети,Ретаргетинг,Новый,Компьютер,7.93,0,0,0.0
MKT002084,2025-04-24,Email,Ретаргетинг,Новый,Мобильное устройство,1.88,0,0,0.0
MKT002835,2025-03-02,Email,Имиджевая кампания,Повторный,Мобильное устройство,1.93,0,0,1372.0
MKT003735,2025-10-28,Email,Новый продукт,Лояльный,Компьютер,2.53,0,0,0.0
MKT003575,2025-04-19,Социальные сети,Имиджевая кампания,Лояльный,Планшет,7.48,0,0,0.0
MKT007478,2025-10-08,Push,Имиджевая кампания,Повторный,Мобильное устройство,1.87,0,0,0.0
MKT000381,31.02.2025,Медийная реклама,Имиджевая кампания,Повторный,Планшет,7.81,0,0,0.0
MKT005710,2025-10-16,Email,Сезонная акция,Повторный,Мобильное устройство,1.97,0,0,0.0
MKT006142,2025-07-06,Push,Программа лояльности,Новый,Мобильное устройство,1.37,0,0,0.0
MKT004038,2025-05-27,Поисковая реклама,Программа лояльности,Повторный,Мобильное устройство,17.34,0,0,0.0
MKT003784,2025-12-02,Email,Сезонная акция,Лояльный,Мобильное устройство,2.81,0,0,0.0
MKT003382,2025-08-25,Социальные сети,Программа лояльности,Повторный,Компьютер,7.66,0,0,0.0
MKT007671,03.07.2025,Push,Сезонная акция,Новый,Компьютер,1.38,0,0,0.0
MKT007724,2025-07-03,Поисковая реклама,Сезонная акция,Новый,Компьютер,20.03,0,0,0.0
MKT009740,2025-01-30,Социальные сети,Имиджевая кампания,Лояльный,Компьютер,5.89,0,0,0.0
MKT007202,2025-04-19,Поисковая реклама,Имиджевая кампания,Повторный,Мобильное устройство,16.02,-1,0,0.0
MKT004451,2025-03-24,Email,Программа лояльности,Повторный,Мобильное устройство,1.6,0,0,0.0
MKT005510,2025-02-01,Поисковая реклама,Программа лояльности,Повторный,Мобильное устройство,19.89,0,0,0.0
MKT007091,2025-01-09,Поисковая реклама,Сезонная акция,Новый,Мобильное устройство,14.74,0,0,0.0
MKT006892,2025-02-12,Email,Ретаргетинг,Лояльный,Планшет,1.69,0,0,0.0
MKT001383,2025-08-19,Email,Новый продукт,Повторный,Мобильное устройство,2.06,0,0,0.0
MKT006086,2025-08-22,Медийная реклама,Имиджевая кампания,Повторный,Мобильное устройство,7.29,0,0,0.0
MKT009493,2025-07-09,Социальные сети,Программа лояльности,Новый,Компьютер,7.65,0,0,0.0
MKT008770,2025-05-04,Социальные сети,Имиджевая кампания,Лояльный,Мобильное устройство,10.19,0,0,0.0
MKT000608,2025-04-08,Социальные сети,Ретаргетинг,Повторный,Компьютер,8.57,0,0,0.0
MKT008963,2025-10-26,Социальные сети,Сезонная акция,Новый,Мобильное устройство,11.57,0,0,0.0
MKT004444,2025-04-06,Поисковая реклама,Ретаргетинг,Новый,Мобильное устройство,17.45,0,0,0.0
MKT001367,2025-03-30,Поисковая реклама,Ретаргетинг,Повторный,Компьютер,22.55,0,0,0.0
MKT006637,2025-03-11,Push,Ретаргетинг,Лояльный,Мобильное устройство,1.23,1,0,0.0
MKT005847,2025-08-31,Email,Имиджевая кампания,Повторный,Мобильное устройство,1.74,0,0,0.0
MKT005007,2025-07-20,Поисковая реклама,Сезонная акция,Новый,Мобильное устройство,15.76,0,0,0.0
MKT002007,2025-01-18,Социальные сети,Ретаргетинг,Новый,Компьютер,6.03,0,0,0.0
MKT002269,2025-10-30,Медийная реклама,Программа лояльности,Новый,Мобильное устройство,8.0,0,0,0.0
MKT000874,2025-10-13,Email,Имиджевая кампания,Новый,Мобильное устройство,3.41,0,0,0.0
MKT004905,2025-01-25,Социальные сети,Сезонная акция,Повторный,Мобильное устройство,10.79,1,0,0.0
MKT002875,2025-12-13,Email,Ретаргетинг,Лояльный,Компьютер,1.61,0,0,0.0
MKT009965,2025-08-06,Email,Сезонная акция,Повторный,Мобильное устройство,4.15,0,0,0.0
MKT002657,2025-02-11,Email,Сезонная акция,Новый,Компьютер,2.69,0,0,0.0
MKT002751,2025-12-08,Поисковая реклама,Ретаргетинг,Новый,Компьютер,25.17,0,0,0.0
MKT007731,2025-08-17,Push,Ретаргетинг,Новый,Компьютер,1.0,0,0,0.0
MKT001921,2025-05-04,Социальные сети,Новый продукт,Новый,Мобильное устройство,10.94,0,0,0.0
MKT003066,2025-06-05,Медийная реклама,Сезонная акция,Лояльный,Мобильное устройство,5.39,0,0,0.0
MKT002669,2025-12-31,Социальные сети,Ретаргетинг,Повторный,Мобильное устройство,8.87,0,0,0.0
MKT007580,2025-12-27,Поисковая реклама,Новый продукт,Новый,Планшет,24.27,0,0,0.0
MKT001672,2025-05-11,Поисковая реклама,Программа лояльности,Новый,Мобильное устройство,15.51,0,0,0.0
MKT008336,2025-01-13,Социальные сети,Ретаргетинг,Повторный,Мобильное устройство,6.13,0,0,0.0
MKT009880,2025-01-25,Социальные сети,Имиджевая кампания,Повторный,Мобильное устройство,9.9,0,0,0.0
MKT001413,2025-09-19,Email,Сезонная акция,Повторный,Компьютер,2.47,0,0,0.0
MKT009404,2025-05-16,Email,Сезонная акция,Новый,Мобильное устройство,1.56,0,0,0.0
MKT003877,2025-04-22,Email,Программа лояльности,Лояльный,Компьютер,1.96,0,0,0.0
MKT004952,2025-01-03,Социальные сети,Программа лояльности,Новый,Мобильное устройство,9.73,0,0,0.0
MKT006518,2025-04-29,Push,Новый продукт,Новый,Компьютер,1.48,0,0,0.0
MKT007221,2025-10-08,Email,Сезонная акция,Повторный,Мобильное устройство,2.51,0,0,0.0
MKT003587,2025-03-12,Email,Имиджевая кампания,Лояльный,Мобильное устройство,2.51,0,0,0.0
MKT001111,13.07.2025,Социальные сети,Ретаргетинг,Лояльный,Компьютер,5.34,1,0,0.0
MKT007263,2025-06-19,Медийная реклама,Имиджевая кампания,Повторный,Компьютер,7.48,0,0,0.0
MKT001493,2025-01-25,Поисковая реклама,Сезонная акция, лояльный,Мобильное устройство,25.93,0,0,0.0
MKT003276,2025-01-25,Медийная реклама,Имиджевая кампания,Новый,Компьютер,7.71,0,0,0.0
MKT002233,2025-09-23,Поисковая реклама,Новый продукт,Лояльный,Планшет,20.79,0,0,0.0
MKT001122,2025-02-28,Email,программа лояльности,Повторный,Компьютер,1.8,0,0,0.0
MKT006668,2025-10-27,Социальные сети,Ретаргетинг,Повторный,Мобильное устройство,7.04,0,0,0.0
MKT006897,2025-09-19,Поисковая реклама,Ретаргетинг,Повторный,Мобильное устройство,19.18,0,0,0.0
MKT002224,2025-05-31,Email,Имиджевая кампания,Повторный,Мобильное устройство,1.67,0,0,0.0
MKT008550,2025-07-17,Поисковая реклама,Ретаргетинг,Лояльный,Компьютер,23.16,1,1,3069.19
MKT005353,2025-01-12,Push,Ретаргетинг,Лояльный,Компьютер,1.65,0,0,0.0
MKT009204,2025-07-12,Медийная реклама,Ретаргетинг,Новый,Мобильное устройство,5.64,0,0,0.0
MKT002516,2025-10-19,Медийная реклама,Программа лояльности,Повторный,Компьютер,4.57,0,0,0.0
MKT006960,2025-08-16,Поисковая реклама,Имиджевая кампания,Лояльный,Планшет,23.51,0,0,0.0
MKT006219,2025-03-30,Медийная реклама,Сезонная акция,Лояльный,Компьютер,9.1,0,0,0.0
MKT008893,2025-08-31,Push,Сезонная акция,Новый,Мобильное устройство,2.21,0,0,0.0
MKT000189,2025-12-22,Email,Новый продукт,Повторный,Мобильное устройство,2.76,0,0,0.0
MKT003064,2025-12-10,Email,Сезонная акция,Новый,Мобильное устройство,2.13,0,0,0.0
MKT006274,2025-12-19,Социальные сети,Сезонная акция,Лояльный,Мобильное устройство,11.28,0,0,0.0
MKT007164,2025-07-01,соцсети,Программа лояльности,Повторный,Компьютер,9.37,0,0,0.0
MKT002790,2025-03-12,Поисковая реклама,Ретаргетинг,Новый,Планшет,22.49,0,0,0.0
MKT008961,2025-06-06,Email,Программа лояльности,Повторный,Компьютер,1.66,0,0,0.0
MKT007054,2025-10-29,Поисковая реклама,Ретаргетинг,Новый,Мобильное устройство,28.95,0,0,1000000.0
MKT006103,2025-01-15,Email,Ретаргетинг,Повторный,Мобильное устройство,1.78,0,0,0.0
MKT005216,2025-09-27,Поисковая реклама,Ретаргетинг,Новый,Мобильное устройство,23.6,0,0,0.0
MKT004065,2025-06-23,Медийная реклама,Сезонная акция,Новый,Мобильное устройство,6.6,0,0,0.0
MKT004965,2025-04-28,Email,Ретаргетинг,Повторный,Мобильное устройство,2.37,0,0,0.0
MKT003900,2025-09-09,Поисковая реклама,Имиджевая кампания,Повторный,Мобильное устройство,17.48,0,0,0.0
MKT002728,2025-06-15,Поисковая реклама,Программа лояльности,Новый,Мобильное устройство,15.17,0,0,0.0
MKT006754,2025-07-23,Социальные сети,Сезонная акция,Новый,Мобильное устройство,7.57,0,0,0.0
MKT001256,2025-01-05,Email,Имиджевая кампания,Повторный,Мобильное устройство,2.98,0,0,0.0
MKT005308,2025-02-22,Социальные сети,Ретаргетинг,Лояльный,Мобильное устройство,10.58,0,0,0.0
MKT000055,2025-08-05,Поисковая реклама,Ретаргетинг,Новый,Мобильное устройство,19.64,1,0,0.0
MKT004612,2025-09-09,Email,Имиджевая кампания,Лояльный,Компьютер,2.0,0,0,0.0
MKT006473,2025-04-30,Email,Ретаргетинг,Лояльный,Мобильное устройство,1.63,0,0,0.0
MKT005947,2025-05-23,Push,Ретаргетинг,Повторный,Мобильное устройство,1.52,0,0,0.0
MKT000802,2025-06-09,Email,Сезонная акция,Повторный,Компьютер,1.83,0,0,0.0
MKT007011,2025-04-26,Медийная реклама,Новый продукт,Повторный,Компьютер,9.13,0,0,0.0
MKT001785,2025-05-23,Медийная реклама,Сезонная акция,Новый,Мобильное устройство,10.52,0,0,0.0
MKT005550,2025-10-15,Социальные сети,Сезонная акция,Повторный,Мобильное устройство,8.79,1,0,0.0
MKT005530,2025-07-20,,Имиджевая кампания,Новый,Компьютер,2.27,0,0,0.0
MKT006738,2025-07-26,Медийная реклама,Имиджевая кампания,Новый,Компьютер,7.39,0,0,0.0
MKT003466,2025-04-13,Социальные сети,Сезонная акция,Лояльный,Мобильное устройство,9.67,0,0,0.0
MKT000918,2025-10-29,Социальные сети,Имиджевая кампания,Новый,Компьютер,11.52,0,0,0.0
MKT005854,2025-10-07,Социальные сети,Программа лояльности,Лояльный,Мобильное устройство,6.31,0,0,0.0
MKT008147,2025-09-03,Социальные сети,Ретаргетинг,Новый,Мобильное устройство,8.78,0,0,0.0
MKT001297,2025-06-22,Push,Новый продукт,Повторный,Мобильное устройство,1.46,0,0,0.0
MKT000542,2025-10-25,Email,Программа лояльности,Повторный,Мобильное устройство,2.22,0,0,0.0
MKT003284,2025-05-29,Социальные сети,Ретаргетинг,Повторный,Мобильное устройство,7.55,0,0,0.0
MKT001868,2025-01-14,Email,Программа лояльности,Повторный,Компьютер,1.5,0,0,0.0
MKT003090,2025-08-10,Email,Программа лояльности,Лояльный,Мобильное устройство,1.43,0,0,0.0
MKT009636,2025-04-23,Медийная реклама,Ретаргетинг,Повторный,Мобильное устройство,6.54,0,0,0.0
MKT000594,2025-09-21,Социальные сети,Ретаргетинг,Повторный,Мобильное устройство,6.27,0,0,0.0
MKT000239,2025-06-06,Email,Новый продукт,Повторный,Компьютер,3.46,0,0,0.0
MKT002908,2025-11-29,Email,Имиджевая кампания,Повторный,Мобильное устройство,2.18,0,0,0.0
MKT006871,2025-10-11,Поисковая реклама,Программа лояльности,Новый,Мобильное устройство,15.35,0,0,0.0
MKT000554,2025-02-08,Медийная реклама,Имиджевая кампания,Новый,Компьютер,5.63,0,0,0.0
MKT007421,2025-07-11,Поисковая реклама,Программа лояльности,Повторный,Мобильное устройство,26.39,0,0,0.0
MKT009845,2025-01-22,Поисковая реклама,Программа лояльности,Повторный,Компьютер,21.51,0,0,0.0
MKT000935,2025-11-13,Социальные сети,Сезонная акция,Лояльный,Мобильное устройство,10.67,0,0,0.0
MKT004664,2025-10-06,Социальные сети,Имиджевая кампания,Лояльный,Мобильное устройство,11.89,0,0,0.0
MKT005649,2025-05-24,Социальные сети,Новый продукт,Новый,Планшет,12.2,0,0,0.0
MKT008372,2025-03-28,Социальные сети,Сезонная акция,Повторный,Мобильное устройство,13.1,0,0,0.0
MKT004385,2025-10-24,Email,Сезонная акция,Повторный,Компьютер,3.23,0,0,0.0
MKT000565,2025-09-20,Социальные сети,Программа лояльности,Повторный,Мобильное устройство,7.43,0,0,0.0
MKT003750,2025-06-13,Push,Имиджевая кампания,Лояльный,Компьютер,2.04,0,0,0.0
MKT009825,2025-05-21,Медийная реклама,Сезонная акция,Повторный,Мобильное устройство,6.66,0,0,0.0
MKT002125,2025-05-02,Email,Имиджевая кампания,Новый,Мобильное устройство,1.94,0,0,0.0
MKT005954,2025-01-14,Медийная реклама,Ретаргетинг,Новый,Компьютер,3.52,0,0,0.0
MKT003692,2025-10-02,Поисковая реклама,Имиджевая кампания,Новый,Компьютер,18.83,0,0,0.0
MKT005331,2025-10-11,Медийная реклама,Сезонная акция,Новый,Мобильное устройство,3.68,0,0,0.0
MKT004185,2025-09-02,Поисковая реклама,Программа лояльности,Новый,Компьютер,24.57,0,0,0.0
MKT001653,2025-06-26,Email,Новый продукт,Повторный,Мобильное устройство,3.98,1,0,0.0
MKT008066,2025-12-13,Медийная реклама,Ретаргетинг,Повторный,Мобильное устройство,6.26,0,0,0.0
MKT009250,2025-06-15,Поисковая реклама,Новый продукт,Лояльный,Мобильное устройство,25.01,0,0,0.0
MKT001358,2025-02-23,Поисковая реклама,Имиджевая кампания,Лояльный,Мобильное устройство,23.51,0,0,0.0
MKT002311,2025-01-15,Поисковая реклама,Имиджевая кампания,Повторный,Компьютер,,0,0,0.0
MKT003159,2025-07-08,Email,Программа лояльности,Лояльный,Мобильное устройство,1.63,0,0,0.0
MKT006376,2025-05-25,Email,Сезонная акция,Новый,Мобильное устройство,1.87,0,0,0.0
MKT008968,2025-02-15,Поисковая реклама,Новый продукт,Повторный,Планшет,18.7,0,0,0.0
MKT000422,2025-12-16,Социальные сети,Новый продукт,Лояльный,Компьютер,13.31,0,0,0.0
MKT005922,2025-08-29,Push,Новый продукт,Новый,Мобильное устройство,2.39,0,0,0.0
MKT007711,2025-04-20,Email,Имиджевая кампания,Новый,Мобильное устройство,2.28,0,0,0.0
MKT008432,2025-04-20,Медийная реклама,Программа лояльности,Новый,Мобильное устройство,4.72,0,0,0.0
MKT002937,2025-03-29,Социальные сети,Ретаргетинг,Повторный,Компьютер,9.88,0,0,0.0
MKT002993,2025-05-11,Email,Имиджевая кампания,Повторный,Мобильное устройство,1.81,0,0,0.0
MKT007516,2025-11-18,Email,Сезонная акция,Новый,Мобильное устройство,2.65,0,0,0.0
MKT003085,2025-03-03,Медийная реклама,Ретаргетинг,Новый,Компьютер,6.5,0,0,0.0
MKT003411,2025-04-21,Email,Сезонная акция,Повторный,Мобильное устройство,2.5,1,1,4551.1
MKT005565,2025-05-17,Поисковая реклама,Новый продукт,Новый,Мобильное устройство,16.67,0,0,0.0
MKT004053,2025-01-28,Социальные сети,Ретаргетинг,Новый,Компьютер,7.54,0,0,0.0
MKT000729,2025-01-09,Поисковая реклама,Имиджевая кампания,Новый,Мобильное устройство,23.3,0,0,0.0
MKT004340,2025-08-28,Социальные сети,Ретаргетинг,Новый,Мобильное устройство,10.17,1,0,0.0
MKT008257,2025-04-08,Медийная реклама,Новый продукт,Новый,Мобильное устройство,,0,0,0.0
MKT003729,2025-01-28,Социальные сети,Новый продукт,Новый,мобильное ,7.27,0,0,0.0
MKT008540,2025-02-13,Email,Сезонная акция,Лояльный,Компьютер,1.98,0,0,0.0
MKT004685,2025-11-25,Push,Сезонная акция,Лояльный,Мобильное устройство,1.68,0,0,0.0
MKT004604,2025-05-15,Email,Ретаргетинг,Новый,Мобильное устройство,1.49,0,0,0.0
MKT005890,2025-03-07,Email,Сезонная акция,Лояльный,Мобильное устройство,4.36,0,0,0.0
MKT007219,2025-09-26,Поисковая реклама,Имиджевая кампания,Новый,Мобильное устройство,17.94,0,0,0.0
MKT005770,2025-10-18,Социальные сети,Новый продукт,Повторный,Планшет,10.82,0,0,0.0
MKT008075,2025-08-07,Социальные сети,Новый продукт,Повторный,Мобильное устройство,11.96,0,0,0.0
MKT002365,2025-09-25,Медийная реклама,Имиджевая кампания,Новый,Мобильное устройство,4.78,0,0,0.0
MKT006864,2025-07-24,Социальные сети,Имиджевая кампания,Новый,Компьютер,11.65,0,0,0.0
MKT005559,2025-03-14,Медийная реклама,Сезонная акция,Лояльный,Мобильное устройство,4.44,0,0,0.0
MKT003392,2025-06-05,Социальные сети,Новый продукт,Лояльный,Мобильное устройство,11.3,0,0,0.0
MKT004531,2025-07-03,Push,Новый продукт,Новый,Компьютер,1.42,0,0,0.0
MKT001188,2025-01-20,Социальные сети,Программа лояльности,Лояльный,Мобильное устройство,6.28,0,0,0.0
MKT007801,2025-12-07,Поисковая реклама,Сезонная акция,Новый,Мобильное устройство,37.21,0,0,0.0
MKT006165,2025-08-19,Email,Имиджевая кампания,Лояльный,Компьютер,3.01,1,1,2980.92
MKT003015,2025-12-02,Email,Имиджевая кампания,Новый,Мобильное устройство,4.24,0,0,0.0
MKT008879,2025-11-23,Email,Ретаргетинг,Лояльный,Компьютер,2.28,0,0,0.0
MKT002863,2025-01-22,Email,Сезонная акция,Лояльный,Компьютер,3.22,0,0,0.0
MKT005212,2025-02-17,Медийная реклама,Имиджевая кампания,Лояльный,Мобильное устройство,6.47,0,0,0.0
MKT002190,2025-07-28,Email,Имиджевая кампания,Повторный,Компьютер,2.12,0,0,0.0
MKT000879,2025-11-07,Email,Ретаргетинг,Повторный,Компьютер,2.51,0,0,0.0
MKT006230,2025-12-06,Медийная реклама,Сезонная акция,Повторный,Мобильное устройство,5.95,0,0,0.0
MKT001853,2025-12-09,Поисковая реклама,Ретаргетинг,Повторный,Мобильное устройство,20.99,0,0,0.0
MKT002447,2025-08-18,Медийная реклама,Имиджевая кампания,Лояльный,Компьютер,9.21,0,0,0.0
MKT006787,2025-09-29,Поисковая реклама,Имиджевая кампания,Новый,Мобильное устройство,13.59,0,0,0.0
MKT003787,2025-08-07,Email,Новый продукт,Новый,Мобильное устройство,1.73,0,0,0.0
MKT007744,2025-05-04,Медийная реклама,Сезонная акция,Новый,Мобильное устройство,10.5,0,0,0.0
MKT003436,2025-06-19,Медийная реклама,Ретаргетинг,Новый,Мобильное устройство,6.75,0,0,0.0
MKT004226,2025-08-02,Медийная реклама,Имиджевая кампания,Новый,Компьютер,7.53,0,0,
MKT005801,2025-11-13,Push,Новый продукт,Лояльный,Компьютер,2.81,0,0,0.0
MKT005581,2025-06-06,Email,Ретаргетинг,Повторный,Мобильное устройство,1.79,0,0,0.0
MKT007308,2025-11-19,Медийная реклама,Имиджевая кампания,Повторный,Компьютер,9.19,0,0,0.0
MKT005630,2025-10-26,Push,Ретаргетинг,Новый,Мобильное устройство,1.54,0,0,0.0
MKT001163,2025-08-28,Поисковая реклама,Ретаргетинг,Новый,Мобильное устройство,11.94,0,0,0.0
MKT006472,2025-05-28,Поисковая реклама,Программа лояльности,Новый,Мобильное устройство,15.27,0,0,0.0
MKT006145,2025-04-22,Социальные сети,Имиджевая кампания,Новый,Мобильное устройство,7.86,0,0,0.0
MKT000458,2025-02-25,Поисковая реклама,Сезонная акция,Лояльный,Мобильное устройство,22.42,1,0,0.0
MKT009686,2025-03-23,Push,Имиджевая кампания,Лояльный,Планшет,1.05,0,0,0.0
MKT000132,2025-03-06,Email,Ретаргетинг,Новый,Мобильное устройство,1.84,0,0,0.0
MKT001109,2025-12-09,Социальные сети,Сезонная акция,Повторный,Мобильное устройство,13.57,0,0,0.0
MKT002130,2025-01-21,Поисковая реклама,Ретаргетинг,Повторный,Мобильное устройство,18.49,0,0,0.0
MKT009131,2025-02-20,Социальные сети,Ретаргетинг,Повторный,Мобильное устройство,7.31,1,0,0.0
MKT002720,2025-11-07,Социальные сети,Новый продукт,Повторный,Мобильное устройство,9.08,0,0,0.0
MKT006190,2025-02-15,Социальные сети,Сезонная акция,Повторный,Компьютер,12.49,0,0,0.0
MKT000984,2025-11-06,Социальные сети,Новый продукт,Повторный,Мобильное устройство,7.93,0,0,0.0
MKT004516,2025-02-10,Медийная реклама,Ретаргетинг,Новый,Мобильное устройство,4.86,0,0,0.0
MKT009722,2025-07-16,Социальные сети,Ретаргетинг,Повторный,Компьютер,8.43,0,0,0.0
MKT009242,2025-05-26,Медийная реклама,Ретаргетинг,Новый,Мобильное устройство,5.82,0,0,0.0
MKT006606,2025-07-02,Социальные сети,Имиджевая кампания,Новый,Компьютер,10.47,0,0,0.0
MKT003337,2025-01-27,Медийная реклама,Сезонная акция,Лояльный,Мобильное устройство,,0,0,0.0
MKT007120,2025-11-19,Медийная реклама,Программа лояльности,Новый,Компьютер,5.53,0,0,0.0
MKT001247,2025-09-27,Поисковая реклама,Программа лояльности,Лояльный,Компьютер,11.45,0,0,0.0
MKT001048,2025-10-04,Медийная реклама,Имиджевая кампания,Лояльный,Мобильное устройство,7.55,0,0,0.0
MKT001722,2025-03-28,Поисковая реклама,Имиджевая кампания,Повторный,Мобильное устройство,20.22,1,0,0.0
MKT009665,2025-05-30,Медийная реклама,Новый продукт,Лояльный,Мобильное устройство,6.07,0,0,0.0
MKT003605,2025-06-06,Социальные сети,Программа лояльности,Лояльный,Мобильное устройство,8.21,0,0,0.0
MKT009548,2025-08-17,Push,Программа лояльности,Повторный,Компьютер,1.16,0,0,0.0
MKT006492,2025-11-30,Email,Сезонная акция,Лояльный,Компьютер,2.25,0,0,0.0
MKT008936,2025-04-14,Медийная реклама,Ретаргетинг,Повторный,Компьютер,5.31,0,0,0.0
MKT000051,2025-08-31,Социальные сети,Новый продукт,Новый,Мобильное устройство,11.97,0,0,0.0
MKT008456,2025-05-31,Email,Программа лояльности,Новый,Компьютер,1.95,0,0,0.0
MKT005735,2025-03-29,Медийная реклама,Ретаргетинг,Повторный,Мобильное устройство,7.72,0,0,0.0
MKT001101,2025-07-26,Медийная реклама,Новый продукт,Новый,Компьютер,8.08,0,0,0.0
MKT007133,2025-08-07,Медийная реклама,Новый продукт,Лояльный,Компьютер,6.89,0,0,0.0
MKT001027,2025-11-09,Медийная реклама,Имиджевая кампания, лояльный,Мобильное устройство,9.37,0,0,0.0
MKT008512,2025-03-07,Push,Ретаргетинг,Лояльный,Мобильное устройство,1.81,0,0,0.0
MKT008099,2025-10-25,Email,Имиджевая кампания,Новый,Компьютер,1.4,0,0,0.0
MKT002385,2025-02-27,Социальные сети,Ретаргетинг,Повторный,Мобильное устройство,7.46,0,0,0.0
MKT005884,2025-10-31,Поисковая реклама,Программа лояльности,Лояльный,Компьютер,15.66,0,0,0.0
MKT005404,2025-02-16,Email,Сезонная акция,Повторный,Мобильное устройство,2.98,0,0,0.0
MKT001738,2025-04-13,Поисковая реклама,Ретаргетинг,Новый,Мобильное устройство,17.91,0,0,0.0
MKT008440,2025-10-29,Социальные сети,Программа лояльности,Лояльный,Мобильное устройство,8.03,0,0,0.0
MKT003485,2025-02-03,Поисковая реклама,Ретаргетинг,Лояльный,Мобильное устройство,29.0,0,0,0.0
MKT002642,2025-11-09,Социальные сети,Ретаргетинг,Новый,Компьютер,11.72,0,0,0.0
MKT006925,2025-07-04,Медийная реклама,Ретаргетинг,Повторный,Компьютер,5.08,0,0,0.0
MKT003937,2025-12-10,Поисковая реклама,Сезонная акция,Новый,Мобильное устройство,16.28,1,0,0.0
MKT003994,2025-08-18,Поисковая реклама,Имиджевая кампания,Новый,Планшет,16.27,0,0,0.0
MKT001818,2025-10-30,Push,Ретаргетинг,Новый,Компьютер,1.37,1,0,0.0
MKT007677,2025-09-06,Социальные сети,Программа лояльности,Повторный,Мобильное устройство,9.84,0,0,0.0
MKT007952,2025-06-12,Email,Ретаргетинг,Повторный,Мобильное устройство,2.95,1,0,0.0
MKT005292,2025-11-12,Email,Имиджевая кампания,Новый,Мобильное устройство,-5.0,0,0,0.0
MKT008979,2025-05-13,Медийная реклама,Ретаргетинг,Повторный,Компьютер,7.94,0,0,0.0
MKT000233,2025-08-18,Социальные сети,Новый продукт,Новый,Компьютер,10.86,0,0,0.0
MKT001056,2025-10-28,Поисковая реклама,Программа лояльности,Новый,Мобильное устройство,21.94,0,0,0.0
MKT007725,2025-03-11,Поисковая реклама,Сезонная акция,Повторный,Компьютер,28.43,0,0,0.0
MKT007659,2025-03-23,Email,Сезонная акция,Новый,Мобильное устройство,2.59,0,0,0.0
MKT001069,2025-04-04,Социальные сети,Ретаргетинг,Новый,Мобильное устройство,14.25,0,0,0.0
MKT007875,2025-11-15,Email,Ретаргетинг,Новый,Компьютер,1.41,1,0,0.0
MKT004611,2025-12-22,Медийная реклама,Ретаргетинг,Повторный,Планшет,6.05,0,0,0.0
MKT001281,2025-08-23,Email,Сезонная акция,Новый,Мобильное устройство,2.58,0,0,0.0
MKT004897,2025-11-30,Email,Программа лояльности,Новый,Мобильное устройство,2.69,0,0,0.0
MKT000009,2025-06-09,Email,Программа лояльности,Новый,Мобильное устройство,1.46,0,0,0.0
MKT008708,25.04.2025,Push,Сезонная акция,Новый,Компьютер,1.18,0,0,0.0
MKT005755,2025-08-19,Поисковая реклама,Ретаргетинг,Лояльный,Компьютер,14.87,0,0,0.0
MKT001915,2025-10-21,Email,Новый продукт,Лояльный,Мобильное устройство,2.37,0,0,0.0
MKT008672,2025-10-13,Email,Имиджевая кампания,Повторный,Компьютер,2.65,0,0,0.0
MKT009836,2025-07-13,Медийная реклама,Новый продукт,Лояльный,Компьютер,6.46,0,0,0.0
MKT001450,2025-07-21,Медийная реклама,Имиджевая кампания,Повторный,Мобильное устройство,5.72,0,0,0.0
MKT001217,2025-11-06,Push,Имиджевая кампания,Повторный,Мобильное устройство,2.02,0,0,0.0
MKT001469,2025-12-28,Социальные сети,Программа лояльности,Повторный,Компьютер,6.61,0,0,0.0
MKT000596,2025-12-23,Социальные сети,Имиджевая кампания,Повторный,Мобильное устройство,,0,0,0.0
MKT000917,2025-05-20,Социальные сети,Программа лояльности,Повторный,Мобильное устройство,10.2,0,0,0.0
MKT006501,2025-05-17,Email,Сезонная акция,Повторный,Компьютер,2.04,0,0,0.0
MKT003816,2025-09-07,Email,Сезонная акция,Новый,Планшет,2.93,0,0,0.0
MKT006450,2025-07-15,Push,Ретаргетинг,Повторный,Компьютер,1.45,0,0,0.0
MKT004543,2025-07-15,Социальные сети,Имиджевая кампания,Повторный,Мобильное устройство,9.71,0,0,0.0
MKT003532,2025-03-16,Поисковая реклама,Сезонная акция,Новый,Мобильное устройство,19.42,0,0,0.0
MKT001098,2025-12-21,Поисковая реклама,Программа лояльности,Повторный,Мобильное устройство,9.28,1,0,0.0
MKT008560,2025-11-13,Поисковая реклама,Сезонная акция,Новый,Мобильное устройство,19.87,0,0,0.0
MKT001328,2025-07-24,Push,Сезонная акция,Повторный,Компьютер,1.64,0,0,0.0
MKT009828,2025-10-03,Социальные сети,Имиджевая кампания,Новый,Мобильное устройство,6.87,0,0,0.0
MKT002883,2025-02-18,Email,Ретаргетинг,Новый,Мобильное устройство,,0,0,0.0
MKT001070,2025-03-11,Социальные сети,Имиджевая кампания,Повторный,Планшет,10.85,0,0,0.0
MKT006677,2025-04-23,Социальные сети,Новый продукт,Повторный,Компьютер,6.42,0,0,0.0
MKT008722,2025-10-15,Поисковая реклама,Программа лояльности,Новый,Компьютер,15.36,0,0,0.0
MKT008737,2025-12-30,Социальные сети,Ретаргетинг,Повторный,Мобильное устройство,8.36,1,0,
MKT004579,2025-08-27,Push,Новый продукт,Лояльный,Мобильное устройство,1.96,0,0,0.0
MKT004467,2025-07-17,Push,Новый продукт,Повторный,Компьютер,1.47,1,0,0.0
MKT006495,2025-09-30,Email,Сезонная акция,Новый,Мобильное устройство,2.75,1,0,0.0
MKT002734,2025-08-01,Медийная реклама,Сезонная акция,Повторный,Мобильное устройство,8.52,0,0,0.0
MKT006087,2025-05-08,Email,Новый продукт,Лояльный,Мобильное устройство,2.75,0,0,0.0
MKT005186,2025-09-03,Email,Ретаргетинг,Новый,Мобильное устройство,2.01,0,0,0.0
MKT009521,2025-10-02,Email,Новый продукт,Лояльный,Мобильное устройство,2.99,0,0,0.0
MKT000659,2025-07-09,Push,Имиджевая кампания,Повторный,Мобильное устройство,1.74,0,0,0.0
MKT002470,2025-07-17,Социальные сети,Новый продукт,Повторный,Мобильное устройство,9.32,1,0,0.0
MKT003530,2025-05-22,Поисковая реклама,Программа лояльности,Повторный,Компьютер,14.85,1,0,0.0
MKT009578,2025-01-07,Email,Новый продукт,Лояльный,Мобильное устройство,2.49,0,0,0.0
MKT003508,2025-10-03,Медийная реклама,Ретаргетинг,Лояльный,Мобильное устройство,8.98,0,0,0.0
MKT005214,2025-11-18,Email,Сезонная акция,Новый,Мобильное устройство,1.44,0,1,0.0
MKT005981,2025-06-12,Поисковая реклама,Сезонная акция,Новый,Мобильное устройство,20.98,0,0,0.0
MKT004257,2025-09-22,Социальные сети,Сезонная акция,Повторный,Мобильное устройство,11.76,0,0,0.0
MKT007918,2025-05-23,Email,Ретаргетинг,Новый,Мобильное устройство,2.22,0,0,0.0
MKT004169,2025-03-13,Email,Ретаргетинг,Повторный,Мобильное устройство,2.19,0,0,0.0
MKT002922,2025-12-25,Социальные сети,Сезонная акция,Повторный,Мобильное устройство,12.41,0,0,0.0
MKT003387,2025-10-31,Email,Имиджевая кампания,Новый,Компьютер,1.61,0,0,0.0
MKT000620,2025-06-22,Медийная реклама,Программа лояльности,Повторный,Мобильное устройство,6.58,0,0,0.0
MKT005553,2025-08-09,Социальные сети,Ретаргетинг,Новый,Мобильное устройство,10.0,0,0,0.0
MKT008259,2025-04-16,Социальные сети,Сезонная акция,Лояльный,Мобильное устройство,8.5,1,0,0.0
MKT008679,2025-09-26,Медийная реклама,Программа лояльности,Лояльный,Мобильное устройство,5.14,0,0,0.0
MKT002975,2025-10-31,Социальные сети,Программа лояльности,Повторный,Мобильное устройство,6.98,0,0,0.0
MKT008619,2025-04-10,Медийная реклама,Имиджевая кампания,Новый,Компьютер,5.87,1,0,0.0
MKT007359,2025-06-07,Социальные сети,Новый продукт,Повторный,Компьютер,10.03,0,0,0.0
MKT003273,2025-10-10,Push,Ретаргетинг,Повторный,Компьютер,1.34,0,0,0.0
MKT002611,2025-05-09,Email,Программа лояльности,Новый,Мобильное устройство,2.32,0,0,0.0
MKT003962,2025-08-23,Поисковая реклама,Имиджевая кампания,Лояльный,Мобильное устройство,24.85,0,0,0.0
MKT003809,2025-07-02,Push,Программа лояльности,Новый,Мобильное устройство,1.2,0,0,0.0
MKT005733,2025-04-14,Email,Программа лояльности,Повторный,Мобильное устройство,2.08,1,1,4866.71
MKT009611,2025-09-28,Медийная реклама,Программа лояльности,Повторный,Мобильное устройство,6.5,0,0,0.0
MKT000529,2025-01-13,Push,Новый продукт,Повторный,Компьютер,1.13,0,0,0.0
MKT006156,2025-11-22,Медийная реклама,Имиджевая кампания,Повторный,Мобильное устройство,8.18,0,0,0.0
MKT004693,2025-10-31,Email,Имиджевая кампания,Повторный,Мобильное устройство,2.22,0,0,0.0
MKT007113,2025-09-06,Push,Программа лояльности,Новый,Мобильное устройство,1.11,0,0,0.0
MKT004655,2025-01-23,Email,Программа лояльности,Новый,Планшет,2.21,0,0,0.0
MKT009464,2025-02-13,Push,Программа лояльности,Повторный,Мобильное устройство,1.51,0,0,0.0
MKT001180,2025-08-23,Push,Имиджевая кампания,Новый,Мобильное устройство,1.74,0,0,0.0
MKT009146,2025-10-29,Социальные сети,Новый продукт,Повторный,Мобильное устройство,8.84,1,0,0.0
MKT005747,2025-10-01,Социальные сети,Сезонная акция,Новый,Мобильное устройство,8.87,0,0,0.0
MKT001652,2025-11-15,Социальные сети,Программа лояльности,Новый,Мобильное устройство,5.24,0,0,0.0
MKT006397,2025-09-01,Социальные сети,Ретаргетинг,Новый,Компьютер,6.73,0,0,0.0
MKT004892,2025-08-10,Медийная реклама,Программа лояльности,Новый,Мобильное устройство,4.3,0,0,0.0
MKT006530,2025-06-13,,Ретаргетинг,Лояльный,Компьютер,2.71,0,0,0.0
MKT009363,2025-07-03,Медийная реклама,Сезонная акция,Повторный,Компьютер,8.85,1,0,0.0
MKT001910,2025-03-10,Email,Новый продукт,Повторный,Компьютер,2.63,0,0,0.0
MKT004438,2025-06-16,Медийная реклама,Имиджевая кампания,Повторный,Мобильное устройство,7.03,0,0,0.0
MKT005544,2025-09-11,Медийная реклама,Программа лояльности,Повторный,Мобильное устройство,4.24,1,1,4100.98
MKT006830,2025-02-28,Медийная реклама,Программа лояльности,Новый,Мобильное устройство,4.77,0,0,0.0
MKT006451,2025-10-19,Поисковая реклама,Новый продукт,Новый,Мобильное устройство,18.03,0,0,0.0
MKT009863,2025-09-19,Медийная реклама,Сезонная акция,Новый,Мобильное устройство,5.85,0,0,0.0
MKT004797,2025-06-05,Push,Ретаргетинг,Повторный,Мобильное устройство,1.18,0,0,0.0
MKT003200,2025-07-12,Поисковая реклама,Имиджевая кампания,Лояльный,Компьютер,17.55,0,0,0.0
MKT007493,2025-09-26,Email,Новый продукт,Лояльный,Компьютер,1.92,0,0,0.0
MKT008755,2025-11-27,Медийная реклама,Имиджевая кампания,Новый,Планшет,5.44,0,0,0.0
MKT000883,2025-04-17,Поисковая реклама,Сезонная акция,Повторный,Компьютер,29.12,0,0,0.0
MKT008330,2025-11-19,Поисковая реклама,Ретаргетинг,Повторный,Мобильное устройство,17.44,0,0,0.0
MKT004902,2025-01-28,Push,Новый продукт,Новый,Компьютер,1.84,0,0,0.0
MKT008589,2025-05-09,Поисковая реклама,Сезонная акция,Повторный,Компьютер,20.34,0,0,0.0
MKT003582,2025-02-21,,Новый продукт,Новый,Мобильное устройство,8.13,0,0,0.0
MKT006781,2025-01-10,Email,Программа лояльности,Лояльный,Мобильное устройство,2.25,0,0,0.0
MKT005986,2025-01-12,Социальные сети,Новый продукт,Новый,Компьютер,8.02,0,0,0.0
MKT007560,2025-09-12,Медийная реклама,Имиджевая кампания,Повторный,Компьютер,7.23,0,0,0.0
MKT004708,2025-05-20,соцсети,Программа лояльности,Повторный,Планшет,9.83,0,0,0.0
MKT002534,2025-02-13,,Новый продукт,Новый,Мобильное устройство,1.65,0,0,0.0
MKT003977,2025-01-16,Медийная реклама,Сезонная акция,Новый,Мобильное устройство,9.22,0,0,0.0
MKT005582,2025-11-12,Email,Имиджевая кампания,Новый,Мобильное устройство,2.43,0,0,0.0
MKT008126,2025-01-08,Социальные сети,Новый продукт,Новый,Компьютер,11.28,1,0,0.0
MKT004447,2025-06-27,Email,Имиджевая кампания,Повторный,Мобильное устройство,1.76,0,0,0.0
MKT002068,2025-04-30,Push,Новый продукт,Повторный,Мобильное устройство,1.98,0,0,0.0
MKT002911,2025-08-10,Push,Сезонная акция,Повторный,Мобильное устройство,1.0,0,0,0.0
MKT000556,2025-04-10,Поисковая реклама,Имиджевая кампания,Лояльный,Компьютер,32.56,0,0,0.0
MKT000788,2025-03-07,Поисковая реклама,Сезонная акция,Новый,Компьютер,22.92,0,0,0.0
MKT008039,2025-03-10,Поисковая реклама,Новый продукт,Повторный,Мобильное устройство,29.56,0,0,0.0
MKT007448,2025-03-02,Поисковая реклама,Имиджевая кампания,Лояльный,Мобильное устройство,16.81,1,1,5743.93
MKT005447,2025-04-01,Поисковая реклама,Имиджевая кампания,Лояльный,Компьютер,21.52,0,0,0.0
MKT003717,2025-11-20,Социальные сети,Сезонная акция,Новый,Мобильное устройство,8.48,0,0,0.0
MKT002712,2025-11-24,Email,Имиджевая кампания,Повторный,Мобильное устройство,2.29,0,0,0.0
MKT002885,2025-07-18,Медийная реклама,Ретаргетинг,Повторный,Мобильное устройство,5.0,0,0,0.0
MKT007430,2025-04-20,Медийная реклама,Имиджевая кампания,Лояльный,Мобильное устройство,6.08,0,0,0.0
MKT009783,2025-12-03,Push,Программа лояльности,Лояльный,Мобильное устройство,1.3,0,0,0.0
MKT002334,2025-07-06,Push,Новый продукт,Повторный,Планшет,1.65,0,0,0.0
MKT002211,2025-01-17,Поисковая реклама,Имиджевая кампания,Повторный,Мобильное устройство,23.07,0,0,0.0
MKT009731,2025-06-06,Email,Сезонная акция,Новый,Компьютер,2.41,0,0,0.0
MKT006317,2025-07-17,Медийная реклама,Программа лояльности,Новый,Мобильное устройство,4.39,0,0,0.0
MKT002828,2025-10-14,Социальные сети,Ретаргетинг,Лояльный,Компьютер,10.58,0,0,0.0
MKT002167,2025-06-13,Поисковая реклама,Имиджевая кампания,Новый,Мобильное устройство,19.31,0,0,0.0
MKT002964,2025-05-21,Email,Имиджевая кампания,Новый,Компьютер,1.8,0,0,0.0
MKT006398,2025-07-28,Поисковая реклама,Ретаргетинг,Лояльный,Мобильное устройство,14.38,0,0,0.0
MKT009681,2025-03-02,Медийная реклама,Новый продукт,Лояльный,Мобильное устройство,5.87,0,0,0.0
MKT008010,2025-09-16,Email,Программа лояльности,Повторный,Мобильное устройство,2.05,1,0,0.0
MKT005862,2025-05-30,push ,Сезонная акция,Новый,Мобильное устройство,2.05,0,0,0.0
MKT003130,2025-09-25,Социальные сети,Программа лояльности,Новый,Мобильное устройство,7.31,0,0,0.0
MKT008341,2025-02-14,Медийная реклама,Ретаргетинг,Новый,Планшет,4.56,0,0,0.0
MKT006019,2025-12-30,Поисковая реклама,Новый продукт,Повторный,Компьютер,25.62,0,0,0.0
MKT008971,2025-02-19,Email,Имиджевая кампания,Повторный,Мобильное устройство,1.78,1,0,0.0
MKT005391,2025-03-27,Push,Новый продукт,Повторный,Мобильное устройство,1.9,0,0,
MKT008393,2025-10-25,Push,Сезонная акция,Повторный,Мобильное устройство,2.17,0,0,7876.0
MKT002376,2025-05-01,Email,Новый продукт,Новый,Мобильное устройство,2.23,0,0,0.0
MKT004365,2025-05-05,Поисковая реклама,Ретаргетинг,Повторный,Мобильное устройство,16.52,0,0,0.0
MKT009595,2025-07-31,Push,Сезонная акция,Новый,Мобильное устройство,1.38,0,0,0.0
MKT006735,2025-07-25,Медийная реклама,Программа лояльности,Новый,Мобильное устройство,4.88,0,0,0.0
MKT004176,2025-05-23,Социальные сети,Программа лояльности,Новый,Мобильное устройство,9.92,0,0,0.0
MKT008067,2025-07-01,Социальные сети,Программа лояльности,Новый,Компьютер,6.86,0,0,0.0
MKT001742,2025-01-06,Email,Новый продукт,Повторный,Мобильное устройство,1.93,0,0,0.0
MKT007720,2025-02-17,Социальные сети,Имиджевая кампания,Новый,Мобильное устройство,9.66,0,0,0.0
MKT003697,2025-12-15,Социальные сети,Сезонная акция,Повторный,Компьютер,7.35,0,0,0.0
MKT003031,2025-11-20,Социальные сети,Программа лояльности,Новый,Компьютер,5.12,0,0,0.0
MKT000952,2025-09-29,Поисковая реклама,Имиджевая кампания,Новый,Мобильное устройство,15.39,0,0,0.0
MKT005928,2025-06-13,Медийная реклама,Ретаргетинг,Повторный,Планшет,5.13,0,0,0.0
MKT003175,2025-09-21,Email,Имиджевая кампания,Повторный,Мобильное устройство,2.35,0,0,0.0
MKT006403,2025-11-30,Медийная реклама,Ретаргетинг,Повторный,Мобильное устройство,6.3,0,0,0.0
MKT005191,2025-05-18,Email,Имиджевая кампания,Лояльный,Компьютер,2.27,0,0,0.0
MKT007097,2025-12-12,Медийная реклама,Сезонная акция,Новый,Мобильное устройство,8.88,0,0,0.0
MKT004183,2025-06-28,Социальные сети,Новый продукт,Повторный,Планшет,8.87,0,0,0.0
MKT005810,2025-11-24,Email,Новый продукт,Повторный,Мобильное устройство,3.29,0,0,0.0
MKT000120,2025-09-22,Поисковая реклама,Имиджевая кампания,Новый,Компьютер,14.7,0,0,0.0
MKT000724,2025-10-03,Социальные сети,Ретаргетинг,Повторный,Компьютер,7.96,1,0,0.0
MKT008194,2025-09-08,Поисковая реклама,Новый продукт,Повторный,Мобильное устройство,16.26,0,0,0.0
MKT006264,2025-08-19,Email,Сезонная акция,Повторный,Мобильное устройство,2.44,0,0,0.0
MKT003707,2025-05-24,Медийная реклама,Новый продукт,Повторный,Компьютер,7.15,0,0,0.0
MKT005371,2025-07-01,Email,Сезонная акция,Новый,Мобильное устройство,2.47,0,0,0.0
MKT000466,2025-12-20,Социальные сети,Новый продукт,Повторный,Мобильное устройство,10.86,0,0,0.0
MKT006732,2025-04-06,Поисковая реклама,Сезонная акция,Новый,Компьютер,17.2,0,0,0.0
MKT009632,2025-10-27,Социальные сети,Программа лояльности,Новый,Мобильное устройство,10.21,0,0,0.0
MKT001981,2025-03-22,Социальные сети,Ретаргетинг,Новый,Мобильное устройство,7.72,0,0,0.0
MKT005651,2025-12-07,Социальные сети,Сезонная акция,Новый,Мобильное устройство,9.14,0,0,0.0
MKT008403,2025-04-24,Поисковая реклама,Программа лояльности,Новый,Компьютер,9.86,0,0,0.0
MKT003039,2025-09-19,Социальные сети,Программа лояльности,Повторный,Мобильное устройство,8.18,0,0,0.0
MKT006255,2025-01-29,Медийная реклама,Ретаргетинг,Новый,Компьютер,7.18,0,0,0.0
MKT004873,2025-06-06,Email,Сезонная акция,Лояльный,Компьютер,2.64,0,0,0.0
MKT009174,2025-11-17,Email,Имиджевая кампания,Повторный,Компьютер,2.74,0,0,0.0
MKT005272,2025-09-15,Email,Имиджевая кампания,Повторный,Мобильное устройство,1.7,0,0,0.0
MKT000268,2025-02-03,Медийная реклама,Программа лояльности,Лояльный,Компьютер,5.23,0,0,0.0
MKT000463,2025-07-01,Поисковая реклама,Новый продукт,Новый,Мобильное устройство,21.34,0,0,0.0
MKT009258,2025-05-03,Медийная реклама,Программа лояльности,Новый,Планшет,4.94,0,0,0.0
MKT003170,2025-08-04,Email,Программа лояльности,Новый,Мобильное устройство,1.63,0,0,0.0
MKT001516,2025-11-10,Медийная реклама,Новый продукт,Лояльный,Мобильное устройство,6.35,0,0,0.0
MKT002866,2025-12-25,Email,Сезонная акция,Новый,Мобильное устройство,1.79,0,0,0.0
MKT004751,2025-06-11,Поисковая реклама,Новый продукт,Повторный,Мобильное устройство,17.93,0,0,0.0
MKT009491,2025-01-14,Push,Ретаргетинг,Лояльный,Мобильное устройство,1.38,0,0,0.0
MKT004149,2025-09-12,Социальные сети,Новый продукт,Повторный,Мобильное устройство,10.92,0,0,0.0
MKT002196,2025-04-16,Email,программа лояльности,Новый,Компьютер,2.0,0,0,0.0
MKT005562,2025-01-28,Поисковая реклама,Программа лояльности,Повторный,Мобильное устройство,16.41,0,0,0.0
MKT008798,2025-08-27,Push,Новый продукт,Новый,Компьютер,2.21,0,0,0.0
MKT008243,2025-06-07,Email,Новый продукт,Новый,Компьютер,2.53,0,0,0.0
MKT005314,2025-12-09,Медийная реклама,Имиджевая кампания,Повторный,Мобильное устройство,8.42,1,0,0.0
MKT001091,2025-04-26,Поисковая реклама,Программа лояльности,Новый,Мобильное устройство,23.67,1,0,0.0
MKT005603,2025-07-17,Поисковая реклама,Ретаргетинг,Повторный,Мобильное устройство,18.23,0,0,0.0
MKT007565,2025-01-14,Социальные сети,Ретаргетинг,Новый,Мобильное устройство,10.17,1,0,0.0
MKT007027,2025-04-24,Поисковая реклама,Ретаргетинг,Повторный,Мобильное устройство,26.28,0,0,0.0
MKT007819,29.05.2025,Медийная реклама,Программа лояльности,Новый,Компьютер,6.2,0,0,0.0
MKT008451,2025-04-04,Медийная реклама,Новый продукт,Повторный,Мобильное устройство,5.46,0,0,0.0
MKT003240,2025-12-19,Социальные сети,Имиджевая кампания,Повторный,Мобильное устройство,13.11,0,0,0.0
MKT003095,2025-05-20,Социальные сети,Имиджевая кампания,Повторный,Мобильное устройство,10.69,1,0,0.0
MKT008653,2025-09-19,Email,Имиджевая кампания,Новый,Компьютер,2.6,0,0,0.0
MKT002039,2025-12-02,Поисковая реклама,Программа лояльности,Повторный,Компьютер,17.23,0,0,0.0
MKT003111,2025-01-30,Социальные сети,Новый продукт,Новый,Мобильное устройство,12.85,0,0,0.0
MKT009904,2025-05-15,Поисковая реклама,Новый продукт,Повторный,Мобильное устройство,30.35,0,0,0.0
MKT001654,2025-06-07,Email,Ретаргетинг,Повторный,Мобильное устройство,2.52,0,0,0.0
MKT000262,2025-05-02,Email,Ретаргетинг,Новый,Мобильное устройство,2.18,0,0,0.0
MKT008997,2025-04-06,Email,Имиджевая кампания,Новый,Мобильное устройство,4.1,0,0,0.0
MKT003752,2025-08-02,Поисковая реклама,Ретаргетинг,Новый,Мобильное устройство,13.48,0,0,0.0
MKT005759,2025-03-29,Социальные сети,Новый продукт,Лояльный,Мобильное устройство,6.86,1,0,0.0
MKT007868,2025-07-04,Email,Сезонная акция,Лояльный,Мобильное устройство,2.34,0,0,0.0
MKT002926,2025-02-15,Поисковая реклама,Сезонная акция,Новый,Мобильное устройство,31.69,0,0,0.0
MKT004121,2025-02-09,Медийная реклама,Имиджевая кампания,Новый,Мобильное устройство,8.22,0,0,0.0
MKT008827,2025-11-30,Медийная реклама,Сезонная акция,Новый,Мобильное устройство,8.81,0,0,0.0
MKT003980,2025-02-21,Социальные сети,Сезонная акция,Повторный,Мобильное устройство,10.69,0,0,0.0
MKT002812,2025-10-28,Социальные сети,Программа лояльности,Лояльный,Мобильное устройство,7.13,0,0,0.0
MKT007772,2025-05-07,Email,Новый продукт,Лояльный,Мобильное устройство,2.56,0,0,0.0
MKT003681,2025-08-22,Поисковая реклама,Новый продукт,Повторный,Компьютер,20.61,1,0,0.0
MKT005584,2025-12-20,Push,Имиджевая кампания,Повторный,Мобильное устройство,2.26,0,0,0.0
MKT001901,2025-12-05,Поисковая реклама,Программа лояльности,Лояльный,Мобильное устройство,13.29,0,0,0.0
MKT005075,2025-09-24,Социальные сети,Программа лояльности,Новый,Компьютер,5.86,0,0,0.0
MKT009662,2025-03-14,Медийная реклама,Программа лояльности,Новый,Мобильное устройство,4.39,0,0,0.0
MKT008117,2025-12-01,Поисковая реклама,Сезонная акция,Лояльный,Мобильное устройство,30.58,0,0,0.0
MKT006655,2025-11-22,Push,Сезонная акция,Повторный,Мобильное устройство,1.93,1,1,3931.97
MKT008376,2025-11-07,Email,Новый продукт,Повторный,Компьютер,2.56,0,0,0.0
MKT008625,2025-05-21,Поисковая реклама,Программа лояльности,Повторный,Мобильное устройство,17.32,0,0,0.0
MKT003270,2025-11-15,Поисковая реклама,Программа лояльности,Новый,Мобильное устройство,21.06,0,0,0.0
MKT006306,2025-11-17,Push,Новый продукт,ПОВТОРНЫЙ,Мобильное устройство,1.29,0,0,0.0
MKT008762,2025-12-10,Поисковая реклама,Программа лояльности,Лояльный,Мобильное устройство,9.25,1,1,5764.39
MKT004699,2025-12-04,ПОИСКОВАЯ РЕКЛАМА,Новый продукт,Новый,Мобильное устройство,23.8,0,0,0.0
MKT008738,2025-04-21,Поисковая реклама,Сезонная акция,Новый,Мобильное устройство,34.73,0,0,0.0
MKT009194,2025-12-31,Медийная реклама,Имиджевая кампания,Новый,Планшет,6.93,0,0,0.0
MKT007737,2025-05-08,Социальные сети,Программа лояльности,Повторный,Мобильное устройство,7.69,0,0,0.0
MKT006185,2025-09-22,Email,Новый продукт,Новый,Мобильное устройство,2.46,0,0,0.0
MKT005504,2025-03-19,Email,Ретаргетинг,Лояльный,Мобильное устройство,1.74,0,0,0.0
MKT003751,2025-03-02,Email,Сезонная акция,Повторный,Планшет,1.73,1,1,3167.05
MKT008385,2025-03-14,Поисковая реклама,Имиджевая кампания,Лояльный,Мобильное устройство,24.6,0,0,0.0
MKT003353,2025-10-28,Социальные сети,Сезонная акция,Повторный,Компьютер,10.57,0,0,0.0
MKT006364,2025-10-08,Социальные сети,Имиджевая кампания,Новый,Компьютер,9.76,0,0,0.0
MKT006168,2025-01-25,Социальные сети,Ретаргетинг,Лояльный,Мобильное устройство,11.14,0,0,0.0
MKT006012,2025-07-26,Медийная реклама,Программа лояльности,Лояльный,Мобильное устройство,5.13,1,0,0.0
MKT009173,2025-07-23,Медийная реклама,Имиджевая кампания,Повторный,Компьютер,6.68,0,0,0.0
MKT004675,2025-04-22,Социальные сети,Сезонная акция,Повторный,Мобильное устройство,7.63,0,0,0.0
MKT001148,2025-12-12,Email,Имиджевая кампания,Повторный,Мобильное устройство,1.59,0,0,0.0
MKT008182,2025-03-13,Поисковая реклама,Имиджевая кампания,Повторный,Мобильное устройство,23.01,0,0,0.0
MKT001688,2025-05-22,Медийная реклама,Сезонная акция,Лояльный,Мобильное устройство,5.01,0,0,0.0
MKT000845,2025-08-03,Социальные сети,Программа лояльности,Новый,Мобильное устройство,8.45,0,0,0.0
MKT004424,2025-03-11,Социальные сети,Программа лояльности,Повторный,Мобильное устройство,8.51,0,0,0.0
MKT006895,2025-07-24,Email,Сезонная акция,Новый,Мобильное устройство,2.59,0,0,0.0
MKT005486,2025-07-31,Поисковая реклама,Имиджевая кампания,Новый,Мобильное устройство,22.72,0,0,0.0
MKT003297,2025-02-11,Поисковая реклама,Новый продукт,Повторный,Планшет,25.18,0,0,0.0
MKT007643,2025-03-07,Социальные сети,Сезонная акция,Повторный,Компьютер,12.45,0,0,0.0
MKT006081,2025-06-29,Поисковая реклама,Программа лояльности,Новый,Компьютер,21.83,0,0,0.0
MKT007368,2025-11-21,Email,Ретаргетинг,Повторный,Компьютер,1.67,0,0,0.0
MKT002143,2025-10-17,Email,Имиджевая кампания,Новый,Мобильное устройство,2.7,0,0,0.0
MKT002065,2025-05-24,Поисковая реклама,Ретаргетинг,Лояльный,Мобильное устройство,13.92,1,0,0.0
MKT005648,2025-11-12,Push,Сезонная акция,Новый,Компьютер,2.13,1,0,0.0
MKT005632,2025-01-22,Поисковая реклама,Программа лояльности,Повторный,Компьютер,17.29,0,0,0.0
MKT002546,2025-06-03,Социальные сети,Новый продукт,Новый,Мобильное устройство,11.86,0,0,0.0
MKT000134,2025-11-29,Социальные сети,Имиджевая кампания,Лояльный,Мобильное устройство,8.98,0,0,0.0
MKT002894,2025-10-20,Медийная реклама,Ретаргетинг,Новый,Мобильное устройство,6.4,0,0,0.0
MKT000521,2025-04-21,Медийная реклама,Имиджевая кампания,Новый,Мобильное устройство,7.01,0,0,0.0
MKT001861,2025-10-19,Поисковая реклама,Сезонная акция,Новый,Компьютер,24.91,0,0,0.0
MKT001060,2025-09-21,Социальные сети,Программа лояльности,Повторный,Мобильное устройство,7.92,0,0,0.0
MKT006338,2025-04-09,Социальные сети,Новый продукт,Повторный,Мобильное устройство,12.61,0,0,0.0
MKT008057,2025-03-17,Социальные сети,Сезонная акция,Новый,Мобильное устройство,9.82,0,0,0.0
MKT001006,2025-06-17,Медийная реклама,Сезонная акция,Новый,Компьютер,4.79,0,0,0.0
MKT003731,2025-07-11,Поисковая реклама,Имиджевая кампания,Повторный,Компьютер,18.93,0,0,0.0
MKT003286,2025-12-04,Медийная реклама,Сезонная акция,Повторный,Компьютер,6.36,1,0,0.0
MKT001867,2025-12-13,Email,Сезонная акция,Новый,Компьютер,1.78,0,0,0.0
MKT006053,2025-10-24,Email,Программа лояльности,Повторный,Планшет,2.15,0,0,0.0
MKT003473,2025-01-09,Поисковая реклама,Сезонная акция,Повторный,Компьютер,19.92,0,0,0.0
MKT006017,2025-01-14,Поисковая реклама,Программа лояльности,Повторный,Мобильное устройство,16.66,0,0,0.0
MKT008364,2025-04-14,Email,Ретаргетинг,Новый,Мобильное устройство,2.4,1,0,0.0
MKT002210,2025-02-07,Поисковая реклама,Программа лояльности,Повторный,Мобильное устройство,17.59,0,0,0.0
MKT000911,2025-04-11,Email,Программа лояльности,Лояльный,Планшет,1.92,0,0,0.0
MKT009892,2025-10-29,Поисковая реклама,Программа лояльности,Повторный,Мобильное устройство,8.9,1,0,0.0
MKT004170,2025-06-27,Email,Сезонная акция,Новый,Компьютер,1.99,0,0,0.0
MKT005819,2025-06-21,Push,Новый продукт,Повторный,Компьютер,1.82,0,0,0.0
MKT002816,2025-04-05,Социальные сети,Новый продукт,Лояльный,Компьютер,7.37,0,0,0.0
MKT008923,2025-04-14,Push,Имиджевая кампания,Новый,Мобильное устройство,2.29,0,0,0.0
MKT001482,2025-04-03,Email,Сезонная акция,Повторный,Мобильное устройство,3.07,0,0,0.0
MKT002588,2025-02-10,Поисковая реклама,Новый продукт,Лояльный,Мобильное устройство,35.23,1,0,0.0
MKT004235,2025-10-31,Email,Имиджевая кампания,Новый,Мобильное устройство,1.66,0,0,0.0
MKT009382,2025-05-06,Поисковая реклама,Программа лояльности,Повторный,Мобильное устройство,16.39,1,0,0.0
MKT008161,2025-11-04,Push,Программа лояльности,Новый,Мобильное устройство,,0,0,0.0
MKT003632,2025-03-27,Социальные сети,Сезонная акция,Повторный,Планшет,14.15,0,0,0.0
MKT009300,2025-01-12,Поисковая реклама,Ретаргетинг,Лояльный,Компьютер,19.43,0,0,0.0
MKT006041,2025-06-23,Поисковая реклама,Программа лояльности,Лояльный,Мобильное устройство,15.03,0,0,0.0
MKT002345,2025-01-20,Email,Ретаргетинг,Новый,Мобильное устройство,2.28,0,0,0.0
MKT005657,2025-12-19,Поисковая реклама,Новый продукт,Лояльный,Планшет,22.25,1,1,5871.72
MKT007987,2025-04-16,Медийная реклама,Имиджевая кампания,Лояльный,Мобильное устройство,6.89,0,0,0.0
MKT002496,2025-03-28,Социальные сети,Новый продукт,Повторный,Компьютер,9.96,0,0,0.0
MKT008111,2025-09-05,Социальные сети,Ретаргетинг,Новый,Компьютер,10.06,0,0,0.0
MKT007055,2025-07-16,Email,Программа лояльности,Повторный,Мобильное устройство,1.67,0,0,0.0
MKT000509,2025-02-03,Поисковая реклама,программа лояльности,Новый,Мобильное устройство,18.84,0,0,0.0
MKT001827,2025-09-03,Медийная реклама,Сезонная акция,Лояльный,Компьютер,5.85,0,0,0.0
MKT005790,2025-05-16,Поисковая реклама,Сезонная акция,Новый,Планшет,26.62,1,0,0.0
MKT002700,2025-07-15,Медийная реклама,Программа лояльности,Лояльный,Планшет,5.77,0,0,0.0
MKT000107,2025-12-17,Поисковая реклама,Имиджевая кампания,Повторный,Мобильное устройство,18.37,0,0,0.0
MKT003041,2025-10-22,Социальные сети,Сезонная акция,Повторный,Компьютер,15.86,0,0,0.0
MKT007884,2025-06-13,Социальные сети,Новый продукт,Новый,Мобильное устройство,9.24,0,0,0.0
MKT003335,2025-10-14,Социальные сети,Новый продукт,Повторный,Мобильное устройство,7.95,0,0,0.0
MKT000013,2025-08-08,Email,Сезонная акция,Новый,Компьютер,2.39,1,1,2882.81
MKT004140,2025-01-04,Поисковая реклама,Программа лояльности,Повторный,Компьютер,16.25,0,0,0.0
MKT006461,2025-06-10,Push,Новый продукт,Повторный,Планшет,1.84,0,0,0.0
MKT005349,2025-05-05,Поисковая реклама,Имиджевая кампания,Новый,Компьютер,15.6,0,0,0.0
MKT008538,2025-09-05,Поисковая реклама,Сезонная акция,Новый,КОМПЬЮТЕР,21.95,0,0,0.0
MKT005439,2025-11-14,Социальные сети,Сезонная акция,Лояльный,Мобильное устройство,10.2,0,0,0.0
MKT002058,2025-07-14,Социальные сети,Новый продукт,Лояльный,Мобильное устройство,7.38,0,0,0.0
MKT002442,2025-11-14,Социальные сети,Сезонная акция,Лояльный,Мобильное устройство,13.6,0,0,0.0
MKT002809,2025-08-07,Email,Программа лояльности,Лояльный,Мобильное устройство,1.96,0,0,0.0
MKT007895,2025-12-03,Поисковая реклама,Ретаргетинг,Повторный,Мобильное устройство,10.35,0,0,0.0
MKT006167,2025-07-22,Медийная реклама,Сезонная акция,Повторный,Мобильное устройство,5.68,0,0,0.0
MKT004768,2025-03-15,Поисковая реклама,Сезонная акция,Повторный,Мобильное устройство,24.72,1,0,0.0
MKT009469,2025-01-03,Email,Сезонная акция,Новый,Мобильное устройство,2.12,0,0,0.0
MKT004746,2025-05-24,Поисковая реклама,Ретаргетинг,Повторный,Мобильное устройство,20.72,0,0,0.0
MKT003955,2025-08-21,Социальные сети,Ретаргетинг,Повторный,Компьютер,9.37,0,0,0.0
MKT005909,2025-07-28,Поисковая реклама,Новый продукт,Новый,Мобильное устройство,22.93,0,0,0.0
MKT001624,2025-12-09,Email,Новый продукт,Лояльный,КОМПЬЮТЕР,3.16,0,0,0.0
MKT007876,2025-05-31,Социальные сети,Ретаргетинг,Новый,Мобильное устройство,11.07,0,0,0.0
MKT004466,2025-03-14,Email,Сезонная акция,Повторный,Мобильное устройство,1.7,0,0,0.0
MKT007441,2025-01-26,Социальные сети,Программа лояльности,Новый,Компьютер,6.0,0,0,0.0
MKT008159,2025-07-03,Поисковая реклама,Сезонная акция,Лояльный,Мобильное устройство,20.46,0,0,0.0
MKT004843,2025-10-15,Социальные сети,Ретаргетинг,Новый,Компьютер,8.35,0,0,0.0
MKT004238,2025-10-11,Медийная реклама,Ретаргетинг,Повторный,Планшет,4.25,0,0,0.0
MKT006711,2025-04-30,Социальные сети,Сезонная акция,Новый,Мобильное устройство,10.27,0,0,0.0
MKT002606,2025-06-11,Социальные сети,Ретаргетинг,Лояльный,Компьютер,9.36,0,0,0.0
MKT004482,2025-01-01,Поисковая реклама,Имиджевая кампания,Новый,Мобильное устройство,21.93,0,0,0.0
MKT000174,2025-07-27,Поисковая реклама,Новый продукт,Лояльный,Планшет,20.08,0,0,0.0
MKT007276,2025-06-22,Медийная реклама,Сезонная акция,Повторный,Компьютер,8.73,0,0,0.0
MKT003415,2025-02-24,Поисковая реклама,Ретаргетинг,Повторный,Мобильное устройство,22.43,0,0,0.0
MKT002241,2025-05-15,Медийная реклама,Сезонная акция,Новый,Мобильное устройство,8.15,0,0,0.0
MKT008718,2025-12-17,Push,Ретаргетинг,Лояльный,Компьютер,1.79,0,0,0.0
MKT004567,2025-01-27,Медийная реклама,Новый продукт,Повторный,Мобильное устройство,7.9,0,0,0.0
MKT005841,2025-11-18,Поисковая реклама,Ретаргетинг,Новый,Компьютер,13.51,0,0,0.0
MKT003019,2025-08-19,Push,Сезонная акция,Лояльный,Мобильное устройство,1.56,0,0,0.0
MKT000725,2025-07-10,Социальные сети,Сезонная акция,Повторный,Мобильное устройство,,0,0,0.0
MKT000334,2025-10-16,Email,Ретаргетинг,Лояльный,Мобильное устройство,1.64,0,0,0.0
MKT003046,2025-03-04,Социальные сети,Программа лояльности,Новый,Компьютер,5.65,1,0,0.0
MKT002000,2025-01-27,Медийная реклама,Имиджевая кампания,Новый,Мобильное устройство,6.94,0,0,0.0
MKT001132,2025-01-31,Push,Сезонная акция,Новый,Мобильное устройство,2.42,0,0,0.0
MKT001676,2025-02-20,Email,Новый продукт,Новый,Мобильное устройство,2.66,0,0,0.0
MKT007857,2025-08-22,Социальные сети,Программа лояльности,Лояльный,Мобильное устройство,7.4,0,0,0.0
MKT004289,2025-11-15,Медийная реклама,Программа лояльности,Повторный,Мобильное устройство,6.17,0,0,0.0
MKT005273,2025-04-16,Поисковая реклама,Имиджевая кампания,Новый,Мобильное устройство,15.97,0,0,0.0
MKT002793,2025-08-10,Push,Программа лояльности,Новый,Мобильное устройство,1.11,0,0,0.0
MKT003362,2025-03-31,Социальные сети,Новый продукт,Повторный,Мобильное устройство,11.07,0,0,0.0
MKT006643,2025-03-08,Email,Ретаргетинг,Лояльный,Мобильное устройство,2.4,0,0,0.0
MKT006712,2025-03-13,Email,Программа лояльности,Новый,Компьютер,2.47,0,0,0.0
MKT003312,2025-10-18,Медийная реклама,Программа лояльности,Новый,Мобильное устройство,5.94,0,0,0.0
MKT005957,2025-12-08,Социальные сети,Сезонная акция,Новый,Компьютер,13.81,0,0,0.0
MKT008273,2025-10-21,Поисковая реклама,Имиджевая кампания,Повторный,Мобильное устройство,21.4,0,0,0.0
MKT005121,2025-10-24,Поисковая реклама,Программа лояльности,Повторный,Компьютер,20.05,0,0,0.0
MKT008189,2025-08-13,Email,Ретаргетинг,Повторный,Мобильное устройство,2.02,1,1,5672.52
MKT001438,2025-11-01,Push,Сезонная акция,Повторный,Компьютер,1.91,1,0,0.0
MKT009606,2025-08-11,Поисковая реклама,Имиджевая кампания,Новый,Компьютер,19.22,0,0,0.0
MKT001811,2025-10-10,Email,Сезонная акция,Повторный,Мобильное устройство,2.55,0,0,0.0
MKT005634,2025-06-23,Социальные сети,Имиджевая кампания,Новый,Мобильное устройство,14.59,1,0,0.0
MKT007542,2025-12-17,Email,Сезонная акция,Лояльный,Мобильное устройство,2.04,0,0,0.0
MKT000602,2025-04-29,Медийная реклама,Новый продукт,Новый,Мобильное устройство,6.83,0,0,0.0
MKT009263,2025-11-13,Социальные сети,Программа лояльности,Лояльный,Мобильное устройство,5.33,0,0,0.0
MKT006278,2025-10-31,Push,Новый продукт,Новый,Мобильное устройство,1.37,0,0,0.0
MKT005022,2025-10-27,Поисковая реклама,Сезонная акция,Повторный,Мобильное устройство,29.21,0,0,0.0
MKT007047,2025-06-26,Поисковая реклама,Сезонная акция,Повторный,Компьютер,21.8,0,0,0.0
MKT003990,2025-06-20,Социальные сети,Ретаргетинг,Новый,Планшет,11.65,0,0,0.0
MKT007274,2025-05-14,Push,Имиджевая кампания,новый ,Мобильное устройство,2.22,0,0,0.0
MKT008985,2025-08-02,Медийная реклама,Сезонная акция,Новый,Мобильное устройство,7.0,0,0,0.0
MKT006642,2025-06-22,Поисковая реклама,Программа лояльности,Новый,Компьютер,25.9,0,0,0.0
MKT008776,2025-05-17,Email,Новый продукт,Лояльный,Мобильное устройство,2.34,0,0,0.0
MKT009465,2025-09-27,Социальные сети,Сезонная акция,Новый,Компьютер,10.04,0,0,0.0
MKT002020,2025-06-17,Поисковая реклама,Имиджевая кампания,Лояльный,Компьютер,20.26,1,1,4423.86
MKT006333,2025-03-12,Медийная реклама,Программа лояльности,Повторный,КОМПЬЮТЕР,4.99,0,0,0.0
MKT007326,2025-11-19,Push,Ретаргетинг,Повторный,Компьютер,1.35,0,0,0.0
MKT007273,2025-02-17,Социальные сети,Программа лояльности,Новый,Компьютер,9.41,0,0,0.0
MKT003539,2025-06-07,Email,Имиджевая кампания,Новый,Компьютер,3.22,0,0,0.0
MKT006094,2025-08-08,Email,Сезонная акция,Лояльный,Мобильное устройство,2.03,1,0,0.0
MKT006150,2025-06-12,Email,Программа лояльности,Лояльный,Компьютер,1.65,0,0,0.0
MKT007076,2025-01-14,Push,Новый продукт,Повторный,Компьютер,1.58,0,0,0.0
MKT008669,2025-10-21,Push,Сезонная акция,Повторный,Мобильное устройство,1.51,0,0,0.0
MKT001506,2025-12-24,Push,Ретаргетинг,Повторный,Мобильное устройство,1.48,0,0,0.0
MKT008202,2025-04-27,Push,Ретаргетинг,Новый,Мобильное устройство,1.43,0,0,0.0
MKT009377,2025-08-21,Медийная реклама,Ретаргетинг,Новый,Мобильное устройство,7.82,0,0,0.0
MKT001195,2025-12-29,Поисковая реклама,Новый продукт,Повторный,Компьютер,25.28,0,0,0.0
MKT004351,2025-10-11,Социальные сети,Новый продукт,Повторный,Мобильное устройство,8.66,0,0,0.0
MKT005677,2025-01-07,Медийная реклама,Имиджевая кампания,Повторный,Компьютер,5.28,0,0,0.0
MKT008310,2025-06-12,Поисковая реклама,Программа лояльности,Повторный,Мобильное устройство,17.14,0,0,0.0
MKT003802,2025-10-16,Социальные сети,Ретаргетинг,Повторный,Компьютер,10.37,0,0,0.0
MKT001185,2025-01-18,Социальные сети,Сезонная акция,Повторный,Мобильное устройство,12.84,0,0,0.0
MKT000589,2025-06-25,Push,Сезонная акция,Повторный,Мобильное устройство,2.44,0,0,0.0
MKT007035,2025-05-31,Социальные сети,Новый продукт,Повторный,Компьютер,11.35,0,0,0.0
MKT008910,2025-07-30,Медийная реклама,Программа лояльности,Лояльный,Компьютер,4.37,0,0,0.0
MKT000235,2025-06-12,Социальные сети,Программа лояльности,Новый,Мобильное устройство,5.75,0,0,0.0
MKT003267,2025-06-18,Социальные сети,Имиджевая кампания,Новый,Компьютер,11.87,0,0,0.0
MKT003680,2025-01-03,Email,Сезонная акция,Повторный,Мобильное устройство,2.67,0,0,0.0
MKT006216,2025-07-23,Email,Новый продукт,Повторный,Мобильное устройство,2.22,0,0,0.0
MKT009178,2025-05-30,Push,Программа лояльности,Повторный,Мобильное устройство,1.42,0,0,0.0
MKT008317,24.08.2025,Email,Имиджевая кампания,Новый,Мобильное устройство,4.69,0,0,0.0
MKT000046,06.07.2025,Поисковая реклама,Имиджевая кампания,Повторный,Мобильное устройство,16.17,0,0,0.0
MKT003149,2025-09-23,Социальные сети,Ретаргетинг,Повторный,Мобильное устройство,7.79,1,0,0.0
MKT008489,2025-04-28,Социальные сети,Сезонная акция,Повторный,Мобильное устройство,14.72,0,0,0.0
MKT006740,2025-12-12,Push,Сезонная акция,Новый,мобильное ,1.2,0,0,0.0
MKT000938,2025-06-14,Push,Имиджевая кампания,Новый,Мобильное устройство,1.85,0,0,0.0
MKT008415,2025-11-20,Поисковая реклама,Новый продукт,Повторный,Мобильное устройство,26.55,0,0,0.0
MKT003300,2025-02-12,Медийная реклама,Новый продукт,Новый,Компьютер,4.71,0,0,0.0
MKT004306,2025-09-09,Email,Новый продукт,Повторный,Компьютер,1.88,0,0,0.0
MKT000941,2025-03-04,Поисковая реклама,Ретаргетинг,Повторный,Компьютер,21.29,0,0,0.0
MKT003201,2025-10-01,Социальные сети,Имиджевая кампания,Повторный,Компьютер,10.31,0,0,0.0
MKT002373,2025-08-30,Социальные сети,Имиджевая кампания,Повторный,Мобильное устройство,11.37,0,0,0.0
MKT003913,2025-06-19,Медийная реклама,Новый продукт,Новый,Мобильное устройство,7.44,0,0,0.0
MKT009824,2025-06-25,Социальные сети,Ретаргетинг,Повторный,Мобильное устройство,6.99,0,0,0.0
MKT008953,2025-06-20,Социальные сети,Программа лояльности,Повторный,Мобильное устройство,7.67,0,0,0.0
MKT004789,2025-12-04,Email,Ретаргетинг,Лояльный,Мобильное устройство,2.09,1,1,3975.35
MKT005626,2025-11-27,Поисковая реклама,Имиджевая кампания,Лояльный,Планшет,17.32,0,0,0.0
MKT006059,2025-11-13,Поисковая реклама,Программа лояльности,Лояльный,Мобильное устройство,14.91,0,0,0.0
MKT006728,2025-07-04,Push,Новый продукт,Новый,Мобильное устройство,1.94,0,0,0.0
MKT006391,2025-05-05,Поисковая реклама,Имиджевая кампания,Повторный,Компьютер,21.59,0,0,0.0
MKT001021,2025-01-02,Email,Программа лояльности,Повторный,Мобильное устройство,2.3,0,0,0.0
MKT001209,2025-05-07,Push,Сезонная акция,Новый,Мобильное устройство,1.73,0,0,0.0
MKT004389,2025-05-28,Push,Имиджевая кампания,Повторный,Мобильное устройство,2.01,0,0,0.0
MKT002974,2025-06-18,Поисковая реклама,Ретаргетинг,Повторный,Мобильное устройство,13.1,0,0,0.0
MKT006804,2025-05-22,Push,Программа лояльности,Повторный,Мобильное устройство,0.9,1,0,0.0
MKT000257,2025-01-11,Email,Программа лояльности,Новый,Компьютер,1.83,1,1,4396.01
MKT005571,2025-03-11,Email,Ретаргетинг,Лояльный,Мобильное устройство,2.42,0,0,0.0
MKT004835,2025-12-13,Email,Ретаргетинг,Повторный,Компьютер,1.75,0,0,0.0
MKT005300,2025-05-21,Медийная реклама,Программа лояльности,Повторный,Компьютер,4.97,1,0,0.0
MKT008899,2025-05-15,Социальные сети,Программа лояльности,Повторный,Мобильное устройство,7.19,0,0,0.0
MKT005556,2025-02-11,Email,Имиджевая кампания,Повторный,Мобильное устройство,2.41,0,0,0.0
MKT000032,2025-06-25,Push,Сезонная акция,Лояльный,Мобильное устройство,1.89,0,0,0.0
MKT006245,2025-12-16,Поисковая реклама,Новый продукт,Лояльный,Мобильное устройство,22.34,0,0,0.0
MKT004922,2025-07-27,Поисковая реклама,Программа лояльности,Повторный,Планшет,21.56,0,0,0.0
MKT008448,2025-05-02,Поисковая реклама,Ретаргетинг,Повторный,Мобильное устройство,16.75,1,0,0.0
MKT001971,2025-12-15,Email,Ретаргетинг,Новый,Мобильное устройство,1.74,0,0,0.0
MKT009532,2025-11-01,Поисковая реклама,Сезонная акция,Повторный,Компьютер,22.67,0,0,0.0
MKT005393,2025-04-02,Поисковая реклама,Ретаргетинг,Новый,Мобильное устройство,11.94,0,0,0.0
MKT002493,2025-10-01,Социальные сети,Программа лояльности,Новый,Мобильное устройство,6.15,0,0,0.0
MKT006204,2025-08-02,Email,Имиджевая кампания,Повторный,Мобильное устройство,2.01,0,0,0.0
MKT002082,2025-12-29,Социальные сети,Новый продукт,Повторный,Планшет,12.56,0,0,0.0
MKT004433,2025-10-31,Email,Ретаргетинг,Лояльный,Компьютер,1.81,0,0,0.0
MKT003592,24.06.2025,Push,Имиджевая кампания,Новый,Мобильное устройство,1.44,0,0,0.0
MKT008042,2025-08-09,Медийная реклама,Ретаргетинг,Лояльный,Мобильное устройство,5.15,0,0,0.0
MKT006209,2025-08-18,Медийная реклама,Ретаргетинг,Новый,Мобильное устройство,10.84,0,0,0.0
MKT002896,2025-10-01,Push,Сезонная акция,Новый,Мобильное устройство,2.03,1,0,0.0
MKT009480,2025-08-17,Поисковая реклама,Ретаргетинг,Новый,Компьютер,16.66,1,1,7304.03
MKT009460,2025-01-04,Социальные сети,Новый продукт,Повторный,Мобильное устройство,11.15,1,0,0.0
MKT001333,2025-01-12,Медийная реклама,Ретаргетинг,Новый,Мобильное устройство,7.72,0,0,0.0
MKT007792,2025-10-31,Email,Новый продукт,Повторный,Мобильное устройство,1.68,0,0,0.0
MKT008646,2025-07-09,,Новый продукт,Лояльный,Мобильное устройство,2.38,0,0,0.0
MKT003465,2025-07-13, медийная реклама ,Имиджевая кампания,Повторный,Мобильное устройство,6.38,0,0,0.0
MKT005826,2025-12-21,Поисковая реклама,Сезонная акция,Повторный,Мобильное устройство,27.01,1,0,0.0
MKT007396,2025-12-12,Email,Сезонная акция,Новый,Мобильное устройство,2.62,0,0,0.0
MKT004917,2025-06-21,Социальные сети,Программа лояльности,Повторный,Мобильное устройство,7.54,0,0,0.0
MKT003350,2025-10-25,Email,Программа лояльности,Повторный,Мобильное устройство,1.24,0,0,0.0
MKT001416,2025-07-02,Email,Ретаргетинг,Лояльный,Мобильное устройство,2.41,0,0,0.0
MKT003218,2025-09-01,,Новый продукт,Лояльный,Компьютер,1.32,0,0,0.0
MKT008578,2025-10-02,Email,Сезонная акция,Повторный,Мобильное устройство,2.07,1,0,0.0
MKT006246,2025-05-30,Социальные сети,Новый продукт,Повторный,Компьютер,7.12,0,0,0.0
MKT002292,2025-06-25,Социальные сети,Ретаргетинг,Повторный,Мобильное устройство,6.99,0,0,0.0
MKT000606,2025-06-27,Поисковая реклама,Новый продукт,Повторный,Мобильное устройство,28.79,0,0,0.0
MKT009118,2025-01-01,Социальные сети,Новый продукт,Повторный,Мобильное устройство,13.62,1,0,0.0
MKT002497,2025-09-22,Поисковая реклама,Имиджевая кампания,Лояльный,Компьютер,18.0,0,0,0.0
MKT005173,2025-07-06,Email,Новый продукт,Повторный,Компьютер,3.58,0,0,0.0
MKT002645,2025-10-30,Email,Ретаргетинг,Лояльный,Компьютер,3.0,0,0,0.0
MKT005533,2025-04-23,Социальные сети,Сезонная акция,Новый,Компьютер,10.9,0,0,0.0
MKT001280,2025-09-03,Социальные сети,Сезонная акция,Повторный,Компьютер,9.91,1,0,0.0
MKT000601,2025-05-09,Медийная реклама,Программа лояльности,Лояльный,Компьютер,6.05,0,0,0.0
MKT005465,2025-04-05,Email,Сезонная акция,Повторный,Компьютер,3.24,0,0,0.0
MKT002982,2025-04-30,Поисковая реклама,Программа лояльности,Повторный,Компьютер,24.76,0,0,0.0
MKT004714,2025-03-07,Социальные сети,Имиджевая кампания,Повторный,Мобильное устройство,9.14,0,0,0.0
MKT001636,2025-08-15,Поисковая реклама,Программа лояльности,Новый,Мобильное устройство,20.32,0,0,0.0
MKT003144,2025-09-25,Поисковая реклама,Ретаргетинг,Новый,Мобильное устройство,24.63,0,0,
MKT004437,2025-08-04,Push,Новый продукт,Повторный,Мобильное устройство,1.77,0,0,0.0
MKT002092,2025-04-16,Социальные сети,Новый продукт,Лояльный,Компьютер,12.42,0,0,0.0
MKT008059,2025-03-23,Push,Имиджевая кампания,Повторный,Мобильное устройство,1.74,0,0,0.0
MKT000048,2025-07-05,Email,Новый продукт,Повторный,Компьютер,3.04,0,0,0.0
MKT002538,2025-08-08,Медийная реклама,Ретаргетинг,Новый,Мобильное устройство,6.0,0,0,0.0
MKT008937,2025-04-03,Push,Имиджевая кампания,Повторный,Мобильное устройство,1.64,0,0,0.0
MKT002667,2025-09-10,Социальные сети,Новый продукт,Новый,Мобильное устройство,9.92,0,0,0.0
MKT005663,2025-01-29,Email,Новый продукт,Новый,Компьютер,3.14,1,0,0.0
MKT000797,2025-04-10,Email,Программа лояльности,Лояльный,Мобильное устройство,1.6,0,0,0.0
MKT008282,2025-04-15,Социальные сети,Новый продукт,Новый,Мобильное устройство,8.31,0,0,0.0
MKT005322,2025-06-17,Email,Сезонная акция,Новый,Мобильное устройство,2.97,0,0,0.0
MKT002206,2025-06-19,Медийная реклама,Новый продукт,Повторный,Мобильное устройство,5.67,0,0,0.0
MKT003836,2025-11-15,Медийная реклама,Программа лояльности,Новый,Мобильное устройство,9.41,0,0,0.0
MKT001651,2025-06-02,Push,Ретаргетинг,Новый,Мобильное устройство,2.03,0,0,0.0
MKT008712,2025-05-22,Поисковая реклама,Имиджевая кампания,Новый,Компьютер,21.62,0,0,0.0
MKT000895,2025-05-17,Email,Сезонная акция,Лояльный,Мобильное устройство,3.25,1,0,0.0
MKT001005,2025-03-29,Email,Сезонная акция,Повторный,Мобильное устройство,2.65,0,0,0.0
MKT000691,2025-01-04,Push,Сезонная акция,Новый,Мобильное устройство,1.84,0,0,0.0
MKT002858,2025-09-30,Поисковая реклама,Ретаргетинг,Лояльный,Компьютер,18.01,1,1,3116.94
MKT006756,2025-10-05,Email,Новый продукт,Новый,Мобильное устройство,2.93,0,0,0.0
MKT007723,2025-07-05,Медийная реклама,Имиджевая кампания,Лояльный,Мобильное устройство,5.59,0,0,0.0
MKT006374,2025-02-19,Социальные сети,Ретаргетинг,Новый,Компьютер,8.1,0,0,0.0
MKT000809,2025-04-26,Медийная реклама,Сезонная акция,Новый,Мобильное устройство,8.48,0,0,0.0
MKT007372,2025-01-26,Поисковая реклама,Имиджевая кампания,Повторный,Мобильное устройство,22.15,0,0,0.0
MKT002973,2025-02-24,Поисковая реклама,Программа лояльности,Повторный,Мобильное устройство,10.95,0,0,0.0
MKT009653,2025-02-18,Push,Ретаргетинг,Повторный,Компьютер,1.26,0,0,0.0
MKT000611,2025-05-18,Push,Программа лояльности,Повторный,Компьютер,1.83,0,0,0.0
MKT009411,2025-05-07,Email,Программа лояльности,Новый,Мобильное устройство,2.4,0,0,0.0
MKT002888,2025-06-05,Поисковая реклама,Имиджевая кампания,Повторный,Компьютер,12.59,0,0,0.0
MKT006210,2025-10-06,Email,Сезонная акция,Повторный,Мобильное устройство,2.26,0,0,0.0
MKT005671,2025-05-09,Социальные сети,Программа лояльности,Новый,Компьютер,7.87,0,0,0.0
MKT000222,2025-01-16,Email,Программа лояльности,Повторный,Мобильное устройство,2.21,0,0,0.0
MKT009208,2025-03-10,Медийная реклама,Новый продукт,Повторный,Мобильное устройство,7.82,0,0,0.0
MKT004490,2025-06-28,Социальные сети,Сезонная акция,Новый,Мобильное устройство,9.04,0,0,0.0
MKT002108,2025-08-01,Поисковая реклама,Сезонная акция,Новый,Компьютер,14.02,0,0,0.0
MKT004836,2025-06-05,Поисковая реклама,Программа лояльности,Лояльный,Компьютер,13.38,0,0,0.0
MKT003573,2025-12-18,Поисковая реклама,Имиджевая кампания,Новый,Мобильное устройство,29.52,0,0,0.0
MKT005407,2025-01-23,Поисковая реклама,Новый продукт,Повторный,Мобильное устройство,16.99,1,0,0.0
MKT003245,2025-07-10,Социальные сети,Сезонная акция,Новый,Планшет,11.88,0,0,0.0
MKT006657,2025-08-27,Email,Имиджевая кампания,Повторный,Мобильное устройство,3.37,0,0,0.0
MKT000922,2025-05-24,Поисковая реклама,Сезонная акция,Повторный,Мобильное устройство,14.0,0,0,0.0
MKT006817,2025-09-01,Поисковая реклама,Имиджевая кампания,Новый,Мобильное устройство,16.79,0,0,0.0
MKT005979,2025-09-17,Социальные сети,Имиджевая кампания,Новый,Компьютер,10.32,0,0,0.0
MKT006972,2025-06-17,Push,Сезонная акция,Лояльный,Мобильное устройство,1.48,0,0,0.0
MKT002332,2025-04-23,Медийная реклама,Программа лояльности,Новый,Мобильное устройство,7.3,0,0,0.0
MKT004415,2025-01-31,Поисковая реклама,Программа лояльности,Новый,Мобильное устройство,17.62,0,0,0.0
MKT005255,2025-01-02,Email,Сезонная акция,Повторный,Компьютер,3.06,0,0,0.0
MKT008999,2025-05-13,Email,Новый продукт,Новый,Мобильное устройство,2.32,0,0,0.0
MKT004372,2025-09-25,Социальные сети,Новый продукт,Новый,Мобильное устройство,13.42,0,0,0.0
MKT007764,2025-01-15,Email,Ретаргетинг,Новый,Мобильное устройство,2.11,0,0,
MKT001016,2025-12-08,Push,Ретаргетинг,Лояльный,Компьютер,1.38,0,0,0.0
MKT002879,2025-03-31,Социальные сети,Ретаргетинг,Новый,Компьютер,9.16,1,0,0.0
MKT004013,2025-01-05,Push,Ретаргетинг,Лояльный,Компьютер,1.06,1,0,0.0
MKT000619,2025-12-11,Push,Ретаргетинг,Новый,Компьютер,1.29,0,0,0.0
MKT008479,2025-04-23,Email,Программа лояльности,Новый,Компьютер,2.02,0,0,0.0
MKT008674,2025-04-28,Email,Ретаргетинг,Новый,Мобильное устройство,1.54,0,0,0.0
MKT003908,2025-02-16,Медийная реклама,Сезонная акция,Новый,Планшет,,0,0,0.0
MKT002431,2025-01-31,Социальные сети,Программа лояльности,Повторный,Компьютер,10.55,0,0,0.0
MKT004613,2025-12-01,Социальные сети,Имиджевая кампания,Новый,Компьютер,10.47,0,0,0.0
MKT008199,2025-06-30,Email,Сезонная акция,Лояльный,Планшет,1.82,0,0,0.0
MKT007063,2025-02-04,Поисковая реклама,Программа лояльности,Повторный,Мобильное устройство,13.49,0,0,0.0
MKT000790,2025-08-21,Поисковая реклама,Программа лояльности,Повторный,Мобильное устройство,19.1,0,0,0.0
MKT008994,2025-06-16,Медийная реклама,Программа лояльности,Лояльный,Мобильное устройство,4.73,0,0,0.0
MKT001888,2025-05-14,Email,Имиджевая кампания,Новый,Компьютер,1.8,0,0,0.0
MKT000243,2025-07-07,Поисковая реклама,Программа лояльности,Повторный,Мобильное устройство,16.57,0,0,0.0
MKT004911,2025-04-13,Поисковая реклама,Имиджевая кампания,Новый,Мобильное устройство,17.68,0,0,0.0
MKT001443,2025-10-29,Социальные сети,Сезонная акция,Повторный,Мобильное устройство,12.44,0,0,0.0
MKT003954,2025-06-04,Социальные сети,Ретаргетинг,Повторный,Компьютер,8.88,1,0,0.0
MKT008502,2025-07-10,Поисковая реклама,Имиджевая кампания,Повторный,Мобильное устройство,26.91,1,0,0.0
MKT008717,2025-07-02,Поисковая реклама,Новый продукт,Новый,Мобильное устройство,24.56,0,0,0.0
MKT006549,2025-09-27,Push,Сезонная акция,Новый,Компьютер,1.79,0,0,0.0
MKT004399,2025-04-12,Медийная реклама,Ретаргетинг,Новый,Мобильное устройство,6.94,0,2,0.0
MKT005705,2025-11-18,Социальные сети,Программа лояльности,Новый,Мобильное устройство,7.19,0,0,0.0
MKT001296,2025-06-11,Поисковая реклама,Имиджевая кампания,Повторный,Мобильное устройство,18.37,1,1,3526.29
MKT002765,2025-03-02,Email,Сезонная акция,Новый,Мобильное устройство,1.68,0,0,0.0
MKT003061,2025-03-17,Email,Ретаргетинг,Повторный,Планшет,1.77,0,0,0.0
MKT004107,2025-01-19,Поисковая реклама,Новый продукт,Лояльный,Мобильное устройство,23.94,0,0,0.0
MKT003806,2025-09-09,Поисковая реклама,Новый продукт,Новый,Мобильное устройство,23.59,0,0,0.0
MKT006023,2025-12-04,Поисковая реклама,Имиджевая кампания,Повторный,Компьютер,22.95,0,0,0.0
MKT000959,2025-06-27,Медийная реклама,Новый продукт,Повторный,Мобильное устройство,9.04,0,0,0.0
MKT004254,2025-03-28,Медийная реклама,Новый продукт,Повторный,Компьютер,5.26,0,0,0.0
MKT002457,2025-01-19,Поисковая реклама,Ретаргетинг,Новый,Компьютер,25.0,0,0,0.0
MKT001354,2025-11-07,Email,Новый продукт,Новый,Планшет,1.7,0,0,0.0
MKT009043,2025-09-10,Поисковая реклама,Программа лояльности,Новый,Компьютер,15.29,0,0,0.0
MKT001464,2025-04-13,Push,ретаргетинг ,Повторный,Мобильное устройство,1.53,0,0,0.0
MKT002901,2025-08-25,Поисковая реклама,Новый продукт,Повторный,Мобильное устройство,29.89,0,0,0.0
MKT004547,2025-05-15,Медийная реклама,Программа лояльности,Повторный,Компьютер,5.33,0,0,0.0
MKT009116,2025-12-22,Поисковая реклама,Ретаргетинг,Новый,Компьютер,15.05,0,0,0.0
MKT007062,2025-05-26,Push,Сезонная акция,Новый,Планшет,1.16,0,0,0.0
MKT000943,2025-10-20,Поисковая реклама,Новый продукт,Повторный,Мобильное устройство,25.26,1,0,0.0
MKT002687,2025-04-10,Социальные сети,Ретаргетинг,Лояльный,Мобильное устройство,10.46,0,0,0.0
MKT000245,2025-12-05,Email,Ретаргетинг,Повторный,Мобильное устройство,1.61,0,0,0.0
MKT004725,2025-05-09,Email,Программа лояльности,Повторный,Компьютер,1.89,0,0,0.0
MKT007642,2025-07-04,Социальные сети,Программа лояльности,Лояльный,Компьютер,11.65,0,0,0.0
MKT001313,2025-08-11,Социальные сети,Ретаргетинг,Новый,Мобильное устройство,13.86,0,0,0.0
MKT007013,2025-04-02,Push,Сезонная акция,Лояльный,Мобильное устройство,1.99,0,0,0.0
MKT002414,2025-03-18,Email,Новый продукт,Новый,Мобильное устройство,2.86,1,0,0.0
MKT007654,2025-04-17,Социальные сети,Ретаргетинг,Новый,Мобильное устройство,8.2,0,0,0.0
MKT002101,2025-03-18,Поисковая реклама,Новый продукт,Новый,Мобильное устройство,17.09,0,0,0.0
MKT006192,2025-01-03,Email,Ретаргетинг,Новый,Мобильное устройство,1.67,1,0,0.0
MKT007688,2025-05-13,Медийная реклама,Ретаргетинг,Повторный,Компьютер,6.85,0,0,0.0
MKT002597,2025-11-30,Социальные сети,Новый продукт,Лояльный,Компьютер,12.34,0,0,0.0
MKT003305,2025-08-22,Push,Имиджевая кампания,Лояльный,Мобильное устройство,1.6,0,0,0.0
MKT006734,2025-05-07,Социальные сети,Имиджевая кампания,Повторный,Мобильное устройство,8.38,0,0,0.0
MKT006431,2025-02-19,Медийная реклама,Сезонная акция,Повторный,Компьютер,5.54,0,0,0.0
MKT008014,2025-06-02,Поисковая реклама,Имиджевая кампания,Повторный,Мобильное устройство,17.23,0,0,0.0
MKT003129,2025-01-28,Email,Имиджевая кампания,Повторный,Мобильное устройство,2.1,0,0,0.0
MKT007465,2025-06-21,Поисковая реклама,Новый продукт,Повторный,Компьютер,23.77,0,0,0.0
MKT001182,2025-01-18,Поисковая реклама,Сезонная акция,Лояльный,Компьютер,19.81,0,0,0.0
MKT000361,2025-02-25,Поисковая реклама,Сезонная акция,Новый,Мобильное устройство,23.49,0,0,0.0
MKT001662,2025-03-14,Социальные сети,Ретаргетинг,Повторный,Компьютер,7.62,0,0,0.0
MKT001243,2025-02-15,Социальные сети,Сезонная акция,Повторный,Мобильное устройство,12.57,1,1,5236.31
MKT009098,2025-08-15,Медийная реклама,Сезонная акция,Повторный,Мобильное устройство,8.09,0,0,0.0
MKT002892,2025-12-10,Поисковая реклама,Новый продукт,Новый,Мобильное устройство,19.35,0,0,0.0
MKT007084,2025-02-02,Поисковая реклама,Сезонная акция,Лояльный,Компьютер,17.42,0,0,0.0
MKT005933,2025-08-01,Поисковая реклама,Новый продукт,Лояльный,Мобильное устройство,20.36,0,0,0.0
MKT003562,2025-12-10,Email,Имиджевая кампания,Новый,Компьютер,2.13,0,0,0.0
MKT000738,2025-07-30,Медийная реклама,Новый продукт,Новый,Компьютер,7.49,0,0,0.0
MKT006545,2025-01-14,Поисковая реклама,Сезонная акция,Новый,Планшет,19.46,0,0,0.0
MKT008792,20.11.2025,Медийная реклама,Сезонная акция,Новый,Мобильное устройство,5.82,0,0,0.0
MKT002690,2025-05-03,Push,Сезонная акция,Новый,Мобильное устройство,2.3,0,0,0.0
MKT006758,2025-06-12,Социальные сети,Сезонная акция,Повторный,Компьютер,11.18,0,0,0.0
MKT007211,2025-07-19,Поисковая реклама,Имиджевая кампания,Повторный,Мобильное устройство,17.45,0,0,0.0
MKT002580,2025-11-12,Email,Ретаргетинг,Повторный,Мобильное устройство,2.27,0,0,0.0
MKT000373,2025-02-19,Медийная реклама,Ретаргетинг,Новый,Мобильное устройство,6.08,1,0,0.0
MKT006275,2025-05-23,Email,Новый продукт,ПОВТОРНЫЙ,Компьютер,3.38,0,0,0.0
MKT004985,2025-04-16,Поисковая реклама,Имиджевая кампания,Повторный,Компьютер,30.04,0,0,0.0
MKT000665,2025-12-04,Push,Сезонная акция,Повторный,Компьютер,2.11,0,0,0.0
MKT008765,2025-10-09,Push,Сезонная акция,Лояльный,Мобильное устройство,1.67,0,0,0.0
MKT008242,2025-10-31,Push,Сезонная акция,Повторный,Компьютер,1.45,0,0,0.0
MKT003468,2025-09-26,Социальные сети,Новый продукт,Лояльный,Мобильное устройство,10.27,0,0,0.0
MKT002605,2025-03-15,Email,Ретаргетинг,Повторный,Мобильное устройство,2.3,0,0,0.0
MKT003828,2025-03-02,Социальные сети,Сезонная акция,Лояльный,Мобильное устройство,8.92,0,0,0.0
MKT005056,2025-01-04,Медийная реклама,Сезонная акция,Новый,Мобильное устройство,9.31,1,0,0.0
MKT005487,2025-05-03,Push,Имиджевая кампания,Повторный,Компьютер,1.77,0,0,0.0
MKT003374,2025-02-12,Социальные сети,Сезонная акция,Повторный,Мобильное устройство,8.6,0,0,0.0
MKT000573,2025-12-03,Поисковая реклама,Сезонная акция,Новый,Мобильное устройство,26.44,0,0,0.0
MKT007775,2025-12-14,Поисковая реклама,Ретаргетинг,Новый,Мобильное устройство,20.38,1,0,0.0
MKT001732,2025-05-05,Социальные сети,Ретаргетинг,Повторный,Мобильное устройство,9.79,1,0,0.0
MKT003186,2025-03-03,Медийная реклама,Ретаргетинг,ПОВТОРНЫЙ,Мобильное устройство,5.13,0,0,0.0
MKT002541,2025-01-10,Социальные сети,Новый продукт,Повторный,Мобильное устройство,11.09,0,0,0.0
MKT006768,2025-02-14,Поисковая реклама,Программа лояльности,Новый,Мобильное устройство,14.33,0,0,0.0
MKT001277,2025-03-23,Поисковая реклама,Сезонная акция,Лояльный,Мобильное устройство,17.71,0,0,0.0
MKT000121,2025-08-01,Социальные сети,Сезонная акция,Новый,Компьютер,16.16,0,0,0.0
MKT002468,2025-09-25,Поисковая реклама,Новый продукт,Новый,Мобильное устройство,24.24,0,0,0.0
MKT002928,2025-10-06,Социальные сети,Сезонная акция,Повторный,Мобильное устройство,10.23,0,0,0.0
MKT002413,2025-08-04,Социальные сети,Имиджевая кампания,Новый,Мобильное устройство,10.27,0,0,0.0
MKT002112,02.09.2025,Поисковая реклама,Ретаргетинг,Повторный,Компьютер,24.74,1,0,0.0
MKT000486,2025-06-14,Push,Имиджевая кампания,Повторный,Мобильное устройство,2.09,1,0,0.0
MKT003131,2025-12-10,Push,Сезонная акция,Повторный,Планшет,1.57,0,0,0.0
MKT001735,2025-11-28,Поисковая реклама,Новый продукт,Повторный,Мобильное устройство,27.24,1,0,0.0
MKT002827,2025-11-06,Поисковая реклама,Имиджевая кампания,Новый,Мобильное устройство,19.34,1,0,0.0
MKT006565,2025-10-02,Социальные сети,Имиджевая кампания,Новый,Мобильное устройство,11.01,0,0,0.0
MKT006572,2025-04-16,Социальные сети,Программа лояльности,Повторный,Мобильное устройство,8.46,1,0,0.0
MKT009331,2025-08-30,Поисковая реклама,Программа лояльности,Повторный,Компьютер,10.81,0,0,0.0
MKT009664,2025-11-30,Социальные сети,Новый продукт,Повторный,Мобильное устройство,10.52,0,0,0.0
MKT003837,2025-04-24,Поисковая реклама,Сезонная акция,Лояльный,Мобильное устройство,24.1,0,0,0.0
MKT004269,2025-02-27,Email,Ретаргетинг,Новый,Мобильное устройство,2.21,0,0,0.0
MKT004416,2025-05-24,Push,Имиджевая кампания,Лояльный,Компьютер,1.29,1,1,4907.46
MKT002111,2025-04-11,Поисковая реклама,Сезонная акция,Новый,Мобильное устройство,19.78,0,0,0.0
MKT006727,2025-06-30,Медийная реклама,Сезонная акция,Повторный,Мобильное устройство,5.49,0,0,0.0
MKT002466,2025-08-27,Push,Ретаргетинг,Повторный,Компьютер,1.13,1,0,0.0
MKT006108,2025-05-27,Социальные сети,Сезонная акция,Повторный,Мобильное устройство,9.92,0,0,0.0
MKT000270,2025-10-09,Поисковая реклама,Сезонная акция,Повторный,Мобильное устройство,21.36,0,0,0.0
MKT007788,2025-06-03,Email,Имиджевая кампания,Повторный,Компьютер,2.35,0,0,0.0
MKT003808,2025-03-03,Социальные сети,Программа лояльности,новый ,Мобильное устройство,6.98,0,0,0.0
MKT007474,2025-07-13,Медийная реклама,Новый продукт,Новый,Компьютер,9.44,1,0,0.0
MKT002407,2025-11-26,Социальные сети,Ретаргетинг,Новый,Мобильное устройство,9.09,0,0,0.0
MKT002936,2025-08-01,Email,Сезонная акция,Повторный,Мобильное устройство,2.24,0,0,0.0
MKT006992,2025-06-26,Push,Новый продукт,Новый,Мобильное устройство,1.73,0,0,0.0
MKT006874,2025-01-17,Медийная реклама,Ретаргетинг,Новый,Мобильное устройство,12.25,0,0,0.0
MKT001293,2025-07-07,Медийная реклама,Ретаргетинг,Лояльный,Мобильное устройство,3.9,0,0,0.0
MKT002420,2025-04-17,Email,Ретаргетинг,Повторный,Мобильное устройство,1.69,1,1,2827.63
MKT000391,2025-03-18,Поисковая реклама,Имиджевая кампания,Повторный,Компьютер,25.83,0,0,0.0
MKT001567,2025-10-26,Медийная реклама,Программа лояльности,Повторный,Мобильное устройство,5.02,0,0,0.0
MKT008498,2025-06-20,Поисковая реклама,Программа лояльности,Новый,Мобильное устройство,17.44,-1,0,0.0
MKT007750,2025-06-27,Поисковая реклама,Имиджевая кампания,Повторный,Компьютер,16.51,0,0,0.0
MKT003211,2025-12-23,Социальные сети,Сезонная акция,Повторный,Мобильное устройство,13.29,0,0,0.0
MKT001595,2025-01-27,Социальные сети,Имиджевая кампания,Лояльный,Компьютер,14.58,0,0,0.0
MKT006305,2025-02-17,Push,Программа лояльности,Новый,Мобильное устройство,1.45,0,0,0.0
MKT007609,2025-01-23,Медийная реклама,Ретаргетинг,Лояльный,Мобильное устройство,7.48,0,0,0.0
MKT005443,2025-10-23,Медийная реклама,Новый продукт,Повторный,Мобильное устройство,6.18,0,0,0.0
MKT001773,2025-12-03,Email,Сезонная акция,Повторный,Мобильное устройство,1.86,0,0,0.0
MKT000546,2025-12-10,Email,Ретаргетинг,Повторный,Мобильное устройство,1.87,0,0,0.0
MKT003998,2025-10-22,Социальные сети,Сезонная акция,Новый,Мобильное устройство,9.79,0,0,0.0
MKT001607,2025-09-15,Email,Программа лояльности,Новый,Мобильное устройство,1.43,0,0,0.0
MKT005598,2025-07-03,Социальные сети,Ретаргетинг,Повторный,Мобильное устройство,9.89,0,0,0.0
MKT006550,2025-05-02,Поисковая реклама,Новый продукт,Новый,Планшет,18.82,0,0,0.0
MKT005794,2025-08-18,Поисковая реклама,Ретаргетинг,Повторный,Мобильное устройство,14.34,0,0,0.0
MKT004528,2025-10-14,Социальные сети,Сезонная акция,Повторный,Компьютер,7.96,0,0,0.0
MKT002618,2025-09-22,Медийная реклама,Сезонная акция,Новый,Мобильное устройство,7.01,0,0,0.0
MKT000043,2025-11-19,Email,Имиджевая кампания,Повторный,Компьютер,1.67,0,0,0.0
MKT005364,2025-02-28,Социальные сети,Имиджевая кампания,Повторный,Мобильное устройство,7.16,0,0,0.0
MKT000779,2025-06-23,Email,Ретаргетинг,Новый,Мобильное устройство,1.8,0,0,0.0
MKT007353,2025-09-26,Email,Имиджевая кампания,Повторный,Мобильное устройство,1.64,0,0,0.0
MKT005980,2025-07-05,Push,Новый продукт,Лояльный,Компьютер,1.36,0,0,0.0
MKT004309,2025-01-12,Социальные сети,Программа лояльности,Новый,Мобильное устройство,6.38,0,0,0.0
MKT009519,2025-04-29,Социальные сети,Сезонная акция,Новый,Мобильное устройство,8.55,0,0,0.0
MKT004993,2025-12-13,Социальные сети,Программа лояльности,Лояльный,Мобильное устройство,7.57,0,0,0.0
MKT005141,2025-07-14,Социальные сети,Имиджевая кампания,Новый,Компьютер,10.37,0,0,0.0
MKT003185,2025-07-23,Email,Сезонная акция,Лояльный,Компьютер,2.56,0,0,0.0
MKT000760,2025-09-11,Email,Имиджевая кампания,Новый,Мобильное устройство,2.19,0,0,0.0
MKT002352,2025-02-03,Поисковая реклама,Программа лояльности,Новый,Компьютер,17.42,0,0,0.0
MKT004721,2025-02-27,Медийная реклама,Программа лояльности,Повторный,Мобильное устройство,4.87,0,0,0.0
MKT001845,2025-08-12, медийная реклама ,Программа лояльности,Новый,Мобильное устройство,5.36,0,0,0.0
MKT001531,18.06.2025,Медийная реклама,Ретаргетинг,Повторный,Мобильное устройство,6.49,0,0,0.0
MKT009872,2025-01-10,Email,Имиджевая кампания,Новый,Мобильное устройство,2.6,0,0,0.0
MKT008860,2025-06-01,Поисковая реклама,Имиджевая кампания,Лояльный,Мобильное устройство,17.5,1,0,0.0
MKT001704,2025-05-27,Медийная реклама,Имиджевая кампания,Новый,Мобильное устройство,7.06,0,0,0.0
MKT007389,2025-01-11,Социальные сети,Имиджевая кампания,Новый,Мобильное устройство,10.16,0,1,0.0
MKT006722,2025-12-17,Поисковая реклама,Ретаргетинг,Повторный,Мобильное устройство,12.89,0,0,0.0
MKT002539,2025-05-12,Медийная реклама,Ретаргетинг,Лояльный,Компьютер,5.7,0,0,0.0
MKT004240,2025-03-20,Email,Сезонная акция,Новый,Мобильное устройство,2.7,0,0,0.0
MKT001344,2025-10-03,Социальные сети,Новый продукт,Новый,Мобильное устройство,16.15,0,0,0.0
MKT000197,2025-03-11,Социальные сети,Сезонная акция,Лояльный,Мобильное устройство,8.6,0,0,0.0
MKT004067,2025-07-27,Email,Новый продукт,Новый,Компьютер,1.99,0,0,0.0
MKT006987,2025-03-05,Поисковая реклама,Имиджевая кампания,Новый,Мобильное устройство,23.03,0,0,0.0
MKT003154,2025-04-18,Поисковая реклама,Имиджевая кампания,Новый,Мобильное устройство,24.24,0,0,0.0
MKT005586,2025-05-23,Email,Имиджевая кампания,Лояльный,Мобильное устройство,3.1,0,0,0.0
MKT003542,2025-04-26,Поисковая реклама,Сезонная акция,Новый,Компьютер,24.09,0,0,0.0
MKT000632,2025-10-24,Email,Сезонная акция,Новый,Мобильное устройство,1.94,0,0,0.0
MKT003594,2025-10-17,Email,Сезонная акция,Новый,Компьютер,2.43,1,0,0.0
MKT001991,2025-11-16,Медийная реклама,Сезонная акция,Повторный,Мобильное устройство,7.36,0,0,0.0
MKT002561,2025-01-11,Поисковая реклама,Сезонная акция,Лояльный,Мобильное устройство,20.62,0,0,0.0
MKT005358,2025-09-11,Email,Сезонная акция,Новый,Компьютер,1.83,0,0,0.0
MKT001349,2025-01-28,Push,Программа лояльности,Лояльный,Мобильное устройство,0.78,1,1,4910.1
MKT004966,2025-08-12,Email,Новый продукт,Новый,Мобильное устройство,1.87,0,0,0.0
MKT004182,2025-02-14,Социальные сети,Имиджевая кампания,Повторный,Мобильное устройство,15.07,0,0,0.0
MKT008853,2025-02-14,Социальные сети,Имиджевая кампания,Повторный,Мобильное устройство,7.21,1,0,0.0
MKT002677,2025-12-01,Поисковая реклама,сезонная акция ,Лояльный,Мобильное устройство,18.49,1,0,0.0
MKT000398,2025-06-27,Email,Новый продукт,Новый,Мобильное устройство,2.88,0,0,0.0
MKT006933,2025-12-02,Push,Ретаргетинг,Лояльный,Мобильное устройство,1.3,0,0,0.0
MKT007165,2025-03-07,Push,Новый продукт,Лояльный,Мобильное устройство,1.57,0,0,0.0
MKT004620,2025-05-31,Социальные сети,Сезонная акция,Новый,Компьютер,12.73,0,0,0.0
MKT006314,2025-01-05,Поисковая реклама,Программа лояльности,Новый,Мобильное устройство,18.54,1,0,0.0
MKT002599,2025-09-28,Социальные сети,Новый продукт,Повторный,Мобильное устройство,10.48,0,0,0.0
MKT003225,2025-10-02,Push,Новый продукт,Новый,Мобильное устройство,1.71,1,0,0.0
MKT005563,2025-01-25,Социальные сети,Имиджевая кампания,Повторный,Мобильное устройство,11.71,0,0,0.0
MKT005295,2025-11-22,Медийная реклама,Программа лояльности,Лояльный,Мобильное устройство,5.3,0,0,0.0
MKT009808,2025-07-07,Email,Имиджевая кампания,ПОВТОРНЫЙ,Мобильное устройство,2.75,0,0,0.0
MKT007949,2025-10-27,Email,Имиджевая кампания,Повторный,Мобильное устройство,1.88,0,0,0.0
MKT007154,2025-11-18,Медийная реклама,Сезонная акция,Лояльный,Мобильное устройство,9.66,0,0,0.0
MKT001426,2025-10-06,Email,Сезонная акция,Лояльный,Компьютер,2.73,0,0,0.0
MKT008104,2025-12-05,Поисковая реклама,Ретаргетинг,Повторный,Компьютер,20.8,1,0,0.0
MKT000645,2025-12-06,Push,Имиджевая кампания,Новый,Мобильное устройство,1.54,0,0,0.0
MKT005878,2025-05-30,Push,Ретаргетинг,Новый,Мобильное устройство,1.41,0,0,0.0
MKT006010,2025-08-02,Поисковая реклама,Ретаргетинг,Новый,Компьютер,15.66,0,0,0.0
MKT009031,2025-05-07,Email,Сезонная акция,Новый,Мобильное устройство,2.53,0,0,0.0
MKT003045,2025-01-24,Push,Сезонная акция,Новый,Компьютер,1.17,0,0,0.0
MKT003383,2025-03-17,Медийная реклама,Ретаргетинг,Лояльный,Мобильное устройство,6.07,0,0,0.0
MKT004887,2025-12-06,Социальные сети,Сезонная акция,Повторный,Мобильное устройство,9.73,0,0,0.0
MKT006029,2025-05-19,Медийная реклама,Сезонная акция,Повторный,Мобильное устройство,8.49,0,0,0.0
MKT003790,2025-07-30,Email,Новый продукт,Повторный,Мобильное устройство,1.64,1,0,0.0
MKT007855,2025-04-27,Социальные сети,Ретаргетинг,Повторный,Компьютер,9.02,0,0,0.0
MKT009921,2025-12-27,Медийная реклама,Имиджевая кампания,Новый,Мобильное устройство,6.08,0,0,0.0
MKT000671,2025-05-12,Медийная реклама,Имиджевая кампания,Лояльный,Мобильное устройство,7.05,0,0,0.0
MKT007863,2025-05-26,Email,Новый продукт,Повторный,Мобильное устройство,2.68,1,0,0.0
MKT009445,2025-09-09,Push,Ретаргетинг,Повторный,Мобильное устройство,1.27,0,0,0.0
MKT008954,2025-07-23,Социальные сети,Имиджевая кампания,Новый,Мобильное устройство,11.87,0,0,0.0
MKT008809,2025-09-05,Поисковая реклама,Имиджевая кампания,Повторный,Мобильное устройство,34.59,0,0,0.0
MKT008125,2025-01-05,Поисковая реклама,Имиджевая кампания,Повторный,Компьютер,20.54,0,0,0.0
MKT006460,2025-04-02,Email,Сезонная акция,Лояльный,Планшет,3.19,0,0,0.0
MKT003899,2025-06-02,Email,Ретаргетинг,Лояльный,Мобильное устройство,3.05,0,0,0.0
MKT004405,2025-05-12,Социальные сети,Имиджевая кампания,Повторный,Мобильное устройство,10.93,0,0,0.0
MKT008413,2025-07-25,Email,Ретаргетинг,Повторный,Компьютер,1.74,0,0,0.0
MKT008767,2025-01-04,Медийная реклама,Ретаргетинг,Повторный,Компьютер,7.44,0,0,0.0
MKT006667,2025-02-20,Социальные сети,Новый продукт,Повторный,Компьютер,10.09,0,0,0.0
MKT006078,2025-07-25,,Программа лояльности,Лояльный,Компьютер,3.82,0,0,0.0
MKT005399,2025-03-04,Email,Имиджевая кампания,Повторный,Мобильное устройство,1.56,0,0,0.0
MKT001470,2025-01-12,Email,Программа лояльности,Новый,Мобильное устройство,2.04,0,0,0.0
MKT006850,2025-04-09,Социальные сети,Новый продукт,Повторный,Компьютер,11.88,0,0,0.0
MKT003321,2025-02-27,Push,Программа лояльности,Новый,Компьютер,1.28,0,0,0.0
MKT003548,2025-08-20,Поисковая реклама,Сезонная акция,Лояльный,Мобильное устройство,17.61,0,0,0.0
MKT005509,2025-02-11,Социальные сети,Имиджевая кампания,Лояльный,Компьютер,9.25,0,0,0.0
MKT002591,2025-10-08,Push,Ретаргетинг,Лояльный,Мобильное устройство,1.23,0,0,0.0
MKT003060,2025-02-14,Email,Сезонная акция,Повторный,Мобильное устройство,1.83,1,0,0.0
MKT000425,2025-07-03,Социальные сети,Ретаргетинг,Новый,Мобильное устройство,8.47,0,0,0.0
MKT001284,2025-10-22,Поисковая реклама,Сезонная акция,Повторный,Компьютер,28.2,0,0,0.0
MKT002900,2025-02-22,Поисковая реклама,Ретаргетинг,Лояльный,Компьютер,18.74,1,0,0.0
MKT004374,2025-07-11,Push,Новый продукт,Повторный,Компьютер,1.12,0,0,0.0
MKT006937,2025-06-05,Поисковая реклама,Имиджевая кампания,Повторный,Мобильное устройство,21.28,0,0,0.0
MKT001784,2025-10-22,Push,Сезонная акция,Повторный,Компьютер,1.47,0,0,0.0
MKT009309,2025-12-20,Push,Сезонная акция,Новый,Компьютер,1.56,0,0,0.0
MKT009809,2025-06-20,Push,Сезонная акция,Повторный,Планшет,1.5,0,0,0.0
MKT005047,2025-08-01,Медийная реклама,Программа лояльности,Новый,Мобильное устройство,5.98,0,0,0.0
MKT002146,2025-09-13,,Новый продукт,Повторный,Компьютер,9.98,0,0,0.0
MKT002660,2025-08-09,Email,Ретаргетинг,Повторный,Компьютер,2.1,0,0,0.0
MKT000345,2025-08-03,Push,Имиджевая кампания,Новый,Мобильное устройство,1.34,0,0,0.0
MKT003068,2025-05-03,Поисковая реклама,Сезонная акция,Новый,Мобильное устройство,17.33,0,0,0.0
MKT006602,2025-01-25,Поисковая реклама,Новый продукт,Повторный,Мобильное устройство,29.46,0,0,0.0
MKT006289,2025-12-12,Email,Имиджевая кампания,Новый,Мобильное устройство,2.04,0,0,0.0
MKT003760,2025-12-31,Push,Ретаргетинг,Лояльный,Компьютер,1.14,1,0,0.0
MKT008436,2025-07-11,Email,Ретаргетинг,Повторный,Компьютер,1.69,0,0,0.0
MKT009333,2025-09-21,Поисковая реклама,Программа лояльности,Повторный,Планшет,17.96,0,0,0.0
MKT008006,2025-05-25,Email,Ретаргетинг,Повторный,Компьютер,1.99,0,0,0.0
MKT001150,2025-10-30,Медийная реклама,Сезонная акция,Повторный,Компьютер,10.73,0,0,0.0
MKT000074,2025-04-09,Социальные сети,Программа лояльности,Лояльный,Мобильное устройство,6.59,0,0,0.0
MKT003314,2025-04-04,Поисковая реклама,Имиджевая кампания,Новый,Мобильное устройство,28.42,0,0,0.0
MKT004554,2025-11-24,Социальные сети,Новый продукт,Новый,Компьютер,8.25,0,0,0.0
MKT003409,2025-03-25,Поисковая реклама,Ретаргетинг,Лояльный,Компьютер,18.23,0,0,0.0
MKT000689,2025-06-05,Социальные сети,Новый продукт,Лояльный,Мобильное устройство,12.78,0,0,0.0
MKT008841,2025-09-06,Поисковая реклама,Новый продукт,Повторный,Мобильное устройство,28.52,1,0,0.0
MKT006921,2025-02-04,Социальные сети,Программа лояльности,Лояльный,Планшет,9.43,0,0,0.0
MKT002861,2025-12-03,Push,Программа лояльности,Новый,Мобильное устройство,1.12,0,0,0.0
MKT009019,2025-08-30,Email,Программа лояльности,Повторный,Мобильное устройство,2.16,1,0,0.0
MKT009385,2025-12-30,Поисковая реклама,Имиджевая кампания,Новый,Компьютер,28.29,0,0,0.0
MKT001485,2025-03-22,Медийная реклама,Ретаргетинг,Новый,Мобильное устройство,4.04,1,0,0.0
MKT003354,2025-05-19,Email,Сезонная акция,Лояльный,Мобильное устройство,2.35,0,0,0.0
MKT001305,2025-10-29,Поисковая реклама,Программа лояльности,Новый,Мобильное устройство,18.9,0,0,0.0
MKT000873,2025-02-14,Социальные сети,Имиджевая кампания,Повторный,Мобильное устройство,7.28,1,0,0.0
MKT008772,2025-03-03,Email,Ретаргетинг,Новый,Мобильное устройство,2.04,0,0,0.0
MKT005069,2025-06-08,Поисковая реклама,Сезонная акция,Повторный,Мобильное устройство,24.73,0,0,0.0
MKT000526,2025-08-14,Поисковая реклама,Сезонная акция,Новый,Планшет,32.53,1,0,0.0
MKT005514,2025-07-02,Социальные сети,Программа лояльности,Лояльный,Планшет,8.63,0,0,0.0
MKT001620,2025-06-02,Социальные сети,Ретаргетинг,Новый,Компьютер,8.26,0,0,0.0
MKT004203,2025-01-13,Медийная реклама,Программа лояльности,Новый,Мобильное устройство,4.54,1,0,0.0
MKT003811,2025-03-22,Социальные сети,Новый продукт,Повторный,Мобильное устройство,8.99,0,0,0.0
MKT007994,2025-12-06,Поисковая реклама,Новый продукт,Новый,Мобильное устройство,23.7,0,0,0.0
MKT002270,2025-01-20,Email,Ретаргетинг,Лояльный,Компьютер,1.95,0,0,0.0
MKT003426,2025-03-24,Email,Новый продукт,Новый,Мобильное устройство,2.51,0,0,0.0
MKT005239,2025-07-16,Push,Ретаргетинг,Повторный,Мобильное устройство,1.78,1,0,0.0
MKT008220,2025-09-27,Медийная реклама,Имиджевая кампания,Новый,Компьютер,6.83,0,0,0.0
MKT001036,2025-09-29,Поисковая реклама,Имиджевая кампания,Новый,Компьютер,26.17,0,0,0.0
MKT005085,2025-10-21,Email,Имиджевая кампания,Новый,Мобильное устройство,2.71,0,0,0.0
MKT001338,2025-12-25,Социальные сети,Сезонная акция,Повторный,Мобильное устройство,11.83,0,0,0.0
MKT006067,2025-05-14,Социальные сети,Ретаргетинг,Новый, планшет ,5.97,0,0,0.0
MKT000058,2025-06-14,Социальные сети,Новый продукт,Новый,Компьютер,10.4,0,0,0.0
MKT009282,2025-08-23,Медийная реклама,Программа лояльности,Повторный,Мобильное устройство,5.04,0,0,0.0
MKT007548,2025-02-25,Социальные сети,Программа лояльности,Повторный,Компьютер,8.04,0,0,0.0
MKT001554,2025-08-30,Социальные сети,Ретаргетинг,Новый,Мобильное устройство,6.81,0,0,0.0
MKT009161,2025-02-24,Социальные сети,Ретаргетинг,Новый,Планшет,13.56,0,0,0.0
MKT006540,2025-07-29,Социальные сети,Имиджевая кампания,Повторный,Мобильное устройство,11.37,1,1,2450.6
MKT004791,2025-04-23,Push,Программа лояльности,Лояльный,Мобильное устройство,1.17,0,0,0.0
MKT000907,2025-05-25,Поисковая реклама,Программа лояльности,Новый,Мобильное устройство,14.68,1,0,0.0
MKT008552,2025-06-07,Push,Имиджевая кампания,Новый,Мобильное устройство,1.12,0,0,0.0
MKT004409,2025-02-05,Поисковая реклама,Имиджевая кампания,Повторный,Компьютер,30.26,0,0,0.0
MKT003979,2025-12-20,Поисковая реклама,Ретаргетинг,Лояльный,Мобильное устройство,13.97,0,0,0.0
MKT002678,2025-03-18,Push,Имиджевая кампания,Новый,Мобильное устройство,1.51,0,0,0.0
MKT001198,2025-10-02,Push,Ретаргетинг,Повторный,Мобильное устройство,1.42,0,0,0.0
MKT001507,2025-09-23,Email,Новый продукт,Лояльный,Мобильное устройство,2.07,0,0,0.0
MKT004209,2025-09-06,Email,Ретаргетинг,Повторный,Компьютер,2.19,0,0,0.0
MKT000648,2025-06-04,Социальные сети,Имиджевая кампания,Лояльный,Мобильное устройство,11.56,0,0,0.0
MKT009753,2025-12-12,Социальные сети,Программа лояльности,Новый,Мобильное устройство,9.8,0,0,0.0
MKT005076,2025-11-09,Социальные сети,Новый продукт,Повторный,Компьютер,12.74,0,0,0.0
MKT004772,2025-09-24,Поисковая реклама,Сезонная акция,Лояльный,Мобильное устройство,18.84,1,0,0.0
MKT003841,2025-08-23,Поисковая реклама,Сезонная акция,Новый,Мобильное устройство,14.33,0,0,0.0
MKT006560,2025-03-01,Медийная реклама,Имиджевая кампания,Новый,Мобильное устройство,7.7,0,0,0.0
MKT005742,2025-03-24,Поисковая реклама,Ретаргетинг,Новый,Мобильное устройство,17.04,0,0,0.0
MKT006048,2025-05-08,Push,Новый продукт,Новый,Компьютер,1.86,0,0,0.0
MKT004617,2025-02-15,Медийная реклама,Ретаргетинг,Повторный,Мобильное устройство,7.17,0,0,0.0
MKT005204,2025-08-27,Поисковая реклама,Программа лояльности,Повторный,Компьютер,17.3,0,0,0.0
MKT000826,2025-05-09,Поисковая реклама,Сезонная акция,Лояльный,Мобильное устройство,22.72,0,0,0.0
MKT007376,2025-06-09,Медийная реклама,Новый продукт,Повторный,Мобильное устройство,9.71,0,0,0.0
MKT009509,2025-02-27,Социальные сети,Программа лояльности,Новый,Планшет,8.22,0,0,0.0
MKT007550,2025-04-09,Push,Ретаргетинг,Повторный,Мобильное устройство,1.04,1,0,0.0
MKT006936,2025-02-12,Поисковая реклама,Новый продукт,Лояльный,Мобильное устройство,16.93,1,0,0.0
MKT008251,2025-11-25,Email,Сезонная акция,Лояльный,Мобильное устройство,2.59,0,0,0.0
MKT006920,2025-10-16,Медийная реклама,Сезонная акция,Новый,Мобильное устройство,8.06,0,0,0.0
MKT006032,2025-01-10,Email,Новый продукт,Новый,Мобильное устройство,1.42,0,0,0.0
MKT000584,2025-12-31,Социальные сети,Сезонная акция,Повторный,Компьютер,7.52,0,0,0.0
MKT006098,2025-01-11,Социальные сети,Новый продукт,Повторный,Мобильное устройство,8.61,1,1,4887.98
MKT008993,2025-06-03,Социальные сети,Сезонная акция,Новый,Мобильное устройство,8.53,1,1,4424.77
MKT000555,2025-03-29,Поисковая реклама,Сезонная акция,Новый,Компьютер,15.35,0,0,0.0
MKT007127,2025-05-15,Социальные сети,Сезонная акция,Новый,Мобильное устройство,11.76,0,0,0.0
MKT000331,2025-03-02,Поисковая реклама,Имиджевая кампания,Повторный,Компьютер,23.97,0,0,0.0
MKT005873,2025-06-10,Поисковая реклама,Сезонная акция,Повторный,Компьютер,16.06,0,0,0.0
MKT001315,2025-04-22,Поисковая реклама,Новый продукт,Лояльный,Мобильное устройство,26.31,0,0,0.0
MKT001508,2025-04-02,Медийная реклама,Ретаргетинг,Новый,Мобильное устройство,11.34,0,0,0.0
MKT007042,2025-08-06,Социальные сети,Программа лояльности,Повторный,Мобильное устройство,9.07,0,0,0.0
MKT009725,2025-04-28,Поисковая реклама,Сезонная акция,Новый,Мобильное устройство,23.09,1,0,0.0
MKT008016,2025-10-28,Email,Новый продукт,Повторный,Мобильное устройство,2.91,0,0,0.0
MKT007795,2025-09-19,Медийная реклама,Имиджевая кампания,Новый,Мобильное устройство,5.61,0,0,0.0
MKT001768,2025-01-30,Социальные сети,Сезонная акция,Новый,Мобильное устройство,8.71,0,0,0.0
MKT006181,2025-01-14,Email,Сезонная акция,Новый,Компьютер,2.07,0,0,0.0
MKT009295,2025-01-03,Медийная реклама,Имиджевая кампания,Лояльный,Компьютер,6.28,0,0,0.0
MKT004937,2025-02-15,Поисковая реклама,Ретаргетинг,Новый,Мобильное устройство,11.54,1,0,0.0
MKT001052,2025-03-21,Медийная реклама,Программа лояльности,Повторный,Мобильное устройство,6.71,0,0,0.0
MKT003509,2025-03-18,Поисковая реклама,Имиджевая кампания,Лояльный,Мобильное устройство,27.31,0,0,0.0
MKT007999,2025-11-14,Push,Ретаргетинг,Новый,Мобильное устройство,1.74,0,0,0.0
MKT007933,2025-01-19,Социальные сети,Программа лояльности,Новый,Компьютер,13.04,0,0,0.0
MKT006929,2025-03-01,Email,Новый продукт,Лояльный,Мобильное устройство,2.4,1,1,3413.4
MKT002477,2025-03-22,Push,Ретаргетинг,Лояльный,Мобильное устройство,1.6,1,1,3847.18
MKT006056,2025-08-01,Email,Новый продукт,Лояльный,Мобильное устройство,2.47,1,0,0.0
MKT002500,2025-11-05,Социальные сети,Программа лояльности,Лояльный,Компьютер,5.05,0,0,0.0
MKT005998,2025-12-20,Email,Новый продукт,Новый,Планшет,3.04,0,0,0.0
MKT006449,2025-02-10,Поисковая реклама,Ретаргетинг,Повторный,Мобильное устройство,18.55,0,0,0.0
MKT004018,2025-04-22,Поисковая реклама,Новый продукт,Повторный,Компьютер,26.85,0,0,0.0
MKT005016,2025-05-12,Социальные сети,Программа лояльности,Повторный,Мобильное устройство,9.93,0,0,0.0
MKT006943,2025-07-13,Социальные сети,Программа лояльности,Новый,Мобильное устройство,5.82,0,0,0.0
MKT009871,2025-07-21,Социальные сети,Имиджевая кампания,Новый,Компьютер,11.57,0,0,0.0
MKT006653,2025-04-12,Email,Новый продукт,Лояльный,Компьютер,2.6,0,0,0.0
MKT004603,2025-02-06,Поисковая реклама,Имиджевая кампания,Лояльный,Мобильное устройство,20.31,0,0,0.0
MKT002558,2025-04-03,Социальные сети,Ретаргетинг,Лояльный,Мобильное устройство,9.48,0,0,0.0
MKT007751,2025-11-06,Push,Сезонная акция,Повторный,Компьютер,1.52,1,0,0.0
MKT006704,2025-01-30,Email,Ретаргетинг,Повторный,Мобильное устройство,3.51,0,0,0.0
MKT009826,2025-01-13,Социальные сети,Ретаргетинг,Лояльный,Планшет,11.65,0,0,0.0
MKT005199,2025-03-03,Медийная реклама,Ретаргетинг,Повторный,Компьютер,6.47,0,0,0.0
MKT006447,2025-12-03,Push,Ретаргетинг,Повторный,Мобильное устройство,1.08,0,0,0.0
MKT005368,2025-02-24,Push,Сезонная акция,Новый,Компьютер,1.81,0,0,0.0
MKT009676,2025-09-22,Социальные сети,Сезонная акция,Повторный,Мобильное устройство,13.76,0,0,0.0
MKT006034,2025-10-14,Push,Сезонная акция,Повторный,Мобильное устройство,1.61,1,0,0.0
MKT006649,2025-09-29,Email,Имиджевая кампания,Повторный,Мобильное устройство,1.6,0,0,0.0
MKT005259,03.10.2025,Email,Сезонная акция,Повторный,Мобильное устройство,1.67,0,0,0.0
MKT003117,2025-04-26,Push,Новый продукт,Лояльный,Мобильное устройство,2.16,0,0,0.0
MKT000110,2025-12-05,Поисковая реклама,Программа лояльности,Лояльный,Мобильное устройство,13.44,0,0,0.0
MKT000661,2025-07-23,Push,Ретаргетинг,Новый,Мобильное устройство,1.42,0,0,0.0
MKT008130,2025-02-17,Push,Новый продукт,Новый,Мобильное устройство,1.51,0,0,0.0
MKT004036,2025-11-22,Push,Сезонная акция,Повторный,Мобильное устройство,1.58,0,0,0.0
MKT007695,2025-01-09,Медийная реклама,Ретаргетинг,Повторный,Мобильное устройство,6.3,1,0,0.0
MKT004709,2025-03-10,Поисковая реклама,Ретаргетинг,Новый,Компьютер,20.26,0,0,0.0
MKT004082,2025-11-29,Медийная реклама,Ретаргетинг,Новый,Мобильное устройство,7.99,1,0,0.0
MKT000028,2025-11-21,Email,Сезонная акция,Новый,Планшет,1.81,0,0,0.0
MKT004113,28.11.2025,Поисковая реклама,Ретаргетинг,Новый,Мобильное устройство,23.84,0,0,0.0
MKT007111,2025-06-30,Медийная реклама,Программа лояльности,Повторный,Мобильное устройство,5.62,0,0,0.0
MKT003464,2025-09-03,Социальные сети,Имиджевая кампания,Новый,Компьютер,8.74,1,0,0.0
MKT000399,2025-05-31,Социальные сети,Имиджевая кампания,Лояльный,Мобильное устройство,14.91,1,0,0.0
MKT003737,2025-04-12,Email,Программа лояльности,Лояльный,Компьютер,1.21,0,0,0.0
MKT008123,2025-04-18,Медийная реклама,Программа лояльности,Повторный,Компьютер,5.24,0,0,0.0
MKT008193,2025-10-30,Email,Программа лояльности,Повторный,Мобильное устройство,3.01,0,0,0.0
MKT001703,2025-01-26,Email,Сезонная акция,Повторный,Мобильное устройство,2.27,0,0,0.0
MKT006497,2025-05-11,Поисковая реклама,Сезонная акция,Повторный,Мобильное устройство,25.15,0,0,0.0
MKT009320,2025-03-20,Социальные сети,Программа лояльности,Повторный,Компьютер,7.61,0,0,0.0
MKT007651,2025-08-24,Социальные сети,Имиджевая кампания,Лояльный,Компьютер,10.49,0,0,0.0
MKT009788,2025-12-27,Медийная реклама,Новый продукт,Лояльный,Мобильное устройство,7.54,1,0,0.0
MKT001781,2025-05-15,Email,Сезонная акция,Лояльный,Мобильное устройство,2.35,0,0,0.0
MKT009407,2025-10-14,Push,Программа лояльности,Новый,Мобильное устройство,1.08,0,0,0.0
MKT001975,2025-07-15,Социальные сети,Имиджевая кампания,Новый,Компьютер,13.93,0,0,0.0
MKT005877,2025-05-20,Поисковая реклама,Новый продукт,Повторный,Планшет,21.23,0,0,0.0
MKT006533,2025-09-06,Поисковая реклама,Новый продукт,Повторный,Мобильное устройство,23.28,0,0,0.0
MKT006829,2025-02-15,Социальные сети,Новый продукт,Новый,Мобильное устройство,6.38,0,0,0.0
MKT007118,2025-03-09,Медийная реклама,Программа лояльности,Повторный,Мобильное устройство,7.18,0,0,0.0
MKT006995,2025-02-15,Медийная реклама,Имиджевая кампания,Повторный,Мобильное устройство,6.71,0,0,0.0
MKT002216,2025-12-20,Email,Новый продукт,Новый,Мобильное устройство,2.22,0,0,0.0
MKT000267,2025-09-04,Социальные сети,Ретаргетинг,Новый,Планшет,7.89,0,0,0.0
MKT006453,2025-03-20,Email,Ретаргетинг,Повторный,Мобильное устройство,1.74,0,0,0.0
MKT008553,2025-05-29,Email,Ретаргетинг,Новый,Компьютер,2.01,1,0,0.0
MKT004281,2025-10-31,Push,Программа лояльности,Новый,Компьютер,1.16,0,0,0.0
MKT007515,2025-02-06,Социальные сети,Имиджевая кампания,Лояльный,Мобильное устройство,8.06,0,0,0.0
MKT007617,2025-06-14,Push,Ретаргетинг,Новый,Мобильное устройство,1.35,0,0,0.0
MKT006183,2025-03-21,Email,Имиджевая кампания,Новый,Компьютер,3.94,0,0,0.0
MKT004114,2025-01-25,Социальные сети,Программа лояльности,Новый,Мобильное устройство,7.75,0,0,0.0
MKT001740,2025-02-08,Email,Имиджевая кампания,Новый,Мобильное устройство,2.04,0,0,0.0
MKT003975,2025-06-03,Поисковая реклама,Новый продукт,Новый,Мобильное устройство,31.13,0,0,0.0
MKT004093,2025-03-28,Email,Сезонная акция,Новый,Мобильное устройство,1.86,0,0,0.0
MKT008043,2025-10-09,Социальные сети,Новый продукт,Новый,Мобильное устройство,,0,0,0.0
MKT008864,2025-08-06,Поисковая реклама,Сезонная акция,Новый,Мобильное устройство,20.18,0,0,0.0
MKT002992,2025-07-02,Социальные сети,Новый продукт,Повторный,Мобильное устройство,14.04,0,0,0.0
MKT007912,2025-04-28,Поисковая реклама,Программа лояльности,Повторный,Мобильное устройство,15.19,0,0,0.0
MKT000696,2025-06-23,Поисковая реклама,Программа лояльности,Повторный,Мобильное устройство,16.07,0,0,0.0
MKT005211,2025-01-27,Социальные сети,Сезонная акция,Новый,Планшет,6.91,0,0,0.0
MKT008380,2025-04-28,,Ретаргетинг,Новый,Мобильное устройство,1.18,0,0,0.0
MKT002083,2025-09-19,Поисковая реклама,Сезонная акция,Повторный,Мобильное устройство,18.7,1,0,0.0
MKT004842,2025-09-13,Push,Сезонная акция,Повторный,Мобильное устройство,1.74,0,0,0.0
MKT009586,2025-04-28,Медийная реклама,Ретаргетинг,Новый,Планшет,6.61,0,0,0.0
MKT001452,2025-08-07,Push,Сезонная акция,Новый,Мобильное устройство,1.19,0,0,0.0
MKT001835,2025-11-29,Социальные сети,Новый продукт,Новый,Мобильное устройство,14.95,0,0,0.0
MKT007417,2025-11-27,Email,Программа лояльности,Лояльный,Планшет,1.24,0,0,0.0
MKT004393,2025-04-03,Поисковая реклама,Имиджевая кампания,Новый,Мобильное устройство,23.39,0,0,0.0
MKT004849,2025-04-29,Push,Имиджевая кампания,Повторный,Мобильное устройство,1.22,0,0,0.0
MKT008291,2025-12-13,Социальные сети,Имиджевая кампания,Лояльный,Мобильное устройство,9.94,1,0,0.0
MKT005540,2025-06-28,Медийная реклама,Сезонная акция,Повторный,Планшет,6.53,0,0,0.0
MKT004762,2025-06-22,Push,Имиджевая кампания,Новый,Мобильное устройство,1.5,0,0,0.0
MKT001159,2025-03-28,Email,Новый продукт,Новый,Мобильное устройство,2.63,0,0,0.0
MKT001665,2025-06-04,Поисковая реклама,Новый продукт,Повторный,Компьютер,28.81,0,0,0.0
MKT001771,2025-07-07,Социальные сети,Новый продукт,Новый,Мобильное устройство,8.65,0,0,0.0
MKT000208,2025-06-27,Поисковая реклама,Сезонная акция,Новый,Мобильное устройство,18.17,0,0,0.0
MKT000640,2025-03-28,Поисковая реклама,Новый продукт,Повторный,Компьютер,15.89,0,0,0.0
MKT007005,2025-01-08,Поисковая реклама,Новый продукт,Повторный,Компьютер,19.16,0,0,0.0
MKT008774,2025-10-06,Push,Новый продукт,Новый,Мобильное устройство,1.48,0,0,0.0
MKT003972,2025-05-05,Push,Ретаргетинг,Новый,Мобильное устройство,1.82,0,0,0.0
MKT008573,2025-09-11,Поисковая реклама,Ретаргетинг,Новый,Компьютер,16.13,0,0,0.0
MKT005018,2025-01-16,Поисковая реклама,Новый продукт,Новый,Компьютер,29.4,0,0,0.0
MKT007475,2025-03-27,Email,Программа лояльности,Новый,Мобильное устройство,2.54,0,0,0.0
MKT004461,2025-03-31,Email,Ретаргетинг,Лояльный,Мобильное устройство,2.05,0,0,0.0
MKT001489,2025-05-09,Email,Сезонная акция,Новый,Мобильное устройство,2.07,0,0,0.0
MKT004320,2025-04-16,Email,Сезонная акция,Новый,Мобильное устройство,2.31,0,0,0.0
MKT008816,2025-08-14,Поисковая реклама,Новый продукт,Новый,Мобильное устройство,26.62,0,0,0.0
MKT006100,2025-07-17,Медийная реклама,Имиджевая кампания,Повторный,Компьютер,6.17,0,0,0.0
MKT005492,2025-11-12,ПОИСКОВАЯ РЕКЛАМА,Имиджевая кампания,Повторный,Мобильное устройство,27.42,0,0,0.0
MKT004802,08.08.2025,Email,Имиджевая кампания,Повторный,Мобильное устройство,1.84,0,0,0.0
MKT009597,2025-06-10,Email,Новый продукт,Повторный,Компьютер,1.59,0,0,0.0
MKT009362,2025-07-28,Push,Программа лояльности,Лояльный,Компьютер,1.22,0,0,0.0
MKT004676,2025-08-05,Push,Программа лояльности,Повторный,Мобильное устройство,1.0,0,0,0.0
MKT009763,2025-11-12,Социальные сети,Новый продукт,Новый,Мобильное устройство,13.45,0,0,0.0
MKT000686,2025-08-26,Медийная реклама,Имиджевая кампания,Новый,Мобильное устройство,8.02,0,0,0.0
MKT009361,2025-01-18,Поисковая реклама,Ретаргетинг,Новый,Мобильное устройство,18.15,0,0,0.0
MKT006862,2025-01-08,Социальные сети,Новый продукт,Новый,Мобильное устройство,9.0,0,0,0.0
MKT002579,2025-01-20,Поисковая реклама,Ретаргетинг,Новый,Мобильное устройство,14.66,0,0,0.0
MKT006073,2025-12-03,Социальные сети,Имиджевая кампания,Новый,Мобильное устройство,10.47,0,0,0.0
MKT008143,2025-08-29,Email,Новый продукт,Новый,Мобильное устройство,2.74,0,0,0.0
MKT005804,2025-06-01,Push,Сезонная акция,Новый,Мобильное устройство,1.39,0,0,0.0
MKT005752,2025-04-22,Push,Ретаргетинг,Повторный,Компьютер,2.06,0,0,0.0
MKT000628,2025-09-05,Email,Ретаргетинг,Новый,Мобильное устройство,2.85,0,0,0.0
MKT006069,2025-03-27,Email,Сезонная акция,Повторный,Мобильное устройство,1.9,0,0,0.0
MKT003449,2025-05-11,Социальные сети,Имиджевая кампания,Повторный,Планшет,13.11,0,0,0.0
MKT000228,2025-10-11,Email,Программа лояльности,Лояльный,Мобильное устройство,1.57,1,1,9395.57
MKT004239,2025-04-12,Поисковая реклама,Программа лояльности,Повторный,Мобильное устройство,19.73,1,1,3921.05
MKT001259,2025-09-28,Медийная реклама,Новый продукт,Новый,Мобильное устройство,8.1,0,0,0.0
MKT006043,2025-02-06,Социальные сети,Ретаргетинг,Новый,Мобильное устройство,11.48,0,0,0.0
MKT002095,2025-01-15,Социальные сети,Новый продукт,Повторный,Компьютер,12.68,1,0,0.0
MKT000785,2025-01-25,Поисковая реклама,Новый продукт,Повторный,Мобильное устройство,26.71,0,0,0.0
MKT004508,2025-03-09,Поисковая реклама,Имиджевая кампания,Новый,Мобильное устройство,20.62,0,0,0.0
MKT001387,2025-05-24,Поисковая реклама,Программа лояльности,Повторный,Мобильное устройство,16.81,0,0,0.0
MKT006605,2025-07-31,Медийная реклама,Новый продукт,Повторный,Компьютер,8.61,0,0,0.0
MKT007362,2025-05-24,Социальные сети,Программа лояльности,Повторный,Компьютер,7.74,0,0,0.0
MKT005082,2025-05-19,Социальные сети,Ретаргетинг,Лояльный,Мобильное устройство,7.08,1,1,5046.56
MKT002103,2025-10-18,Социальные сети,Ретаргетинг,Лояльный,Мобильное устройство,12.06,0,0,0.0
MKT003348,2025-01-11,Поисковая реклама,Ретаргетинг,Повторный,Планшет,22.45,1,0,0.0
MKT009344,2025-03-15,Поисковая реклама,Ретаргетинг,Лояльный,Компьютер,21.8,0,0,0.0
MKT008122,2025-07-20,Социальные сети,Ретаргетинг,Новый,Компьютер,7.7,0,0,0.0
MKT000811,2025-02-10,,Ретаргетинг,Лояльный,Мобильное устройство,4.96,0,0,0.0
MKT002110,2025-06-09,Медийная реклама,Ретаргетинг,Повторный,Мобильное устройство,9.32,0,0,0.0
MKT006191,2025-11-13,Медийная реклама,Имиджевая кампания,Повторный,Мобильное устройство,5.42,0,0,0.0
MKT003952,2025-10-19,Push,Программа лояльности,Новый,Мобильное устройство,1.39,0,0,0.0
MKT000887,2025-01-19,Социальные сети,Ретаргетинг,Лояльный,Мобильное устройство,10.16,0,0,0.0
MKT004477,2025-12-17,Email,Программа лояльности,Лояльный,Мобильное устройство,2.05,0,0,0.0
MKT006702,2025-03-26,Социальные сети,Ретаргетинг,Повторный,Мобильное устройство,10.17,1,0,0.0
MKT000773,2025-10-18,Email,Имиджевая кампания,Повторный,Мобильное устройство,2.4,0,0,0.0
MKT001755,2025-11-11,Социальные сети,Ретаргетинг,Лояльный,Компьютер,11.44,0,0,0.0
MKT000758,2025-08-13,Push,Ретаргетинг,Лояльный,Мобильное устройство,1.32,1,1,7091.36
MKT008569,2025-08-10,Поисковая реклама,Ретаргетинг,Новый,Планшет,15.8,0,0,0.0
MKT001778,2025-05-21,Социальные сети,Ретаргетинг,Новый,Мобильное устройство,7.59,0,0,0.0
MKT005043,2025-02-10,Email,Сезонная акция,Повторный,Мобильное устройство,2.75,0,0,0.0
MKT002483,2025-04-25,Поисковая реклама,Имиджевая кампания,Повторный,Компьютер,21.29,0,0,0.0
MKT008207,2025-10-24,Email,Новый продукт,Новый,Мобильное устройство,2.02,0,0,0.0
MKT007000,2025-02-09,Email,Программа лояльности,Лояльный,Мобильное устройство,2.52,0,0,0.0
MKT002022,2025-02-19,Поисковая реклама,Имиджевая кампания,Повторный,Мобильное устройство,12.96,0,0,0.0
MKT008236,2025-02-04,Медийная реклама,Имиджевая кампания,Повторный,Компьютер,5.53,0,0,0.0
MKT007342,2025-01-19,Email,Имиджевая кампания,Лояльный,Мобильное устройство,3.05,0,0,0.0
MKT005277,2025-01-09,Поисковая реклама,Программа лояльности,Новый,Мобильное устройство,17.81,1,0,0.0
MKT003243,2025-02-16,Push,Имиджевая кампания,Повторный,Мобильное устройство,2.17,0,0,0.0
MKT003360,2025-10-19,Медийная реклама,Сезонная акция,Новый,Планшет,5.56,0,0,0.0
MKT004681,2025-10-11,Поисковая реклама,Новый продукт,Повторный,Мобильное устройство,19.29,0,0,0.0
MKT008758,2025-06-25,Поисковая реклама,Сезонная акция,Новый,Компьютер,26.91,1,0,0.0
MKT005751,2025-08-16,Push,Программа лояльности,Лояльный,Мобильное устройство,1.39,0,0,0.0
MKT002340,2025-08-04,Email,Сезонная акция,Новый,Мобильное устройство,2.79,0,0,0.0
MKT001347,2025-05-14,Email,Сезонная акция,Новый,Мобильное устройство,2.7,0,0,0.0
MKT001931,2025-06-24,Социальные сети,Программа лояльности,Новый,Мобильное устройство,8.03,0,0,0.0
MKT002549,2025-09-05,Email,Новый продукт,Новый,Мобильное устройство,1.82,0,0,0.0
MKT009348,2025-05-15,Email,Программа лояльности,Повторный,Мобильное устройство,2.28,0,0,0.0
MKT000678,2025-11-30,Социальные сети,Имиджевая кампания,Повторный,Мобильное устройство,7.38,0,0,0.0
MKT009559,2025-12-19,Социальные сети,Имиджевая кампания,Новый,Компьютер,10.61,0,0,0.0
MKT009199,2025-01-15,Медийная реклама,Новый продукт,Новый,Компьютер,4.98,0,0,0.0
MKT007032,2025-04-16,Поисковая реклама,Ретаргетинг,Повторный,Компьютер,15.72,0,0,0.0
MKT004333,2025-06-01,Email,Сезонная акция,Новый,Мобильное устройство,3.24,0,0,0.0
MKT009786,2025-03-13,Социальные сети,Сезонная акция,Повторный,Компьютер,8.91,0,0,0.0
MKT000902,2025-02-05,Email,Новый продукт,Повторный,Мобильное устройство,2.03,0,0,0.0
MKT002932,2025-09-10,Push,Ретаргетинг,Новый,Планшет,1.12,0,0,0.0
MKT001537,2025-06-28,Email,Программа лояльности,Повторный,Мобильное устройство,1.99,0,0,0.0
MKT004476,2025-11-02,Социальные сети,Ретаргетинг,Лояльный,Мобильное устройство,6.47,0,0,0.0
MKT003677,2025-09-12,Email,Новый продукт,Лояльный,Мобильное устройство,2.35,0,0,0.0
MKT008338,2025-07-27,Медийная реклама,Программа лояльности,Новый,Мобильное устройство,6.08,0,0,0.0
MKT006404,2025-05-12,Социальные сети,Программа лояльности,Лояльный,Мобильное устройство,11.22,0,0,0.0
MKT005228,2025-01-31,Медийная реклама,Имиджевая кампания,Повторный,Компьютер,5.71,0,0,0.0
MKT006681,2025-06-14,Поисковая реклама,Имиджевая кампания,Повторный,Компьютер,19.74,0,1,0.0
MKT007716,2025-09-03,Социальные сети,Имиджевая кампания,Новый,Компьютер,10.56,0,0,0.0
MKT003516,2025-08-18,Поисковая реклама,Сезонная акция,Лояльный,Мобильное устройство,18.2,1,0,0.0
MKT004929,2025-11-19,Push,Имиджевая кампания,Повторный,Мобильное устройство,0.91,0,0,0.0
MKT005520,2025-06-13,Социальные сети,Ретаргетинг,Новый,Компьютер,10.36,0,0,0.0
MKT003721,2025-05-19,Push,Новый продукт,Новый,Компьютер,1.78,0,0,0.0
MKT008851,2025-09-21,Социальные сети,Сезонная акция,Повторный,Компьютер,14.58,0,0,0.0
MKT008203,2025-08-28,Поисковая реклама,Ретаргетинг,Повторный,Мобильное устройство,20.21,0,0,0.0
MKT005241,2025-05-23,Push,Сезонная акция,Новый,Мобильное устройство,1.91,0,1,0.0
MKT005838,2025-09-28,Email,Новый продукт,Повторный,Мобильное устройство,3.29,0,0,0.0
MKT008232,2025-07-14,Медийная реклама,Новый продукт,Повторный,Мобильное устройство,4.88,0,0,0.0
MKT000733,2025-12-11,Поисковая реклама,Новый продукт,Повторный,Компьютер,19.29,0,0,0.0
MKT003206,2025-08-23,Медийная реклама,Имиджевая кампания,Повторный,Мобильное устройство,5.91,0,0,0.0
MKT005917,2025-12-31,Социальные сети,Имиджевая кампания,Повторный,Мобильное устройство,9.46,0,0,0.0
MKT004118,2025-05-14,Социальные сети,Сезонная акция,Повторный,Компьютер,10.75,0,0,0.0
MKT003640,2025-05-27,Медийная реклама,Сезонная акция,Повторный,Компьютер,8.77,1,0,0.0
MKT007551,2025-01-30,Поисковая реклама,Сезонная акция,Лояльный,Мобильное устройство,26.69,0,0,0.0
MKT000862,2025-01-15,Медийная реклама,Имиджевая кампания,Лояльный,Мобильное устройство,5.23,1,0,0.0
MKT005192,2025-02-08,Email,Имиджевая кампания,Новый,Мобильное устройство,2.01,0,0,0.0
MKT004578,2025-10-16,Push,Программа лояльности,Повторный,Мобильное устройство,1.71,1,0,0.0
MKT009023,2025-05-21,Email,Сезонная акция,ПОВТОРНЫЙ,Компьютер,2.59,0,0,0.0
MKT000096,2025-07-07,Email,Имиджевая кампания,Новый,Мобильное устройство,2.28,0,0,0.0
MKT006170,2025-04-04,Медийная реклама,Имиджевая кампания,Повторный,Мобильное устройство,7.34,0,0,0.0
MKT003824,2025-09-07,Email,Имиджевая кампания,Лояльный,Компьютер,3.57,1,0,0.0
MKT002064,2025-06-28,Email,Программа лояльности,Повторный,Компьютер,1.61,0,0,0.0
MKT006759,2025-02-18,Email,Ретаргетинг,Новый,Мобильное устройство,2.22,1,0,0.0
MKT004557,2025-01-25,Поисковая реклама,Новый продукт,Повторный,мобильное ,21.88,0,0,0.0
MKT002421,2025-09-08,Социальные сети,Программа лояльности,Новый,Планшет,6.14,0,0,0.0
MKT000123,2025-08-09,Push,Имиджевая кампания,Новый,Компьютер,1.61,0,0,0.0
MKT009900,2025-09-08,Поисковая реклама,Новый продукт,Новый,Компьютер,31.48,0,0,0.0
MKT004058,2025-08-28,Социальные сети,Сезонная акция,Новый,Компьютер,7.92,1,0,0.0
MKT009831,2025-09-07,Поисковая реклама,Ретаргетинг,Лояльный,Мобильное устройство,30.39,1,0,0.0
MKT002098,2025-03-07,Медийная реклама,Сезонная акция,Новый,Мобильное устройство,5.41,0,0,0.0
MKT002327,2025-01-07,Социальные сети,Программа лояльности,Лояльный,Мобильное устройство,7.3,0,0,0.0
MKT007802,2025-03-12,Социальные сети,Новый продукт,Повторный,Мобильное устройство,10.06,0,0,0.0
MKT008815,2025-06-12,Email,Имиджевая кампания,Повторный,Мобильное устройство,2.19,0,0,0.0
MKT006713,2025-05-31,Медийная реклама,Программа лояльности,Новый,Компьютер,4.61,0,0,0.0
MKT009448,2025-01-02,Email,Новый продукт,Повторный,Мобильное устройство,2.48,0,0,0.0
MKT002127,2025-08-10,Email,Новый продукт,Повторный,Мобильное устройство,2.58,0,0,0.0
MKT002649,2025-06-28,Email,Сезонная акция,Новый,Мобильное устройство,3.25,1,0,0.0
MKT002458,2025-08-24,Email,Новый продукт,Новый,Мобильное устройство,1.86,0,0,0.0
MKT002280,2025-08-17,Push,Имиджевая кампания,Повторный,Мобильное устройство,1.34,0,0,0.0
MKT003706,2025-11-26,Поисковая реклама,Ретаргетинг,Новый,Компьютер,31.35,0,0,0.0
MKT005386,2025-03-22,Поисковая реклама,Ретаргетинг,Лояльный,Мобильное устройство,15.19,0,0,0.0
MKT006030,2025-09-02,Поисковая реклама,Сезонная акция,Повторный,Мобильное устройство,22.6,0,0,0.0
MKT001365,2025-08-24,Социальные сети,Программа лояльности,ПОВТОРНЫЙ,Компьютер,7.96,0,0,0.0
MKT002820,2025-12-02,Email,Новый продукт,Повторный,Мобильное устройство,2.39,0,0,0.0
MKT003254,2025-05-30,Социальные сети,Ретаргетинг,Повторный,Компьютер,6.97,0,0,0.0
MKT007985,2025-11-07,Email,Имиджевая кампания,Повторный,Мобильное устройство,2.68,0,0,0.0
MKT002256,2025-03-09,Медийная реклама,Ретаргетинг,Повторный,Мобильное устройство,9.15,0,0,0.0
MKT006520,2025-06-23,Медийная реклама,Новый продукт,Повторный,Мобильное устройство,6.41,0,0,0.0
MKT000119,2025-12-28,Социальные сети,Ретаргетинг,Новый,Мобильное устройство,8.49,1,1,2474.02
MKT002791,2025-05-27,Push,Сезонная акция,Новый,Мобильное устройство,1.35,0,0,0.0
MKT003930,2025-07-15,Социальные сети,Ретаргетинг,Новый,Мобильное устройство,6.43,0,0,0.0
MKT000512,2025-10-13,Поисковая реклама,Ретаргетинг,Новый,Компьютер,11.11,0,0,0.0
MKT009810,2025-10-07,Поисковая реклама,Ретаргетинг,Повторный,Компьютер,21.6,0,0,0.0
MKT002284,2025-08-06,Push,Имиджевая кампания,Лояльный,Мобильное устройство,1.28,0,0,0.0
MKT002048,2025-10-16,Push,Программа лояльности,Лояльный,Мобильное устройство,1.08,0,0,0.0
MKT002882,2025-07-19,Email,Имиджевая кампания,Повторный,Компьютер,2.7,1,0,0.0
MKT008134,2025-04-26,Email,Новый продукт,Повторный,Мобильное устройство,3.14,0,0,0.0
MKT009953,2025-06-11,Push,Ретаргетинг,Новый,Мобильное устройство,1.35,0,0,0.0
MKT007385,2025-02-16,Email,Программа лояльности,Повторный,Мобильное устройство,1.86,1,0,0.0
MKT000212,2025-05-31,Email,Программа лояльности,ПОВТОРНЫЙ,Мобильное устройство,1.95,0,0,0.0
MKT008443,2025-03-10,Email,Имиджевая кампания,Новый,Мобильное устройство,2.32,0,0,0.0
MKT001236,2025-12-01,Email,Имиджевая кампания,Новый,Мобильное устройство,1.84,0,0,0.0
MKT007128,2025-07-09,Поисковая реклама,Сезонная акция,Повторный,Мобильное устройство,24.41,0,0,0.0
MKT002411,24.06.2025,Социальные сети,Ретаргетинг,Повторный,Мобильное устройство,11.94,1,0,0.0
MKT006553,2025-07-05,Социальные сети,Сезонная акция,Лояльный,Мобильное устройство,8.27,0,0,0.0
MKT009729,2025-08-10,Поисковая реклама,Программа лояльности,Новый,Компьютер,15.32,0,0,0.0
MKT002364,2025-05-08,Социальные сети,Новый продукт,Лояльный,Мобильное устройство,13.08,0,0,0.0
MKT009623,2025-03-16,Поисковая реклама,Новый продукт,Лояльный,Компьютер,23.97,0,0,7513.0
MKT006689,2025-03-01,Push,Ретаргетинг,Повторный,Компьютер,1.01,0,0,0.0
MKT004091,2025-06-23,Поисковая реклама,Имиджевая кампания,Новый,Мобильное устройство,23.94,1,0,0.0
MKT009549,2025-03-24,Социальные сети,Сезонная акция,Повторный,Мобильное устройство,10.16,0,0,0.0
MKT000981,2025-09-29,Поисковая реклама,Сезонная акция,Новый,Компьютер,18.62,0,0,0.0
MKT002244,2025-01-02,Email,Ретаргетинг,Повторный,Мобильное устройство,2.39,0,0,0.0
MKT004784,2025-11-14,Поисковая реклама,Имиджевая кампания,Новый,Мобильное устройство,19.23,0,0,0.0
MKT002430,2025-04-29,Медийная реклама,Ретаргетинг,Повторный,Мобильное устройство,4.91,0,0,0.0
MKT000896,2025-08-21,Медийная реклама,Имиджевая кампания,Повторный,Мобильное устройство,8.46,0,0,0.0
MKT008970,2025-08-18,Социальные сети,Новый продукт,Повторный,Компьютер,12.88,0,0,0.0
MKT006973,2025-02-01,Push,Имиджевая кампания,Новый,Мобильное устройство,1.89,0,0,0.0
MKT008355,2025-08-24,Поисковая реклама,Имиджевая кампания,Лояльный,Мобильное устройство,23.92,0,0,0.0
MKT009024,2025-04-21,Email,Программа лояльности,Новый,Мобильное устройство,1.63,0,0,0.0
MKT002518,2025-02-04,Email,Новый продукт,Новый,Мобильное устройство,1.48,0,0,0.0
MKT004260,2025-12-29,Поисковая реклама,Ретаргетинг,Повторный,Мобильное устройство,23.24,0,0,0.0
MKT009275,2025-07-13,Email,Сезонная акция,Повторный,Мобильное устройство,3.79,0,0,0.0
MKT007797,2025-05-15,Социальные сети,Ретаргетинг,Новый,Мобильное устройство,9.06,0,0,0.0
MKT008472,2025-06-01,Социальные сети,Имиджевая кампания,Новый,Мобильное устройство,10.76,0,0,0.0
MKT007686,2025-11-01,Поисковая реклама,Ретаргетинг,Повторный,Мобильное устройство,23.59,1,1,3626.48
MKT003762,2025-09-11,Социальные сети,Ретаргетинг,Лояльный,Компьютер,14.36,0,0,0.0
MKT004417,2025-11-09,Социальные сети,Сезонная акция,Повторный,Компьютер,8.48,0,0,0.0
MKT009647,2025-12-10,Email,Ретаргетинг,Повторный,Мобильное устройство,1.36,0,0,0.0
MKT005290,2025-05-26,Медийная реклама,Новый продукт,Повторный,Мобильное устройство,7.01,0,0,0.0
MKT002202,2025-02-08,Социальные сети,Ретаргетинг,Повторный,Компьютер,7.6,0,0,0.0
MKT001397,2025-04-26,Push,Новый продукт,Новый,Мобильное устройство,1.51,0,0,0.0
MKT008137,2025-05-03,Push,Имиджевая кампания,Повторный,Компьютер,1.54,0,0,0.0
MKT003115,2025-04-29,Поисковая реклама,Новый продукт,Новый,Мобильное устройство,26.07,0,0,0.0
MKT003283,2025-08-06,Push,Программа лояльности,Лояльный,Компьютер,1.38,0,0,0.0
MKT002166,2025-01-07,Поисковая реклама,Сезонная акция,Повторный,Компьютер,20.2,0,0,0.0
MKT001777,2025-07-14,Социальные сети,Имиджевая кампания,Новый,Мобильное устройство,10.99,0,0,0.0
MKT003035,2025-11-16,Email,Программа лояльности,Новый,Мобильное устройство,1.74,0,0,0.0
MKT005717,2025-05-07,Медийная реклама,Ретаргетинг,Новый,Мобильное устройство,5.42,0,0,0.0
MKT005225,2025-01-17,Социальные сети,Программа лояльности,Новый,Компьютер,9.6,0,0,0.0
MKT002148,2025-08-08,Поисковая реклама,Ретаргетинг,Лояльный,Мобильное устройство,15.65,1,0,0.0
MKT007984,2025-06-18,Социальные сети,Программа лояльности,Повторный,Компьютер,5.38,0,0,0.0
MKT003576,2025-10-12,Медийная реклама,Программа лояльности,Повторный,Компьютер,5.67,0,0,0.0
MKT009112,2025-08-09,Push,Ретаргетинг,Новый,Мобильное устройство,1.32,0,0,0.0
MKT001833,2025-06-24,Email,Программа лояльности,Лояльный,Мобильное устройство,1.71,0,0,0.0
MKT004450,2025-12-25,Поисковая реклама,Новый продукт,Повторный,Мобильное устройство,21.48,0,0,0.0
MKT002753,2025-12-23,Email,Программа лояльности,Повторный,Планшет,1.85,0,0,0.0
MKT005008,2025-04-25,Социальные сети,Новый продукт,Новый,Мобильное устройство,8.11,0,0,0.0
MKT003176,2025-03-22,Поисковая реклама,Новый продукт,Повторный,Компьютер,13.32,0,0,0.0
MKT009461,2025-08-12,Email,сезонная акция ,Повторный,Мобильное устройство,2.46,0,0,0.0
MKT003444,2025-01-30,Социальные сети,Имиджевая кампания,Новый,Мобильное устройство,6.55,0,0,0.0
MKT005767,2025-08-19,Email,Программа лояльности,Повторный,Мобильное устройство,1.2,0,0,0.0
MKT005065,2025-01-25,Push,Программа лояльности,Повторный,Мобильное устройство,1.15,0,0,0.0
MKT003971,2025-06-08,Поисковая реклама,Сезонная акция,Повторный,Мобильное устройство,21.87,1,1,8079.1
MKT000276,2025-02-10,Email,Имиджевая кампания,Новый,Компьютер,2.32,1,1,2165.39
MKT007278,2025-02-13,Социальные сети,Новый продукт,Лояльный,Мобильное устройство,9.86,0,0,0.0
MKT000449,2025-10-17,Email,Новый продукт,Повторный,Мобильное устройство,2.95,0,0,0.0
MKT005408,2025-11-14,Поисковая реклама,Новый продукт,Повторный,Мобильное устройство,21.01,0,0,0.0
MKT001391,2025-04-28,Медийная реклама,Ретаргетинг,Новый,Мобильное устройство,7.6,0,0,0.0
MKT009703,2025-10-31,Email,Имиджевая кампания,Повторный,Мобильное устройство,1.81,1,0,0.0
MKT005920,2025-07-28,Push,Новый продукт,Повторный,Мобильное устройство,2.35,0,0,0.0
MKT000253,2025-09-21,Социальные сети,Имиджевая кампания,Лояльный,Мобильное устройство,11.14,1,0,0.0
MKT009004,2025-06-30,Поисковая реклама,Сезонная акция,Лояльный,Мобильное устройство,39.41,0,0,0.0
MKT005388,2025-06-13,Медийная реклама,Новый продукт,Лояльный,Компьютер,7.07,0,0,0.0
MKT004388,2025-03-31,Push,Ретаргетинг,Повторный,Мобильное устройство,1.03,0,0,0.0
MKT006148,2025-07-17,Социальные сети,Имиджевая кампания,Новый,Мобильное устройство,14.4,0,0,0.0
MKT005610,2025-06-22,Email,Сезонная акция,Лояльный,Мобильное устройство,1.79,0,0,0.0
MKT005921,2025-11-10,Email,Сезонная акция,Новый,Мобильное устройство,2.19,0,0,0.0
MKT002053,2025-03-13,Поисковая реклама,Сезонная акция,Лояльный,Компьютер,21.55,0,0,0.0
MKT008177,2025-12-28,Медийная реклама,Программа лояльности,Повторный,Мобильное устройство,5.5,0,0,0.0
MKT007638,2025-09-28,Push,Сезонная акция,Новый,Мобильное устройство,1.98,0,0,0.0
MKT007827,2025-08-25,Поисковая реклама,Программа лояльности,Повторный,Компьютер,17.34,1,0,0.0
MKT006736,2025-09-09,Push,Ретаргетинг,Новый,Мобильное устройство,1.2,0,0,0.0
MKT001096,2025-05-02,Email,Ретаргетинг,Повторный,Мобильное устройство,1.91,0,0,0.0
MKT003333,2025-05-12,Медийная реклама,Сезонная акция,Лояльный,Мобильное устройство,8.11,0,0,0.0
MKT001634,20.07.2025,Поисковая реклама,Имиджевая кампания,Лояльный,Мобильное устройство,25.95,0,0,0.0
MKT002502,2025-06-09,Поисковая реклама,Программа лояльности,Новый,Мобильное устройство,15.83,0,0,0.0
MKT001448,2025-05-04,Медийная реклама,Ретаргетинг,Новый,Мобильное устройство,4.84,0,0,0.0
MKT004151,2025-09-04,Поисковая реклама,Ретаргетинг,Новый,Мобильное устройство,19.74,0,0,0.0
MKT003351,2025-01-20,Поисковая реклама,Сезонная акция,Новый,Компьютер,18.46,0,0,0.0
MKT009191,2025-11-18,Поисковая реклама,Программа лояльности,Повторный,Мобильное устройство,18.06,0,0,0.0
MKT009502,2025-03-30,Социальные сети,Программа лояльности,Новый,Мобильное устройство,7.41,0,0,0.0
MKT002356,2025-08-02,Поисковая реклама,Сезонная акция,Лояльный,Мобильное устройство,22.37,0,0,0.0
MKT000767,2025-09-24,Email,Сезонная акция,Лояльный,Мобильное устройство,2.63,1,1,4393.62
MKT006673,2025-04-28,Медийная реклама,Имиджевая кампания,Лояльный,Компьютер,6.54,0,0,0.0
MKT000407,2025-07-01,Медийная реклама,Новый продукт,Новый,Компьютер,6.68,0,0,0.0
MKT007471,24.11.2025,Поисковая реклама,Имиджевая кампания,Новый,Мобильное устройство,26.64,0,0,0.0
MKT001963,2025-01-10,Социальные сети,Имиджевая кампания,Повторный,Мобильное устройство,10.63,0,0,0.0
MKT008680,2025-04-01,Поисковая реклама,Новый продукт,Повторный,Компьютер,21.01,0,0,0.0
MKT006107,2025-06-12,Push,Программа лояльности,Новый,Компьютер,0.97,0,0,0.0
MKT005975,2025-11-05,Социальные сети,Сезонная акция,Повторный,Планшет,9.68,0,0,0.0
MKT001588,2025-11-19,Push,Сезонная акция,Повторный,Мобильное устройство,2.13,0,0,0.0
MKT000021,2025-02-08,Email,Сезонная акция,Повторный,Мобильное устройство,2.95,1,0,0.0
MKT007420,2025-10-17,Push,Сезонная акция,Повторный,Мобильное устройство,1.83,0,0,0.0
MKT001401,2025-10-04,Социальные сети,Имиджевая кампания,Лояльный,Мобильное устройство,9.91,0,0,0.0
MKT005708,2025-12-27,Социальные сети,Ретаргетинг,Новый,Компьютер,7.43,0,0,0.0
MKT001019,2025-11-10,Социальные сети,Новый продукт,Лояльный,Мобильное устройство,9.57,0,0,0.0
MKT005560,2025-03-10,Push,Программа лояльности,Лояльный,Компьютер,1.14,0,0,0.0
MKT001939,2025-11-23,Медийная реклама,Сезонная акция,Новый,Мобильное устройство,4.51,0,0,0.0
MKT002191,2025-09-02,Поисковая реклама,Программа лояльности,Повторный,Мобильное устройство,16.98,0,0,0.0
MKT007605,2025-10-11,Медийная реклама,Ретаргетинг,Новый,Мобильное устройство,4.68,0,0,0.0
MKT005009,2025-08-31,Email,Новый продукт,Повторный,Мобильное устройство,2.31,0,0,0.0
MKT003553,2025-12-24,Email,Ретаргетинг,Повторный,Компьютер,1.9,0,0,0.0
MKT007504,2025-03-28,Email,Ретаргетинг,Повторный,Мобильное устройство,2.19,0,0,0.0
MKT003112,2025-07-07,Социальные сети,Новый продукт,Повторный,Мобильное устройство,7.2,0,0,0.0
MKT002607,2025-09-03,Социальные сети,Программа лояльности,Новый,Мобильное устройство,11.06,1,0,0.0
MKT000455,2025-07-14,Push,Сезонная акция,Лояльный,Компьютер,1.62,0,0,0.0
MKT006440,2025-02-24,Социальные сети,Новый продукт,Новый,Компьютер,10.86,0,0,0.0
MKT008028,2025-01-22,Медийная реклама,Новый продукт,Новый,Мобильное устройство,5.04,0,0,0.0
MKT005095,2025-01-14,Email,Сезонная акция,Повторный,Мобильное устройство,2.31,0,0,0.0
MKT008926,2025-10-19,Push,Программа лояльности,Повторный,Мобильное устройство,0.87,0,0,0.0
MKT003733,2025-03-19,Медийная реклама,Имиджевая кампания,Повторный,Мобильное устройство,7.28,0,0,0.0
MKT001248,2025-03-06,Медийная реклама,Сезонная акция,Повторный,Компьютер,5.43,0,0,0.0
MKT000103,2025-05-15,Email,Сезонная акция,Повторный,Мобильное устройство,1.68,0,0,0.0
MKT003364,2025-01-12,Социальные сети,Ретаргетинг,Повторный,Мобильное устройство,7.71,0,0,0.0
MKT007740,2025-06-03,Push,Ретаргетинг,Новый,Компьютер,1.57,1,0,0.0
MKT003091,2025-03-01,Email,Новый продукт,Лояльный,Мобильное устройство,4.23,0,0,0.0
MKT001707,2025-06-12,Социальные сети,Ретаргетинг,Новый,Мобильное устройство,9.4,0,0,0.0
MKT007283,2025-06-19,Поисковая реклама,Новый продукт,Лояльный,Компьютер,20.64,0,0,0.0
MKT006665,2025-10-29,Email,Сезонная акция,Повторный,Мобильное устройство,2.04,0,0,0.0
MKT001121,2025-11-30,Социальные сети,Новый продукт,Новый,Планшет,9.2,0,0,0.0
MKT004480,2025-01-06,Поисковая реклама,Имиджевая кампания,Повторный,Мобильное устройство,23.16,0,0,0.0
MKT002784,2025-02-27,Социальные сети,Сезонная акция,Новый,Компьютер,-5.0,0,0,0.0
MKT001637,2025-01-07,Push,Программа лояльности,Новый,Мобильное устройство,1.31,0,0,0.0
MKT003517,2025-01-20,Поисковая реклама,Сезонная акция,Лояльный,Мобильное устройство,18.64,1,0,0.0
MKT008870,2025-05-21,Поисковая реклама,Новый продукт,Повторный,Планшет,27.73,0,0,0.0
MKT001252,2025-07-03,Социальные сети,Программа лояльности,Повторный,Мобильное устройство,5.95,0,0,0.0
MKT008169,2025-06-15,Email,Имиджевая кампания,Повторный,Мобильное устройство,1.84,0,0,0.0
MKT008845,2025-07-31,Социальные сети,Новый продукт,Повторный,Компьютер,9.76,1,0,0.0
MKT004885,2025-08-07,Push,Новый продукт,Новый,Мобильное устройство,1.68,0,0,0.0
MKT000210,2025-04-08,Email,Программа лояльности,Новый,Мобильное устройство,2.64,0,0,0.0
MKT007730,2025-10-11,Социальные сети,Программа лояльности,Новый,Мобильное устройство,11.03,0,0,0.0
MKT006452,2025-02-11,Email,Имиджевая кампания,Новый,Мобильное устройство,2.28,0,0,0.0
MKT005232,2025-12-17,Email,Имиджевая кампания,Повторный,Мобильное устройство,1.78,0,0,0.0
MKT008353,2025-09-04,Медийная реклама,Сезонная акция,Повторный,Мобильное устройство,6.21,1,1,3273.94
MKT000061,2025-09-25,Email,Имиджевая кампания,Новый,Мобильное устройство,2.47,0,2,0.0
MKT009447,2025-08-24,Медийная реклама,Сезонная акция,Лояльный,Мобильное устройство,-5.0,0,0,0.0
MKT004678,2025-09-18,Push,Ретаргетинг,Лояльный,Компьютер,1.31,0,0,0.0
MKT006823,2025-11-06,Поисковая реклама,Программа лояльности,Повторный,Мобильное устройство,11.64,0,0,0.0
MKT001028,2025-10-01,Email,Новый продукт,Повторный,Мобильное устройство,2.34,0,0,0.0
MKT007941,2025-01-20,Push,Ретаргетинг,Повторный,Мобильное устройство,1.4,1,0,0.0
MKT009876,2025-01-12,Поисковая реклама,Сезонная акция,Повторный,Мобильное устройство,22.28,1,0,0.0
MKT009943,2025-12-23,Социальные сети,Сезонная акция,Новый,Мобильное устройство,10.77,1,0,0.0
MKT009408,2025-07-04,Email,Сезонная акция,Лояльный,Мобильное устройство,2.73,0,0,0.0
MKT001211,2025-12-25,Email,Программа лояльности,Новый,Мобильное устройство,1.62,0,0,0.0
MKT007413,2025-06-23,Социальные сети,Сезонная акция,Повторный,Мобильное устройство,13.72,0,0,0.0
MKT007678,2025-01-25,Поисковая реклама,ретаргетинг ,Повторный,Мобильное устройство,20.32,0,0,0.0
MKT000852,2025-09-27,Email,Имиджевая кампания,Лояльный,Мобильное устройство,3.3,1,0,0.0
MKT006188,2025-07-31,Push,Имиджевая кампания,Повторный,Мобильное устройство,2.26,0,0,5100.0
MKT004969,2025-08-19,Email,Программа лояльности,Новый,Мобильное устройство,2.5,0,0,0.0
MKT004760,2025-11-20,Email,Имиджевая кампания,Лояльный,Мобильное устройство,2.21,0,0,0.0
MKT000913,2025-09-27,Медийная реклама,Программа лояльности,Лояльный,Компьютер,6.63,0,0,0.0
MKT002321,2025-02-08,Email,Программа лояльности,Новый,Компьютер,1.57,0,0,0.0
MKT005525,2025-02-08,Поисковая реклама,Программа лояльности,Лояльный,Мобильное устройство,13.41,1,0,0.0
MKT000333,2025-11-15,Email,Имиджевая кампания,Новый,Мобильное устройство,3.58,0,0,0.0
MKT009740,2025-01-30,Социальные сети,Имиджевая кампания,Лояльный,Компьютер,5.89,0,0,0.0
MKT003915,2025-02-15,Социальные сети,Имиджевая кампания,Новый,Мобильное устройство,9.07,0,0,0.0
MKT007034,2025-11-03,Email,Имиджевая кампания,Лояльный,Мобильное устройство,2.39,0,0,0.0
MKT009856,2025-04-23,Email,Имиджевая кампания,Повторный,Мобильное устройство,4.5,0,0,0.0
MKT001003,2025-12-13,Социальные сети,Сезонная акция,Новый,Мобильное устройство,8.83,0,0,0.0
MKT008435,2025-06-20,Социальные сети,Ретаргетинг,Повторный,Мобильное устройство,6.64,0,0,0.0
MKT006795,2025-01-16,Медийная реклама,Сезонная акция,Повторный,Компьютер,5.78,0,0,0.0
MKT002254,2025-03-18,Медийная реклама,Новый продукт,Повторный,Компьютер,,0,0,0.0
MKT009780,2025-02-05,Поисковая реклама,Новый продукт,Новый,Мобильное устройство,21.87,0,0,0.0
MKT000610,2025-04-02,Поисковая реклама,Новый продукт,Лояльный,Компьютер,18.32,1,0,0.0
MKT000084,2025-06-19,Медийная реклама,Сезонная акция,Повторный,Мобильное устройство,5.36,0,0,0.0
MKT001837,2025-01-02,Email,Ретаргетинг,Повторный,Мобильное устройство,1.81,0,0,0.0
MKT003652,2025-01-16,Медийная реклама,Сезонная акция,Лояльный,Компьютер,8.69,0,0,0.0
MKT009875,2025-09-30,Социальные сети,Ретаргетинг,Новый,Мобильное устройство,6.36,0,0,0.0
MKT008998,2025-04-19,Email,Новый продукт,Новый,Компьютер,2.6,0,0,0.0
MKT008302,2025-02-08,Email,Новый продукт,Повторный,Мобильное устройство,1.38,0,0,0.0
MKT003055,2025-10-09,Поисковая реклама,Программа лояльности,Повторный,Компьютер,14.15,0,0,0.0
MKT006055,2025-11-03,Push,Ретаргетинг,Лояльный,Мобильное устройство,1.12,0,0,0.0
MKT001597,2025-05-18,Социальные сети,Программа лояльности,Новый,Мобильное устройство,7.22,0,0,0.0
MKT007885,2025-12-19,Медийная реклама,Ретаргетинг,Новый,Компьютер,4.22,0,0,0.0
MKT009268,2025-09-30,Социальные сети,Сезонная акция,Повторный,Мобильное устройство,11.17,0,0,0.0
MKT001490,2025-07-20,Медийная реклама,Новый продукт,Лояльный,Мобильное устройство,6.76,0,0,0.0
MKT000893,2025-01-22,Социальные сети,Программа лояльности,Лояльный,Мобильное устройство,7.63,0,0,0.0
MKT000926,2025-07-24,Социальные сети,Новый продукт,Новый,Мобильное устройство,10.43,0,0,0.0
MKT002837,2025-06-02,Email,Имиджевая кампания,Повторный,Мобильное устройство,1.55,0,0,0.0
MKT005914,2025-04-12,Email,Программа лояльности,Лояльный,Мобильное устройство,1.64,0,0,0.0
MKT004658,2025-11-16,Социальные сети,Программа лояльности,Повторный,Мобильное устройство,8.74,1,1,4201.51
MKT000946,2025-09-01,Push,Сезонная акция,Лояльный,Мобильное устройство,1.57,0,0,0.0
MKT000026,2025-01-31,Email,Ретаргетинг,Лояльный,Мобильное устройство,2.17,0,0,0.0
MKT006225,2025-12-24,Социальные сети,Ретаргетинг,Новый,Компьютер,6.32,0,0,0.0
MKT006259,2025-05-24,Поисковая реклама,Новый продукт,Новый,Мобильное устройство,20.3,0,0,0.0
MKT000151,2025-05-16,Поисковая реклама,Сезонная акция,Повторный,Компьютер,20.75,0,0,0.0
MKT007170,2025-01-30,Email,Новый продукт,Новый,Мобильное устройство,1.36,0,0,0.0
MKT007439,2025-02-01,Социальные сети,Сезонная акция,Повторный,Мобильное устройство,12.05,0,0,0.0
MKT004886,2025-06-24,Социальные сети,Новый продукт,Новый,Компьютер,14.99,0,0,0.0
MKT008534,2025-09-23,Социальные сети,Сезонная акция,Лояльный,Компьютер,8.91,0,0,0.0
MKT001047,2025-08-02,Медийная реклама,Ретаргетинг,Повторный,Мобильное устройство,7.22,0,0,0.0
MKT004392,2025-08-28,Социальные сети,Ретаргетинг,Повторный,Компьютер,10.07,0,0,0.0
MKT002180,2025-02-16,Поисковая реклама,Сезонная акция,Лояльный,Компьютер,17.16,0,0,0.0
MKT002159,2025-12-11,Push,Ретаргетинг,Новый,Мобильное устройство,1.4,0,0,0.0
MKT001702,2025-02-26,Email,Новый продукт,Повторный,Мобильное устройство,2.43,0,0,0.0
MKT006485,2025-04-07,Email,Сезонная акция,Новый,Мобильное устройство,2.79,1,0,0.0
MKT002701,2025-02-11,Email,Новый продукт,Новый,Мобильное устройство,2.05,0,0,0.0
MKT008614,2025-01-05,Социальные сети,Сезонная акция,Повторный,Мобильное устройство,9.24,0,0,0.0
MKT009946,2025-05-04,Push,Сезонная акция,Повторный,Мобильное устройство,1.39,0,0,0.0
MKT005073,2025-12-27,Email,Программа лояльности,Лояльный,Мобильное устройство,1.62,0,0,0.0
MKT003770,2025-04-13,Email,Ретаргетинг,Лояльный,Компьютер,1.15,1,1,2241.11
MKT006288,2025-01-22,Социальные сети,Ретаргетинг,Новый,Мобильное устройство,4.98,0,0,0.0
MKT007282,2025-06-15,Поисковая реклама,Новый продукт,Новый,Мобильное устройство,30.75,0,0,0.0
MKT000059,2025-03-12,Email,Сезонная акция,Новый,Мобильное устройство,2.51,0,0,0.0
MKT006580,2025-01-15,Медийная реклама,Новый продукт,Лояльный,Мобильное устройство,10.1,0,0,0.0
MKT003942,2025-04-03,Push,Имиджевая кампания,Лояльный,Мобильное устройство,1.47,0,0,0.0
MKT008542,2025-12-16,Email,НОВЫЙ ПРОДУКТ,Повторный,Компьютер,3.88,1,1,6021.47
MKT008499,2025-04-22,Email,Сезонная акция,Повторный,Компьютер,1.79,0,0,0.0
MKT003405,2025-01-24,Email,Программа лояльности,Лояльный,Компьютер,1.53,0,0,0.0
MKT009635,2025-10-23,Социальные сети,Имиджевая кампания,Лояльный,Мобильное устройство,9.1,0,0,0.0
MKT007881,2025-01-16,Поисковая реклама,Программа лояльности,Повторный,Компьютер,11.07,0,0,0.0
MKT009830,2025-06-12,Медийная реклама,Ретаргетинг,Новый,Компьютер,3.92,0,0,0.0
MKT002807,2025-04-05,Push,Ретаргетинг,Повторный,Мобильное устройство,1.55,0,0,0.0
MKT004728,2025-08-07,Email,Имиджевая кампания,Лояльный,Мобильное устройство,2.58,1,0,0.0
MKT008948,2025-10-19,Социальные сети,Ретаргетинг,Повторный,Мобильное устройство,11.1,0,0,0.0
MKT003308,2025-03-07,Push,Программа лояльности,Лояльный,Мобильное устройство,0.76,0,0,0.0
MKT008342,2025-02-19,Поисковая реклама,Сезонная акция,Новый,Компьютер,16.98,0,0,0.0
MKT000800,2025-02-12,Социальные сети,Новый продукт,Повторный,Мобильное устройство,8.63,1,1,3949.54
MKT002501,2025-08-16,Push,Программа лояльности,Повторный,Мобильное устройство,1.12,0,0,0.0
MKT002957,2025-03-08,Email,Сезонная акция,Новый,Мобильное устройство,3.05,0,0,0.0
MKT008681,2025-10-29,Поисковая реклама,Сезонная акция,Лояльный,Мобильное устройство,16.21,0,0,0.0
MKT007839,2025-10-10,Поисковая реклама,Сезонная акция,Новый,Мобильное устройство,24.88,1,0,0.0
MKT007344,2025-06-24,Email,Новый продукт,Повторный,Мобильное устройство,1.95,0,0,0.0
MKT006661,2025-04-09,Социальные сети,Новый продукт,Повторный,Мобильное устройство,10.24,0,0,0.0
MKT002794,2025-03-21,Push,Ретаргетинг,Лояльный,Мобильное устройство,1.84,0,0,0.0
MKT009468,2025-08-14,Социальные сети,Ретаргетинг,Новый,Мобильное устройство,13.83,0,0,0.0
MKT003460,2025-07-04,Поисковая реклама,Имиджевая кампания,Повторный,Мобильное устройство,23.11,0,0,0.0
MKT008209,2025-10-06,Социальные сети,Программа лояльности,Новый,Мобильное устройство,7.46,0,0,0.0
MKT001342,2025-07-06,Email,Новый продукт,Лояльный,Мобильное устройство,2.03,0,0,0.0
MKT002590,2025-03-21,Социальные сети,Новый продукт,Новый,КОМПЬЮТЕР,11.6,0,0,
MKT000111,2025-10-03,Email,Сезонная акция,Новый,Мобильное устройство,2.75,0,0,0.0
MKT008726,2025-02-12,Медийная реклама,Ретаргетинг,Повторный,Мобильное устройство,4.43,0,0,0.0
MKT007683,2025-10-10,Поисковая реклама,Сезонная акция,Новый,Мобильное устройство,16.85,0,0,0.0
MKT005421,2025-11-26,Push,Новый продукт,Новый,Мобильное устройство,1.51,0,0,0.0
MKT009891,2025-05-25,Email,Новый продукт,Новый,Мобильное устройство,3.02,0,0,0.0
MKT004353,15.10.2025,Социальные сети,Программа лояльности,Повторный,Мобильное устройство,8.98,1,1,7572.83
MKT008442,2025-05-10,Поисковая реклама,Программа лояльности,Лояльный,Компьютер,16.19,0,0,0.0
MKT006163,2025-03-03,Поисковая реклама,Новый продукт,Повторный,Мобильное устройство,24.61,0,0,0.0
MKT006448,2025-12-14,Email,Программа лояльности,Повторный,Мобильное устройство,2.57,0,0,0.0
MKT003991,2025-09-10,Поисковая реклама,Имиджевая кампания,Повторный,Компьютер,21.43,0,0,0.0
MKT001191,2025-09-02,Медийная реклама,Ретаргетинг,Повторный,Компьютер,8.53,0,0,0.0
MKT009413,2025-04-21,Поисковая реклама,Сезонная акция,Повторный,Мобильное устройство,19.59,0,0,0.0
MKT008476,2025-08-03,Поисковая реклама,Программа лояльности,Повторный,Мобильное устройство,14.74,1,0,0.0
MKT007256,2025-10-15,Социальные сети,Программа лояльности,Лояльный,Компьютер,9.99,0,0,0.0
MKT002238,2025-12-16,Социальные сети,Ретаргетинг,Повторный,Мобильное устройство,7.76,0,0,0.0
MKT009504,18.11.2025,Социальные сети,Ретаргетинг,Новый,Компьютер,9.74,0,0,0.0
MKT004697,2025-04-01,Медийная реклама,Сезонная акция,Повторный,Мобильное устройство,5.26,0,0,0.0
MKT001014,2025-08-11,Поисковая реклама,Ретаргетинг,Новый,Мобильное устройство,16.12,1,0,0.0
MKT005785,2025-05-25,Поисковая реклама,Ретаргетинг,Новый,Мобильное устройство,18.39,0,0,0.0
MKT002439,2025-05-07,Социальные сети,Имиджевая кампания,Повторный,Мобильное устройство,8.49,0,0,0.0
MKT006611,2025-10-10,Push,Ретаргетинг,Повторный,Мобильное устройство,0.94,0,0,0.0
MKT003896,2025-08-13,Социальные сети,Программа лояльности,Повторный,Компьютер,8.78,0,0,0.0
MKT007300,2025-12-24,Push,Сезонная акция,Повторный,Компьютер,1.23,0,0,0.0
MKT003313,2025-06-25,Социальные сети,Новый продукт,Новый,Мобильное устройство,9.61,1,0,0.0
MKT005898,2025-02-07,Поисковая реклама,Программа лояльности,Повторный,Мобильное устройство,14.14,0,0,0.0
MKT005528,2025-10-27,Push,Сезонная акция,Новый,Компьютер,1.99,0,0,0.0
MKT000675,2025-10-11,Email,Сезонная акция,Повторный,Компьютер,2.0,0,0,0.0
MKT008477,2025-12-11,Социальные сети,Программа лояльности,Лояльный,Мобильное устройство,9.48,0,0,0.0
MKT001521,2025-10-25,Поисковая реклама,Имиджевая кампания,Повторный,Компьютер,15.79,0,0,0.0
MKT000700,2025-11-13,Социальные сети,Ретаргетинг,Новый,Мобильное устройство,8.67,0,0,0.0
MKT001439,2025-09-23,Медийная реклама,Сезонная акция,Повторный,Мобильное устройство,6.87,0,0,0.0
MKT001968,2025-04-22,Социальные сети,Сезонная акция,Лояльный,Компьютер,9.12,0,0,0.0
MKT004002,2025-01-07,Push,Сезонная акция,Повторный,Компьютер,1.37,0,0,0.0
MKT005529,2025-03-06,Поисковая реклама,Сезонная акция,Новый,Мобильное устройство,21.39,0,0,0.0
MKT008450,2025-02-25,Push,Сезонная акция,Повторный,Компьютер,1.28,0,0,0.0
MKT008579,2025-08-09,Email,Сезонная акция,Лояльный,Мобильное устройство,1.79,0,0,0.0
MKT003482,2025-09-17,Push,Ретаргетинг,Повторный,Компьютер,1.11,0,0,0.0
MKT008514,2025-12-02,Поисковая реклама,Имиджевая кампания,Повторный,Компьютер,27.15,0,0,0.0
MKT001282,2025-01-17,Медийная реклама,Имиджевая кампания,Лояльный,Мобильное устройство,5.85,1,0,0.0
MKT002674,2025-09-11,Медийная реклама,Сезонная акция,Повторный,мобильное ,6.74,0,0,0.0
MKT001718,2025-05-03,Push,Имиджевая кампания,Повторный,Планшет,1.46,0,0,0.0
MKT002686,2025-01-15,Push,Имиджевая кампания,Новый,Компьютер,1.43,0,0,0.0
MKT003248,2025-12-15,Поисковая реклама,Новый продукт,Повторный,Компьютер,21.99,1,0,0.0
MKT008379,2025-05-28,Email,Программа лояльности,Повторный,Мобильное устройство,2.05,0,0,0.0
MKT007708,2025-11-09,Email,Сезонная акция,Новый,Мобильное устройство,1.47,0,0,0.0
MKT009974,2025-09-30,Push,Сезонная акция,Лояльный,Мобильное устройство,1.31,0,0,0.0
MKT005853,2025-02-05,Email,Новый продукт,Новый,Компьютер,2.65,0,0,0.0
MKT003690,2025-04-29,Социальные сети,Ретаргетинг,Повторный,Компьютер,12.93,0,0,0.0
MKT005678,2025-08-13,Email,Программа лояльности,Новый,Мобильное устройство,2.11,0,0,0.0
MKT003034,2025-07-11,Поисковая реклама,Сезонная акция,Лояльный,Мобильное устройство,19.02,0,0,0.0
MKT002766,07.09.2025,Социальные сети,Новый продукт,Повторный,Мобильное устройство,17.75,0,0,0.0
MKT007790,2025-10-21,Поисковая реклама,Сезонная акция,Новый,Компьютер,19.6,1,1,6237.74
MKT004517,2025-02-25,Поисковая реклама,Сезонная акция,Лояльный,Мобильное устройство,32.53,0,0,0.0
MKT005366,2025-11-20,Медийная реклама,Программа лояльности,Повторный,Мобильное устройство,5.32,0,0,0.0
MKT008249,2025-11-11,Email,Сезонная акция,Лояльный,Мобильное устройство,2.74,0,0,0.0
MKT007576,2025-06-11,Push,Сезонная акция,Повторный,Мобильное устройство,1.68,1,0,0.0
MKT005360,2025-01-16,Push,Программа лояльности,Новый,Мобильное устройство,1.48,0,0,0.0
MKT009018,2025-05-04,Push,Ретаргетинг,Повторный,Мобильное устройство,1.52,0,0,0.0
MKT007241,2025-08-22,Email,Сезонная акция,Лояльный,Мобильное устройство,2.71,0,0,0.0
MKT002998,2025-07-25,Email,Новый продукт,Повторный,Компьютер,2.39,0,0,0.0
MKT003184,2025-03-06,Поисковая реклама,Сезонная акция,Новый,Мобильное устройство,21.46,0,0,0.0
MKT003951,2025-09-18,Поисковая реклама,Программа лояльности,Повторный,Компьютер,18.41,0,0,0.0
MKT001241,2025-02-17,Email,Имиджевая кампания,Повторный,Мобильное устройство,2.88,0,0,0.0
MKT005001,27.05.2025,Поисковая реклама,Сезонная акция,Новый,Компьютер,16.3,0,0,0.0
MKT006229,2025-09-22,Push,Сезонная акция,Новый,Мобильное устройство,1.69,0,0,0.0
MKT002865,2025-01-24,Поисковая реклама,Сезонная акция,Лояльный,Компьютер,20.81,0,0,0.0
MKT004949,2025-05-21,Push,Сезонная акция,Повторный,Мобильное устройство,1.41,1,0,0.0
MKT002274,2025-01-28,Push,Ретаргетинг,Повторный,Мобильное устройство,1.04,0,0,0.0
MKT004944,2025-10-18,Социальные сети,Новый продукт,Лояльный,Компьютер,8.93,0,0,0.0
MKT008967,2025-04-09,Email,Программа лояльности,Повторный,Мобильное устройство,1.8,0,0,0.0
MKT001511,2025-01-02,Push,Программа лояльности,Повторный,Мобильное устройство,1.19,0,0,0.0
MKT006476,2025-05-19,Email,Сезонная акция,Повторный,Мобильное устройство,1.98,0,0,0.0
MKT005599,2025-05-11,Медийная реклама,Сезонная акция,Лояльный,Мобильное устройство,6.96,1,0,0.0
MKT008247,2025-09-09,Поисковая реклама,Ретаргетинг,Повторный,Мобильное устройство,26.03,0,0,0.0
MKT009330,2025-03-26,Email,Имиджевая кампания,Новый,Мобильное устройство,2.98,1,0,0.0
MKT000146,2025-02-05,Социальные сети,Программа лояльности,Новый,Компьютер,6.26,0,0,0.0
MKT002360,2025-11-08,Медийная реклама,Новый продукт,Повторный,Компьютер,7.67,0,0,0.0
MKT003923,2025-03-06,,Программа лояльности,Лояльный,Мобильное устройство,7.11,0,0,0.0
MKT009157,2025-07-09,Социальные сети,Сезонная акция,Повторный,Мобильное устройство,8.59,0,0,0.0
MKT006818,2025-06-24,Email,Имиджевая кампания, лояльный,Мобильное устройство,2.21,0,0,0.0
MKT005505,2025-06-05,Социальные сети,Ретаргетинг,Новый,Мобильное устройство,12.26,0,0,0.0
MKT002456,2025-09-08,Социальные сети,Новый продукт,Новый,Мобильное устройство,11.53,0,0,0.0
MKT001617,2025-10-06,Социальные сети,Имиджевая кампания,Новый,Компьютер,8.6,0,0,0.0
MKT006301,2025-07-16,Поисковая реклама,Ретаргетинг,Лояльный,Мобильное устройство,20.45,1,1,4216.3
MKT000363,2025-07-16,Поисковая реклама,Ретаргетинг,Повторный,Компьютер,13.64,0,0,0.0
MKT000682,2025-11-17,Push,Новый продукт,Повторный,Компьютер,2.13,0,0,0.0
MKT005855,2025-01-28,Email,Сезонная акция,Лояльный,Мобильное устройство,2.66,0,0,0.0
MKT007674,2025-11-06,Поисковая реклама,Имиджевая кампания,Новый,Компьютер,24.88,0,0,0.0
MKT002943,2025-10-12,Поисковая реклама,Ретаргетинг,Лояльный,Мобильное устройство,15.69,0,0,0.0
MKT009055,2025-09-30,Социальные сети,Сезонная акция,Новый,Мобильное устройство,8.8,0,0,0.0
MKT004663,2025-12-04,Email,Имиджевая кампания,Повторный,Мобильное устройство,1.83,0,0,0.0
MKT007075,2025-10-22,Поисковая реклама,Сезонная акция,Лояльный,Мобильное устройство,25.43,0,0,0.0
MKT002854,2025-07-27,Поисковая реклама,Ретаргетинг,Лояльный,Мобильное устройство,21.12,0,0,0.0
MKT007861,2025-08-10,Социальные сети,Сезонная акция,Лояльный,Мобильное устройство,10.77,1,0,0.0
MKT003709,2025-02-27,Медийная реклама,Сезонная акция,Повторный,Мобильное устройство,5.81,0,0,0.0
MKT007501,2025-06-13,Email,Ретаргетинг,Повторный,Компьютер,1.68,0,0,0.0
MKT005551,2025-12-01,Медийная реклама,Ретаргетинг,Повторный,Мобильное устройство,7.12,1,0,0.0
MKT006008,2025-12-05,Социальные сети,Сезонная акция,Новый,Компьютер,6.48,0,0,0.0
MKT000014,2025-11-03,Email,Сезонная акция, лояльный,Мобильное устройство,1.65,0,0,0.0
MKT005206,2025-12-17,Поисковая реклама,Ретаргетинг,Новый,Мобильное устройство,22.42,0,0,0.0
MKT007470,2025-02-15,Социальные сети,Сезонная акция,Новый,Мобильное устройство,12.0,0,0,0.0
MKT000414,2025-12-04,Медийная реклама,Новый продукт,Повторный,Компьютер,8.02,0,0,0.0
MKT008405,2025-06-29,Медийная реклама,Сезонная акция,Повторный,Мобильное устройство,6.09,0,0,0.0
MKT008583,2025-04-27,Email,Ретаргетинг,Лояльный,Компьютер,1.78,0,0,0.0
MKT006405,2025-05-29,Email,Сезонная акция,Новый,Мобильное устройство,2.74,0,0,0.0
MKT008866,2025-12-08,Email,Новый продукт,Повторный,Компьютер,2.77,0,0,0.0
MKT001513,2025-09-17,Поисковая реклама,Имиджевая кампания,Повторный,Мобильное устройство,23.84,0,0,0.0
MKT007514,2025-08-09,Email,Ретаргетинг,Лояльный,Мобильное устройство,1.41,0,0,0.0
MKT003602,2025-10-10,Email,Программа лояльности,Лояльный,Мобильное устройство,1.34,0,0,0.0
MKT009565,2025-05-20,Поисковая реклама,Программа лояльности,Повторный,Мобильное устройство,12.97,0,0,0.0
MKT002776,2025-09-12,Email,Имиджевая кампания,Повторный,Мобильное устройство,1.65,0,0,0.0
MKT008474,2025-12-25,Поисковая реклама,Новый продукт,Новый,Мобильное устройство,18.0,1,0,0.0
MKT001817,2025-04-19,Поисковая реклама,Программа лояльности,Новый,Компьютер,12.95,0,0,0.0
MKT000730,2025-05-02,Email,Сезонная акция,Новый,Мобильное устройство,3.24,0,0,0.0
MKT002249,2025-06-16,Поисковая реклама,НОВЫЙ ПРОДУКТ,Лояльный,Мобильное устройство,27.83,0,0,0.0
MKT003626,2025-04-05,Push,Имиджевая кампания,Новый,Компьютер,1.45,0,0,0.0
MKT001430,2025-05-31,Поисковая реклама,Программа лояльности,Повторный,Мобильное устройство,16.12,1,1,6062.7
MKT009850,2025-05-14,Социальные сети,Новый продукт,Новый,Мобильное устройство,10.79,0,0,0.0
MKT001412,2025-01-31,Email,Ретаргетинг,Повторный,Компьютер,2.79,0,0,0.0
MKT005051,2025-05-18,Push,Ретаргетинг,Новый,Мобильное устройство,1.87,0,0,0.0
MKT001787,2025-07-28,Поисковая реклама,Новый продукт,Новый,Мобильное устройство,21.26,0,0,0.0
MKT000386,2025-04-01,Email,Сезонная акция,Новый,Мобильное устройство,1.45,0,0,0.0
MKT001196,2025-03-19,Поисковая реклама,Новый продукт,Повторный,Планшет,17.15,1,1,9516.72
MKT003906,2025-07-28, email ,Сезонная акция,Повторный,Мобильное устройство,2.68,0,0,0.0
MKT008051,2025-09-04,Email,Ретаргетинг,Новый,Компьютер,3.06,0,-1,0.0
MKT003366,2025-03-11,Email,Имиджевая кампания,Лояльный,Мобильное устройство,3.19,0,0,0.0
MKT003022,2025-06-25,Медийная реклама,Сезонная акция,Новый,Компьютер,10.36,0,0,0.0
MKT008639,2025-02-19,Социальные сети,Сезонная акция,Повторный,Мобильное устройство,14.7,1,0,0.0
MKT004264,2025-09-27,Email,Ретаргетинг,Новый,Мобильное устройство,1.68,0,0,0.0
MKT000165,2025-02-04,Поисковая реклама,Программа лояльности,Новый,Компьютер,11.27,0,0,0.0
MKT003205,2025-05-20,Медийная реклама,Новый продукт,Повторный,Мобильное устройство,8.6,0,0,0.0
MKT001819,2025-02-20,Email,Новый продукт,Лояльный,Компьютер,1.85,0,0,0.0
MKT003545,2025-05-23,Push,Сезонная акция,Новый,Мобильное устройство,1.43,0,0,0.0
MKT000915,2025-09-15,Email,Ретаргетинг,Повторный,Мобильное устройство,2.13,0,0,0.0
MKT007365,2025-06-09,Медийная реклама,Ретаргетинг,Повторный,Мобильное устройство,7.79,1,0,0.0
MKT000580,2025-08-27,Медийная реклама,Имиджевая кампания,Новый,Планшет,7.5,0,0,0.0
MKT009669,2025-10-21,Поисковая реклама,Новый продукт,Повторный,Мобильное устройство,28.42,0,0,0.0
MKT003044,2025-02-08,Социальные сети,Ретаргетинг,Повторный,Мобильное устройство,8.0,0,0,0.0
MKT004962,2025-07-15,Email,Имиджевая кампания,Лояльный,Компьютер,2.08,0,0,0.0
MKT004267,2025-07-21,Медийная реклама,Ретаргетинг,Повторный,Компьютер,3.64,0,0,0.0
MKT009757,2025-07-18,Email,Сезонная акция,Повторный,Мобильное устройство,2.65,0,0,0.0
MKT003916,2025-09-21,Медийная реклама,Новый продукт,Повторный,Мобильное устройство,4.98,1,0,0.0
MKT000461,2025-08-27,Медийная реклама,Новый продукт,Лояльный,Мобильное устройство,5.94,1,0,0.0
MKT002628,2025-03-16,Поисковая реклама,Ретаргетинг,Новый,Компьютер,17.64,0,0,0.0
MKT008360,2025-07-14,Медийная реклама,Ретаргетинг,Повторный,Мобильное устройство,5.71,1,0,0.0
MKT001757,2025-03-31,Социальные сети,Сезонная акция,Новый,Компьютер,10.97,1,0,0.0
MKT009868,2025-09-26,Email,Новый продукт,Повторный,Мобильное устройство,2.07,0,0,0.0
MKT009816,2025-01-08,Социальные сети,Сезонная акция,Повторный,Мобильное устройство,6.27,0,0,0.0
MKT001037,2025-06-15,Социальные сети,Ретаргетинг,Новый,Мобильное устройство,5.86,1,0,0.0
MKT001154,2025-06-25,Медийная реклама,Программа лояльности,Новый,Мобильное устройство,4.6,0,0,0.0
MKT008423,2025-11-26,Медийная реклама,Имиджевая кампания,Повторный,Мобильное устройство,6.78,0,0,0.0
MKT003536,2025-12-19,Медийная реклама,Имиджевая кампания,Новый,Компьютер,9.3,0,0,0.0
MKT009111,2025-12-11,Email,Программа лояльности,Повторный,Компьютер,1.93,0,0,0.0
MKT005984,2025-01-05,Поисковая реклама,Сезонная акция,Лояльный,Мобильное устройство,24.07,0,0,0.0
MKT004500,2025-09-04,Push,Имиджевая кампания,Новый,Компьютер,1.26,0,0,0.0
MKT006028,2025-07-14,Социальные сети,Программа лояльности,Новый,Мобильное устройство,7.66,0,0,0.0
MKT009803,2025-10-02,Социальные сети,Программа лояльности,Повторный,Мобильное устройство,7.39,0,0,0.0
MKT000315,2025-08-24,Социальные сети,Имиджевая кампания,Новый,Компьютер,15.8,0,0,0.0
MKT004198,2025-01-18,Социальные сети,Ретаргетинг,Лояльный,Мобильное устройство,7.98,0,0,0.0
MKT008594,2025-10-26,Социальные сети,Имиджевая кампания,Повторный,Мобильное устройство,14.58,0,0,0.0
MKT008334,2025-08-20,Email,Сезонная акция,Новый,Мобильное устройство,2.48,0,0,0.0
MKT004690,2025-08-12,Медийная реклама,Ретаргетинг,Лояльный,Мобильное устройство,7.82,0,0,0.0
MKT005425,2025-02-14,Поисковая реклама,Программа лояльности,Новый,Мобильное устройство,28.49,0,0,0.0
MKT001274,2025-12-05,Социальные сети,Сезонная акция,Новый,Мобильное устройство,12.77,0,0,0.0
MKT008580,2025-01-25,Медийная реклама,Программа лояльности,Повторный,Компьютер,5.46,0,0,0.0
MKT004795,2025-11-12,Социальные сети,Ретаргетинг,Повторный,Мобильное устройство,7.63,0,0,0.0
MKT001339,2025-06-07,Push,Ретаргетинг,Лояльный,Мобильное устройство,2.19,0,0,0.0
MKT005455,2025-09-25,Email,Сезонная акция,Повторный,Мобильное устройство,1.89,1,0,0.0
MKT009506,2025-01-20,Медийная реклама,Сезонная акция,Лояльный,Мобильное устройство,11.03,0,0,0.0
MKT009929,2025-05-04,Социальные сети,Имиджевая кампания,Повторный,Мобильное устройство,14.45,0,0,0.0
MKT000342,2025-05-22,Поисковая реклама,Программа лояльности,Повторный,Мобильное устройство,12.64,0,0,0.0
MKT009260,2025-06-14,Медийная реклама,Программа лояльности,Повторный,Компьютер,6.28,0,0,0.0
MKT003096,2025-05-26,Email,Программа лояльности,Новый,Планшет,1.61,0,0,0.0
MKT006739,2025-03-17,Поисковая реклама,Новый продукт,Повторный,Мобильное устройство,21.53,0,0,0.0
MKT004737,2025-11-07,Поисковая реклама,Программа лояльности,Повторный,Мобильное устройство,17.18,0,0,0.0
MKT006180,2025-07-28,Медийная реклама,Имиджевая кампания,Повторный,Мобильное устройство,5.89,0,0,0.0
MKT005420,2025-07-04,Поисковая реклама,Сезонная акция,Лояльный,Мобильное устройство,18.05,0,0,0.0
MKT006927,2025-12-12,Социальные сети,Ретаргетинг,Повторный,Мобильное устройство,8.25,0,0,0.0
MKT004884,2025-03-09,Социальные сети,Сезонная акция,Повторный,Планшет,6.44,0,0,0.0
MKT009919,2025-03-29, медийная реклама ,Имиджевая кампания,Новый,Компьютер,11.22,0,0,0.0
MKT001873,2025-10-13,Медийная реклама,Программа лояльности,Новый,Мобильное устройство,5.57,1,0,0.0
MKT005745,2025-10-08,Поисковая реклама,Имиджевая кампания,Новый,Компьютер,23.72,0,0,0.0
MKT009002,2025-05-16,Email,Сезонная акция,Лояльный,Мобильное устройство,2.31,0,0,0.0
MKT005930,2025-10-24,Поисковая реклама,Ретаргетинг,Новый,Мобильное устройство,13.49,0,0,0.0
MKT008003,2025-01-06,Поисковая реклама,Имиджевая кампания,Новый,Мобильное устройство,14.85,1,0,0.0
MKT004967,2025-02-22,Поисковая реклама,Новый продукт,Повторный,Планшет,19.95,1,0,-100.0
MKT007541,2025-10-05,Социальные сети,Программа лояльности,Лояльный,Мобильное устройство,9.96,0,0,0.0
MKT009789,2025-01-10,Email,Имиджевая кампания,Повторный,Мобильное устройство,2.2,0,0,0.0
MKT001487,2025-03-28,Социальные сети,Ретаргетинг,Повторный,Мобильное устройство,9.6,0,0,0.0
MKT007860,2025-04-10,Поисковая реклама,Имиджевая кампания,Повторный,Мобильное устройство,13.73,0,0,0.0
MKT008824,2025-07-03,Email,Сезонная акция,Лояльный,Компьютер,2.4,0,0,0.0
MKT001362,2025-12-23,Социальные сети,Имиджевая кампания,Повторный,Мобильное устройство,8.56,1,0,0.0
MKT006377,2025-02-15,Поисковая реклама,Программа лояльности,Новый,Мобильное устройство,20.31,0,0,0.0
MKT002716,2025-09-14,Email,Сезонная акция,Лояльный,Мобильное устройство,1.61,0,0,0.0
MKT009035,2025-10-16,Поисковая реклама,Имиджевая кампания,Новый,Компьютер,24.45,0,0,0.0
MKT002383,2025-12-05,Email,Ретаргетинг,Повторный,Мобильное устройство,2.72,0,0,0.0
MKT000301,2025-03-29,Медийная реклама,Имиджевая кампания,Лояльный,Компьютер,6.84,0,0,0.0
MKT004236,2025-04-27,Социальные сети,Ретаргетинг,Повторный,Мобильное устройство,5.83,0,0,0.0
MKT006786,2025-10-24,Push,Сезонная акция,Лояльный,Компьютер,1.26,0,0,0.0
MKT006359,2025-12-06,Социальные сети,Имиджевая кампания,Новый,Компьютер,9.33,0,0,0.0
MKT008733,2025-07-14,Медийная реклама,Имиджевая кампания,Повторный,Мобильное устройство,8.01,0,0,0.0
MKT008659,2025-03-17,Поисковая реклама,Новый продукт,Новый,Компьютер,24.52,0,0,0.0
MKT005774,2025-01-12,Социальные сети,Новый продукт,Лояльный,Компьютер,13.39,0,0,0.0
MKT000605,2025-09-30,Поисковая реклама,Имиджевая кампания,Лояльный,Мобильное устройство,16.48,1,1,5031.3
MKT001831,2025-01-25,Поисковая реклама,Имиджевая кампания,Повторный,Компьютер,22.39,0,0,0.0
MKT002836,2025-12-16,Push,Новый продукт,Лояльный,Мобильное устройство,1.47,0,0,0.0
MKT003564,2025-10-30,Email,Ретаргетинг,Лояльный,Мобильное устройство,2.19,0,0,0.0
MKT004052,2025-11-19,Email,Программа лояльности,Новый,Мобильное устройство,2.11,0,0,0.0
MKT005169,2025-12-18,Социальные сети,Сезонная акция,Новый,Компьютер,9.77,0,0,0.0
MKT009959,2025-04-13,Медийная реклама,Программа лояльности,Повторный,Мобильное устройство,5.23,0,0,0.0
MKT006442,2025-01-23,Push,Имиджевая кампания,Новый,Мобильное устройство,1.76,0,0,0.0
MKT004788,2025-12-26,Email,Имиджевая кампания,Повторный,Мобильное устройство,2.12,0,0,0.0
MKT003961,2025-01-09,Email,Имиджевая кампания,Повторный,Мобильное устройство,2.45,0,0,0.0
MKT006070,2025-04-20,Email,Новый продукт,Повторный,Компьютер,1.74,0,0,0.0
MKT004478,2025-09-05,Медийная реклама,Программа лояльности,Новый,Компьютер,5.22,0,0,0.0
MKT004210,2025-11-11,Email,Программа лояльности,ПОВТОРНЫЙ,Мобильное устройство,1.83,0,0,
MKT007387,2025-04-30,Поисковая реклама,Сезонная акция,Повторный,Мобильное устройство,22.41,0,0,0.0
MKT001898,2025-04-07,Email,Программа лояльности,Новый,Планшет,2.17,0,0,0.0
MKT008632,2025-03-10,Push,Сезонная акция,Новый,Мобильное устройство,1.37,0,0,0.0
MKT001995,2025-06-24,Push,Ретаргетинг,Лояльный,Мобильное устройство,1.09,0,0,0.0
MKT006475,2025-04-18,Email,Новый продукт,Лояльный,Компьютер,3.34,1,0,0.0
MKT003702,2025-02-16,Email,Программа лояльности,Повторный,Мобильное устройство,1.67,1,0,-100.0
MKT009684,2025-06-13,Push,Новый продукт,Новый,Планшет,1.41,0,0,0.0
MKT009110,2025-10-25,Социальные сети,Имиджевая кампания,Новый,Мобильное устройство,12.77,0,0,0.0
MKT001436,2025-12-02,Поисковая реклама,Ретаргетинг,Новый,Мобильное устройство,15.39,0,0,0.0
MKT005498,2025-09-26,Социальные сети,Сезонная акция,Лояльный,Мобильное устройство,10.58,0,0,0.0
MKT007171,14.05.2025,Медийная реклама,Ретаргетинг,Новый,Компьютер,9.66,0,0,0.0
MKT007497,2025-01-19,Email,Программа лояльности,Новый,Мобильное устройство,1.86,0,0,0.0
MKT002370,2025-04-17,Социальные сети,Сезонная акция,Новый,Мобильное устройство,7.93,0,0,0.0
MKT008136,2025-03-04,Push,Сезонная акция,Новый,Мобильное устройство,0.99,0,0,0.0
MKT002259,2025-02-17,Поисковая реклама,Имиджевая кампания,Повторный,Мобильное устройство,16.73,0,0,0.0
MKT003964,2025-09-20,Социальные сети,Имиджевая кампания,Новый,Мобильное устройство,9.56,1,0,0.0
MKT004152,2025-06-20,Поисковая реклама,Программа лояльности,Лояльный,Мобильное устройство,14.35,0,0,0.0
MKT005913,2025-06-15,Email,Имиджевая кампания,Лояльный,Мобильное устройство,1.7,0,0,0.0
MKT001031,2025-04-20,Email,Ретаргетинг,Новый,Компьютер,1.66,1,0,0.0
MKT008186,2025-05-06,Поисковая реклама,Программа лояльности,Повторный,Компьютер,13.39,0,0,0.0
MKT008488,2025-10-29,Email,Сезонная акция,Новый,Планшет,3.28,0,0,0.0
MKT002685,2025-12-04,Поисковая реклама,Новый продукт,Лояльный,Компьютер,25.89,0,0,0.0
MKT003084,2025-05-06,Поисковая реклама,Сезонная акция,Новый,Мобильное устройство,17.92,1,1,2404.55
MKT003367,2025-12-25,Поисковая реклама,Ретаргетинг,Повторный,Планшет,22.95,0,0,0.0
MKT008840,2025-02-16,Email,Новый продукт,Повторный,Планшет,1.96,0,0,0.0
MKT002914,2025-06-18,Социальные сети,Имиджевая кампания,Новый,Мобильное устройство,9.27,0,0,0.0
MKT000839,2025-03-06,Поисковая реклама,Программа лояльности,Повторный,Мобильное устройство,15.73,0,0,0.0
MKT008528,2025-05-23,Email,Ретаргетинг,Повторный,Мобильное устройство,2.22,0,0,0.0
MKT000236,2025-12-15,Поисковая реклама,Имиджевая кампания,Новый,Мобильное устройство,33.08,0,0,0.0
MKT009093,2025-11-04,Социальные сети,Сезонная акция,Новый,Мобильное устройство,9.05,0,0,0.0
MKT003725,2025-01-26,Email,Имиджевая кампания,Повторный,Мобильное устройство,2.49,0,0,0.0
MKT000789,2025-06-07,Социальные сети,Ретаргетинг,Новый,Планшет,7.69,1,0,0.0
MKT003606,2025-06-30,Медийная реклама,Имиджевая кампания,Лояльный,Мобильное устройство,9.19,0,0,0.0
MKT003711,2025-10-20,Push,Новый продукт,Лояльный,Мобильное устройство,2.21,0,0,0.0
MKT003987,2025-11-28,Поисковая реклама,Программа лояльности,Новый,Мобильное устройство,13.97,0,0,0.0
MKT004526,2025-10-06,Поисковая реклама,Новый продукт,Новый,Мобильное устройство,21.28,0,0,0.0
MKT002013,2025-02-25,Push,Имиджевая кампания,Повторный,Мобильное устройство,1.5,0,0,0.0
MKT009412,2025-04-12,Социальные сети,Программа лояльности,Новый,Мобильное устройство,6.83,0,0,0.0
MKT003499,2025-11-11,Социальные сети,Ретаргетинг,Новый,Мобильное устройство,7.46,0,0,0.0
MKT006307,2025-11-11,Медийная реклама,Программа лояльности,Новый,Мобильное устройство,4.3,0,0,0.0
MKT002773,2025-02-02, email ,Имиджевая кампания,Лояльный,Компьютер,2.39,0,0,0.0
MKT004807,2025-12-11,Социальные сети,Сезонная акция,Лояльный,Мобильное устройство,11.77,0,0,0.0
MKT003302,2025-10-18,Социальные сети,Имиджевая кампания,Новый,Компьютер,11.02,0,0,0.0
MKT000206,2025-09-27,Поисковая реклама,Ретаргетинг,Новый,Мобильное устройство,20.61,0,0,0.0
MKT006942,2025-02-04,Социальные сети,Имиджевая кампания,Новый,Мобильное устройство,6.93,0,0,0.0
MKT006050,2025-07-27,Социальные сети,Ретаргетинг,Лояльный,Мобильное устройство,8.97,0,0,0.0
MKT004729,2025-12-02,Push,Новый продукт,Повторный,Компьютер,1.89,0,0,0.0
MKT007142,2025-06-12,Поисковая реклама,Сезонная акция,Повторный,Мобильное устройство,20.88,1,1,4229.7
MKT001685,2025-09-16,Поисковая реклама,Имиджевая кампания,Новый,Планшет,23.52,0,0,0.0
MKT002567,2025-07-14,Email,Новый продукт,Новый,Планшет,3.32,0,0,0.0
MKT008517,2025-11-30,Социальные сети,Ретаргетинг,Новый,Компьютер,9.21,0,0,0.0
MKT006951,2025-09-21,Социальные сети,Ретаргетинг,Новый,Компьютер,,0,0,0.0
MKT007310,2025-09-17,Социальные сети,Ретаргетинг,Лояльный,Мобильное устройство,9.3,0,0,0.0
MKT009939,2025-08-15,Медийная реклама,Имиджевая кампания,Лояльный,Мобильное устройство,5.13,1,0,0.0
MKT001460,2025-09-06,Email,Ретаргетинг,Лояльный,Мобильное устройство,1.67,0,0,0.0
MKT007388,2025-01-06,Push,Программа лояльности,Лояльный,Компьютер,1.06,0,0,0.0
MKT001166,2025-08-20,Поисковая реклама,Имиджевая кампания,Лояльный,Компьютер,17.6,0,0,0.0
MKT008354,2025-05-14,Email,Новый продукт,Повторный,Компьютер,2.33,0,0,0.0
MKT007156,2025-05-31,Поисковая реклама,Имиджевая кампания,Повторный,Мобильное устройство,21.57,0,0,0.0
MKT009758,2025-08-05,Медийная реклама,Программа лояльности,Повторный,Мобильное устройство,5.52,0,0,0.0
MKT004805,2025-03-20,Медийная реклама,Программа лояльности,Лояльный,Мобильное устройство,5.54,0,0,0.0
MKT003856,2025-01-27,Email,Имиджевая кампания,Лояльный,Компьютер,2.0,1,0,0.0
MKT001112,2025-02-26,Email,Сезонная акция,Лояльный,Мобильное устройство,2.95,0,0,0.0
MKT002121,2025-03-27,Социальные сети,Имиджевая кампания,Повторный,Мобильное устройство,7.55,1,0,0.0
MKT005704,2025-01-30,Поисковая реклама,Программа лояльности,Повторный,Мобильное устройство,14.4,0,0,
MKT007346,2025-07-07,Социальные сети,Ретаргетинг,Новый,Мобильное устройство,9.4,0,0,0.0
MKT003886,2025-09-16,Медийная реклама,Сезонная акция,Лояльный,Мобильное устройство,8.04,0,0,0.0
MKT008022,2025-02-15,Push,Ретаргетинг,Повторный,Мобильное устройство,1.66,0,0,0.0
MKT005046,2025-03-14,Поисковая реклама,Новый продукт,Повторный,Компьютер,22.87,0,0,0.0
MKT008734,2025-05-25,Поисковая реклама,Имиджевая кампания,Новый,Мобильное устройство,18.0,0,0,0.0
MKT000695,2025-07-05,Email,Сезонная акция,Новый,Мобильное устройство,3.85,0,0,0.0
MKT004100,2025-01-05,Социальные сети,Ретаргетинг,Повторный,Мобильное устройство,7.63,0,0,0.0
MKT002532,2025-12-11,соцсети,Сезонная акция,Лояльный,Мобильное устройство,11.84,0,0,0.0
MKT006569,2025-03-29,Email, имиджевая кампания ,Лояльный,Мобильное устройство,2.92,0,1,0.0
MKT003568,2025-05-25,Социальные сети,Имиджевая кампания,Повторный,Компьютер,8.75,0,0,0.0
MKT001276,2025-04-01,Социальные сети,Сезонная акция,Повторный,Мобильное устройство,11.52,0,0,0.0
MKT007004,2025-07-16,Поисковая реклама,Новый продукт,Повторный,Компьютер,30.38,0,0,0.0
MKT007017,2025-09-10,Email,Сезонная акция,Повторный,Компьютер,3.15,0,0,0.0
MKT005817,2025-08-25,Поисковая реклама,Программа лояльности,Повторный,Мобильное устройство,15.1,0,0,0.0
MKT005874,2025-02-18,Email,Имиджевая кампания,Новый,Компьютер,2.16,0,0,0.0
MKT005197,2025-01-29,Email,Новый продукт,Повторный,Компьютер,2.87,0,0,0.0
MKT004012,2025-01-17,Поисковая реклама,Новый продукт,Новый,Мобильное устройство,22.16,0,0,0.0
MKT006772,2025-03-31,Email,Сезонная акция,Новый,Мобильное устройство,2.92,0,0,0.0
MKT002368,2025-01-24,Социальные сети,Имиджевая кампания,Повторный,Мобильное устройство,8.59,0,0,0.0
MKT001780,2025-10-28,,Сезонная акция,Лояльный,Мобильное устройство,9.42,0,0,0.0
MKT009120,2025-04-14,Email,Ретаргетинг,Лояльный,Компьютер,1.94,0,0,0.0
MKT000999,2025-02-03,Push,Ретаргетинг,Новый,Мобильное устройство,1.58,0,0,0.0
MKT009516,2025-11-14,Поисковая реклама,Сезонная акция,Лояльный,Планшет,22.83,0,0,0.0
MKT001892,2025-11-18,Социальные сети,Новый продукт,Повторный,Мобильное устройство,10.53,0,0,0.0
MKT000836,2025-11-10,Медийная реклама,Ретаргетинг,Новый,Мобильное устройство,6.38,0,0,0.0
MKT003495,2025-04-09,Медийная реклама,Имиджевая кампания,Лояльный,Мобильное устройство,5.17,0,0,0.0
MKT005523,2025-01-30,Социальные сети,Новый продукт,Повторный,Мобильное устройство,11.91,0,0,0.0
MKT006227,2025-08-07,Email,Имиджевая кампания,Повторный,Мобильное устройство,2.17,0,0,0.0
MKT008072,2025-11-02,Push,Новый продукт,Новый,Мобильное устройство,1.64,1,0,0.0
MKT008857,2025-11-28,Медийная реклама,Новый продукт,Новый,Мобильное устройство,7.25,0,0,0.0
MKT007529,2025-08-05,Email,Новый продукт,Лояльный,Планшет,1.98,0,0,0.0
MKT008092,2025-06-19,Социальные сети,Сезонная акция,Лояльный,Мобильное устройство,13.09,0,0,0.0
MKT000709,2025-05-12,Поисковая реклама,Программа лояльности,Повторный,Мобильное устройство,19.41,1,0,0.0
MKT009077,2025-07-22,Социальные сети,Программа лояльности,Новый,Мобильное устройство,6.73,0,0,0.0
MKT008920,2025-06-01,Поисковая реклама,Ретаргетинг,Повторный,Компьютер,18.97,1,0,0.0
MKT006715,2025-01-27,Поисковая реклама,Программа лояльности,Повторный,Мобильное устройство,17.09,1,1,6521.71
MKT004243,2025-03-30,Социальные сети,Сезонная акция,Лояльный,Мобильное устройство,10.39,0,0,0.0
MKT006857,2025-04-16,Push,Сезонная акция,Новый,Компьютер,2.09,0,0,0.0
MKT002630,2025-12-24,Email,Сезонная акция,Повторный,Компьютер,2.63,0,0,0.0
MKT003373,2025-08-21,Медийная реклама,Новый продукт,Повторный,Мобильное устройство,8.56,0,0,0.0
MKT002940,2025-04-17,Социальные сети,Имиджевая кампания,Повторный,Компьютер,7.63,0,0,0.0
MKT008343,2025-07-17,Email,Новый продукт,Новый,Компьютер,2.57,0,0,0.0
MKT007838,2025-11-18,Поисковая реклама,Программа лояльности,Новый,Мобильное устройство,15.72,0,0,0.0
MKT001300,2025-11-21,Поисковая реклама,Имиджевая кампания,Лояльный,Планшет,20.31,0,0,0.0
MKT006385,2025-03-17,Социальные сети,Сезонная акция,Повторный,Компьютер,9.39,0,0,0.0
MKT000041,2025-07-10,Email,Сезонная акция,Повторный,Компьютер,2.31,0,0,0.0
MKT004280,2025-11-07,Социальные сети,Сезонная акция,Лояльный,Компьютер,8.33,0,0,0.0
MKT004848,2025-11-06,Поисковая реклама,Имиджевая кампания,Новый,Компьютер,16.75,0,0,0.0
MKT001130,2025-02-15,Социальные сети,Ретаргетинг,Новый,Мобильное устройство,7.73,0,0,0.0
MKT006903,2025-09-03,Push,Сезонная акция,Новый,Компьютер,1.25,0,0,0.0
MKT003512,2025-10-16,Социальные сети,Имиджевая кампания,Повторный,Компьютер,6.58,0,0,0.0
MKT001591,2025-05-14,Поисковая реклама,Новый продукт,Новый,Мобильное устройство,36.09,1,0,0.0
MKT000792,2025-06-25,Социальные сети,Сезонная акция,Новый,Мобильное устройство,9.37,0,0,0.0
MKT008024,2025-02-09,Поисковая реклама,Программа лояльности,Повторный,Мобильное устройство,21.48,0,0,0.0
MKT002525,2025-02-25,Медийная реклама,Имиджевая кампания,Новый,мобильное ,8.25,0,0,0.0
MKT004953,2025-02-10,Социальные сети,Сезонная акция,Лояльный,Планшет,11.09,0,0,0.0
MKT008750,2025-09-18,Социальные сети,Ретаргетинг,Повторный,Мобильное устройство,10.44,0,0,0.0
MKT006710,2025-04-29,Email,Ретаргетинг,Новый,Мобильное устройство,1.6,0,0,0.0
MKT005384,2025-09-08,Социальные сети,Новый продукт,Повторный,Мобильное устройство,10.19,0,0,0.0
MKT004080,2025-07-13,Социальные сети,Сезонная акция,Повторный,Компьютер,14.23,0,0,0.0
MKT004322,2025-08-05,Push,Программа лояльности,Новый,Мобильное устройство,1.19,0,0,0.0
MKT005389,2025-11-14,Push,Сезонная акция,Новый,Мобильное устройство,1.82,0,0,0.0
MKT003430,2025-09-18,Поисковая реклама,Сезонная акция,Повторный,Мобильное устройство,28.77,0,0,0.0
MKT000091,2025-10-26,Поисковая реклама,Сезонная акция,Лояльный,Мобильное устройство,20.79,0,0,0.0
MKT008358,2025-03-09,Email,Имиджевая кампания,Лояльный,Мобильное устройство,2.8,0,0,0.0
MKT008688,2025-01-27,Медийная реклама,Сезонная акция,Новый,Компьютер,9.4,0,0,0.0
MKT001792,2025-04-17,Социальные сети,Сезонная акция,Лояльный,Мобильное устройство,14.56,0,0,0.0
MKT003543,2025-07-04,Push,программа лояльности,Новый,Мобильное устройство,0.84,0,0,0.0
MKT000115,2025-09-05,Push,Имиджевая кампания,Новый,Компьютер,1.14,0,0,0.0
MKT005761,2025-01-16,Поисковая реклама,Сезонная акция,Новый,Компьютер,21.51,0,0,0.0
MKT005160,2025-03-17,Социальные сети,Сезонная акция,Новый,Мобильное устройство,14.76,0,0,0.0
MKT006641,2025-02-05,Социальные сети,Ретаргетинг,Новый,Планшет,9.9,0,0,
MKT006281,2025-10-02,Медийная реклама,Новый продукт,Повторный,Мобильное устройство,5.6,0,0,0.0
MKT003675,2025-11-01,Социальные сети,Программа лояльности,Новый,Мобильное устройство,6.69,0,0,0.0
MKT005117,2025-10-30,Поисковая реклама,Ретаргетинг,Лояльный,Мобильное устройство,27.14,0,0,0.0
MKT008030,2025-05-12,Email,Программа лояльности,Повторный,мобильное ,1.23,0,0,0.0
MKT003433,2025-04-12,Push,Имиджевая кампания,Повторный,Компьютер,2.12,0,0,0.0
MKT009840,2025-05-16,Поисковая реклама,Программа лояльности,Лояльный,Мобильное устройство,11.72,0,0,0.0
MKT004137,2025-08-15,Email,Сезонная акция,Лояльный,Компьютер,2.07,0,0,0.0
MKT000705,2025-10-15,Push,Новый продукт,Повторный,Компьютер,1.52,1,0,0.0
MKT003580,2025-11-24,Email,Сезонная акция,Лояльный,Мобильное устройство,2.72,0,0,0.0
MKT006931,2025-06-05,Push,Новый продукт,Лояльный,Мобильное устройство,1.27,0,0,0.0
MKT002404,2025-01-16,Социальные сети,Имиджевая кампания,Новый,Мобильное устройство,8.23,0,0,0.0
MKT008621,2025-08-04,Медийная реклама,Ретаргетинг,Новый,Мобильное устройство,11.84,0,0,0.0
MKT007496,2025-10-17,Поисковая реклама,Программа лояльности,Новый,Мобильное устройство,16.44,0,0,0.0
MKT006309,2025-11-01,Социальные сети,Сезонная акция,Новый,Мобильное устройство,9.44,0,0,0.0
MKT008965,2025-08-30,Социальные сети,Ретаргетинг,Новый,Компьютер,9.69,1,1,4206.03
MKT006199,2025-11-03,Поисковая реклама,Ретаргетинг,Повторный,Мобильное устройство,18.7,0,0,0.0
MKT004207,2025-10-15,Поисковая реклама,Программа лояльности,Новый,Мобильное устройство,22.47,0,0,0.0
MKT004704,2025-02-06,Медийная реклама,Программа лояльности,Новый,Планшет,5.03,0,0,0.0
MKT004563,2025-06-01,Email,Новый продукт,Повторный,Компьютер,1.52,0,0,0.0
MKT003996,2025-08-30,Email,Имиджевая кампания,Повторный,Мобильное устройство,2.53,0,0,0.0
MKT005621,2025-02-05,Email,Новый продукт,Лояльный,Компьютер,2.93,0,0,0.0
MKT004527,2025-10-07,Поисковая реклама,Сезонная акция,Новый,Мобильное устройство,15.82,0,0,0.0
MKT000388,2025-07-24, медийная реклама ,Новый продукт,Повторный,Мобильное устройство,6.14,0,0,0.0
MKT001592,2025-04-17,Email,Новый продукт,Повторный,Мобильное устройство,3.11,0,0,0.0
MKT003656,2025-06-30,Социальные сети,Программа лояльности,Повторный,Мобильное устройство,8.56,0,0,0.0
MKT009126,2025-08-22,Поисковая реклама,Сезонная акция,Лояльный,Мобильное устройство,16.66,0,0,0.0
MKT005092,2025-06-13,Медийная реклама,Ретаргетинг,Повторный,Мобильное устройство,4.9,0,0,0.0
MKT006097,2025-12-12,Поисковая реклама,Имиджевая кампания,Повторный,Мобильное устройство,21.82,0,0,0.0
MKT005448,2025-06-25,Email,Сезонная акция,Лояльный,Компьютер,2.69,0,0,0.0
MKT006507,2025-06-14,Социальные сети,Ретаргетинг,Новый,Мобильное устройство,13.25,0,0,0.0
MKT009796,2025-03-31,Поисковая реклама,Сезонная акция,Новый,Мобильное устройство,23.03,0,0,0.0
MKT005020,2025-11-27,Email,Имиджевая кампания,Повторный,Мобильное устройство,1.91,0,0,0.0
MKT007041,2025-02-01,Email,Сезонная акция,Новый,Мобильное устройство,1.86,1,0,0.0
MKT009053,2025-08-24,Email,Ретаргетинг,Повторный,Компьютер,1.68,0,0,0.0
MKT003993,2025-11-14,Email,Имиджевая кампания,Новый,Мобильное устройство,2.46,0,0,0.0
MKT001555,2025-12-20,Медийная реклама,Сезонная акция,Лояльный,Мобильное устройство,5.51,0,0,0.0
MKT007106,2025-01-10,Поисковая реклама,Имиджевая кампания,Новый,Мобильное устройство,23.8,0,0,0.0
MKT000570,2025-02-18,Поисковая реклама,Новый продукт,Новый,Мобильное устройство,15.62,0,0,0.0
MKT009123,2025-11-18,Поисковая реклама,Новый продукт,Повторный,Компьютер,28.12,0,0,0.0
MKT000106,2025-04-13,Email,Имиджевая кампания,Новый,Компьютер,2.19,0,0,0.0
MKT004783,2025-09-19,Поисковая реклама,Имиджевая кампания,Повторный,Планшет,24.01,0,0,0.0
MKT004095,2025-03-23,Email,Новый продукт,Новый,Компьютер,2.89,0,0,0.0
MKT006784,2025-10-15,Поисковая реклама,Ретаргетинг,Повторный,Компьютер,18.01,0,0,0.0
MKT009192,2025-01-13,Социальные сети,Новый продукт,Лояльный,Мобильное устройство,8.04,0,0,0.0
MKT009439,2025-11-19,Социальные сети,Имиджевая кампания,Новый,Компьютер,9.9,1,0,0.0
MKT007089,2025-03-27,Push,Ретаргетинг,Новый,КОМПЬЮТЕР,1.11,0,0,0.0
MKT003386,2025-05-08,Социальные сети,Ретаргетинг,Новый,Компьютер,8.22,0,0,0.0
MKT004108,2025-08-11,Email,Новый продукт,Повторный,Компьютер,2.77,0,0,0.0
MKT000489,2025-03-04,Социальные сети,Ретаргетинг,Повторный,Мобильное устройство,11.86,0,0,0.0
MKT005285,2025-07-24,Социальные сети,ретаргетинг ,Новый,Мобильное устройство,7.37,0,0,0.0
MKT009358,2025-09-09,Социальные сети,Программа лояльности,Повторный,Мобильное устройство,6.12,1,0,0.0
MKT001201,2025-10-09,Социальные сети,Программа лояльности,Лояльный,Планшет,8.15,0,0,0.0
MKT001750,2025-06-20,Поисковая реклама,Программа лояльности,Новый,Мобильное устройство,10.58,0,0,0.0
MKT008939,2025-01-18,Push,Ретаргетинг,Новый,Мобильное устройство,1.47,1,0,0.0
MKT005519,2025-04-14,Email,Программа лояльности,Новый,Мобильное устройство,1.29,0,0,0.0
MKT001046,2025-08-06,Email,Сезонная акция,Повторный,Мобильное устройство,2.08,0,0,0.0
MKT000265,2025-03-19,Поисковая реклама,Имиджевая кампания,Новый,Мобильное устройство,19.69,0,0,0.0
MKT001673,2025-05-30,Социальные сети,Ретаргетинг,Лояльный,Мобильное устройство,10.64,0,0,0.0
MKT006126,2025-07-21,Поисковая реклама,Новый продукт,Новый,Компьютер,32.05,0,0,0.0
MKT003389,2025-11-24,Push,Ретаргетинг,Повторный,Мобильное устройство,1.47,0,0,0.0
MKT007956,2025-05-25,Поисковая реклама,Программа лояльности,Лояльный,Планшет,22.78,0,0,0.0
MKT009312,2025-07-24,Поисковая реклама,Сезонная акция,Лояльный,Мобильное устройство,23.44,0,0,0.0
MKT004984,2025-06-12,Email,Имиджевая кампания,Новый,Компьютер,2.45,0,0,0.0
MKT009689,2025-03-01,Социальные сети,Сезонная акция,Повторный,Мобильное устройство,8.26,0,0,0.0
MKT004691,2025-02-17,Поисковая реклама,Новый продукт,Новый,Мобильное устройство,27.86,0,0,0.0
MKT002646,24.06.2025,Push,Программа лояльности,Повторный,Мобильное устройство,1.04,0,0,0.0
MKT003003,2025-09-16,Email,Программа лояльности,Новый,Компьютер,1.82,0,0,0.0
MKT003597,2025-08-08,Социальные сети,Новый продукт,Повторный,Планшет,10.04,0,0,0.0
MKT004631,2025-10-31,Email,Ретаргетинг,Новый,Мобильное устройство,1.42,0,0,0.0
MKT002535,2025-12-28,Push,Ретаргетинг,Повторный,Планшет,1.25,0,0,0.0
MKT003880,2025-04-15,Поисковая реклама,Имиджевая кампания,Новый,Мобильное устройство,16.67,0,0,0.0
MKT009054,2025-08-13,Социальные сети,Имиджевая кампания,Новый,Компьютер,11.66,0,0,0.0
MKT000092,2025-11-22,Медийная реклама,Имиджевая кампания,Повторный,Компьютер,4.24,0,0,0.0
MKT002478,2025-09-23,Медийная реклама,Имиджевая кампания,Повторный,Мобильное устройство,5.16,0,0,0.0
MKT007200,2025-03-17,Push,Ретаргетинг,Повторный,Мобильное устройство,1.1,0,0,0.0
MKT002481,2025-01-12,Email,Имиджевая кампания,Лояльный,Мобильное устройство,2.11,0,0,0.0
MKT003581,2025-02-02,Поисковая реклама,Новый продукт,Повторный,Мобильное устройство,18.17,0,0,0.0
MKT007247,2025-08-18,Социальные сети,Сезонная акция,Лояльный,Мобильное устройство,9.49,0,0,0.0
MKT009214,2025-09-11,Медийная реклама,Ретаргетинг,Повторный,Мобильное устройство,4.44,1,0,0.0
MKT005440,2025-10-14,Поисковая реклама,Сезонная акция,Повторный,Компьютер,17.86,0,0,0.0
MKT000400,2025-02-14,Email,Ретаргетинг,Лояльный,Компьютер,1.67,0,0,0.0
MKT001547,2025-04-27,Социальные сети,Ретаргетинг,Новый,Планшет,9.17,0,0,0.0
MKT000951,2025-10-19,Поисковая реклама,Имиджевая кампания,Повторный,Мобильное устройство,23.88,0,0,0.0
MKT009912,2025-10-26,Email,Ретаргетинг,Повторный,Мобильное устройство,2.87,1,1,2313.91
MKT001004,2025-11-07,Поисковая реклама,Программа лояльности,Повторный,Компьютер,15.48,0,0,0.0
MKT008613,2025-06-26,Email,Сезонная акция,Повторный,Компьютер,2.29,0,0,0.0
MKT004538,2025-01-25,Поисковая реклама,Программа лояльности,Новый,Мобильное устройство,18.73,0,0,0.0
MKT004047,2025-03-01,Социальные сети,Новый продукт,Лояльный,Компьютер,10.69,0,0,0.0
MKT001751,2025-11-22,Email,Сезонная акция,Новый,Мобильное устройство,2.3,0,0,0.0
MKT002761,2025-01-11,Push,Программа лояльности,Повторный,Мобильное устройство,1.37,0,0,0.0
MKT003861,2025-02-25,Push,Программа лояльности,Новый,Мобильное устройство,1.27,0,0,0.0
MKT004427,2025-12-20,Push,Ретаргетинг,Новый,Компьютер,0.97,1,0,0.0
MKT001936,2025-03-06,ПОИСКОВАЯ РЕКЛАМА,Ретаргетинг,Новый,Мобильное устройство,17.31,0,0,0.0
MKT009286,2025-12-27,Push,Ретаргетинг,Лояльный,Мобильное устройство,1.01,0,0,0.0
MKT001737,2025-10-24,Push,Имиджевая кампания,Новый,Компьютер,1.26,0,0,0.0
MKT000008,2025-11-17,Медийная реклама,Программа лояльности,Новый,Мобильное устройство,5.37,0,0,0.0
MKT006074,2025-09-26,Поисковая реклама,Ретаргетинг,Новый,Мобильное устройство,20.57,0,0,0.0
MKT009030,2025-03-07,Социальные сети,Ретаргетинг,Повторный,Мобильное устройство,9.96,0,0,0.0
MKT000280,2025-02-04,Социальные сети,Ретаргетинг,Новый,Мобильное устройство,10.59,0,0,0.0
MKT005760,2025-09-05,Push,Сезонная акция,Новый,Мобильное устройство,1.76,1,0,0.0
MKT005574,2025-08-31,Социальные сети,Сезонная акция,Новый,Мобильное устройство,10.1,0,0,0.0
MKT003152,2025-02-25,Email,Имиджевая кампания,Повторный,Компьютер,2.76,0,0,0.0
MKT004163,2025-07-29,Email,Ретаргетинг,Повторный,Мобильное устройство,1.54,0,0,0.0
MKT008321,2025-03-23,Медийная реклама,Имиджевая кампания,Лояльный,Компьютер,4.54,0,0,0.0
MKT001010,2025-01-28,Email,Имиджевая кампания,Новый,Мобильное устройство,3.48,0,0,0.0
MKT003807,2025-01-03,Поисковая реклама,Новый продукт,Новый,Мобильное устройство,13.01,0,0,0.0
MKT003695,2025-10-29,Медийная реклама,Новый продукт,Новый,Компьютер,6.6,0,0,0.0
MKT008145,2025-04-06,Социальные сети,Программа лояльности,Новый,Мобильное устройство,11.92,0,0,0.0
MKT006749,2025-04-03,Поисковая реклама,Имиджевая кампания,Повторный,Мобильное устройство,15.34,1,0,0.0
MKT001503,2025-08-12,Социальные сети,Ретаргетинг,Повторный,Мобильное устройство,9.18,1,0,0.0
MKT000508,2025-08-12,Push,Ретаргетинг,Повторный,Мобильное устройство,2.36,0,0,0.0
MKT008231,2025-03-14,Push,Сезонная акция,Повторный,Мобильное устройство,1.91,0,0,0.0
MKT004371,2025-09-24,Поисковая реклама,сезонная акция ,Лояльный,Мобильное устройство,23.99,0,0,0.0
MKT008359,2025-10-08,Медийная реклама,Сезонная акция,Новый,Мобильное устройство,7.12,0,0,0.0
MKT004948,2025-04-15,Социальные сети,Ретаргетинг,Лояльный,Мобильное устройство,6.81,0,0,0.0
MKT008054,2025-02-02,Медийная реклама,Ретаргетинг,Повторный,Компьютер,6.48,1,0,0.0
MKT007773,2025-10-03,Push,Имиджевая кампания,Новый,Мобильное устройство,1.28,0,0,0.0
MKT000263,2025-07-16,Поисковая реклама,Новый продукт,Повторный,Мобильное устройство,19.01,0,0,0.0
MKT006083,2025-10-14,Социальные сети,Ретаргетинг,Новый,Мобильное устройство,6.01,0,0,0.0
MKT001999,2025-02-09,Социальные сети,Новый продукт,Повторный,Мобильное устройство,11.53,0,0,0.0
MKT009316,2025-03-24,Email,Программа лояльности,Лояльный,Мобильное устройство,2.32,0,0,0.0
MKT004662,2025-12-17,Поисковая реклама,Новый продукт,Повторный,Мобильное устройство,17.23,0,0,0.0
MKT006295,2025-09-25,Push,Программа лояльности,Повторный,Компьютер,1.87,0,0,0.0
MKT000868,2025-05-22,Поисковая реклама,Сезонная акция,Лояльный,Мобильное устройство,18.66,1,0,0.0
MKT001199,2025-03-21,Push,Сезонная акция,Лояльный,Мобильное устройство,1.33,0,0,0.0
MKT007375,2025-02-16,Социальные сети,Новый продукт,Повторный,Мобильное устройство,8.67,0,0,0.0
MKT006025,2025-10-12,Push,Имиджевая кампания,Повторный,Мобильное устройство,1.62,0,0,0.0
MKT002122,2025-07-08,Email,Сезонная акция,Новый,Мобильное устройство,2.73,0,0,0.0
MKT000274,2025-11-04,Поисковая реклама,Ретаргетинг,Повторный,Мобильное устройство,13.99,1,1,2769.88
MKT008825,2025-03-29,Email,Ретаргетинг,Новый,Мобильное устройство,2.36,0,0,0.0
MKT009170,2025-01-10,Push,Программа лояльности,Лояльный,Компьютер,2.01,0,0,0.0
MKT006597,2025-11-14,Социальные сети,Новый продукт,Новый,Компьютер,11.44,0,0,0.0
MKT004877,2025-09-09,Email,Имиджевая кампания,Новый,Мобильное устройство,2.15,0,0,0.0
MKT009020,2025-11-03,Push,Имиджевая кампания,Лояльный,Мобильное устройство,1.76,0,0,0.0
MKT002520,2025-12-25,Социальные сети,Программа лояльности,Новый,Мобильное устройство,8.05,0,0,0.0
MKT003018,2025-07-28,Социальные сети,Программа лояльности,Повторный,Компьютер,7.43,0,0,0.0
MKT007721,2025-07-06,Поисковая реклама,Ретаргетинг,Повторный,Компьютер,18.42,0,0,0.0
MKT004844,2025-01-18,Поисковая реклама,Имиджевая кампания,Новый,Планшет,17.83,0,0,0.0
MKT007743,2025-06-09,Поисковая реклама,Имиджевая кампания,Новый,Мобильное устройство,18.18,0,0,0.0
MKT001621,2025-10-20,Email,Имиджевая кампания,Повторный,Мобильное устройство,2.49,0,0,0.0
MKT009444,2025-08-11,Медийная реклама,Ретаргетинг,Повторный,Компьютер,5.91,0,0,0.0
MKT009656,2025-05-14,Поисковая реклама,Сезонная акция,Повторный,Мобильное устройство,16.78,0,0,0.0
MKT004071,2025-05-30,Социальные сети,Ретаргетинг,Новый,Мобильное устройство,7.95,0,0,0.0
MKT003355,2025-04-01,Email,Имиджевая кампания,Повторный,Планшет,2.57,0,0,0.0
MKT002855,2025-08-26,Email,Ретаргетинг,Повторный,Мобильное устройство,2.17,1,1,3991.79
MKT001700,2025-05-26,Социальные сети,Сезонная акция,Лояльный,Компьютер,9.7,0,0,0.0
MKT002408,2025-04-14,Социальные сети,Имиджевая кампания,Повторный,Компьютер,8.05,0,0,0.0
MKT006930,2025-07-15,Email,Сезонная акция,Новый,Мобильное устройство,2.73,0,0,0.0
MKT006671,2025-09-15,Медийная реклама,Ретаргетинг,Повторный,Мобильное устройство,3.24,0,0,0.0
MKT002281,2025-12-17,Push,Имиджевая кампания,Новый,Мобильное устройство,0.98,0,0,0.0
MKT005128,2025-10-04,Медийная реклама,Новый продукт,Повторный,Мобильное устройство,8.14,0,0,0.0
MKT006853,2025-02-03,Поисковая реклама,Новый продукт,Новый,Мобильное устройство,22.21,0,0,0.0
MKT000703,2025-08-28,Медийная реклама,Ретаргетинг,Повторный,Мобильное устройство,7.12,0,0,0.0
MKT006725,2025-01-12,Поисковая реклама,Имиджевая кампания,Новый,Мобильное устройство,21.92,0,0,0.0
MKT007015,2025-02-14,Социальные сети,Программа лояльности,Новый,Мобильное устройство,10.3,0,0,0.0
MKT003147,2025-09-04,Социальные сети,Ретаргетинг,Повторный,Мобильное устройство,6.02,0,0,0.0
MKT002699,2025-12-19,Поисковая реклама,Ретаргетинг,Повторный,Мобильное устройство,17.66,0,0,0.0
MKT005737,2025-08-10,Push,Имиджевая кампания,Новый,Компьютер,1.35,0,0,0.0
MKT007934,2025-10-22,Email,Имиджевая кампания,Новый,Планшет,1.95,0,0,0.0
MKT004920,2025-03-31,Медийная реклама,Ретаргетинг,Новый,Мобильное устройство,5.91,0,0,0.0
MKT008468,2025-06-18,Email,Ретаргетинг,Повторный,Мобильное устройство,2.21,0,0,0.0
MKT002602,2025-06-14,Социальные сети,Новый продукт,Новый,мобильное ,10.75,0,0,0.0
MKT003220,2025-02-21,Социальные сети, имиджевая кампания ,Повторный,Компьютер,11.44,0,0,0.0
MKT007508,17.11.2025,Email,Ретаргетинг,Новый,Планшет,1.93,0,0,0.0
MKT000099,2025-02-19,Социальные сети,Программа лояльности,Лояльный,Мобильное устройство,9.83,0,0,0.0
MKT000677,2025-10-04,Социальные сети,Новый продукт,Новый,Компьютер,11.28,0,0,0.0
MKT001587,2025-09-10,Поисковая реклама,Ретаргетинг,Новый,Компьютер,16.34,0,0,0.0
MKT005318,2025-02-28,Социальные сети,Имиджевая кампания,Повторный,Компьютер,9.46,0,0,0.0
MKT006977,2025-11-21,Push,Новый продукт,Повторный,Компьютер,1.91,0,0,0.0
MKT004645,2025-01-10,Поисковая реклама,Сезонная акция,Лояльный,Мобильное устройство,25.92,1,1,5961.11
MKT009028,2025-09-29,Push,Программа лояльности,Новый,Компьютер,1.37,0,0,0.0
MKT009877,2025-08-04,Социальные сети,Имиджевая кампания,Новый,Компьютер,10.95,0,0,0.0
MKT002276,2025-09-10,Поисковая реклама,Имиджевая кампания,Повторный,Мобильное устройство,23.23,1,0,0.0
MKT009587,2025-10-24,Социальные сети,Сезонная акция,Новый,Мобильное устройство,10000.0,-1,0,0.0
MKT008005,2025-05-23,Email,Сезонная акция,Новый,Мобильное устройство,2.6,0,0,0.0
MKT006826,2025-06-03,Поисковая реклама,Ретаргетинг,Новый,Мобильное устройство,20.37,0,0,0.0
MKT004027,2025-03-10,Медийная реклама,Новый продукт,Лояльный,Мобильное устройство,7.81,0,0,0.0
MKT005762,2025-07-04,Поисковая реклама,Новый продукт,Новый,Мобильное устройство,27.55,0,0,0.0
MKT008537,2025-11-24,Email,Ретаргетинг,Повторный,Планшет,2.07,0,0,0.0
MKT004659,2025-07-24,Email,Ретаргетинг,Новый,Компьютер,1.99,0,0,0.0
MKT008160,26.07.2025,Поисковая реклама,Сезонная акция,Повторный,Компьютер,20.02,1,1,6760.84
MKT002027,2025-11-25,Медийная реклама,Имиджевая кампания,Новый,Компьютер,7.56,0,0,0.0
MKT000787,2025-03-16,Медийная реклама,Новый продукт,Лояльный,Компьютер,9.28,0,0,0.0
MKT008124,2025-06-07,Email,Программа лояльности,Повторный,Мобильное устройство,2.16,0,0,0.0
MKT006640,2025-01-05,Email,Имиджевая кампания,Новый,Мобильное устройство,2.0,0,0,0.0
MKT004866,2025-04-09,Поисковая реклама,Программа лояльности,Новый,Мобильное устройство,17.44,0,0,0.0
MKT004501,2025-04-22,Поисковая реклама,Новый продукт,Лояльный,Компьютер,22.7,0,0,0.0
MKT006628,2025-09-05,Поисковая реклама,Имиджевая кампания,Новый,Компьютер,,0,0,0.0
MKT001271,2025-03-15,Социальные сети,Сезонная акция,Лояльный,Мобильное устройство,10.1,0,0,0.0
MKT002736,2025-08-19,Социальные сети,Ретаргетинг,Новый,Мобильное устройство,7.24,0,0,0.0
MKT004669,2025-04-26,Поисковая реклама,Имиджевая кампания,Новый,Планшет,16.57,0,0,0.0
MKT000909,2025-03-27,Поисковая реклама,Новый продукт,Новый,Мобильное устройство,23.42,0,0,0.0
MKT002904,2025-05-29,Поисковая реклама,Сезонная акция,Повторный,Компьютер,18.46,1,0,0.0
MKT002498,2025-05-23,Email,Ретаргетинг,Повторный, планшет ,1.94,0,0,0.0
MKT005168,2025-03-09,Социальные сети,Сезонная акция,Лояльный,Мобильное устройство,17.7,1,0,0.0
MKT001706,2025-08-02,Поисковая реклама,Сезонная акция,Новый,Планшет,17.37,0,0,0.0
MKT002524,16.04.2025,Поисковая реклама,Ретаргетинг,Новый,Мобильное устройство,16.38,0,0,0.0
MKT005622,2025-03-28,Email,Программа лояльности,Новый,Мобильное устройство,2.24,0,0,0.0
MKT005661,2025-07-09,Социальные сети,Сезонная акция,Лояльный,Мобильное устройство,8.99,0,0,0.0
MKT008261,2025-07-03,Email,Новый продукт,Повторный,Мобильное устройство,1.94,0,0,0.0
MKT005669,2025-07-02,Email,Сезонная акция,Повторный,Компьютер,3.71,0,0,0.0
MKT005697,2025-09-11,Email,Имиджевая кампания,Лояльный,Мобильное устройство,2.56,0,0,0.0
MKT009772,2025-12-10,Поисковая реклама,Сезонная акция,Новый,Планшет,29.21,0,0,0.0
MKT005961,2025-10-12,Push,Новый продукт,Новый,Компьютер,1.23,0,0,0.0
MKT002435,2025-09-10,Социальные сети,Имиджевая кампания,Лояльный,Компьютер,12.38,0,0,0.0
MKT006241,2025-09-13,Социальные сети,Имиджевая кампания,Новый,Компьютер,9.9,0,0,0.0
MKT008429,2025-09-01,Медийная реклама,Имиджевая кампания,Повторный,Компьютер,8.53,0,0,0.0
MKT007828,2025-01-11,Email,Имиджевая кампания,Лояльный,Мобильное устройство,2.41,0,0,0.0
MKT007765,2025-02-10,Социальные сети,Имиджевая кампания,Новый,Мобильное устройство,9.38,0,0,0.0
MKT005340,2025-08-28,Push,Сезонная акция,Повторный,Мобильное устройство,1.7,0,0,0.0
MKT007936,2025-03-01,Социальные сети,Новый продукт,Лояльный,Мобильное устройство,8.46,0,0,0.0
MKT000656,2025-12-31,Социальные сети,Сезонная акция,Новый,Мобильное устройство,16.16,0,0,0.0
MKT008615,2025-06-08,Социальные сети,Новый продукт,Повторный,Компьютер,,0,0,0.0
MKT006700,2025-03-24,Поисковая реклама,Сезонная акция,Новый,Компьютер,29.39,1,0,0.0
MKT005383,2025-05-31,Социальные сети,Новый продукт,Повторный,Мобильное устройство,10.64,1,0,0.0
MKT001869,2025-02-02,Поисковая реклама,Имиджевая кампания,Повторный,Мобильное устройство,18.54,0,0,0.0
MKT000415,2025-07-17,Email,Сезонная акция,Повторный,Мобильное устройство,2.74,0,0,0.0
MKT002639,2025-03-30,Push,Сезонная акция,Новый,Мобильное устройство,1.89,0,0,
MKT001504,2025-10-20,Медийная реклама,Ретаргетинг,Новый,Мобильное устройство,3.88,0,0,0.0
MKT009221,2025-07-02,Email,Сезонная акция,Новый,Планшет,2.63,0,0,0.0
MKT006353,2025-07-20,Социальные сети,Новый продукт,Повторный,Компьютер,11.44,0,0,0.0
MKT009702,2025-05-26,Email,Ретаргетинг,Новый,Мобильное устройство,3.1,0,0,0.0
MKT001979,2025-01-17,Социальные сети,Сезонная акция,Лояльный,Планшет,12.6,0,0,0.0
MKT009842,2025-03-12,Социальные сети,Сезонная акция,Повторный,Мобильное устройство,11.12,0,0,0.0
MKT001476,2025-03-03,,Ретаргетинг,Новый,Мобильное устройство,24.79,0,0,0.0
MKT008795,2025-09-22,Поисковая реклама,Новый продукт,Новый,Компьютер,22.8,0,0,0.0
MKT008706,2025-12-20,Поисковая реклама,Ретаргетинг,Повторный,Компьютер,13.8,1,1,7570.53
MKT002962,2025-12-07,Социальные сети,Ретаргетинг,Лояльный,Мобильное устройство,8.97,0,0,0.0
MKT002694,2025-07-14,Медийная реклама,Ретаргетинг,Лояльный,Компьютер,5.81,0,0,0.0
MKT005243,2025-11-09,Медийная реклама,Ретаргетинг,Повторный,Мобильное устройство,5.3,0,0,0.0
MKT003618,2025-06-26,push ,Имиджевая кампания,Новый,Компьютер,2.05,0,0,0.0
MKT005664,2025-04-28,Email,Новый продукт,Новый,Мобильное устройство,1.93,0,0,0.0
MKT007893,2025-06-24,Email,Ретаргетинг,Повторный,Мобильное устройство,1.7,0,0,0.0
MKT007670,2025-01-30,Push,Ретаргетинг,Лояльный,Компьютер,1.15,0,0,0.0
MKT004935,2025-04-14,Поисковая реклама,Имиджевая кампания,Лояльный,Мобильное устройство,29.39,1,0,0.0
MKT001473,2025-08-02,Социальные сети,Сезонная акция,Новый,Компьютер,10.06,0,0,0.0
MKT004086,2025-01-17,Email,Программа лояльности,Новый,Компьютер,2.06,0,0,0.0
MKT000627,2025-10-07,Поисковая реклама,Ретаргетинг,Новый,Компьютер,14.85,0,0,0.0
MKT008947,2025-03-04,Поисковая реклама,Ретаргетинг,Повторный,Мобильное устройство,19.28,0,0,0.0
MKT005317,2025-03-21,Поисковая реклама,Программа лояльности,Лояльный,Мобильное устройство,18.38,0,0,0.0
MKT007928,2025-09-17,Поисковая реклама,Сезонная акция,Лояльный,Планшет,29.17,0,0,0.0
MKT001076,2025-05-02,Социальные сети,Ретаргетинг,Новый,Мобильное устройство,7.76,0,0,0.0
MKT001483,2025-03-05,Email,Сезонная акция,Новый,Компьютер,2.47,0,0,0.0
MKT004829,2025-05-08,Медийная реклама,Ретаргетинг,Новый,Мобильное устройство,,1,0,0.0
MKT009973,2025-06-10,Поисковая реклама,Сезонная акция,Повторный,Мобильное устройство,16.39,0,0,0.0
MKT001635,2025-02-07,Push,Программа лояльности,ПОВТОРНЫЙ,мобильное ,1.46,0,0,0.0
MKT006312,2025-09-19,Поисковая реклама,Имиджевая кампания,Повторный,Планшет,19.83,0,0,0.0
MKT001956,2025-02-02,Email,Ретаргетинг,Новый,Мобильное устройство,1.78,1,0,0.0
MKT008830,2025-02-18,Социальные сети,Программа лояльности,Повторный,Компьютер,7.0,0,0,0.0
MKT002226,2025-11-14,Поисковая реклама,Имиджевая кампания,Новый,Мобильное устройство,26.86,0,0,0.0
MKT005304,2025-04-06,Поисковая реклама,Сезонная акция,Новый,Компьютер,18.51,0,0,0.0
MKT006636,2025-01-06,Push,Имиджевая кампания,Повторный,Мобильное устройство,1.1,0,0,0.0
MKT007733,2025-12-08,Email,Ретаргетинг,Повторный,Мобильное устройство,1.58,0,0,0.0
MKT000004,2025-10-27,Медийная реклама,Программа лояльности,Лояльный,Мобильное устройство,6.0,0,0,0.0
MKT003767,2025-03-31,Социальные сети,Ретаргетинг,Лояльный,Мобильное устройство,7.3,0,0,0.0
MKT006764,2025-05-16,Push,Новый продукт,Лояльный,Мобильное устройство,1.51,0,0,0.0
MKT002779,2025-05-28,Push,Ретаргетинг,Повторный,Мобильное устройство,1.61,0,0,0.0
MKT007044,2025-06-09,Push,Сезонная акция,Повторный,Мобильное устройство,1.49,0,0,0.0
MKT006532,2025-11-20,Поисковая реклама,Имиджевая кампания,Новый,Компьютер,22.21,0,0,0.0
MKT005506,2025-11-18,Push,Программа лояльности,Повторный,Мобильное устройство,0.92,0,0,0.0
MKT004220,2025-01-18,Социальные сети,Новый продукт,Лояльный,Мобильное устройство,9.67,0,0,0.0
MKT003744,2025-04-06,Социальные сети,Имиджевая кампания,Новый,Компьютер,8.88,0,0,0.0
MKT008458,2025-07-05,Email,Программа лояльности,Повторный,Мобильное устройство,2.08,0,0,0.0
MKT009350,2025-02-21,Социальные сети,Новый продукт,Лояльный,Компьютер,11.01,0,0,0.0
MKT006117,2025-05-23,Медийная реклама,Имиджевая кампания,Лояльный,Мобильное устройство,6.56,0,0,0.0
MKT005244,2025-06-21,Email,Новый продукт,Повторный,Мобильное устройство,2.41,0,0,0.0
MKT000816,2025-07-09,Email,Сезонная акция,Лояльный,Мобильное устройство,1.86,0,0,0.0
MKT004138,2025-04-29,Поисковая реклама,Новый продукт,Новый,Компьютер,24.57,0,0,0.0
MKT009515,2025-09-08,Поисковая реклама,Ретаргетинг,Новый,Мобильное устройство,22.84,0,0,0.0
MKT000583,2025-04-18,Email,Сезонная акция,Новый,Планшет,2.32,0,0,0.0
MKT009357,2025-12-31,Email,Имиджевая кампания,Новый,Компьютер,2.57,0,0,0.0
MKT003727,2025-04-02,Социальные сети,Сезонная акция,Повторный,Компьютер,11.05,0,0,0.0
MKT004159,2025-08-20,Поисковая реклама,Имиджевая кампания,Новый,Мобильное устройство,22.57,0,0,0.0
MKT005782,2025-12-26,Социальные сети,Сезонная акция,Лояльный,Компьютер,13.8,0,0,0.0
MKT008248,2025-09-12,Email,Программа лояльности,Лояльный,Мобильное устройство,1.82,0,0,0.0
MKT002283,2025-05-31,Email,Сезонная акция,Новый,Мобильное устройство,3.47,0,0,0.0
MKT000138,2025-08-12,Поисковая реклама,Новый продукт,Новый,Мобильное устройство,30.5,0,0,0.0
MKT006137,2025-10-09,Поисковая реклама,Сезонная акция,Новый,Компьютер,21.09,0,0,0.0
MKT003684,2025-11-09,Поисковая реклама,Программа лояльности,Повторный,Мобильное устройство,19.82,0,0,0.0
MKT000412,2025-12-27,Email,Программа лояльности,Лояльный,Мобильное устройство,1.1,0,0,0.0
MKT000968,2025-11-23,Поисковая реклама,Имиджевая кампания,Новый,Мобильное устройство,18.29,0,0,0.0
MKT006443,2025-11-11,Поисковая реклама,Новый продукт,Лояльный,Планшет,20.34,1,0,0.0
MKT005060,2025-07-09,Социальные сети,Программа лояльности,Новый,Мобильное устройство,6.94,0,0,0.0
MKT008404,2025-05-11,Социальные сети,Программа лояльности,Повторный,Мобильное устройство,11.18,0,0,0.0
MKT004602,2025-12-28,Медийная реклама,Новый продукт,Новый,Мобильное устройство,4.61,0,0,0.0
MKT004860,2025-11-02,Социальные сети,Сезонная акция,Новый,Мобильное устройство,16.38,0,0,0.0
MKT007066,2025-10-03,Социальные сети,Программа лояльности,Повторный,Мобильное устройство,6.16,0,0,0.0
MKT004007,2025-04-10,Push,Программа лояльности,Повторный,Компьютер,1.66,0,0,0.0
MKT001647,2025-09-26,Социальные сети,Имиджевая кампания,Лояльный,Мобильное устройство,8.23,0,0,0.0
MKT001994,2025-01-07,Социальные сети,Имиджевая кампания,Повторный,Компьютер,11.16,0,0,0.0
MKT000018,2025-07-19,Поисковая реклама,Новый продукт,Повторный,Мобильное устройство,27.08,0,0,0.0
MKT005595,2025-08-19,Социальные сети,Сезонная акция,Повторный,Мобильное устройство,11.18,0,0,0.0
MKT008181,2025-03-12,Push,Программа лояльности,Повторный,Мобильное устройство,1.85,0,0,0.0
MKT006629,2025-01-02,Социальные сети,Ретаргетинг,Новый,Мобильное устройство,9.89,0,0,0.0
MKT006027,2025-10-13,Медийная реклама,Новый продукт,Новый,Компьютер,7.33,0,0,0.0
MKT003257,2025-03-19,Email,Имиджевая кампания,Повторный,Компьютер,2.39,0,0,0.0
MKT001117,2025-11-22,Социальные сети,Ретаргетинг,Повторный,Мобильное устройство,9.39,0,0,0.0
MKT004157,2025-09-18,Email,Сезонная акция,Повторный,Компьютер,3.06,0,0,0.0
MKT001219,2025-12-08,Социальные сети,Сезонная акция,Повторный,КОМПЬЮТЕР,8.4,0,0,0.0
MKT003306,2025-03-21,Социальные сети,Новый продукт,Новый,Компьютер,19.15,0,0,0.0
MKT009804,2025-06-23,Медийная реклама,Программа лояльности,Новый,Мобильное устройство,4.49,0,0,0.0
MKT002305,2025-04-11,Email,Новый продукт,Новый,Мобильное устройство,2.84,0,0,0.0
MKT007755,2025-09-15,Социальные сети,Новый продукт,Повторный,Мобильное устройство,7.57,0,0,0.0
MKT001854,2025-11-30,Email,Ретаргетинг,Новый,Компьютер,2.05,0,0,0.0
MKT001064,2025-05-24,Медийная реклама,Ретаргетинг,Повторный,Мобильное устройство,8.18,1,0,0.0
MKT005458,11.11.2025,Поисковая реклама,Сезонная акция,Новый,Мобильное устройство,19.93,0,0,0.0
MKT003137,2025-07-12,Социальные сети,Имиджевая кампания,Лояльный,Компьютер,9.23,0,0,0.0
MKT000468,2025-02-14,Социальные сети,Имиджевая кампания,Новый,Мобильное устройство,14.56,0,0,0.0
MKT006807,2025-11-22,Социальные сети,Сезонная акция,Повторный,Компьютер,7.97,1,0,0.0
MKT008069,2025-12-19,Медийная реклама,Имиджевая кампания,Новый,Мобильное устройство,6.99,0,0,0.0
MKT001976,30.05.2025,Поисковая реклама,Программа лояльности,Повторный,Планшет,15.82,1,0,0.0
MKT002195,2025-02-13,Социальные сети,Ретаргетинг,Новый,Мобильное устройство,7.8,0,0,0.0
MKT002869,2025-02-21,Email,Сезонная акция,Лояльный,Компьютер,2.22,0,0,0.0
MKT008374,2025-08-27,Email,Имиджевая кампания,Новый,Мобильное устройство,3.09,0,0,0.0
MKT005640,2025-05-21,Медийная реклама,Новый продукт,Повторный,Мобильное устройство,9.66,0,0,0.0
MKT001434,2025-02-20,Социальные сети,Ретаргетинг,Новый,Компьютер,7.45,0,0,0.0
MKT009674,2025-03-09,Медийная реклама,Сезонная акция,Повторный,Мобильное устройство,7.76,0,0,0.0
MKT001701,2025-02-03,Email,Ретаргетинг,Повторный,Мобильное устройство,2.24,0,0,0.0
MKT008469,2025-06-16,Push,Имиджевая кампания,Повторный,Мобильное устройство,1.77,0,0,0.0
MKT000248,2025-05-30,Медийная реклама,Программа лояльности,Повторный,Компьютер,4.07,0,0,0.0
MKT005772,2025-12-28,Медийная реклама,Программа лояльности,Повторный,Компьютер,6.04,0,0,0.0
MKT001202,2025-02-02,Медийная реклама,Ретаргетинг,Лояльный,Мобильное устройство,7.95,0,0,0.0
MKT006205,2025-07-03,Push,Новый продукт,Лояльный,Мобильное устройство,1.46,0,0,0.0
MKT002132,2025-04-21,Push,Программа лояльности,Новый,Мобильное устройство,1.08,0,0,0.0
MKT002663,2025-12-30,Медийная реклама,Сезонная акция,Лояльный,Мобильное устройство,7.0,1,0,0.0
MKT000338,2025-06-03,Email,Ретаргетинг,Новый,Компьютер,2.5,0,0,0.0
MKT006321,2025-12-17,Email,Имиджевая кампания,Повторный,Мобильное устройство,2.78,0,0,0.0
MKT007143,2025-08-18,Push,Сезонная акция,Лояльный,Мобильное устройство,1.82,0,0,0.0
MKT000500,2025-07-15,Медийная реклама,Сезонная акция,Лояльный,Мобильное устройство,7.44,0,1,0.0
MKT004946,2025-03-30,Поисковая реклама,Сезонная акция,Новый,Мобильное устройство,19.06,1,0,0.0
MKT003703,2025-05-02,Социальные сети,Сезонная акция,Повторный,Мобильное устройство,10.91,0,0,0.0
MKT009813,2025-05-27,Медийная реклама,Сезонная акция,Новый,Мобильное устройство,6.12,0,0,0.0
MKT005709,2025-02-19,Социальные сети,Сезонная акция,Повторный,Мобильное устройство,9.84,0,0,0.0
MKT007598,2025-10-22,Социальные сети,Имиджевая кампания,Новый,Мобильное устройство,9.71,0,0,0.0
MKT002906,2025-11-02,Поисковая реклама,Новый продукт,Повторный,Мобильное устройство,29.93,0,0,0.0
MKT007302,2025-09-17,Email,Новый продукт,Новый,Мобильное устройство,2.23,0,0,0.0
MKT009612,2025-04-11,Push,Ретаргетинг,Новый,Компьютер,1.2,0,0,0.0
MKT004742,2025-06-04,Поисковая реклама,Ретаргетинг,Лояльный,Мобильное устройство,20.28,0,0,0.0
MKT001987,2025-06-15,Медийная реклама,Новый продукт,Лояльный,Мобильное устройство,8.58,0,0,0.0
MKT004043,2025-07-07,Социальные сети,Имиджевая кампания,Повторный,Мобильное устройство,13.9,0,0,0.0
MKT006941,2025-09-18,Социальные сети,Сезонная акция,Новый,Мобильное устройство,10.53,0,0,0.0
MKT006288,2025-01-22,Социальные сети,Ретаргетинг,Новый,Мобильное устройство,4.98,0,0,0.0
MKT007527,2025-01-14,Push,Ретаргетинг,Повторный,Мобильное устройство,1.35,0,0,0.0
MKT001246,2025-01-17,Поисковая реклама,Имиджевая кампания,Новый,Компьютер,28.88,0,0,0.0
MKT000494,2025-04-18,Email,Имиджевая кампания,Повторный,Мобильное устройство,1.92,1,0,0.0
MKT000344,2025-06-19,Email,Ретаргетинг,Новый,Мобильное устройство,2.16,1,0,0.0
MKT008519,2025-11-06,Социальные сети,Имиджевая кампания,Новый,Компьютер,15.87,0,0,0.0
MKT007192,2025-09-18,Медийная реклама,Сезонная акция,Лояльный,Компьютер,7.67,0,0,0.0
MKT006217,2025-08-01,Социальные сети,Имиджевая кампания,Повторный,Мобильное устройство,10.69,0,0,0.0
MKT007932,2025-09-16,Email,Ретаргетинг,Повторный,Компьютер,1.2,0,0,0.0
MKT000188,2025-11-07,Email,Ретаргетинг,Повторный,Мобильное устройство,2.56,0,0,0.0
MKT001783,2025-08-25,Поисковая реклама,Имиджевая кампания,Повторный,Компьютер,20.13,0,0,0.0
MKT006978,2025-06-20,Email,Сезонная акция,Повторный,Компьютер,3.04,0,0,0.0
MKT007472,2025-03-24,Социальные сети,Имиджевая кампания,Повторный,Мобильное устройство,11.12,0,0,0.0
MKT001294,2025-10-19,Push,Ретаргетинг,Лояльный,Мобильное устройство,1.2,1,0,0.0
MKT009134,2025-11-03,Поисковая реклама,Имиджевая кампания,Новый,Мобильное устройство,11.87,0,0,0.0
MKT005587,2025-05-29,Email,Новый продукт,Повторный,Мобильное устройство,3.41,0,0,0.0
MKT007073,2025-04-14,Социальные сети,Сезонная акция,Лояльный,Мобильное устройство,7.44,0,0,0.0
MKT000510,2025-02-10,Социальные сети,Сезонная акция,Новый,Компьютер,11.41,0,0,0.0
MKT002231,2025-08-21,Социальные сети,Ретаргетинг,Новый,Мобильное устройство,16.5,0,0,0.0
MKT003328,2025-09-18,Email,Имиджевая кампания,Повторный,Компьютер,3.13,0,0,0.0
MKT002676,2025-10-11,Поисковая реклама,Программа лояльности,Новый,Мобильное устройство,13.34,0,0,0.0
MKT009420,2025-01-24,Медийная реклама,Новый продукт,Новый,Мобильное устройство,7.81,0,0,0.0
MKT005964,2025-11-15,Социальные сети,Программа лояльности,Новый,Мобильное устройство,6.75,0,0,0.0
MKT008808,2025-01-28,Поисковая реклама,Ретаргетинг,Лояльный,Компьютер,31.37,0,0,0.0
MKT002653,2025-05-10,Поисковая реклама,Имиджевая кампания,Лояльный,Компьютер,28.89,0,0,0.0
MKT003027,2025-12-08,Поисковая реклама,Новый продукт,Повторный,Компьютер,25.07,0,2,0.0
MKT000746,2025-06-25,Email,Имиджевая кампания,Повторный,Мобильное устройство,3.52,0,0,0.0
MKT009584,2025-07-13,Поисковая реклама,Сезонная акция,Новый,Мобильное устройство,29.21,1,0,0.0
MKT004346,2025-07-11,Социальные сети,Сезонная акция,Новый,Компьютер,7.82,0,0,0.0
MKT000867,2025-07-13,Социальные сети,Новый продукт,Повторный,Мобильное устройство,8.58,1,0,0.0
MKT003559,2025-03-26,Push,Новый продукт,Лояльный,Компьютер,1.88,0,0,0.0
MKT003341,2025-08-05,Социальные сети,Сезонная акция,Повторный,Мобильное устройство,10.74,0,0,0.0
MKT004314,2025-03-18,Поисковая реклама,Ретаргетинг,Новый,Мобильное устройство,24.66,0,0,0.0
MKT002299,2025-09-13,Email,Имиджевая кампания,Повторный,Компьютер,2.66,0,0,0.0
MKT003922,2025-02-02,Медийная реклама,Ретаргетинг,Лояльный,Мобильное устройство,9.46,0,0,0.0
MKT006457,2025-07-10,Email,Сезонная акция,Повторный,Мобильное устройство,3.25,0,0,0.0
MKT002752,2025-06-22,Поисковая реклама,Сезонная акция,Новый,Компьютер,27.29,0,0,0.0
MKT008506,2025-05-16,Медийная реклама,Сезонная акция,Новый,Планшет,11.44,0,0,0.0
MKT007988,2025-11-28,Push,Программа лояльности,Новый,Мобильное устройство,1.43,0,0,0.0
MKT004619,2025-05-31,Push,Имиджевая кампания,Повторный,Мобильное устройство,1.16,0,0,0.0
MKT003203,2025-04-19,Push,Сезонная акция,Новый,Компьютер,1.67,0,0,0.0
MKT009190,2025-12-16,Медийная реклама,Ретаргетинг,Новый,Мобильное устройство,4.9,0,0,7024.0
MKT001087,2025-03-25,Социальные сети,Ретаргетинг,Новый,Мобильное устройство,6.94,0,0,0.0
MKT003825,2025-04-30,Поисковая реклама,Новый продукт,Новый,Мобильное устройство,23.01,0,0,0.0
MKT009047,2025-01-25,Email,Ретаргетинг,Новый,Компьютер,1.89,0,0,0.0
MKT006718,2025-12-30,Email,Новый продукт,Новый,Планшет,1.81,1,0,0.0
MKT007518,2025-10-13,Социальные сети,Ретаргетинг,Повторный,Компьютер,7.05,0,0,0.0
MKT007168,2025-09-25,Социальные сети,Имиджевая кампания,Новый,Мобильное устройство,11.54,0,0,0.0
MKT001262,2025-07-09,Push,Сезонная акция,Новый,Компьютер,1.5,0,0,0.0
MKT009152,2025-12-21,Поисковая реклама,Сезонная акция,Новый,Компьютер,28.06,0,0,0.0
MKT006534,2025-03-10,Email,Новый продукт,Повторный,Мобильное устройство,2.93,0,0,0.0
MKT001745,2025-07-15,Медийная реклама,Новый продукт,Новый,Мобильное устройство,5.03,0,0,0.0
MKT004882,2025-12-31,Медийная реклама,Ретаргетинг,Лояльный,Компьютер,7.31,0,0,0.0
MKT008283,2025-07-31,Email,Ретаргетинг,Повторный,Компьютер,,0,0,0.0
MKT007271,2025-07-03,Email,Имиджевая кампания,Повторный,Мобильное устройство,2.8,0,0,0.0
MKT005937,2025-05-15,Email,Ретаргетинг,Повторный,Мобильное устройство,1.79,0,0,0.0
MKT000669,2025-06-14,ПОИСКОВАЯ РЕКЛАМА,Имиджевая кампания,Повторный,Компьютер,18.98,0,0,0.0
MKT004622,2025-03-15,Медийная реклама,Сезонная акция,Новый,Мобильное устройство,7.18,0,0,0.0
MKT002801,2025-02-11,Email,Программа лояльности,Новый,Мобильное устройство,2.46,0,0,0.0
MKT007224,2025-05-15,Медийная реклама,Программа лояльности,Повторный,Мобильное устройство,7.29,0,0,0.0
MKT006552,2025-12-22,Email,Сезонная акция,Лояльный,Мобильное устройство,2.45,0,0,0.0
MKT004003,2025-10-19,Email,Имиджевая кампания,Повторный,Компьютер,1.84,0,0,0.0
MKT009934,2025-12-11,Социальные сети,Сезонная акция,Новый,Мобильное устройство,8.71,0,0,0.0
MKT005213,2025-06-30,Социальные сети,Имиджевая кампания,Лояльный,Мобильное устройство,7.68,0,0,0.0
MKT007600,2025-03-05,Email,Новый продукт,Новый,Мобильное устройство,1.89,0,0,0.0
MKT004607,2025-11-16,Email,Имиджевая кампания,Лояльный,Компьютер,1.78,0,0,0.0
MKT005209,2025-06-06,Push,Программа лояльности,Повторный,Планшет,1.09,0,0,0.0
MKT008919,2025-04-10,Социальные сети,Имиджевая кампания,Лояльный,Мобильное устройство,8.63,1,0,0.0
MKT005433,2025-11-27,Социальные сети,Сезонная акция,Повторный,Компьютер,8.83,1,0,0.0
MKT001550,2025-07-31,Поисковая реклама,Ретаргетинг,Лояльный,Мобильное устройство,14.3,1,1,5613.49
MKT004293,2025-04-20,Поисковая реклама,Имиджевая кампания,Новый,Компьютер,17.52,1,0,0.0
MKT004470,2025-10-06,Push,Сезонная акция,Повторный,Компьютер,1.8,0,0,0.0
MKT009792,2025-05-09,Социальные сети,Программа лояльности,Лояльный,Мобильное устройство,10.53,0,0,0.0
MKT009941,2025-01-02,Email,Ретаргетинг,ПОВТОРНЫЙ,Мобильное устройство,1.46,0,0,0.0
MKT000843,2025-12-05,Медийная реклама,Новый продукт,Повторный,Мобильное устройство,,0,0,0.0
MKT008766,2025-01-26,Push,Имиджевая кампания,Лояльный,Мобильное устройство,2.13,2,0,0.0
MKT002459,2025-10-15,Социальные сети,Сезонная акция,Лояльный,Мобильное устройство,12.48,0,0,0.0
MKT004313,2025-08-29, медийная реклама ,Сезонная акция,Новый,Планшет,8.35,0,0,0.0
MKT007953,2025-12-07,Email,Ретаргетинг,Лояльный,Мобильное устройство,1.88,1,1,7225.77
MKT000931,2025-08-09,Email,Ретаргетинг,Лояльный,Планшет,2.64,0,0,0.0
MKT005312,2025-02-05,Медийная реклама,Имиджевая кампания,Повторный,Мобильное устройство,5.61,0,0,0.0
MKT001667,2025-07-04,Медийная реклама,Сезонная акция,Повторный,Мобильное устройство,6.41,0,0,0.0
MKT008856,2025-02-28,Push,Ретаргетинг,Новый,Мобильное устройство,1.87,0,0,0.0
MKT006811,2025-12-14,Поисковая реклама,Ретаргетинг,Повторный,Мобильное устройство,22.61,0,0,0.0
MKT001103,2025-12-06,Email,Имиджевая кампания,Новый,Планшет,2.26,0,0,0.0
MKT009710,2025-04-08,Поисковая реклама,Имиджевая кампания,Новый,Компьютер,24.77,0,0,0.0
MKT008508,2025-03-06,Социальные сети,Программа лояльности,Новый,Мобильное устройство,8.21,0,0,0.0
MKT002679,2025-06-17,Поисковая реклама,Новый продукт,Новый,Компьютер,21.24,0,0,0.0
MKT000027,2025-08-31,,Программа лояльности,Новый,Мобильное устройство,11.95,1,0,0.0
MKT003827,2025-01-30,Социальные сети,Имиджевая кампания,Повторный,Мобильное устройство,7.74,1,0,0.0
MKT006260,2025-11-04,Социальные сети,Сезонная акция,Новый,Планшет,12.07,0,0,0.0
MKT001389,2025-01-25,Медийная реклама,Сезонная акция,Повторный,Мобильное устройство,4.24,0,0,0.0
MKT002001,2025-09-16,Социальные сети,Новый продукт,Повторный,Мобильное устройство,13.16,0,0,0.0
MKT001335,2025-12-09,Медийная реклама,Новый продукт,Новый,Мобильное устройство,7.04,1,0,0.0
MKT008398,2025-11-19,Медийная реклама,Сезонная акция,Лояльный,Компьютер,11.03,1,0,
MKT005010,2025-06-26,Медийная реклама,Новый продукт,Новый,Компьютер,6.22,0,0,0.0
MKT000144,2025-04-26,Социальные сети,Новый продукт,Повторный,Компьютер,10.43,0,0,0.0
MKT008055,2025-11-18,Социальные сети,Имиджевая кампания,Повторный,Мобильное устройство,7.68,0,0,0.0
MKT004576,2025-12-05,Поисковая реклама,Имиджевая кампания,Лояльный,Компьютер,16.4,0,0,0.0
MKT001666,2025-02-15,Push,Сезонная акция,Повторный,Мобильное устройство,2.56,0,0,0.0
MKT000379,2025-11-18,Поисковая реклама,Программа лояльности,Повторный,Мобильное устройство,22.64,0,0,0.0
MKT007429,2025-10-10,Email,Сезонная акция,Новый,Компьютер,2.2,0,0,0.0
MKT005469,2025-08-18,Email,Новый продукт,Новый,Мобильное устройство,3.61,0,0,0.0
MKT004915,2025-08-31,Социальные сети,Сезонная акция,Повторный,Планшет,11.98,1,1,2621.56
MKT000221,2025-07-18,Социальные сети,Сезонная акция,Повторный,Мобильное устройство,12.68,0,0,0.0
MKT009021,2025-10-14,Социальные сети,Имиджевая кампания,Лояльный,Компьютер,11.97,0,0,0.0
MKT007057,2025-03-05,Социальные сети,Сезонная акция,Лояльный,Компьютер,11.0,0,0,0.0
MKT009533,2025-02-06,Email,Новый продукт,Лояльный,Мобильное устройство,2.7,0,0,0.0
MKT004331,2025-03-12,Социальные сети,Сезонная акция,Повторный,Мобильное устройство,12.52,0,0,0.0
MKT005328,2025-09-16,Социальные сети,Сезонная акция,Повторный,Компьютер,11.49,0,0,0.0
MKT006114,2025-09-15,Медийная реклама,Новый продукт,Повторный,Мобильное устройство,6.47,0,0,0.0
MKT004963,2025-07-11,Email,Новый продукт,Новый,Компьютер,3.31,1,1,5295.62
MKT007878,2025-08-31,Push,Сезонная акция,Новый,Мобильное устройство,1.22,0,0,0.0
MKT003404,2025-02-01,Медийная реклама,Имиджевая кампания,Лояльный,Мобильное устройство,8.73,0,0,0.0
MKT000515,2025-01-19,Социальные сети,Ретаргетинг,Новый,Компьютер,6.49,0,0,0.0
MKT009243,2025-02-06,Email,Новый продукт,Повторный,Компьютер,1.66,1,1,4698.34
MKT006872,2025-02-16,Поисковая реклама,Ретаргетинг,Лояльный,Мобильное устройство,16.55,1,0,0.0
MKT009107,2025-07-21,Push,Сезонная акция,Новый,Мобильное устройство,1.45,0,0,0.0
MKT008740,2025-10-08,Email,Программа лояльности,Повторный,Компьютер,1.62,0,0,0.0
MKT007312,2025-02-13,Социальные сети,Программа лояльности,Новый,Мобильное устройство,9.55,0,0,0.0
MKT004328,2025-02-16,Социальные сети,Ретаргетинг,Лояльный,Мобильное устройство,7.22,0,0,0.0
MKT002792,2025-03-01,Поисковая реклама,Программа лояльности,Новый,Компьютер,16.69,0,0,0.0
MKT005845,2025-01-24,Социальные сети,Ретаргетинг,Повторный,Мобильное устройство,6.37,0,0,0.0
MKT008518,2025-04-08,Поисковая реклама,Программа лояльности,Новый,Мобильное устройство,20.56,0,0,0.0
MKT005250,2025-09-11,Медийная реклама,Программа лояльности,Повторный,Компьютер,3.73,0,0,0.0
MKT000130,2025-01-24,Поисковая реклама,Новый продукт,Лояльный,Мобильное устройство,23.34,0,0,0.0
MKT003560,2025-11-17,Поисковая реклама,Имиджевая кампания,Новый,Компьютер,20.45,0,0,0.0
MKT005472,2025-01-12,Email,Программа лояльности,Лояльный,Компьютер,1.92,0,0,0.0
MKT006203,2025-01-06,Push,Имиджевая кампания,Новый,Компьютер,1.86,0,0,0.0
MKT002946,2025-07-08,Поисковая реклама,Сезонная акция,Новый,Компьютер,23.24,1,0,0.0
MKT007067,2025-11-09,Email,Сезонная акция,Повторный,Планшет,2.33,1,0,0.0
MKT009345,2025-06-26,Социальные сети,Сезонная акция,Новый,Мобильное устройство,14.59,0,0,0.0
MKT007099,2025-03-05,Email,Ретаргетинг,Повторный,Планшет,1.95,0,0,0.0
MKT006088,2025-10-19,Медийная реклама,Ретаргетинг,Лояльный,Мобильное устройство,4.05,0,0,0.0
MKT000503,2025-12-05,Социальные сети,Имиджевая кампания,Новый,Мобильное устройство,13.75,0,0,0.0
MKT003443,2025-12-15,Push,Ретаргетинг,Повторный,Мобильное устройство,1.43,0,0,0.0
MKT009210,2025-03-04,Поисковая реклама,Имиджевая кампания,Повторный,Мобильное устройство,15.0,0,0,0.0
MKT002369,2025-12-02,Email,Сезонная акция,Новый,Компьютер,2.21,0,0,0.0
MKT009163,2025-11-04,Социальные сети,Программа лояльности,Повторный,Мобильное устройство,7.88,0,0,0.0
MKT007191,2025-04-25,Медийная реклама,Новый продукт,Повторный,Мобильное устройство,5.98,1,0,0.0
MKT009603,2025-11-10,Push,Ретаргетинг,Новый,Мобильное устройство,2.19,0,0,0.0
MKT009317,2025-07-14,Push,Имиджевая кампания,Новый,Компьютер,1.59,0,0,0.0
MKT002158,2025-09-01,Email,Имиджевая кампания,Новый,Мобильное устройство,2.04,0,0,0.0
MKT008768,2025-06-30,Поисковая реклама,Сезонная акция,Лояльный,Мобильное устройство,22.51,0,0,0.0
MKT004382,2025-10-14,Социальные сети,Имиджевая кампания,Повторный,Планшет,9.28,0,0,0.0
MKT007955,20.12.2025,Медийная реклама,Ретаргетинг,Лояльный,Мобильное устройство,3.68,0,0,0.0
MKT004479,2025-08-07,Email,Имиджевая кампания,Повторный,Мобильное устройство,2.14,0,0,0.0
MKT003422,2025-11-25,Поисковая реклама,Имиджевая кампания,Повторный,Мобильное устройство,28.24,1,0,0.0
MKT000804,2025-11-22,,Новый продукт,Повторный,Компьютер,2.67,1,0,0.0
MKT006548,2025-02-07,Email,Программа лояльности,Повторный,Мобильное устройство,1.34,0,0,0.0
MKT009016,2025-04-24,Push,Сезонная акция,Лояльный,Мобильное устройство,1.21,0,0,0.0
MKT004059,2025-03-05,Поисковая реклама,Сезонная акция,Новый,Мобильное устройство,29.59,0,0,0.0
MKT009630,2025-03-09,Email,Ретаргетинг,Новый,Мобильное устройство,2.03,0,0,0.0
MKT009814,2025-08-13,Поисковая реклама,Программа лояльности,Повторный,Мобильное устройство,14.72,0,0,0.0
MKT004996,2025-05-15,Поисковая реклама,Ретаргетинг,Повторный,Мобильное устройство,13.45,1,0,0.0
MKT003821,2025-02-28,Поисковая реклама,Новый продукт,Новый,Планшет,22.72,1,0,0.0
MKT004881,2025-01-03,Социальные сети,Новый продукт,Новый,Мобильное устройство,13.92,0,0,0.0
MKT008617,2025-03-30,Email,Новый продукт,Новый,Компьютер,2.09,0,0,0.0
MKT000576,2025-09-24,Push,Программа лояльности,Новый,Мобильное устройство,1.72,0,0,0.0
MKT003858,2025-06-01,Push,Программа лояльности,Новый,Компьютер,1.04,0,0,0.0
MKT003786,2025-11-26,Email,Новый продукт,Повторный,Мобильное устройство,2.39,0,0,0.0
MKT009503,2025-04-05,Медийная реклама,Ретаргетинг,Новый,Компьютер,6.36,0,0,0.0
MKT008944,2025-03-29,Социальные сети,Сезонная акция,Повторный,Планшет,8.8,0,0,0.0
MKT005813,2025-10-01,Поисковая реклама,Новый продукт,Лояльный,Мобильное устройство,30.47,0,0,0.0
MKT007264,2025-07-23,Email,Ретаргетинг,Новый,Мобильное устройство,2.74,1,0,0.0
MKT006775,2025-08-28,Поисковая реклама,Имиджевая кампания,Повторный,Компьютер,29.21,0,0,0.0
MKT003250,2025-07-08,Социальные сети,Новый продукт,Новый,Мобильное устройство,8.68,0,0,0.0
MKT006813,2025-11-11,Поисковая реклама,Сезонная акция,Повторный,Мобильное устройство,19.33,0,0,0.0
MKT002619,2025-01-01,Push,Ретаргетинг,Повторный,Мобильное устройство,1.75,0,0,0.0
MKT004302,2025-07-21,Социальные сети,Ретаргетинг,Повторный,Компьютер,10.03,0,0,0.0
MKT009135,2025-12-15,Push,Ретаргетинг,Повторный,Мобильное устройство,1.44,0,0,0.0
MKT009416,2025-01-24,Email,Имиджевая кампания,Лояльный,Мобильное устройство,2.17,0,0,0.0
MKT000698,06.10.2025,Медийная реклама,Сезонная акция,Новый,Компьютер,7.2,1,0,0.0
MKT008760,2025-10-15,Социальные сети,Программа лояльности,Повторный,Мобильное устройство,6.13,0,0,0.0
MKT005518,2025-11-09,Email,Имиджевая кампания,Повторный,Мобильное устройство,2.94,0,0,0.0
MKT009304,2025-07-31,Поисковая реклама,Программа лояльности,Новый,Мобильное устройство,17.39,1,0,0.0
MKT000540,2025-09-22,Push,Ретаргетинг,Повторный,Компьютер,1.72,0,0,0.0
MKT000769,2025-12-12,Email,Сезонная акция,Лояльный,Мобильное устройство,2.79,0,0,0.0
MKT006075,2025-10-05,Социальные сети,Ретаргетинг,Повторный,Мобильное устройство,9.52,0,0,0.0
MKT007360,2025-11-14,Поисковая реклама,Сезонная акция,Новый,Мобильное устройство,18.28,0,0,0.0
MKT002096,2025-09-12,Поисковая реклама,Имиджевая кампания,Новый,Компьютер,16.38,0,0,0.0
MKT007347,2025-05-02,Email,Сезонная акция,Новый,Мобильное устройство,2.26,0,0,0.0
MKT008044,2025-09-02,Email,Программа лояльности,Новый,Мобильное устройство,1.68,0,0,0.0
MKT008819,2025-08-20,Поисковая реклама,Сезонная акция,Новый,Мобильное устройство,35.28,1,1,7322.61
MKT005323,2025-05-04,ПОИСКОВАЯ РЕКЛАМА,Сезонная акция,Новый,Компьютер,18.94,0,0,0.0
MKT003941,2025-08-26,Поисковая реклама,Сезонная акция,Повторный,Планшет,35.08,0,0,0.0
MKT003214,2025-05-05,Социальные сети,Ретаргетинг,Лояльный,Мобильное устройство,9.18,0,0,0.0
MKT000803,2025-11-23,Социальные сети,Имиджевая кампания,Новый,Мобильное устройство,9.23,0,0,0.0
MKT000666,2025-12-23,Push,Новый продукт,Повторный,Компьютер,2.46,0,0,0.0
MKT006554,2025-10-15,Социальные сети,Имиджевая кампания,Новый,Мобильное устройство,12.56,1,0,0.0
MKT002045,2025-02-14,Поисковая реклама,Имиджевая кампания,Новый,Мобильное устройство,20.12,0,0,0.0
MKT004063,2025-10-08,Медийная реклама,Имиджевая кампания,Новый,Мобильное устройство,4.18,0,0,0.0
MKT001428,2025-03-14,Поисковая реклама,Программа лояльности,Новый,Компьютер,18.47,1,1,5067.32
MKT007059,2025-11-19,Поисковая реклама,Ретаргетинг,Повторный,Мобильное устройство,22.1,0,0,0.0
MKT005379,2025-09-08,Медийная реклама,Сезонная акция,Повторный,Мобильное устройство,9.53,0,0,0.0
MKT002455,2025-02-20,Email,Новый продукт,Лояльный,Компьютер,2.24,0,0,0.0
MKT004342,2025-07-08,Поисковая реклама,Сезонная акция,Новый,Мобильное устройство,15.64,0,0,0.0
MKT005706,2025-09-26,Email,Программа лояльности,Новый,Мобильное устройство,1.76,0,0,0.0
MKT004189,2025-06-13,Push,Сезонная акция,Повторный,Мобильное устройство,1.69,0,0,0.0
MKT003890,2025-05-31,Поисковая реклама,Сезонная акция,Повторный,Компьютер,22.96,0,0,1911.0
MKT000343,2025-04-27,Социальные сети,Программа лояльности,Лояльный, планшет ,9.31,0,0,0.0
MKT007756,2025-02-28,Email,Программа лояльности,Повторный,Мобильное устройство,0.89,1,0,0.0
MKT002564,2025-08-28,Email,Имиджевая кампания,Повторный,Мобильное устройство,2.09,0,0,0.0
MKT009109,2025-12-12,Email,Новый продукт,Повторный,Мобильное устройство,2.08,0,0,0.0
MKT000799,2025-11-18,Push,Программа лояльности,Лояльный,Компьютер,1.18,0,0,0.0
MKT005061,2025-06-10,Email,Имиджевая кампания,Новый,Мобильное устройство,2.69,0,0,0.0
MKT006884,2025-06-30,Социальные сети,Новый продукт,Повторный,Мобильное устройство,9.19,0,0,0.0
MKT005555,2025-04-08,Медийная реклама,Сезонная акция,Новый,Мобильное устройство,5.22,0,0,0.0
MKT007562,2025-11-25,Поисковая реклама,Программа лояльности,Повторный,Компьютер,15.53,0,0,0.0
MKT005843,2025-02-23,Социальные сети,Имиджевая кампания,Новый,Планшет,9.37,0,0,0.0
MKT002100,2025-10-10,Email,Программа лояльности,Повторный,Компьютер,1.85,0,0,0.0
MKT002473,2025-06-09,Email,Ретаргетинг,Лояльный,Мобильное устройство,2.37,0,0,0.0
MKT005798,2025-06-30,Социальные сети,Программа лояльности,Новый,Мобильное устройство,9.56,1,0,0.0
MKT006816,2025-06-15,Push,Программа лояльности,Лояльный,Мобильное устройство,1.33,0,0,0.0
MKT006437,2025-11-07,Социальные сети,Программа лояльности,Новый,Планшет,13.23,0,0,0.0
MKT000808,2025-03-23,Email,Ретаргетинг,Новый,Мобильное устройство,2.1,0,0,0.0
MKT000164,2025-08-26,Социальные сети,Ретаргетинг,Повторный,Мобильное устройство,10.21,0,0,0.0
MKT002188,2025-10-19,Медийная реклама,Ретаргетинг,Лояльный,Компьютер,5.47,0,0,0.0
MKT009459,2025-12-24,Email,Ретаргетинг,Лояльный,Мобильное устройство,1.81,0,0,0.0
MKT003943,2025-02-05,Push,Имиджевая кампания,Новый,Компьютер,1.68,0,0,0.0
MKT006287,2025-08-07,Поисковая реклама,Новый продукт,Новый,Мобильное устройство,28.08,1,0,0.0
MKT005771,2025-04-27,Социальные сети,Программа лояльности,Лояльный,Мобильное устройство,8.57,0,0,0.0
MKT008153,2025-01-01,Медийная реклама,Ретаргетинг,Повторный,Мобильное устройство,5.4,0,0,0.0
MKT000118,2025-09-07,Поисковая реклама,Ретаргетинг,Новый,Мобильное устройство,22.36,0,0,0.0
MKT005638,2025-12-13,Медийная реклама,Имиджевая кампания,Лояльный,Мобильное устройство,7.12,0,0,0.0
MKT008932,2025-08-24,Социальные сети,Ретаргетинг,Новый,Компьютер,5.35,0,0,0.0
MKT002581,2025-08-30,Email,Программа лояльности,Новый,Мобильное устройство,1.71,0,0,0.0
MKT005494,2025-03-01,Социальные сети,Новый продукт,Повторный,Мобильное устройство,8.82,0,0,0.0
MKT006329,2025-05-11,Социальные сети,Сезонная акция,Повторный,Планшет,8.57,0,0,0.0
MKT009848,2025-03-17,Медийная реклама,Программа лояльности,Повторный,Мобильное устройство,4.36,0,0,0.0
MKT004432,2025-06-14,Поисковая реклама,Имиджевая кампания,Новый,Мобильное устройство,20.08,1,0,0.0
MKT006886,2025-08-29,Социальные сети,Ретаргетинг,Новый,Компьютер,8.98,0,0,0.0
MKT000287,2025-10-28,Социальные сети,Сезонная акция,Новый,Мобильное устройство,8.01,0,0,0.0
MKT005248,2025-12-13,Социальные сети,Программа лояльности,Новый,Мобильное устройство,7.25,1,1,4204.44
MKT007998,2025-08-24,Push,Ретаргетинг,Лояльный,Мобильное устройство,1.28,0,0,0.0
MKT000355,2025-10-24,Поисковая реклама,Ретаргетинг,Повторный,Мобильное устройство,19.36,0,0,0.0
MKT007210,2025-06-16,Медийная реклама,Ретаргетинг,Лояльный,Компьютер,8.4,0,0,0.0
MKT005820,2025-12-11,Поисковая реклама,Ретаргетинг,Новый,Мобильное устройство,18.71,0,0,0.0
MKT005267,2025-04-09,Социальные сети,Программа лояльности,Лояльный,Компьютер,7.33,0,0,0.0
MKT002917,2025-12-07,Медийная реклама,Сезонная акция,Повторный,Планшет,9.9,0,0,0.0
MKT000668,2025-11-02,Email,Имиджевая кампания,Новый,Мобильное устройство,3.16,0,0,0.0
MKT008650,2025-04-27,Социальные сети,Новый продукт,Новый,Мобильное устройство,8.14,0,0,0.0
MKT001327,2025-08-10,Email,Программа лояльности,Лояльный,Мобильное устройство,1.77,0,0,0.0
MKT008703,2025-12-07,Поисковая реклама,Сезонная акция,Новый,Мобильное устройство,14.09,1,0,0.0
MKT005650,2025-12-03,Push,Сезонная акция,Новый,Компьютер,1.68,0,0,0.0
MKT002746,2025-08-02,Медийная реклама,Ретаргетинг,Лояльный,Компьютер,4.97,0,0,0.0
MKT008922,2025-03-22,Поисковая реклама,Ретаргетинг,Новый,Мобильное устройство,22.3,0,0,0.0
MKT006438,2025-08-01,Email,Имиджевая кампания,Лояльный,Компьютер,1.23,0,0,0.0
MKT008596,2025-01-25,Поисковая реклама,Ретаргетинг,Повторный,Мобильное устройство,14.4,0,0,0.0
MKT000069,2025-10-04,Социальные сети,Имиджевая кампания,Повторный,Компьютер,7.28,0,0,0.0
MKT007112,2025-05-31,Поисковая реклама,Имиджевая кампания,Повторный,Мобильное устройство,18.87,0,0,0.0
MKT000418,2025-02-22,Push,Имиджевая кампания,Новый,Компьютер,1.59,0,0,0.0
MKT001258,2025-05-26,Email,Сезонная акция,Повторный,Мобильное устройство,1.7,0,0,0.0
MKT005464,2025-08-06,Поисковая реклама,Ретаргетинг,Повторный,Планшет,13.36,0,0,0.0
MKT007981,2025-02-08,Медийная реклама,Ретаргетинг,Новый,Мобильное устройство,3.82,0,0,0.0
MKT003226,2025-09-19,Поисковая реклама,Новый продукт,Новый,Компьютер,18.52,0,0,0.0
MKT006803,2025-05-12,Поисковая реклама,Имиджевая кампания,Новый,Мобильное устройство,20.19,0,0,0.0
MKT005227,2025-07-19,Социальные сети,Ретаргетинг,Новый,Мобильное устройство,7.54,0,0,0.0
MKT005637,2025-11-16,Email,Новый продукт,Лояльный,Компьютер,2.14,0,0,0.0
MKT006467,2025-05-29,Email,Имиджевая кампания,Новый,Мобильное устройство,2.28,0,0,0.0
MKT001942,2025-11-26,Push,Имиджевая кампания,Повторный,Мобильное устройство,1.24,0,0,0.0
MKT003718,2025-09-27,Push,Новый продукт,Новый,Компьютер,1.68,0,0,0.0
MKT003396,2025-02-01,Email,Ретаргетинг,Лояльный,Планшет,2.43,0,0,0.0
MKT000595,2025-03-24,Email,Имиджевая кампания,ПОВТОРНЫЙ,Мобильное устройство,2.12,0,0,0.0
MKT004679,2025-09-28,Email,Новый продукт,Повторный,Мобильное устройство,2.16,0,0,0.0
MKT007021,2025-03-09,Поисковая реклама,Сезонная акция,Повторный,Мобильное устройство,20.1,0,1,0.0
MKT006788,2025-07-09,Поисковая реклама,Имиджевая кампания,Повторный,Мобильное устройство,18.34,0,0,0.0
MKT003123,2025-02-02,Email,Ретаргетинг,Новый,Мобильное устройство,3.02,0,0,0.0
MKT000764,2025-10-16,Email,Ретаргетинг,Новый,Мобильное устройство,1.66,0,0,0.0
MKT005592,2025-02-19,Социальные сети,Имиджевая кампания,Лояльный,Мобильное устройство,9.33,0,0,0.0
MKT001789,2025-02-08,Социальные сети,Ретаргетинг,Новый,Мобильное устройство,8.66,0,0,0.0
MKT004390,2025-09-17,Социальные сети,Новый продукт,Новый,Мобильное устройство,14.68,0,0,0.0
MKT006717,2025-11-14,Email,Сезонная акция,Новый,Компьютер,3.66,1,0,0.0
MKT005086,2025-01-02,Email,Сезонная акция,Лояльный,Мобильное устройство,1.61,1,1,5822.46
MKT003401,2025-07-26,Push,Сезонная акция,Повторный,Мобильное устройство,1.83,0,0,0.0
MKT001545,2025-05-10,Социальные сети,Новый продукт,Повторный,Мобильное устройство,10.49,0,0,0.0
MKT006294,2025-09-21,Email,Ретаргетинг,Лояльный,Мобильное устройство,2.1,0,0,0.0
MKT004588,2025-09-10,Медийная реклама,Имиджевая кампания,Новый,Мобильное устройство,7.55,0,0,0.0
MKT009654,2025-08-24,Email,Сезонная акция,Повторный,Мобильное устройство,2.33,0,0,0.0
MKT003570,2025-11-21,Push,Новый продукт,Новый,Планшет,1.62,0,0,0.0
MKT008682,2025-10-11,Поисковая реклама,Программа лояльности,Повторный,Компьютер,14.26,0,0,0.0
MKT009418,2025-05-03,Поисковая реклама,Программа лояльности,Лояльный,Компьютер,13.95,0,0,0.0
MKT005681,2025-07-02,Социальные сети,Программа лояльности,Повторный,Мобильное устройство,6.43,1,0,0.0
MKT003079,2025-03-09,Email,Программа лояльности,Лояльный,Мобильное устройство,1.55,0,0,0.0
MKT009697,2025-04-08,Социальные сети,Имиджевая кампания,Повторный,Мобильное устройство,12.82,0,0,0.0
MKT000553,2025-09-22,Социальные сети,Программа лояльности,Лояльный,Мобильное устройство,7.54,0,0,0.0
MKT009499,2025-05-24,Email,Новый продукт,Повторный,Мобильное устройство,2.57,0,0,0.0
MKT006967,2025-09-24,Email,Программа лояльности,Новый,Мобильное устройство,2.3,0,0,0.0
MKT005802,2025-10-30,Поисковая реклама,Новый продукт,Повторный,Мобильное устройство,30.75,0,0,0.0
MKT004520,2025-02-14,Поисковая реклама,Сезонная акция,Новый,Мобильное устройство,20.4,1,1,4324.99
MKT009205,2025-01-02,Поисковая реклама,Сезонная акция,Новый,Планшет,25.46,1,1,4090.09
MKT009425,2025-08-12,Поисковая реклама,Новый продукт,Новый,Мобильное устройство,21.06,-1,0,0.0
MKT008386,2025-10-07,Поисковая реклама,Программа лояльности,Новый,Мобильное устройство,15.07,0,0,0.0
MKT003178,2025-05-13,Push,Ретаргетинг,Лояльный,Компьютер,1.64,0,0,0.0
MKT007566,2025-07-11,Email,Имиджевая кампания,Повторный,Мобильное устройство,2.69,1,0,0.0
MKT009252,2025-12-24,Email,Сезонная акция,Новый,Компьютер,2.6,0,0,0.0
MKT006238,2025-10-23,Медийная реклама,Имиджевая кампания,Лояльный,Мобильное устройство,7.92,0,0,0.0
MKT004431,2025-03-10,Медийная реклама,Сезонная акция,Лояльный,Компьютер,6.26,0,0,0.0
MKT007578,2025-07-14,Поисковая реклама,Программа лояльности,Новый,Компьютер,17.72,0,0,0.0
MKT007507,2025-12-07,Медийная реклама,Ретаргетинг,Новый,Мобильное устройство,6.9,0,0,0.0
MKT007657,2025-10-30,Push,Имиджевая кампания,Новый,Мобильное устройство,1.19,0,0,0.0
MKT000701,2025-12-03,Медийная реклама,Имиджевая кампания,Повторный,Мобильное устройство,8.87,0,0,0.0
MKT004816,2025-10-16,Push,Имиджевая кампания,Лояльный,Компьютер,1.14,0,0,0.0
MKT007782,2025-01-07,Push,Ретаргетинг,Новый,Планшет,1.45,0,0,0.0
MKT009156,2025-12-09,Медийная реклама,Программа лояльности,Повторный,Компьютер,6.72,0,0,0.0
MKT002119,2025-06-20,Медийная реклама,Сезонная акция,Повторный,Мобильное устройство,6.45,0,0,0.0
MKT008657,2025-06-27,Поисковая реклама,Программа лояльности,Повторный,Компьютер,13.87,0,0,0.0
MKT006135,2025-11-09,Поисковая реклама,Сезонная акция,Повторный,Компьютер,20.0,0,0,0.0
MKT002085,2025-03-15,Push,Программа лояльности,Лояльный,Мобильное устройство,1.83,1,0,0.0
MKT008085,2025-05-05,Email,Сезонная акция,Повторный,Компьютер,2.66,0,0,0.0
MKT002725,2025-03-19,Социальные сети,Новый продукт,Новый,Мобильное устройство,10.65,0,0,0.0
MKT007217,2025-02-16,Медийная реклама,Сезонная акция,Новый,Мобильное устройство,6.57,0,0,0.0
MKT009534,2025-05-30,Социальные сети,Имиджевая кампания,Повторный,Планшет,9.77,0,0,0.0
MKT002232,2025-11-21,Медийная реклама,Имиджевая кампания,Лояльный,Мобильное устройство,7.03,0,0,0.0
MKT004129,2025-04-24,Социальные сети,Имиджевая кампания,Лояльный,Компьютер,7.66,0,0,0.0
MKT000309,2025-10-11,Push,Новый продукт,Лояльный,Мобильное устройство,1.17,0,0,0.0
MKT005932,2025-12-19,Поисковая реклама,Сезонная акция,Новый,Мобильное устройство,24.82,0,0,0.0
MKT002298,2025-03-17,Медийная реклама,Ретаргетинг,Лояльный,Мобильное устройство,6.32,0,0,0.0
MKT006613,2025-10-23,Push,Сезонная акция,Новый,Компьютер,1.27,0,0,0.0
MKT007509,2025-07-21,Социальные сети,Сезонная акция,Повторный,Мобильное устройство,9.29,0,0,0.0
MKT000974,2025-02-18,Медийная реклама,Программа лояльности,Новый,Мобильное устройство,7.63,0,0,0.0
MKT009223,2025-05-03,Социальные сети,Программа лояльности,Повторный,Мобильное устройство,10.95,1,0,0.0
MKT006409,2025-12-04,Email,Сезонная акция,Повторный,Мобильное устройство,2.42,0,0,0.0
MKT002403,2025-11-10,Поисковая реклама,Новый продукт,Новый,Мобильное устройство,24.87,0,0,0.0
MKT005124,2025-10-01,Поисковая реклама,Сезонная акция,Лояльный,Компьютер,20.03,0,0,0.0
MKT003851,2025-10-22,Социальные сети,Ретаргетинг,Лояльный,Мобильное устройство,8.21,1,0,0.0
MKT009013,2025-05-01,Социальные сети,Программа лояльности,Повторный,Мобильное устройство,6.38,0,0,0.0
MKT003141,2025-05-23,Социальные сети,Ретаргетинг,Лояльный,Мобильное устройство,7.08,1,1,8461.26
MKT003965,2025-05-19,Поисковая реклама,Новый продукт,Повторный,Мобильное устройство,22.65,0,0,0.0
MKT007086,2025-02-03,Социальные сети,Сезонная акция,Повторный,Планшет,5.27,0,0,0.0
MKT006589,2025-05-12,Социальные сети,Ретаргетинг,Повторный,Мобильное устройство,6.53,0,0,0.0
MKT001390,2025-06-13,Социальные сети,Ретаргетинг,Повторный,Мобильное устройство,8.19,0,0,0.0
MKT009434,2025-07-06,Email,Ретаргетинг,Новый,Мобильное устройство,2.06,0,0,0.0
MKT003432,2025-01-02,Поисковая реклама,Сезонная акция,Повторный,Мобильное устройство,21.02,1,0,0.0
MKT004735,2025-01-26,Push,Имиджевая кампания,Повторный,Компьютер,1.29,0,0,0.0
MKT001033,2025-12-30,Поисковая реклама,Ретаргетинг,Лояльный,Мобильное устройство,15.62,0,0,0.0
MKT000904,2025-05-06,Push,Новый продукт,Повторный,Компьютер,2.76,0,0,0.0
MKT002617,2025-05-09,Email,Имиджевая кампания,Повторный,Мобильное устройство,2.46,0,0,0.0
MKT002819,2025-07-03,Социальные сети,Новый продукт,Повторный,Компьютер,9.23,1,0,0.0
MKT001360,2025-08-07,Email,Ретаргетинг,Повторный,Мобильное устройство,1.82,0,0,0.0
MKT001870,2025-04-21,Медийная реклама,Программа лояльности,Повторный,Мобильное устройство,5.28,1,0,0.0
MKT009479,2025-10-04,Социальные сети,Имиджевая кампания,Повторный,Мобильное устройство,8.85,0,0,0.0
MKT000747,2025-10-11,Email,Ретаргетинг,Новый,Мобильное устройство,2.09,0,0,0.0
MKT004541,2025-04-04,Поисковая реклама,Сезонная акция,Новый,Мобильное устройство,27.19,0,0,0.0
MKT001887,2025-03-05,Социальные сети,Ретаргетинг,Повторный,Мобильное устройство,9.89,0,0,0.0
MKT003326,2025-10-11,Email,Имиджевая кампания,Повторный,Мобильное устройство,1.88,0,0,0.0
MKT007147,2025-01-05,Email,Сезонная акция,Лояльный,Мобильное устройство,2.75,0,0,0.0
MKT007407,2025-06-02,Email,Программа лояльности,Новый,Компьютер,2.22,0,0,0.0
MKT000403,2025-03-09,Медийная реклама,Программа лояльности,Повторный,Мобильное устройство,3.29,0,0,0.0
MKT002652,2025-04-08,Медийная реклама,Имиджевая кампания,Повторный,Компьютер,6.88,0,0,0.0
MKT008047,2025-06-24,Push,Сезонная акция,Повторный,Мобильное устройство,1.6,0,0,0.0
MKT005166,2025-08-31,Социальные сети,Сезонная акция,Повторный,Мобильное устройство,5.23,1,1,3150.99
MKT008612,2025-03-15,Медийная реклама,Имиджевая кампания,Повторный,Мобильное устройство,7.11,0,0,0.0
MKT005066,2025-12-04,Медийная реклама,Имиджевая кампания,Повторный,Мобильное устройство,7.64,0,0,0.0
MKT002072,2025-03-24,Push,Ретаргетинг,Новый,Мобильное устройство,0.9,0,0,0.0
MKT009644,2025-09-13,Социальные сети,Новый продукт,Лояльный,Мобильное устройство,16.0,0,0,0.0
MKT002197,2025-02-06,Push,Сезонная акция,Повторный,Мобильное устройство,1.01,0,0,0.0
MKT007975,2025-12-03,Социальные сети,Имиджевая кампания,Повторный,Мобильное устройство,8.32,1,0,0.0
MKT001766,2025-10-04,Социальные сети,Сезонная акция,Повторный,Мобильное устройство,8.34,0,0,0.0
MKT006625,2025-10-21,Медийная реклама,Новый продукт,Повторный,Мобильное устройство,8.12,0,0,0.0
MKT004119,2025-11-29,Поисковая реклама,Имиджевая кампания,Повторный,Мобильное устройство,24.11,0,0,0.0
MKT002036,2025-03-09,Email,Сезонная акция,Лояльный,Мобильное устройство,2.47,0,0,0.0
MKT000339,2025-04-29,Медийная реклама,Имиджевая кампания,Повторный,Мобильное устройство,14.04,0,0,0.0
MKT004596,2025-11-13,Социальные сети,Сезонная акция,Лояльный,Мобильное устройство,8.34,1,0,0.0
MKT001559,2025-04-17,Социальные сети,Программа лояльности,Повторный,Компьютер,8.3,0,0,0.0
MKT003494,2025-06-20,Поисковая реклама,Программа лояльности,Новый,Компьютер,17.12,1,0,0.0
MKT008981,2025-06-23,Push,Новый продукт,Повторный,Мобильное устройство,1.61,0,0,0.0
MKT008637,2025-10-20,Социальные сети,Новый продукт,Повторный,Компьютер,12.37,0,0,0.0
MKT002624,2025-05-17,Социальные сети,Новый продукт,Лояльный,Компьютер,8.25,0,0,0.0
MKT007226,2025-03-23,Поисковая реклама,Новый продукт,Повторный,Мобильное устройство,25.71,1,0,0.0
MKT005811,2025-12-04,Email,Сезонная акция,Новый,Компьютер,2.02,0,0,0.0
MKT007586,2025-09-29,Email,Сезонная акция,Новый,Мобильное устройство,3.44,0,0,0.0
MKT000310,2025-01-30,Социальные сети,Сезонная акция,Повторный,Мобильное устройство,10.44,1,0,0.0
MKT001524,2025-06-08,Поисковая реклама,Новый продукт,Повторный,Мобильное устройство,26.3,1,0,0.0
MKT003863,2025-01-12,Поисковая реклама,Сезонная акция,Новый,Мобильное устройство,35.45,0,0,0.0
MKT002804,2025-11-19,Поисковая реклама,Программа лояльности,Лояльный,Мобильное устройство,17.47,0,0,0.0
MKT003768,2025-01-28,Email,Сезонная акция,Новый,Мобильное устройство,2.92,1,1,3039.72
MKT006528,2025-04-12,Email,Новый продукт,Новый,Компьютер,2.43,1,0,0.0
MKT007321,2025-03-12,Медийная реклама,Новый продукт,Новый,Мобильное устройство,5.96,0,0,0.0
MKT006425,2025-06-08,Поисковая реклама,Ретаргетинг,Новый,Мобильное устройство,18.07,0,0,0.0
MKT009717,2025-05-30,Социальные сети,Программа лояльности,Повторный,Компьютер,5.61,0,0,0.0
MKT008381,2025-08-26,Социальные сети,Имиджевая кампания,Повторный,Компьютер,12.9,0,0,0.0
MKT007559,2025-03-20,Push,Программа лояльности,Новый,Компьютер,1.1,0,0,0.0
MKT001920,2025-10-10,Поисковая реклама,Имиджевая кампания,Повторный,Компьютер,17.29,0,0,0.0
MKT004616,2025-03-18,Социальные сети,Сезонная акция,Новый,Мобильное устройство,8.28,0,0,0.0
MKT000185,2025-12-02,Email,Имиджевая кампания,Новый,Мобильное устройство,1.8,0,0,0.0
MKT003448,2025-05-11,Социальные сети,Имиджевая кампания,Повторный,Планшет,14.55,0,0,0.0
MKT002967,2025-03-29,Push,Сезонная акция,Новый,Мобильное устройство,1.62,0,0,0.0
MKT005749,2025-01-18,Email,Сезонная акция,Новый,Мобильное устройство,2.15,1,0,0.0
MKT000033,2025-05-08,Поисковая реклама,Ретаргетинг,Повторный,Компьютер,13.58,0,0,0.0
MKT005955,2025-06-02,Социальные сети,Новый продукт,Лояльный,Мобильное устройство,9.62,0,0,0.0
MKT007717,2025-05-29,Медийная реклама,Новый продукт,Новый,Компьютер,8.87,0,0,0.0
MKT000006,2025-01-24,Медийная реклама,Новый продукт,Новый,Мобильное устройство,8.07,0,0,0.0
MKT003945,2025-10-14,Медийная реклама,Сезонная акция,Повторный,Планшет,4.67,0,0,0.0
MKT009269,2025-07-30,Поисковая реклама,Ретаргетинг,Повторный,Мобильное устройство,23.41,0,0,0.0
MKT000660,2025-12-20,Push,Сезонная акция,Повторный,Компьютер,2.14,1,0,0.0
MKT002623,2025-04-10,Email,Сезонная акция,Повторный,Компьютер,2.76,0,0,0.0
MKT005111,2025-05-24,Email,Программа лояльности,Повторный,Компьютер,1.47,0,0,0.0
MKT009402,2025-06-18,Email,Имиджевая кампания,Лояльный,Мобильное устройство,1.97,0,0,0.0
MKT000180,2025-11-18,Поисковая реклама,Новый продукт,Повторный,Мобильное устройство,24.09,0,0,0.0
MKT003418,2025-06-27,Медийная реклама,Сезонная акция,Лояльный,Мобильное устройство,6.08,0,0,0.0
MKT006118,2025-05-17,Push,Новый продукт,Повторный,Мобильное устройство,1.33,0,0,0.0
MKT004408,2025-10-29,Email,Новый продукт,Повторный,Мобильное устройство,1.84,0,0,0.0
MKT002735,2025-11-11,Поисковая реклама,Программа лояльности,Новый,Компьютер,19.16,0,0,0.0
MKT004056,2025-06-10,Поисковая реклама,Сезонная акция,Новый,Мобильное устройство,18.0,0,0,0.0
MKT008775,2025-05-10,Email,Ретаргетинг,Новый,Мобильное устройство,1.94,1,0,0.0
MKT001874,2025-01-19,Социальные сети,Программа лояльности,Повторный,Мобильное устройство,6.96,0,0,0.0
MKT004090,2025-11-10,Медийная реклама,Программа лояльности,Лояльный,Мобильное устройство,5.95,1,0,0.0
MKT005023,2025-09-25,Поисковая реклама,Программа лояльности,Новый,Мобильное устройство,11.81,0,0,0.0
MKT009003,2025-04-13,Email,Сезонная акция,Повторный,Компьютер,2.12,0,0,0.0
MKT002531,2025-08-10,Поисковая реклама,Имиджевая кампания,Повторный,Компьютер,12.27,0,0,0.0
MKT001432,2025-11-25,Push,Ретаргетинг,Новый,Мобильное устройство,1.6,1,0,0.0
MKT004115,2025-03-17,Поисковая реклама,Сезонная акция,Повторный,Мобильное устройство,23.72,0,0,0.0
MKT003876,2025-09-06,Поисковая реклама,Имиджевая кампания,Новый,Мобильное устройство,14.94,1,0,0.0
MKT004794,2025-12-13,Медийная реклама,Сезонная акция,Повторный,Мобильное устройство,6.64,0,0,0.0
MKT006439,2025-04-07,Поисковая реклама,Сезонная акция,Повторный,Компьютер,17.73,0,0,0.0
MKT007630,2025-05-24,Push,Программа лояльности,Новый,Мобильное устройство,1.23,0,0,0.0
MKT005658,2025-11-02,Социальные сети,Сезонная акция,Повторный,Мобильное устройство,8.58,0,0,0.0
MKT006384,2025-01-04,Поисковая реклама,Ретаргетинг,Повторный,Мобильное устройство,22.72,0,0,0.0
MKT002246,2025-03-20,Email,Программа лояльности,Лояльный,Мобильное устройство,2.17,0,0,0.0
MKT006002,2025-01-19,Медийная реклама,Сезонная акция,Новый,Компьютер,6.27,0,0,0.0
MKT001900,2025-04-03,Поисковая реклама,Новый продукт,Повторный,Мобильное устройство,21.26,1,0,0.0
MKT002266,2025-03-09,Поисковая реклама,Сезонная акция,Повторный,Мобильное устройство,24.54,0,0,0.0
MKT000336,17.02.2025,Медийная реклама,Ретаргетинг,Новый,Компьютер,6.96,0,0,0.0
MKT001363,2025-03-08,Email,Имиджевая кампания,Лояльный,Мобильное устройство,2.62,0,0,0.0
MKT006509,2025-10-22,Email,Программа лояльности,Повторный,Компьютер,2.14,0,0,0.0
MKT005837,2025-12-26,Поисковая реклама,Новый продукт,Повторный,Мобильное устройство,22.68,0,0,0.0
MKT003653,2025-09-13,Медийная реклама,Новый продукт,Повторный,Мобильное устройство,9.45,1,1,3194.17
MKT005268,2025-02-26,push ,Имиджевая кампания,Лояльный,Мобильное устройство,1.45,0,0,0.0
MKT001205,2025-03-31,Поисковая реклама,Новый продукт,Лояльный,Мобильное устройство,29.22,0,0,0.0
MKT005805,2025-09-02,Поисковая реклама,Ретаргетинг,Новый,Компьютер,15.19,1,1,6443.75
MKT008789,2025-07-15,Push,Сезонная акция,Новый,Планшет,1.7,0,0,0.0
MKT000635,2025-05-25,Push,Программа лояльности,Новый,Мобильное устройство,1.33,0,0,0.0
MKT004846,2025-02-21,Поисковая реклама,Новый продукт,Новый,Мобильное устройство,26.29,0,0,0.0
MKT005541,2025-06-27,Поисковая реклама,Ретаргетинг,Новый,Компьютер,20.73,0,0,0.0
MKT001569,2025-11-09,Email,Новый продукт,Лояльный,Мобильное устройство,1.62,0,0,0.0
MKT001949,2025-01-19,Поисковая реклама,Ретаргетинг,Новый,Мобильное устройство,19.71,0,0,0.0
MKT008829,2025-08-21,Email,Новый продукт,Новый,Компьютер,3.11,1,0,0.0
MKT005180,2025-07-13,Поисковая реклама,Ретаргетинг,Новый,Компьютер,21.93,0,0,0.0
MKT007948,2025-04-04,Push,программа лояльности,Новый,Мобильное устройство,1.5,0,0,0.0
MKT000592,2025-10-08,Email,Программа лояльности,Новый,Компьютер,1.82,0,0,0.0
MKT007146,2025-09-29,Медийная реклама,Сезонная акция,Лояльный,Компьютер,7.55,0,0,0.0
MKT008486,2025-08-04,Медийная реклама,Ретаргетинг,Повторный,Планшет,7.05,0,0,0.0
MKT009229,2025-01-07,Социальные сети,Программа лояльности,Повторный,Мобильное устройство,8.76,0,0,0.0
MKT006983,2025-02-25,Социальные сети,Ретаргетинг,Новый,Мобильное устройство,11.3,1,0,0.0
MKT000754,2025-02-27,Email,Сезонная акция,Новый,Компьютер,2.19,0,0,0.0
MKT006935,2025-09-23,Email,Ретаргетинг,Новый,Мобильное устройство,2.32,1,0,0.0
MKT008293,2025-02-25,Социальные сети,Сезонная акция,Лояльный,Компьютер,7.46,0,0,0.0
MKT004656,2025-09-22,Email,Сезонная акция,Новый,Мобильное устройство,4.74,0,0,0.0
MKT000644,2025-11-13,Email,Новый продукт,Новый,Мобильное устройство,2.55,0,0,0.0
MKT002947,2025-04-25,Социальные сети,Программа лояльности,Новый,Планшет,11.51,0,0,0.0
MKT006152,2025-09-16,Медийная реклама,Новый продукт,Новый,Мобильное устройство,5.13,0,0,0.0
MKT006904,2025-05-26,Медийная реклама,Новый продукт,Повторный,Планшет,6.09,0,0,0.0
MKT003455,2025-01-17,Социальные сети,Ретаргетинг,Лояльный,Компьютер,9.61,0,0,0.0
MKT004930,2025-03-30,Поисковая реклама,Программа лояльности,Повторный,Мобильное устройство,14.69,0,0,0.0
MKT008274,2025-03-29,Социальные сети,Новый продукт,Повторный,Мобильное устройство,13.8,0,0,0.0
MKT002983,2025-10-07,Социальные сети,Программа лояльности,Повторный,Мобильное устройство,5.29,0,0,0.0
MKT008945,2025-07-21,Push,Имиджевая кампания,Повторный,Компьютер,2.08,0,0,0.0
MKT003574,2025-11-12,Поисковая реклама,Сезонная акция,Повторный,Мобильное устройство,27.51,1,0,0.0
MKT000294,2025-03-14,Медийная реклама,Ретаргетинг,Новый,Мобильное устройство,4.62,1,0,0.0
MKT007619,2025-04-20,Медийная реклама,Новый продукт,Повторный,Мобильное устройство,6.15,0,0,0.0
MKT008063,2025-12-02,Медийная реклама,Новый продукт,Повторный,Мобильное устройство,5.55,0,0,0.0
MKT005883,2025-02-24,Email,Новый продукт,Новый,Мобильное устройство,1.88,0,0,0.0
MKT009857,2025-08-13,Медийная реклама,Программа лояльности,Лояльный,Мобильное устройство,6.43,0,0,0.0
MKT009713,2025-07-14,Социальные сети,Сезонная акция,Повторный,Мобильное устройство,14.67,0,0,0.0
MKT007768,2025-01-23,Email,Новый продукт,Лояльный,Мобильное устройство,1.83,0,0,0.0
MKT009888,2025-02-28,Социальные сети,Новый продукт,Повторный,Компьютер,7.68,0,0,0.0
MKT004798,27.10.2025,Email,Ретаргетинг,Новый,Мобильное устройство,1.91,0,0,0.0
MKT006371,2025-09-04,Push,Сезонная акция,Новый,Мобильное устройство,1.39,0,0,0.0
MKT003486,2025-01-17,Email,Ретаргетинг,Лояльный,Мобильное устройство,2.58,0,0,0.0
MKT004868,2025-08-03,Социальные сети,Имиджевая кампания,Повторный,Мобильное устройство,6.2,1,1,4193.81
MKT005803,2025-07-19,Поисковая реклама,Программа лояльности,Повторный,Компьютер,20.1,0,0,0.0
MKT006445,2025-11-05,Социальные сети,Имиджевая кампания,Повторный,Мобильное устройство,9.14,0,0,0.0
MKT006843,2025-02-15,Email,Сезонная акция,Новый,Мобильное устройство,1.82,0,0,0.0
MKT008175,2025-10-03,Email,Новый продукт,Новый,Компьютер,2.25,0,0,0.0
MKT003171,2025-09-29,Социальные сети,Сезонная акция,Новый,Планшет,11.41,0,0,0.0
MKT001208,2025-04-19,Социальные сети,Новый продукт,Лояльный,Мобильное устройство,11.18,0,0,0.0
MKT007109,2025-05-28,Поисковая реклама,Имиджевая кампания,Лояльный,Мобильное устройство,26.24,0,0,0.0
MKT000762,2025-06-04,Email,Имиджевая кампания,Повторный,Планшет,3.34,0,0,0.0
MKT006456,2025-02-21,Email,Ретаргетинг,Новый,Мобильное устройство,2.15,0,0,0.0
MKT002387,2025-05-31,Email,Сезонная акция,Повторный,Мобильное устройство,2.28,1,0,0.0
MKT008962,2025-08-06,Социальные сети,Ретаргетинг,Новый,Мобильное устройство,6.34,0,0,0.0
MKT009246,2025-02-28,Email,Имиджевая кампания,Повторный,Мобильное устройство,2.66,0,0,0.0
MKT003504,2025-04-18,Push,Программа лояльности,Новый,Мобильное устройство,1.45,0,0,0.0
MKT005536,2025-04-29,Социальные сети,Сезонная акция,Новый,Мобильное устройство,14.03,0,0,0.0
MKT006604,2025-07-31,Поисковая реклама,Имиджевая кампания,Повторный,Мобильное устройство,28.42,0,0,0.0
MKT000198,2025-04-06,Социальные сети,Сезонная акция,Повторный,Компьютер,14.55,0,0,0.0
MKT002950,2025-07-13,Социальные сети,Программа лояльности,Лояльный,Мобильное устройство,6.38,0,0,0.0
MKT005190,2025-08-27,Email,Сезонная акция,Лояльный,Компьютер,1.78,0,0,0.0
MKT002409,2025-02-21,Медийная реклама,Программа лояльности,Новый,Компьютер,4.54,0,0,4343.0
MKT002320,2025-07-25,Социальные сети,Сезонная акция,Новый,Компьютер,14.44,0,0,0.0
MKT009164,2025-02-01,Социальные сети,Имиджевая кампания,Лояльный,Мобильное устройство,7.86,0,0,0.0
MKT009359,2025-07-28,Поисковая реклама,Программа лояльности,Новый,Компьютер,18.27,0,0,0.0
MKT000127,2025-07-23,Социальные сети,Новый продукт,Лояльный,Мобильное устройство,9.98,1,0,-100.0
MKT008377,2025-12-15,Email,Имиджевая кампания,Повторный,Мобильное устройство,1.72,0,0,0.0
MKT003099,2025-01-14,Социальные сети,Новый продукт,Новый,Компьютер,11.21,0,0,0.0
MKT002142,2025-04-05,Социальные сети,Программа лояльности,Новый,Мобильное устройство,7.48,0,0,0.0
MKT004592,2025-03-28,Поисковая реклама,Новый продукт,Повторный,Мобильное устройство,32.03,0,0,0.0
MKT008822,2025-10-06,Поисковая реклама,Программа лояльности,Новый,Мобильное устройство,12.37,0,0,0.0
MKT006045,2025-07-22,Социальные сети,Ретаргетинг,Новый,Мобильное устройство,8.49,0,0,0.0
MKT009774,2025-01-29,Push,Сезонная акция,Лояльный,Мобильное устройство,1.46,0,0,0.0
MKT002366,2025-12-27,Медийная реклама,Программа лояльности,Повторный,Мобильное устройство,4.18,0,0,0.0
MKT007052,2025-12-14,Социальные сети,Сезонная акция,Повторный,Мобильное устройство,7.62,0,0,0.0
MKT004000,2025-08-07,Социальные сети,Сезонная акция,Повторный,Мобильное устройство,8.8,0,0,0.0
MKT000667,2025-02-26,Email,Сезонная акция,Новый,Мобильное устройство,2.44,0,0,0.0
MKT007588,2025-06-09,Поисковая реклама,Ретаргетинг,Повторный,Планшет,19.52,0,0,0.0
MKT003454,2025-12-16,Поисковая реклама,Ретаргетинг,Повторный,Мобильное устройство,16.23,1,1,4434.43
MKT004495,2025-12-14,Социальные сети,Имиджевая кампания,Повторный,Мобильное устройство,7.61,0,0,0.0
MKT000715,2025-06-22,Социальные сети,Программа лояльности,Новый,Компьютер,6.21,0,0,0.0
MKT002342,2025-02-23,Email,Сезонная акция,Новый,Мобильное устройство,1.69,0,0,0.0
MKT004971,2025-01-17,Медийная реклама,Ретаргетинг,Новый,Мобильное устройство,5.4,0,0,0.0
MKT001230,2025-03-24,Push,Ретаргетинг,Лояльный,Мобильное устройство,1.25,0,0,0.0
MKT005309,2025-06-26,Поисковая реклама,Ретаргетинг,Повторный,Мобильное устройство,17.83,0,0,0.0
MKT001739,2025-04-23,Медийная реклама,Имиджевая кампания,Повторный,Компьютер,6.02,0,0,0.0
MKT000482,2025-03-06,Медийная реклама,Имиджевая кампания,Повторный,Мобильное устройство,5.35,0,0,0.0
MKT006007,2025-08-10,Медийная реклама,Имиджевая кампания,Повторный,Мобильное устройство,5.6,0,0,0.0
MKT000086,2025-07-08,Email,Сезонная акция,Лояльный,Мобильное устройство,1.76,0,0,0.0
MKT001691,2025-02-21,Медийная реклама,Сезонная акция,Новый,Компьютер,7.56,0,0,0.0
MKT006939,2025-09-14,Push,Ретаргетинг,Повторный,Компьютер,2.32,0,0,0.0
MKT000083,2025-07-25,Push,Ретаргетинг,Новый,Компьютер,1.82,0,0,0.0
MKT000838,2025-03-16,Социальные сети,Имиджевая кампания,Повторный,Мобильное устройство,9.62,0,0,0.0
MKT004634,2025-12-03,Email,Программа лояльности,Лояльный,Мобильное устройство,1.63,0,0,0.0
MKT007771,2025-05-10,Социальные сети,Имиджевая кампания,Лояльный,Компьютер,11.92,0,0,0.0
MKT000044,2025-12-27,Поисковая реклама,Новый продукт,Новый,Мобильное устройство,15.28,0,0,0.0
MKT000763,2025-05-07,Push,Программа лояльности,Новый,Мобильное устройство,1.4,0,0,0.0
MKT009852,2025-01-15,Поисковая реклама,Сезонная акция,Повторный,Компьютер,20.59,0,0,0.0
MKT005796,2025-02-11,Поисковая реклама,Имиджевая кампания,Лояльный,Мобильное устройство,20.83,0,0,0.0
MKT009124,2025-12-02,Поисковая реклама,Сезонная акция,Лояльный,Мобильное устройство,24.6,0,0,0.0
MKT000535,2025-02-04,Социальные сети,Программа лояльности,Новый,Компьютер,4.66,0,0,0.0
MKT009923,2025-09-12,Социальные сети,Программа лояльности,Повторный,Мобильное устройство,7.31,0,0,0.0
MKT005164,2025-03-19,Email,Ретаргетинг,Повторный,Мобильное устройство,2.41,1,1,2792.64
MKT009476,2025-07-03,Push,Программа лояльности,Повторный,Компьютер,1.94,0,0,0.0
MKT006119,2025-01-28,Социальные сети,Сезонная акция,Повторный,Мобильное устройство,6.67,0,0,0.0
MKT009298,2025-08-09,Медийная реклама,Сезонная акция,Повторный,Мобильное устройство,7.48,0,0,0.0
MKT007957,2025-01-26,Push,Сезонная акция,Новый,Компьютер,1.52,0,0,0.0
MKT002446,2025-03-24,Email,Имиджевая кампания,Повторный,Компьютер,2.06,0,0,0.0
MKT003795,2025-12-17,Email,Новый продукт,Лояльный,Компьютер,2.56,0,0,0.0
MKT001320,2025-11-23,Поисковая реклама,Программа лояльности,Повторный,Компьютер,14.72,0,0,0.0
MKT000054,2025-10-08,Медийная реклама,Ретаргетинг,Новый,Мобильное устройство,7.43,0,0,0.0
MKT008217,2025-02-10,Email,Ретаргетинг,Новый,Мобильное устройство,1.48,0,0,0.0
MKT002757,2025-12-02,Email,Имиджевая кампания,Повторный,Планшет,2.17,1,1,2944.9
MKT000256,2025-07-04,Email,Имиджевая кампания,Повторный,Мобильное устройство,2.38,0,0,0.0
MKT001086,2025-06-18,Email,Программа лояльности,Повторный,Компьютер,1.58,0,0,0.0
MKT002938,2025-05-06,Email,Новый продукт,Повторный,Мобильное устройство,2.07,0,0,0.0
MKT005880,2025-06-25,Медийная реклама,Новый продукт,Повторный,Компьютер,6.27,0,0,0.0
MKT001842,2025-05-17,Поисковая реклама,Имиджевая кампания,Лояльный,Мобильное устройство,24.72,0,0,0.0
MKT005738,2025-04-17,Социальные сети,Ретаргетинг,Повторный,Компьютер,8.58,0,0,0.0
MKT003398,2025-05-11,Поисковая реклама,Имиджевая кампания,Повторный,Мобильное устройство,17.32,0,0,0.0
MKT008017,2025-12-11,Медийная реклама,Сезонная акция,Повторный,Мобильное устройство,5.51,1,0,0.0
MKT004440,2025-03-08,Медийная реклама,Имиджевая кампания,Повторный,Планшет,7.88,0,0,0.0
MKT005633,2025-03-11,Поисковая реклама,Программа лояльности,Новый,Компьютер,21.38,0,0,1000000.0
MKT004364,2025-11-23,Медийная реклама,Имиджевая кампания,Повторный,Мобильное устройство,9.4,0,0,0.0
MKT009440,2025-07-05,Поисковая реклама,Сезонная акция,Новый,Мобильное устройство,23.56,0,0,0.0
MKT006634,2025-12-12,Поисковая реклама,Новый продукт,Повторный,Мобильное устройство,15.35,0,0,0.0
MKT007883,2025-10-27,Социальные сети,Сезонная акция,Повторный,Компьютер,8.48,1,0,0.0
MKT005831,2025-01-17,Поисковая реклама,Сезонная акция,Новый,Мобильное устройство,17.58,0,0,0.0
MKT000768,2025-06-30,Поисковая реклама,Программа лояльности,Новый,Мобильное устройство,18.28,0,0,0.0
MKT006005,2025-01-09,Email,Имиджевая кампания,Новый,Мобильное устройство,1.54,0,0,0.0
MKT002179,2025-02-02,Push,Ретаргетинг,Новый,Компьютер,1.12,0,0,0.0
MKT008689,2025-08-17,Email,Ретаргетинг,Новый,Мобильное устройство,1.87,1,0,0.0
MKT005824,2025-03-20,Медийная реклама,Ретаргетинг,Новый,Компьютер,6.26,0,0,0.0
MKT007747,2025-04-02,Email,Ретаргетинг,Повторный,Мобильное устройство,1.89,0,0,0.0
MKT001577,2025-08-09,Социальные сети,Имиджевая кампания,Лояльный,Мобильное устройство,8.94,0,0,0.0
MKT000296,2025-07-23,Email,Сезонная акция,Новый,Компьютер,2.33,0,0,0.0
MKT007759,2025-10-25,Социальные сети,Программа лояльности,Новый,Мобильное устройство,6.04,0,0,0.0
MKT008096,2025-10-02,Социальные сети,Новый продукт,Повторный,Мобильное устройство,8.23,0,0,0.0
MKT004153,2025-06-27,Поисковая реклама,Ретаргетинг,Новый,Мобильное устройство,25.54,0,0,0.0
MKT004998,2025-08-26,Социальные сети,Имиджевая кампания,Повторный,Мобильное устройство,9.86,0,0,0.0
MKT000214,2025-11-11,Email,Программа лояльности,Повторный,Компьютер,1.37,0,0,0.0
MKT003662,2025-10-08,Поисковая реклама,Программа лояльности,Новый,Мобильное устройство,21.76,0,0,0.0
MKT004986,2025-09-23,Поисковая реклама,Имиджевая кампания,Новый,Мобильное устройство,18.82,0,0,0.0
MKT000450,2025-07-29,Email,Новый продукт,Повторный,Мобильное устройство,3.29,0,0,0.0
MKT002199,2025-06-17,Социальные сети,Программа лояльности,Повторный,Компьютер,11.04,0,0,0.0
MKT009750,2025-01-06,Email,Ретаргетинг,Повторный,Мобильное устройство,1.5,0,0,0.0
MKT000100,2025-08-27,Медийная реклама,Программа лояльности,Повторный,Мобильное устройство,5.49,0,0,0.0
MKT006324,2025-10-27,Социальные сети,Программа лояльности,Лояльный,Мобильное устройство,9.03,0,0,0.0
MKT008419,2025-06-17,Push,Сезонная акция,Лояльный,Мобильное устройство,1.65,0,0,0.0
MKT001144,2025-05-18,Социальные сети,Сезонная акция,Повторный,Мобильное устройство,10.51,0,0,0.0
MKT003800,2025-08-30,Поисковая реклама,Программа лояльности,Лояльный,Мобильное устройство,20.59,0,0,0.0
MKT005597,2025-06-19,Push,Новый продукт,Лояльный,Мобильное устройство,2.29,0,0,0.0
MKT007807,2025-06-11,Email,Сезонная акция,Новый,Мобильное устройство,2.32,0,0,0.0
MKT001955,2025-10-15,Поисковая реклама,Сезонная акция,Повторный,Мобильное устройство,16.2,0,0,0.0
MKT006975,2025-02-24,Медийная реклама,Ретаргетинг,Новый,Компьютер,4.55,0,0,0.0
MKT001134,2025-12-07,Социальные сети,Программа лояльности,Повторный,Планшет,7.27,0,0,0.0
MKT002135,2025-05-20,Push,Новый продукт,Повторный,Мобильное устройство,1.53,0,0,0.0
MKT008554,2025-11-19,Медийная реклама,Имиджевая кампания,Новый,Мобильное устройство,5.43,0,0,0.0
MKT005039,2025-03-12,Медийная реклама,Ретаргетинг,Новый,Компьютер,5.41,0,0,0.0
MKT003514,2025-06-08,Email,Новый продукт,Новый,Мобильное устройство,3.23,0,0,0.0
MKT006127,2025-07-06,Push,Ретаргетинг,Новый,Мобильное устройство,1.73,0,0,0.0
MKT006517,2025-06-29,Push,Новый продукт,Новый,Мобильное устройство,1.76,0,0,0.0
MKT009284,2025-11-18,Push,Новый продукт,Повторный,Планшет,1.86,0,0,0.0
MKT001126,2025-06-25,Email,Ретаргетинг,Новый,Мобильное устройство,0.99,0,0,0.0
MKT009092,2025-04-07,Социальные сети,Ретаргетинг,Лояльный,Компьютер,7.09,1,0,0.0
MKT002388,2025-02-16,Социальные сети,Сезонная акция,Новый,Компьютер,8.61,0,0,0.0
MKT009593,2025-12-22,Поисковая реклама,Ретаргетинг,Новый,Мобильное устройство,15.77,0,0,0.0
MKT003974,2025-02-20,Медийная реклама,Ретаргетинг,Повторный,Мобильное устройство,5.39,0,0,0.0
MKT002499,2025-07-21,Поисковая реклама,Имиджевая кампания,Новый,Мобильное устройство,22.2,0,0,0.0
MKT008781,2025-05-20,Email,Программа лояльности,Повторный,Мобильное устройство,1.27,0,0,0.0
MKT003874,2025-08-27,Медийная реклама,Имиджевая кампания,Новый,Компьютер,8.27,0,0,0.0
MKT005882,2025-04-19,Медийная реклама,Ретаргетинг,Повторный,Мобильное устройство,6.7,0,0,0.0
MKT004689,2025-09-20,Email,Программа лояльности,Повторный,Мобильное устройство,1.29,0,0,0.0
MKT005865,2025-04-24,Email,Сезонная акция,Повторный,Мобильное устройство,3.99,0,0,0.0
MKT006635,2025-12-02,Email,Имиджевая кампания,Лояльный,Мобильное устройство,2.77,0,0,0.0
MKT005122,2025-08-03,Email,Ретаргетинг,Новый,Компьютер,1.95,0,0,0.0
MKT000795,2025-08-07,,Имиджевая кампания,Повторный,Мобильное устройство,12.58,0,0,0.0
MKT007615,2025-02-15,Поисковая реклама,Ретаргетинг,Новый,Компьютер,21.11,0,0,0.0
MKT001541,2025-01-16,Push,Сезонная акция,Новый,Мобильное устройство,1.58,0,0,0.0
MKT005931,2025-10-19,Push,Новый продукт,Лояльный,Мобильное устройство,1.42,1,0,0.0
MKT003156,2025-10-11,Поисковая реклама,Ретаргетинг,Повторный,Мобильное устройство,16.48,1,0,0.0
MKT004893,2025-03-09,Поисковая реклама,Программа лояльности,Новый,Мобильное устройство,20.03,0,0,0.0
MKT002565,2025-01-28,Социальные сети,Сезонная акция,Повторный,Мобильное устройство,12.4,1,0,0.0
MKT000199,2025-07-07,Поисковая реклама,Новый продукт,Повторный,Компьютер,27.97,0,0,0.0
MKT002242,2025-09-29,Социальные сети,Сезонная акция,Новый,Мобильное устройство,11.31,0,0,0.0
MKT001329,2025-04-17,Социальные сети,Программа лояльности,Новый,Мобильное устройство,7.8,0,0,0.0
MKT006003,2025-03-13,Социальные сети,Ретаргетинг,Лояльный,Компьютер,6.43,1,0,0.0
MKT001406,2025-12-02,Медийная реклама,Программа лояльности,Повторный,Компьютер,3.98,0,0,0.0
MKT005249,2025-09-26,Поисковая реклама,Программа лояльности,Новый,Мобильное устройство,24.08,1,0,0.0
MKT003676,2025-11-30,Медийная реклама,Сезонная акция,Новый,Компьютер,6.75,0,0,0.0
MKT002315,2025-02-25,Социальные сети,Сезонная акция,Повторный,Мобильное устройство,9.8,1,1,4330.34
MKT003229,2025-02-26,Email,Имиджевая кампания,Лояльный,Планшет,2.85,0,0,0.0
MKT003588,2025-11-20,Поисковая реклама,Имиджевая кампания,Новый,Мобильное устройство,14.19,0,0,0.0
MKT007945,2025-12-26,Медийная реклама,Сезонная акция,Лояльный,Мобильное устройство,5.8,0,0,0.0
MKT009666,2025-06-24,Медийная реклама,Ретаргетинг,Лояльный,Мобильное устройство,4.51,0,0,0.0
MKT001395,2025-03-01,Push,Новый продукт,Новый,Компьютер,2.43,0,0,0.0
MKT001431,2025-05-22,Email,Сезонная акция,Новый,Мобильное устройство,2.09,0,0,0.0
MKT005861,2025-07-25,Email,Имиджевая кампания,Повторный,Мобильное устройство,2.45,0,0,0.0
MKT004936,2025-04-03,Email,Ретаргетинг,Повторный,Мобильное устройство,2.69,0,0,0.0
MKT005719,2025-08-25,Email,Ретаргетинг,Новый,Мобильное устройство,1.82,1,0,0.0
MKT006616,2025-07-12,Email,Новый продукт,Лояльный,Мобильное устройство,2.81,0,0,0.0
MKT005624,2025-01-12,Поисковая реклама,Программа лояльности,Новый,Мобильное устройство,18.19,0,0,0.0
MKT005926,2025-11-05,Email,Программа лояльности,Повторный,Компьютер,2.25,0,0,0.0
MKT002278,2025-04-07,Медийная реклама,Имиджевая кампания,Новый,Компьютер,4.87,0,0,0.0
MKT002997,2025-04-29,Медийная реклама,Имиджевая кампания,Новый,Компьютер,6.93,0,0,0.0
MKT003593,2025-07-19,Поисковая реклама,Сезонная акция,Повторный,Мобильное устройство,26.49,1,0,0.0
MKT005303,2025-01-24,Push,Ретаргетинг,Лояльный,Мобильное устройство,2.23,0,0,0.0
MKT004552,18.08.2025,Медийная реклама,Программа лояльности,Повторный,Мобильное устройство,3.62,0,0,0.0
MKT008834,2025-05-19,Push,Сезонная акция,Лояльный,Компьютер,2.37,0,0,0.0
MKT001568,2025-05-22,Поисковая реклама,Сезонная акция,Новый,Компьютер,19.92,0,0,0.0
MKT004046,2025-01-08,,Сезонная акция,Новый,Планшет,1.58,0,0,0.0
MKT007991,2025-09-05,Поисковая реклама,Программа лояльности,Повторный,Мобильное устройство,16.43,0,0,1000000.0
MKT001226,2025-01-01,Социальные сети,Программа лояльности,Новый,Мобильное устройство,9.23,0,0,0.0
MKT004605,2025-03-26,Социальные сети,Новый продукт,Новый,Мобильное устройство,12.08,0,0,0.0
MKT003252,2025-10-06,Email,Сезонная акция,Повторный,Мобильное устройство,2.59,0,0,0.0
MKT007161,2025-01-06,Email,Сезонная акция,Повторный,Мобильное устройство,2.64,0,0,0.0
MKT000464,2025-06-14,Email,Сезонная акция,Повторный,Мобильное устройство,3.23,0,0,0.0
MKT002437,2025-07-03,Поисковая реклама,Программа лояльности,Новый,Планшет,12.59,1,1,3277.0
MKT006660,2025-06-13,Медийная реклама,Имиджевая кампания,Повторный,Мобильное устройство,9.78,0,1,0.0
MKT002289,2025-06-04,Социальные сети,Имиджевая кампания,Новый,Компьютер,9.99,0,0,0.0
MKT004862,2025-06-22,Push,Сезонная акция,Лояльный,Мобильное устройство,1.94,0,0,0.0
MKT005324,2025-06-19,Поисковая реклама,Сезонная акция,Новый,Мобильное устройство,19.95,0,0,0.0
MKT007320,2025-01-23,Push,Программа лояльности,Повторный,Мобильное устройство,1.21,0,0,0.0
MKT006924,2025-06-08,Социальные сети,Новый продукт,Повторный,Мобильное устройство,13.65,1,0,0.0
MKT007209,2025-06-13,Поисковая реклама,Новый продукт,Новый,Компьютер,37.54,1,0,0.0
MKT000928,2025-01-20,Email,Новый продукт,Лояльный,Мобильное устройство,2.64,0,0,0.0
MKT000012,2025-06-15,Push,Программа лояльности,Лояльный,Мобильное устройство,0.78,0,0,0.0
MKT004250,2025-12-08,Email,Ретаргетинг,Повторный,Мобильное устройство,3.6,1,0,0.0
MKT003510,2025-07-05,Push,Имиджевая кампания,Повторный,Компьютер,1.0,0,0,0.0
MKT009395,2025-09-25,Email,Имиджевая кампания,Новый,Компьютер,1.92,0,0,0.0
MKT000326,2025-09-18,Email,Сезонная акция,Лояльный,Мобильное устройство,3.04,0,0,0.0
MKT002963,2025-06-20,Медийная реклама,Сезонная акция,Новый,Мобильное устройство,5.48,0,0,0.0
MKT009733,2025-04-10,Поисковая реклама,Имиджевая кампания,Повторный,Компьютер,21.94,0,0,0.0
MKT001795,2025-01-10,Email,Сезонная акция,Новый,Мобильное устройство,2.35,0,0,0.0
MKT006228,2025-12-11,Социальные сети,Новый продукт,Новый,Мобильное устройство,10.65,0,0,0.0
MKT007431,2025-10-08,Push,Ретаргетинг,Лояльный,Мобильное устройство,1.07,0,0,0.0
MKT000297,2025-11-20,Push,Сезонная акция,Повторный,Мобильное устройство,1.51,0,0,0.0
MKT003279,2025-03-24,Медийная реклама,Программа лояльности,Повторный,Мобильное устройство,4.79,0,0,0.0
MKT005230,2025-04-11,Push,Новый продукт,Новый,Мобильное устройство,1.35,0,0,0.0
MKT004126,2025-07-28,Поисковая реклама,Имиджевая кампания,Повторный,Компьютер,19.46,0,0,0.0
MKT004851,2025-01-29,Email,Сезонная акция,Лояльный,Компьютер,2.3,0,0,0.0
MKT003032,2025-02-05,Email,Имиджевая кампания,Повторный,Мобильное устройство,2.68,0,0,0.0
MKT004561,2025-08-10,Email,Ретаргетинг,Повторный,Компьютер,2.18,0,0,0.0
MKT002004,2025-05-12,Медийная реклама,Ретаргетинг,Новый,Мобильное устройство,6.47,0,0,0.0
MKT004201,2025-10-20,Email,Ретаргетинг,Повторный,Компьютер,1.92,0,0,0.0
MKT007644,2025-11-06,Email,Программа лояльности,Повторный,Мобильное устройство,2.9,0,0,0.0
MKT003796,2025-03-09,Поисковая реклама,Новый продукт,Повторный,Мобильное устройство,18.9,0,0,0.0
MKT001323,2025-07-19,Медийная реклама,Сезонная акция,Повторный,Мобильное устройство,8.32,0,0,0.0
MKT009138,2025-06-09,Поисковая реклама,Новый продукт,Повторный,Мобильное устройство,27.28,0,0,0.0
MKT000898,2025-12-20,Поисковая реклама,Ретаргетинг,Лояльный,Компьютер,20.48,0,0,0.0
MKT001932,2025-08-25,Поисковая реклама,Программа лояльности,Новый,Компьютер,16.62,0,0,0.0
MKT000629,2025-12-18,Поисковая реклама,Ретаргетинг,Повторный,Мобильное устройство,22.43,1,0,0.0
MKT002129,2025-12-31,Социальные сети,Ретаргетинг,Лояльный,Мобильное устройство,10.26,1,0,0.0
MKT000452,2025-04-20,Email,Имиджевая кампания,Новый,Компьютер,2.72,0,0,0.0
MKT009106,2025-06-27,Push,Сезонная акция,Повторный,Мобильное устройство,2.45,0,0,0.0
MKT004562,2025-04-16,Push,Имиджевая кампания,Повторный,Мобильное устройство,1.5,0,0,0.0
MKT002519,2025-09-24,Email,Сезонная акция,Повторный,Компьютер,2.21,0,0,0.0
MKT007628,2025-05-20,Push,Новый продукт,Повторный,Мобильное устройство,2.15,0,0,0.0
MKT000638,2025-03-29,Поисковая реклама,Ретаргетинг,Повторный,Компьютер,25.34,0,0,0.0
MKT008296,2025-04-30,Социальные сети,Сезонная акция,Новый,Мобильное устройство,11.65,0,0,0.0
MKT002587,2025-10-29,Поисковая реклама,Имиджевая кампания,Повторный,Мобильное устройство,18.32,0,0,0.0
MKT001141,2025-07-18,Социальные сети,Программа лояльности,Повторный,Мобильное устройство,6.19,1,1,5562.2
MKT006537,2025-09-01,Медийная реклама,Ретаргетинг,Повторный,Компьютер,4.68,0,0,0.0
MKT009432,2025-10-06,Push,Программа лояльности,Лояльный,Мобильное устройство,0.89,0,0,0.0
MKT009067,2025-08-18,Социальные сети,Имиджевая кампания,Новый,Мобильное устройство,12.29,0,0,0.0
MKT008513,2025-12-10,Email,Ретаргетинг,Повторный,Компьютер,2.05,0,0,0.0
MKT000618,2025-02-27,Медийная реклама,Программа лояльности,Лояльный,Мобильное устройство,5.98,0,0,0.0
MKT003963,2025-02-17,Медийная реклама,Новый продукт,Повторный,Мобильное устройство,11.02,0,0,0.0
MKT004261,2025-08-04,Медийная реклама,Новый продукт,Новый,Компьютер,7.6,0,0,0.0
MKT000025,2025-01-20,Email,Имиджевая кампания,Лояльный,Мобильное устройство,1.97,0,0,0.0
MKT001283,2025-05-27,Поисковая реклама,Ретаргетинг,Лояльный,Мобильное устройство,12.0,1,0,6669.0
MKT008158,2025-08-07,Email,Программа лояльности,Повторный,Мобильное устройство,1.95,0,0,0.0
MKT007620,2025-06-17,Социальные сети,Имиджевая кампания,Новый,Мобильное устройство,9.22,0,0,0.0
MKT004287,2025-03-08,Социальные сети,Имиджевая кампания,Новый,Мобильное устройство,7.35,0,0,0.0
MKT004410,2025-03-20,Email,Ретаргетинг,Повторный,Компьютер,1.61,0,0,0.0
MKT000963,2025-12-06,Push,Сезонная акция,Новый,Компьютер,2.49,1,0,0.0
MKT004376,2025-05-02,Социальные сети,Сезонная акция,Повторный,Компьютер,14.39,0,0,0.0
MKT005901,2025-06-14,Медийная реклама,Новый продукт,Новый,Компьютер,8.08,0,0,0.0
MKT002194,2025-10-29,Социальные сети,Программа лояльности,Лояльный,Компьютер,11.03,0,0,0.0
MKT004515,2025-09-21,Социальные сети,Сезонная акция,Повторный,Мобильное устройство,15.84,0,0,0.0
MKT001369,2025-03-09,Медийная реклама,Сезонная акция,Лояльный,Мобильное устройство,8.34,0,0,0.0
MKT006881,2025-12-18,Социальные сети,Программа лояльности,Новый,Мобильное устройство,5.97,0,0,0.0
MKT001782,2025-06-05,Поисковая реклама,Имиджевая кампания,Повторный,Мобильное устройство,20.3,0,0,0.0
MKT008511,2025-07-09,Социальные сети,Новый продукт,Лояльный,Компьютер,13.71,0,0,
MKT005390,2025-05-23,Медийная реклама,Программа лояльности,Повторный,Мобильное устройство,6.05,0,0,0.0
MKT006923,2025-04-01,Поисковая реклама,Ретаргетинг,Повторный,Мобильное устройство,18.07,0,0,0.0
MKT005490,2025-09-19,Email,Программа лояльности,Повторный,Компьютер,1.34,1,0,0.0
MKT004736,2025-01-18,Социальные сети,Сезонная акция,Повторный,Мобильное устройство,11.16,1,0,0.0
MKT008832,2025-06-13,Email,Новый продукт,Повторный,Компьютер,2.87,0,0,0.0
MKT006161,2025-06-17,Социальные сети,Ретаргетинг,Повторный,Компьютер,10.5,1,0,0.0
MKT008210,2025-09-30,Email,Сезонная акция,Новый,Мобильное устройство,1.91,0,0,0.0
MKT006575,2025-02-20,Поисковая реклама,Сезонная акция,Новый,Мобильное устройство,27.9,0,0,0.0
MKT004029,2025-01-03,,Сезонная акция,Лояльный,Мобильное устройство,26.79,0,0,0.0
MKT007341,2025-06-18,Push,Новый продукт,Новый,Мобильное устройство,1.9,0,0,0.0
MKT001715,2025-01-11,Социальные сети,Сезонная акция,Новый,Компьютер,10.74,0,0,0.0
MKT006208,2025-12-12,Поисковая реклама,Ретаргетинг,Повторный,Компьютер,18.53,0,0,0.0
MKT007636,2025-05-10,Социальные сети,Программа лояльности,Новый,Мобильное устройство,7.71,0,0,0.0
MKT003132,2025-07-30,Медийная реклама,Сезонная акция,Повторный,Мобильное устройство,4.91,0,0,0.0
MKT005781,2025-02-21,Поисковая реклама,Сезонная акция,Повторный,Компьютер,26.35,0,0,0.0
MKT006918,2025-09-30,Поисковая реклама,Сезонная акция,Новый,Мобильное устройство,21.94,0,0,0.0
MKT000616,2025-11-09,Медийная реклама,Программа лояльности,Лояльный,Мобильное устройство,4.55,0,0,0.0
MKT000908,2025-04-19,Push,Сезонная акция,Повторный,Компьютер,1.43,0,0,0.0
MKT008902,2025-01-12,Push,Имиджевая кампания,Повторный,Компьютер,1.18,0,0,0.0
MKT007336,2025-08-08,Email,Новый продукт,Лояльный,Мобильное устройство,3.09,1,0,0.0
MKT008344,2025-04-30,Медийная реклама,Новый продукт,Повторный,Компьютер,7.66,0,0,0.0
MKT007157,2025-02-03,Push,Программа лояльности,Повторный,Компьютер,1.24,0,0,0.0
MKT005713,2025-10-24,Email,Новый продукт,Новый,Мобильное устройство,2.52,0,0,0.0
MKT009492,2025-11-07,Социальные сети,Имиджевая кампания,Повторный,Компьютер,10.1,0,0,0.0
MKT001860,2025-04-23,Push,Сезонная акция,Лояльный,Мобильное устройство,1.42,0,0,0.0
MKT009328,2025-09-21,Push,Сезонная акция,Повторный,Мобильное устройство,1.01,1,0,0.0
MKT002034,2025-03-13,Email,Ретаргетинг,Новый,Мобильное устройство,1.99,0,0,0.0
MKT002428,2025-10-09,Социальные сети,Ретаргетинг,Повторный,Мобильное устройство,9.96,0,0,0.0
MKT008166,2025-04-27,Поисковая реклама,Имиджевая кампания,Лояльный,Мобильное устройство,21.51,0,0,0.0
MKT005256,2025-10-29,Email,Сезонная акция,Новый,Мобильное устройство,2.63,0,0,0.0
MKT005085,2025-10-21,Email,Имиджевая кампания,Новый,Мобильное устройство,2.71,0,0,0.0
MKT007567,2025-05-02,Поисковая реклама,Сезонная акция,Новый,Планшет,19.36,0,0,0.0
MKT005362,2025-02-07,Поисковая реклама,Сезонная акция,Повторный,Мобильное устройство,33.64,1,0,0.0
MKT000766,2025-04-06,Email,Сезонная акция,Повторный,Мобильное устройство,2.92,0,0,0.0
MKT002171,2025-08-18,Социальные сети,Имиджевая кампания,Лояльный,Компьютер,9.37,0,0,0.0
MKT000903,2025-10-29,Поисковая реклама,Имиджевая кампания,Повторный,Мобильное устройство,14.95,0,0,0.0
MKT005499,2025-05-28,Социальные сети,Имиджевая кампания,Новый,Мобильное устройство,12.56,0,0,0.0
MKT009390,2025-11-08,Поисковая реклама,Имиджевая кампания,Повторный,Мобильное устройство,15.53,0,0,0.0
MKT003689,2025-09-04,Медийная реклама,Ретаргетинг,Лояльный,Мобильное устройство,7.4,0,0,0.0
MKT002644,2025-04-05,Push,Сезонная акция,Лояльный,Компьютер,1.69,0,0,0.0
MKT005800,2025-10-02,Email,Имиджевая кампания,Лояльный,Планшет,2.45,0,0,0.0
MKT005497,2025-02-22,Социальные сети,Новый продукт,Повторный,Мобильное устройство,8.33,0,0,0.0
MKT003558,2025-09-24,Социальные сети,Сезонная акция,Повторный,Мобильное устройство,8.58,0,0,0.0
MKT000259,2025-12-03,Email,Имиджевая кампания,Повторный,Мобильное устройство,2.55,0,0,0.0
MKT008195,2025-02-09,Email,Имиджевая кампания,Лояльный,Мобильное устройство,1.57,0,0,0.0
MKT004712,2025-02-27,Медийная реклама,Ретаргетинг,Новый,Мобильное устройство,5.58,1,0,0.0
MKT001575,2025-02-28,Социальные сети,Ретаргетинг,Повторный,Планшет,7.99,0,0,0.0
MKT001174,2025-06-25,Поисковая реклама,Новый продукт,Новый,Мобильное устройство,23.73,0,0,0.0
MKT005105,2025-02-12,Медийная реклама,Программа лояльности,Новый,Мобильное устройство,5.22,0,0,0.0
MKT008192,2025-02-01,Поисковая реклама,Ретаргетинг,Новый,Мобильное устройство,17.62,0,0,0.0
MKT004715,2025-04-21,Социальные сети,Сезонная акция,Новый,Мобильное устройство,10.14,0,0,0.0
MKT007188,2025-11-17,Социальные сети,Сезонная акция,Повторный,Компьютер,7.62,0,0,0.0
MKT008849,2025-02-22,Социальные сети,Новый продукт,Повторный,Компьютер,16.56,0,0,0.0
MKT006172,2025-05-10,Социальные сети,Имиджевая кампания,Новый,Мобильное устройство,13.52,1,0,0.0
MKT008756,2025-03-26,Push,Сезонная акция,Лояльный,Мобильное устройство,1.45,1,1,5636.5
MKT009762,2025-07-13,Медийная реклама,Ретаргетинг,Лояльный,Мобильное устройство,5.09,0,0,0.0
MKT008086,2025-06-24,Поисковая реклама,Программа лояльности,Повторный,Компьютер,17.87,0,0,0.0
MKT005907,2025-09-18,Поисковая реклама,Новый продукт,Повторный,Мобильное устройство,25.55,0,0,0.0
MKT002239,2025-05-09,Email,Программа лояльности,Новый,Компьютер,1.72,0,0,0.0
MKT007379,2025-08-03,Поисковая реклама,Программа лояльности,Новый,Мобильное устройство,10.85,0,0,0.0
MKT002651,2025-03-22,Email,Сезонная акция,Новый,Компьютер,2.64,0,0,0.0
MKT004391,2025-09-11,Социальные сети,Новый продукт,Повторный,Мобильное устройство,10.16,0,0,0.0
MKT000520,2025-12-13,Email,Сезонная акция,Повторный,Мобильное устройство,2.59,0,0,0.0
MKT005572,2025-03-23,Медийная реклама,Новый продукт,Новый,Компьютер,6.53,0,0,0.0
MKT007450,2025-10-08,Поисковая реклама,Новый продукт,Повторный,Компьютер,20.83,0,0,0.0
MKT000585,2025-12-11,Поисковая реклама,Новый продукт,Новый,Компьютер,18.72,0,0,0.0
MKT008170,2025-10-27,Поисковая реклама,Сезонная акция,Новый,Мобильное устройство,19.94,0,0,0.0
MKT001026,2025-02-11,Email,Сезонная акция,Новый,Мобильное устройство,2.05,0,0,0.0
MKT008470,2025-02-15,Email,Сезонная акция,новый ,Компьютер,1.79,0,0,0.0
MKT004975,2025-11-15,Email,Новый продукт,Новый,Мобильное устройство,1.82,0,0,0.0
MKT008219,2025-08-09,Поисковая реклама,Программа лояльности,Лояльный,Мобильное устройство,17.49,0,0,0.0
MKT000950,2025-02-18,Push,Имиджевая кампания,Новый,Компьютер,1.78,0,0,0.0
MKT005476,2025-08-02,Email,Сезонная акция,Новый,Мобильное устройство,3.2,0,0,0.0
MKT009557,2025-09-20,Поисковая реклама,Новый продукт,Лояльный,Мобильное устройство,22.08,0,0,0.0
MKT005945,2025-04-08,Email,Программа лояльности,Новый,Мобильное устройство,1.35,0,0,0.0
MKT007159,2025-02-07,Социальные сети,Имиджевая кампания,Повторный,Мобильное устройство,10.87,0,0,0.0
MKT005695,2025-04-22,Социальные сети,Новый продукт,Повторный,Мобильное устройство,10.98,0,0,0.0
MKT008663,2025-11-09,Push,Новый продукт,Повторный,Мобильное устройство,1.22,0,0,0.0
MKT003477,2025-03-10,Социальные сети,Новый продукт,Повторный,Компьютер,9.9,0,0,0.0
MKT007439,2025-02-01,Социальные сети,Сезонная акция,Повторный,Мобильное устройство,12.05,0,0,0.0
MKT003139,2025-11-04,Социальные сети,Имиджевая кампания,Повторный,Компьютер,10.85,0,0,0.0
MKT004864,2025-03-12,Push,Имиджевая кампания,Новый,Мобильное устройство,1.4,0,0,0.0
MKT001085,2025-06-07,Поисковая реклама,сезонная акция ,Повторный,Мобильное устройство,22.18,1,0,0.0
MKT006944,2025-06-23,Email,Ретаргетинг,Повторный,Мобильное устройство,1.49,0,0,0.0
MKT007661,2025-03-15,Поисковая реклама,Новый продукт,Повторный,Компьютер,22.92,0,0,0.0
MKT004910,2025-12-16,Push,Имиджевая кампания,Новый,Мобильное устройство,2.48,1,0,0.0
MKT008457,2025-10-01,Медийная реклама,Имиджевая кампания,Повторный,Мобильное устройство,5.95,0,0,0.0
MKT005659,2025-10-03,Push,Имиджевая кампания,Повторный,Компьютер,1.12,0,0,0.0
MKT005539,2025-04-08,Социальные сети,Имиджевая кампания,Лояльный,Мобильное устройство,6.45,0,0,0.0
MKT000177,2025-02-27,Email,Новый продукт,Лояльный,Мобильное устройство,1.51,0,0,0.0
MKT000812,2025-06-25,Поисковая реклама,Новый продукт,Повторный,Мобильное устройство,25.67,0,0,0.0
MKT003556,2025-03-22,соцсети,Сезонная акция,Новый,Мобильное устройство,9.05,0,0,0.0
MKT004084,2025-08-19,Поисковая реклама,Сезонная акция,Повторный,Мобильное устройство,23.38,0,0,0.0
MKT005990,2025-04-19,Социальные сети,Новый продукт,Повторный,Мобильное устройство,10.92,0,0,0.0
MKT000697,2025-10-24,Поисковая реклама,Новый продукт,Новый,Мобильное устройство,15.88,0,0,0.0
MKT007499,2025-03-26,Медийная реклама,Сезонная акция,Новый,Компьютер,5.2,0,0,0.0
MKT001517,2025-12-21,Социальные сети,Имиджевая кампания,Повторный,Мобильное устройство,9.05,0,0,0.0
MKT006242,2025-10-01,Социальные сети,Новый продукт,Лояльный,Компьютер,11.09,0,0,0.0
MKT007234,2025-09-24,Медийная реклама,Имиджевая кампания,Новый,Мобильное устройство,6.56,0,0,0.0
MKT003280,2025-07-22,Email,Ретаргетинг,Новый,Мобильное устройство,2.32,0,0,0.0
MKT001422,2025-02-03,Поисковая реклама,Имиджевая кампания,Повторный,Мобильное устройство,31.07,0,0,0.0
MKT000155,2025-12-15,Медийная реклама,Сезонная акция,Новый,Мобильное устройство,6.14,0,0,0.0
MKT005139,2025-01-26,Email,Сезонная акция,Повторный,Мобильное устройство,3.5,0,0,0.0
MKT007088,2025-09-09,Социальные сети,Ретаргетинг,Новый,Мобильное устройство,7.34,0,0,0.0
MKT009346,2025-07-04,Медийная реклама,Ретаргетинг,Повторный,Мобильное устройство,7.08,0,0,0.0
MKT002683,2025-05-12,Поисковая реклама,Ретаргетинг,Новый,Мобильное устройство,15.08,0,0,0.0
MKT000506,2025-02-17,Email,Новый продукт,Лояльный,Мобильное устройство,2.28,0,0,0.0
MKT007549,2025-12-15,Push,Сезонная акция,Повторный,Мобильное устройство,1.32,0,0,0.0
MKT007355,2025-04-10,Социальные сети,Новый продукт,Лояльный,Мобильное устройство,6.72,0,0,0.0
MKT009315,2025-06-19,Поисковая реклама,Имиджевая кампания,Новый,Мобильное устройство,22.25,0,0,0.0
MKT000490,2025-10-29,Поисковая реклама,Имиджевая кампания,Повторный,Мобильное устройство,23.26,0,0,0.0
MKT004156,2025-02-22,Социальные сети,Сезонная акция,Новый,Компьютер,9.54,1,0,0.0
MKT001486,2025-01-22,Медийная реклама,Сезонная акция,Повторный,Мобильное устройство,10.63,0,0,0.0
MKT000289,2025-05-15,Поисковая реклама,Новый продукт,Новый,Компьютер,13.06,0,0,0.0
MKT005875,2025-07-18,Медийная реклама,Программа лояльности,Новый,Мобильное устройство,3.83,0,0,0.0
MKT005995,2025-01-13,Email,Сезонная акция,Новый,Мобильное устройство,2.56,0,0,0.0
MKT007072,2025-09-07,Поисковая реклама,Программа лояльности,Новый,Мобильное устройство,13.39,0,0,0.0
MKT001528,2025-10-24,Поисковая реклама,Ретаргетинг,Повторный,Компьютер,25.42,0,0,0.0
MKT006136,2025-02-13,Email,Ретаргетинг,Новый,Компьютер,2.22,0,0,0.0
MKT008969,2025-03-10,Поисковая реклама,Сезонная акция,Повторный,Мобильное устройство,13.65,0,0,0.0
MKT002052,2025-12-10,Поисковая реклама,Программа лояльности,Повторный,Мобильное устройство,27.07,0,0,0.0
MKT006493,2025-08-06,Социальные сети,Программа лояльности,Повторный,Компьютер,7.29,0,0,0.0
MKT006617,2025-02-09,Поисковая реклама,Имиджевая кампания,Новый,Мобильное устройство,14.05,0,0,0.0
MKT005234,2025-12-13,Email,Имиджевая кампания,Повторный,Мобильное устройство,1.56,0,0,0.0
MKT000683,2025-10-27,Поисковая реклама,Сезонная акция,Новый,Компьютер,20.79,0,0,0.0
MKT004901,2025-08-07,Email,Сезонная акция,Повторный,Мобильное устройство,2.14,0,0,0.0
MKT004120,2025-05-03,Поисковая реклама,Ретаргетинг,Новый,Компьютер,19.02,1,0,0.0
MKT001904,2025-03-09,Медийная реклама,Сезонная акция,Новый,Мобильное устройство,10.71,0,0,0.0
MKT005662,2025-02-24,Социальные сети,Имиджевая кампания,Новый,Компьютер,8.41,0,0,0.0
MKT006040,2025-05-22,Поисковая реклама,Программа лояльности,Новый,Мобильное устройство,19.54,0,0,0.0
MKT001357,2025-01-15,Email,Программа лояльности,Повторный,Планшет,2.17,0,0,0.0
MKT001415,2025-10-04,Социальные сети,Новый продукт,Повторный,Мобильное устройство,7.97,1,0,0.0
MKT007014,2025-08-26,Email,Сезонная акция,Повторный,Мобильное устройство,2.37,0,0,0.0
MKT007030,2025-03-05,Социальные сети,Программа лояльности,Лояльный,Мобильное устройство,8.98,0,0,0.0
MKT008640,2025-02-11,Email,Сезонная акция,Новый,Компьютер,3.53,0,0,0.0
MKT002514,2025-02-26,Поисковая реклама,Сезонная акция,Лояльный,Компьютер,16.54,0,0,0.0
MKT004383,2025-01-27,Поисковая реклама,Сезонная акция,Новый,Мобильное устройство,23.41,0,0,0.0
MKT005768,2025-07-04,Социальные сети,Имиджевая кампания,Новый,Планшет,13.46,1,0,0.0
MKT004891,2025-10-26,Поисковая реклама,Имиджевая кампания,Повторный,Мобильное устройство,25.99,0,0,0.0
MKT002886,2025-05-22,Социальные сети,Сезонная акция,Новый,Мобильное устройство,9.25,0,0,0.0
MKT002040,2025-08-05,Поисковая реклама,Программа лояльности,Новый,Компьютер,14.85,0,0,0.0
MKT000409,2025-07-13,Поисковая реклама,Имиджевая кампания,Новый,Мобильное устройство,24.73,0,0,0.0
MKT007569,2025-11-20,Push,Имиджевая кампания,Новый,Планшет,2.23,0,0,0.0
MKT005156,2025-08-21,Социальные сети,Новый продукт,Повторный,Компьютер,11.39,0,0,0.0
MKT008874,2025-06-30,Социальные сети,Имиджевая кампания,Повторный,Мобильное устройство,12.22,0,0,0.0
MKT002341,2025-10-06,Поисковая реклама,Ретаргетинг,Новый,Мобильное устройство,19.67,0,0,0.0
MKT003491,2025-04-17,Социальные сети,Новый продукт,Повторный,Компьютер,12.24,0,0,0.0
MKT009819,2025-08-30,Push,Сезонная акция,Повторный,Мобильное устройство,1.5,0,0,0.0
MKT001215,2025-06-27,Поисковая реклама,Сезонная акция,Повторный,Мобильное устройство,14.57,1,0,0.0
MKT003397,2025-06-10,Социальные сети,Сезонная акция,Лояльный,Мобильное устройство,16.0,0,0,0.0
MKT001747,2025-05-15,Push,Программа лояльности,Новый,Компьютер,1.26,0,0,0.0
MKT005607,2025-05-24,Email,Сезонная акция,Новый,Мобильное устройство,1.61,0,0,0.0
MKT004787,2025-01-19,Социальные сети,Программа лояльности,Новый,Мобильное устройство,10.38,0,0,0.0
MKT008351,2025-12-12,Поисковая реклама,Новый продукт,Новый,Мобильное устройство,25.78,0,0,0.0
MKT009672,2025-10-07,Push,Новый продукт,Повторный,Мобильное устройство,1.29,1,0,0.0
MKT007351,2025-04-26,Поисковая реклама,Имиджевая кампания,Новый,Мобильное устройство,21.12,0,0,0.0
MKT004661,2025-12-31,Поисковая реклама,Ретаргетинг,Новый,Мобильное устройство,22.08,0,0,0.0
MKT003844,2025-11-30,Email,Ретаргетинг,Лояльный,Мобильное устройство,1.77,1,0,0.0
MKT008068,2025-12-30,Push,Новый продукт,Новый,Компьютер,2.1,0,0,0.0
MKT007974,2025-12-04,Медийная реклама,Ретаргетинг,Повторный,Мобильное устройство,7.11,0,0,0.0
MKT009264,2025-03-09,Email,Новый продукт,Новый,Мобильное устройство,2.42,0,0,0.0
MKT006308,2025-08-05,Email,Имиджевая кампания,Новый,Компьютер,2.05,0,0,0.0
MKT002401,2025-11-29,Социальные сети,Имиджевая кампания,Новый,Мобильное устройство,12.25,0,0,0.0
MKT000654,2025-05-04,Push,Новый продукт,Новый,Мобильное устройство,1.76,1,0,0.0
MKT002568,2025-03-05,Медийная реклама,Ретаргетинг,Повторный,Мобильное устройство,8.58,0,0,0.0
MKT009602,2025-04-07,Социальные сети,Новый продукт,Повторный,Мобильное устройство,13.16,0,0,0.0
MKT004215,2025-12-27,Поисковая реклама,Новый продукт,Повторный,Компьютер,18.01,0,0,0.0
MKT002638,2025-04-08,Поисковая реклама,Ретаргетинг,Новый,Компьютер,14.46,0,0,0.0
MKT004307,2025-02-11,Медийная реклама,Новый продукт,Повторный,Компьютер,7.34,0,0,0.0
MKT002295,2025-03-22,Email,Программа лояльности,Лояльный,Мобильное устройство,2.47,0,0,0.0
MKT009094,2025-09-03,Социальные сети,Имиджевая кампания,Новый,Компьютер,11.15,0,0,0.0
MKT008536,2025-09-11,Социальные сети,Новый продукт,Повторный,Компьютер,9.98,0,0,0.0
MKT004130,2025-05-09,Email,Программа лояльности,Повторный,Мобильное устройство,1.83,0,0,0.0
MKT009838,2025-11-23,Push,Имиджевая кампания,Повторный,Компьютер,1.91,0,0,0.0
MKT003917,2025-07-25,Push,Ретаргетинг,Лояльный,Планшет,1.44,0,0,0.0
MKT005424,2025-08-20,Социальные сети,Ретаргетинг,Лояльный,Компьютер,8.8,1,0,0.0
MKT008460,2025-12-18,Email,Новый продукт,Новый,Планшет,1.72,0,0,0.0
MKT007293,2025-11-10,Email,Имиджевая кампания,Лояльный,Мобильное устройство,2.07,0,0,0.0
MKT001526,2025-12-02,Поисковая реклама,Новый продукт,Новый,Компьютер,21.49,0,0,0.0
MKT004566,2025-01-09,Email,Программа лояльности,Новый,Мобильное устройство,2.12,0,0,0.0
MKT001891,2025-01-05,Медийная реклама,Новый продукт,Повторный,Мобильное устройство,7.77,0,0,0.0
MKT002178,2025-09-20,Email,Ретаргетинг,Повторный,Мобильное устройство,2.06,0,0,0.0
MKT008462,2025-11-12,Социальные сети,Новый продукт,Лояльный,Мобильное устройство,10.33,0,0,0.0
MKT004711,2025-12-28,Email,Имиджевая кампания,Повторный,Мобильное устройство,2.0,1,0,0.0
MKT007726,2025-04-14,Социальные сети,Новый продукт,Повторный,Компьютер,9.18,1,0,0.0
MKT006337,2025-06-19,Социальные сети,Ретаргетинг,Повторный,Мобильное устройство,8.84,1,0,0.0
MKT005070,2025-08-14,Email,Новый продукт,Новый,Мобильное устройство,1.57,0,0,0.0
MKT007846,2025-01-25,Push,Программа лояльности,Новый,Мобильное устройство,1.09,0,0,0.0
MKT006350,2025-06-25,Email,Сезонная акция,Повторный,Мобильное устройство,2.5,0,0,0.0
MKT006478,2025-06-12,Email,Сезонная акция,Повторный,Мобильное устройство,2.55,1,0,0.0
MKT001502,2025-09-11,Email,Имиджевая кампания,Повторный,Мобильное устройство,2.51,0,0,0.0
MKT001370,2025-07-27,Email,Имиджевая кампания,Новый,Мобильное устройство,3.32,0,0,0.0
MKT006261,2025-05-09,Социальные сети,Программа лояльности,Лояльный,Мобильное устройство,10.17,0,0,0.0
MKT000476,2025-06-26,Медийная реклама,Имиджевая кампания,Лояльный,Компьютер,5.05,0,0,0.0
MKT003628,2025-02-13,Поисковая реклама,Новый продукт,Повторный,Мобильное устройство,33.67,0,0,0.0
MKT000891,2025-12-28,Социальные сети,Сезонная акция,Повторный,Мобильное устройство,7.8,0,0,0.0
MKT001631,2025-03-12,Социальные сети,Ретаргетинг,Новый,Компьютер,10.38,1,2,0.0
MKT003265,2025-11-22,Социальные сети,Сезонная акция,Новый,Мобильное устройство,6.81,1,0,0.0
MKT006395,2025-02-28,Поисковая реклама,Новый продукт,Лояльный,Компьютер,20.93,0,1,0.0
MKT006351,2025-04-28,Поисковая реклама,Новый продукт,Повторный,Мобильное устройство,19.14,1,0,0.0
MKT004687,2025-06-02,Push,Сезонная акция,Повторный,Компьютер,1.58,0,0,0.0
MKT004532,2025-05-21,Социальные сети,Ретаргетинг,Новый,Мобильное устройство,8.9,0,0,0.0
MKT009219,2025-04-27,Email,Сезонная акция,Новый,Мобильное устройство,3.37,0,0,0.0
MKT007513,31.05.2025,Email,Программа лояльности,Новый,Компьютер,2.21,0,0,0.0
MKT003891,2025-12-11,Поисковая реклама,Сезонная акция,Повторный,мобильное ,25.97,1,0,0.0
MKT009617,2025-09-14,Социальные сети,Новый продукт,Новый,Мобильное устройство,10.06,1,0,0.0
MKT005345,2025-01-09,Медийная реклама,Новый продукт,Повторный,Мобильное устройство,9.12,0,0,0.0
MKT000264,2025-05-30,Медийная реклама,Имиджевая кампания,Лояльный,Мобильное устройство,7.95,0,0,0.0
MKT008464,2025-03-09,Поисковая реклама,Ретаргетинг,Новый,Компьютер,14.44,0,0,0.0
MKT003635,2025-10-23,Поисковая реклама,Сезонная акция,Новый,Мобильное устройство,19.06,0,0,0.0
MKT006009,2025-03-04,Поисковая реклама,Программа лояльности,Лояльный,Мобильное устройство,24.98,0,0,0.0
MKT007466,2025-08-25,Push,Ретаргетинг,Повторный,Мобильное устройство,1.31,0,0,0.0
MKT007416,2025-03-23,Социальные сети,Имиджевая кампания,Повторный,Мобильное устройство,13.02,0,0,0.0
MKT007051,2025-11-20,Социальные сети,Ретаргетинг,Новый,Мобильное устройство,6.52,0,0,0.0
MKT005515,2025-12-30,Email,Сезонная акция,Новый,Компьютер,1.87,0,0,0.0
MKT006913,2025-06-12,Поисковая реклама,Программа лояльности,Новый,Планшет,21.55,0,0,0.0
MKT007454,2025-08-31,Социальные сети,Программа лояльности,Повторный,Мобильное устройство,10.99,0,0,0.0
MKT004283,2025-08-09,Поисковая реклама,Новый продукт,Повторный,Компьютер,21.68,0,0,0.0
MKT006365,2025-10-19,Поисковая реклама,Имиджевая кампания,Новый,Мобильное устройство,13.72,0,0,0.0
MKT003704,2025-06-15,Email,Имиджевая кампания,Лояльный,Мобильное устройство,2.82,1,0,0.0
MKT003451,2025-03-03,Push,Новый продукт,Новый,Компьютер,1.41,0,0,0.0
MKT009651,2025-07-19,Медийная реклама,Новый продукт,Новый,Мобильное устройство,11.85,0,0,0.0
MKT006441,2025-05-23,Медийная реклама,Новый продукт,Повторный,Мобильное устройство,7.16,0,0,0.0
MKT008052,2025-11-24,Медийная реклама,Новый продукт,Лояльный,Мобильное устройство,5.05,0,0,0.0
MKT009535,2025-02-20,Поисковая реклама,Сезонная акция,Лояльный,Мобильное устройство,9.9,0,0,0.0
MKT003820,2025-01-12,Социальные сети,Имиджевая кампания,Повторный,Компьютер,12.53,0,0,0.0
MKT009153,2025-05-15,Социальные сети,Имиджевая кампания,Лояльный,Мобильное устройство,7.86,0,0,0.0
MKT001849,2025-11-01,Социальные сети,Сезонная акция,Новый,Мобильное устройство,11.07,0,0,0.0
MKT008821,2025-07-13,Email,Ретаргетинг,Повторный,Мобильное устройство,1.41,0,0,0.0
MKT006379,2025-03-11,Медийная реклама,Новый продукт,Новый,Компьютер,7.65,0,0,0.0
MKT005125,2025-05-28,Социальные сети,Ретаргетинг,Повторный,Мобильное устройство,5.2,0,0,0.0
MKT003480,2025-01-01,Push,Имиджевая кампания,Повторный,Мобильное устройство,1.81,1,0,0.0
MKT003764,2025-08-10,Email,Новый продукт,Новый,Мобильное устройство,2.52,0,0,0.0
MKT008215,2025-07-18,Поисковая реклама,Сезонная акция,Повторный,Мобильное устройство,24.37,1,1,5313.68
MKT002073,2025-07-17,Социальные сети,Сезонная акция,Лояльный,Мобильное устройство,11.29,1,1,5859.19
MKT006392,2025-02-10,Email,Программа лояльности,Повторный,Мобильное устройство,2.07,0,0,0.0
MKT008312,2025-07-11,Поисковая реклама,Новый продукт,Новый,Мобильное устройство,19.61,0,0,0.0
MKT004085,2025-12-14,Медийная реклама,Сезонная акция,Повторный,Мобильное устройство,5.97,0,0,0.0
MKT007639,2025-12-16,Социальные сети,Сезонная акция,Повторный,Мобильное устройство,8.54,1,0,0.0
MKT004083,2025-05-23,Социальные сети,Имиджевая кампания,Новый,Компьютер,10.38,0,0,0.0
MKT006211,2025-05-15,Социальные сети,Новый продукт,Повторный,Планшет,10.9,0,0,0.0
MKT009650,2025-02-15,Социальные сети,Ретаргетинг,Новый,Компьютер,6.55,0,0,0.0
MKT002582,2025-06-07,Email,Имиджевая кампания,Повторный,Мобильное устройство,2.07,0,0,0.0
MKT009132,2025-10-11,Email,Имиджевая кампания,Повторный,Компьютер,2.26,0,0,0.0
MKT002186,2025-07-23,Push,Ретаргетинг,Лояльный,Мобильное устройство,1.68,0,0,0.0
MKT005032,2025-02-12,Социальные сети,Новый продукт,Повторный,Компьютер,7.84,0,0,0.0
MKT005672,2025-02-19,Медийная реклама,Ретаргетинг,Повторный,Мобильное устройство,3.92,0,0,0.0
MKT001035,2025-10-10,Push,Сезонная акция,Лояльный,Планшет,1.22,0,0,0.0
MKT009457,2025-10-31,Email,Новый продукт,Повторный,Мобильное устройство,2.77,0,0,0.0
MKT002267,2025-07-04,Поисковая реклама,Программа лояльности,Новый,Мобильное устройство,10.29,0,0,0.0
MKT008090,2025-11-01,Email,Имиджевая кампания,Новый,Мобильное устройство,2.53,0,0,0.0
MKT001124,2025-03-16,Поисковая реклама,Ретаргетинг,Повторный,Мобильное устройство,22.16,0,0,0.0
MKT009225,2025-11-17,Push,Имиджевая кампания,Новый,Компьютер,1.42,0,0,0.0
MKT006101,2025-01-13,Социальные сети,Сезонная акция,Новый,Компьютер,10.51,0,0,0.0
MKT000586,2025-06-22,ПОИСКОВАЯ РЕКЛАМА,Ретаргетинг,Новый,Компьютер,12.3,0,0,0.0
MKT000023,2025-03-10,Поисковая реклама,Ретаргетинг,Лояльный,Планшет,21.34,0,0,0.0
MKT009301,2025-11-03,Медийная реклама,Сезонная акция,Новый,Мобильное устройство,4.83,1,0,0.0
MKT004300,2025-12-23,Email,Сезонная акция,Повторный,Мобильное устройство,2.22,0,0,0.0
MKT006742,2025-06-15,Push,Имиджевая кампания,Повторный,Компьютер,1.85,0,0,0.0
MKT007979,2025-08-10,Медийная реклама,Сезонная акция,Лояльный,Планшет,4.26,0,0,0.0
MKT000857,2025-06-25,Медийная реклама,Сезонная акция,Повторный,Компьютер,7.38,0,0,0.0
MKT002181,2025-07-26,Социальные сети,Имиджевая кампания,Повторный,Мобильное устройство,9.08,0,0,0.0
MKT006273,2025-10-10,Поисковая реклама,Имиджевая кампания,Новый,Мобильное устройство,18.57,0,0,0.0
MKT002621,2025-02-13,Email,Сезонная акция,Лояльный,Мобильное устройство,1.84,0,0,0.0
MKT001295,2025-06-28,Поисковая реклама,Ретаргетинг,Новый,Компьютер,15.09,0,0,0.0
MKT007031,2025-08-27,Социальные сети,Сезонная акция,Повторный,Мобильное устройство,12.22,0,0,0.0
MKT003107,2025-06-03,Поисковая реклама,Ретаргетинг,Новый,Мобильное устройство,22.27,0,0,0.0
MKT006153,2025-03-18,Социальные сети,Ретаргетинг,ПОВТОРНЫЙ,Мобильное устройство,9.77,1,0,0.0
MKT004551,2025-05-22,Медийная реклама,Новый продукт,Новый,Мобильное устройство,6.29,0,0,0.0
MKT003292,2025-07-09,Push,Ретаргетинг,Новый,Мобильное устройство,2.52,0,0,0.0
MKT003067,2025-05-03,Email,Сезонная акция,Повторный,Мобильное устройство,2.34,1,1,3980.76
MKT000459,2025-10-04,Email,Программа лояльности,Новый,Компьютер,1.96,0,0,0.0
MKT007262,2025-10-27,Push,Программа лояльности,Лояльный,Мобильное устройство,1.36,0,0,0.0
MKT009652,2025-05-10,Email,Имиджевая кампания,Повторный,Компьютер,2.77,0,0,0.0
MKT003781,2025-07-31,Социальные сети,Ретаргетинг,Повторный,Мобильное устройство,11.52,0,0,0.0
MKT001610,2025-07-05,Email,Имиджевая кампания,Повторный,Мобильное устройство,2.46,0,0,0.0
MKT005302,2025-04-11,Поисковая реклама,Ретаргетинг,Новый,Компьютер,18.47,0,0,0.0
MKT006889,2025-09-13,Push,Сезонная акция,Повторный,Компьютер,1.59,0,0,0.0
MKT000652,2025-09-29,Email,Новый продукт,Повторный,Мобильное устройство,2.68,0,0,0.0
MKT007622,2025-08-23,Email,Программа лояльности,Лояльный,Компьютер,2.69,0,0,0.0
MKT004758,2025-12-28,Поисковая реклама,Ретаргетинг,Новый,Мобильное устройство,31.7,1,1,5193.22
MKT001255,2025-05-12,Поисковая реклама,Сезонная акция,Новый,Компьютер,26.92,0,0,0.0
MKT005040,2025-01-22,соцсети,Программа лояльности,Новый,Мобильное устройство,8.25,0,0,0.0
MKT002877,2025-10-01,Социальные сети,Программа лояльности,Повторный,Мобильное устройство,9.74,0,0,0.0
MKT003344,2025-08-30,Социальные сети,Ретаргетинг,Лояльный,Мобильное устройство,9.39,0,0,0.0
MKT008896,2025-11-25,Push,Сезонная акция,Лояльный,Мобильное устройство,1.54,0,0,0.0
MKT005732,2025-01-21,Поисковая реклама,Новый продукт,Новый,Компьютер,17.51,0,0,0.0
MKT005870,2025-08-19,Поисковая реклама,Программа лояльности,Повторный,Мобильное устройство,13.07,0,0,0.0
MKT002979,2025-06-09,Email,Программа лояльности,Новый,Мобильное устройство,1.95,0,0,0.0
MKT003551,2025-12-12,Поисковая реклама,Новый продукт,Повторный,Мобильное устройство,22.04,0,0,0.0
MKT008522,2025-06-22,Email,Ретаргетинг,Новый,Компьютер,2.14,0,0,0.0
MKT005084,2025-11-08,Социальные сети,Программа лояльности,Лояльный,Компьютер,6.25,0,0,0.0
MKT004259,2025-01-23,Социальные сети,Новый продукт,Новый,Мобильное устройство,10.65,0,0,0.0
MKT001579,2025-09-11,Push,Сезонная акция,Новый,Мобильное устройство,2.03,1,0,6877.0
MKT002173,2025-08-25,Email,Имиджевая кампания,Новый,Планшет,1.93,0,0,0.0
MKT004518,2025-07-01,Социальные сети,Имиджевая кампания,Лояльный,Компьютер,11.14,1,1,2587.62
MKT006262,2025-12-28,Email,Ретаргетинг,Новый,Мобильное устройство,1.99,0,0,0.0
MKT007299,2025-10-09,Поисковая реклама,Новый продукт,Новый,Мобильное устройство,25.46,0,0,0.0
MKT006046,2025-06-30, email ,Новый продукт,Новый,Компьютер,1.42,0,0,0.0
MKT006858,2025-04-02,Поисковая реклама,Ретаргетинг,Повторный,Мобильное устройство,11.78,0,0,0.0
MKT009326,2025-04-27,Email,Ретаргетинг,Лояльный,Мобильное устройство,2.87,0,0,0.0
MKT003062,2025-12-12,Email,Программа лояльности,Новый,Компьютер,3.63,0,0,0.0
MKT009853,2025-01-23,Push,Ретаргетинг,Повторный,Мобильное устройство,1.57,0,0,0.0
MKT007371,2025-05-24,Поисковая реклама,Имиджевая кампания,Лояльный,Компьютер,32.37,0,0,0.0
MKT003269,2025-06-07,Email,Новый продукт,Повторный,Мобильное устройство,2.53,0,0,0.0
MKT008407,2025-07-23,Социальные сети,Имиджевая кампания,Лояльный,Компьютер,10.48,0,0,0.0
MKT009270,10.04.2025,Поисковая реклама,Имиджевая кампания,Повторный,Мобильное устройство,15.55,0,0,0.0
MKT000097,2025-10-09,Социальные сети,Имиджевая кампания,Лояльный,Мобильное устройство,10.05,0,0,0.0
MKT007227,2025-10-27,Медийная реклама,Имиджевая кампания,Лояльный,Компьютер,7.2,0,0,0.0
MKT000244,2025-10-11,Email,Сезонная акция,Повторный,Мобильное устройство,1.99,0,0,0.0
MKT004524,2025-07-09,Push,Ретаргетинг,Лояльный,Мобильное устройство,1.91,0,0,0.0
MKT003688,2025-01-14,Push,Программа лояльности,Лояльный,Компьютер,1.31,0,0,0.0
MKT008521,2025-09-07,Медийная реклама,Программа лояльности,Новый,Мобильное устройство,5.7,0,0,0.0
MKT005052,2025-06-01,Социальные сети,Новый продукт,Новый,Мобильное устройство,10.02,0,0,0.0
MKT003013,2025-12-23,Поисковая реклама,Программа лояльности,Новый,Компьютер,12.3,0,0,0.0
MKT007018,2025-03-26,Push,Новый продукт,Повторный,Компьютер,2.53,0,0,0.0
MKT009546,2025-03-23,Email,Имиджевая кампания,Повторный,Мобильное устройство,3.09,0,0,0.0
MKT001626,2025-01-07,Email,Новый продукт,Новый,Мобильное устройство,2.75,0,0,0.0
MKT000817,2025-04-26,Социальные сети,Сезонная акция,Новый,Компьютер,11.61,0,0,0.0
MKT004171,2025-03-26,Медийная реклама,Программа лояльности,Повторный,Мобильное устройство,2.67,0,0,0.0
MKT008165,2025-06-12,Push,Сезонная акция,Новый,Компьютер,1.63,0,0,0.0
MKT007484,2025-12-15,Email,Имиджевая кампания,Лояльный,Мобильное устройство,2.11,0,0,0.0
MKT002061,2025-11-28,Медийная реклама,Программа лояльности,Лояльный,Мобильное устройство,5.61,0,0,0.0
MKT001160,2025-04-10,Социальные сети,Ретаргетинг,Лояльный,Компьютер,10.58,1,0,0.0
MKT007489,2025-05-07,Медийная реклама,Программа лояльности,Новый,Мобильное устройство,3.48,0,0,0.0
MKT003926,2025-09-12,Медийная реклама,Новый продукт,Повторный,Мобильное устройство,5.46,0,0,0.0
MKT000716,2025-10-17,Email,Программа лояльности,Повторный,Мобильное устройство,1.26,0,0,0.0
MKT000392,2025-08-13,Медийная реклама,Сезонная акция,Повторный,Мобильное устройство,6.07,0,0,0.0
MKT005656,2025-07-27,Медийная реклама,Программа лояльности,Новый,Мобильное устройство,4.73,1,0,0.0
MKT006526,2025-11-29,Email,Сезонная акция,Новый,Компьютер,1.82,0,0,0.0
MKT003251,2025-02-20,Push,Ретаргетинг,Повторный,Мобильное устройство,,0,0,0.0
MKT006251,2025-08-21,Поисковая реклама,Имиджевая кампания,Лояльный,Компьютер,17.76,1,0,0.0
MKT006502,2025-04-06,Поисковая реклама,Новый продукт,Повторный,Компьютер,25.9,0,0,0.0
MKT003829,2025-01-23,Email,Программа лояльности,Повторный,Компьютер,1.7,0,0,0.0
MKT009963,2025-05-01,Поисковая реклама,Сезонная акция,Лояльный,Планшет,23.41,0,0,0.0
MKT003984,2025-03-20,Социальные сети,Сезонная акция,Новый,Мобильное устройство,11.41,0,0,0.0
MKT002086,2025-01-07,Медийная реклама,Программа лояльности,Новый,Компьютер,5.62,0,0,0.0
MKT006250,2025-09-05,Медийная реклама,Сезонная акция,Повторный,Мобильное устройство,6.39,0,0,0.0
MKT009795,2025-08-12,Push,Ретаргетинг,Повторный,Мобильное устройство,1.68,0,0,0.0
MKT000680,2025-02-09,Медийная реклама,Сезонная акция,Лояльный,Компьютер,6.17,1,0,0.0
MKT008444,2025-12-11,Поисковая реклама,Новый продукт,Лояльный,Мобильное устройство,18.9,0,0,0.0
MKT009489,2025-01-20,,Программа лояльности,Повторный,Мобильное устройство,8.95,0,0,0.0
MKT001894,2025-06-24,Социальные сети,Новый продукт,Повторный,Мобильное устройство,9.39,0,0,0.0
MKT008566,2025-11-01,Социальные сети,ретаргетинг ,Новый,Мобильное устройство,8.15,0,0,0.0
MKT008752,2025-08-19,Медийная реклама,Новый продукт,Повторный,Компьютер,6.45,0,0,0.0
MKT001388,2025-03-16,Email,Сезонная акция,Лояльный,Мобильное устройство,2.1,0,0,0.0
MKT009714,2025-06-23,Социальные сети,Имиджевая кампания,Повторный,Мобильное устройство,13.22,0,0,0.0
MKT002658,2025-03-18,Социальные сети,Новый продукт,Лояльный,Мобильное устройство,16.04,1,0,0.0
MKT001805,2025-05-06,Социальные сети,Программа лояльности,Лояльный,Компьютер,8.52,1,0,0.0
MKT006543,2025-01-18,Поисковая реклама,Имиджевая кампания,Лояльный,Компьютер,17.17,0,0,0.0
MKT005959,2025-12-14,Медийная реклама,Программа лояльности,Повторный,Компьютер,4.43,1,1,5144.88
MKT004072,2025-03-14,Email,Сезонная акция,Повторный,Мобильное устройство,2.45,0,0,0.0
MKT004903,2025-03-01,Социальные сети,Ретаргетинг,Повторный,Мобильное устройство,9.97,0,0,0.0
MKT000504,2025-01-18,Социальные сети,Новый продукт,Новый,Компьютер,13.62,0,0,0.0
MKT004749,2025-10-30,Email,Ретаргетинг,Новый,Компьютер,2.06,0,0,0.0
MKT003299,2025-06-17,Социальные сети,Программа лояльности,Новый,Мобильное устройство,7.34,0,0,0.0
MKT000517,2025-12-18,Поисковая реклама,Ретаргетинг,Новый,Мобильное устройство,20.5,1,1,4454.03
MKT003011,2025-11-16,Поисковая реклама,Имиджевая кампания,Повторный,Компьютер,18.35,0,0,0.0
MKT004475,2025-12-24,Социальные сети,Сезонная акция,Лояльный,Мобильное устройство,10.44,0,0,0.0
MKT004195,2025-10-23,Поисковая реклама,Сезонная акция,Новый,Мобильное устройство,24.18,0,0,0.0
MKT003445,2025-11-07,Социальные сети,Ретаргетинг,Повторный,Мобильное устройство,6.81,0,0,0.0
MKT001943,2025-10-23,Медийная реклама,Имиджевая кампания,Повторный,Компьютер,5.24,0,0,5992.0
MKT004297,2025-09-25,Поисковая реклама,Ретаргетинг,Новый,Компьютер,19.31,1,0,0.0
MKT001748,2025-11-30,Push,Имиджевая кампания,Повторный,Мобильное устройство,1.84,0,0,0.0
MKT008794,2025-11-29,Социальные сети,Ретаргетинг,Лояльный,Планшет,9.83,1,0,0.0
MKT008430,2025-02-23,Социальные сети,Новый продукт,Новый,Мобильное устройство,11.09,0,0,0.0
MKT005856,2025-10-21,Email,Программа лояльности,Повторный,Мобильное устройство,1.6,0,0,0.0
MKT008149,2025-01-03,Медийная реклама,Сезонная акция, лояльный,Компьютер,7.19,0,0,0.0
MKT009592,2025-05-22,Социальные сети,Ретаргетинг,Новый,Мобильное устройство,13.82,0,0,0.0
MKT000072,2025-03-18,Поисковая реклама,Сезонная акция,Лояльный,Планшет,13.79,0,0,0.0
MKT008098,2025-05-27,Push,Сезонная акция,Новый,Мобильное устройство,1.22,0,0,0.0
MKT004188,2025-09-08,Email,Сезонная акция,Лояльный,Компьютер,2.29,0,0,0.0
MKT007961,2025-08-29,Социальные сети,Сезонная акция,Новый,Мобильное устройство,7.0,1,0,0.0
MKT008818,2025-08-27,Push,Сезонная акция,Повторный,Мобильное устройство,1.88,0,0,0.0
MKT005062,02.01.2025,Медийная реклама,Сезонная акция,Новый,Мобильное устройство,5.59,0,0,0.0
MKT001639,2025-10-15,Медийная реклама,Программа лояльности,Новый,Компьютер,4.77,0,0,0.0
MKT005381,2025-06-18,Поисковая реклама,Новый продукт,Новый,Мобильное устройство,28.84,0,0,0.0
MKT008299,2025-04-29,Социальные сети,Ретаргетинг,Повторный,Планшет,8.61,0,0,0.0
MKT005090,2025-06-25,Email,Имиджевая кампания,Повторный,Компьютер,1.87,0,0,0.0
MKT005072,2025-10-20,Push,Программа лояльности,Новый,Компьютер,1.0,0,0,0.0
MKT004386,2025-02-05,Поисковая реклама,Программа лояльности,Повторный,Мобильное устройство,13.74,0,0,0.0
MKT007306,2025-06-25,Социальные сети,Сезонная акция,Лояльный,Мобильное устройство,,0,0,
MKT001131,2025-10-21,Поисковая реклама,Сезонная акция,Повторный,Мобильное устройство,23.96,0,0,0.0
MKT007850,2025-08-29,Push,Ретаргетинг,Лояльный,Компьютер,1.46,1,0,0.0
MKT004460,2025-06-18,,Ретаргетинг,Повторный,Компьютер,17.84,0,0,0.0
MKT009322,2025-09-16,Email,Ретаргетинг,Новый,Мобильное устройство,2.78,0,0,0.0
MKT002706,2025-02-18,Поисковая реклама,Программа лояльности,Повторный,Мобильное устройство,16.22,0,0,0.0
MKT003447,2025-07-19,Push,Программа лояльности,Повторный,Мобильное устройство,1.46,0,0,0.0
MKT009186,2025-04-19,Социальные сети,Новый продукт,Новый,Мобильное устройство,12.56,0,0,0.0
MKT006599,2025-12-23,Социальные сети,Сезонная акция,Новый,Мобильное устройство,12.33,0,0,0.0
MKT000622,2025-06-07,Push,Программа лояльности,Лояльный,Мобильное устройство,1.15,0,0,0.0
MKT008724,2025-04-01,Push,Ретаргетинг,Новый,Компьютер,1.04,0,0,0.0
MKT009147,2025-05-15,Медийная реклама,Ретаргетинг,Повторный,Компьютер,6.05,0,0,0.0
MKT002981,2025-05-19,Email,Имиджевая кампания,Повторный,Мобильное устройство,2.82,0,0,0.0
MKT004087,2025-01-11,Email,Ретаргетинг,Лояльный,Компьютер,1.84,0,0,0.0
MKT007151,2025-06-03,Email,Ретаргетинг,Повторный,Мобильное устройство,2.4,0,0,0.0
MKT007960,2025-07-29,Email,Сезонная акция,Лояльный,Планшет,3.97,1,0,0.0
MKT009574,2025-03-18,Социальные сети,Имиджевая кампания,Новый,Компьютер,10.57,0,0,0.0
MKT004702,2025-01-14,Поисковая реклама,Программа лояльности,Лояльный,Мобильное устройство,21.04,1,0,0.0
MKT001713,2025-05-29,Социальные сети,Новый продукт,Лояльный,Мобильное устройство,9.26,0,0,0.0
MKT005356,2025-12-26,Социальные сети,Программа лояльности,Новый,Мобильное устройство,5.52,1,0,0.0
MKT002021,2025-06-05,Поисковая реклама,Имиджевая кампания,Новый,Компьютер,28.34,1,0,0.0
MKT002102,2025-11-05,Социальные сети,Сезонная акция,Новый,Мобильное устройство,10.92,0,0,0.0
MKT006233,2025-07-07,Push,Имиджевая кампания,Повторный,Мобильное устройство,1.08,0,0,0.0
MKT007787,2025-12-29,Поисковая реклама,Новый продукт,Повторный,Мобильное устройство,23.22,0,0,0.0
MKT001627,2025-03-07,Поисковая реклама,Ретаргетинг,Повторный,Компьютер,17.07,0,0,0.0
MKT002817,2025-01-31,Email,Имиджевая кампания,Новый,Мобильное устройство,2.11,0,0,0.0
MKT006419,2025-09-22,Push,Ретаргетинг,Лояльный,Мобильное устройство,1.3,1,0,0.0
MKT001404,2025-12-01,Push,Имиджевая кампания,Новый,Компьютер,1.52,0,0,0.0
MKT000998,2025-02-18,Медийная реклама,Программа лояльности,Повторный,Планшет,4.31,0,0,0.0
MKT000434,2025-02-16,Поисковая реклама,Новый продукт,Лояльный,Планшет,17.81,0,0,0.0
MKT008382,2025-12-25,Поисковая реклама,Ретаргетинг,Новый,Мобильное устройство,24.01,1,0,0.0
MKT000537,2025-06-15,Социальные сети,Сезонная акция,Новый,Компьютер,12.16,0,0,0.0
MKT000875,2025-03-03,Социальные сети,Новый продукт,Повторный,Мобильное устройство,9.48,0,0,0.0
MKT009026,2025-09-29,Медийная реклама,Сезонная акция,Новый,Мобильное устройство,7.96,1,0,0.0
MKT001446,2025-05-19,Социальные сети,Программа лояльности,Лояльный,Компьютер,6.01,0,0,0.0
MKT001326,2025-12-15,Медийная реклама,Программа лояльности,Лояльный,Мобильное устройство,5.56,0,0,0.0
MKT003122,2025-06-05,Push,Имиджевая кампания,Повторный,Мобильное устройство,1.27,0,0,0.0
MKT009604,2025-12-30,Поисковая реклама,Новый продукт,Новый,Мобильное устройство,19.52,0,0,0.0
MKT004564,2025-12-23,Социальные сети,Ретаргетинг,Повторный,Мобильное устройство,10.56,0,0,0.0
MKT009470,2025-09-02, email ,Сезонная акция,Новый,Мобильное устройство,3.29,0,0,0.0
MKT005341,2025-09-26,Социальные сети,Ретаргетинг,Новый,Мобильное устройство,9.19,0,0,0.0
MKT000569,2025-05-13,Поисковая реклама,Сезонная акция,Повторный,Мобильное устройство,17.44,0,0,0.0
MKT007604,2025-09-14,Push,Ретаргетинг,Новый,Мобильное устройство,1.51,0,0,0.0
MKT006873,2025-09-13,Поисковая реклама,Программа лояльности,Повторный,Компьютер,12.87,0,0,0.0
MKT008277,2025-06-22,Поисковая реклама,Сезонная акция,Повторный,Мобильное устройство,24.96,0,0,0.0
MKT009228,2025-03-17,Социальные сети,Ретаргетинг,Лояльный,Компьютер,9.25,1,1,3691.2
MKT000131,2025-03-16,Медийная реклама,Новый продукт,Лояльный,Мобильное устройство,6.78,0,0,0.0
MKT009866,2025-05-24,Push,Новый продукт,Новый,Мобильное устройство,1.84,0,0,0.0
MKT008524,2025-11-29,Email,Программа лояльности,ПОВТОРНЫЙ,Компьютер,2.21,0,0,0.0
MKT000227,2025-12-12,Социальные сети,Ретаргетинг,Новый,Компьютер,8.61,0,0,0.0
MKT009349,2025-08-17,Email,Новый продукт,Повторный,Мобильное устройство,2.66,0,0,0.0
MKT002620,2025-04-24,Поисковая реклама,Ретаргетинг,Повторный,Планшет,21.88,0,0,0.0
MKT005971,2025-06-10,Email,Программа лояльности,Новый,Компьютер,2.08,0,0,0.0
MKT008485,2025-04-22,Поисковая реклама,Имиджевая кампания,Повторный,Компьютер,17.48,0,0,0.0
MKT006243,2025-09-29,Email,Программа лояльности,Повторный,Мобильное устройство,2.01,0,0,0.0
MKT005357,2025-02-18,Push,Имиджевая кампания,Лояльный,Мобильное устройство,1.57,0,0,0.0
MKT002689,2025-09-05,Email,Программа лояльности,Повторный,Мобильное устройство,2.42,0,0,0.0
MKT000805,2025-07-06,Социальные сети,Имиджевая кампания,Лояльный,Мобильное устройство,8.71,0,0,0.0
MKT002203,2025-11-19,Медийная реклама,Программа лояльности,Повторный,Планшет,7.26,0,0,0.0
MKT003976,2025-03-03,Push,Ретаргетинг,Лояльный,Мобильное устройство,1.94,0,0,0.0
MKT006847,2025-11-27,Социальные сети,Программа лояльности,Новый,Планшет,8.91,1,0,0.0
MKT003583,2025-02-28,Социальные сети,Программа лояльности,Новый,Компьютер,10.6,0,0,0.0
MKT001290,2025-07-29,Медийная реклама,Ретаргетинг,Лояльный,Мобильное устройство,5.12,0,0,0.0
MKT005462,2025-06-11,Поисковая реклама,Новый продукт,Новый,Мобильное устройство,25.24,0,0,0.0
MKT006420,21.11.2025,Поисковая реклама,Сезонная акция,Новый,Компьютер,15.54,0,0,0.0
MKT009555,2025-09-22,Социальные сети,Ретаргетинг,Новый,Компьютер,9.58,0,0,0.0
MKT007923,2025-06-21,Email,Программа лояльности,Лояльный,Мобильное устройство,2.51,0,0,0.0
MKT009776,2025-02-10,Социальные сети,Программа лояльности,Повторный,Мобильное устройство,8.36,0,0,0.0
MKT003660,2025-11-02,Email,Ретаргетинг,Лояльный,Мобильное устройство,2.12,0,0,0.0
MKT005958,2025-04-08,Push,Ретаргетинг,Новый,Мобильное устройство,1.06,0,0,0.0
MKT001825,2025-12-15,Email,Новый продукт,Новый,Мобильное устройство,2.88,0,0,0.0
MKT000593,2025-04-22,Социальные сети,Программа лояльности,Лояльный,Мобильное устройство,5.72,0,0,0.0
MKT007207,2025-03-23,Email,Ретаргетинг,Повторный,Мобильное устройство,1.71,0,0,0.0
MKT008570,2025-07-10,Социальные сети,Ретаргетинг,Повторный,Компьютер,10.94,0,0,0.0
MKT009881,2025-02-14,Медийная реклама,Новый продукт,Лояльный,Компьютер,9.05,0,0,0.0
MKT001533,2025-06-06,Социальные сети,Ретаргетинг,Новый,Мобильное устройство,6.85,0,0,0.0
MKT006932,31.07.2025,Email,Новый продукт,Повторный,Мобильное устройство,1.75,0,0,0.0
MKT006947,2025-11-09,Push,Сезонная акция,Новый,Мобильное устройство,1.69,0,0,0.0
MKT005200,2025-04-15,Email,Сезонная акция,Лояльный,Компьютер,1.85,0,0,0.0
MKT002382,2025-01-07,Социальные сети,Имиджевая кампания,Повторный,Мобильное устройство,15.31,0,0,0.0
MKT004761,2025-05-21,Email,Программа лояльности,Новый,Мобильное устройство,2.43,0,0,0.0
MKT006004,2025-05-09,Медийная реклама,Ретаргетинг,Повторный,Компьютер,9.73,0,0,0.0
MKT007229,2025-03-16,Медийная реклама,Новый продукт,Новый,Мобильное устройство,7.66,0,0,0.0
MKT002255,2025-11-20,Социальные сети,Программа лояльности,Лояльный,Компьютер,11.39,0,0,0.0
MKT009288,2025-05-29,Поисковая реклама,Сезонная акция,Повторный,Компьютер,21.3,0,0,0.0
MKT000323,2025-04-21,Email,Ретаргетинг,Повторный,Мобильное устройство,1.49,1,0,0.0
MKT000431,2025-05-07,Push,Программа лояльности,Новый,Компьютер,1.43,1,0,0.0
MKT001958,2025-03-05,Поисковая реклама,Ретаргетинг,Повторный,Компьютер,18.54,1,0,0.0
MKT000076,2025-05-15,Email,Новый продукт,ПОВТОРНЫЙ,Планшет,2.41,0,0,0.0
MKT004883,2025-09-20,Email,Имиджевая кампания,Новый,Мобильное устройство,2.54,0,0,0.0
MKT002654,2025-12-16,Социальные сети,Сезонная акция,Повторный,Мобильное устройство,14.22,0,0,0.0
MKT006134,2025-11-27,Email,Сезонная акция,Лояльный,Компьютер,2.15,0,0,0.0
MKT001941,2025-02-27,Email,Сезонная акция,Повторный,Компьютер,2.91,1,0,0.0
MKT002760,2025-01-26,Медийная реклама,Имиджевая кампания,Повторный,Мобильное устройство,3.62,0,0,0.0
MKT009799,2025-11-11,Поисковая реклама,Ретаргетинг,Лояльный,Мобильное устройство,19.01,0,0,0.0
MKT000035,2025-10-03,Социальные сети,Имиджевая кампания,Лояльный,Компьютер,11.22,1,0,0.0
MKT006164,2025-03-09,Социальные сети,Программа лояльности,Повторный,Компьютер,9.41,0,0,0.0
MKT005899,2025-06-28,Push,Новый продукт,Повторный,Мобильное устройство,1.9,0,0,0.0
MKT005478,2025-10-03,Email,Имиджевая кампания,Новый,Мобильное устройство,,0,0,0.0
MKT002601,2025-09-01,Социальные сети,Имиджевая кампания,Повторный,Компьютер,10.68,0,0,0.0
MKT002318,2025-11-30,Email,Имиджевая кампания,Повторный,Мобильное устройство,1.76,0,0,0.0
MKT000718,2025-07-04,Медийная реклама,Новый продукт,Повторный,Компьютер,7.87,0,0,0.0
MKT005537,2025-10-10,Push,Программа лояльности,Лояльный,Мобильное устройство,1.16,0,0,0.0
MKT009952,2025-12-03,Email,Сезонная акция,Новый,Мобильное устройство,2.18,0,0,0.0
MKT004178,2025-02-14,Социальные сети,Ретаргетинг,Повторный,Мобильное устройство,8.95,0,0,0.0
MKT003849,2025-09-13,Поисковая реклама,Сезонная акция,Новый,Мобильное устройство,22.09,0,0,0.0
MKT004441,2025-07-14,Социальные сети,Ретаргетинг,Повторный,Компьютер,10.54,0,0,0.0
MKT004741,2025-09-29,Социальные сети,Ретаргетинг,Повторный,Мобильное устройство,9.17,0,0,0.0
MKT006789,23.06.2025,Push,Новый продукт,Новый,Мобильное устройство,1.55,0,0,0.0
MKT002220,2025-01-16,Медийная реклама,Сезонная акция,Лояльный,Мобильное устройство,5.58,0,0,0.0
MKT002976,2025-11-04,Медийная реклама,Сезонная акция,Новый,Мобильное устройство,6.31,0,0,0.0
MKT007618,2025-09-10,Поисковая реклама,Программа лояльности,Новый,Мобильное устройство,20.95,0,0,0.0
MKT004799,04.11.2025,Email,Сезонная акция,Повторный,Мобильное устройство,2.13,0,0,0.0
MKT004726,2025-01-18,Push,Ретаргетинг,Повторный,Мобильное устройство,1.6,0,0,0.0
MKT006018,2025-10-22,Поисковая реклама,Новый продукт,Повторный,Компьютер,23.49,0,0,0.0
MKT001062,2025-02-26,Email,Ретаргетинг,Повторный,Компьютер,1.71,0,0,0.0
MKT006284,2025-05-02,Социальные сети,Сезонная акция,Новый,Мобильное устройство,10.48,0,0,0.0
MKT001714,2025-01-25,Email,Имиджевая кампания,Повторный,Планшет,3.99,0,0,0.0
MKT001872,2025-01-11,,Новый продукт,Лояльный,Компьютер,2.89,0,0,0.0
MKT004951,2025-10-02,Email,Сезонная акция,Повторный,Планшет,1.57,0,0,0.0
MKT003815,2025-12-23,Email,Сезонная акция,Повторный,Мобильное устройство,2.3,0,0,0.0
MKT008643,2025-08-29,Медийная реклама,Ретаргетинг,Лояльный,Планшет,7.52,0,0,0.0
MKT002696,2025-07-23,Email,Ретаргетинг,Новый,Мобильное устройство,1.99,0,0,0.0
MKT008730,2025-03-02,Email,Сезонная акция,Лояльный,Компьютер,1.89,0,0,0.0
MKT001059,2025-06-24,Email,Ретаргетинг,Повторный,Компьютер,2.23,0,0,0.0
MKT006647,02.04.2025,Социальные сети,Новый продукт,Новый,КОМПЬЮТЕР,16.6,0,0,0.0
MKT001767,2025-05-29,Социальные сети,Ретаргетинг,Новый,Компьютер,8.9,0,0,0.0
MKT002815,2025-11-22,Медийная реклама,Имиджевая кампания,Новый,Мобильное устройство,4.23,0,0,0.0
MKT009415,2025-06-23,Push,Имиджевая кампания,Повторный,Мобильное устройство,2.05,0,0,0.0
MKT002939,2025-06-21,Email,Имиджевая кампания,Новый,Мобильное устройство,1.96,0,0,0.0
MKT007616,2025-02-22,Медийная реклама,Ретаргетинг,Повторный,Мобильное устройство,4.86,0,0,0.0
MKT006996,2025-01-26,Социальные сети,Программа лояльности,Повторный,Компьютер,11.13,0,0,0.0
MKT009011,2025-09-02,Email,Ретаргетинг,Лояльный,Мобильное устройство,2.26,0,0,0.0
MKT007650,2025-03-08,Email,Ретаргетинг,Новый,Мобильное устройство,2.69,0,0,0.0
MKT006141,2025-08-20,Email,Ретаргетинг,Новый,Мобильное устройство,2.04,1,0,0.0
MKT001176,2025-10-29,Поисковая реклама,Новый продукт,Повторный,Мобильное устройство,20.38,1,0,0.0
MKT004636,2025-10-26,Push,Сезонная акция,Повторный,Планшет,1.82,0,0,0.0
MKT005253,2025-08-06,Email,Сезонная акция,Новый,Компьютер,2.86,0,0,0.0
MKT006479,2025-11-03,Поисковая реклама,Ретаргетинг,Новый,Компьютер,21.9,1,1,4994.21
MKT004051,2025-01-13,Медийная реклама,Сезонная акция,Лояльный,Мобильное устройство,4.42,0,0,0.0
MKT005962,2025-12-17,Социальные сети,Ретаргетинг,Новый,Мобильное устройство,5.87,0,0,0.0
MKT003758,2025-08-21,Социальные сети,Программа лояльности,Лояльный,Компьютер,7.71,0,2,0.0
MKT003278,2025-09-22,Социальные сети,Сезонная акция,Новый,Мобильное устройство,10.37,0,0,0.0
MKT001071,2025-01-04,Email,Сезонная акция,Новый,Компьютер,1.87,0,0,0.0
MKT005162,2025-06-15,Email,Новый продукт,Повторный,Мобильное устройство,2.26,0,0,0.0
MKT000832,2025-07-20,Поисковая реклама,Программа лояльности,Повторный,Компьютер,18.06,1,0,0.0
MKT008543,2025-12-18,Медийная реклама,Ретаргетинг,Новый,Мобильное устройство,6.19,0,0,0.0
MKT005516,2025-10-22,Социальные сети,Имиджевая кампания,Повторный,Мобильное устройство,12.37,0,0,0.0
MKT005779,2025-09-18,Социальные сети,Новый продукт,Новый,Компьютер,11.93,0,0,0.0
MKT000152,2025-09-24,Email,Ретаргетинг,Повторный,Компьютер,1.94,0,0,0.0
MKT000176,2025-12-27,Email,Ретаргетинг,Повторный,Планшет,2.06,0,0,0.0
MKT007155,2025-09-14,Поисковая реклама,Ретаргетинг,Новый,Мобильное устройство,17.63,0,0,0.0
MKT004419,2025-09-24,Социальные сети,Сезонная акция,Повторный,Планшет,9.24,0,0,0.0
MKT001645,2025-03-25,Push,Ретаргетинг,Лояльный,Мобильное устройство,1.49,0,0,0.0
MKT006985,2025-11-22,Email,Имиджевая кампания,Лояльный,Планшет,2.21,0,0,0.0
MKT008608,2025-03-15,Медийная реклама,Имиджевая кампания,Лояльный,Компьютер,5.44,1,0,0.0
MKT004175,2025-06-25,Медийная реклама,Ретаргетинг,Повторный,Компьютер,8.14,0,0,0.0
MKT001286,2025-10-07,Email,Программа лояльности,Лояльный,Мобильное устройство,1.87,0,0,0.0
MKT003946,2025-11-16,Email,Новый продукт,Лояльный,Мобильное устройство,2.06,0,0,0.0
MKT005226,2025-10-25,Медийная реклама,Программа лояльности,Повторный,Мобильное устройство,6.51,0,-1,0.0
MKT006089,2025-07-28,Email,Программа лояльности,Лояльный,Компьютер,1.71,0,0,0.0
MKT008747,2025-08-19,Push,Новый продукт,Повторный,Мобильное устройство,1.63,0,0,0.0
MKT007340,2025-07-18,Поисковая реклама,Сезонная акция,Повторный,Мобильное устройство,24.59,1,1,4497.79
MKT003722,2025-03-18,Социальные сети,Ретаргетинг,Повторный,Мобильное устройство,6.39,0,0,0.0
MKT006541,2025-03-09,Медийная реклама,Программа лояльности,Повторный,Компьютер,5.2,0,0,0.0
MKT008119,2025-09-23,Email,Сезонная акция,Повторный,Мобильное устройство,2.75,1,1,4201.04
MKT008400,2025-07-10,Поисковая реклама,Имиджевая кампания,Новый,Компьютер,15.99,1,0,0.0
MKT003903,2025-07-07,Социальные сети,Ретаргетинг,Новый,Мобильное устройство,8.08,1,0,0.0
MKT002296,2025-11-08,Социальные сети,Ретаргетинг,Новый,Компьютер,7.62,0,0,0.0
MKT001929,2025-02-02,Поисковая реклама,Новый продукт,Повторный,Компьютер,30.43,0,0,0.0
MKT002961,2025-10-21,Социальные сети,Программа лояльности,Лояльный,Мобильное устройство,9.13,0,0,0.0
MKT008593,2025-05-26,Поисковая реклама,Программа лояльности,Повторный,Мобильное устройство,15.13,0,0,0.0
MKT000524,2025-01-09,Медийная реклама,Сезонная акция,Новый,Компьютер,6.08,0,0,0.0
MKT000572,2025-08-13,Медийная реклама,Ретаргетинг,Повторный,Компьютер,8.24,0,0,0.0
MKT004833,2025-09-08,Медийная реклама,Ретаргетинг,Новый,Мобильное устройство,6.11,0,0,0.0
MKT008378,2025-11-22,Медийная реклама,Сезонная акция,Новый,Компьютер,7.26,0,0,0.0
MKT004493,2025-05-07,Поисковая реклама,Программа лояльности,Новый,Мобильное устройство,11.08,0,0,0.0
MKT008087,2025-03-06,Поисковая реклама,Программа лояльности,Повторный,Мобильное устройство,14.21,0,0,0.0
MKT009564,2025-08-21,Социальные сети,Сезонная акция,Повторный,Мобильное устройство,9.82,1,0,0.0
MKT000145,2025-11-20,Push,Программа лояльности,Повторный,Мобильное устройство,1.14,0,0,0.0
MKT006171,2025-03-23,Push,Новый продукт,Новый,Мобильное устройство,2.05,0,0,0.0
MKT004896,2025-04-08,Push,Ретаргетинг,Новый,Компьютер,1.43,0,0,0.0
MKT005686,2025-03-29,Социальные сети,Имиджевая кампания,Повторный,Мобильное устройство,9.04,0,0,0.0
MKT003716,2025-09-16,Поисковая реклама,Сезонная акция,Лояльный,Мобильное устройство,17.9,1,0,0.0
MKT001118,2025-11-14,Email,Ретаргетинг,Повторный,Компьютер,1.48,0,0,0.0
MKT000085,2025-03-04,Поисковая реклама,Ретаргетинг,Повторный,Компьютер,14.39,0,0,0.0
MKT003424,2025-11-29,Email,Имиджевая кампания,Повторный,Мобильное устройство,2.29,0,0,0.0
MKT003005,2025-12-26,Поисковая реклама,Ретаргетинг,Новый,Мобильное устройство,18.46,0,0,0.0
MKT000105,2025-06-06,Push,Программа лояльности,Новый,Компьютер,1.79,0,0,0.0
MKT008527,2025-06-13,Поисковая реклама,Новый продукт,Новый,Компьютер,27.06,0,0,0.0
MKT009898,2025-10-05,Поисковая реклама,Программа лояльности,Лояльный,Мобильное устройство,18.53,0,0,0.0
MKT000511,2025-06-21,соцсети,Новый продукт,Повторный,Компьютер,13.34,0,0,0.0
MKT007696,2025-06-01,Email,Имиджевая кампания,Новый,Компьютер,1.94,0,0,0.0
MKT003169,2025-01-01,Поисковая реклама,Ретаргетинг,Лояльный,Мобильное устройство,14.18,1,1,1962.31
MKT008529,2025-12-10,Медийная реклама,Сезонная акция,Повторный,Компьютер,8.58,0,0,0.0
MKT001642,2025-08-13,Поисковая реклама,Сезонная акция,Новый,Компьютер,15.6,0,0,0.0
MKT009453,2025-10-21,Email,Программа лояльности,Повторный,Планшет,1.72,0,0,0.0
MKT004089,2025-04-03,Социальные сети,Имиджевая кампания,Повторный,Мобильное устройство,13.3,1,0,0.0
MKT008950,2025-06-08,Социальные сети,Ретаргетинг,Повторный,Компьютер,10.31,0,0,0.0
MKT006396,2025-01-16,Социальные сети,Ретаргетинг,Повторный,Компьютер,8.62,0,0,0.0
MKT000837,2025-12-11,Push,Имиджевая кампания,Новый,Планшет,1.81,0,0,0.0
MKT005589,2025-05-18,Медийная реклама,Ретаргетинг,Новый,Компьютер,7.6,0,0,0.0
MKT009273,2025-06-05,Push,Ретаргетинг,Повторный,Мобильное устройство,1.37,0,0,0.0
MKT003167,2025-04-06,Email,Ретаргетинг,Новый,Компьютер,2.46,0,0,0.0
MKT004900,2025-03-12,Поисковая реклама,Имиджевая кампания,Повторный,Мобильное устройство,26.69,0,0,0.0
MKT007461,2025-07-02,Email,Имиджевая кампания,Лояльный,Компьютер,2.34,0,0,0.0
MKT004459,2025-09-27,Медийная реклама,Сезонная акция,Лояльный,Компьютер,7.76,0,0,0.0
MKT007854,2025-01-23,Медийная реклама,Имиджевая кампания,Лояльный,Компьютер,7.97,0,0,0.0
MKT007992,2025-07-11,Поисковая реклама,Программа лояльности,Повторный,Компьютер,23.16,0,0,0.0
MKT003612,2025-06-20,Социальные сети,Ретаргетинг,Лояльный,Мобильное устройство,6.25,0,0,0.0
MKT009244,2025-03-17,Поисковая реклама,Имиджевая кампания,Повторный,Мобильное устройство,19.29,0,0,0.0
MKT009529,2025-01-28,Email,Имиджевая кампания,Лояльный,Компьютер,2.66,0,0,0.0
MKT004050,2025-10-15,Push,Имиджевая кампания,Новый,Мобильное устройство,1.41,0,0,0.0
MKT009026,2025-09-29,Медийная реклама,Сезонная акция,Новый,Мобильное устройство,7.96,1,0,0.0
MKT007467,2025-11-13,Социальные сети,Сезонная акция,Повторный,Компьютер,8.25,0,0,0.0
MKT001468,2025-04-28,Email,Ретаргетинг,Новый,Компьютер,1.86,0,0,0.0
MKT008978,2025-09-22,Медийная реклама,Программа лояльности,Повторный,Мобильное устройство,4.22,0,0,0.0
MKT008406,2025-09-02,Email,Программа лояльности,Повторный,Мобильное устройство,1.88,0,0,0.0
MKT004246,2025-08-31,Push,Новый продукт,Повторный,Мобильное устройство,1.78,0,0,0.0
MKT005900,2025-07-27,Медийная реклама,Сезонная акция,Лояльный,Мобильное устройство,9.85,0,0,0.0
MKT000813,2025-09-11,Поисковая реклама,Ретаргетинг,Лояльный,Мобильное устройство,21.67,0,0,0.0
MKT000820,2025-07-25,Поисковая реклама,Сезонная акция,Новый,Компьютер,28.17,0,0,0.0
MKT005296,2025-02-06,Поисковая реклама,Новый продукт,Новый,Мобильное устройство,19.63,0,0,0.0
MKT009797,2025-04-20,Email,Программа лояльности,Повторный,Мобильное устройство,2.03,0,0,0.0
MKT002336,2025-09-06,Push,Имиджевая кампания,Новый,Мобильное устройство,2.04,0,-1,0.0
MKT003334,2025-03-15,Поисковая реклама,Имиджевая кампания,Лояльный,Мобильное устройство,37.18,0,0,0.0
MKT007823,2025-01-04,Push,Сезонная акция,Лояльный,Мобильное устройство,1.12,0,0,0.0
MKT007203,2025-04-08,Поисковая реклама,Ретаргетинг,Лояльный,Компьютер,19.97,1,0,0.0
MKT001466,2025-09-23,Социальные сети,Имиджевая кампания,Новый,Планшет,11.42,0,0,0.0
MKT003298,2025-04-02,Социальные сети,Программа лояльности,Лояльный,Мобильное устройство,7.51,0,0,0.0
MKT009484,2025-03-23,Медийная реклама,Имиджевая кампания,Новый,Мобильное устройство,6.72,0,0,0.0
MKT002487,2025-12-04,Поисковая реклама,Имиджевая кампания,Новый,КОМПЬЮТЕР,29.38,0,0,0.0
MKT003020,2025-11-14,Email,Ретаргетинг,Новый,Мобильное устройство,2.56,0,0,0.0
MKT006113,2025-02-14,Email,Сезонная акция,Новый,Планшет,2.66,0,0,0.0
MKT007080,2025-03-19,Email,Имиджевая кампания,Повторный,Мобильное устройство,2.05,0,0,0.0
MKT008180,2025-08-06,Социальные сети,Новый продукт,Новый,Планшет,9.37,0,0,0.0
MKT005722,2025-04-19,Поисковая реклама,Программа лояльности,Новый,Планшет,24.5,0,0,0.0
MKT009347,2025-04-27,Push,Ретаргетинг,Повторный,Мобильное устройство,1.8,0,0,0.0
MKT005172,2025-07-30,Медийная реклама,Имиджевая кампания,Лояльный,Мобильное устройство,5.66,0,0,0.0
MKT001216,2025-07-10,Email,Сезонная акция,Новый,Мобильное устройство,3.62,0,0,0.0
MKT009351,2025-10-31,Поисковая реклама,Новый продукт,Повторный,Мобильное устройство,-5.0,0,0,0.0
MKT000077,2025-03-27,Email,Программа лояльности,Повторный,Мобильное устройство,1.6,0,0,0.0
MKT006885,2025-09-24,Поисковая реклама,Ретаргетинг,Лояльный,Планшет,18.68,0,0,0.0
MKT006193,2025-06-24,Поисковая реклама,Программа лояльности,Повторный,Мобильное устройство,18.9,0,0,0.0
MKT004425,2025-12-05,,Программа лояльности,Новый,Мобильное устройство,1.48,0,0,0.0
MKT007307,2025-07-05,Email,Имиджевая кампания,Повторный,Мобильное устройство,2.09,0,0,0.0
MKT001851,2025-01-20,Email,Имиджевая кампания,Повторный,Мобильное устройство,2.78,0,0,0.0
MKT006014,2025-03-11,Email,Программа лояльности,Повторный,Компьютер,1.84,0,0,0.0
MKT004841,2025-12-27,Медийная реклама,Новый продукт,Новый,Мобильное устройство,6.11,0,0,0.0
MKT003967,2025-07-09,Email,Имиджевая кампания,Новый,Мобильное устройство,1.83,0,0,0.0
MKT001857,2025-10-11,Социальные сети,Новый продукт,Новый,Компьютер,12.99,1,0,0.0
MKT006483,2025-08-15,Поисковая реклама,Сезонная акция,Новый,Мобильное устройство,20.2,0,0,0.0
MKT006868,2025-06-21,Push,Сезонная акция,Повторный,Мобильное устройство,1.51,1,1,4017.34
MKT006358,2025-12-27,Поисковая реклама,Новый продукт,Повторный,Компьютер,21.89,1,0,0.0
MKT006157,2025-05-06,Email,Новый продукт,Новый,Мобильное устройство,3.54,0,0,0.0
MKT002308,2025-10-29,Push,Сезонная акция,Повторный,Компьютер,1.55,0,0,0.0
MKT006928,2025-01-01,Push,Программа лояльности,Новый,Компьютер,1.17,1,0,0.0
MKT006120,2025-07-19,Медийная реклама,Ретаргетинг,Новый,Мобильное устройство,8.47,0,0,0.0
MKT001266,2025-04-14,Поисковая реклама,Ретаргетинг,Новый,Мобильное устройство,23.82,1,1,5144.94
MKT009537,2025-10-23,Социальные сети,Новый продукт,Новый,Компьютер,10.68,0,0,4085.0
MKT001471,2025-01-05,Социальные сети,Ретаргетинг,Повторный,Компьютер,4.81,0,0,0.0
MKT003453,02.09.2025,Социальные сети,Новый продукт,Повторный,Компьютер,10.76,1,0,0.0
MKT009386,2025-07-10,Поисковая реклама,Имиджевая кампания,Новый,Мобильное устройство,23.38,0,0,0.0
MKT001183,2025-08-01,Поисковая реклама,Ретаргетинг,Повторный,Мобильное устройство,22.96,0,0,0.0
MKT007172,2025-04-30,Push,Ретаргетинг,Лояльный,Компьютер,1.63,0,0,0.0
MKT002592,2025-03-29,Поисковая реклама,Имиджевая кампания,Лояльный,Мобильное устройство,13.89,0,0,0.0
MKT005940,2025-12-16,Социальные сети,Ретаргетинг,Лояльный,Компьютер,7.05,0,0,0.0
MKT005223,2025-07-11,Push,Сезонная акция,Новый,Компьютер,1.81,0,0,0.0
MKT002574,2025-03-20,Email,Программа лояльности,Новый,Мобильное устройство,1.76,0,0,0.0
MKT003595,2025-11-28,Push,Ретаргетинг,Повторный,Компьютер,1.33,0,0,0.0
MKT000401,2025-06-11,Email,Программа лояльности,Лояльный,Мобильное устройство,1.66,0,0,0.0
MKT004643,2025-12-13,Поисковая реклама,Новый продукт,Новый,Мобильное устройство,23.79,1,0,0.0
MKT007485,2025-05-01,Поисковая реклама,Имиджевая кампания,Лояльный,Мобильное устройство,15.1,0,0,0.0
MKT009511,2025-04-18,Email,Ретаргетинг,Повторный,Мобильное устройство,2.59,0,0,0.0
MKT000275,15.11.2025,Медийная реклама,Программа лояльности,Лояльный,Мобильное устройство,4.69,1,0,0.0
MKT001309,2025-11-17,Социальные сети,Ретаргетинг,Повторный,Мобильное устройство,8.66,1,0,0.0
MKT001600,2025-09-02,Push,Имиджевая кампания,Повторный,Мобильное устройство,1.46,0,0,0.0
MKT001632,2025-07-18,Email,Сезонная акция,Новый,Компьютер,2.72,0,0,0.0
MKT003210,2025-11-29,Email,Ретаргетинг,Повторный,Компьютер,2.08,0,0,0.0
MKT002326,2025-05-30,Медийная реклама,Программа лояльности,Новый,Планшет,4.59,0,0,0.0
MKT005507,2025-02-11,Поисковая реклама,Ретаргетинг,Лояльный,Мобильное устройство,20.73,0,0,0.0
MKT007990,2025-11-29,Медийная реклама,Ретаргетинг,Новый,Мобильное устройство,4.59,0,0,0.0
MKT009034,2025-02-04,Социальные сети,Программа лояльности,Новый,Компьютер,6.48,0,0,0.0
MKT005788,2025-04-10,Поисковая реклама,Ретаргетинг,Новый,Мобильное устройство,28.26,0,0,0.0
MKT002874,2025-12-17,Email,Сезонная акция,Повторный,Мобильное устройство,3.87,0,0,0.0
MKT005189,2025-11-07,Push,Сезонная акция,Лояльный,Мобильное устройство,2.23,0,0,0.0
MKT000988,2025-06-17,Социальные сети,Имиджевая кампания,Новый,Мобильное устройство,10.27,0,0,0.0
MKT008337,2025-01-16,Социальные сети,Программа лояльности,Новый,Компьютер,9.61,0,0,0.0
MKT000923,2025-09-11,Email,Новый продукт,Новый,Мобильное устройство,2.78,0,0,0.0
MKT001865,2025-10-28,Email,Программа лояльности,Повторный,Мобильное устройство,2.76,0,0,0.0
MKT008494,2025-08-07,Поисковая реклама,Новый продукт,Лояльный,Компьютер,20.23,0,0,0.0
MKT005667,2025-11-04,Социальные сети,Новый продукт,Лояльный,Мобильное устройство,7.92,0,0,0.0
MKT004572,2025-10-24,Социальные сети,Ретаргетинг,Повторный,Компьютер,8.93,0,0,0.0
MKT000995,2025-03-17,Медийная реклама,Программа лояльности,Повторный,Компьютер,5.59,0,0,0.0
MKT004179,2025-10-06,Социальные сети,Сезонная акция,Повторный,Мобильное устройство,10.67,0,0,0.0
MKT009682,2025-01-17,Социальные сети,Имиджевая кампания,Лояльный,Мобильное устройство,11.22,0,0,0.0
MKT002648,2025-01-21,Социальные сети,Сезонная акция,Новый,Компьютер,8.3,0,0,0.0
MKT005054,2025-11-08,Поисковая реклама,Ретаргетинг,Лояльный,Мобильное устройство,16.87,0,0,0.0
MKT001094,2025-06-10,Медийная реклама,Имиджевая кампания,Лояльный,Мобильное устройство,7.79,0,0,0.0
MKT004192,2025-05-04,Социальные сети,Программа лояльности,Лояльный,Мобильное устройство,5.34,0,0,0.0
MKT002709,2025-10-30,Социальные сети,Сезонная акция,Лояльный,Мобильное устройство,10.82,0,0,0.0
MKT009039,2025-12-26,Поисковая реклама,Имиджевая кампания,Повторный,Мобильное устройство,21.24,0,0,0.0
MKT005459,2025-05-15,Поисковая реклама,Ретаргетинг,Новый,Мобильное устройство,15.77,1,0,0.0
MKT007574,2025-09-05,Email,Новый продукт,Повторный,Мобильное устройство,3.47,0,0,0.0
MKT003773,2025-12-26,Поисковая реклама,Новый продукт,Повторный,Мобильное устройство,28.97,1,1,3211.76
MKT004983,2025-10-07,Push,Новый продукт,Новый,Мобильное устройство,2.2,0,0,0.0
MKT000340,2025-07-23,Email,Имиджевая кампания,Новый,Мобильное устройство,2.57,0,0,0.0
MKT004292,2025-05-14,Email,Сезонная акция,Лояльный,Мобильное устройство,2.61,0,0,0.0
MKT008388,2025-03-16,Push,Имиджевая кампания,Повторный,Мобильное устройство,1.55,0,0,0.0
MKT001711,2025-08-29,Email,Сезонная акция,Лояльный,Компьютер,2.65,1,1,5571.03
MKT002935,2025-09-05,Email,Имиджевая кампания,Повторный,Мобильное устройство,2.87,0,0,0.0
MKT008666,2025-04-07,Социальные сети,Программа лояльности,Новый,Мобильное устройство,6.07,0,0,0.0
MKT005064,2025-03-11,Email,Имиджевая кампания,Новый,Компьютер,1.81,0,0,0.0
MKT004139,2025-03-11,Социальные сети,Ретаргетинг,Повторный,Мобильное устройство,7.28,0,0,0.0
MKT008729,2025-06-30,Email,Ретаргетинг,Новый,Мобильное устройство,1.44,0,0,0.0
MKT006248,03.01.2025,Поисковая реклама,Новый продукт,Повторный,Планшет,22.17,1,1,2843.4
MKT006499,2025-01-16,Push,Имиджевая кампания,Новый,Мобильное устройство,1.3,0,0,0.0
MKT006839,2025-11-19,Медийная реклама,Программа лояльности,Повторный,Мобильное устройство,4.67,0,0,0.0
MKT001882,2025-01-27,Поисковая реклама,Ретаргетинг,Лояльный,Планшет,19.0,0,0,0.0
MKT004821,2025-09-12,Поисковая реклама,Программа лояльности,Лояльный,Мобильное устройство,12.95,0,0,0.0
MKT008865,2025-08-09,Push,Новый продукт,Новый,Компьютер,1.68,0,0,0.0
MKT007253,2025-07-01,Push,Имиджевая кампания,Новый,Мобильное устройство,1.77,0,0,0.0
MKT000750,2025-01-10,Поисковая реклама,Ретаргетинг,Новый,Мобильное устройство,17.25,1,0,0.0
MKT002059,2025-05-25,Медийная реклама,Сезонная акция,Новый,Мобильное устройство,9.42,0,0,0.0
MKT005765,2025-06-26,Поисковая реклама,Сезонная акция,Лояльный,Мобильное устройство,26.03,0,0,0.0
MKT001661,2025-09-02,Push,Ретаргетинг,Повторный,Мобильное устройство,1.05,0,0,0.0
MKT007335,2025-11-13,Социальные сети,Ретаргетинг,Новый,Мобильное устройство,11.31,0,0,0.0
MKT002488,2025-04-29,Социальные сети,Имиджевая кампания,Лояльный,Мобильное устройство,7.7,1,0,0.0
MKT002693,2025-11-18,Социальные сети,Программа лояльности,Повторный,Планшет,6.41,0,0,0.0
MKT004101,2025-12-11,Поисковая реклама,Ретаргетинг,Лояльный,Компьютер,17.76,0,0,0.0
MKT005924,2025-02-20,Email,Сезонная акция,Новый,Мобильное устройство,1.92,0,0,0.0
MKT006315,2025-12-31,Социальные сети,Имиджевая кампания,Повторный,Мобильное устройство,10.68,0,0,0.0
MKT003507,2025-11-10,Социальные сети,Имиджевая кампания,Повторный,Компьютер,7.94,0,0,0.0
MKT006899,2025-11-17,Медийная реклама,Сезонная акция,Новый,Компьютер,6.0,0,0,0.0
MKT007186,2025-05-22,Email,Программа лояльности,Повторный,Компьютер,1.74,0,0,0.0
MKT008727,2025-11-13,Медийная реклама,Ретаргетинг,Повторный,Мобильное устройство,7.24,0,0,0.0
MKT006416,2025-01-01,Email,Новый продукт,Повторный,Мобильное устройство,2.51,1,0,0.0
MKT009782,2025-12-19,Медийная реклама,Новый продукт,Лояльный,Мобильное устройство,7.02,0,0,0.0
MKT004375,2025-01-08,Социальные сети,Сезонная акция,Новый,Компьютер,13.1,0,0,0.0
MKT007971,2025-03-19,Email,Ретаргетинг,Новый,Компьютер,2.57,0,0,0.0
MKT007750,2025-06-27,Поисковая реклама,Имиджевая кампания,Повторный,Компьютер,16.51,0,0,0.0
MKT008602,2025-09-21,Поисковая реклама,Новый продукт,Новый,Компьютер,14.99,1,0,0.0
MKT003728,2025-02-21,Email,Ретаргетинг,Лояльный,Мобильное устройство,1.71,0,0,0.0
MKT002889,2025-05-14,Email,Сезонная акция,Новый,Компьютер,1.97,0,0,0.0
MKT008031,2025-05-15,Поисковая реклама,Новый продукт,Повторный,Мобильное устройство,22.52,0,0,0.0
MKT001663,2025-03-08,Push,Программа лояльности,Новый,Мобильное устройство,1.2,0,0,0.0
MKT007201,2025-10-18,Социальные сети,Сезонная акция,Новый,Компьютер,11.39,0,0,0.0
MKT002475,2025-09-25,Медийная реклама,Ретаргетинг,Лояльный,Компьютер,5.11,0,0,0.0
MKT008804,2025-09-24,Email,Сезонная акция,Новый,Мобильное устройство,3.01,0,0,0.0
MKT004933,2025-11-26,Поисковая реклама,Сезонная акция,Повторный,Мобильное устройство,21.31,0,0,0.0
MKT004925,2025-01-12,Медийная реклама,Сезонная акция,Повторный,Мобильное устройство,7.13,0,0,0.0
MKT006945,2025-07-08,Медийная реклама,Сезонная акция,Повторный,Мобильное устройство,6.11,0,0,0.0
MKT002521,2025-09-30,ПОИСКОВАЯ РЕКЛАМА,Имиджевая кампания,Новый,Компьютер,21.09,0,0,0.0
MKT002578,2025-06-30,Социальные сети,Программа лояльности,Новый,Компьютер,6.93,1,0,0.0
MKT009561,2025-04-16,Email,Программа лояльности,Повторный,Компьютер,1.39,0,0,0.0
MKT003263,2025-02-13,,Имиджевая кампания,Повторный,Мобильное устройство,6.16,0,1,0.0
MKT007718,2025-12-28,Социальные сети,Новый продукт,Повторный,Мобильное устройство,16.84,0,0,0.0
MKT003897,2025-09-06,Поисковая реклама,Новый продукт,Повторный,Компьютер,20.4,1,0,0.0
MKT006729,2025-08-18,Email,Новый продукт,Повторный,Мобильное устройство,2.69,0,0,0.0
MKT009279,2025-08-17,Поисковая реклама,Ретаргетинг,Повторный,Компьютер,16.83,0,0,0.0
MKT002806,2025-08-31,Медийная реклама,Имиджевая кампания,Лояльный,Мобильное устройство,5.81,0,0,0.0
MKT005176,2025-07-27,Социальные сети,Новый продукт,Повторный,Мобильное устройство,7.59,0,0,0.0
MKT009531,2025-12-30,Push,Имиджевая кампания,Лояльный,Компьютер,1.78,0,0,0.0
MKT007239,2025-11-16,Push,Программа лояльности,Повторный,Мобильное устройство,1.19,0,0,0.0
MKT009950,2025-04-07,Поисковая реклама,Новый продукт,Повторный,Планшет,40.27,0,0,0.0
MKT008481,2025-10-22,Push,Имиджевая кампания,Новый,Мобильное устройство,2.11,1,0,0.0
MKT008848,2025-05-24,Социальные сети,Программа лояльности,Повторный,Мобильное устройство,6.63,0,0,0.0
MKT003533,2025-01-24,Поисковая реклама,Сезонная акция,Повторный,Компьютер,27.68,0,0,0.0
MKT000432,2025-08-03,Медийная реклама,Программа лояльности,Новый,Мобильное устройство,5.24,0,0,0.0
MKT009212,2025-06-18,Push,Сезонная акция,Повторный,Мобильное устройство,1.64,0,0,0.0
MKT001210,2025-04-27,Push,Новый продукт,Новый,Мобильное устройство,1.84,0,0,0.0
MKT001356,2025-08-27,Email,Программа лояльности,Новый,Мобильное устройство,1.45,0,0,0.0
MKT007240,2025-10-21,Email,Имиджевая кампания,Лояльный,Мобильное устройство,1.78,0,0,0.0
MKT002507,2025-04-12,Медийная реклама,Новый продукт,Новый,Мобильное устройство,8.12,0,0,0.0
MKT002405,2025-06-24,Социальные сети,Имиджевая кампания,Новый,Мобильное устройство,12.77,0,0,0.0
MKT009176,2025-05-18,Поисковая реклама,Новый продукт,Лояльный,Мобильное устройство,21.85,0,0,0.0
MKT006573,2025-03-08,Push,Программа лояльности,Новый,Мобильное устройство,1.41,0,0,0.0
MKT007163,2025-12-16,Медийная реклама,Сезонная акция,Новый,Мобильное устройство,7.8,0,0,0.0
MKT005306,2025-04-01,Push,Программа лояльности,Лояльный,Мобильное устройство,1.5,0,0,0.0
MKT007166,2025-07-05,Push,Ретаргетинг,Повторный,Мобильное устройство,1.19,0,0,0.0
MKT009562,2025-10-20,Медийная реклама,Имиджевая кампания,Повторный,Мобильное устройство,7.79,0,0,0.0
MKT001197,2025-05-26,Медийная реклама,Сезонная акция,Повторный,Мобильное устройство,6.72,0,0,0.0
MKT003135,2025-11-21,Поисковая реклама,Ретаргетинг,Новый,Компьютер,27.69,0,0,0.0
MKT006802,2025-07-11,Поисковая реклама,Сезонная акция,Новый,Мобильное устройство,23.69,0,0,0.0
MKT004128,2025-09-29,Push,Ретаргетинг,Лояльный,Мобильное устройство,1.25,0,0,0.0
MKT002418,2025-05-24,Медийная реклама,Сезонная акция,Новый,Компьютер,5.99,0,0,0.0
MKT004452,2025-11-07,Социальные сети,Новый продукт,Повторный,Компьютер,6.93,0,0,0.0
MKT002762,2025-03-01,Медийная реклама,Сезонная акция,Повторный,Мобильное устройство,7.04,0,0,0.0
MKT001723,2025-12-17,Email,Имиджевая кампания,Лояльный,Мобильное устройство,2.02,0,0,0.0
MKT001982,2025-04-12,Email,Ретаргетинг,Новый,Мобильное устройство,1.98,1,0,0.0
MKT000411,2025-01-27,Email,Программа лояльности,Новый,Мобильное устройство,1.71,0,0,0.0
MKT006508,2025-05-11,Email,Программа лояльности,Лояльный,Мобильное устройство,2.52,1,1,5976.81
MKT005644,2025-06-03,Социальные сети,Сезонная акция,Повторный,Компьютер,8.89,0,0,0.0
MKT005165,2025-06-13,Социальные сети,Программа лояльности,Лояльный,Компьютер,7.68,0,0,0.0
MKT005264,2025-06-21,Медийная реклама,Ретаргетинг,Новый,Компьютер,5.11,0,0,0.0
MKT000657,2025-02-28,Email,Новый продукт,Повторный,Компьютер,3.01,0,0,0.0
MKT006650,2025-09-13,Медийная реклама,Имиджевая кампания,Повторный,Компьютер,6.4,0,0,0.0
MKT003087,2025-01-23,Социальные сети,Сезонная акция,Повторный,Мобильное устройство,8.87,0,0,0.0
MKT004738,2025-05-12,Социальные сети,Программа лояльности,Повторный,Мобильное устройство,8.69,0,0,0.0
MKT005748,2025-03-29,Социальные сети,Программа лояльности,Новый,Компьютер,8.56,0,0,0.0
MKT003895,2025-06-25,Поисковая реклама,Программа лояльности,Повторный,Мобильное устройство,19.95,0,0,0.0
MKT008746,2025-08-01,Медийная реклама,Сезонная акция,Лояльный,Мобильное устройство,4.81,0,0,0.0
MKT000972,2025-01-30,Email,Программа лояльности,Новый,Мобильное устройство,1.38,1,0,0.0
MKT002091,2025-03-16,Медийная реклама,Новый продукт,Новый,Мобильное устройство,8.31,1,0,0.0
MKT006626,2025-05-24,Email,Ретаргетинг,Новый,Мобильное устройство,1.75,0,0,0.0
MKT004959,2025-08-30,Поисковая реклама,Имиджевая кампания,Повторный,Компьютер,23.8,0,0,0.0
MKT006926,2025-02-17,Поисковая реклама,Программа лояльности,Повторный,Мобильное устройство,15.93,0,0,0.0
MKT009741,2025-06-12,Поисковая реклама,Новый продукт,Повторный,Мобильное устройство,21.22,0,0,0.0
MKT007399,2025-06-21,Социальные сети,Имиджевая кампания,Повторный,Компьютер,12.79,0,0,0.0
MKT006206,2025-02-23,Email,Новый продукт,Повторный,Мобильное устройство,1.94,0,0,0.0
MKT008564,2025-01-17,Медийная реклама,Сезонная акция,Повторный,Компьютер,7.58,0,0,0.0
MKT003442,2025-06-06,Поисковая реклама,Ретаргетинг,Повторный,Компьютер,15.17,0,0,0.0
MKT002010,2025-03-11,Социальные сети,Сезонная акция,Новый,Компьютер,6.48,1,0,0.0
MKT009182,2025-04-12,Email,Сезонная акция,Новый,Мобильное устройство,3.06,1,0,0.0
MKT006615,2025-12-16,Медийная реклама,Программа лояльности,Повторный,Мобильное устройство,3.89,0,0,0.0
MKT002138,2025-11-18,Социальные сети,Программа лояльности,Лояльный,Мобильное устройство,6.64,0,0,0.0
MKT005445,2025-10-01,Социальные сети,Ретаргетинг,Лояльный,Компьютер,8.29,0,0,0.0
MKT004205,2025-12-11,Email,Ретаргетинг,Лояльный,Мобильное устройство,2.12,0,0,0.0
MKT002090,2025-01-17,Поисковая реклама,Имиджевая кампания,Лояльный,Мобильное устройство,17.33,0,0,0.0
MKT009087,2025-08-19,Поисковая реклама,Новый продукт,Повторный,Мобильное устройство,20.39,1,1,3251.91
MKT000878,2025-12-24,Социальные сети,Имиджевая кампания,Новый,Мобильное устройство,11.91,0,0,0.0
MKT001238,2025-08-01,Социальные сети,Новый продукт,Повторный,Мобильное устройство,12.54,0,0,0.0
MKT008651,22.10.2025,Социальные сети,Новый продукт,Новый,Мобильное устройство,7.64,0,0,0.0
MKT000183,2025-06-02,Push,Программа лояльности,Новый,Мобильное устройство,1.14,0,0,0.0
MKT008427,2025-03-29,Email,Имиджевая кампания,Повторный,Мобильное устройство,2.9,0,0,0.0
MKT000641,2025-08-15,Социальные сети,Сезонная акция,Повторный,Компьютер,10.7,0,0,0.0
MKT001449,2025-07-06,Социальные сети,Имиджевая кампания,Новый,Мобильное устройство,8.32,0,0,0.0
MKT009576,2025-03-15,Социальные сети,Ретаргетинг,Повторный,Мобильное устройство,6.73,0,0,0.0
MKT001613,2025-08-07,Социальные сети,Сезонная акция,Повторный,Мобильное устройство,5.97,1,0,0.0
MKT003224,2025-11-03,Push,Программа лояльности,Лояльный,Компьютер,0.96,0,0,0.0
MKT003901,2025-05-02,Email,Имиджевая кампания,Новый,Мобильное устройство,2.08,0,0,0.0
MKT009745,2025-01-14,Медийная реклама,Имиджевая кампания,Новый,Компьютер,8.39,0,0,0.0
MKT003429,2025-12-20,Email,Ретаргетинг,Новый,Мобильное устройство,1.96,0,0,0.0
MKT007896,2025-08-20,Email,Сезонная акция,Новый,Мобильное устройство,1.92,0,0,0.0
MKT002400,2025-12-07,Поисковая реклама,Сезонная акция,Повторный,Компьютер,28.84,0,0,0.0
MKT006474,2025-07-25,Медийная реклама,Ретаргетинг,Новый,Мобильное устройство,6.87,0,0,0.0
MKT009785,2025-05-23,Email,Ретаргетинг,Новый,Мобильное устройство,2.09,0,0,0.0
MKT001969,2025-08-29,Поисковая реклама,Новый продукт,Новый,Мобильное устройство,27.06,0,0,0.0
MKT005395,2025-04-27,Поисковая реклама,Новый продукт,Новый,Компьютер,15.92,0,0,0.0
MKT008020,2025-07-21,Социальные сети,Программа лояльности,Повторный,Мобильное устройство,6.79,1,1,6214.83
MKT006623,2025-05-04,,Имиджевая кампания,Повторный,Компьютер,6.05,0,0,0.0
MKT008872,2025-03-06,Push,Программа лояльности,Повторный,Мобильное устройство,1.07,0,0,0.0
MKT002245,2025-01-24,Медийная реклама,Сезонная акция,Повторный,Мобильное устройство,5.55,0,0,0.0
MKT003705,2025-01-27,Медийная реклама,Ретаргетинг,Лояльный,Мобильное устройство,9.25,0,0,0.0
MKT001638,2025-09-20,Поисковая реклама,Имиджевая кампания,Новый,Мобильное устройство,29.46,0,0,0.0
MKT003847,2025-10-05,Push,Ретаргетинг,Повторный,Мобильное устройство,1.2,1,0,0.0
MKT002711,2025-01-02,Поисковая реклама,Сезонная акция,Новый,Мобильное устройство,25.45,0,0,0.0
MKT001729,2025-08-13,Социальные сети,Сезонная акция,Лояльный,Компьютер,8.71,0,1,0.0
MKT002240,2025-07-31,Email,Имиджевая кампания,Повторный,Мобильное устройство,1.85,0,0,0.0
MKT008933,04.10.2025,Социальные сети,Имиджевая кампания,Новый,Компьютер,8.06,0,0,0.0
MKT000828,2025-04-07,Поисковая реклама,Новый продукт,Новый,Мобильное устройство,19.58,1,0,0.0
MKT004774,2025-10-05,Email,Новый продукт,Лояльный,Мобильное устройство,2.35,0,0,0.0
MKT009389,2025-03-02,Медийная реклама,Ретаргетинг,Повторный,Мобильное устройство,5.71,0,0,0.0
MKT002593,2025-10-30,Поисковая реклама,Ретаргетинг,Лояльный,Мобильное устройство,16.55,1,0,0.0
MKT003621,2025-02-05,Email,Ретаргетинг,Новый,Компьютер,1.26,1,0,0.0
MKT005482,2025-10-22,Email, имиджевая кампания ,Новый,Мобильное устройство,2.23,0,0,0.0
MKT008065,2025-01-08,Социальные сети,Имиджевая кампания,Новый,Компьютер,9.2,0,0,0.0
MKT000438,2025-12-15,Email,Ретаргетинг,Лояльный,Планшет,1.77,0,1,0.0
MKT005175,2025-01-22,Социальные сети,Сезонная акция,Новый,Планшет,11.32,0,0,0.0
MKT007815,2025-02-02,Поисковая реклама,Сезонная акция,Новый,Компьютер,18.52,0,0,0.0
MKT009817,2025-07-27,Социальные сети,Сезонная акция,Повторный,Мобильное устройство,11.21,0,0,0.0
MKT008482,2025-10-20,Социальные сети,Программа лояльности,Лояльный,Мобильное устройство,7.73,0,0,0.0
MKT007049,2025-10-15,Email,Имиджевая кампания,Повторный,Мобильное устройство,2.31,0,0,0.0
MKT000712,2025-02-15,Социальные сети,Ретаргетинг,Новый,Мобильное устройство,15.42,0,0,0.0
MKT009678,2025-07-08,Email,Имиджевая кампания,Повторный,Мобильное устройство,2.16,0,0,0.0
MKT006669,2025-12-17,Поисковая реклама,Сезонная акция,Новый,Мобильное устройство,,0,0,0.0
MKT009401,2025-07-30,Push,Сезонная акция,Новый,Мобильное устройство,1.8,0,0,0.0
MKT009615,2025-08-01,Социальные сети,Сезонная акция,Повторный,Компьютер,8.73,0,0,0.0
MKT009142,2025-07-03,Медийная реклама,Новый продукт,Лояльный,Компьютер,6.28,0,0,0.0
MKT000967,2025-04-26,Push,Программа лояльности,Повторный,Компьютер,1.08,0,0,0.0
MKT005613,2025-12-02,Поисковая реклама,Ретаргетинг,Повторный,Компьютер,26.0,0,0,0.0
MKT001411,2025-04-01,Email,Программа лояльности,Повторный,Мобильное устройство,1.7,0,0,0.0
MKT003379,2025-05-05,Медийная реклама,Новый продукт,Повторный,Мобильное устройство,5.14,0,0,0.0
MKT001614,2025-12-24,Медийная реклама,Программа лояльности,Лояльный,Мобильное устройство,6.67,1,0,0.0
MKT003672,2025-11-21,,Ретаргетинг,Лояльный,Компьютер,11.09,0,0,0.0
MKT004332,2025-03-10,Поисковая реклама,Имиджевая кампания,Новый,Мобильное устройство,17.7,0,0,0.0
MKT008924,2025-11-23, email ,Новый продукт,Лояльный,Мобильное устройство,2.27,0,0,0.0
MKT004542,2025-09-08,Email,Имиджевая кампания,Новый,Мобильное устройство,2.32,0,0,0.0
MKT004165,2025-09-30,Медийная реклама,Сезонная акция,Повторный,Мобильное устройство,7.17,0,0,0.0
MKT004906,2025-03-08,Социальные сети,Новый продукт,Повторный,Мобильное устройство,7.53,0,0,0.0
MKT004312,2025-08-26,Поисковая реклама,Ретаргетинг,Лояльный,Мобильное устройство,22.61,0,0,0.0
MKT006044,2025-02-14,Поисковая реклама,Ретаргетинг,Повторный,Мобильное устройство,17.69,0,0,0.0
MKT009798,2025-11-10,Push, имиджевая кампания ,Новый,Компьютер,1.58,0,0,0.0
MKT005376,2025-08-12,Email,Сезонная акция,Лояльный,Мобильное устройство,-5.0,0,0,0.0
MKT008146,2025-11-15,Медийная реклама,Новый продукт,Повторный,Мобильное устройство,6.0,1,0,0.0
MKT007546,2025-11-03,Поисковая реклама,Программа лояльности,Лояльный,Компьютер,18.08,0,0,0.0
MKT000807,2025-02-26,Поисковая реклама,Программа лояльности,Новый,Компьютер,15.09,1,1,4732.5
MKT008163,2025-02-07,Push,Имиджевая кампания,Повторный,Мобильное устройство,1.73,0,0,0.0
MKT007871,2025-11-27,Email,Имиджевая кампания,Лояльный,Мобильное устройство,2.49,1,0,0.0
MKT002071,2025-11-28,Push,Ретаргетинг,Повторный,Мобильное устройство,1.06,0,0,0.0
MKT002453,2025-08-12,Email,Имиджевая кампания,Повторный,Мобильное устройство,2.52,0,0,0.0
MKT000748,2025-06-29,Поисковая реклама,Имиджевая кампания,Повторный,Мобильное устройство,21.45,1,1,5239.19
MKT003446,2025-07-08,Поисковая реклама,Ретаргетинг,Повторный,Компьютер,17.2,0,0,0.0
MKT005149,2025-09-11,Медийная реклама,Имиджевая кампания,Лояльный,Мобильное устройство,9.73,0,0,0.0
MKT003235,2025-02-25,Email,Новый продукт,Повторный,Мобильное устройство,2.3,0,0,0.0
MKT000288,2025-03-05,Push,Программа лояльности,Повторный,Мобильное устройство,1.19,0,0,0.0
MKT000405,2025-03-23,Email,Ретаргетинг,Повторный,Мобильное устройство,1.47,0,0,0.0
MKT001462,2025-02-01,Поисковая реклама,Сезонная акция,Повторный,Компьютер,24.92,0,0,0.0
MKT009851,2025-10-05,Email,Новый продукт,Новый,Компьютер,3.07,0,0,0.0
MKT002949,2025-04-02,Email,Новый продукт,Лояльный,Компьютер,2.68,0,0,0.0
MKT002991,2025-05-31,Push,Программа лояльности,Новый,Мобильное устройство,1.19,0,0,0.0
MKT001852,2025-05-13,Email,Сезонная акция,Повторный,Мобильное устройство,3.62,0,0,0.0
MKT003934,2025-11-18,Медийная реклама,Новый продукт,Лояльный,Мобильное устройство,7.5,0,0,0.0
MKT001564,2025-04-07,Push,Имиджевая кампания,Повторный,Мобильное устройство,1.71,1,0,0.0
MKT009339,2025-08-31,Push,Программа лояльности,Повторный,Компьютер,1.34,1,0,0.0
MKT004950,2025-06-29,Поисковая реклама,Сезонная акция,Лояльный,Мобильное устройство,20.64,1,1,3366.23
MKT000914,2025-03-03,Социальные сети,Новый продукт,Лояльный,Мобильное устройство,8.81,0,0,0.0
MKT002126,2025-06-19,Email,Ретаргетинг,Лояльный,Компьютер,1.68,0,0,0.0
MKT002909,2025-03-30,Push,Имиджевая кампания,Лояльный,Компьютер,2.1,0,0,0.0
MKT002550,2025-02-03,Поисковая реклама,Ретаргетинг,Повторный,Мобильное устройство,14.34,0,0,0.0
MKT009878,2025-10-20,Поисковая реклама,Программа лояльности,Новый,Планшет,10.27,0,0,0.0
MKT003749,2025-08-04,Медийная реклама,Сезонная акция,Новый,Мобильное устройство,6.26,0,0,0.0
MKT001840,31.02.2025,Медийная реклама,Новый продукт,Лояльный,Мобильное устройство,10.21,0,0,0.0
MKT005021,2025-10-31,Социальные сети,Имиджевая кампания,Повторный,Компьютер,11.67,0,0,0.0
MKT009245,2025-08-09,Медийная реклама,Имиджевая кампания,Новый,Мобильное устройство,7.99,0,0,0.0
MKT002527,2025-07-24,Email,Имиджевая кампания,Повторный,Мобильное устройство,1.69,0,0,0.0
MKT001291,2025-11-29,Поисковая реклама,Новый продукт,Повторный,Мобильное устройство,20.77,1,0,0.0
MKT008882,2025-11-07,Социальные сети,Программа лояльности,Новый,Мобильное устройство,8.35,0,0,0.0
MKT001396,2025-09-11,Email,Ретаргетинг,Лояльный,Мобильное устройство,1.85,0,0,0.0
MKT002797,2025-04-28,Социальные сети,Ретаргетинг,Повторный,Мобильное устройство,8.01,0,0,0.0
MKT003425,2025-08-07,Email,Новый продукт,Лояльный,Мобильное устройство,2.46,0,0,0.0
MKT006846,2025-07-18,Социальные сети,Сезонная акция,Новый,Мобильное устройство,8.7,0,0,0.0
MKT009627,2025-10-25,Социальные сети,Программа лояльности,Повторный,Мобильное устройство,8.23,0,0,0.0
MKT009618,2025-11-17,Email,Новый продукт,Повторный,Мобильное устройство,2.29,0,0,0.0
MKT008357,2025-12-16,Поисковая реклама,Имиджевая кампания,Лояльный,Компьютер,21.24,0,0,0.0
MKT002018,2025-02-18,Email,Новый продукт,Новый,Мобильное устройство,2.07,0,0,0.0
MKT008214,2025-09-11,Медийная реклама,Сезонная акция,Повторный,Мобильное устройство,8.29,0,0,0.0
MKT002436,2025-10-14,Медийная реклама,Сезонная акция,Новый,Компьютер,7.8,0,0,0.0
MKT003736,2025-06-24,Email,Программа лояльности,Новый,Планшет,2.45,0,0,0.0
MKT000439,2025-09-05,Email,Сезонная акция,Повторный,Компьютер,2.69,0,0,0.0
MKT000983,2025-02-24,Социальные сети,Сезонная акция,Повторный,Мобильное устройство,9.25,1,1,4909.81
MKT005233,2025-01-16,Социальные сети,Программа лояльности,Новый,Мобильное устройство,6.5,0,0,0.0
MKT009108,2025-05-23,Социальные сети,Сезонная акция,Повторный,Мобильное устройство,8.04,1,0,0.0
MKT006458,2025-09-30,Поисковая реклама,Сезонная акция,Новый,Мобильное устройство,19.26,0,0,0.0
MKT001978,2025-02-10,Push,Ретаргетинг,Повторный,Мобильное устройство,0.88,0,0,0.0
MKT000834,2025-12-23,Социальные сети,Программа лояльности,Новый,Мобильное устройство,8.41,0,0,0.0
MKT006252,2025-06-22,Email,Программа лояльности,Повторный,Компьютер,1.51,0,0,0.0
MKT000906,2025-06-17,Push,Ретаргетинг,Лояльный,Компьютер,1.33,0,0,0.0
MKT001906,2025-01-22,Push,Ретаргетинг,Лояльный,Планшет,1.16,1,0,0.0
MKT005558,2025-01-19,Email,Ретаргетинг,Лояльный,Мобильное устройство,2.48,0,0,0.0
MKT000063,2025-10-22,Поисковая реклама,Ретаргетинг,Повторный,Мобильное устройство,19.53,0,0,0.0
MKT007339,2025-12-15,Email,Программа лояльности,Повторный,Мобильное устройство,1.58,0,0,0.0
MKT001220,07.11.2025,Медийная реклама,Программа лояльности,Новый,Мобильное устройство,6.46,0,0,0.0
MKT007684,2025-08-06,Email,Ретаргетинг,Повторный,Мобильное устройство,2.31,0,0,0.0
MKT001249,2025-10-21,Социальные сети,Программа лояльности,Новый,Мобильное устройство,6.47,0,0,0.0
MKT006111,2025-05-23,Социальные сети,Программа лояльности,Повторный,Компьютер,9.4,0,0,0.0
MKT006561,2025-10-04,Поисковая реклама,Ретаргетинг,Лояльный,Компьютер,20.17,0,0,0.0
MKT002951,2025-11-07,Медийная реклама,Программа лояльности,Повторный,Мобильное устройство,5.9,0,0,0.0
MKT009160,2025-09-24,Социальные сети,Новый продукт,Повторный,Компьютер,12.15,0,0,0.0
MKT007177,2025-06-08,Email,Новый продукт,Повторный,Мобильное устройство,1.66,0,2,0.0
MKT005374,2025-05-28,Социальные сети,Новый продукт,Повторный,Мобильное устройство,12.21,0,0,0.0
MKT007238,2025-10-14,Социальные сети,Имиджевая кампания,Повторный,Мобильное устройство,11.71,0,0,0.0
MKT006752,2025-02-18,Поисковая реклама,Ретаргетинг,Повторный,Мобильное устройство,24.82,0,0,0.0
MKT008133,2025-04-06,Email,Ретаргетинг,Повторный,Компьютер,2.58,0,0,0.0
MKT001561,2025-03-17,Социальные сети,Сезонная акция,Повторный,Компьютер,10.08,0,0,0.0
MKT000011,2025-11-29,Социальные сети,Программа лояльности,Новый,Мобильное устройство,8.43,0,0,0.0
MKT006828,2025-07-29,Медийная реклама,Новый продукт,Повторный,Компьютер,8.17,0,0,0.0
MKT004471,2025-04-02,Email,Имиджевая кампания,Повторный,Мобильное устройство,3.4,0,0,0.0
MKT006022,2025-07-22,Поисковая реклама,сезонная акция ,Лояльный,Компьютер,24.59,0,0,0.0
MKT009728,2025-06-27,Email,Программа лояльности,Повторный,Мобильное устройство,2.09,0,0,0.0
MKT002743,2025-05-29,Медийная реклама,Сезонная акция,Лояльный,Мобильное устройство,7.32,0,1,0.0
MKT002412,2025-05-14,Поисковая реклама,Имиджевая кампания,Новый,Мобильное устройство,12.09,0,0,0.0
MKT005864,2025-05-09,Поисковая реклама,Имиджевая кампания,Повторный,Компьютер,20.03,0,0,0.0
MKT007694,2025-10-09,Медийная реклама,Сезонная акция,Лояльный,Компьютер,7.23,0,0,0.0
MKT005315,2025-06-19,Социальные сети,Программа лояльности,Новый,Мобильное устройство,7.2,0,0,0.0
MKT009222,2025-03-17,Email,Программа лояльности,Лояльный,Компьютер,1.89,0,0,0.0
MKT008839,2025-06-14,Email,Ретаргетинг,Повторный,Мобильное устройство,1.61,0,0,0.0
MKT004923,2025-11-12,Социальные сети,Имиджевая кампания,Новый,Мобильное устройство,10.48,0,0,0.0
MKT009400,2025-03-17,,Имиджевая кампания,Новый,Компьютер,1.53,0,0,0.0
MKT004318,2025-05-26,Медийная реклама,Новый продукт,Новый,Мобильное устройство,6.65,0,0,0.0
MKT002958,2025-06-30,Поисковая реклама,Новый продукт,Повторный,Компьютер,39.31,0,0,0.0
MKT000413,04.10.2025,Медийная реклама,Программа лояльности,Лояльный,Мобильное устройство,7.0,0,0,0.0
MKT009149,2025-07-09,Email,Программа лояльности,Повторный,Мобильное устройство,2.69,1,0,0.0
MKT005666,2025-07-08,Email,Ретаргетинг,Повторный,Компьютер,1.83,0,0,0.0
MKT001752,2025-01-16,Email,Ретаргетинг,Повторный,Компьютер,2.39,0,0,0.0
MKT004324,2025-12-04,Поисковая реклама,Программа лояльности,Лояльный,Мобильное устройство,20.71,0,0,0.0
MKT007727,2025-05-03,Социальные сети,Сезонная акция,Новый,Планшет,5.4,0,0,0.0
MKT007728,2025-02-14,Социальные сети,Новый продукт,Новый,Мобильное устройство,13.37,0,0,0.0
MKT008828,2025-03-26,Поисковая реклама,Новый продукт,Лояльный,Мобильное устройство,29.04,0,0,0.0
MKT007593,2025-04-24,Поисковая реклама,Новый продукт,Новый,Мобильное устройство,27.64,0,0,0.0
MKT002347,2025-04-16,Email,Новый продукт,Лояльный,Компьютер,10000.0,1,1,5436.58
MKT004686,22.04.2025,Социальные сети,Сезонная акция,Новый,Компьютер,7.43,0,0,0.0
MKT003256,2025-04-14,Медийная реклама,Сезонная акция,Новый,Компьютер,4.57,0,0,0.0
MKT003195,2025-06-10,Поисковая реклама,Ретаргетинг,Новый,Мобильное устройство,17.03,0,0,0.0
MKT003645,2025-08-16,Медийная реклама,Новый продукт,Лояльный,Компьютер,10.45,0,0,0.0
MKT007415,2025-07-29,Медийная реклама,Имиджевая кампания,Лояльный,Компьютер,9.12,0,0,0.0
MKT006222,2025-10-30,Push,Новый продукт,Лояльный,Мобильное устройство,1.95,0,0,0.0
MKT001041,2025-01-04,Социальные сети,Программа лояльности,Повторный,Мобильное устройство,7.68,0,0,0.0
MKT006280,2025-07-19,Поисковая реклама,Ретаргетинг,Повторный,Мобильное устройство,20.61,0,0,0.0
MKT003822,2025-11-03,Email,Сезонная акция,Новый,Планшет,3.67,0,0,0.0
MKT008714,2025-10-17,Медийная реклама,Ретаргетинг,Повторный,Мобильное устройство,4.97,0,0,0.0
MKT008118,2025-07-13,Социальные сети,Имиджевая кампания,Новый,Компьютер,12.72,0,0,
MKT007426,2025-08-07,Социальные сети,Ретаргетинг,Лояльный,Компьютер,9.29,0,0,0.0
MKT009104,2025-10-04,Push,Новый продукт,Повторный,Компьютер,2.06,0,0,0.0
MKT003390,2025-10-24,Социальные сети,Ретаргетинг,Новый,Мобильное устройство,7.71,1,0,0.0
MKT006639,2025-02-14,Email,Имиджевая кампания,Повторный,Мобильное устройство,2.31,0,0,0.0
MKT009366,2025-03-06,Push,Ретаргетинг,Повторный,Компьютер,1.08,0,0,0.0
MKT001377,2025-11-30,Социальные сети,Программа лояльности,Повторный,Компьютер,5.33,0,0,0.0
MKT005972,2025-11-30,Push,Имиджевая кампания,Новый,Мобильное устройство,1.9,0,0,0.0
MKT005787,2025-01-05,Медийная реклама,Новый продукт,Лояльный,Мобильное устройство,4.59,0,0,0.0
MKT009771,2025-03-04,Социальные сети,Ретаргетинг,Повторный,Мобильное устройство,8.31,0,0,0.0
MKT008171,2025-07-01,Email,Программа лояльности,Лояльный,Компьютер,1.32,0,0,0.0
MKT005493,2025-10-29,Поисковая реклама,Ретаргетинг,Повторный,Мобильное устройство,22.04,0,0,0.0
MKT002304,2025-03-23,Поисковая реклама,Ретаргетинг,Повторный,Мобильное устройство,28.79,0,0,0.0
MKT002307,2025-07-07,Push,Программа лояльности,Новый,Мобильное устройство,1.23,0,0,0.0
MKT004265,2025-06-21,Push,Сезонная акция,Повторный,Мобильное устройство,1.76,0,0,0.0
MKT007776,2025-11-19,Email,Ретаргетинг,Лояльный,Компьютер,1.54,0,0,0.0
MKT008914,2025-02-17,Email,Имиджевая кампания,Новый,Мобильное устройство,2.21,1,0,0.0
MKT009889,2025-03-15,Push,Новый продукт,Новый,Мобильное устройство,1.79,0,0,0.0
MKT000429,2025-11-01,Медийная реклама,Ретаргетинг,Лояльный,Мобильное устройство,5.89,0,0,0.0
MKT006249,2025-11-03,Поисковая реклама,Программа лояльности,Повторный,Компьютер,15.61,0,0,0.0
MKT003554,2025-03-03,Email,Сезонная акция,Лояльный,Компьютер,2.16,0,0,0.0
MKT009096,2025-09-30,Поисковая реклама,Ретаргетинг,Лояльный,Мобильное устройство,19.41,1,0,0.0
MKT001623,2025-01-07,Поисковая реклама,Ретаргетинг,Повторный,Мобильное устройство,18.39,1,0,0.0
MKT007791,2025-01-14,Push,Новый продукт,Новый,Мобильное устройство,1.27,0,0,0.0
MKT009834,2025-02-20,Email,Ретаргетинг,Новый,Мобильное устройство,1.59,0,0,0.0
MKT000871,2025-11-23,Push,Новый продукт,новый ,Мобильное устройство,1.26,0,0,0.0
MKT001514,2025-11-05,Поисковая реклама,Программа лояльности,Новый,Компьютер,25.69,0,0,0.0
MKT000071,2025-02-27,Социальные сети,Ретаргетинг,Повторный,Мобильное устройство,11.47,0,0,0.0
MKT003771,2025-12-13,Push,Программа лояльности,Новый,Компьютер,1.35,0,0,0.0
MKT005375,2025-03-09,Поисковая реклама,Сезонная акция,Новый,Мобильное устройство,24.9,0,0,0.0
MKT009276,2025-01-08,Email,Программа лояльности,Лояльный,Компьютер,1.34,0,0,0.0
MKT007856,2025-06-26,Поисковая реклама,Ретаргетинг,Повторный,Мобильное устройство,19.56,1,0,0.0
MKT006970,2025-01-09,Email,Программа лояльности,Лояльный,Компьютер,1.87,0,0,0.0
MKT001273,2025-09-01,Поисковая реклама,Ретаргетинг,Новый,Мобильное устройство,13.01,0,0,0.0
MKT008504,2025-02-03,Социальные сети,Ретаргетинг,Новый,Мобильное устройство,8.26,1,0,0.0
MKT003669,2025-09-11,Медийная реклама,Ретаргетинг,Новый,Мобильное устройство,7.65,0,0,0.0
MKT005502,2025-11-04,Поисковая реклама,Имиджевая кампания,Новый,Компьютер,23.3,0,0,0.0
MKT000036,2025-02-07,Социальные сети,Ретаргетинг,Повторный,Мобильное устройство,7.47,0,0,0.0
MKT002774,2025-02-27,Email,Программа лояльности,Новый,Компьютер,2.07,0,0,0.0
MKT000433,2025-03-06,Push,Программа лояльности,Повторный,Компьютер,1.81,0,0,0.0
MKT003603,2025-01-02,Email,Новый продукт,Новый,Мобильное устройство,2.21,0,0,0.0
MKT000070,2025-01-01,Push,Имиджевая кампания,Лояльный,Компьютер,1.35,0,0,0.0
MKT001957,2025-04-04,Push,Новый продукт,Лояльный,Планшет,1.64,0,0,0.0
MKT005208,2025-11-09,Поисковая реклама,Новый продукт,Лояльный,Мобильное устройство,23.58,0,0,0.0
MKT005002,2025-01-03,,Программа лояльности,Повторный,Компьютер,7.85,0,0,0.0
MKT008576,2025-12-09,Email,Новый продукт,Повторный,Мобильное устройство,3.73,0,0,0.0
MKT006890,2025-12-10,Email,Сезонная акция,Новый,Мобильное устройство,1.45,0,0,0.0
MKT005311,2025-08-26,Поисковая реклама,Программа лояльности,Новый,Мобильное устройство,17.68,0,0,0.0
MKT000930,2025-09-16,Поисковая реклама,Имиджевая кампания,Лояльный,Планшет,16.59,0,0,0.0
MKT000354,2025-10-13,Email,Ретаргетинг,Новый,Мобильное устройство,2.26,0,0,0.0
MKT005401,2025-11-03,Push,Имиджевая кампания,Новый,Компьютер,1.13,0,0,0.0
MKT006762,2025-10-05,Email,Ретаргетинг,Новый,Компьютер,2.89,0,0,0.0
MKT009424,2025-09-08,Push,Новый продукт,Новый,Мобильное устройство,2.42,0,0,0.0
MKT000359,2025-02-25,Социальные сети,Программа лояльности,Новый,Компьютер,6.04,0,0,0.0
MKT003008,2025-09-23,Поисковая реклама,Сезонная акция,Лояльный,Планшет,41.96,0,0,0.0
MKT008881,05.12.2025,Email,Программа лояльности,Новый,Компьютер,1.49,0,0,0.0
MKT009775,2025-08-09,Медийная реклама,Имиджевая кампания,Повторный,Компьютер,8.61,0,0,0.0
MKT003336,2025-11-08,Email,Новый продукт,Повторный,Компьютер,2.7,0,0,0.0
MKT004938,2025-03-23,Поисковая реклама,Ретаргетинг,Повторный,Мобильное устройство,15.57,1,0,0.0
MKT008032,2025-12-23,Социальные сети,Сезонная акция,Лояльный,Мобильное устройство,9.14,0,0,0.0
MKT003630,2025-08-22,Социальные сети,Имиджевая кампания,Новый,Планшет,8.56,0,0,0.0
MKT000419,2025-06-02,Социальные сети,Имиджевая кампания,Повторный,Мобильное устройство,11.38,0,0,0.0
MKT008325,2025-06-21,Email,Сезонная акция,Лояльный,Компьютер,3.46,0,0,0.0
MKT005428,2025-10-28,Социальные сети,Ретаргетинг,Новый,Компьютер,9.59,0,0,0.0
MKT007573,2025-07-02,Медийная реклама,Имиджевая кампания,Новый,Компьютер,7.36,0,0,0.0
MKT003463,2025-10-26,Социальные сети,Сезонная акция,Новый,Компьютер,9.87,0,0,0.0
MKT007481,2025-05-23,Медийная реклама,Сезонная акция,Лояльный,Компьютер,7.18,0,0,0.0
MKT009376,2025-12-20,Социальные сети,Ретаргетинг,Новый,Мобильное устройство,11.17,1,0,0.0
MKT003898,2025-10-26,Email,программа лояльности,Новый,Компьютер,2.0,0,0,0.0
MKT008276,2025-11-20,Поисковая реклама,Новый продукт,Повторный,Компьютер,21.83,0,0,0.0
MKT000060,2025-10-18,Поисковая реклама,Сезонная акция,Повторный,Мобильное устройство,19.66,0,0,0.0
MKT008906,2025-10-17,Push,Программа лояльности,Повторный,Мобильное устройство,0.89,0,0,0.0
MKT005786,2025-12-11,Поисковая реклама,Имиджевая кампания,Лояльный,Компьютер,-5.0,1,0,0.0
MKT004242,2025-10-04,Email,Сезонная акция,Повторный,Планшет,1.92,0,0,0.0
MKT007199,2025-02-28,Медийная реклама,Ретаргетинг,Лояльный,Компьютер,5.66,1,0,0.0
MKT001420,2025-03-31,Социальные сети,Ретаргетинг,Повторный,Мобильное устройство,10.35,1,0,0.0
MKT003905,2025-05-23,Социальные сети,Программа лояльности,Новый,Мобильное устройство,6.33,0,0,0.0
MKT009478,2025-05-29,Поисковая реклама,Имиджевая кампания,Лояльный,Компьютер,16.12,0,0,0.0
MKT001465,2025-07-22,Социальные сети,Программа лояльности,Лояльный,Мобильное устройство,7.33,0,0,0.0
MKT007045,2025-11-22,Социальные сети,Имиджевая кампания,Новый,Мобильное устройство,10.9,0,0,0.0
MKT006213,2025-12-25,Push,Ретаргетинг,Лояльный,Компьютер,0.97,0,0,0.0
MKT002553,2025-10-27,Email,Ретаргетинг,Новый,Мобильное устройство,2.07,0,0,0.0
MKT000590,2025-09-17,Поисковая реклама,Новый продукт,Повторный,Компьютер,15.56,0,0,0.0
MKT004924,2025-06-14,Поисковая реклама,Программа лояльности,Лояльный,Мобильное устройство,12.54,0,0,0.0
MKT003187,2025-08-11,Поисковая реклама,Ретаргетинг,Новый,Мобильное устройство,18.44,0,0,0.0
MKT009136,2025-07-26,Email,Ретаргетинг,Лояльный,Мобильное устройство,1.62,0,0,0.0
MKT006593,2025-12-25,Email,Сезонная акция,Новый,Мобильное устройство,2.54,0,0,0.0
MKT008284,2025-05-20,Медийная реклама,Новый продукт,Новый,Компьютер,6.91,0,0,0.0
MKT002556,2025-06-20,Email,Сезонная акция,Новый,Мобильное устройство,2.49,0,0,0.0
MKT002615,2025-10-28,Поисковая реклама,Ретаргетинг,Повторный,Компьютер,22.49,0,0,0.0
MKT002150,2025-05-24,Email,Новый продукт,Лояльный,Мобильное устройство,2.7,0,0,0.0
MKT008531,2025-12-13,Поисковая реклама,Сезонная акция,Повторный,Мобильное устройство,24.26,0,0,0.0
MKT005252,2025-06-04,Email,Имиджевая кампания,Новый,Мобильное устройство,2.07,0,0,0.0
MKT005159,2025-01-20,Push,Имиджевая кампания,Лояльный,Компьютер,1.64,1,0,0.0
MKT005573,2025-08-08,Социальные сети,Сезонная акция,Повторный,Мобильное устройство,9.43,0,0,0.0
MKT007285,2025-12-24,Социальные сети,Новый продукт,Новый,Мобильное устройство,11.8,0,0,0.0
MKT005337,2025-12-28,Медийная реклама,Новый продукт,Новый,мобильное ,6.39,0,0,0.0
MKT009423,2025-06-30,Социальные сети,Новый продукт,Лояльный,Компьютер,16.55,0,0,0.0
MKT002758,2025-04-11,Социальные сети,Сезонная акция,Лояльный,Мобильное устройство,9.73,0,0,0.0
MKT006555,2025-06-21,Медийная реклама,Программа лояльности,Новый,Мобильное устройство,4.63,0,0,0.0
MKT002074,2025-01-14,,Новый продукт,Лояльный,Мобильное устройство,1.11,0,0,0.0
MKT001127,2025-10-01,Социальные сети,Новый продукт,Повторный,Мобильное устройство,10.78,0,0,0.0
MKT009582,2025-01-09,Email,Новый продукт,Новый,Планшет,2.81,0,0,0.0
MKT008292,2025-05-14,Поисковая реклама,Имиджевая кампания,Повторный,Мобильное устройство,18.56,0,0,0.0
MKT003127,2025-11-30,Поисковая реклама,Программа лояльности,Повторный,Мобильное устройство,11.73,0,0,0.0
MKT007490,2025-11-08,Поисковая реклама,Сезонная акция,Повторный,Компьютер,20.39,0,0,0.0
MKT000607,2025-07-16,Поисковая реклама,Сезонная акция,Повторный,Компьютер,33.95,1,0,0.0
MKT005912,2025-08-07,Поисковая реклама,Ретаргетинг,Новый,Мобильное устройство,23.43,0,0,0.0
MKT003832,2025-11-23,Push,Программа лояльности,Повторный,Компьютер,1.49,1,0,0.0
MKT007575,2025-02-10,Email,Сезонная акция,Новый,Мобильное устройство,1.5,0,0,0.0
MKT000383,2025-09-20,Социальные сети,Имиджевая кампания,Новый,Компьютер,8.46,0,0,0.0
MKT007043,2025-09-21,Социальные сети,Программа лояльности,Повторный,Мобильное устройство,6.95,0,0,0.0
MKT002006,2025-03-15,Поисковая реклама,Программа лояльности,Лояльный,Мобильное устройство,18.41,0,0,0.0
MKT007770,2025-04-14,Push,Ретаргетинг,Повторный,Мобильное устройство,1.8,0,0,0.0
MKT004584,2025-03-26,Социальные сети,Новый продукт,Новый,Мобильное устройство,9.14,0,0,0.0
MKT000337,2025-08-20,Email,Новый продукт,Повторный,Мобильное устройство,2.88,0,0,0.0
MKT002002,2025-11-03,Поисковая реклама,Ретаргетинг,Лояльный,Мобильное устройство,23.8,0,1,0.0
MKT003745,2025-12-14,Push,Программа лояльности,Повторный,Мобильное устройство,1.23,0,0,0.0
MKT004497,2025-12-28,Push,Программа лояльности,Повторный,Компьютер,2.05,1,1,3517.03
MKT007220,02.08.2025,Email,Сезонная акция,Новый,Мобильное устройство,3.59,0,0,0.0
MKT001814,2025-04-17,Поисковая реклама,Имиджевая кампания,Повторный,Мобильное устройство,20.23,0,0,0.0
MKT004349,2025-09-12,Медийная реклама,Сезонная акция,Повторный,Компьютер,7.13,0,0,0.0
MKT007713,2025-12-13,Поисковая реклама,Сезонная акция,Повторный,Мобильное устройство,24.84,0,0,0.0
MKT008037,2025-06-23,Email,Новый продукт,Повторный,Компьютер,1.87,1,0,0.0
MKT002523,2025-06-28,Email,Ретаргетинг,Новый,Компьютер,2.84,0,0,0.0
MKT001727,2025-02-15,Социальные сети,Программа лояльности,Новый,Мобильное устройство,6.98,0,0,0.0
MKT008995,2025-05-06,Социальные сети,Сезонная акция,Новый,Компьютер,10.99,0,0,0.0
MKT007026,2025-07-03,Поисковая реклама,Новый продукт,Повторный,Мобильное устройство,21.7,0,0,0.0
MKT008702,2025-06-05,Поисковая реклама,Сезонная акция,Повторный,Компьютер,34.71,0,0,0.0
MKT002742,2025-07-08,Медийная реклама,Программа лояльности,Повторный,Компьютер,5.67,0,0,0.0
MKT002279,2025-11-03,Push,Имиджевая кампания,Повторный,Компьютер,1.6,0,0,0.0
MKT005283,2025-07-30,Email,Ретаргетинг,Лояльный,Мобильное устройство,1.93,0,0,0.0
MKT001382,2025-03-23,Email,Сезонная акция,Повторный,Компьютер,2.66,0,0,0.0
MKT005756,2025-12-12,Медийная реклама,Ретаргетинг,Повторный,Мобильное устройство,4.79,0,0,0.0
MKT007660,2025-04-28,Email,Новый продукт,Повторный,Компьютер,2.63,0,0,0.0
MKT007009,2025-11-10,Поисковая реклама,Имиджевая кампания,Повторный,Мобильное устройство,22.91,0,0,0.0
MKT006558,2025-07-02,Email,Сезонная акция,Лояльный,Мобильное устройство,2.88,0,0,0.0
MKT008350,2025-07-23,Поисковая реклама,Имиджевая кампания,Повторный,Мобильное устройство,19.84,0,0,0.0
MKT005963,2025-02-25,Медийная реклама,Имиджевая кампания,Повторный,Компьютер,10.07,0,0,0.0
MKT004211,2025-10-22,Push,Программа лояльности,Новый,Мобильное устройство,1.12,0,0,0.0
MKT007105,2025-05-14,Email,Программа лояльности,Повторный,Мобильное устройство,1.27,0,0,0.0
MKT007216,2025-12-27,Email,Сезонная акция,Новый,Компьютер,2.02,0,0,0.0
MKT008604,2025-10-13,Email,Сезонная акция,Повторный,Мобильное устройство,3.25,0,0,0.0
MKT003492,2025-02-18,Поисковая реклама,Новый продукт,Повторный,Мобильное устройство,26.34,0,0,0.0
MKT008927,2025-07-30,Поисковая реклама,Программа лояльности,Лояльный,Мобильное устройство,11.85,0,0,0.0
MKT004294,2025-03-07,Email,Ретаргетинг,Новый,Мобильное устройство,2.39,0,0,0.0
MKT002207,2025-02-19,Социальные сети,Сезонная акция,Повторный,Компьютер,9.76,1,1,3656.82
MKT006214,2025-08-14,Push,Сезонная акция,Повторный,Мобильное устройство,1.73,0,0,0.0
MKT008272,2025-10-18,Email,Сезонная акция,Повторный,Мобильное устройство,2.42,0,0,0.0
MKT008683,2025-10-11,Социальные сети,Новый продукт,Повторный,Мобильное устройство,8.51,0,0,0.0
MKT002857,2025-03-07,Медийная реклама,Новый продукт,Новый,Мобильное устройство,9.08,0,0,0.0
MKT007046,2025-11-01,Email,Имиджевая кампания,Лояльный,Мобильное устройство,1.94,0,0,0.0
MKT001913,2025-08-24,Email,Ретаргетинг,Повторный,Мобильное устройство,1.95,0,0,0.0
MKT007803,2025-03-23,Поисковая реклама,Сезонная акция,Новый,Компьютер,26.38,0,0,0.0
MKT006934,2025-10-28,Социальные сети,Сезонная акция,Повторный,Мобильное устройство,9.4,0,0,0.0
MKT007917,2025-11-01,Email,Новый продукт,Лояльный,Мобильное устройство,2.44,0,0,0.0
MKT008116,2025-02-24,Социальные сети,Новый продукт,Повторный,Мобильное устройство,15.88,0,0,0.0
MKT006051,2025-07-24,Социальные сети,Программа лояльности,Лояльный,Мобильное устройство,7.03,0,0,0.0
MKT007292,2025-12-16,Push,Имиджевая кампания,Новый,Компьютер,2.71,0,0,0.0
MKT008323,2025-08-06,Email,Имиджевая кампания,Повторный,Компьютер,1.93,0,0,0.0
MKT001583,2025-01-22,Email,Сезонная акция,Новый,Компьютер,2.34,0,0,0.0
MKT006263,2025-11-30,Социальные сети,Программа лояльности,Повторный,Компьютер,5.94,0,0,0.0
MKT003093,2025-04-19,Поисковая реклама,Программа лояльности,Повторный,Мобильное устройство,16.18,0,0,0.0
MKT006551,2025-07-24,Push,Имиджевая кампания,Новый,Мобильное устройство,1.02,0,0,0.0
MKT008040,2025-07-30,Email,Имиджевая кампания,Повторный,Мобильное устройство,2.29,0,0,0.0
MKT007060,2025-02-21,Push,Сезонная акция,Повторный,Мобильное устройство,1.63,0,0,0.0
MKT009639,2025-03-04,Email,Новый продукт,Лояльный,Компьютер,2.33,0,0,0.0
MKT005014,2025-01-13,Медийная реклама,Ретаргетинг,Новый,Компьютер,6.0,0,0,0.0
MKT009760,2025-11-23,Поисковая реклама,Программа лояльности,Новый,Мобильное устройство,14.75,0,0,0.0
MKT001082,2025-08-06,Поисковая реклама,Имиджевая кампания,Повторный,Мобильное устройство,22.23,0,0,0.0
MKT009860,2025-07-12,Социальные сети,Новый продукт,Лояльный,Мобильное устройство,8.65,0,0,0.0
MKT002309,2025-08-22,Медийная реклама,Ретаргетинг,Повторный,Компьютер,7.01,0,0,0.0
MKT008347,2025-07-01,Email,Ретаргетинг,Повторный,Мобильное устройство,2.32,1,0,0.0
MKT009089,2025-04-09,Email,Имиджевая кампания,Лояльный,Планшет,2.02,0,0,0.0
MKT001242,2025-06-14,Push,Имиджевая кампания,Новый,Компьютер,1.02,0,0,0.0
MKT008329,2025-09-25,Медийная реклама,Программа лояльности,Новый,Компьютер,4.84,0,0,0.0
MKT005596,2025-12-01,Поисковая реклама,Программа лояльности,Повторный,Компьютер,22.83,0,0,0.0
MKT008728,2025-02-22,Email,Сезонная акция,Повторный,Мобильное устройство,2.73,0,0,0.0
MKT002237,2025-10-16,Поисковая реклама,Ретаргетинг,Повторный,Планшет,15.75,1,0,0.0
MKT009056,2025-09-03,Поисковая реклама,Сезонная акция,Новый,Мобильное устройство,24.82,0,0,0.0
MKT002139,2025-12-10,соцсети,Программа лояльности,Повторный,Мобильное устройство,9.85,0,0,0.0
MKT008362,2025-09-03,Поисковая реклама,Ретаргетинг,Повторный,Мобильное устройство,21.75,0,0,0.0
MKT007915,2025-10-19,Email,Имиджевая кампания,Новый,Компьютер,2.25,0,0,0.0
MKT008942,2025-05-22,Социальные сети,Новый продукт,Новый,Мобильное устройство,11.01,0,0,0.0
MKT009083,2025-09-14,Социальные сети,Имиджевая кампания,Повторный,Мобильное устройство,12.95,0,0,0.0
MKT009610,2025-12-04,Медийная реклама,Новый продукт,Новый,Компьютер,5.95,0,0,0.0
MKT004398,2025-10-23,Push,Сезонная акция,Повторный,Мобильное устройство,1.34,0,0,0.0
MKT006265,2025-08-15,Поисковая реклама,Новый продукт,Лояльный,Мобильное устройство,21.04,0,0,0.0
MKT007767,2025-09-15,Push,Имиджевая кампания,Повторный,Мобильное устройство,0.93,0,0,0.0
MKT004638,2025-09-22,Email,Ретаргетинг,Повторный,Мобильное устройство,2.82,0,0,0.0
MKT004229,2025-11-25,Push,Сезонная акция,Повторный,Мобильное устройство,1.61,0,0,0.0
MKT005258,2025-04-23,Поисковая реклама,Новый продукт,Повторный,Мобильное устройство,23.29,0,0,0.0
MKT009930,2025-07-23,Email,Сезонная акция,Повторный,Мобильное устройство,1.43,0,0,0.0
MKT009966,2025-06-15,Email,Сезонная акция,Новый,Компьютер,,0,0,0.0
MKT000976,2025-09-27,Медийная реклама,Новый продукт,Новый,Мобильное устройство,7.87,0,0,0.0
MKT005403,2025-12-19,Email,Имиджевая кампания,Новый,Компьютер,2.37,0,0,0.0
MKT008709,2025-01-24,Социальные сети,Сезонная акция,Новый,Мобильное устройство,10.31,0,0,0.0
MKT004422,2025-05-19,Медийная реклама,Ретаргетинг,Повторный,Мобильное устройство,5.21,0,0,0.0
MKT007763,08.04.2025,Социальные сети,Сезонная акция,Повторный,Мобильное устройство,8.5,0,0,0.0
MKT000454,2025-04-09,Социальные сети,Сезонная акция,Новый,Мобильное устройство,12.65,0,0,0.0
MKT005655,2025-02-13,Медийная реклама,Программа лояльности,Лояльный,Мобильное устройство,5.22,0,0,0.0
MKT002089,2025-11-13,Email,Имиджевая кампания,Новый,Мобильное устройство,2.37,0,0,0.0
MKT001905,2025-04-12,Push,Имиджевая кампания,Повторный,Мобильное устройство,1.04,1,0,0.0
MKT003310,2025-05-04,Социальные сети,Новый продукт,Повторный,Мобильное устройство,8.13,1,0,0.0
MKT003940,2025-06-18,Социальные сети,Сезонная акция,Повторный,Компьютер,9.13,1,1,3626.14
MKT000977,2025-05-06,Поисковая реклама,Сезонная акция,Новый,Мобильное устройство,23.62,0,0,0.0
MKT001726,2025-07-31,Поисковая реклама,Программа лояльности,Лояльный,Мобильное устройство,18.7,0,0,0.0
MKT003569,2025-09-05,Социальные сети,Новый продукт,Новый,Мобильное устройство,10.47,0,0,0.0
MKT004940,2025-01-21,Медийная реклама,Сезонная акция,Повторный,Компьютер,8.69,0,0,0.0
MKT001721,2025-05-10,Социальные сети,Имиджевая кампания,Повторный,Компьютер,12.43,0,0,0.0
MKT007315,2025-09-25,Push,Сезонная акция,Новый,Мобильное устройство,0.99,0,0,0.0
MKT006870,2025-11-25,Социальные сети,Имиджевая кампания,Новый,Мобильное устройство,9.02,0,0,0.0
MKT002066,2025-08-18,Социальные сети,Имиджевая кампания,Новый,Мобильное устройство,12.85,0,0,0.0
MKT003381,2025-06-18,Социальные сети,Имиджевая кампания,Повторный,Мобильное устройство,10.71,0,0,0.0
MKT008238,2025-08-18,Email,Программа лояльности,Повторный,Мобильное устройство,2.19,0,0,0.0
MKT003973,2025-04-15,Социальные сети,Сезонная акция,Новый,Мобильное устройство,9.41,0,0,0.0
MKT002576,2025-08-26,Push,Ретаргетинг,Повторный,Мобильное устройство,1.79,0,0,0.0
MKT009215,2025-06-08,Email,Программа лояльности,Повторный,Мобильное устройство,1.45,0,0,0.0
MKT003208,2025-05-07,Социальные сети,Новый продукт,Новый,Компьютер,9.97,1,0,0.0
MKT000346,2025-05-29,Поисковая реклама,Ретаргетинг,Новый,Мобильное устройство,19.71,0,0,0.0
MKT006901,2025-04-18,Социальные сети,Программа лояльности,Повторный,Компьютер,8.5,0,0,0.0
MKT000710,2025-07-05,Поисковая реклама,Новый продукт,Новый,Мобильное устройство,22.17,0,0,0.0
MKT009528,2025-09-15,Социальные сети,Программа лояльности,Новый,Мобильное устройство,6.73,0,0,0.0
MKT009456,2025-06-09,Социальные сети,Ретаргетинг,Повторный,Мобильное устройство,10.18,0,0,0.0
MKT009236,2025-02-04,соцсети,Программа лояльности,Повторный,Мобильное устройство,7.46,1,1,4221.99
MKT003194,2025-06-08,Медийная реклама,Имиджевая кампания,Лояльный,Мобильное устройство,7.4,0,0,0.0
MKT000534,2025-08-16,Push,Новый продукт,Лояльный,Компьютер,1.63,0,0,0.0
MKT007845,2025-11-21,Социальные сети,Имиджевая кампания,Повторный,Компьютер,5.78,0,0,0.0
MKT003325,2025-11-02,Push,Программа лояльности,Новый,Мобильное устройство,0.94,0,0,0.0
MKT005245,2025-08-05,Поисковая реклама,Программа лояльности,Повторный,Компьютер,17.85,0,0,0.0
MKT002859,2025-06-18,Email,Новый продукт,новый ,Мобильное устройство,2.31,0,0,0.0
MKT008026,2025-08-20,Поисковая реклама,Новый продукт,Повторный,Компьютер,28.3,0,0,0.0
MKT003340,2025-09-15,ПОИСКОВАЯ РЕКЛАМА,Имиджевая кампания,Повторный,Мобильное устройство,20.23,0,0,0.0
MKT002844,2025-08-01,Поисковая реклама,Ретаргетинг,Новый,Компьютер,19.69,0,0,0.0
MKT000771,2025-01-24,Email,Сезонная акция,Лояльный,Мобильное устройство,2.17,0,0,0.0
MKT009172,2025-03-10,Социальные сети,Ретаргетинг,Лояльный,Мобильное устройство,9.76,0,0,0.0
MKT004193,2025-07-09,Медийная реклама,Новый продукт,Лояльный,Мобильное устройство,8.13,1,0,0.0
MKT001478,2025-07-11,Социальные сети,Программа лояльности,Новый,Компьютер,8.6,0,0,0.0
MKT001214,2025-03-18,Социальные сети,Имиджевая кампания,Повторный,Компьютер,8.53,0,0,0.0
MKT005158,2025-02-27,Email,Новый продукт,Повторный,Мобильное устройство,2.85,0,0,0.0
MKT002291,2025-07-07,Email,Имиджевая кампания,Лояльный,Планшет,2.3,1,0,0.0
MKT006410,2025-08-13,Социальные сети,Сезонная акция,Лояльный,Мобильное устройство,9.91,0,0,0.0
MKT000488,2025-07-19,Социальные сети,Программа лояльности,Новый,Компьютер,9.95,0,0,0.0
MKT009820,2025-04-15,Социальные сети,Ретаргетинг,Повторный,Планшет,8.2,0,0,0.0
MKT008454,23.02.2025,Медийная реклама,Имиджевая кампания,Новый,Мобильное устройство,8.55,0,0,0.0
MKT009918,2025-01-23,Медийная реклама,Новый продукт,Лояльный,Мобильное устройство,8.1,0,0,0.0
MKT005097,2025-12-06,Социальные сети,Новый продукт,Повторный,Мобильное устройство,10.33,0,0,0.0
MKT007978,2025-07-24,Email,Новый продукт,Лояльный,Мобильное устройство,2.11,0,0,0.0
MKT005741,2025-04-22,Медийная реклама,Ретаргетинг,Повторный,Мобильное устройство,7.41,0,0,0.0
MKT004006,2025-02-04,Социальные сети,Ретаргетинг,Новый,Мобильное устройство,6.6,0,0,0.0
MKT001608,2025-12-29,Социальные сети,Ретаргетинг,Новый,Компьютер,9.08,0,0,0.0
MKT009895,2025-09-22,Социальные сети,Программа лояльности,Новый,Мобильное устройство,5.77,0,-1,0.0
MKT007381,2025-04-04,Поисковая реклама,Ретаргетинг,Лояльный,Компьютер,15.24,1,0,0.0
MKT008211,2025-12-07,Поисковая реклама,Сезонная акция,Лояльный,Мобильное устройство,26.58,0,0,0.0
MKT001970,2025-11-27,Социальные сети,Имиджевая кампания,Новый,Компьютер,11.16,0,0,0.0
MKT007400,2025-12-29,Медийная реклама,Ретаргетинг,Новый,Компьютер,3.63,0,0,0.0
MKT007563,2025-09-09,Email,Программа лояльности,Повторный,Мобильное устройство,1.36,0,0,0.0
MKT008256,2025-08-01,Поисковая реклама,Имиджевая кампания,Лояльный,Компьютер,24.1,0,0,0.0
MKT001235,2025-02-20,Медийная реклама,Новый продукт,Лояльный,Мобильное устройство,5.56,0,0,0.0
MKT002575,2025-09-22,Социальные сети,Имиджевая кампания,Лояльный,Мобильное устройство,7.77,0,0,0.0
MKT008287,2025-05-18,Медийная реклама,Программа лояльности,Повторный,Мобильное устройство,4.64,0,0,0.0
MKT008101,2025-06-28,Email,Сезонная акция,Повторный,Мобильное устройство,2.84,0,0,0.0
MKT005336,2025-07-07,Поисковая реклама,Программа лояльности,Лояльный,Мобильное устройство,18.58,1,0,0.0
MKT006598,2025-04-13,Поисковая реклама,Имиджевая кампания,Повторный,Мобильное устройство,18.83,0,0,0.0
MKT005579,2025-01-25,Push,Новый продукт,Лояльный,Компьютер,1.84,0,0,0.0
MKT006693,2025-02-24,Email,Программа лояльности,Повторный,Мобильное устройство,1.58,0,0,0.0
MKT001598,2025-01-31,Поисковая реклама,Имиджевая кампания,Повторный,Мобильное устройство,15.03,1,0,0.0
MKT003585,2025-02-23,Email,Ретаргетинг,Повторный,Мобильное устройство,2.29,0,0,0.0
MKT005332,2025-02-01,Поисковая реклама,Имиджевая кампания,Повторный,Мобильное устройство,20.37,0,0,0.0
MKT005893,2025-12-07,Поисковая реклама,Сезонная акция,Лояльный,Мобильное устройство,21.17,0,0,0.0
MKT004831,2025-11-19,Поисковая реклама,Новый продукт,Новый,Мобильное устройство,20.81,1,0,0.0
MKT009655,2025-07-19,Медийная реклама,Программа лояльности,Новый,Компьютер,5.3,0,0,0.0
MKT004381,2025-01-10,Email,Ретаргетинг,Новый,Планшет,1.76,0,0,0.0
MKT001733,2025-04-30,Социальные сети,Имиджевая кампания,Новый,Компьютер,9.47,0,0,0.0
MKT000719,2025-11-28,Социальные сети,Ретаргетинг,Новый,Планшет,7.72,0,0,0.0
MKT003590,2025-06-18,Push,Имиджевая кампания,Лояльный,Мобильное устройство,1.82,0,0,0.0
MKT001736,2025-01-23,Push,Ретаргетинг,Лояльный,Мобильное устройство,1.18,1,0,0.0
MKT007117,2025-09-29,,Программа лояльности,Повторный,Компьютер,8.78,0,0,0.0
MKT006076,2025-05-30,Социальные сети,Имиджевая кампания,Лояльный,Мобильное устройство,7.15,0,0,0.0
MKT001601,2025-01-23,Email,Сезонная акция,Новый,Мобильное устройство,1.58,0,0,0.0
MKT000328,2025-03-17,Поисковая реклама,Ретаргетинг,Повторный,Компьютер,18.79,0,0,0.0
MKT005569,2025-03-03,Социальные сети,Программа лояльности,Повторный,Мобильное устройство,9.86,0,0,0.0
MKT009829,2025-07-26,Email,Новый продукт,Повторный,Планшет,2.16,0,0,0.0
MKT008704,2025-07-25,Социальные сети,Сезонная акция,Новый,Мобильное устройство,7.84,0,0,0.0
MKT005496,2025-06-02,Медийная реклама,Ретаргетинг,Новый,Мобильное устройство,6.12,0,0,0.0
MKT005973,2025-07-18,Социальные сети,Ретаргетинг,Повторный,Планшет,12.13,0,0,0.0
MKT005080,2025-02-01,Push,Сезонная акция,Новый,Мобильное устройство,1.41,0,0,0.0
MKT000356,2025-12-16,Социальные сети,Ретаргетинг,Новый,Мобильное устройство,11.23,0,0,0.0
MKT004727,2025-04-19,Поисковая реклама,Ретаргетинг,Новый,Мобильное устройство,19.33,1,1,3885.41
MKT007477,2025-06-17,Медийная реклама,Программа лояльности,Повторный,Планшет,4.38,1,0,0.0
MKT009257,2025-07-03,Push,Имиджевая кампания,Новый,Мобильное устройство,2.03,0,0,0.0
MKT003710,2025-02-21,Социальные сети,Сезонная акция,Повторный,Компьютер,11.44,0,0,0.0
MKT001794,2025-01-12,Социальные сети,Новый продукт,Повторный,Мобильное устройство,10.89,1,1,3751.9
MKT006783,2025-09-25,Email,Сезонная акция,Лояльный,Компьютер,1.81,0,0,0.0
MKT006033,2025-12-08,Поисковая реклама,Имиджевая кампания,Лояльный,Мобильное устройство,16.88,0,0,0.0
MKT006646,2025-10-04,Email,Сезонная акция,Новый,Мобильное устройство,2.25,0,0,0.0
MKT002141,2025-06-09,Социальные сети,Имиджевая кампания,Лояльный,Компьютер,8.78,0,0,0.0
MKT008605,2025-04-19,Социальные сети,Ретаргетинг,Новый,Мобильное устройство,6.07,0,0,0.0
MKT008991,2025-05-04,Push,Сезонная акция,Лояльный,Мобильное устройство,1.82,0,0,0.0
MKT003056,2025-10-22,Email,Ретаргетинг,Повторный,Мобильное устройство,3.09,0,0,0.0
MKT009830,2025-06-12,Медийная реклама,Ретаргетинг,Новый,Компьютер,3.92,0,0,0.0
MKT007814,2025-02-13,Push,Программа лояльности,Повторный,Мобильное устройство,1.18,0,0,0.0
MKT009677,2025-05-06,Поисковая реклама,Ретаргетинг,Новый,Компьютер,17.26,0,0,0.0
MKT000456,2025-12-17,Email,Ретаргетинг,Повторный,Мобильное устройство,2.51,0,0,0.0
MKT007437,2025-09-17,Email,Ретаргетинг,Новый,Мобильное устройство,2.08,0,0,0.0
MKT007849,2025-09-04,Социальные сети,Программа лояльности,Повторный,Мобильное устройство,5.67,0,0,0.0
MKT001386,2025-08-25,Поисковая реклама,Ретаргетинг,Повторный,Компьютер,12.39,0,0,0.0
MKT000478,2025-10-28,Push,Сезонная акция,Лояльный,Мобильное устройство,1.21,0,0,0.0
MKT004880,2025-01-22,Поисковая реклама,Имиджевая кампания,Повторный,Компьютер,16.04,1,1,2515.98
MKT005411,2025-02-01,Поисковая реклама,Имиджевая кампания,Новый,Компьютер,15.51,0,0,0.0
MKT005948,2025-03-03,Социальные сети,Имиджевая кампания,Новый,Мобильное устройство,8.9,0,0,0.0
MKT002028,2025-07-28,Социальные сети,Ретаргетинг,Повторный,Мобильное устройство,9.62,0,0,0.0
MKT008664,2025-10-16,Социальные сети,Ретаргетинг,Новый,Мобильное устройство,5.55,1,0,0.0
MKT009251,2025-02-24,Email,Ретаргетинг,Новый,Мобильное устройство,1.98,0,0,0.0
MKT007673,2025-07-06,,Сезонная акция,Новый,Мобильное устройство,1.57,0,0,0.0
MKT006915,2025-06-27,Поисковая реклама,Сезонная акция,Повторный,Мобильное устройство,22.38,0,0,0.0
MKT001063,2025-01-01,Социальные сети,Новый продукт,Новый,Мобильное устройство,15.06,0,0,0.0
MKT004474,2025-12-23,Email,Ретаргетинг,Лояльный,Мобильное устройство,2.02,0,0,0.0
MKT009088,2025-08-25,Поисковая реклама,Имиджевая кампания,Лояльный,Мобильное устройство,27.38,0,0,0.0
MKT004904,2025-08-09,Медийная реклама,Имиджевая кампания,Повторный,Мобильное устройство,7.24,0,0,0.0
MKT007669,2025-02-05,Поисковая реклама,Программа лояльности,Лояльный,Компьютер,12.57,0,0,0.0
MKT003023,2025-06-04,Push,Ретаргетинг,Повторный,Мобильное устройство,1.32,0,0,0.0
MKT002228,2025-10-17,Социальные сети,Сезонная акция,Повторный,Планшет,7.96,0,0,0.0
MKT000420,2025-02-04,Медийная реклама,Ретаргетинг,Новый,Мобильное устройство,5.14,0,0,0.0
MKT009935,2025-09-02,Email,Новый продукт,Повторный,Мобильное устройство,2.7,0,0,0.0
MKT002070,2025-07-01,Поисковая реклама,Имиджевая кампания,Новый,Компьютер,21.24,0,0,0.0
MKT007554,2025-03-03,Email,Имиджевая кампания,Повторный,Мобильное устройство,2.4,0,0,0.0
MKT009436,2025-02-01,Социальные сети,Имиджевая кампания,Новый,Компьютер,7.82,0,0,0.0
MKT006601,2025-07-01,Email,Программа лояльности,Лояльный,Мобильное устройство,2.02,0,0,0.0
MKT003209,2025-03-10,Социальные сети,Новый продукт,Повторный,Компьютер,6.83,0,0,0.0
MKT008139,2025-08-25,Push,Сезонная акция,Новый,Мобильное устройство,1.89,0,0,0.0
MKT001484,2025-05-28,Социальные сети,Сезонная акция,Новый,Мобильное устройство,11.25,0,0,0.0
MKT007769,2025-03-02,Медийная реклама,Ретаргетинг,Повторный,Компьютер,5.33,0,0,0.0
MKT004570,2025-05-18,Социальные сети,Программа лояльности,Лояльный,Мобильное устройство,8.77,0,0,0.0
MKT005731,2025-06-21,Email,Ретаргетинг,Новый,Компьютер,2.65,0,0,0.0
MKT001540,2025-05-22,Медийная реклама,Имиджевая кампания,Новый,Компьютер,5.59,0,0,0.0
MKT003327,2025-03-09,Социальные сети,Ретаргетинг,Повторный,Планшет,8.58,0,0,0.0
MKT000142,2025-10-23,Поисковая реклама,Программа лояльности,Повторный,Мобильное устройство,18.89,0,0,0.0
MKT002510,2025-01-07,Push,Сезонная акция,Повторный,Мобильное устройство,1.02,0,0,0.0
MKT009575,2025-05-19,Медийная реклама,Сезонная акция,Повторный,Мобильное устройство,8.62,0,0,0.0
MKT003627,2025-05-08,Push,Ретаргетинг,Лояльный,Мобильное устройство,1.12,0,0,0.0
MKT002257,2025-07-01,Медийная реклама,Ретаргетинг,Повторный,Мобильное устройство,7.47,0,0,0.0
MKT004237,29.08.2025,Поисковая реклама,Ретаргетинг,Новый,Мобильное устройство,21.67,0,0,0.0
MKT008438,2025-01-31,Поисковая реклама,Имиджевая кампания,Новый,Мобильное устройство,19.81,0,0,0.0
MKT007900,2025-10-02,Медийная реклама,Новый продукт,Лояльный,Мобильное устройство,7.26,0,0,0.0
MKT008590,2025-05-11,Поисковая реклама,Имиджевая кампания,Новый,Компьютер,16.67,0,0,0.0
MKT007197,2025-06-24,Социальные сети,Сезонная акция,Повторный,Компьютер,14.93,0,0,0.0
MKT007965,2025-09-20,Медийная реклама,Имиджевая кампания,Повторный,Компьютер,7.06,0,0,0.0
MKT000261,2025-07-10,Медийная реклама,Новый продукт,Повторный,Компьютер,5.94,0,0,0.0
MKT004258,2025-10-13,Медийная реклама,Новый продукт,Новый,Компьютер,6.07,0,0,0.0
MKT005992,2025-09-20,Поисковая реклама,Новый продукт,Повторный,Мобильное устройство,20.59,0,0,0.0
MKT005593,2025-04-12,Email,Программа лояльности,Лояльный,Компьютер,1.99,0,0,0.0
MKT000038,2025-11-26,Push,Имиджевая кампания,Новый,Мобильное устройство,1.77,1,0,0.0
MKT007412,2025-04-04,Email,Новый продукт,Повторный,Мобильное устройство,2.19,0,0,0.0
MKT008784,2025-07-15,Email,Сезонная акция,Новый,Компьютер,2.66,0,0,0.0
MKT002853,2025-05-09,Социальные сети,Новый продукт,Новый,Мобильное устройство,10.59,0,0,0.0
MKT008887,2025-10-31,Социальные сети,Ретаргетинг,Новый,Мобильное устройство,8.96,0,0,0.0
MKT002153,2025-12-26,Социальные сети,Сезонная акция,Лояльный,Мобильное устройство,11.24,1,0,0.0
MKT005195,2025-09-11,Социальные сети,Новый продукт,Лояльный,Компьютер,6.19,1,0,0.0
MKT005367,2025-04-18,Социальные сети,Новый продукт,Повторный,Мобильное устройство,9.49,0,0,0.0
MKT006682,2025-11-01,Социальные сети,Имиджевая кампания,Новый,Мобильное устройство,9.96,0,0,0.0
MKT007095,2025-02-18,Поисковая реклама,Ретаргетинг,Новый,Мобильное устройство,24.44,1,1,3107.91
MKT005693,2025-12-15,Социальные сети,Сезонная акция,Новый,Мобильное устройство,11.45,1,1,5429.93
MKT005887,2025-01-27,Социальные сети,Ретаргетинг,Повторный,Мобильное устройство,9.2,0,0,0.0
MKT006095,2025-03-31,Социальные сети,Новый продукт,Новый,Компьютер,7.85,0,0,0.0
MKT003667,2025-07-12,Email,Ретаргетинг,Повторный,Мобильное устройство,2.42,0,0,0.0
MKT004724,2025-10-18,Email,Сезонная акция,Новый,Мобильное устройство,2.52,0,0,0.0
MKT004974,2025-01-13,Поисковая реклама,Новый продукт,Повторный,Компьютер,26.92,1,0,0.0
MKT004296,2025-07-25,Социальные сети,Ретаргетинг,Повторный,Мобильное устройство,6.2,0,0,0.0
MKT005842,2025-08-27,Email,Имиджевая кампания,Повторный,Компьютер,2.08,0,0,0.0
MKT004625,2025-04-04,Push,Ретаргетинг,Лояльный,Мобильное устройство,1.2,1,0,0.0
MKT005269,2025-08-26,Email,Сезонная акция,Повторный,Мобильное устройство,2.21,0,0,0.0
MKT000552,2025-07-09,Социальные сети,Сезонная акция,Новый,Мобильное устройство,8.82,0,0,0.0
MKT001222,2025-08-28,Поисковая реклама,Имиджевая кампания,Повторный,Компьютер,19.12,1,1,1845.96
MKT005724,2025-02-25,Социальные сети,Сезонная акция,Повторный,Мобильное устройство,12.28,0,0,0.0
MKT002075,2025-09-27,Поисковая реклама,Ретаргетинг,Новый,Компьютер,13.68,0,0,0.0
MKT007913,2025-04-21,Email,Ретаргетинг,Новый,Компьютер,1.73,1,0,0.0
MKT001800,2025-12-12,Email,Новый продукт,Новый,Мобильное устройство,2.9,0,-1,0.0
MKT006614,2025-11-17,Поисковая реклама,Имиджевая кампания,Лояльный,Мобильное устройство,17.74,1,0,0.0
MKT003859,2025-12-23,Поисковая реклама,Программа лояльности,Повторный,Компьютер,23.27,0,0,0.0
MKT001408,2025-02-20,Email,Новый продукт,Повторный,Планшет,2.11,0,0,0.0
MKT008873,2025-07-09,Социальные сети,Программа лояльности,Новый,Мобильное устройство,6.88,0,0,0.0
MKT004337,2025-03-04,Email,Программа лояльности,Новый,Компьютер,1.82,0,0,0.0
MKT001759,2025-11-28,Социальные сети,Новый продукт,Новый,Компьютер,9.16,0,0,0.0
MKT000186,2025-04-23,Push,Имиджевая кампания,Повторный,Мобильное устройство,1.66,0,0,0.0
MKT002120,2025-05-20,Push,Программа лояльности,Лояльный,Планшет,1.31,0,0,0.0
MKT004134,2025-09-14,Социальные сети,Программа лояльности,Новый,Мобильное устройство,5.59,0,0,0.0
MKT002577,2025-02-13,Email,Программа лояльности,Новый,Компьютер,1.96,0,0,0.0
MKT005699,2025-04-22,Email,Имиджевая кампания,Повторный,Мобильное устройство,2.02,0,0,0.0
MKT007433,2025-09-19,Push,Имиджевая кампания,Новый,Компьютер,2.04,0,0,0.0
MKT009621,2025-08-09,Поисковая реклама,Имиджевая кампания,Новый,Компьютер,21.62,0,0,0.0
MKT002394,2025-12-02,Поисковая реклама,Ретаргетинг,Новый,Мобильное устройство,13.97,0,0,0.0
MKT002786,2025-05-03,Социальные сети,Сезонная акция,Повторный,Мобильное устройство,15.99,0,0,0.0
MKT009800,2025-08-03,Push,Новый продукт,Повторный,Компьютер,2.27,0,0,0.0
MKT005320,2025-06-21,Поисковая реклама,Сезонная акция,Новый,Мобильное устройство,18.06,1,0,0.0
MKT007242,2025-01-04,Push,Программа лояльности,Новый,Компьютер,1.18,0,0,0.0
MKT006955,2025-09-10,Поисковая реклама,Имиджевая кампания,Новый,Компьютер,15.12,0,0,0.0
MKT007425,2025-12-31,Социальные сети,Программа лояльности,Лояльный,Мобильное устройство,7.68,0,0,0.0
MKT007822,2025-03-09,Email,Имиджевая кампания,Повторный,Мобильное устройство,3.51,0,0,0.0
MKT006415,2025-12-31,Push,Новый продукт,Новый,Мобильное устройство,1.41,0,0,0.0
MKT005481,26.08.2025,Поисковая реклама,Имиджевая кампания,Повторный,Компьютер,14.07,0,0,0.0
MKT002783,2025-12-04,Поисковая реклама,Ретаргетинг,Повторный,Мобильное устройство,19.07,0,0,0.0
MKT003322,2025-02-28,Email,Сезонная акция,Лояльный,Мобильное устройство,2.74,0,0,0.0
MKT000254,2025-10-05,Медийная реклама,Новый продукт,Лояльный,Мобильное устройство,6.04,0,0,0.0
MKT003410,2025-12-27,Поисковая реклама,Сезонная акция,Новый,Мобильное устройство,28.21,0,0,0.0
MKT002333,2025-05-27,Социальные сети,Ретаргетинг,Новый,Мобильное устройство,6.17,0,0,0.0
MKT008941,2025-03-11,Социальные сети,Новый продукт,Новый,Мобильное устройство,8.28,1,0,0.0
MKT001173,2025-08-03,Поисковая реклама,Программа лояльности,Повторный,Мобильное устройство,16.89,0,0,0.0
MKT003232,2025-05-25,Push,Программа лояльности,Новый,Мобильное устройство,1.0,0,0,0.0
MKT002384,2025-02-10,Поисковая реклама,Сезонная акция,Повторный,Мобильное устройство,29.39,0,0,0.0
MKT008240,2025-03-15,Поисковая реклама,Новый продукт,Новый,Мобильное устройство,23.88,0,0,0.0
MKT005511,2025-12-19,Медийная реклама,Имиджевая кампания,Повторный,Компьютер,7.27,0,0,0.0
MKT005694,2025-05-13,Социальные сети,Ретаргетинг,Повторный,Компьютер,7.81,1,0,0.0
MKT001753,2025-04-02,Email,Сезонная акция,Лояльный,Мобильное устройство,2.25,0,0,0.0
MKT002509,2025-12-20,Социальные сети,Ретаргетинг,Лояльный,Мобильное устройство,6.8,0,0,0.0
MKT000242,2025-04-07,Push,Новый продукт,Повторный,Мобильное устройство,1.52,0,0,0.0
MKT004889,2025-12-10,Поисковая реклама,Новый продукт,Новый,Мобильное устройство,18.23,1,1,7526.43
MKT007666,2025-02-04,Push,Имиджевая кампания,Повторный,Компьютер,2.06,0,0,0.0
MKT007719,2025-07-11,Поисковая реклама,Программа лояльности,Лояльный,Мобильное устройство,27.91,0,0,0.0
MKT003166,2025-04-28,Поисковая реклама,Ретаргетинг,Новый,Мобильное устройство,18.68,0,0,0.0
MKT009232,2025-07-21,,Новый продукт,Лояльный,Мобильное устройство,9.33,1,0,0.0
MKT003687,2025-06-23,Социальные сети,Имиджевая кампания,Лояльный,Планшет,7.85,0,0,
MKT009005,2025-10-14,Медийная реклама,Новый продукт,Лояльный,Мобильное устройство,5.47,0,0,0.0
MKT003846,2025-04-24,Email,Сезонная акция,Лояльный,Компьютер,3.01,0,0,0.0
MKT006269,2025-05-10,Социальные сети,Программа лояльности,Лояльный,Мобильное устройство,7.25,1,0,0.0
MKT001038,2025-02-23,Поисковая реклама,Сезонная акция,Повторный,Компьютер,19.48,0,0,0.0
MKT005846,2025-12-06,Email,Программа лояльности,Повторный,Мобильное устройство,2.26,1,0,0.0
MKT006327,2025-08-16,Push,Программа лояльности,Новый,Компьютер,1.26,0,0,0.0
MKT009334,2025-03-13,Медийная реклама,Сезонная акция,Новый,Мобильное устройство,7.01,0,0,0.0
MKT000126,2025-11-11,Push,Имиджевая кампания,Повторный,Компьютер,1.59,1,0,0.0
MKT000737,2025-09-03,Поисковая реклама,Сезонная акция,Повторный,Компьютер,21.96,0,0,0.0
MKT003840,2025-05-11,Email,Программа лояльности,Новый,Компьютер,1.63,0,0,0.0
MKT008071,2025-12-10,Email,Программа лояльности,Повторный,Мобильное устройство,1.26,0,0,0.0
MKT005608,2025-04-19,Социальные сети,Новый продукт,Лояльный,Компьютер,8.01,0,1,8248.81
MKT002265,2025-09-20,Социальные сети,Ретаргетинг,Повторный,Мобильное устройство,7.0,0,0,0.0
MKT007198,2025-07-04,Email,Новый продукт,Новый,Мобильное устройство,2.73,0,0,0.0
MKT009625,2025-07-05,Социальные сети,Ретаргетинг,Повторный,Мобильное устройство,10.16,0,0,0.0
MKT008716,2025-03-17,Push,Сезонная акция,Повторный,Планшет,1.56,0,0,0.0
MKT000940,2025-10-20,Email,Программа лояльности,Повторный,Мобильное устройство,1.47,0,0,0.0
MKT001378,2025-04-05,Социальные сети,Новый продукт,Лояльный,Компьютер,11.89,0,0,0.0
MKT009488,2025-01-24,Социальные сети,Имиджевая кампания,Повторный,Компьютер,9.74,0,0,0.0
MKT003402,2025-04-10,Поисковая реклама,Имиджевая кампания,Повторный,Мобильное устройство,17.81,0,0,0.0
MKT003098,2025-06-15,Социальные сети,Сезонная акция,Новый,Мобильное устройство,12.07,0,0,0.0
MKT004223,2025-12-14,Социальные сети,Новый продукт,Новый,Мобильное устройство,9.47,0,0,0.0
MKT003318,2025-10-08,Поисковая реклама,Сезонная акция,Лояльный,Компьютер,24.23,0,0,0.0
MKT006184,2025-04-24,Поисковая реклама,Ретаргетинг,Повторный,Мобильное устройство,16.78,0,0,0.0
MKT001883,2025-06-01,Поисковая реклама,Новый продукт,Новый,Компьютер,29.1,0,0,0.0
MKT000707,2025-06-24,Email,Ретаргетинг,Лояльный,Планшет,1.81,0,0,0.0
MKT009070,2025-04-04,Email,Ретаргетинг,Повторный,Компьютер,1.9,0,0,0.0
MKT005000,2025-02-10,Социальные сети,Ретаргетинг,Повторный,Мобильное устройство,10.42,0,0,0.0
MKT001120,2025-10-20,Email,Имиджевая кампания,Повторный,Компьютер,2.22,0,0,0.0
MKT000240,2025-03-14,Поисковая реклама,Ретаргетинг,Новый,Мобильное устройство,18.45,0,0,0.0
MKT000978,2025-03-12,Социальные сети,Сезонная акция,Лояльный,Мобильное устройство,9.89,0,0,0.0
MKT001009,2025-06-11,Медийная реклама,Имиджевая кампания,Лояльный,Компьютер,8.21,0,0,0.0
MKT005866,2025-02-04,Email,Ретаргетинг,Лояльный,Мобильное устройство,1.51,0,0,0.0
MKT007040,2025-07-10,Email,Имиджевая кампания,Новый,Мобильное устройство,2.14,0,0,0.0
MKT005026,2025-01-17,Email,Сезонная акция,Новый,Компьютер,4.32,0,0,0.0
MKT001880,2025-10-20,Поисковая реклама,Имиджевая кампания,Повторный,Компьютер,28.49,0,0,0.0
MKT005665,2025-10-20,Поисковая реклама,Программа лояльности,Повторный,Компьютер,20.49,0,0,0.0
MKT009022,2025-03-20,Email,Новый продукт,Лояльный,Планшет,3.23,0,0,0.0
MKT004344,2025-09-13,Поисковая реклама,Новый продукт,Лояльный,Мобильное устройство,24.53,1,0,0.0
MKT000842,2025-04-13, медийная реклама ,Программа лояльности,Повторный,Компьютер,5.92,0,0,0.0
MKT004488,2025-01-08,Email,Сезонная акция,Новый,Мобильное устройство,1.55,0,0,0.0
MKT009857,2025-08-13,Медийная реклама,Программа лояльности,Лояльный,Мобильное устройство,6.43,0,0,0.0
MKT000982,2025-02-23,Поисковая реклама,Сезонная акция,Новый,Мобильное устройство,21.54,0,0,0.0
MKT009885,2025-07-03,Email,Сезонная акция,Лояльный,Компьютер,2.37,0,0,0.0
MKT008224,2025-01-17,Push,Новый продукт,Лояльный,Мобильное устройство,1.57,0,0,0.0
MKT003207,2025-07-16,Push,Сезонная акция,Повторный,Мобильное устройство,2.02,0,0,0.0
MKT008925,2025-09-28,Поисковая реклама,Имиджевая кампания,Лояльный,Компьютер,21.71,0,0,0.0
MKT002349,2025-11-15,Email,Новый продукт,Повторный,Планшет,2.66,0,0,0.0
MKT002104,2025-12-05,Поисковая реклама,Программа лояльности,Лояльный,Планшет,9.77,1,0,0.0
MKT007993,2025-05-19,Медийная реклама,Программа лояльности,Лояльный,Мобильное устройство,5.47,0,0,0.0
MKT005568,2025-10-13,Поисковая реклама,Новый продукт,Новый,Компьютер,18.12,0,0,0.0
MKT008710,2025-10-29,Email,Сезонная акция,Новый,Мобильное устройство,2.37,0,0,0.0
MKT004980,2025-04-30,Медийная реклама,Сезонная акция,Повторный,Мобильное устройство,6.24,0,0,0.0
MKT008958,2025-10-01,Push,Ретаргетинг,Новый,Мобильное устройство,1.65,0,0,0.0
MKT005807,2025-03-19,Социальные сети,Имиджевая кампания,Новый,Мобильное устройство,9.92,0,0,0.0
MKT007793,2025-01-30,Email,Новый продукт,Повторный,Мобильное устройство,1.98,0,0,0.0
MKT007479,2025-05-19,Поисковая реклама,Новый продукт,Повторный,Компьютер,27.95,1,0,0.0
MKT006085,2025-02-23,Медийная реклама,Сезонная акция,Повторный,Мобильное устройство,6.55,0,0,0.0
MKT003469,2025-11-24,Социальные сети,Программа лояльности,Повторный,Мобильное устройство,9.29,1,1,4287.37
MKT009321,2025-04-19,Поисковая реклама,Программа лояльности,Новый,Планшет,21.65,0,0,0.0
MKT005126,2025-05-28,Поисковая реклама,Имиджевая кампания,Новый,Мобильное устройство,19.63,0,0,0.0
MKT003371,2025-11-07,Социальные сети,Ретаргетинг,Лояльный,Мобильное устройство,7.4,0,0,0.0
MKT004434,2025-09-27,Социальные сети,Программа лояльности,Повторный,Мобильное устройство,7.49,0,0,0.0
MKT004227,2025-05-19,Поисковая реклама,Программа лояльности,Повторный,Компьютер,20.43,0,0,0.0
MKT000404,2025-01-11,Поисковая реклама,Сезонная акция,Повторный,Мобильное устройство,16.33,0,0,0.0
MKT005723,2025-01-13,Push,Имиджевая кампания,Повторный,Мобильное устройство,1.43,0,0,0.0
MKT003708,2025-02-15,Email,Ретаргетинг,Повторный,Планшет,2.15,0,0,0.0
MKT005591,2025-12-29,Социальные сети,Ретаргетинг,Повторный,Мобильное устройство,9.33,0,0,0.0
MKT009507,2025-10-07,Email,Ретаргетинг,Новый,Мобильное устройство,2.11,0,0,0.0
MKT000536,2025-12-27,Медийная реклама,Ретаргетинг,Повторный,Мобильное устройство,6.34,1,1,3492.64
MKT006197,2025-11-28,Поисковая реклама,Новый продукт,Лояльный,Мобильное устройство,16.88,0,0,0.0
MKT002881,2025-03-27,Push,Имиджевая кампания,Повторный,Планшет,1.91,0,0,0.0
MKT004343,2025-08-30,Социальные сети,Сезонная акция,Повторный,Компьютер,8.3,0,0,0.0
MKT002243,2025-12-04,Push,Программа лояльности,Повторный,Мобильное устройство,1.44,0,0,0.0
MKT007363,2025-12-08,Поисковая реклама,Сезонная акция,Новый,Мобильное устройство,21.08,1,0,0.0
MKT004852,2025-01-06,Поисковая реклама,Имиджевая кампания,Повторный,Мобильное устройство,19.69,0,0,0.0
MKT000865,2025-07-17,Медийная реклама,Программа лояльности,Новый,Мобильное устройство,5.02,0,0,0.0
MKT005575,2025-11-23,Социальные сети,Новый продукт,Повторный,Мобильное устройство,12.34,0,0,0.0
MKT000056,2025-09-14,Социальные сети,Имиджевая кампания,Повторный,Мобильное устройство,10.43,0,0,0.0
MKT008532,2025-08-05,Email,Ретаргетинг,Новый,Мобильное устройство,1.96,0,0,0.0
MKT008437,2025-10-23,Поисковая реклама,Сезонная акция,Новый,Компьютер,27.48,0,0,0.0
MKT003242,2025-07-06,Медийная реклама,Программа лояльности,Новый,Мобильное устройство,8.57,0,0,0.0
MKT002635,2025-11-13,Социальные сети,Сезонная акция,Лояльный,Компьютер,8.3,0,0,0.0
MKT005791,2025-12-06,Социальные сети,Новый продукт,Лояльный,Компьютер,11.74,0,0,0.0
MKT005714,2025-09-10,Push,Новый продукт,Лояльный,Компьютер,1.83,0,0,
MKT003285,2025-03-20,Социальные сети,Новый продукт,Повторный,Компьютер,15.07,1,0,0.0
MKT009000,2025-07-22,Email,Новый продукт,Повторный,Компьютер,3.02,0,0,0.0
MKT001670,2025-11-04,Поисковая реклама,Сезонная акция,Повторный,Мобильное устройство,22.39,0,0,0.0
MKT007889,2025-06-11,Push,Имиджевая кампания,Повторный,Компьютер,1.15,0,0,0.0
MKT003598,2025-08-29,Email,Программа лояльности,Повторный,Мобильное устройство,1.85,0,0,0.0
MKT000850,2025-12-12,Поисковая реклама,Ретаргетинг,Новый,Мобильное устройство,24.57,1,0,0.0
MKT001962,2025-04-15,Социальные сети,Сезонная акция,Повторный,Мобильное устройство,9.36,1,0,0.0
MKT008490,2025-05-17,Социальные сети,Ретаргетинг,Повторный,Мобильное устройство,10.86,0,0,0.0
MKT005351,2025-08-04,Email,Сезонная акция,Лояльный,Планшет,2.76,0,0,0.0
MKT002661,2025-04-30,Email,Имиджевая кампания,Повторный,Мобильное устройство,1.87,0,0,0.0
MKT002115,2025-10-05,Социальные сети,Сезонная акция,Новый,Мобильное устройство,10.44,0,0,0.0
MKT003452,2025-04-29,Поисковая реклама,Ретаргетинг,Повторный,Мобильное устройство,10.93,0,0,0.0
MKT009378,2025-08-16,Медийная реклама,Программа лояльности,Лояльный,Компьютер,3.32,0,0,0.0
MKT006303,2025-10-30,Социальные сети,Программа лояльности,Новый,Мобильное устройство,6.46,0,0,0.0
MKT003999,2025-03-31,Email,Новый продукт,Новый,Компьютер,1.87,0,0,0.0
MKT004931,2025-10-19,Email,Новый продукт,Повторный,Компьютер,1.68,0,0,0.0
MKT000856,2025-09-08,Медийная реклама,Сезонная акция,Повторный,Мобильное устройство,7.54,0,0,0.0
MKT005024,2025-01-02,Поисковая реклама,Ретаргетинг,Повторный,Компьютер,23.17,0,0,0.0
MKT000484,2025-01-15,Поисковая реклама,Сезонная акция,Новый,Мобильное устройство,24.17,1,0,0.0
MKT003805,2025-12-29,Поисковая реклама,Новый продукт,Новый,Мобильное устройство,32.15,0,0,0.0
MKT000791,2025-01-17,Email,Ретаргетинг,Новый,Компьютер,1.97,0,0,0.0
MKT006319,2025-08-14,Социальные сети,Сезонная акция,Новый,Мобильное устройство,8.12,0,0,0.0
MKT002563,2025-11-03,Поисковая реклама,Новый продукт,Новый,Мобильное устройство,21.02,0,0,0.0
MKT004396,2025-01-27,Социальные сети,Программа лояльности,Лояльный,Компьютер,12.89,1,0,0.0
MKT007887,2025-05-24,Поисковая реклама,Новый продукт,Новый,Компьютер,19.87,0,0,0.0
MKT006052,2025-02-24,Медийная реклама,Программа лояльности,Новый,Компьютер,4.11,0,0,0.0
MKT008983,2025-12-02,Push,Ретаргетинг,Повторный,Компьютер,1.29,0,0,0.0
MKT006688,2025-01-27,Push,Программа лояльности,Повторный,Компьютер,1.36,0,0,0.0
MKT007184,2025-09-06,Email,Новый продукт,Повторный,Компьютер,1.87,0,0,0.0
MKT007690,2025-08-18,Медийная реклама,Новый продукт,Новый,Мобильное устройство,7.77,0,0,0.0
MKT004667,2025-12-24,Социальные сети,Ретаргетинг,Новый,Мобильное устройство,7.63,0,0,0.0
MKT008946,2025-12-20,Push,Новый продукт,Лояльный,Мобильное устройство,2.33,0,0,0.0
MKT007698,2025-07-02,Социальные сети,Новый продукт,Повторный,Мобильное устройство,7.97,0,0,0.0
MKT001227,2025-11-15,Социальные сети,Сезонная акция,Новый,Планшет,10000.0,0,0,0.0
MKT001269,2025-11-12,Поисковая реклама,Новый продукт,Повторный,Мобильное устройство,18.19,0,0,0.0
MKT002719,2025-08-14,Push,Новый продукт,Новый,Мобильное устройство,1.92,0,0,0.0
MKT005033,2025-07-01,Поисковая реклама,Программа лояльности,Повторный,Компьютер,24.48,0,0,0.0
MKT003293,2025-10-07,Email,Новый продукт,Новый,Мобильное устройство,2.54,0,0,0.0
MKT007331,2025-05-19,Email,Программа лояльности,Повторный,Мобильное устройство,2.23,0,-1,0.0
MKT000755,2025-11-10,Социальные сети,Новый продукт,Лояльный,Мобильное устройство,10.41,0,0,0.0
MKT005081,2025-09-02,Email,Программа лояльности,Лояльный,Мобильное устройство,2.39,0,0,0.0
MKT003157,2025-07-28,Социальные сети,Сезонная акция,Новый,Мобильное устройство,9.64,1,0,0.0
MKT001762,2025-02-28,Email,Сезонная акция,Лояльный,Мобильное устройство,2.7,1,0,0.0
MKT005670,2025-06-05,Медийная реклама,Ретаргетинг,Повторный,Мобильное устройство,6.27,0,0,0.0
MKT002262,2025-01-29,Push,Ретаргетинг,Лояльный,Мобильное устройство,1.63,0,0,0.0
MKT006632,2025-01-11,Email,Новый продукт,Лояльный,Компьютер,2.31,0,0,0.0
MKT009262,2025-07-18,Социальные сети,Новый продукт,Новый,Компьютер,10.77,0,0,0.0
MKT000229,2025-12-17,Поисковая реклама,Сезонная акция,Повторный,Компьютер,26.43,0,0,0.0
MKT007442,2025-11-02,Социальные сети,Новый продукт,Повторный,Мобильное устройство,15.87,0,0,0.0
MKT002367,2025-01-26,Социальные сети,Программа лояльности,Новый,Планшет,8.03,0,0,0.0
MKT003080,2025-11-18,Email,Ретаргетинг,Повторный,Мобильное устройство,2.64,0,0,0.0
MKT002031,2025-12-08,Социальные сети,Ретаргетинг,Новый,Мобильное устройство,11.35,0,0,0.0
MKT000985,2025-07-06,Push,Новый продукт,Лояльный,Компьютер,1.86,1,0,0.0
MKT000889,2025-09-06,Email,Новый продукт,Повторный,Мобильное устройство,2.84,1,1,5247.06
MKT003646,2025-12-14,Поисковая реклама,Имиджевая кампания,Повторный,Мобильное устройство,35.91,0,0,0.0
MKT001641,2025-02-26,Социальные сети,Сезонная акция,Новый,Мобильное устройство,9.14,0,0,0.0
MKT004330,2025-11-12,Email,Ретаргетинг,Повторный,Компьютер,2.55,0,0,0.0
MKT009693,2025-02-17,Push,Новый продукт,Повторный,Компьютер,1.24,0,0,0.0
MKT004565,2025-12-18,Email,Имиджевая кампания,Повторный,Мобильное устройство,2.33,0,0,0.0
MKT003188,2025-09-17,Социальные сети,Ретаргетинг,Повторный,Мобильное устройство,14.27,0,0,0.0
MKT004722,2025-10-24,Социальные сети,Сезонная акция,Повторный,Мобильное устройство,11.22,0,0,0.0
MKT000385,2025-01-20,Поисковая реклама,Ретаргетинг,Лояльный,Мобильное устройство,18.21,0,0,0.0
MKT005554,2025-03-01,Push,Сезонная акция,Лояльный,Компьютер,1.63,0,0,0.0
MKT000962,2025-08-29,Социальные сети,Ретаргетинг,Лояльный,Компьютер,9.38,0,0,0.0
MKT008058,2025-03-15,Push,Имиджевая кампания,Новый,Мобильное устройство,,0,0,0.0
MKT003070,2025-12-22,Социальные сети,Сезонная акция,Повторный,Мобильное устройство,8.42,0,0,0.0
MKT001072,2025-03-01,Поисковая реклама,Ретаргетинг,Повторный,Мобильное устройство,17.43,0,0,0.0
MKT005028,2025-01-07,Медийная реклама,Ретаргетинг,Повторный,Планшет,7.79,1,0,0.0
MKT007736,2025-01-06,Социальные сети,Имиджевая кампания,Новый,Компьютер,11.86,0,0,0.0
MKT004303,2025-01-10,Push,Ретаргетинг,Новый,Компьютер,1.79,0,0,0.0
MKT002799,2025-12-21,Поисковая реклама,Сезонная акция,Повторный,Мобильное устройство,24.87,0,0,0.0
MKT004276,2025-02-16,Социальные сети,Программа лояльности,Повторный,Мобильное устройство,8.8,0,0,0.0
MKT005939,2025-11-14,Email,Сезонная акция,Новый,Мобильное устройство,1.31,0,0,0.0
MKT006658,2025-03-12,Медийная реклама,Новый продукт,Повторный,Компьютер,9.82,0,0,0.0
MKT000483,2025-03-14,Социальные сети,Имиджевая кампания,Лояльный,Компьютер,11.1,1,0,0.0
MKT004523,2025-06-09,Медийная реклама,Имиджевая кампания,Лояльный,Мобильное устройство,6.46,1,0,0.0
MKT003933,2025-09-07,Поисковая реклама,Имиджевая кампания,Новый,Мобильное устройство,20.49,0,0,0.0
MKT007595,2025-11-16,Социальные сети,Ретаргетинг,Лояльный,Мобильное устройство,9.61,1,0,0.0
MKT003108,2025-01-13,Email,Имиджевая кампания,Новый,Компьютер,2.82,0,0,0.0
MKT006793,2025-01-24,Push,Программа лояльности,Повторный,Мобильное устройство,1.13,0,0,0.0
MKT008279,2025-08-01,Медийная реклама,Имиджевая кампания,Повторный,Компьютер,7.98,0,0,0.0
MKT008089,2025-11-13,Поисковая реклама,Программа лояльности,Повторный,Мобильное устройство,18.25,1,1,3613.92
MKT009175,2025-10-12,Push,Имиджевая кампания,Новый,Мобильное устройство,1.57,0,0,0.0
MKT000744,2025-01-13,Медийная реклама,Программа лояльности,Повторный,Мобильное устройство,6.46,0,0,0.0
MKT007325,2025-10-15,Push,Ретаргетинг,Лояльный,Компьютер,1.35,1,1,3235.22
MKT001455,2025-09-19,Поисковая реклама,Ретаргетинг,Новый,Компьютер,16.01,1,0,0.0
MKT004125,2025-07-05,Социальные сети,Сезонная акция,Новый,Мобильное устройство,8.36,0,0,0.0
MKT008780,2025-09-18,Социальные сети,Сезонная акция,Повторный,Мобильное устройство,13.8,0,0,0.0
MKT006477,2025-12-07,Email,Программа лояльности,Новый,Мобильное устройство,1.87,0,0,0.0
MKT001024,2025-11-29,Социальные сети,Сезонная акция,Новый,Мобильное устройство,13.17,0,0,0.0
MKT005683,2025-08-31,Социальные сети,Новый продукт,Повторный,Мобильное устройство,14.43,0,0,0.0
MKT006313,2025-05-29,Поисковая реклама,Сезонная акция,Новый,Мобильное устройство,22.21,0,0,0.0
MKT007443,2025-05-03,Email,Новый продукт,Лояльный,Мобильное устройство,2.48,0,0,0.0
MKT008109,2025-05-04,Медийная реклама,Новый продукт,Новый,Компьютер,8.1,0,0,0.0
MKT007829,23.04.2025,Социальные сети,Ретаргетинг,Новый,Мобильное устройство,7.87,0,0,0.0
MKT002771,2025-06-23,Медийная реклама,Новый продукт,Новый,Мобильное устройство,7.18,0,0,0.0
MKT001843,2025-08-21,Социальные сети,Имиджевая кампания,Повторный,Компьютер,8.07,0,0,0.0
MKT008050,2025-10-28,Социальные сети,Сезонная акция,Лояльный,Планшет,7.03,0,0,0.0
MKT002583,2025-07-19,Email,Ретаргетинг,Повторный,Компьютер,2.53,0,0,0.0
MKT003960,2025-04-16,Push,Ретаргетинг,Повторный,Мобильное устройство,1.4,1,1,5450.7
MKT007840,2025-10-11,Поисковая реклама,Новый продукт,Лояльный,Компьютер,14.84,1,0,0.0
MKT003544,2025-10-28,Медийная реклама,Имиджевая кампания,Повторный,Мобильное устройство,3.86,0,0,0.0
MKT006223,2025-03-12,Push,Ретаргетинг,Повторный,Компьютер,1.31,0,0,0.0
MKT008582,2025-04-04,Поисковая реклама,Сезонная акция,Повторный,Компьютер,19.09,1,0,0.0
MKT008990,2025-04-17,Email,Ретаргетинг,Лояльный,Мобильное устройство,1.65,0,0,0.0
MKT006049,2025-08-11,Социальные сети,Имиджевая кампания,Новый,Мобильное устройство,9.99,1,0,0.0
MKT004068,2025-12-07,Поисковая реклама,Новый продукт,Лояльный,Компьютер,,0,1,0.0
MKT004062,2025-01-26,Push,Новый продукт,Повторный,Мобильное устройство,1.43,0,0,0.0
MKT008894,2025-03-23,Email,Новый продукт,Лояльный,Мобильное устройство,2.39,0,0,0.0
MKT001570,2025-07-24,Поисковая реклама,Сезонная акция,Повторный,Мобильное устройство,18.89,0,0,0.0
MKT005860,2025-05-27,Медийная реклама,Новый продукт,Новый,Мобильное устройство,6.62,0,0,0.0
MKT005969,2025-09-16,Email,Имиджевая кампания,Повторный,Компьютер,2.09,0,0,0.0
MKT005025,2025-04-24,Email,Сезонная акция,Новый,Компьютер,3.09,0,0,0.0
MKT005477,2025-05-16,Поисковая реклама,Сезонная акция,Повторный,Мобильное устройство,21.03,1,0,0.0
MKT005783,2025-04-01,Социальные сети,Программа лояльности,Повторный,Мобильное устройство,9.18,0,0,0.0
MKT000721,2025-10-19,Email,Программа лояльности,Новый,Мобильное устройство,1.84,0,0,0.0
MKT004995,2025-05-28,Email,Программа лояльности,Новый,Мобильное устройство,1.7,0,0,0.0
MKT008938,2025-08-05,Социальные сети,Ретаргетинг,Новый,Планшет,8.56,0,0,0.0
MKT004077,2025-09-24,Медийная реклама,Программа лояльности,Лояльный,Мобильное устройство,3.86,0,0,0.0
MKT009858,2025-03-02,Поисковая реклама,Сезонная акция,Повторный,Компьютер,22.52,1,0,0.0
MKT006743,2025-08-19,Медийная реклама,Ретаргетинг,Лояльный,Компьютер,7.25,0,0,0.0
MKT003685,2025-01-29,Медийная реклама,Новый продукт,Лояльный,Компьютер,6.58,0,0,0.0
MKT008966,2025-05-28,Поисковая реклама,Имиджевая кампания,Новый,Мобильное устройство,24.79,0,0,0.0
MKT005131,2025-12-12,Поисковая реклама,Сезонная акция,Лояльный,Компьютер,20.57,0,0,0.0
MKT006737,2025-05-14,Поисковая реклама,Программа лояльности,Повторный,Мобильное устройство,14.3,0,0,0.0
MKT000269,2025-05-30,Поисковая реклама,Ретаргетинг,Повторный,Мобильное устройство,22.92,0,0,0.0
MKT002777,2025-01-26,Поисковая реклама,Сезонная акция,Новый,Мобильное устройство,20.94,0,0,0.0
MKT009007,2025-12-21,Push,Программа лояльности,Повторный,Компьютер,1.07,0,0,0.0
MKT005764,2025-05-13,Поисковая реклама,Ретаргетинг,Повторный,Мобильное устройство,18.12,0,0,0.0
MKT006189,2025-03-11,Email,Имиджевая кампания,Повторный,Мобильное устройство,2.69,0,0,0.0
MKT007964,2025-04-01,Push,Имиджевая кампания,Лояльный,Мобильное устройство,1.62,0,0,0.0
MKT007646,2025-03-27,Поисковая реклама,Имиджевая кампания,Новый,Мобильное устройство,24.33,1,1,4263.76
MKT008007,2025-03-19,Email,Имиджевая кампания,Новый,Мобильное устройство,2.77,1,0,0.0
MKT003648,2025-03-28,Социальные сети,Ретаргетинг,Новый,Мобильное устройство,12.45,0,0,0.0
MKT001417,2025-02-19,Поисковая реклама,Ретаргетинг,Новый,Мобильное устройство,22.52,0,0,0.0
MKT007789,2025-05-29,Медийная реклама,Программа лояльности,Повторный,Мобильное устройство,5.05,0,0,0.0
MKT001522,2025-04-17,Email,Ретаргетинг,Новый,Компьютер,1.87,0,0,0.0
MKT008903,2025-01-07,Email,Новый продукт,Новый,Компьютер,2.16,0,0,0.0
MKT005580,2025-06-01,Поисковая реклама,Новый продукт,Повторный,Мобильное устройство,30.37,0,0,0.0
MKT008324,2025-05-16,Email,Сезонная акция,Повторный,Мобильное устройство,2.54,0,0,0.0
MKT002427,2025-09-09,Медийная реклама,Новый продукт,Повторный,Мобильное устройство,6.71,0,0,0.0
MKT008667,2025-09-12,Медийная реклама,Новый продукт,Повторный,Компьютер,6.44,0,0,0.0
MKT003375,2025-02-28,Push,Программа лояльности,Новый,Мобильное устройство,1.03,0,0,0.0
MKT000475,2025-12-26,Email,Имиджевая кампания,Лояльный,Мобильное устройство,2.15,0,0,0.0
MKT008631,2025-04-21,Email,Имиджевая кампания,Повторный,Мобильное устройство,2.89,0,0,0.0
MKT001135,2025-01-25,Push,Сезонная акция,Повторный,Мобильное устройство,1.59,0,0,0.0
MKT009197,2025-02-01,Поисковая реклама,Программа лояльности,Повторный,Компьютер,17.78,0,0,0.0
MKT008813,2025-12-06,Поисковая реклама,Программа лояльности,Новый,Мобильное устройство,15.32,0,0,0.0
MKT008141,2025-01-12,Социальные сети,Ретаргетинг,Новый,Компьютер,8.61,0,0,0.0
MKT004219,2025-04-04,Push,Программа лояльности,Повторный,Компьютер,1.36,0,0,0.0
MKT006357,2025-07-31,Социальные сети,Имиджевая кампания,Повторный,Мобильное устройство,12.95,0,0,0.0
MKT000567,2025-02-25,Поисковая реклама,Программа лояльности,Лояльный,Мобильное устройство,10.06,0,0,0.0
MKT002248,2025-09-09,Поисковая реклама,Имиджевая кампания,Повторный,Мобильное устройство,16.03,0,0,0.0
MKT007851,2025-07-11,Поисковая реклама,Новый продукт,Новый,Мобильное устройство,19.93,0,0,0.0
MKT002348,2025-02-08,Поисковая реклама,Программа лояльности,Повторный,Компьютер,15.83,1,1,6785.9
MKT003029,2025-02-21,Поисковая реклама,Программа лояльности,Повторный,Компьютер,11.19,0,0,0.0
MKT000927,2025-10-31,Email,Программа лояльности,Новый,Мобильное устройство,1.21,0,0,0.0
MKT003439,2025-06-09,Медийная реклама,Новый продукт,Повторный,Мобильное устройство,7.57,0,0,0.0
MKT001717,2025-10-06,Email,Новый продукт,Повторный,Мобильное устройство,2.5,0,0,0.0
MKT007553,2025-01-15,Email,Имиджевая кампания,Новый,Компьютер,2.87,0,0,0.0
MKT006964,2025-10-23,Email,Ретаргетинг,Повторный,Мобильное устройство,1.47,1,0,0.0
MKT006266,2025-09-27,Email,Новый продукт,Новый,Компьютер,2.95,1,0,0.0
MKT006769,2025-05-26,Email,Имиджевая кампания,Повторный,Компьютер,2.48,0,0,0.0
MKT004414,2025-08-27,Социальные сети,Ретаргетинг,Новый,Мобильное устройство,6.76,0,0,0.0
MKT006366,2025-03-25,Email,Сезонная акция,Повторный,Компьютер,3.68,0,0,0.0
MKT006697,2025-11-13,Email,Программа лояльности,Повторный,Мобильное устройство,2.05,0,0,0.0
MKT006367,2025-08-08,Медийная реклама,Сезонная акция,Новый,Компьютер,10.22,0,0,0.0
MKT006496,2025-11-25,Email,Сезонная акция,Новый,Мобильное устройство,2.51,0,0,0.0
MKT003196,2025-03-20,Email,Имиджевая кампания,Повторный,Мобильное устройство,2.8,0,0,0.0
MKT003563,2025-05-04,Email,Программа лояльности,Повторный,Мобильное устройство,2.07,0,0,0.0
MKT002953,2025-08-08,Email,Ретаргетинг,Лояльный,Мобильное устройство,2.35,0,0,0.0
MKT008855,2025-11-13,Push,Ретаргетинг,Лояльный,Мобильное устройство,1.62,0,0,0.0
MKT008561,2025-11-07,Социальные сети,Имиджевая кампания,Новый,Компьютер,14.14,1,0,0.0
MKT008505,2025-03-06,Поисковая реклама,Сезонная акция,Повторный,Планшет,18.88,0,0,0.0
MKT009508,2025-08-13,Email,Сезонная акция,Новый,Компьютер,2.65,0,0,0.0
MKT004078,2025-12-29,Email,Ретаргетинг,Повторный,Мобильное устройство,2.76,0,0,0.0
MKT009417,2025-06-01,Email,Новый продукт,Новый,Мобильное устройство,2.52,0,0,0.0
MKT004233,2025-01-07,Социальные сети,Имиджевая кампания,Новый,Мобильное устройство,12.19,0,0,0.0
MKT005431,2025-07-06,Поисковая реклама,Ретаргетинг,Повторный,Мобильное устройство,41.72,0,0,0.0
MKT001498,2025-11-11,Email,Имиджевая кампания,Повторный,Мобильное устройство,1.37,0,0,0.0
MKT006471,2025-02-28,Поисковая реклама,Новый продукт,Повторный,Мобильное устройство,22.78,0,0,0.0
MKT005727,2025-08-08,Email,Имиджевая кампания,Повторный,Мобильное устройство,1.87,1,0,0.0
MKT003540,2025-08-16,Поисковая реклама,Ретаргетинг,Лояльный,Компьютер,23.15,0,0,0.0
MKT002536,2025-09-21,Медийная реклама,Сезонная акция,Новый,Мобильное устройство,4.13,0,0,0.0
MKT008151,2025-12-02,Поисковая реклама,Программа лояльности,Новый,Мобильное устройство,20.66,0,0,0.0
MKT006765,2025-12-12,Email,Сезонная акция,Новый,Мобильное устройство,2.51,0,0,0.0
MKT009944,2025-08-08,Медийная реклама,Программа лояльности,Новый,Компьютер,6.55,0,0,0.0
MKT003947,2025-10-02,Социальные сети,Сезонная акция,Лояльный,Мобильное устройство,10.46,0,0,0.0
MKT001142,2025-01-04,Поисковая реклама,Сезонная акция,Повторный,Мобильное устройство,21.39,1,0,0.0
MKT001580,2025-04-07,Поисковая реклама,Программа лояльности,Повторный,Компьютер,17.84,0,0,0.0
MKT009841,2025-02-04,Социальные сети,Новый продукт,Повторный,Мобильное устройство,8.63,0,0,0.0
MKT007681,2025-12-04,Социальные сети,Новый продукт,Лояльный,Мобильное устройство,10.97,0,0,0.0
MKT007835,2025-11-18,Поисковая реклама,Программа лояльности,Повторный,Мобильное устройство,17.54,0,0,0.0
MKT003985,2025-11-09,Поисковая реклама,Новый продукт,Лояльный,Компьютер,25.46,0,0,0.0
MKT003867,2025-06-28,Социальные сети,Имиджевая кампания,Повторный,Компьютер,15.82,1,0,0.0
MKT008620,2025-03-16,Email,Имиджевая кампания,Новый,Компьютер,1.82,0,0,0.0
MKT003024,2025-05-08,Email,Программа лояльности,Новый,Мобильное устройство,2.0,0,0,0.0
MKT007260,2025-03-26,Email,Ретаргетинг,Повторный,Мобильное устройство,2.17,0,0,0.0
MKT007989,2025-10-27,Социальные сети,Новый продукт,Лояльный,Мобильное устройство,14.0,0,0,0.0
MKT006837,2025-05-12,Медийная реклама,Программа лояльности,Лояльный,Мобильное устройство,4.29,0,0,0.0
MKT005815,2025-03-29,Поисковая реклама,Сезонная акция,Повторный,Компьютер,15.66,0,0,0.0
MKT003617,2025-04-07,Медийная реклама,Новый продукт,Повторный,Мобильное устройство,4.84,1,0,0.0
MKT001951,2025-05-07,Push,Новый продукт,Лояльный,Мобильное устройство,1.49,0,0,0.0
MKT006429,2025-03-21,Поисковая реклама,Имиджевая кампания,Новый,Компьютер,23.09,0,0,0.0
MKT001803,2025-08-16,Медийная реклама,Сезонная акция,Повторный,Мобильное устройство,6.75,0,0,0.0
MKT008314,2025-08-04,Поисковая реклама,Сезонная акция,Новый,Компьютер,24.82,0,0,0.0
MKT006954,2025-05-03,Email,Сезонная акция,Повторный,Мобильное устройство,1.85,0,0,0.0
MKT008986,2025-12-30,Push,Имиджевая кампания,Повторный,Мобильное устройство,,0,0,0.0
MKT002899,2025-12-08,Поисковая реклама,Имиджевая кампания,Повторный,Мобильное устройство,23.37,1,0,0.0
MKT007195,2025-09-20,Email,Имиджевая кампания,Повторный,Компьютер,2.75,0,0,0.0
MKT005127,2025-02-21,Социальные сети,Программа лояльности,Лояльный,Компьютер,4.48,0,0,0.0
MKT008313,2025-09-13,Push,Сезонная акция,Лояльный,Мобильное устройство,1.63,0,0,0.0
MKT004127,2025-03-20,Поисковая реклама,Имиджевая кампания,Повторный,Мобильное устройство,18.02,0,0,0.0
MKT003239,2025-10-10,Социальные сети,Новый продукт,Лояльный,Компьютер,14.7,1,0,0.0
MKT008049,2025-05-26,Поисковая реклама,Ретаргетинг,Повторный,Мобильное устройство,19.39,0,0,0.0
MKT000292,2025-05-25,Поисковая реклама,Программа лояльности,Повторный,Мобильное устройство,16.39,1,0,0.0
MKT009280,2025-04-23,Медийная реклама,Ретаргетинг,Лояльный,Компьютер,7.17,0,0,0.0
MKT003557,2025-01-20,Медийная реклама,Ретаргетинг,Повторный,Мобильное устройство,5.78,0,0,0.0
MKT008787,2025-07-26,Поисковая реклама,Ретаргетинг,Повторный,Мобильное устройство,22.05,0,0,0.0
MKT000558,2025-01-30,Email,Сезонная акция,Новый,Мобильное устройство,1.87,0,0,0.0
MKT009736,2025-05-12,Поисковая реклама,Имиджевая кампания,Повторный,Мобильное устройство,15.91,0,0,0.0
MKT007843,2025-09-05,Социальные сети,Программа лояльности,Повторный,Компьютер,9.68,0,0,0.0
MKT003527,2025-12-19,Push,Ретаргетинг,Повторный,Мобильное устройство,1.55,1,1,2105.76
MKT002063,2025-01-06,Медийная реклама,Новый продукт,Лояльный,Мобильное устройство,5.94,0,0,0.0
MKT001966,2025-04-19,Push,Сезонная акция,Лояльный,Мобильное устройство,1.46,0,0,0.0
MKT006063,2025-04-09,Поисковая реклама,Сезонная акция,Новый,Компьютер,21.26,1,0,0.0
MKT000491,2025-06-29,Поисковая реклама,Ретаргетинг,Повторный,Мобильное устройство,22.12,0,0,0.0
MKT000992,2025-02-01,Email,Имиджевая кампания,Новый,Компьютер,2.3,0,0,0.0
MKT009442,2025-12-11,Поисковая реклама,Сезонная акция,Повторный,Компьютер,21.21,1,0,0.0
MKT004217,2025-03-08,Социальные сети,Ретаргетинг,Лояльный,Мобильное устройство,8.11,0,0,0.0
MKT006290,2025-09-01,Push,Ретаргетинг,Повторный,Мобильное устройство,1.62,0,0,0.0
MKT006763,2025-07-03,Социальные сети,Ретаргетинг,Повторный,Мобильное устройство,6.38,0,0,0.0
MKT006880,2025-02-23,Push,Ретаргетинг,Повторный,Компьютер,1.71,0,0,0.0
MKT002729,2025-08-26,Социальные сети,Программа лояльности,Лояльный,Мобильное устройство,8.36,0,0,0.0
MKT007476,2025-04-30,Email,Программа лояльности,Лояльный,Мобильное устройство,1.8,0,0,0.0
MKT002923,2025-08-16,Медийная реклама,Программа лояльности,Лояльный,Компьютер,4.27,0,0,0.0
MKT000182,2025-09-10,Медийная реклама,Имиджевая кампания,Новый,Мобильное устройство,6.03,0,0,0.0
MKT003153,2025-12-09,Социальные сети,Имиджевая кампания,Лояльный,Мобильное устройство,8.98,0,0,0.0
MKT007268,2025-01-21,Социальные сети,Программа лояльности,Повторный,Компьютер,7.17,0,0,0.0
MKT001856,2025-03-26,Социальные сети,Ретаргетинг,Лояльный,Мобильное устройство,8.91,0,0,
MKT000190,2025-03-13,Email,Сезонная акция,Повторный,Компьютер,2.71,0,0,0.0
MKT005549,2025-08-24,Медийная реклама,Сезонная акция,Новый,Мобильное устройство,6.78,0,0,0.0
MKT007859,2025-10-08,Email,Программа лояльности,Лояльный,Компьютер,2.13,0,0,0.0
MKT004311,2025-12-02,Поисковая реклама,Имиджевая кампания,Повторный,Мобильное устройство,16.91,0,0,0.0
MKT004301,2025-09-28,Поисковая реклама,Ретаргетинг,Новый,Компьютер,15.34,0,0,0.0
MKT000612,2025-03-31,Поисковая реклама,Имиджевая кампания,Новый,Планшет,30.88,0,0,0.0
MKT007150,2025-10-08,Поисковая реклама,Новый продукт,Повторный,Мобильное устройство,24.44,0,0,0.0
MKT006158,2025-04-11,Push,Ретаргетинг,Новый,Мобильное устройство,1.36,0,0,0.0
MKT007937,2025-04-14,Социальные сети,Сезонная акция,Новый,Мобильное устройство,10.44,0,0,0.0
MKT001801,2025-11-03,Push,Ретаргетинг,Повторный,Мобильное устройство,2.06,0,0,0.0
MKT004652,2025-12-29,Медийная реклама,Сезонная акция,Новый,Мобильное устройство,9.83,0,0,0.0
MKT009294,2025-07-16,Поисковая реклама,Ретаргетинг,Лояльный,Компьютер,23.5,0,0,0.0
MKT005988,2025-08-28,Социальные сети,Ретаргетинг,Новый,Мобильное устройство,6.89,0,0,0.0
MKT007187,2025-05-28,Email,Имиджевая кампания,Повторный,Мобильное устройство,1.99,0,0,0.0
MKT006559,2025-03-24,Медийная реклама,Программа лояльности,Повторный,Компьютер,7.74,0,0,0.0
MKT000899,2025-09-14,Email,Сезонная акция,Новый,Мобильное устройство,3.06,1,0,0.0
MKT002829,2025-07-12,Email,Сезонная акция,Повторный,Мобильное устройство,2.26,0,0,0.0
MKT004148,2025-02-15,Медийная реклама,Новый продукт,Новый,Мобильное устройство,8.57,0,0,0.0
MKT008445,2025-03-19,Поисковая реклама,Ретаргетинг,Лояльный,Мобильное устройство,14.32,1,0,0.0
MKT005583,2025-08-13,Медийная реклама,Программа лояльности,Повторный,Компьютер,5.5,0,0,0.0
MKT009790,2025-04-27,Социальные сети,Сезонная акция,Повторный,Компьютер,13.91,0,0,0.0
MKT000247,2025-02-18,Поисковая реклама,Сезонная акция,Новый,Мобильное устройство,31.06,0,0,0.0
MKT003345,2025-09-26,Социальные сети,Ретаргетинг,Новый,Мобильное устройство,8.58,0,0,0.0
MKT006340,2025-04-03,Поисковая реклама,Ретаргетинг,Лояльный,Компьютер,18.36,0,0,0.0
MKT007532,2025-09-29,Поисковая реклама,Ретаргетинг,Повторный,Мобильное устройство,18.89,0,0,0.0
MKT001807,2025-11-09,Email,Сезонная акция,Повторный,Мобильное устройство,2.52,0,0,0.0
MKT006731,2025-08-01,Медийная реклама,Имиджевая кампания,Новый,Мобильное устройство,5.76,0,0,0.0
MKT003610,2025-05-16,Push,Имиджевая кампания,Лояльный,Компьютер,1.48,0,0,0.0
MKT000969,2025-10-07,Социальные сети,Сезонная акция,Повторный,Компьютер,9.93,0,0,0.0
MKT003586,2025-03-03,Поисковая реклама,Имиджевая кампания,Новый,Компьютер,24.79,0,0,0.0
MKT005282,2025-04-04,Email,Ретаргетинг,Лояльный,Мобильное устройство,2.52,0,0,0.0
MKT003743,2025-08-26,Push,Ретаргетинг,Новый,Мобильное устройство,2.09,0,0,0.0
MKT005426,2025-01-28,,Программа лояльности,Новый,Планшет,3.45,0,0,
MKT009271,2025-06-26,Поисковая реклама,Новый продукт,Новый,Мобильное устройство,21.98,0,0,0.0
MKT000357,2025-11-10,Медийная реклама,Сезонная акция,Повторный,Мобильное устройство,6.64,0,0,0.0
MKT003395,21.04.2025,Email,Новый продукт,Повторный,Мобильное устройство,2.52,0,0,0.0
MKT008185,2025-11-14,Email,Сезонная акция,Лояльный,Компьютер,2.59,0,0,0.0
MKT009554,2025-05-18,Медийная реклама,Сезонная акция,Новый,Планшет,7.3,0,0,0.0
MKT000658,2025-09-09,Поисковая реклама,Новый продукт,Новый,Мобильное устройство,16.2,0,0,0.0
MKT000548,2025-04-03,Email,Ретаргетинг,Лояльный,Мобильное устройство,1.93,1,0,0.0
MKT009779,2025-01-06,Поисковая реклама,Имиджевая кампания,Лояльный,Мобильное устройство,19.81,0,0,0.0
MKT005840,2025-02-10,Push,Ретаргетинг,Новый,Компьютер,2.12,0,0,0.0
MKT008861,2025-08-17,Поисковая реклама,Программа лояльности,Новый,Компьютер,28.46,1,0,0.0
MKT009914,15.02.2025,Поисковая реклама,Сезонная акция,Новый,Мобильное устройство,16.66,0,0,0.0
MKT009145,2025-07-15,Поисковая реклама,Имиджевая кампания,Новый,Мобильное устройство,22.71,0,0,0.0
MKT008764,2025-11-13,Email,Ретаргетинг,Новый,Мобильное устройство,2.66,0,0,0.0
MKT009398,2025-01-20,Социальные сети,Программа лояльности,Новый,Мобильное устройство,9.8,0,0,0.0
MKT002559,2025-04-02,Email,Новый продукт,Повторный,Планшет,2.96,0,0,0.0
MKT005017,2025-04-25,Email,Сезонная акция,Повторный,Мобильное устройство,1.72,0,0,0.0
MKT000699,2025-03-24,Поисковая реклама,Ретаргетинг,Повторный,Мобильное устройство,12.77,0,0,0.0
MKT000886,2025-06-01,Email,Имиджевая кампания,Повторный,Компьютер,2.14,0,0,0.0
MKT002454,2025-03-01,Социальные сети,Новый продукт,Лояльный,Мобильное устройство,12.78,0,0,0.0
MKT008322,2025-09-10,Поисковая реклама,Сезонная акция,Лояльный,Компьютер,24.26,0,0,0.0
MKT002260,2025-07-20,Социальные сети,Новый продукт,Повторный,Компьютер,11.2,0,0,0.0
MKT005427,2025-10-18,Push,Программа лояльности,Новый,Мобильное устройство,1.28,0,0,0.0
MKT004503,2025-11-20,Поисковая реклама,Программа лояльности,Повторный,Мобильное устройство,20.35,0,0,0.0
MKT007794,2025-12-03,Push,Программа лояльности,Новый,Мобильное устройство,0.9,0,0,0.0
MKT006547,2025-08-11,Поисковая реклама,Сезонная акция,Повторный,Мобильное устройство,18.66,0,0,0.0
MKT006414,2025-02-20,Социальные сети,Ретаргетинг,Лояльный,Мобильное устройство,8.87,1,1,6041.0
MKT006194,2025-06-12,Социальные сети,Сезонная акция,Повторный,Компьютер,7.73,0,0,0.0
MKT001859,2025-12-05,Email,Имиджевая кампания,Повторный,Мобильное устройство,2.26,0,0,0.0
MKT003997,2025-11-26,Push,Имиджевая кампания,Повторный,Мобильное устройство,1.45,1,1,2894.23
MKT004191,2025-04-22,Поисковая реклама,Программа лояльности,Лояльный,Компьютер,18.33,0,0,0.0
MKT000141,2025-06-20,Push,Сезонная акция,Новый,Компьютер,1.47,0,0,0.0
MKT001137,2025-02-12,Медийная реклама,Ретаргетинг,Повторный,Мобильное устройство,6.83,0,0,0.0
MKT004158,2025-11-24,Поисковая реклама,Имиджевая кампания,Повторный,Мобильное устройство,16.86,0,0,0.0
MKT005299,2025-02-18,Поисковая реклама,Программа лояльности,Новый,Компьютер,15.77,0,0,0.0
MKT008046,2025-04-13,Email,Новый продукт,Повторный,Мобильное устройство,2.78,0,0,0.0
MKT001321,2025-09-21,Социальные сети,Имиджевая кампания,Новый,Мобильное устройство,12.41,1,0,0.0
MKT007982,2025-07-27,Социальные сети,Имиджевая кампания,Лояльный,Компьютер,7.87,1,1,3527.69
MKT002137,2025-02-04,Email, имиджевая кампания ,Новый,Мобильное устройство,2.21,0,0,0.0
MKT002944,2025-02-22,Поисковая реклама,Ретаргетинг,Лояльный,Компьютер,11.58,1,0,0.0
MKT006773,2025-05-31,Email,Ретаргетинг,Повторный,Компьютер,2.08,0,0,0.0
MKT007812,2025-12-14,Push,Ретаргетинг,Повторный,Компьютер,1.28,0,0,0.0
MKT003519,2025-12-12,Поисковая реклама,ретаргетинг ,Новый,Компьютер,18.73,1,0,0.0
MKT003912,2025-08-01,Социальные сети,Сезонная акция,Повторный,Мобильное устройство,10.02,1,0,0.0
MKT003385,2025-11-02,Медийная реклама,Имиджевая кампания,Лояльный,Мобильное устройство,6.68,0,0,0.0
MKT007655,2025-06-21,Поисковая реклама,Имиджевая кампания,Новый,Мобильное устройство,23.42,0,0,0.0
MKT003663,2025-12-16,Email,Сезонная акция,Повторный,Мобильное устройство,2.94,0,0,0.0
MKT003393,2025-04-21,Социальные сети,Имиджевая кампания,Лояльный,Мобильное устройство,10.29,0,0,0.0
MKT008174,2025-04-18,Социальные сети,Ретаргетинг,Новый,Мобильное устройство,8.71,0,0,0.0
MKT004594,2025-08-26,Email,Сезонная акция,Повторный,Мобильное устройство,2.53,0,0,0.0
MKT004837,2025-02-26,Медийная реклама,Новый продукт,Новый,Мобильное устройство,8.17,0,0,0.0
MKT003370,2025-10-01,Социальные сети,Ретаргетинг,Повторный,Мобильное устройство,8.52,0,0,0.0
MKT003983,2025-05-01,Email,Сезонная акция,Повторный,Мобильное устройство,2.3,0,0,0.0
MKT009198,2025-10-21,Поисковая реклама,Новый продукт,Лояльный,Мобильное устройство,17.8,1,0,0.0
MKT000216,2025-03-23,Поисковая реклама,Имиджевая кампания,Повторный,Мобильное устройство,25.65,0,0,0.0
MKT005757,2025-12-08,Поисковая реклама,Новый продукт,Повторный,Компьютер,21.49,1,0,0.0
MKT004465,2025-09-21,Поисковая реклама,Новый продукт,Новый,Мобильное устройство,22.96,0,0,0.0
MKT005753,2025-12-23,Социальные сети,Новый продукт,Повторный,Компьютер,11.74,0,0,0.0
MKT003408,2025-07-12,Поисковая реклама,Программа лояльности,Повторный,Мобильное устройство,19.32,0,0,0.0
MKT005135,2025-12-27,Социальные сети,Сезонная акция,Повторный,Компьютер,8.98,0,0,0.0
MKT000964,2025-11-10,Email,Программа лояльности,Новый,Мобильное устройство,1.59,0,0,0.0
MKT004325,2025-06-08,Push,Новый продукт,Новый,Мобильное устройство,1.34,0,0,0.0
MKT003956,2025-07-16,Поисковая реклама,Ретаргетинг,Новый,Планшет,16.15,0,0,0.0
MKT002544,2025-05-21,Медийная реклама,Сезонная акция,Повторный,Мобильное устройство,7.98,0,0,0.0
MKT008757,2025-02-24,Push,Сезонная акция,Лояльный,Мобильное устройство,1.41,0,0,0.0
MKT007405,2025-11-16,Email,Ретаргетинг,Повторный,Мобильное устройство,1.75,0,0,0.0
MKT006512,2025-12-08,Поисковая реклама,Сезонная акция,Лояльный,Компьютер,24.95,1,1,8613.72
MKT000467,2025-07-04,Социальные сети,Программа лояльности,Повторный,Мобильное устройство,9.06,0,0,0.0
MKT009505,2025-12-23,Социальные сети,Новый продукт,Новый,Компьютер,11.18,0,0,0.0
MKT007459,2025-10-23,Поисковая реклама,Сезонная акция,Лояльный,Компьютер,26.39,1,1,4006.15
MKT006421,2025-07-01,Поисковая реклама,Сезонная акция,Новый,Компьютер,30.09,0,0,0.0
MKT000905,2025-06-05,Поисковая реклама,Новый продукт,Повторный,Мобильное устройство,29.65,1,0,0.0
MKT004403,2025-03-12,Push,Новый продукт,Новый,Мобильное устройство,1.85,0,0,0.0
MKT000149,2025-05-10,Медийная реклама,Ретаргетинг,Лояльный,Мобильное устройство,4.76,1,0,0.0
MKT001231,2025-01-26,Социальные сети,Сезонная акция,Повторный,Компьютер,12.11,0,0,0.0
MKT008606,2025-12-08,Социальные сети,Программа лояльности,Лояльный,Мобильное устройство,8.23,0,0,0.0
MKT004654,2025-01-18,Поисковая реклама,Сезонная акция,Новый,Компьютер,23.9,0,0,0.0
MKT000249,2025-10-09,Email,Программа лояльности,Новый,Мобильное устройство,2.32,0,0,0.0
MKT007272,2025-11-16,Медийная реклама,Программа лояльности,Повторный,Мобильное устройство,5.86,0,0,0.0
MKT002106,2025-02-19,Социальные сети,Программа лояльности,Повторный,Мобильное устройство,10.32,0,0,0.0
MKT002051,2025-11-04,Медийная реклама,Имиджевая кампания,Лояльный,Мобильное устройство,5.9,0,0,0.0
MKT007332,2025-05-31,Email,Программа лояльности,Новый,Мобильное устройство,1.51,0,0,0.0
MKT006822,2025-12-24,Социальные сети,Новый продукт,Повторный,Мобильное устройство,11.03,0,0,0.0
MKT006139,2025-04-02,Push,Сезонная акция,Лояльный,Мобильное устройство,1.29,0,0,0.0
MKT004822,02.05.2025,Поисковая реклама,Имиджевая кампания,Повторный,Компьютер,24.82,0,0,0.0
MKT006774,2025-09-25,Социальные сети,Ретаргетинг,Повторный,Мобильное устройство,7.04,0,0,0.0
MKT001225,2025-06-19,Медийная реклама,Ретаргетинг,Лояльный,Компьютер,4.47,0,0,0.0
MKT006755,2025-06-11,Push,Ретаргетинг,Новый,Мобильное устройство,1.3,1,0,0.0
MKT005231,2025-01-17,Поисковая реклама,Новый продукт,Повторный,Компьютер,27.47,0,0,0.0
MKT008862,2025-09-25,Email,Новый продукт,Новый,Мобильное устройство,2.53,0,0,0.0
MKT005830,2025-05-02,Email,Программа лояльности,Повторный,Мобильное устройство,2.33,0,0,0.0
MKT006674,2025-11-13,Социальные сети,Сезонная акция,Повторный,Мобильное устройство,10.25,0,0,0.0
MKT001876,2025-12-18,Социальные сети,Имиджевая кампания,Новый,Компьютер,10.38,0,0,0.0
MKT002673,2025-10-05,Push,Ретаргетинг,Повторный,Мобильное устройство,1.45,0,0,0.0
MKT004081,2025-11-23,Email,Сезонная акция,Новый,Компьютер,2.68,0,0,0.0
MKT004988,2025-04-30,Социальные сети,Ретаргетинг,Повторный,Мобильное устройство,7.05,1,0,0.0
MKT008421,2025-10-04,Email,Программа лояльности,Новый,Мобильное устройство,1.79,0,0,0.0
MKT004097,2025-07-26,Медийная реклама,Программа лояльности,Лояльный,Мобильное устройство,5.26,1,1,5239.63
MKT001441,2025-04-18,Поисковая реклама,Ретаргетинг,Повторный,Мобильное устройство,25.57,0,0,0.0
MKT001760,2025-01-06,Email,Сезонная акция,Лояльный,Мобильное устройство,1.72,0,0,0.0
MKT005982,2025-04-09,Поисковая реклама,Сезонная акция,Новый,Мобильное устройство,32.1,1,0,0.0
MKT005916,2025-10-31,Медийная реклама,Имиджевая кампания,Новый,Мобильное устройство,9.45,0,0,0.0
MKT008797,2025-10-14,Поисковая реклама,Сезонная акция,Лояльный,Мобильное устройство,15.25,0,0,0.0
MKT000685,2025-08-07,Push,Ретаргетинг,Повторный,Планшет,1.42,0,0,0.0
MKT008790,2025-05-20,Социальные сети,Сезонная акция,Повторный,Компьютер,10.64,1,0,0.0
MKT003608,2025-01-19,Email,Ретаргетинг,Повторный,Компьютер,1.93,0,0,0.0
MKT001179,2025-08-29,Email,Программа лояльности,Лояльный,Планшет,2.52,1,0,0.0
MKT002212,2025-05-08,Поисковая реклама,Новый продукт,Новый,Мобильное устройство,22.86,0,0,0.0
MKT000349,2025-01-14,Email,Имиджевая кампания,Новый,Мобильное устройство,2.17,0,0,0.0
MKT003724,2025-02-01,Email,Имиджевая кампания,Повторный,Компьютер,2.04,0,0,0.0
MKT000987,2025-03-08,Поисковая реклама,Ретаргетинг,Лояльный,Компьютер,14.37,0,1,0.0
MKT009137,2025-03-17,Email,Программа лояльности,Лояльный,Мобильное устройство,2.04,0,0,0.0
MKT001952,2025-05-27,Поисковая реклама,Сезонная акция,Повторный,Мобильное устройство,24.15,0,0,0.0
MKT005484,2025-03-20,Email,Программа лояльности,Повторный,Мобильное устройство,1.58,0,0,0.0
MKT000410,2025-02-23,Push,Новый продукт,Лояльный,Мобильное устройство,2.0,0,0,0.0
MKT004253,2025-01-21,Поисковая реклама,Ретаргетинг,Повторный,Мобильное устройство,25.04,0,0,0.0
MKT007623,2025-04-27,Email,Программа лояльности,Повторный,Мобильное устройство,1.62,0,0,1384.0
MKT002062,2025-04-23,Поисковая реклама,Имиджевая кампания,Лояльный,Компьютер,25.62,0,0,0.0
MKT004230,2025-01-03,Медийная реклама,Новый продукт,Повторный,Мобильное устройство,5.83,0,0,0.0
MKT002337,2025-10-20,Email,Ретаргетинг,Лояльный,Мобильное устройство,1.97,1,1,8259.97
MKT006948,24.05.2025,Медийная реклама,Новый продукт,Новый,Компьютер,9.63,0,0,0.0
MKT005547,2025-03-19,Push,Ретаргетинг,Новый,Мобильное устройство,1.33,0,0,0.0
MKT008705,2025-06-20,Email,Сезонная акция,Новый,Компьютер,1.54,0,0,0.0
MKT006733,2025-03-06,Поисковая реклама,Имиджевая кампания,Новый,Мобильное устройство,23.14,0,0,0.0
MKT002426,2025-10-24,Медийная реклама,Ретаргетинг,Новый,Мобильное устройство,7.95,0,0,0.0
MKT004146,2025-08-04,Социальные сети,Имиджевая кампания,Повторный,Мобильное устройство,8.22,0,0,0.0
MKT004124,2025-11-02,Социальные сети,Имиджевая кампания,Повторный,Мобильное устройство,10.55,0,0,0.0
MKT006582,2025-08-08,Медийная реклама,Имиджевая кампания,Новый,Мобильное устройство,8.71,0,0,0.0
MKT001157,2025-12-31,Медийная реклама,Программа лояльности,Повторный,Компьютер,4.72,0,0,0.0
MKT000702,2025-09-08,Медийная реклама,Новый продукт,Новый,Мобильное устройство,9.3,0,0,0.0
MKT004695,2025-01-17,Email,Имиджевая кампания,Новый,Мобильное устройство,3.94,0,0,0.0
MKT004997,2025-03-23,Email,Сезонная акция,Повторный,Мобильное устройство,3.16,1,0,0.0
MKT009143,2025-04-22,Email,Имиджевая кампания,Лояльный,Компьютер,3.28,0,0,0.0
MKT000543,2025-10-20,Email,Сезонная акция,Повторный,Компьютер,3.09,0,0,0.0
MKT003932,2025-07-29,Email,Сезонная акция,Повторный,Мобильное устройство,2.26,0,0,0.0
MKT007311,2025-07-26,Push,Сезонная акция,Лояльный,Мобильное устройство,1.74,0,0,0.0
MKT005012,2025-05-25,Email,Новый продукт,Новый,Мобильное устройство,3.7,0,0,0.0
MKT000752,2025-04-27,Медийная реклама,Сезонная акция,Повторный,Мобильное устройство,5.45,0,0,0.0
MKT002600,2025-05-11,Поисковая реклама,Ретаргетинг,Новый,Мобильное устройство,13.7,0,0,0.0
MKT009029,2025-03-16,Социальные сети,Программа лояльности,Повторный,Мобильное устройство,9.64,0,0,0.0
MKT006382,2025-10-15,Социальные сети,Имиджевая кампания,Повторный,Мобильное устройство,8.89,0,0,0.0
MKT002495,2025-12-26,Email,Программа лояльности,Повторный,Мобильное устройство,1.86,0,0,0.0
MKT009006,2025-03-03,Социальные сети,Ретаргетинг,Повторный,Мобильное устройство,7.8,1,0,0.0
MKT007722,2025-02-11,Социальные сети,Имиджевая кампания,Новый,Компьютер,12.27,0,0,0.0
MKT004544,2025-07-12,Push,Имиджевая кампания,Повторный,Мобильное устройство,1.69,0,0,0.0
MKT000207,2025-08-25,Медийная реклама,Имиджевая кампания,Повторный,Компьютер,6.27,0,0,0.0
MKT009846,2025-11-12,Push,Сезонная акция,Новый,Компьютер,1.4,0,0,0.0
MKT004972,2025-05-18,Поисковая реклама,Сезонная акция,Повторный,Компьютер,20.9,1,0,0.0
MKT006201,2025-06-11,Поисковая реклама,Ретаргетинг,Повторный,Мобильное устройство,18.12,0,0,0.0
MKT008225,2025-11-06,Социальные сети,Ретаргетинг,Повторный,Мобильное устройство,9.53,0,0,0.0
MKT003850,2025-12-04,Push,Новый продукт,Повторный,Мобильное устройство,2.08,1,0,0.0
MKT004042,2025-10-07,Медийная реклама,Имиджевая кампания,Лояльный,Мобильное устройство,9.06,0,0,0.0
MKT000290,2025-01-31,Поисковая реклама,Ретаргетинг,Повторный,Мобильное устройство,19.28,0,0,0.0
MKT006011,2025-10-16,Медийная реклама,Сезонная акция,Повторный,Планшет,13.3,0,0,0.0
MKT004755,2025-08-22,Поисковая реклама,Сезонная акция,Повторный,Компьютер,11.85,1,0,0.0
MKT007064,2025-05-28,Push,Программа лояльности,Повторный,Компьютер,1.89,0,0,0.0
MKT003659,2025-10-25,Email,Программа лояльности,Повторный,Компьютер,1.44,0,0,0.0
MKT006610,2025-12-29,Поисковая реклама,Имиджевая кампания,Лояльный,Компьютер,24.81,0,0,0.0
MKT008475,2025-09-07,Социальные сети,Программа лояльности,Новый,Мобильное устройство,7.86,0,0,0.0
MKT009391,2025-03-08,Email,Ретаргетинг,Повторный,Мобильное устройство,2.3,0,0,0.0
MKT009409,2025-09-17,Поисковая реклама,Сезонная акция,Повторный,Компьютер,22.77,0,0,0.0
MKT009690,2025-04-18,Email,Новый продукт,Лояльный,Компьютер,2.89,0,0,0.0
MKT006480,2025-07-31,Поисковая реклама,Ретаргетинг,Новый,Мобильное устройство,17.61,0,0,0.0
MKT005521,2025-11-09,Медийная реклама,Ретаргетинг,Новый,Планшет,7.74,0,0,0.0
MKT008439,2025-04-26,Социальные сети,Сезонная акция,Повторный,Компьютер,8.46,0,0,0.0
MKT005730,2025-10-03,Push,Имиджевая кампания,Новый,Компьютер,1.38,0,0,0.0
MKT002745,2025-11-15,Медийная реклама,Сезонная акция,Новый,Компьютер,5.78,0,0,0.0
MKT004941,2025-03-04,Email,Имиджевая кампания,Повторный,Компьютер,2.24,0,0,0.0
MKT007612,2025-02-22,Социальные сети,Имиджевая кампания,Повторный,Компьютер,7.39,0,0,0.0
MKT004519,2025-04-30,Email,Ретаргетинг,Лояльный,Компьютер,1.78,0,0,0.0
MKT001260,2025-01-17,Поисковая реклама,Ретаргетинг,Новый,Планшет,19.86,0,0,0.0
MKT001893,2025-03-01,Поисковая реклама,Программа лояльности,Новый,Компьютер,13.02,0,0,0.0
MKT005237,2025-02-12,Email,Ретаргетинг,Повторный,Компьютер,1.57,0,0,0.0
MKT000045,2025-02-14,Email,Программа лояльности,Новый,Мобильное устройство,1.71,0,0,0.0
MKT004651,2025-01-04,Email,Ретаргетинг,Повторный,Компьютер,2.48,0,0,0.0
MKT005602,2025-02-28,Push,Программа лояльности,Новый,Компьютер,1.5,0,0,0.0
MKT001797,2025-03-06,Поисковая реклама,Ретаргетинг,Повторный,Мобильное устройство,21.21,0,0,0.0
MKT008290,2025-09-13,Поисковая реклама,Новый продукт,Лояльный,Компьютер,19.16,0,0,0.0
MKT000958,2025-05-18,Push,Программа лояльности,Повторный,Мобильное устройство,1.45,0,0,0.0
MKT007366,2025-06-19,Push,Ретаргетинг,Новый,Мобильное устройство,2.13,0,0,0.0
MKT004060,2025-10-07,Социальные сети,Сезонная акция,Новый,Компьютер,6.44,1,0,0.0
MKT004770,26.11.2025,Социальные сети,Программа лояльности,Повторный,Планшет,7.04,0,0,0.0
MKT008120,2025-10-08,Социальные сети,Программа лояльности,Новый,Компьютер,7.54,0,0,0.0
MKT005816,2025-11-16,Медийная реклама,Ретаргетинг,Новый,Мобильное устройство,5.55,0,0,0.0
MKT009614,2025-11-25,Email,Имиджевая кампания,Новый,Компьютер,1.57,0,0,0.0
MKT009754,2025-01-06,Email,Новый продукт,Повторный,Компьютер,3.39,0,0,0.0
MKT008339,2025-02-01,Социальные сети,Ретаргетинг,Новый,Компьютер,9.35,1,0,0.0
MKT006346,2025-05-17,Социальные сети,Сезонная акция,Новый,Компьютер,6.93,0,0,0.0
MKT008686,2025-05-10,Поисковая реклама,Сезонная акция,Повторный,Компьютер,17.75,0,0,0.0
MKT005690,2025-08-06,Медийная реклама,Новый продукт,Повторный,Мобильное устройство,11.75,0,0,0.0
MKT005736,2025-07-20,Социальные сети,Новый продукт,Повторный,Мобильное устройство,15.68,0,0,0.0
MKT008644,2025-08-18,Email,Новый продукт,Новый,Мобильное устройство,1.6,0,0,0.0
MKT001775,2025-09-13,Email,Сезонная акция,Новый,Мобильное устройство,2.59,0,0,0.0
MKT009720,2025-08-03,Социальные сети,Имиджевая кампания,Новый,Мобильное устройство,9.08,0,0,0.0
MKT002014,2025-02-14,Email,Программа лояльности,Повторный,Мобильное устройство,1.79,0,0,0.0
MKT008012,2025-05-17,Медийная реклама,Ретаргетинг,Новый,Планшет,7.26,0,0,0.0
MKT006676,2025-07-30,Медийная реклама,Новый продукт,Новый,Мобильное устройство,10.85,1,1,4614.79
MKT005254,2025-07-16,Социальные сети,Сезонная акция,Новый,Компьютер,7.91,1,0,0.0
MKT003125,2025-09-22,Поисковая реклама,Сезонная акция,Новый,Мобильное устройство,24.04,0,0,0.0
MKT003995,2025-12-01,Поисковая реклама,Новый продукт,Повторный,Мобильное устройство,18.42,0,0,0.0
MKT008880,2025-05-02,Медийная реклама,Имиджевая кампания,Повторный,Компьютер,8.12,0,0,0.0
MKT008884,2025-06-20,Поисковая реклама,Имиджевая кампания,Повторный,Мобильное устройство,28.34,0,0,0.0
MKT008112,2025-01-21,Социальные сети,Сезонная акция,Повторный,Мобильное устройство,10.66,1,0,0.0
MKT004037,2025-08-27,Социальные сети,Новый продукт,Повторный,Мобильное устройство,10.13,0,0,0.0
MKT004112,2025-04-03,Поисковая реклама,Программа лояльности,Повторный,Мобильное устройство,16.27,0,0,0.0
MKT007680,2025-03-24,Медийная реклама,Сезонная акция,Лояльный,Мобильное устройство,6.57,0,0,0.0
MKT001104,2025-07-17,Социальные сети,Сезонная акция,Повторный,Планшет,10.73,0,0,0.0
MKT004206,2025-02-27,Социальные сети,Сезонная акция,Новый,Планшет,11.85,0,0,0.0
MKT000784,2025-02-03,Email,Новый продукт,Новый,Компьютер,2.17,0,0,0.0
MKT000402,2025-08-02,Email,Программа лояльности,Новый,Мобильное устройство,2.15,0,0,0.0
MKT003377,2025-07-15,Email,Сезонная акция,Повторный,Мобильное устройство,3.47,0,0,0.0
MKT007781,2025-04-07,Email,Ретаргетинг,Лояльный,Компьютер,1.56,1,0,0.0
MKT008891,2025-07-16,Поисковая реклама,Программа лояльности,Новый,Компьютер,11.97,0,0,0.0
MKT008188,2025-03-16,Email,Имиджевая кампания,Новый,Мобильное устройство,1.97,0,0,0.0
MKT000215,2025-12-21,Email,Имиджевая кампания,Повторный,Мобильное устройство,1.61,1,0,0.0
MKT009869,2025-12-16,Социальные сети,Имиджевая кампания,Новый,Компьютер,12.57,0,0,0.0
MKT006869,2025-08-26,Поисковая реклама,Ретаргетинг,Новый,Мобильное устройство,18.26,1,0,0.0
MKT008585,2025-07-29,Медийная реклама,Ретаргетинг,Повторный,Планшет,4.81,0,0,0.0
MKT005600,2025-11-29,Поисковая реклама,Ретаргетинг,Новый,Мобильное устройство,19.69,0,0,0.0
MKT007525,2025-10-28,Поисковая реклама,Программа лояльности,Новый,Компьютер,12.76,0,0,0.0
MKT000302,2025-10-12,Push,Программа лояльности,Повторный,Мобильное устройство,1.72,1,0,0.0
MKT002393,2025-06-20,Поисковая реклама,Новый продукт,Лояльный,Мобильное устройство,31.02,0,0,0.0
MKT000423,2025-08-22,Социальные сети,Новый продукт,Новый,Мобильное устройство,12.78,0,0,0.0
MKT002787,2025-05-20,Социальные сети,Новый продукт,Повторный,Компьютер,9.44,0,0,0.0
MKT002921,2025-01-12,Поисковая реклама,Новый продукт,Повторный,Мобильное устройство,18.55,0,0,0.0
MKT004150,2025-04-12,Социальные сети,Имиджевая кампания,Новый,Мобильное устройство,10.88,0,0,0.0
MKT003026,2025-12-13,Социальные сети,Ретаргетинг,Новый,Мобильное устройство,6.49,0,0,0.0
MKT004166,2025-01-13,Социальные сети,Ретаргетинг,Лояльный,Компьютер,9.69,0,0,0.0
MKT007232,2025-11-04,Push,Новый продукт,Повторный,Мобильное устройство,1.68,0,0,0.0
MKT005279,2025-12-21,Медийная реклама,Программа лояльности,Повторный,Мобильное устройство,4.92,0,0,0.0
MKT007039,2025-11-13,Email,Сезонная акция,Новый,Мобильное устройство,3.77,0,0,0.0
MKT002887,2025-04-17,Push,Новый продукт,Новый,Мобильное устройство,1.81,0,0,0.0
MKT002377,2025-12-21,Поисковая реклама,Новый продукт,Повторный,Компьютер,17.98,0,0,0.0
MKT000133,2025-01-10,Push,Программа лояльности,Новый,Мобильное устройство,1.3,0,0,0.0
MKT005148,2025-10-08,Push,Программа лояльности,Повторный,Мобильное устройство,1.27,0,0,0.0
MKT007373,2025-07-16,Email,Новый продукт,Новый,Компьютер,2.31,0,0,0.0
MKT000397,2025-09-26,Email,Имиджевая кампания,Лояльный,Компьютер,2.33,0,0,0.0
MKT004580,2025-03-06,Социальные сети,Программа лояльности,Повторный,Мобильное устройство,5.51,0,0,0.0
MKT002822,2025-12-13,Медийная реклама,Программа лояльности,Повторный,Мобильное устройство,7.83,1,0,0.0
MKT001544,2025-12-03,Email,Ретаргетинг,Лояльный,Компьютер,1.97,0,0,0.0
MKT006760,2025-10-04,Поисковая реклама,Новый продукт,Повторный,Мобильное устройство,19.72,0,0,0.0
MKT008144,2025-01-26,Push,Новый продукт,Новый,Компьютер,1.63,0,0,0.0
MKT007178,2025-01-28,Поисковая реклама,Ретаргетинг,Новый,Компьютер,19.38,1,0,0.0
MKT007070,2025-10-03,Социальные сети,Ретаргетинг,Повторный,Компьютер,12.53,0,0,0.0
MKT006887,2025-11-03,Поисковая реклама,Сезонная акция,Новый,Компьютер,29.4,0,0,0.0
MKT007137,2025-05-30,Поисковая реклама,Имиджевая кампания,Повторный,Мобильное устройство,23.38,1,0,0.0
MKT003260,2025-10-17,Поисковая реклама,Новый продукт,Новый,Мобильное устройство,19.17,0,0,0.0
MKT001606,2025-01-11,Социальные сети,Ретаргетинг,Повторный,Компьютер,9.51,0,0,0.0
MKT005660,2025-12-07,Поисковая реклама,Новый продукт,Новый,Компьютер,17.4,0,0,0.0
MKT001520,2025-12-23,Медийная реклама,Программа лояльности,Лояльный,Мобильное устройство,6.35,0,0,0.0
MKT001239,2025-05-27,Поисковая реклама,Ретаргетинг,ПОВТОРНЫЙ,Компьютер,20.84,0,0,0.0
MKT004747,2025-11-22,Push,Ретаргетинг,Новый,Компьютер,1.53,1,1,2549.92
MKT006855,2025-12-27,Социальные сети,Сезонная акция,Повторный,Планшет,8.21,0,0,0.0
MKT002554,2025-12-11,Социальные сети,Ретаргетинг,Повторный,Мобильное устройство,6.34,0,0,0.0
MKT009544,2025-03-10,Email,Сезонная акция,Повторный,Мобильное устройство,1.72,0,0,0.0
MKT001139,2025-10-31,Email,Новый продукт,Повторный,Мобильное устройство,2.85,0,0,0.0
MKT005639,2025-01-27,Email,Ретаргетинг,Новый,Мобильное устройство,2.79,0,0,0.0
MKT009071,2025-02-20,Медийная реклама,Ретаргетинг,Новый,Компьютер,5.45,0,0,0.0
MKT001058,2025-06-18,Медийная реклама,Сезонная акция,Новый,Мобильное устройство,4.53,0,0,0.0
MKT000057,2025-07-01,Email,Ретаргетинг,Повторный,Компьютер,2.18,0,0,0.0
MKT009296,2025-10-09,Email,Новый продукт,Новый,Мобильное устройство,2.21,1,0,0.0
MKT003870,2025-07-22,Email,Ретаргетинг,Новый,Компьютер,2.25,0,0,0.0
MKT000246,2025-04-08,Push,Ретаргетинг,Новый,Мобильное устройство,1.99,0,0,0.0
MKT000630,2025-05-29,Социальные сети,Программа лояльности,Новый,Мобильное устройство,5.3,0,0,0.0
MKT005910,2025-07-05,Социальные сети,Имиджевая кампания,Новый,Мобильное устройство,10.77,1,0,0.0
MKT003234,2025-09-23,Поисковая реклама,Ретаргетинг,Повторный,Мобильное устройство,16.51,1,0,0.0
MKT006380,2025-08-08,Поисковая реклама,Ретаргетинг,Новый,Мобильное устройство,22.57,1,0,0.0
MKT000694,2025-06-29,Email,Ретаргетинг,Лояльный,Мобильное устройство,1.79,0,0,0.0
MKT002823,2025-12-17,Push,Ретаргетинг,Новый,Мобильное устройство,1.13,0,0,0.0
MKT002471,2025-09-02,Социальные сети,Имиджевая кампания,Повторный,Мобильное устройство,12.63,1,0,0.0
MKT007250,2025-09-11,Email,Имиджевая кампания,Повторный,Компьютер,2.59,0,0,0.0
MKT000550,2025-11-16,Email,Новый продукт,Повторный,Мобильное устройство,1.9,0,0,0.0
MKT005037,2025-10-14,Социальные сети,Программа лояльности,Новый,Компьютер,8.0,1,0,0.0
MKT002571,2025-10-18,Медийная реклама,Программа лояльности,Лояльный,Мобильное устройство,4.42,0,0,0.0
MKT008453,2025-12-26,Социальные сети,Ретаргетинг,Повторный,Мобильное устройство,12.39,1,0,0.0
MKT001330,2025-05-11,Социальные сети,Имиджевая кампания,Повторный,Мобильное устройство,12.47,0,0,0.0
MKT003368,2025-05-15,Поисковая реклама,Имиджевая кампания,Лояльный,Мобильное устройство,18.64,0,0,0.0
MKT005006,2025-04-27,Email,Ретаргетинг,Новый,Мобильное устройство,1.56,0,0,0.0
MKT009405,2025-10-01,Поисковая реклама,Новый продукт,Новый,Планшет,21.22,0,0,0.0
MKT001743,2025-07-15,Push,Программа лояльности,Новый,Мобильное устройство,1.5,0,0,0.0
MKT007858,2025-04-19,Email,Программа лояльности,Повторный,Мобильное устройство,1.8,-1,0,0.0
MKT003148,2025-11-20,Push,Сезонная акция,Повторный,Мобильное устройство,1.64,0,0,0.0
MKT002395,2025-10-01,Email,Сезонная акция,Повторный,Мобильное устройство,2.85,0,0,0.0
MKT004599,2025-01-04,Поисковая реклама,Сезонная акция,Повторный,Мобильное устройство,24.3,0,0,0.0
MKT000395,2025-08-28,Email,Новый продукт,Повторный,Мобильное устройство,2.37,0,0,0.0
MKT008575,2025-07-31,Email,Ретаргетинг,Новый,Планшет,1.69,0,0,0.0
MKT002335,2025-12-16,Социальные сети,Новый продукт,Повторный,Компьютер,9.81,0,0,0.0
MKT000341,2025-02-15,Поисковая реклама,Ретаргетинг,Повторный,Мобильное устройство,29.84,0,0,0.0
MKT009884,2025-02-23,Email,Ретаргетинг,Новый,Компьютер,2.09,1,0,0.0
MKT001746,2025-09-23,Поисковая реклама,Программа лояльности,Лояльный,Компьютер,14.8,0,0,0.0
MKT007821,2025-02-05,Поисковая реклама,Новый продукт,Повторный,Мобильное устройство,20.32,0,0,0.0
MKT007124,2025-12-23,Поисковая реклама,Сезонная акция,Повторный,Мобильное устройство,15.88,0,0,0.0
MKT000271,2025-07-07,Поисковая реклама,Программа лояльности,Повторный,Мобильное устройство,10.92,1,0,0.0
MKT005120,2025-01-27,Push,Новый продукт,Повторный,Мобильное устройство,1.8,0,0,0.0
MKT002372,2025-10-18,Push,Ретаргетинг,Лояльный,Мобильное устройство,1.5,0,0,0.0
MKT006961,2025-08-16,Push,Ретаргетинг,Лояльный,Мобильное устройство,1.12,0,0,0.0
MKT008497,2025-05-18,Поисковая реклама,Новый продукт,Повторный,мобильное ,30.29,0,0,0.0
MKT008280,2025-12-30,Социальные сети,Имиджевая кампания,Новый,Компьютер,9.87,0,0,0.0
MKT001964,2025-05-22,Социальные сети,Новый продукт,Повторный,Мобильное устройство,10.17,0,0,0.0
MKT007012,2025-02-26,Социальные сети,Имиджевая кампания,Лояльный,Мобильное устройство,10.15,0,0,0.0
MKT007343,2025-07-18,Социальные сети,Сезонная акция,Новый,Мобильное устройство,13.44,0,0,0.0
MKT006809,2025-04-13,Социальные сети,Имиджевая кампания,Новый,Мобильное устройство,11.48,0,0,0.0
MKT005675,2025-05-02,Поисковая реклама,Новый продукт,Лояльный,Мобильное устройство,32.74,0,0,0.0
MKT006557,2025-07-10,Email,Сезонная акция,Новый,Мобильное устройство,2.69,0,0,0.0
MKT000651,2025-04-06,Поисковая реклама,Сезонная акция,Повторный,Мобильное устройство,22.86,0,0,0.0
MKT005611,2025-09-07,Email,Ретаргетинг,Новый,Мобильное устройство,2.33,0,0,0.0
MKT009558,2025-10-19,Социальные сети,Ретаргетинг,Повторный,Мобильное устройство,5.58,1,1,3558.5
MKT002287,2025-11-02,Email,Сезонная акция,Повторный,Компьютер,2.38,0,0,0.0
MKT005793,2025-10-15,Поисковая реклама,Новый продукт,Повторный,Мобильное устройство,18.92,0,0,0.0
MKT006336,2025-03-29,Социальные сети,Ретаргетинг,Повторный,Мобильное устройство,5.73,0,0,0.0
MKT005470,2025-12-27,Email,Программа лояльности,Повторный,Компьютер,1.16,0,0,0.0
MKT005943,2025-05-01,Поисковая реклама,Сезонная акция,Новый,Мобильное устройство,20.91,0,0,0.0
MKT008391,2025-01-05,Email,Имиджевая кампания,Новый,Компьютер,1.78,0,0,0.0
MKT007303,2025-10-08,Социальные сети,Сезонная акция,Повторный,Компьютер,11.11,0,0,0.0
MKT000614,2025-10-24,соцсети,Сезонная акция,Новый,Мобильное устройство,9.79,0,0,0.0
MKT008533,2025-03-04,Push,Сезонная акция,Новый,Компьютер,1.5,0,0,0.0
MKT000298,2025-01-30,Медийная реклама,Ретаргетинг,Повторный,Планшет,6.36,0,0,0.0
MKT000223,2025-06-06,Медийная реклама,Имиджевая кампания,Повторный,Компьютер,5.7,0,0,0.0
MKT008206,2025-10-22,Push,Программа лояльности,Лояльный,Мобильное устройство,1.64,0,0,0.0
MKT001054,2025-07-31,Email,Новый продукт,Повторный,Мобильное устройство,2.14,1,0,0.0
MKT001049,2025-03-09,Email,Ретаргетинг,Повторный,Компьютер,2.34,0,0,0.0
MKT003487,2025-08-02,Поисковая реклама,Новый продукт,Повторный,Компьютер,19.66,0,0,0.0
MKT008108,2025-07-18,Email,Программа лояльности,Новый,Компьютер,1.76,0,0,0.0
MKT007378,2025-03-19,Медийная реклама,Ретаргетинг,Лояльный,Компьютер,4.76,0,0,0.0
MKT007798,2025-01-27,Email,Программа лояльности,Повторный,Мобильное устройство,1.12,0,0,0.0
MKT000260,2025-03-03,Email,Ретаргетинг,Повторный,Мобильное устройство,1.76,0,0,0.0
MKT005219,2025-02-10,Поисковая реклама,Имиджевая кампания,Повторный,Мобильное устройство,22.85,0,0,0.0
MKT000642,2025-07-26,Социальные сети,Программа лояльности,Лояльный,Мобильное устройство,11.93,0,0,0.0
MKT003223,2025-01-08,Медийная реклама,Имиджевая кампания,Повторный,Компьютер,7.78,1,0,0.0
MKT002747,2025-03-04,Социальные сети,Имиджевая кампания,Новый,Компьютер,10.09,0,0,0.0
MKT001458,2025-09-03,Социальные сети,Сезонная акция,Повторный,Компьютер,10.03,0,0,0.0
MKT001945,2025-06-08,Push,Программа лояльности,Лояльный,Компьютер,1.01,0,0,0.0
MKT009084,2025-11-01,Социальные сети,Ретаргетинг,Повторный,Мобильное устройство,10.16,1,0,0.0
MKT006277,2025-11-16,Социальные сети,Сезонная акция,Повторный,Мобильное устройство,11.14,0,0,0.0
MKT007557,2025-08-02,Поисковая реклама,Сезонная акция,Новый,Компьютер,23.61,1,0,0.0
MKT007663,2025-02-22,Push,Имиджевая кампания,Повторный,Компьютер,1.36,0,0,0.0
MKT005985,2025-07-03,Социальные сети,Ретаргетинг,Новый,Мобильное устройство,7.94,0,0,0.0
MKT006341,2025-10-10,Поисковая реклама,Имиджевая кампания,Повторный,Мобильное устройство,19.8,0,0,0.0
MKT006562,2025-11-18,Поисковая реклама,Ретаргетинг,Повторный,Компьютер,20.4,0,1,0.0
MKT005027,07.12.2025,Медийная реклама,Ретаргетинг,Повторный,Компьютер,8.04,0,0,0.0
MKT006680,2025-05-03,Социальные сети,Новый продукт,Новый,Планшет,13.06,0,0,0.0
MKT001301,2025-09-29,Социальные сети,Новый продукт,Новый,Мобильное устройство,9.43,0,0,0.0
MKT005382,2025-03-12,Медийная реклама,Программа лояльности,Новый,Мобильное устройство,3.96,0,0,0.0
MKT009196,2025-11-09,Email,Ретаргетинг,Новый,Компьютер,1.56,0,0,0.0
MKT000237,2025-11-11,Поисковая реклама,Новый продукт,Новый,Планшет,15.23,0,0,0.0
MKT006195,2025-01-30,Push,Новый продукт,Лояльный,Планшет,1.64,0,0,0.0
MKT000191,2025-02-23,Социальные сети,Ретаргетинг,Новый,Мобильное устройство,9.21,0,0,0.0
MKT000577,2025-12-18,Поисковая реклама,Сезонная акция,Повторный,Мобильное устройство,13.24,0,0,0.0
MKT004614,2025-01-16,Социальные сети,Ретаргетинг,Новый,Мобильное устройство,7.33,0,0,0.0
MKT006293,2025-08-14,Социальные сети,Новый продукт,Новый,Мобильное устройство,16.95,0,0,0.0
MKT008555,2025-02-27,Медийная реклама,Сезонная акция,Повторный,Мобильное устройство,6.56,0,0,0.0
MKT003103,2025-04-05,Push,Сезонная акция,Повторный,Компьютер,1.84,0,0,0.0
MKT003006,2025-05-07,Email,Сезонная акция,Повторный,Мобильное устройство,1.84,0,0,0.0
MKT009335,2025-10-09,Email,Новый продукт,Новый,Мобильное устройство,1.7,0,0,0.0
MKT006115,2025-10-15,Социальные сети,Программа лояльности,Лояльный,Компьютер,6.43,0,0,0.0
MKT009188,2025-08-30,Email,Программа лояльности,Повторный,Мобильное устройство,1.89,1,1,8033.65
MKT002389,2025-03-11,Поисковая реклама,Программа лояльности,Лояльный,Мобильное устройство,17.41,0,0,0.0
MKT004790,2025-11-22,Поисковая реклама,Программа лояльности,Новый,Мобильное устройство,13.36,0,0,0.0
MKT000080,2025-07-21,Социальные сети,Программа лояльности,Повторный,Компьютер,9.91,0,0,0.0
MKT002033,2025-10-10,Email,Сезонная акция,Повторный,Мобильное устройство,1.82,0,0,0.0
MKT007891,2025-07-06,Поисковая реклама,Новый продукт,Лояльный,Компьютер,21.0,0,0,0.0
MKT005647,2025-10-25,Email,Новый продукт,Новый,Компьютер,2.31,0,0,0.0
MKT000717,2025-02-23,Социальные сети,Программа лояльности,Новый,Компьютер,6.73,0,0,0.0
MKT002803,2025-04-06,Email,Сезонная акция,Новый,Компьютер,2.06,0,0,0.0
MKT000507,2025-10-25,Поисковая реклама,Сезонная акция,Новый,Мобильное устройство,22.46,0,0,0.0
MKT009059,2025-04-04,Email,Ретаргетинг,Повторный,Компьютер,2.03,0,0,0.0
MKT006556,2025-07-26,Email,Ретаргетинг,Новый,Мобильное устройство,1.78,0,0,0.0
MKT002482,2025-12-12,Email,Программа лояльности,Повторный,Мобильное устройство,2.19,0,0,0.0
MKT001683,2025-08-03,Медийная реклама,Ретаргетинг,Новый,Компьютер,6.5,0,0,0.0
MKT004824,2025-04-18,Поисковая реклама,Новый продукт,Лояльный,Компьютер,30.02,0,0,0.0
MKT007275,2025-03-10,Медийная реклама,Программа лояльности,Новый,Мобильное устройство,3.66,1,0,0.0
MKT004505,2025-10-07,Email,Новый продукт,Повторный,Компьютер,1.28,0,0,0.0
MKT009437,2025-10-20,Email,Имиджевая кампания,Новый,Компьютер,1.83,0,0,0.0
MKT005053,2025-07-26,Push,Ретаргетинг,Новый,Планшет,1.18,0,0,0.0
MKT009942,2025-10-27,Email,Имиджевая кампания,Повторный,Мобильное устройство,1.22,0,0,0.0
MKT007970,2025-01-26,Социальные сети,Ретаргетинг,Повторный,Мобильное устройство,9.75,1,0,0.0
MKT009579,2025-10-30,Поисковая реклама,Программа лояльности,Новый,Мобильное устройство,13.72,0,0,0.0
MKT002927,2025-04-03,Поисковая реклама,Ретаргетинг,Лояльный,Мобильное устройство,18.41,0,0,0.0
MKT006949,2025-04-30,Социальные сети,Сезонная акция,Повторный,Компьютер,11.52,0,0,0.0
MKT004990,2025-11-23,Социальные сети,Сезонная акция,Лояльный,Мобильное устройство,15.07,0,0,0.0
MKT000170,2025-01-07,Email,Имиджевая кампания,Лояльный,Планшет,2.14,0,0,0.0
MKT005594,2025-12-24,Поисковая реклама,Программа лояльности,Лояльный,Компьютер,15.05,0,0,0.0
MKT005346,2025-11-15,Email,Сезонная акция,Новый,Мобильное устройство,2.15,0,0,0.0
MKT008418,2025-12-17,Push,Новый продукт,Повторный,Мобильное устройство,2.18,1,0,0.0
MKT009213,2025-02-12,Поисковая реклама,Программа лояльности,Повторный,Мобильное устройство,13.49,1,0,0.0
MKT003489,2025-03-22,Email,Сезонная акция,Новый,Компьютер,3.17,0,0,0.0
MKT007204,2025-05-31,Поисковая реклама,Программа лояльности,Повторный,Мобильное устройство,23.93,0,0,0.0
MKT009421,2025-09-07,Поисковая реклама,Имиджевая кампания,Новый,Мобильное устройство,23.42,0,0,0.0
MKT006619,2025-08-05,Email,Сезонная акция,Новый,Мобильное устройство,3.82,1,1,3100.11
MKT008592,2025-11-02,Push,Новый продукт,Лояльный,Мобильное устройство,1.57,0,0,0.0
MKT002440,2025-01-05,Поисковая реклама,Новый продукт,Новый,Мобильное устройство,30.89,0,0,0.0
MKT006630,2025-09-15,Социальные сети,Ретаргетинг,Лояльный,Мобильное устройство,8.36,0,0,0.0
MKT006311,2025-04-29,Email,Ретаргетинг,Повторный,Мобильное устройство,1.67,0,0,0.0
MKT001447,2025-11-10,Email,Программа лояльности,Лояльный,Компьютер,1.95,0,0,0.0
MKT008346,2025-03-02,Поисковая реклама,Сезонная акция,Новый,Планшет,15.73,0,0,0.0
MKT001167,2025-03-19,Push,Программа лояльности,Лояльный,Компьютер,1.09,0,0,0.0
MKT008964,2025-07-20,Поисковая реклама,Имиджевая кампания,Повторный,Мобильное устройство,25.83,0,0,0.0
MKT001433,2025-10-23,Медийная реклама,Имиджевая кампания,Новый,Компьютер,7.68,0,0,0.0
MKT001866,2025-07-04,Социальные сети,Сезонная акция,Новый,Компьютер,8.91,0,0,0.0
MKT009292,2025-11-14,Email,Сезонная акция,Повторный,Мобильное устройство,3.25,0,0,0.0
MKT009967,2025-10-03,Push,Новый продукт,Новый,Мобильное устройство,1.96,0,0,0.0
MKT001494,2025-11-12,Email,Сезонная акция,Повторный,Компьютер,2.57,1,0,0.0
MKT006417,2025-04-14,Email,Сезонная акция,Повторный,Компьютер,2.41,0,0,0.0
MKT007908,2025-11-27,Push,Новый продукт,Лояльный,Компьютер,1.69,0,0,0.0
MKT005946,2025-05-28,Push,Сезонная акция,Новый,Мобильное устройство,1.96,0,0,0.0
MKT008572,2025-12-08,Email,Программа лояльности,Повторный,Компьютер,1.87,0,0,0.0
MKT009101,2025-12-23,Медийная реклама,Ретаргетинг,Повторный,Мобильное устройство,5.97,0,0,0.0
MKT008142,2025-12-19,Поисковая реклама,Имиджевая кампания,Новый,Мобильное устройство,20.26,1,0,0.0
MKT000780,2025-11-27,Email,Имиджевая кампания,Повторный,Мобильное устройство,2.6,0,0,0.0
MKT006578,2025-02-23,Социальные сети,Новый продукт,Новый,Мобильное устройство,11.28,0,0,0.0
MKT007438,2025-10-30,Поисковая реклама,Ретаргетинг,Новый,Мобильное устройство,18.14,0,0,0.0
MKT006325,2025-11-12,Социальные сети,Новый продукт,Новый,Мобильное устройство,9.92,0,0,0.0
MKT003757,2025-07-26,Социальные сети,Программа лояльности,Повторный,Компьютер,6.74,1,0,0.0
MKT002462,2025-11-30,Email,Ретаргетинг,Повторный,Мобильное устройство,1.78,0,0,0.0
MKT001674,2025-12-15,Email,Ретаргетинг,Повторный,Мобильное устройство,2.37,1,1,5005.47
MKT000786,2025-04-16,Поисковая реклама,Новый продукт,Лояльный,Мобильное устройство,28.26,0,0,0.0
MKT000347,2025-01-11,Поисковая реклама,Сезонная акция,Повторный,Компьютер,21.57,0,0,0.0
MKT002586,2025-10-10,Поисковая реклама,Новый продукт,Повторный,Мобильное устройство,26.2,1,0,0.0
MKT007377,2025-07-15,Поисковая реклама,Ретаргетинг,Лояльный,Компьютер,20.01,1,0,0.0
MKT002897,2025-07-20,Поисковая реклама,Программа лояльности,Повторный,Мобильное устройство,14.01,0,0,0.0
MKT004630,2025-05-21,Медийная реклама,Программа лояльности,Лояльный,Мобильное устройство,4.76,0,0,0.0
MKT000770,2025-01-29,Поисковая реклама,Ретаргетинг,Повторный,Мобильное устройство,12.28,0,0,0.0
MKT009171,2025-01-12,Email,Сезонная акция,Повторный,Мобильное устройство,2.03,0,0,0.0
MKT007284,2025-01-04,Медийная реклама,Новый продукт,Повторный,Компьютер,5.43,0,0,0.0
MKT004017,2025-12-27,Email,Имиджевая кампания,Лояльный,Мобильное устройство,2.54,0,0,0.0
MKT005696,2025-07-15,Медийная реклама,Ретаргетинг,Повторный,Компьютер,4.54,0,0,0.0
MKT001633,2025-06-21,Социальные сети,Ретаргетинг,Лояльный,Компьютер,9.78,0,0,0.0
MKT002009,2025-08-06,Push,Ретаргетинг,Новый,Компьютер,1.26,0,0,0.0
MKT002055,2025-09-08,Социальные сети,Программа лояльности,Повторный,Компьютер,11.45,0,0,0.0
MKT001332,2025-07-17,Email,Программа лояльности,Лояльный,Компьютер,2.31,0,0,0.0
MKT005263,2025-09-12,Email,Сезонная акция,Новый,Мобильное устройство,3.18,0,0,0.0
MKT000831,2025-04-13,Push,Имиджевая кампания,Новый,Мобильное устройство,2.45,1,1,3581.4
MKT009937,2025-08-02,Push,Программа лояльности,Новый,Компьютер,1.05,0,0,-100.0
MKT007215,2025-05-07,Email,Сезонная акция,Повторный,Мобильное устройство,1.91,0,0,0.0
MKT008396,2025-12-17, email ,Сезонная акция,Повторный,Мобильное устройство,3.27,0,0,0.0
MKT000252,2025-04-15,Социальные сети,Программа лояльности,Лояльный,Мобильное устройство,6.52,0,0,0.0
MKT000139,2025-05-07,Email,Сезонная акция,Лояльный,Компьютер,1.75,0,0,0.0
MKT003714,2025-12-12,Социальные сети,Новый продукт,Повторный,Компьютер,15.96,0,0,0.0
MKT006297,2025-10-12,Медийная реклама,Программа лояльности,Лояльный,Компьютер,4.92,0,0,0.0
MKT008577,2025-12-17,Социальные сети,Ретаргетинг,Повторный,Мобильное устройство,8.03,0,0,0.0
MKT004927,2025-09-20,Email,Имиджевая кампания,Лояльный,Компьютер,2.08,0,0,0.0
MKT002290,2025-01-05,Push,Имиджевая кампания,Новый,Мобильное устройство,1.52,0,0,0.0
MKT002371,2025-09-05,Email,Новый продукт,Повторный,Мобильное устройство,2.11,0,2,0.0
MKT003028,2025-03-31,Email,Сезонная акция,Новый,Мобильное устройство,2.8,1,0,0.0
MKT004104,2025-07-17,Поисковая реклама,Имиджевая кампания,Новый,Мобильное устройство,26.54,0,0,0.0
MKT003958,2025-10-14,Медийная реклама,Ретаргетинг,Лояльный,Мобильное устройство,6.11,0,0,0.0
MKT006162,2025-08-30,Медийная реклама,Имиджевая кампания,Повторный,Мобильное устройство,7.31,0,0,0.0
MKT007540,2025-06-23,Email,Новый продукт,Лояльный,Мобильное устройство,3.33,0,0,0.0
MKT003138,2025-02-13,Email,Имиджевая кампания,Новый,Мобильное устройство,2.33,0,0,0.0
MKT004767,2025-06-19,Push,Новый продукт,Повторный,Компьютер,2.76,0,0,0.0
MKT001584,2025-10-04,Email,Новый продукт,Новый,Мобильное устройство,2.4,0,0,0.0
MKT002959,2025-04-08,Email,Программа лояльности,Повторный,Мобильное устройство,1.97,0,0,0.0
MKT004208,2025-01-03,Поисковая реклама,Ретаргетинг,Повторный,Мобильное устройство,17.78,1,0,0.0
MKT000765,2025-03-13,Поисковая реклама,Новый продукт,Повторный,Мобильное устройство,25.84,0,0,0.0
MKT006761,2025-03-01,Медийная реклама,Ретаргетинг,Лояльный,Мобильное устройство,5.18,0,0,0.0
MKT008890,2025-09-11,Email,Новый продукт,Повторный,Мобильное устройство,1.9,1,0,0.0
MKT004582,2025-06-06,Социальные сети,Имиджевая кампания,Новый,Мобильное устройство,10.11,0,0,0.0
MKT001343,2025-04-01,Социальные сети,Новый продукт,Новый,Компьютер,7.7,0,0,0.0
MKT000443,2025-06-01,Социальные сети,НОВЫЙ ПРОДУКТ,Повторный,Компьютер,8.5,0,0,0.0
MKT003118,2025-06-28,Социальные сети,Программа лояльности,Повторный,Мобильное устройство,7.11,0,0,0.0
MKT001495,2025-09-26,Социальные сети,Ретаргетинг,Новый,Мобильное устройство,9.36,0,0,0.0
MKT006133,2025-05-25,Социальные сети,Сезонная акция,Повторный,Мобильное устройство,8.88,0,0,0.0
MKT008275,2025-04-19,Email,Ретаргетинг,Новый,Мобильное устройство,2.58,0,0,0.0
MKT003673,2025-09-08,Email,Сезонная акция,Повторный,Мобильное устройство,2.49,0,0,0.0
MKT004627,2025-12-23,Push,Новый продукт,Лояльный,Компьютер,2.41,1,0,0.0
MKT000122,2025-12-12,Поисковая реклама,Сезонная акция,Новый,Мобильное устройство,20.83,0,0,0.0
MKT009955,2025-04-03,Push,Сезонная акция,Повторный,Мобильное устройство,1.67,0,0,0.0
MKT003742,2025-11-07,Социальные сети,Ретаргетинг,Повторный,Мобильное устройство,8.26,0,0,0.0
MKT009495,2025-10-09,Социальные сети,Имиджевая кампания,Лояльный,Компьютер,11.5,0,0,0.0
MKT002157,2025-10-08,Медийная реклама,Программа лояльности,Лояльный,Компьютер,5.2,0,0,0.0
MKT005434,2025-10-04,Email,Сезонная акция,Повторный,Мобильное устройство,2.1,0,0,0.0
MKT002730,2025-07-06,Поисковая реклама,Ретаргетинг,Повторный,Компьютер,18.34,0,0,0.0
MKT003644,2025-08-10,Push,Сезонная акция,Повторный,Мобильное устройство,1.01,0,0,0.0
MKT005430,2025-02-27,Email,Сезонная акция,Повторный,Компьютер,1.76,0,0,0.0
MKT008911,2025-05-31,Email,Новый продукт,Повторный,Мобильное устройство,2.69,0,0,0.0
MKT003783,2025-09-23,Социальные сети,Сезонная акция,Новый,Мобильное устройство,13.96,0,0,0.0
MKT007101,2025-03-06,Email,Имиджевая кампания,Повторный,Компьютер,2.93,0,0,0.0
MKT000948,2025-12-01,Email,Новый продукт,Новый,Компьютер,2.43,0,0,0.0
MKT000172,2025-02-23,Push,Новый продукт,Лояльный,Мобильное устройство,2.49,0,0,0.0
MKT004147,2025-04-28,Социальные сети,Имиджевая кампания,Повторный,Мобильное устройство,6.67,0,0,0.0
MKT003650,2025-07-08,Поисковая реклама,Новый продукт,Повторный,Мобильное устройство,16.03,0,0,0.0
MKT005137,2025-10-01,Email,Сезонная акция,Новый,Компьютер,2.07,0,0,0.0
MKT002225,2025-10-25,Социальные сети,Имиджевая кампания,Повторный,Мобильное устройство,8.85,0,0,0.0
MKT001611,2025-01-16,Медийная реклама,Новый продукт,Лояльный,Мобильное устройство,5.63,0,0,0.0
MKT006863,2025-01-31,Push,Сезонная акция,Новый,Компьютер,1.88,0,0,0.0
MKT005832,2025-10-08,Медийная реклама,Имиджевая кампания,Повторный,Мобильное устройство,4.85,0,0,0.0
MKT000329,2025-01-24,Поисковая реклама,Сезонная акция,Повторный,Компьютер,34.98,0,0,0.0
MKT009009,2025-09-24,,Ретаргетинг,Лояльный,Мобильное устройство,1.83,0,0,0.0
MKT009807,2025-09-23,Медийная реклама,Программа лояльности,Повторный,Мобильное устройство,5.37,0,0,0.0
MKT004423,2025-03-01,Медийная реклама,Новый продукт,Лояльный,Компьютер,5.29,1,0,0.0
MKT002655,2025-03-18,Социальные сети,Сезонная акция,Повторный,Мобильное устройство,13.02,0,0,0.0
MKT009332,2025-09-16,Поисковая реклама,Программа лояльности,Повторный,Мобильное устройство,13.37,1,0,0.0
MKT001304,2025-11-11,Email,Сезонная акция,Новый,Мобильное устройство,2.27,2,0,0.0
MKT003885,06.03.2025,Email,Программа лояльности,Повторный,Мобильное устройство,2.25,0,0,0.0
MKT008817,2025-03-23,Поисковая реклама,Сезонная акция,Повторный,Планшет,21.58,0,0,0.0
MKT001741,2025-07-11,Поисковая реклама,Новый продукт,Повторный,Компьютер,26.09,0,0,0.0
MKT001285,2025-02-16,Email,Ретаргетинг,Новый,Компьютер,2.49,0,0,0.0
MKT000047,2025-06-13,Push,Ретаргетинг,Лояльный,Мобильное устройство,1.04,0,0,0.0
MKT000124,2025-10-13,Поисковая реклама,Сезонная акция,Новый,Компьютер,14.62,0,0,0.0
MKT008628,2025-04-02,Медийная реклама,Имиджевая кампания,Повторный,Мобильное устройство,5.0,0,0,0.0
MKT003042,2025-10-05,Email,Сезонная акция,Лояльный,Мобильное устройство,2.09,0,0,0.0
MKT009716,2025-05-01,Email,Ретаргетинг,Повторный,Мобильное устройство,2.2,0,0,0.0
MKT005286,2025-09-08,Поисковая реклама,Ретаргетинг,Новый,Компьютер,13.37,0,0,0.0
MKT003641,2025-08-07,Поисковая реклама,Сезонная акция,Лояльный,Мобильное устройство,13.3,1,0,0.0
MKT003865,2025-02-13,Медийная реклама,Новый продукт,Повторный,Мобильное устройство,7.76,0,0,0.0
MKT008810,2025-07-04,Социальные сети,Имиджевая кампания,Новый,Мобильное устройство,10.44,0,0,0.0
MKT008270,2025-02-01,Поисковая реклама,Сезонная акция,Новый,Мобильное устройство,29.89,0,0,0.0
MKT001692,2025-08-16,Email,Сезонная акция,Лояльный,Мобильное устройство,2.5,0,0,0.0
MKT000681,2025-11-18,Медийная реклама,Имиджевая кампания,Новый,Мобильное устройство,7.65,0,0,0.0
MKT002176,2025-03-15,Push,Ретаргетинг,Новый,Мобильное устройство,1.54,1,0,0.0
MKT001523,2025-08-16,Медийная реклама,Программа лояльности,Новый,Мобильное устройство,5.94,0,0,0.0
MKT000161,2025-01-28,Поисковая реклама,Новый продукт,Повторный,Мобильное устройство,35.62,0,0,0.0
MKT001985,2025-07-15,Социальные сети,Новый продукт,Повторный,Мобильное устройство,9.44,0,0,0.0
MKT003349,2025-11-12,Email,Новый продукт,Лояльный,Компьютер,2.45,0,0,0.0
MKT006326,2025-03-19,Медийная реклама,Имиджевая кампания,Новый,Мобильное устройство,5.51,0,0,0.0
MKT008549,2025-04-03,Email,Ретаргетинг,Лояльный,Компьютер,1.75,0,0,0.0
MKT008838,2025-11-17,Социальные сети,Имиджевая кампания,Новый,Мобильное устройство,8.92,0,0,0.0
MKT000501,2025-09-10,Email,Ретаргетинг,Лояльный,Мобильное устройство,2.15,1,0,0.0
MKT003089,2025-08-01,Социальные сети,Ретаргетинг,Лояльный,Мобильное устройство,8.58,0,0,0.0
MKT004041,2025-08-17,Поисковая реклама,Имиджевая кампания,Новый,Компьютер,15.06,1,0,0.0
MKT007162,2025-01-22,Социальные сети,Сезонная акция,Повторный,Мобильное устройство,11.47,0,0,0.0
MKT007585,2025-07-25,Медийная реклама,Имиджевая кампания,Повторный,Компьютер,6.86,0,0,0.0
MKT009675,2025-06-06,Социальные сети,Сезонная акция,Новый,Мобильное устройство,8.68,0,0,0.0
MKT003057,2025-11-05,Email,Имиджевая кампания,Лояльный,Мобильное устройство,2.69,0,0,0.0
MKT002569,2025-03-15,Email,Программа лояльности,Повторный,Мобильное устройство,2.08,0,0,0.0
MKT003700,2025-10-21,Социальные сети,Сезонная акция,Лояльный,Мобильное устройство,9.96,1,0,0.0
MKT003907,2025-05-19,Push,Ретаргетинг,Повторный,Мобильное устройство,1.41,0,0,0.0
MKT005019,2025-09-19,Социальные сети,Ретаргетинг,Повторный,Мобильное устройство,8.15,0,0,0.0
MKT008412,2025-10-22,Push,Имиджевая кампания,Повторный,Мобильное устройство,2.09,0,0,0.0
MKT007259,2025-09-18,Медийная реклама,Имиджевая кампания,Повторный,Мобильное устройство,7.16,0,0,0.0
MKT002443,2025-08-27,Социальные сети,Сезонная акция,Новый,Мобильное устройство,7.26,0,0,0.0
MKT004653,2025-12-27,Поисковая реклама,Новый продукт,Новый,Компьютер,20.72,0,0,0.0
MKT005501,2025-02-25,Push,Сезонная акция,Повторный,Мобильное устройство,2.12,0,0,0.0
MKT008000,2025-06-25,Социальные сети,Имиджевая кампания,Повторный,Мобильное устройство,13.0,0,0,0.0
MKT006812,2025-12-08,Поисковая реклама,Новый продукт,Повторный,Мобильное устройство,27.18,0,0,0.0
MKT007826,2025-12-20,Email,Сезонная акция,Повторный,Мобильное устройство,2.2,0,0,0.0
MKT000167,2025-07-26,Социальные сети,Ретаргетинг,Новый,Мобильное устройство,9.83,0,0,0.0
MKT009097,2025-04-20,Социальные сети,Ретаргетинг,Новый,Компьютер,7.5,0,0,0.0
MKT000318,2025-10-10,Медийная реклама,Имиджевая кампания,Новый,Мобильное устройство,5.5,0,0,0.0
MKT005999,2025-01-26,Email,Имиджевая кампания,Повторный,Мобильное устройство,1.89,0,0,0.0
MKT004914,2025-06-14,Социальные сети,Сезонная акция,Новый,Мобильное устройство,13.25,0,0,0.0
MKT002324,2025-06-25,Медийная реклама,Имиджевая кампания,Лояльный,Мобильное устройство,9.21,0,0,0.0
MKT001310,2025-07-05,Медийная реклама,Имиджевая кампания,Лояльный,Мобильное устройство,7.58,0,0,0.0
MKT009969,2025-06-12,Социальные сети,Новый продукт,Новый,Компьютер,7.35,0,0,0.0
MKT005769,2025-07-08,Поисковая реклама,Имиджевая кампания,Повторный,Компьютер,17.42,0,0,0.0
MKT000944,2025-12-25,Социальные сети,Ретаргетинг,Новый,Планшет,8.53,0,0,0.0
MKT009701,2025-01-31,Email,Новый продукт,Повторный,Мобильное устройство,3.04,0,0,0.0
MKT008974,2025-02-13,Социальные сети,Сезонная акция,Повторный,Мобильное устройство,9.0,0,0,
MKT007748,2025-08-27,Email,Имиджевая кампания,Новый,Компьютер,2.36,0,0,0.0
MKT007149,2025-02-19,Социальные сети,Ретаргетинг,Повторный,Компьютер,10.06,0,0,0.0
MKT006283,2025-04-03,Социальные сети,Сезонная акция,Новый,Мобильное устройство,11.02,0,0,0.0
MKT000919,2025-04-30,Социальные сети,Ретаргетинг,Новый,Компьютер,6.28,0,0,0.0
MKT001793,2025-04-15,Push,Ретаргетинг,Новый,Компьютер,1.45,0,0,0.0
MKT000783,2025-02-05,Социальные сети,Ретаргетинг,Повторный,Мобильное устройство,8.59,0,0,0.0
MKT009616,2025-03-13,Push,Сезонная акция,Новый,Компьютер,1.75,0,0,0.0
MKT009501,2025-09-27,Поисковая реклама,Программа лояльности,Лояльный,Планшет,14.67,0,0,0.0
MKT003814,2025-02-22,Email,Ретаргетинг,Лояльный,Мобильное устройство,,0,0,0.0
MKT007691,2025-05-26,Поисковая реклама,Ретаргетинг,Повторный,Компьютер,36.94,0,0,0.0
MKT005352,2025-10-06,Поисковая реклама,Программа лояльности,Повторный,Компьютер,17.31,0,0,0.0
MKT006574,2025-08-21,Медийная реклама,Имиджевая кампания,Повторный,Мобильное устройство,8.86,0,0,0.0
MKT007753,2025-02-23,Поисковая реклама,Имиджевая кампания,Новый,Мобильное устройство,18.86,0,0,0.0
MKT005238,2025-10-12,Поисковая реклама,Ретаргетинг,Повторный,Мобильное устройство,17.81,1,1,4035.25
MKT000272,2025-02-09,Социальные сети,Новый продукт,Повторный,Мобильное устройство,17.25,0,0,0.0
MKT007419,2025-06-30,Социальные сети,Программа лояльности,Новый,Компьютер,9.26,0,0,0.0
MKT007544,2025-11-21,Поисковая реклама,Сезонная акция,Новый,Мобильное устройство,17.88,0,0,0.0
MKT002294,2025-07-27,Push,Ретаргетинг,Повторный,Мобильное устройство,1.64,1,1,2339.7
MKT007020,2025-07-17,Email,Имиджевая кампания,Новый,Компьютер,2.42,0,0,0.0
MKT003534,2025-08-05,Медийная реклама,Ретаргетинг,Новый,Мобильное устройство,5.86,0,0,0.0
MKT004665,2025-01-06,Push,Сезонная акция,Повторный,Мобильное устройство,1.95,0,0,0.0
MKT006831,2025-12-26,Социальные сети,Новый продукт,Новый,Компьютер,8.9,0,0,0.0
MKT009375,2025-11-20,Email,Ретаргетинг,Повторный,Компьютер,2.38,0,0,0.0
MKT002942,2025-06-28,Медийная реклама,Имиджевая кампания,Новый,Мобильное устройство,7.93,0,0,0.0
MKT006706,2025-09-30,Push,Имиджевая кампания,Новый,Мобильное устройство,1.52,0,0,0.0
MKT002485,16.10.2025,Push,Новый продукт,Повторный,Компьютер,1.79,0,0,0.0
MKT009311,2025-04-10,Поисковая реклама,Программа лояльности,Новый,Мобильное устройство,13.32,0,0,0.0
MKT008152,2025-03-13,Социальные сети,Программа лояльности,Повторный,Мобильное устройство,6.47,0,0,0.0
MKT009971,2025-03-20,Социальные сети,Новый продукт,Лояльный,Планшет,11.29,1,0,0.0
MKT008455,2025-06-12,Поисковая реклама,Ретаргетинг,Повторный,Компьютер,16.79,0,0,0.0
MKT006093,2025-08-04,Социальные сети,Сезонная акция,Повторный,Компьютер,10.37,0,0,0.0
MKT003878,2025-02-05,Push,Программа лояльности,Повторный,Мобильное устройство,1.0,1,1,4500.19
MKT001539,2025-05-27,Email,Имиджевая кампания,Новый,Мобильное устройство,2.18,0,0,0.0
MKT003163,2025-01-24,Социальные сети,Сезонная акция,Повторный,Мобильное устройство,8.45,1,0,0.0
MKT000325,2025-04-07,Медийная реклама,Новый продукт,Повторный,Мобильное устройство,,0,0,0.0
MKT001207,2025-07-27,Push,Программа лояльности,Повторный,Компьютер,1.63,0,0,0.0
MKT008018,2025-09-04,Медийная реклама,Программа лояльности,Лояльный,Мобильное устройство,6.46,0,0,0.0
MKT003720,2025-10-15,Социальные сети,Имиджевая кампания,Повторный,Компьютер,11.41,0,0,0.0
MKT007940,2025-07-19,,Сезонная акция,Новый,Компьютер,6.64,0,0,0.0
MKT000858,2025-09-09,Поисковая реклама,Сезонная акция,Повторный,Мобильное устройство,16.25,0,0,0.0
MKT006917,2025-05-09,ПОИСКОВАЯ РЕКЛАМА,Ретаргетинг,Лояльный,Компьютер,23.65,0,0,0.0
MKT003174,2025-06-20,Социальные сети,Сезонная акция,Повторный,Мобильное устройство,10.41,1,0,0.0
MKT006805,2025-01-31,Email,Ретаргетинг,Повторный,Мобильное устройство,3.51,0,0,0.0
MKT006373,2025-03-16,Медийная реклама,Сезонная акция,Новый,Мобильное устройство,6.31,0,0,0.0
MKT001628,2025-12-19,Поисковая реклама,Ретаргетинг,Лояльный,Компьютер,18.32,0,0,0.0
MKT009823,2025-01-21,Email,Новый продукт,Повторный,Мобильное устройство,2.55,0,0,0.0
MKT004160,2025-02-02,Медийная реклама,Ретаргетинг,Лояльный,Компьютер,6.31,0,0,0.0
MKT003528,2025-07-28,Медийная реклама,Новый продукт,Новый,Компьютер,7.42,0,0,0.0
MKT006747,2025-09-06,Социальные сети,Сезонная акция,Новый,Компьютер,12.61,0,0,0.0
MKT003572,2025-02-20,Поисковая реклама,Сезонная акция,Повторный,Компьютер,24.84,0,0,0.0
MKT001074,2025-06-07,Социальные сети,Сезонная акция,Новый,Мобильное устройство,11.04,0,0,0.0
MKT009068,2025-01-31,Социальные сети,Имиджевая кампания,Новый,Мобильное устройство,8.15,0,0,0.0
MKT007853,2025-06-21,Социальные сети,Имиджевая кампания,Повторный,мобильное ,14.39,0,0,0.0
MKT000320,2025-09-22,Поисковая реклама,Сезонная акция,Повторный,Мобильное устройство,26.01,0,0,0.0
MKT005392,2025-07-06,Email,Программа лояльности,Повторный,Мобильное устройство,1.85,0,0,0.0
MKT008811,2025-11-16,Push,Ретаргетинг,Повторный,Мобильное устройство,1.45,0,0,0.0
MKT006527,2025-08-13,Email,Ретаргетинг,Повторный,Планшет,2.32,1,0,0.0
MKT005778,2025-08-26,Социальные сети,Сезонная акция,Повторный,Планшет,8.6,0,0,0.0
MKT001000,2025-07-17,Поисковая реклама,Сезонная акция,Новый,Компьютер,19.69,0,0,0.0
MKT008245,2025-06-02,Поисковая реклама,Имиджевая кампания,Повторный,Мобильное устройство,21.84,0,1,0.0
MKT009749,2025-06-14,Push,Сезонная акция,Новый,Компьютер,2.66,0,0,0.0
MKT004278,2025-08-26,Социальные сети,ретаргетинг ,Новый,Мобильное устройство,8.17,0,0,0.0
MKT008523,17.02.2025,Поисковая реклама,Программа лояльности,Повторный,Мобильное устройство,16.72,0,0,0.0
MKT009931,2025-06-20,Push,Программа лояльности,Новый,Мобильное устройство,1.34,0,0,0.0
MKT009181,2025-04-03,Push,Программа лояльности,Повторный,Компьютер,1.2,0,0,0.0
MKT004380,2025-07-19,Социальные сети,Ретаргетинг,Повторный,Мобильное устройство,7.75,0,0,0.0
MKT006035,2025-12-30,Поисковая реклама,Программа лояльности,Новый,Мобильное устройство,15.78,0,0,0.0
MKT002907,2025-11-27,Push,Имиджевая кампания,Повторный,Мобильное устройство,1.4,0,0,0.0
MKT004682,2025-04-14,Email,Новый продукт,Новый,Мобильное устройство,2.65,0,0,0.0
MKT003077,2025-09-27,Социальные сети,Новый продукт,Новый,Компьютер,17.76,0,0,0.0
MKT007707,2025-08-11,Email,Новый продукт,Новый,Планшет,2.41,0,0,0.0
MKT006624,2025-10-04,Email,Ретаргетинг,Повторный,Компьютер,2.26,0,0,0.0
MKT007866,2025-09-12,Поисковая реклама,Имиджевая кампания,Новый,Мобильное устройство,16.0,0,0,0.0
MKT008258,2025-03-11,Email,Ретаргетинг,Новый,Мобильное устройство,1.41,0,-1,0.0
MKT002381,2025-08-17,Email,Ретаргетинг,Новый,Мобильное устройство,2.89,0,0,0.0
MKT008294,2025-02-03,Поисковая реклама,Новый продукт,Новый,Компьютер,21.35,0,0,0.0
MKT001954,2025-05-20,Email,Новый продукт,Новый,Мобильное устройство,2.62,0,0,0.0
MKT004694,2025-05-27,Email,Сезонная акция,Новый,Мобильное устройство,2.82,0,0,0.0
MKT001810,2025-03-13,Социальные сети,Программа лояльности,Новый,Мобильное устройство,11.15,0,0,0.0
MKT001128,2025-06-26,Социальные сети,Имиджевая кампания,Повторный,Мобильное устройство,8.49,0,0,0.0
MKT008234,2025-11-27,,Новый продукт,Лояльный,Компьютер,20.09,0,0,0.0
MKT007766,2025-04-27,Медийная реклама,Ретаргетинг,Новый,Компьютер,7.26,0,0,0.0
MKT004369,2025-03-20,Поисковая реклама,Ретаргетинг,Новый,Мобильное устройство,21.49,0,0,0.0
MKT002432,2025-10-06,Поисковая реклама,Ретаргетинг,Повторный,Мобильное устройство,14.93,0,0,0.0
MKT006122,2025-02-12,Социальные сети,Программа лояльности,Новый,Компьютер,8.48,0,0,0.0
MKT001678,2025-01-09,Социальные сети,Программа лояльности,Новый,Компьютер,7.14,0,0,0.0
MKT007079,2025-01-02,Медийная реклама,Ретаргетинг,Повторный,Планшет,5.5,0,0,0.0
MKT007645,2025-06-24,Push,Имиджевая кампания,Лояльный,Мобильное устройство,1.23,0,0,0.0
MKT003212,2025-02-25,Поисковая реклама,Сезонная акция,Повторный,Компьютер,18.59,0,0,0.0
MKT000117,2025-04-26,Поисковая реклама,Имиджевая кампания,Повторный,Компьютер,20.61,0,0,0.0
MKT006827,2025-05-22,Социальные сети,Ретаргетинг,Повторный,Компьютер,11.08,1,0,0.0
MKT002312,2025-12-09,Email,Ретаргетинг,Повторный,Мобильное устройство,1.76,0,0,0.0
MKT001536,2025-10-19,Email,Программа лояльности,Новый,Мобильное устройство,1.43,0,0,0.0
MKT005271,2025-07-15,Поисковая реклама,Имиджевая кампания,Повторный,Мобильное устройство,21.29,0,0,0.0
MKT007530,2025-07-06,Медийная реклама,Программа лояльности,Повторный,Компьютер,4.48,0,0,0.0
MKT003053,2025-03-30,Социальные сети,Имиджевая кампания,Лояльный,Мобильное устройство,11.62,0,0,0.0
MKT005432,2025-06-15,Социальные сети,Программа лояльности,Повторный,Мобильное устройство,8.53,0,0,0.0
MKT008799,2025-05-13,Социальные сети,Ретаргетинг,Лояльный,Компьютер,9.04,0,0,0.0
MKT004649,2025-02-14,Email,Ретаргетинг,Повторный,Мобильное устройство,2.81,0,0,0.0
MKT002782,2025-06-24,Социальные сети,Программа лояльности,Повторный,Мобильное устройство,9.45,0,0,0.0
MKT000358,2025-02-21,Email,Имиджевая кампания,Повторный,Мобильное устройство,3.15,0,0,0.0
MKT005240,2025-06-22,Поисковая реклама,Имиджевая кампания,Новый,Мобильное устройство,20.08,1,1,3761.49
MKT001317,2025-07-04,Социальные сети,Ретаргетинг,Повторный,Компьютер,10.26,0,0,0.0
MKT009046,2025-04-04,Социальные сети,Ретаргетинг,Лояльный,Мобильное устройство,8.23,0,0,0.0
MKT001106,2025-04-04,Email,Ретаргетинг,Повторный,Компьютер,2.33,0,0,0.0
MKT000295,2025-09-02,Email,Новый продукт,Лояльный,Компьютер,2.72,0,0,0.0
MKT000743,2025-10-12,Медийная реклама,Имиджевая кампания,Новый,Компьютер,9.43,0,0,0.0
MKT007408,2025-03-23,Push,Имиджевая кампания,Новый,Компьютер,2.23,0,0,0.0
MKT008949,2025-01-09,Email,Ретаргетинг,Новый,Компьютер,1.77,0,0,0.0
MKT008735,2025-04-17,Социальные сети,Программа лояльности,Повторный,Мобильное устройство,6.29,0,0,0.0
MKT000523,2025-04-30,Медийная реклама,Сезонная акция,Лояльный,Мобильное устройство,7.42,0,0,0.0
MKT009167,2025-07-19,Поисковая реклама,Имиджевая кампания,Повторный,Мобильное устройство,18.99,0,0,0.0
MKT001763,2025-10-31,Поисковая реклама,Имиджевая кампания,Повторный,Компьютер,27.63,1,0,0.0
MKT000371,2025-05-09,Email,Сезонная акция,Лояльный,Компьютер,2.28,0,0,0.0
MKT001899,2025-08-06,Email,Ретаргетинг,Повторный,Мобильное устройство,1.8,0,0,0.0
MKT008212,2025-01-09,Email,Ретаргетинг,Новый,Компьютер,1.94,0,0,0.0
MKT000108,2025-12-28,Социальные сети,Новый продукт,Новый,Мобильное устройство,10.85,0,0,0.0
MKT000052,2025-09-03,Социальные сети,Сезонная акция,Новый,Мобильное устройство,11.6,0,0,0.0
MKT008883,2025-02-11,Социальные сети,Сезонная акция,Повторный,Мобильное устройство,7.96,0,0,0.0
MKT007591,2025-02-08,Поисковая реклама,Имиджевая кампания,Повторный,Компьютер,20.93,0,0,0.0
MKT009925,2025-10-17,Поисковая реклама,Ретаргетинг,Лояльный,КОМПЬЮТЕР,19.11,0,0,0.0
MKT002860,2025-10-31,Email,Программа лояльности,Повторный,Мобильное устройство,1.94,0,0,0.0
MKT006699,2025-05-22,Поисковая реклама,Сезонная акция,Новый,Мобильное устройство,22.77,0,0,0.0
MKT005380,2025-03-07,Push,Сезонная акция,Новый,Мобильное устройство,,0,0,0.0
MKT006411,2025-03-28,Email,Ретаргетинг,Повторный,Мобильное устройство,1.64,0,0,0.0
MKT001105,2025-06-11,Поисковая реклама,Ретаргетинг,Новый,Мобильное устройство,14.13,0,0,0.0
MKT000753,2025-06-18,Email,Имиджевая кампания,Новый,Мобильное устройство,2.17,0,0,0.0
MKT009698,2025-07-05,Email,Имиджевая кампания,Новый,Мобильное устройство,2.59,0,0,0.0
MKT007182,2025-03-05,Поисковая реклама,Имиджевая кампания,Новый,Мобильное устройство,26.56,0,0,0.0
MKT007265,2025-06-28,Поисковая реклама,Программа лояльности,Лояльный,Компьютер,18.97,0,0,0.0
MKT008319,19.10.2025,Медийная реклама,Имиджевая кампания,Повторный,Мобильное устройство,7.66,0,0,0.0
MKT007010,2025-04-26,Социальные сети,Программа лояльности,Новый,Компьютер,6.76,0,0,0.0
MKT005045,2025-11-12,Поисковая реклама,Сезонная акция,Новый,Планшет,23.52,1,0,0.0
MKT003759,2025-05-14,Медийная реклама,Сезонная акция,Новый,Мобильное устройство,10.29,0,0,0.0
MKT007393,2025-10-18,Поисковая реклама,Новый продукт,Повторный,Мобильное устройство,19.92,0,0,0.0
MKT006469,2025-11-16,Социальные сети,Ретаргетинг,Лояльный,Мобильное устройство,6.78,0,0,0.0
MKT009964,2025-12-28,Email,Имиджевая кампания,Лояльный,Мобильное устройство,2.32,0,0,0.0
MKT002526,2025-12-19,Социальные сети,Сезонная акция,Лояльный,Мобильное устройство,6.75,0,0,0.0
MKT002668,2025-09-22,Социальные сети,Новый продукт,Новый,Мобильное устройство,7.97,0,0,0.0
MKT001886,2025-07-30,Email,Программа лояльности,Лояльный,Компьютер,1.58,0,0,0.0
MKT009327,2025-09-14,Поисковая реклама,Ретаргетинг,Новый,Мобильное устройство,13.91,0,0,0.0
MKT002175,2025-06-23,Поисковая реклама,Сезонная акция,Лояльный,Компьютер,17.86,0,0,0.0
MKT009065,2025-11-22,Email,Программа лояльности,Лояльный,Мобильное устройство,1.44,0,0,0.0
MKT007114,2025-01-05,Социальные сети,Имиджевая кампания,Лояльный,Мобильное устройство,13.19,0,0,0.0
MKT004626,2025-12-11,Поисковая реклама,Программа лояльности,Новый,Мобильное устройство,15.37,0,0,0.0
MKT000088,2025-01-05,Email,Имиджевая кампания,Новый,Мобильное устройство,1.98,0,0,0.0
MKT008871,2025-08-07,Поисковая реклама,Имиджевая кампания,Лояльный,Мобильное устройство,32.31,0,0,0.0
MKT002005,2025-03-25,Поисковая реклама,Имиджевая кампания,Повторный,Мобильное устройство,16.11,1,0,0.0
MKT003535,2025-06-19,Медийная реклама,Имиджевая кампания,Лояльный,Планшет,7.21,0,0,0.0
MKT004723,2025-06-08,Поисковая реклама,Программа лояльности,Новый,Компьютер,14.62,0,0,0.0
MKT002117,2025-12-22,Поисковая реклама,Ретаргетинг,Лояльный,Компьютер,10000.0,0,0,0.0
MKT001234,2025-05-30,Email,Имиджевая кампания,Повторный,Мобильное устройство,3.24,0,0,0.0
MKT004857,2025-09-29,Социальные сети,Программа лояльности,Новый,Мобильное устройство,6.59,1,0,0.0
MKT005369,2025-04-12,Поисковая реклама,Сезонная акция,Повторный,Мобильное устройство,11.92,1,1,3600.12
MKT007487,2025-02-13,Email,Ретаргетинг,Новый,Мобильное устройство,1.78,0,0,0.0
MKT009487,2025-07-02,Email,Ретаргетинг,Новый,Мобильное устройство,2.31,0,0,0.0
MKT008559,2025-08-20,Медийная реклама,Ретаргетинг,Новый,мобильное ,5.11,0,0,0.0
MKT008466,2025-01-01,Социальные сети,Новый продукт,Лояльный,Компьютер,14.32,0,0,0.0
MKT005451,2025-07-18,Медийная реклама,Имиджевая кампания,Новый,Мобильное устройство,7.96,0,0,0.0
MKT009467,2025-08-01,Email,Ретаргетинг,Новый,Мобильное устройство,1.59,0,0,0.0
MKT003949,2025-10-16,Поисковая реклама,Ретаргетинг,Новый,Мобильное устройство,14.88,0,0,0.0
MKT001684,2025-01-05,Email,Ретаргетинг,Повторный,Мобильное устройство,2.94,0,0,0.0
MKT001927,2025-08-14,Push,Сезонная акция,Повторный,Мобильное устройство,1.75,0,0,0.0
MKT008431,2025-02-03,Push,Программа лояльности,Лояльный,Мобильное устройство,1.25,0,0,0.0
MKT008285,2025-07-15,Поисковая реклама,Ретаргетинг,Повторный,Компьютер,16.48,0,0,0.0
MKT004492,2025-02-24,Социальные сети, имиджевая кампания ,Лояльный,Мобильное устройство,11.11,0,0,0.0
MKT000430,2025-01-18,Социальные сети,Сезонная акция,Повторный,Компьютер,12.51,1,0,0.0
MKT006144,2025-03-02,Поисковая реклама,Новый продукт,Повторный,Мобильное устройство,16.88,0,0,0.0
MKT006006,2025-10-23,Поисковая реклама,Имиджевая кампания,Повторный,Мобильное устройство,18.86,1,0,0.0
MKT002845,2025-04-27,Push,Новый продукт,Повторный,Компьютер,1.61,0,0,0.0
MKT008383,2025-06-27,Поисковая реклама,Ретаргетинг,Повторный,Мобильное устройство,24.64,0,0,0.0
MKT004832,2025-02-28,Социальные сети,Новый продукт,Повторный,Мобильное устройство,13.74,0,0,0.0
MKT002876,2025-04-08,Email,Ретаргетинг,Повторный,Мобильное устройство,1.53,0,0,
MKT009737,2025-05-24,Поисковая реклама,Ретаргетинг,Лояльный,Мобильное устройство,14.22,0,0,0.0
MKT005902,2025-10-12,Поисковая реклама,Имиджевая кампания,Повторный,Мобильное устройство,17.52,1,1,4418.1
MKT003290,2025-01-19,Поисковая реклама,Программа лояльности,Повторный,Компьютер,12.39,0,0,0.0
MKT006716,2025-06-01,Поисковая реклама,Программа лояльности,Повторный,Компьютер,18.84,1,0,0.0
MKT001002,05.02.2025,Push,Ретаргетинг,Повторный,Мобильное устройство,1.56,0,0,0.0
MKT002410,2025-01-04,Email,Ретаргетинг,Лояльный,Мобильное устройство,1.7,0,0,0.0
MKT003347,2025-11-22,Социальные сети,Новый продукт,Лояльный,Компьютер,12.17,1,0,0.0
MKT007488,2025-02-07,Поисковая реклама,Сезонная акция,Лояльный,Компьютер,27.1,1,0,0.0
MKT006782,2025-08-25,Медийная реклама,Сезонная акция,Лояльный,Мобильное устройство,7.51,1,0,0.0
MKT006500,2025-12-09,Push,Сезонная акция,Лояльный,Компьютер,2.22,0,0,0.0
MKT000996,2025-05-09,Email,Имиджевая кампания,Повторный,Мобильное устройство,3.06,0,0,0.0
MKT003143,2025-08-23,Email,Ретаргетинг,Новый,Мобильное устройство,1.76,1,0,0.0
MKT001421,2025-04-17,Email,Ретаргетинг,Повторный,Мобильное устройство,2.41,0,0,0.0
MKT004212,2025-05-23,Поисковая реклама,Ретаргетинг,Новый,Компьютер,13.64,1,0,0.0
MKT002268,2025-08-01,Push,Имиджевая кампания,Повторный,Мобильное устройство,1.71,0,0,0.0
MKT002424,2025-01-08,Email,Новый продукт,Повторный,Мобильное устройство,2.35,0,0,0.0
MKT009538,2025-03-06,Социальные сети,Новый продукт,Лояльный,Мобильное устройство,11.94,1,1,3625.13
MKT004011,2025-12-03,Email,сезонная акция ,ПОВТОРНЫЙ,Мобильное устройство,2.01,0,0,0.0
MKT004395,2025-09-25,Push,Новый продукт,Новый,Мобильное устройство,1.57,0,0,0.0
MKT007361,2025-03-19,Медийная реклама,Новый продукт,Повторный,Мобильное устройство,6.44,0,0,0.0
MKT008744,2025-05-11,Медийная реклама,Новый продукт,Новый,Компьютер,5.01,0,0,0.0
MKT003427,2025-04-24,Email,Новый продукт,Повторный,Мобильное устройство,2.34,0,0,0.0
MKT006468,2025-07-18,Социальные сети,Программа лояльности,Новый,Планшет,7.81,0,0,0.0
MKT000566,2025-03-07,Медийная реклама,Ретаргетинг,Новый,Мобильное устройство,5.8,0,0,0.0
MKT002253,2025-01-03,Социальные сети,Программа лояльности,Новый,Компьютер,7.26,0,0,0.0
MKT006909,2025-05-03,Email,Имиджевая кампания,Повторный,Мобильное устройство,2.35,0,0,0.0
MKT008687,2025-12-22,Поисковая реклама,Новый продукт,Повторный,Компьютер,44.28,0,0,0.0
MKT003247,2025-02-04,Медийная реклама,Имиджевая кампания,Новый,Компьютер,5.28,0,0,0.0
MKT003776,2025-12-08,Медийная реклама,Новый продукт,Новый,Планшет,8.66,0,0,0.0
MKT003324,2025-08-25,Email,Ретаргетинг,Новый,Мобильное устройство,1.34,0,0,0.0
MKT003579,2025-05-24,Медийная реклама,Имиджевая кампания,Повторный,Мобильное устройство,8.56,0,0,0.0
MKT006844,2025-05-07,Поисковая реклама,Ретаргетинг,Новый,Планшет,21.3,0,0,0.0
MKT008401,2025-07-16,Поисковая реклама,Ретаргетинг,Повторный,Мобильное устройство,24.3,1,0,0.0
MKT003189,2025-10-12,Email,Программа лояльности,Лояльный,Мобильное устройство,1.45,0,0,0.0
MKT004890,2025-03-29,Email,Сезонная акция,Повторный,Мобильное устройство,2.13,0,0,0.0
MKT009641,2025-11-10,Медийная реклама,Новый продукт,Повторный,Компьютер,7.01,0,0,0.0
MKT008417,2025-03-23,Push,Ретаргетинг,Повторный,Компьютер,1.15,0,0,0.0
MKT007288,2025-01-24,Push,Имиджевая кампания,Повторный,Мобильное устройство,1.63,0,0,0.0
MKT009540,2025-03-13,Email,Имиджевая кампания,Повторный,Компьютер,2.51,0,0,0.0
MKT005119,2025-08-27,Медийная реклама,Программа лояльности,Лояльный,Мобильное устройство,4.88,0,0,0.0
MKT001824,2025-04-23,Email,Программа лояльности,Лояльный,Мобильное устройство,1.03,0,0,0.0
MKT005031,2025-07-23,Социальные сети,Сезонная акция,Новый,Мобильное устройство,9.9,0,0,0.0
MKT008196,2025-05-16,Медийная реклама,Ретаргетинг,Новый,Мобильное устройство,5.89,0,0,0.0
MKT002530,2025-05-23,Email,Программа лояльности,Повторный,Мобильное устройство,2.33,0,0,0.0
MKT001696,2025-11-14,Push,Ретаргетинг,Лояльный,Компьютер,1.6,0,0,0.0
MKT009236,2025-02-04,соцсети,Программа лояльности,Повторный,Мобильное устройство,7.46,1,1,4221.99
MKT000213,2025-02-19,Социальные сети,Сезонная акция,Новый,Мобильное устройство,12.11,0,0,0.0
MKT004272,2025-03-22,Медийная реклама,Программа лояльности,Повторный,Мобильное устройство,4.15,0,0,0.0
MKT000880,2025-05-07,Email,Имиджевая кампания,Лояльный,Мобильное устройство,2.8,0,0,0.0
MKT006684,2025-08-27,Email,Ретаргетинг,Новый,Мобильное устройство,2.03,0,0,0.0
MKT006071,2025-01-18,Push,Имиджевая кампания,Повторный,Компьютер,1.68,0,0,0.0
MKT003073,2025-08-09,Поисковая реклама,Сезонная акция,Новый,Компьютер,21.35,0,0,0.0
MKT003110,2025-09-26,Медийная реклама,Программа лояльности,Новый,Мобильное устройство,4.92,0,0,0.0
MKT009777,2025-11-12,Email,Имиджевая кампания,Лояльный,Мобильное устройство,1.84,1,0,0.0
MKT005138,2025-02-19,Email,Сезонная акция,Повторный,Компьютер,3.66,0,0,0.0
MKT001909,2025-01-02,Поисковая реклама,Сезонная акция,Повторный,Компьютер,35.15,1,0,0.0
MKT002147,2025-09-30,Медийная реклама,Ретаргетинг,Новый,Компьютер,5.42,0,0,0.0
MKT000277,2025-08-14,Социальные сети,Новый продукт,Новый,Компьютер,9.88,1,0,0.0
MKT003462,2025-05-15,Медийная реклама,Имиджевая кампания,новый ,Мобильное устройство,8.94,0,0,0.0
MKT003803,2025-08-16,Email,Ретаргетинг,Новый,Мобильное устройство,1.84,1,1,3931.44
MKT004618,2025-02-06,Email,Программа лояльности,Лояльный,Мобильное устройство,2.06,0,0,0.0
MKT004187,2025-10-12,Социальные сети,Программа лояльности,Повторный,Мобильное устройство,6.7,0,0,0.0
MKT002452,2025-05-14,Социальные сети,Имиджевая кампания,Повторный,Мобильное устройство,13.54,0,0,3557.0
MKT002301,2025-07-11,Поисковая реклама,Программа лояльности,Повторный,Мобильное устройство,15.38,0,0,0.0
MKT007193,2025-01-16,Push,Программа лояльности,Лояльный,Мобильное устройство,1.46,1,0,0.0
MKT009773,2025-05-18,Поисковая реклама,Ретаргетинг,Новый,Мобильное устройство,25.85,0,0,0.0
MKT001557,2025-07-06,Push,Ретаргетинг,Повторный,Компьютер,1.55,0,0,0.0
MKT007832,2025-08-25,Социальные сети,Сезонная акция,Лояльный,Мобильное устройство,12.78,0,0,0.0
MKT009673,2025-04-12,Социальные сети,Ретаргетинг,Лояльный,Компьютер,7.32,0,0,0.0
MKT002017,2025-08-16,Поисковая реклама,Сезонная акция,Лояльный,Компьютер,22.4,0,0,0.0
MKT005370,2025-12-18,Социальные сети,Ретаргетинг,Повторный,Мобильное устройство,6.79,0,0,0.0
MKT002151,2025-07-09,Поисковая реклама,Сезонная акция,Новый,Планшет,20.1,1,0,0.0
MKT007094,2025-07-15,Социальные сети,Программа лояльности,Повторный,Мобильное устройство,9.47,0,0,0.0
MKT004362,2025-03-03,Email,Сезонная акция,Новый,Компьютер,3.17,0,0,0.0
MKT009305,2025-10-15,Поисковая реклама,Ретаргетинг,Новый,Мобильное устройство,16.85,1,0,0.0
MKT001012,2025-06-19,Медийная реклама,Ретаргетинг,Повторный,Компьютер,5.71,0,0,0.0
MKT006092,2025-05-23,Поисковая реклама,Имиджевая кампания,Повторный,Мобильное устройство,21.35,0,0,0.0
MKT003259,2025-05-09,Медийная реклама,Имиджевая кампания,Новый,Мобильное устройство,8.16,0,0,0.0
MKT004853,2025-04-26,Социальные сети,Программа лояльности,Лояльный,Мобильное устройство,8.78,0,0,0.0
MKT003182,2025-03-23,Email,Сезонная акция,Лояльный,Мобильное устройство,2.51,0,0,0.0
MKT003584,2025-12-10,Push,Новый продукт,Новый,Планшет,1.55,0,0,0.0
MKT001040,2025-08-06,Медийная реклама,Новый продукт,Повторный,Мобильное устройство,5.1,0,0,0.0
MKT001212,2025-11-12,Push,Программа лояльности,Новый,Мобильное устройство,1.34,0,0,1029.0
MKT006974,2025-09-17,Медийная реклама,Сезонная акция,Повторный,Мобильное устройство,6.01,0,0,0.0
MKT007602,2025-04-12,Push,Программа лояльности,Новый,Мобильное устройство,1.29,0,0,0.0
MKT009452,2025-09-25,Поисковая реклама,Ретаргетинг,Лояльный,Мобильное устройство,16.43,0,0,0.0
MKT007090,2025-05-12,Поисковая реклама,Программа лояльности,Повторный,Компьютер,19.34,1,1,4468.8
MKT008080,2025-01-21,Push,Программа лояльности,Повторный,Компьютер,1.42,1,0,0.0
MKT009381,2025-04-26,Социальные сети,Новый продукт,Новый,Мобильное устройство,13.95,0,0,0.0
MKT009318,2025-09-01,Социальные сети,Ретаргетинг,Новый,Мобильное устройство,7.6,0,0,0.0
MKT003780,2025-09-18,Email,Сезонная акция,Новый,Мобильное устройство,2.02,0,0,0.0
MKT001472,2025-02-24,Email,Имиджевая кампания,Новый,Компьютер,2.48,0,0,0.0
MKT002610,2025-04-25,Социальные сети,Имиджевая кампания,Повторный,Мобильное устройство,10.31,0,0,0.0
MKT000224,2025-06-21,Email,Ретаргетинг,Лояльный,Мобильное устройство,1.66,0,0,0.0
MKT001562,2025-04-04,Email,Имиджевая кампания,Лояльный,Мобильное устройство,2.36,0,0,0.0
MKT000281,2025-11-08,Email,Сезонная акция,Повторный,Компьютер,2.45,0,0,0.0
MKT005102,2025-12-04,Push,Ретаргетинг,Повторный,Мобильное устройство,1.61,0,0,0.0
MKT008352,2025-12-02,Медийная реклама,Ретаргетинг,Лояльный,Мобильное устройство,7.29,0,0,0.0
MKT001728,2025-10-14,Email,Новый продукт,Новый,Мобильное устройство,2.88,0,0,0.0
MKT006998,2025-07-28,Поисковая реклама,Сезонная акция,Повторный,Компьютер,36.84,0,0,0.0
MKT002740,2025-03-19,Email,Программа лояльности,Лояльный,Мобильное устройство,2.18,0,0,0.0
MKT003320,2025-11-16,Поисковая реклама,Сезонная акция,Повторный,Мобильное устройство,13.28,0,0,0.0
MKT004706,2025-05-24,Email,Ретаргетинг,Повторный,Компьютер,1.67,0,0,0.0
MKT008918,2025-07-29,Поисковая реклама,Сезонная акция,Повторный,Компьютер,27.64,0,0,0.0
MKT006178,2025-07-21,Push,Новый продукт,Новый,Мобильное устройство,1.69,0,0,0.0
MKT000125,2025-02-17,Push,Ретаргетинг,Повторный,Мобильное устройство,1.44,0,0,0.0
MKT006091,2025-04-01,Push,Ретаргетинг,Повторный,Компьютер,1.75,1,0,0.0
MKT002749,2025-07-31,Email,Имиджевая кампания,Новый,Мобильное устройство,1.9,0,0,0.0
MKT003388,2025-01-22,Поисковая реклама,Сезонная акция,Повторный,Мобильное устройство,16.82,0,0,0.0
MKT000158,2025-08-19,Медийная реклама,Новый продукт,Лояльный,Планшет,8.59,0,0,0.0
MKT009037,2025-10-14,Поисковая реклама,Имиджевая кампания,Повторный,Мобильное устройство,23.07,0,0,0.0
MKT008019,2025-02-06,Поисковая реклама,Новый продукт,Повторный,Мобильное устройство,19.49,1,0,0.0
MKT003655,2025-11-18,Медийная реклама,Имиджевая кампания,Новый,Мобильное устройство,5.79,0,0,0.0
MKT007749,2025-12-30,Email,Имиджевая кампания,Лояльный,Мобильное устройство,2.5,0,0,0.0
MKT000226,2025-02-12,Поисковая реклама,Ретаргетинг,Новый,Компьютер,13.64,0,0,0.0
MKT007422,2025-01-15,Медийная реклама,Сезонная акция,Повторный,Мобильное устройство,8.08,0,0,0.0
MKT001984,2025-10-19,Поисковая реклама,Ретаргетинг,Новый,Мобильное устройство,16.96,0,0,0.0
MKT006389,2025-08-25,Социальные сети,Имиджевая кампания,Лояльный,Мобильное устройство,17.24,0,0,0.0
MKT005413,2025-06-15,Email,Имиджевая кампания,Повторный,Компьютер,3.82,0,0,0.0
MKT001030,2025-01-18,Социальные сети,Новый продукт,Лояльный,Компьютер,11.36,0,0,0.0
MKT009450,2025-03-04,Медийная реклама,Новый продукт,Новый,Мобильное устройство,7.16,0,0,0.0
MKT000469,2025-12-25,Push,Сезонная акция,Повторный,Мобильное устройство,1.68,0,0,0.0
MKT001355,2025-12-01,,Сезонная акция,Лояльный,Компьютер,5.94,0,0,0.0
MKT003799,2025-02-06,Медийная реклама,Ретаргетинг,Повторный,Мобильное устройство,4.1,1,0,0.0
MKT008598,2025-05-08,Социальные сети,Новый продукт,Повторный,Мобильное устройство,6.5,0,0,0.0
MKT008721,2025-02-19,Социальные сети,Имиджевая кампания,Повторный,Мобильное устройство,9.08,0,0,0.0
MKT006413,2025-07-03,Push,Имиджевая кампания,Лояльный,Мобильное устройство,2.0,0,0,0.0
MKT000179,2025-05-29,Email,Сезонная акция,Лояльный,Мобильное устройство,2.63,1,0,0.0
MKT008731,2025-11-17,Email,Сезонная акция,Новый,Компьютер,2.1,0,0,0.0
MKT007995,2025-04-07,Медийная реклама,Ретаргетинг,Повторный,Мобильное устройство,4.73,0,0,0.0
MKT002566,2025-06-26,Социальные сети,Сезонная акция,Новый,Компьютер,10.03,0,0,0.0
MKT009759,2025-07-15,Email,Новый продукт,Повторный,Мобильное устройство,2.6,0,0,0.0
MKT001841,2025-09-12,Социальные сети,Ретаргетинг,Новый,Мобильное устройство,5.0,0,0,0.0
MKT007129,2025-07-23,Социальные сети,Ретаргетинг,Повторный,Компьютер,8.27,0,0,0.0
MKT008530,2025-05-09,Медийная реклама,Ретаргетинг,Повторный,Мобильное устройство,5.41,0,0,0.0
MKT006794,2025-07-17,Медийная реклама,Программа лояльности,Лояльный,Мобильное устройство,6.39,0,0,0.0
MKT009778,2025-07-05,Email,Программа лояльности,Новый,Компьютер,1.46,0,0,0.0
MKT007328,2025-10-11,Push,Имиджевая кампания,Лояльный,Мобильное устройство,1.93,0,0,0.0
MKT002868,2025-06-30,,Имиджевая кампания,Лояльный,Мобильное устройство,7.27,0,0,0.0
MKT005701,2025-10-20,Поисковая реклама,Новый продукт,Новый,Мобильное устройство,19.03,0,0,0.0
MKT009291,2025-07-17,Email,Имиджевая кампания,Лояльный,Мобильное устройство,2.53,0,0,0.0
MKT003654,2025-10-25,Push,Сезонная акция,Повторный,Мобильное устройство,1.52,0,0,0.0
MKT009227,2025-04-07,Push,Новый продукт,Повторный,Мобильное устройство,1.97,1,0,0.0
MKT002659,2025-04-28,Медийная реклама,Имиджевая кампания,Повторный,Мобильное устройство,8.9,0,0,0.0
MKT004373,2025-01-27,Социальные сети,программа лояльности,Повторный,Мобильное устройство,5.63,0,0,0.0
MKT004358,2025-07-28,Email,Новый продукт,Новый,Мобильное устройство,2.5,0,0,0.0
MKT006691,09.02.2025,Email,Новый продукт,Новый,Мобильное устройство,2.2,0,0,0.0
MKT007752,2025-10-29,Медийная реклама,Сезонная акция,Новый,Компьютер,3.72,0,0,0.0
MKT006000,08.11.2025,Поисковая реклама,Программа лояльности,Новый,Мобильное устройство,19.63,0,0,0.0
MKT003785,2025-11-12,Медийная реклама,Сезонная акция,Новый,Мобильное устройство,5.0,0,0,0.0
MKT007144,2025-09-16,Социальные сети,Новый продукт,Повторный,Мобильное устройство,9.1,0,0,0.0
MKT005133,2025-11-04,Email,Имиджевая кампания,Новый,Компьютер,2.34,0,0,0.0
MKT000049,2025-06-18,Социальные сети,Программа лояльности,Повторный,Мобильное устройство,6.47,0,0,0.0
MKT004779,15.10.2025,Email,Сезонная акция,Повторный,Мобильное устройство,2.45,0,0,0.0
MKT008623,2025-12-08,Поисковая реклама,Сезонная акция,Повторный,Мобильное устройство,19.85,0,0,0.0
MKT002916,2025-01-09,Поисковая реклама,Сезонная акция,Лояльный,Компьютер,12.7,0,0,0.0
MKT004748,2025-03-09,Email,Сезонная акция,Повторный,Мобильное устройство,2.79,0,0,0.0
MKT008769,2025-12-10,Поисковая реклама,Программа лояльности,Повторный,Мобильное устройство,12.49,0,0,0.0
MKT006352,2025-04-02,Поисковая реклама,Новый продукт,Повторный,Компьютер,25.6,0,0,0.0
MKT005284,2025-04-28,Push,Программа лояльности,Повторный,Компьютер,1.35,0,0,0.0
MKT000505,2025-12-21,Социальные сети,Программа лояльности,Новый,Компьютер,6.6,0,0,0.0
MKT002293,2025-12-13,Социальные сети,Ретаргетинг,Повторный,Компьютер,7.62,0,0,0.0
MKT007297,2025-12-30,Push,Имиджевая кампания,Повторный,Компьютер,2.36,0,0,0.0
MKT009419,2025-10-27,Email,Программа лояльности,Новый,Мобильное устройство,1.69,0,0,0.0
MKT000615,2025-06-29,Поисковая реклама,Ретаргетинг,Новый,Мобильное устройство,17.24,0,0,0.0
MKT009766,2025-02-22,Медийная реклама,Программа лояльности,Лояльный,Компьютер,6.08,0,0,0.0
MKT003701,2025-02-20,Email,Имиджевая кампания,Новый,Мобильное устройство,1.59,0,0,0.0
MKT007029,2025-07-24,Социальные сети,Сезонная акция,Повторный,Планшет,10.02,1,0,0.0
MKT003164,2025-03-10,Медийная реклама,Имиджевая кампания,Лояльный,Мобильное устройство,7.78,0,0,0.0
MKT009500,2025-05-17,Email,Сезонная акция,Новый,Мобильное устройство,4.72,0,0,0.0
MKT000232,2025-06-26,Социальные сети,Сезонная акция,Лояльный,Мобильное устройство,8.69,0,0,0.0
MKT007539,2025-10-22,Поисковая реклама,Программа лояльности,Повторный,Мобильное устройство,21.16,0,0,0.0
MKT003686,2025-08-08,Социальные сети,Сезонная акция,Повторный,Мобильное устройство,11.5,0,0,0.0
MKT007966,2025-09-18,Социальные сети,Сезонная акция,Новый,Мобильное устройство,10.8,0,0,0.0
MKT001935,2025-02-14,Социальные сети,Сезонная акция,Повторный,Компьютер,7.61,0,0,0.0
MKT008361,2025-08-27,Поисковая реклама,Новый продукт,Новый,Компьютер,19.7,1,0,0.0
MKT007629,2025-01-18,Медийная реклама,Имиджевая кампания,Новый,Компьютер,6.6,0,0,0.0
MKT005951,2025-03-28,Поисковая реклама,Сезонная акция,Новый,Компьютер,30.22,0,0,0.0
MKT004329,2025-07-16,Медийная реклама,Имиджевая кампания,Лояльный,Мобильное устройство,7.12,0,0,0.0
MKT002184,2025-10-28,Email,Имиджевая кампания,Лояльный,Компьютер,1.75,0,0,0.0
MKT004657,2025-01-30,Email,Ретаргетинг,Новый,Компьютер,2.6,0,0,0.0
MKT008148,2025-11-15,Поисковая реклама,Сезонная акция,Новый,Мобильное устройство,22.35,0,0,0.0
MKT004426,2025-08-13,Медийная реклама,Программа лояльности,Лояльный,Мобильное устройство,6.77,0,0,0.0
MKT004586,2025-12-04,Медийная реклама,Имиджевая кампания,Повторный,Мобильное устройство,7.02,0,0,0.0
MKT001907,2025-05-27,Поисковая реклама,Ретаргетинг,Повторный,Мобильное устройство,18.12,0,0,0.0
MKT006247,2025-03-12,Поисковая реклама,Ретаргетинг,Лояльный,Мобильное устройство,15.95,0,0,0.0
MKT003547,2025-02-03,Поисковая реклама,Новый продукт,Повторный,Мобильное устройство,21.73,0,0,0.0
MKT006130,2025-05-13,Социальные сети,Ретаргетинг,Лояльный,Компьютер,8.68,0,0,0.0
MKT006971,2025-06-20,Email,Имиджевая кампания,Повторный,Мобильное устройство,1.79,0,0,0.0
MKT003936,2025-06-22,Поисковая реклама,Сезонная акция,Лояльный,Компьютер,17.24,0,0,0.0
MKT004909,2025-08-03,Социальные сети,Сезонная акция,Новый,Мобильное устройство,10.14,1,0,0.0
MKT007980,2025-12-15,Социальные сети,Программа лояльности,Новый,Компьютер,7.91,0,0,0.0
MKT001114,2025-12-09,Медийная реклама,Сезонная акция,Лояльный,Мобильное устройство,7.01,1,0,0.0
MKT004111,2025-11-09,Медийная реклама,Ретаргетинг,Новый,Мобильное устройство,7.5,0,0,0.0
MKT006160,2025-08-14,Социальные сети,Сезонная акция,Новый,Мобильное устройство,8.88,0,0,0.0
MKT005967,2025-06-16,Email,Сезонная акция,Повторный,Мобильное устройство,3.01,0,0,0.0
MKT004473,2025-10-17,Email,Ретаргетинг,Новый,Мобильное устройство,2.36,0,0,0.0
MKT003515,2025-03-28,Email,Новый продукт,Повторный,Мобильное устройство,4.06,0,0,0.0
MKT001152,2025-11-10,Push,Сезонная акция,Лояльный,Мобильное устройство,1.22,0,0,0.0
MKT007038,2025-09-17,Email,Имиджевая кампания,Лояльный,Компьютер,2.5,1,1,6557.94
MKT006866,2025-05-09,Поисковая реклама,Программа лояльности,Повторный,Компьютер,19.55,0,0,0.0
MKT007446,2025-05-23,Медийная реклама,Новый продукт,Повторный,Компьютер,7.49,0,0,0.0
MKT004180,2025-03-31,Поисковая реклама,Сезонная акция,Повторный,Мобильное устройство,17.73,0,0,1139.0
MKT000587,2025-09-11,Email,Новый продукт,Повторный,Компьютер,3.11,0,0,0.0
MKT007148,2025-11-25,Поисковая реклама,Программа лояльности,Лояльный,Компьютер,14.73,1,0,0.0
MKT003614,2025-09-27,Push,Новый продукт,Повторный,Мобильное устройство,2.97,0,0,0.0
MKT001444,2025-04-08,Медийная реклама,Программа лояльности,Повторный,Компьютер,5.45,0,0,0.0
MKT006591,2025-07-02,Поисковая реклама,Ретаргетинг,Лояльный,Компьютер,21.65,1,0,0.0
MKT001924,2025-07-04,Email,Программа лояльности,Лояльный,Мобильное устройство,1.62,1,0,0.0
MKT004173,2025-11-04,Поисковая реклама,Новый продукт,Лояльный,Компьютер,27.34,1,1,11015.93
MKT008574,2025-12-27,Социальные сети,Ретаргетинг,Новый,Мобильное устройство,6.4,1,0,0.0
MKT002948,2025-10-14,Push,Новый продукт,Повторный,Компьютер,1.7,0,0,0.0
MKT000196,2025-09-13,Email,Новый продукт,Новый,Компьютер,2.15,0,0,0.0
MKT004558,2025-12-30,Поисковая реклама,Программа лояльности,Повторный,Компьютер,17.2,0,0,0.0
MKT008500,2025-03-13,Поисковая реклама,Ретаргетинг,Повторный,Мобильное устройство,22.59,0,0,0.0
MKT004387,2025-09-13,Email,Ретаргетинг,Новый,Мобильное устройство,2.26,0,0,0.0
MKT001724,2025-07-01,Поисковая реклама,Ретаргетинг,Повторный,Мобильное устройство,14.25,1,0,0.0
MKT005721,2025-04-03,Социальные сети,Сезонная акция,Новый,Компьютер,8.01,0,0,0.0
MKT008743,2025-07-31,Поисковая реклама,Новый продукт,Повторный,Компьютер,21.34,0,0,0.0
MKT008544,2025-04-05,Поисковая реклама,Программа лояльности,Повторный,Мобильное устройство,17.51,0,0,0.0
MKT000722,2025-08-06,Поисковая реклама,Сезонная акция,Новый,Мобильное устройство,29.21,0,0,0.0
MKT000393,2025-10-27,Медийная реклама,Ретаргетинг,Повторный,Планшет,6.49,0,0,0.0
MKT005885,2025-06-10,Медийная реклама,Имиджевая кампания,Лояльный,Компьютер,6.22,0,0,0.0
MKT003860,2025-10-09,Медийная реклама,Ретаргетинг,Повторный,Мобильное устройство,6.64,1,0,0.0
MKT002871,2025-09-10,Поисковая реклама,Сезонная акция,Лояльный,Мобильное устройство,28.08,0,0,0.0
MKT003282,2025-04-12,Медийная реклама,Ретаргетинг,Лояльный,Компьютер,6.34,0,0,0.0
MKT007844,2025-08-18,Социальные сети,Сезонная акция,Новый,Мобильное устройство,12.56,0,0,0.0
MKT008222,2025-03-17,Поисковая реклама,ретаргетинг ,Новый,Мобильное устройство,20.12,0,0,0.0
MKT008826,2025-02-18,Социальные сети,Имиджевая кампания,Новый,Компьютер,10.36,1,1,3581.84
MKT002665,2025-03-21,Социальные сети,Новый продукт,Повторный,Компьютер,11.78,0,0,0.0
MKT000308,2025-10-13,Email,Новый продукт,Лояльный,Мобильное устройство,2.43,0,0,0.0
MKT004856,2025-07-22,Push,Имиджевая кампания,Повторный,Мобильное устройство,1.62,0,0,0.0
MKT000487,2025-02-26,Социальные сети,Программа лояльности,Повторный,Планшет,8.0,0,0,0.0
MKT007983,2025-07-29,Поисковая реклама,Сезонная акция,Повторный,Мобильное устройство,25.08,0,0,0.0
MKT008837,2025-07-25,,Имиджевая кампания,Повторный,Мобильное устройство,,0,0,0.0
MKT000094,2025-07-10,Email,Программа лояльности,Лояльный,Мобильное устройство,1.58,0,0,0.0
MKT005098,2025-08-26,Поисковая реклама,Новый продукт,Новый,Мобильное устройство,21.71,0,0,0.0
MKT005606,2025-04-11,Медийная реклама,Сезонная акция,Повторный,Компьютер,7.29,0,0,0.0
MKT007626,2025-04-10,Поисковая реклама,Имиджевая кампания,Лояльный,Мобильное устройство,15.4,0,0,0.0
MKT005057,2025-04-17,Медийная реклама,Программа лояльности,Лояльный,Мобильное устройство,5.95,0,0,0.0
MKT003419,2025-12-06,Медийная реклама,Имиджевая кампания,новый ,Мобильное устройство,7.11,0,0,0.0
MKT000774,2025-09-30,Социальные сети,Новый продукт,Новый,Мобильное устройство,11.32,0,0,0.0
MKT001261,2025-05-13,Email,Сезонная акция,Лояльный,Компьютер,2.37,0,0,0.0
MKT004987,2025-02-24,Медийная реклама,Программа лояльности,Повторный,Мобильное устройство,4.88,0,0,0.0
MKT000990,2025-10-27,Медийная реклама,Программа лояльности,Лояльный,Мобильное устройство,7.29,0,0,0.0
MKT002302,2025-07-11,Медийная реклама,Ретаргетинг,Новый,Компьютер,4.13,0,0,0.0
MKT009815,2025-11-01,Социальные сети,Программа лояльности,Повторный,Мобильное устройство,6.91,0,0,0.0
MKT004315,2025-06-12,Медийная реклама,Новый продукт,Новый,Мобильное устройство,8.34,0,0,0.0
MKT006819,2025-04-21,Поисковая реклама,Программа лояльности,Новый,Мобильное устройство,13.02,0,0,0.0
MKT007926,2025-06-15,Email,Ретаргетинг,Лояльный,Компьютер,1.57,0,0,0.0
MKT007837,2025-06-07,Социальные сети,Сезонная акция,Новый,Мобильное устройство,8.97,0,0,0.0
MKT003845,2025-09-01,Push,Имиджевая кампания,Новый,Мобильное устройство,1.4,0,0,0.0
MKT006883,2025-06-23,Медийная реклама,Имиджевая кампания,Новый,Мобильное устройство,6.45,0,0,0.0
MKT003391,2025-02-22,Email,Ретаргетинг,Повторный,Компьютер,2.24,0,0,0.0
MKT003624,2025-07-31,Поисковая реклама,Сезонная акция,Новый,Мобильное устройство,20.56,0,0,0.0
MKT006082,2025-02-03,Социальные сети,Сезонная акция,Повторный,Мобильное устройство,8.5,0,0,0.0
MKT001140,2025-08-22,Медийная реклама,Сезонная акция,Повторный,Компьютер,5.92,0,0,0.0
MKT002221,2025-10-18,Push,Программа лояльности,Лояльный,Мобильное устройство,1.53,0,0,0.0
MKT007601,2025-04-18,Email,Программа лояльности,Повторный,Компьютер,1.98,0,0,0.0
MKT007902,2025-08-07,Поисковая реклама,Новый продукт,Повторный,Компьютер,21.95,2,0,0.0
MKT008996,2025-11-07,Поисковая реклама,Программа лояльности,Новый,Компьютер,23.41,0,0,0.0
MKT001093,2025-11-06,Поисковая реклама,Сезонная акция,Повторный,Мобильное устройство,16.8,0,0,0.0
MKT008264,2025-07-26,Социальные сети,Сезонная акция,Повторный,Мобильное устройство,9.91,0,0,0.0
MKT008909,2025-01-27,Поисковая реклама,Новый продукт,Новый,Мобильное устройство,18.03,0,0,0.0
MKT005542,2025-01-23,Социальные сети,Программа лояльности,Лояльный,Компьютер,10.01,0,0,0.0
MKT007607,2025-12-16,Поисковая реклама,Ретаргетинг,Новый,Мобильное устройство,17.82,0,0,0.0
MKT001573,2025-08-30,Медийная реклама,Программа лояльности,Повторный,Компьютер,3.6,0,0,0.0
MKT006750,2025-07-17,Поисковая реклама,Сезонная акция,Повторный,Мобильное устройство,16.78,0,0,0.0
MKT001143,2025-10-06,Email,Сезонная акция,Лояльный,Компьютер,10000.0,0,0,0.0
MKT005577,2025-09-05,Email,Новый продукт,Повторный,Мобильное устройство,2.39,0,0,0.0
MKT000821,2025-02-23,Email,Имиджевая кампания,Повторный,Планшет,3.14,0,0,0.0
MKT002977,2025-01-20,Поисковая реклама,Имиджевая кампания,Новый,Компьютер,22.7,0,0,0.0
MKT008634,2025-11-01,Социальные сети,Ретаргетинг,Повторный,Планшет,6.95,0,0,0.0
MKT007356,2025-05-23,Push,Новый продукт,Повторный,Мобильное устройство,1.83,0,0,0.0
MKT005142,2025-02-03,Медийная реклама,Новый продукт,Новый,Мобильное устройство,8.72,0,0,0.0
MKT008907,2025-02-02,Медийная реклама,Программа лояльности,Новый,Мобильное устройство,6.01,0,0,0.0
MKT006105,2025-11-10,Email,Программа лояльности,Новый,Мобильное устройство,1.5,0,0,0.0
MKT008305,2025-05-15,Push,Имиджевая кампания,Повторный,Мобильное устройство,,0,0,0.0
MKT008082,2025-12-22,Медийная реклама,Сезонная акция,Повторный,Компьютер,7.05,0,0,0.0
MKT004753,2025-07-27,Push,Ретаргетинг,Новый,Мобильное устройство,1.31,0,0,0.0
MKT004804,2025-04-07,Медийная реклама,Сезонная акция,Лояльный,Мобильное устройство,6.55,1,0,0.0
MKT000672,2025-05-21,Email,Новый продукт,Лояльный,Компьютер,2.69,1,0,0.0
MKT002187,2025-03-22,Email,Сезонная акция,Повторный,Мобильное устройство,2.38,0,0,0.0
MKT008239,2025-06-10,Социальные сети,Сезонная акция,Повторный,Мобильное устройство,15.34,0,0,0.0
MKT009643,2025-06-30,Push,Программа лояльности,Новый,Мобильное устройство,0.9,0,0,0.0
MKT002931,2025-02-13,Медийная реклама,Сезонная акция,Лояльный,Мобильное устройство,7.46,1,0,0.0
MKT001133,2025-07-10,Медийная реклама,Ретаргетинг,Повторный,Компьютер,5.23,0,0,0.0
MKT002163,2025-06-23,Push,Сезонная акция,Лояльный,Мобильное устройство,1.5,1,0,0.0
MKT009715,2025-07-13,Социальные сети,Новый продукт,Новый,Мобильное устройство,11.53,0,0,0.0
MKT001959,2025-08-07,Push,Ретаргетинг,Лояльный,Мобильное устройство,1.96,0,0,0.0
MKT005718,2025-04-23,Медийная реклама,Сезонная акция,Лояльный,Компьютер,5.42,0,0,0.0
MKT003104,2025-07-01,Поисковая реклама,Сезонная акция,Повторный,Мобильное устройство,17.46,0,0,0.0
MKT006221,2025-04-27,Email,Ретаргетинг,Повторный,Компьютер,1.65,0,0,0.0
MKT003761,2025-06-23,Социальные сети,Новый продукт,Лояльный,Мобильное устройство,15.4,0,0,0.0
MKT000564,2025-06-25,Медийная реклама,Программа лояльности,Новый,Компьютер,5.51,0,0,0.0
MKT001543,2025-01-06,Email,Сезонная акция,Новый,Компьютер,3.92,0,0,1000000.0
MKT006852,2025-02-08,Email,Ретаргетинг,Лояльный,Мобильное устройство,2.13,0,0,0.0
MKT000530,2025-01-11,Email,Ретаргетинг,Повторный,Мобильное устройство,2.29,0,0,0.0
MKT008977,2025-10-08,Социальные сети,Имиджевая кампания,Повторный,Мобильное устройство,8.83,1,0,0.0
MKT007919,2025-11-17,Медийная реклама,Сезонная акция,Новый,Мобильное устройство,5.44,0,0,0.0
MKT000796,2025-09-28,Поисковая реклама,Ретаргетинг,Новый,Мобильное устройство,19.88,0,0,0.0
MKT003162,2025-10-08,Email,Ретаргетинг,Повторный,Мобильное устройство,1.45,0,0,0.0
MKT002204,2025-06-14,Поисковая реклама,Имиджевая кампания,Новый,Мобильное устройство,20.96,0,0,0.0
MKT006494,2025-08-17,Социальные сети,Сезонная акция,Повторный,Компьютер,14.27,0,0,0.0
MKT005265,2025-03-28,Социальные сети,Имиджевая кампания,Повторный,Мобильное устройство,7.67,0,0,0.0
MKT005618,2025-10-01,Email,Имиджевая кампания,Лояльный,Мобильное устройство,2.04,0,0,0.0
MKT006703,2025-12-30,Email,Сезонная акция,Повторный,Мобильное устройство,2.5,0,0,0.0
MKT005891,2025-05-24,Поисковая реклама,Сезонная акция,Повторный,Мобильное устройство,17.86,0,0,0.0
MKT007977,2025-08-20,Поисковая реклама,Имиджевая кампания,Новый,Компьютер,27.07,0,0,0.0
MKT009494,2025-08-12,Email,Программа лояльности,Повторный,Компьютер,1.67,0,0,0.0
MKT003882,2025-07-31,Поисковая реклама,Ретаргетинг,Новый,Мобильное устройство,18.19,0,0,0.0
MKT005858,2025-10-28,Медийная реклама,Имиджевая кампания,Новый,Мобильное устройство,4.17,0,0,0.0
MKT006922,2025-09-13,Поисковая реклама,Новый продукт,Повторный,Мобильное устройство,14.43,1,0,0.0
MKT002512,2025-10-22,Поисковая реклама,Имиджевая кампания,Новый,Компьютер,38.59,0,0,0.0
MKT005437,2025-09-17,Поисковая реклама,Ретаргетинг,Повторный,Мобильное устройство,13.07,0,0,0.0
MKT003599,2025-11-16,Поисковая реклама,Сезонная акция,Новый,Компьютер,17.52,0,0,0.0
MKT002741,2025-02-23,Социальные сети,Новый продукт,Повторный,Мобильное устройство,12.08,1,1,4184.87
MKT005859,2025-11-18,Социальные сети,Программа лояльности,Повторный,Компьютер,10.09,0,0,0.0
MKT002884,2025-04-01,Push,Программа лояльности,Повторный,Мобильное устройство,1.25,0,0,0.0
MKT003009,2025-01-03,Email,Сезонная акция,Повторный,Планшет,2.5,0,0,0.0
MKT005797,2025-02-07,Push,Сезонная акция,Повторный,Компьютер,2.41,0,0,0.0
MKT008732,2025-12-19,Социальные сети,Ретаргетинг,Повторный,Компьютер,8.58,0,0,0.0
MKT003010,2025-03-14,Push,Программа лояльности,Повторный,Компьютер,1.1,0,0,0.0
MKT002895,2025-02-26,Email,Ретаргетинг,Лояльный,Мобильное устройство,2.96,0,0,0.0
MKT001265,2025-05-02,Социальные сети,Сезонная акция,Новый,Планшет,7.85,0,0,0.0
MKT006200,2025-10-27,Push,Программа лояльности,Новый,Мобильное устройство,0.69,0,0,0.0
MKT006797,2025-12-15,Поисковая реклама,Сезонная акция,Новый,Мобильное устройство,21.17,0,0,0.0
MKT009613,2025-01-19,Медийная реклама,Новый продукт,Новый,Мобильное устройство,8.65,0,0,0.0
MKT007065,2025-05-07,Email,Имиджевая кампания,Новый,Планшет,2.12,1,0,0.0
MKT003497,2025-03-30,Поисковая реклама,Имиджевая кампания,Повторный,Мобильное устройство,24.14,0,0,0.0
MKT009972,2025-04-23,Email,Сезонная акция,Повторный,Мобильное устройство,2.78,0,0,0.0
MKT006173,2025-01-02,Социальные сети,Сезонная акция,Повторный,Компьютер,8.96,0,0,0.0
MKT005104,2025-01-05,Email,Имиджевая кампания,Повторный,Планшет,1.64,0,0,0.0
MKT009768,2025-02-18,Социальные сети,Сезонная акция,Повторный,Компьютер,6.47,0,0,0.0
MKT007687,2025-02-13,Email,Сезонная акция,Новый,Мобильное устройство,1.62,0,0,0.0
MKT008955,2025-01-29,Социальные сети,Программа лояльности,Лояльный,Компьютер,7.83,0,0,0.0
MKT000936,12.11.2025,Социальные сети,Сезонная акция,Новый,Мобильное устройство,10.98,0,0,0.0
MKT002310,2025-10-27,Социальные сети,Новый продукт,Новый,Компьютер,13.56,0,0,0.0
MKT001961,2025-11-03,Медийная реклама,Программа лояльности,Лояльный,Мобильное устройство,5.7,0,0,0.0
MKT007589,2025-04-13,Email,Новый продукт,Повторный,Мобильное устройство,2.52,0,0,0.0
MKT000031,2025-11-04,Поисковая реклама,Новый продукт,Лояльный,Компьютер,18.22,0,0,0.0
MKT002945,2025-10-29,Поисковая реклама,Ретаргетинг,Лояльный,Компьютер,16.24,0,0,0.0
MKT001346,2025-07-03,Email,Программа лояльности,Новый,Мобильное устройство,1.77,0,0,0.0
MKT000353,2025-05-30,Email,Сезонная акция,Новый,Мобильное устройство,2.4,0,0,0.0
MKT006767,2025-09-26,Push,Сезонная акция,Повторный,Компьютер,1.81,0,0,0.0
MKT004756,2025-10-13,Социальные сети,Ретаргетинг,Лояльный,Мобильное устройство,6.63,0,0,0.0
MKT004673,2025-05-09,Поисковая реклама,Имиджевая кампания,Лояльный,Мобильное устройство,25.7,0,0,0.0
MKT000173,2025-02-04,Социальные сети,Сезонная акция,Повторный,Компьютер,12.69,0,0,0.0
MKT006343,2025-01-12,Поисковая реклама,Новый продукт,Новый,Мобильное устройство,20.73,1,0,0.0
MKT001917,2025-07-20,Push,Новый продукт,Повторный,Компьютер,1.51,0,0,0.0
MKT006505,2025-06-23,Социальные сети,программа лояльности,Повторный,Компьютер,5.36,0,0,0.0
MKT006914,26.09.2025,Поисковая реклама,Сезонная акция,Повторный,Мобильное устройство,30.59,0,0,0.0
MKT006566,2025-02-13,Поисковая реклама,Ретаргетинг,Повторный,Компьютер,20.18,0,0,0.0
MKT001705,2025-11-02,Социальные сети,Сезонная акция,Повторный,Мобильное устройство,9.67,1,0,0.0
MKT006696,2025-11-17,Email,Программа лояльности,Новый,Мобильное устройство,1.72,0,0,0.0
MKT006446,2025-07-01,Медийная реклама,Новый продукт,Повторный,Мобильное устройство,4.12,0,0,0.0
MKT009721,2025-01-23,Поисковая реклама,Новый продукт,Повторный,Компьютер,17.79,1,0,0.0
MKT007813,2025-10-09,Поисковая реклама,Новый продукт,Новый,Мобильное устройство,18.12,1,0,0.0
MKT001940,2025-07-30,Социальные сети,Имиджевая кампания,Лояльный,Мобильное устройство,11.06,0,0,0.0
MKT002984,2025-09-04,Поисковая реклама,Сезонная акция,Новый,Мобильное устройство,22.18,1,0,0.0
MKT000234,2025-10-08,Email,Ретаргетинг,Повторный,Мобильное устройство,2.93,0,0,
MKT004683,2025-07-10,Push,Новый продукт,Новый,Мобильное устройство,1.47,0,0,0.0
MKT003065,2025-06-01,Медийная реклама,Ретаргетинг,Лояльный,Планшет,8.35,0,0,0.0
MKT002449,2025-08-13,Социальные сети,Ретаргетинг,Новый,Компьютер,6.97,0,0,0.0
MKT002464,2025-02-20,Поисковая реклама,Новый продукт,Новый,Компьютер,21.44,1,0,0.0
MKT002785,2025-01-01,Push,Ретаргетинг,Новый,Компьютер,,0,0,0.0
MKT000582,2025-10-09,Push,Сезонная акция,Повторный,Планшет,2.07,0,0,0.0
MKT007603,2025-05-05,Социальные сети,Имиджевая кампания,Повторный,Мобильное устройство,11.96,0,0,0.0
MKT006825,2025-10-19,Социальные сети,Сезонная акция,Повторный,Мобильное устройство,17.19,0,0,0.0
MKT009718,2025-08-15,Поисковая реклама,Ретаргетинг,Повторный,Мобильное устройство,12.6,1,0,0.0
MKT006332,2025-12-19,Социальные сети,Ретаргетинг,Повторный,Мобильное устройство,9.79,0,0,0.0
MKT007693,2025-06-21,Email,Ретаргетинг,Повторный,Мобильное устройство,1.8,0,0,0.0
MKT007233,2025-06-23,Социальные сети,Программа лояльности,Повторный,Мобильное устройство,4.75,0,0,0.0
MKT005291,2025-10-02,Медийная реклама,Имиджевая кампания,Повторный,Мобильное устройство,4.53,0,0,0.0
MKT004827,2025-03-30,Медийная реклама,Программа лояльности,Лояльный,Мобильное устройство,5.32,0,0,0.0
MKT007800,2025-04-26,Push,Ретаргетинг,Лояльный,Мобильное устройство,1.02,0,0,0.0
MKT001836,2025-03-10,Поисковая реклама,Ретаргетинг,Новый,Мобильное устройство,23.38,0,0,0.0
MKT002856,2025-01-04,Поисковая реклама,Сезонная акция,Лояльный,Мобильное устройство,21.8,0,0,0.0
MKT007804,2025-01-02,Медийная реклама,Имиджевая кампания,Повторный,Мобильное устройство,7.57,0,0,0.0
MKT003638,2025-08-16,Email,Новый продукт,Новый,Мобильное устройство,2.28,0,0,0.0
MKT000437,2025-11-10,Социальные сети,Программа лояльности,Повторный,Мобильное устройство,10.37,0,0,0.0
MKT004648,2025-09-25,Социальные сети,Новый продукт,Повторный,Мобильное устройство,8.48,0,0,0.0
MKT007194,2025-04-08,Социальные сети,Ретаргетинг,Новый,Мобильное устройство,6.88,0,0,0.0
MKT001187,2025-07-22,Социальные сети,Программа лояльности,Повторный,Компьютер,6.51,0,0,0.0
MKT000942,2025-11-04,Email,Имиджевая кампания,Лояльный,Мобильное устройство,2.99,0,0,0.0
MKT008652,2025-06-08,Социальные сети,Ретаргетинг,Новый,Мобильное устройство,7.44,1,1,2378.51
MKT003475,2025-03-06,Email,Сезонная акция,Повторный,Мобильное устройство,3.12,0,0,0.0
MKT008311,2025-08-21,Медийная реклама,Новый продукт,Новый,Компьютер,7.38,0,0,0.0
MKT002625,2025-04-23,Медийная реклама,Новый продукт,Новый,Мобильное устройство,8.57,0,0,0.0
MKT003503,2025-02-12,Email,Сезонная акция,Повторный,Мобильное устройство,1.44,0,0,0.0
MKT009536,2025-04-22,Email,Сезонная акция,Лояльный,Мобильное устройство,2.5,0,0,0.0
MKT005483,2025-07-31,Социальные сети,Имиджевая кампания,Лояльный,Мобильное устройство,6.49,0,0,0.0
MKT007082,2025-05-02,Email,Новый продукт,Лояльный,Компьютер,1.69,0,0,0.0
MKT001445,2025-02-03,Push,ретаргетинг ,Повторный,Мобильное устройство,1.45,0,0,0.0
MKT007944,2025-05-08,Push,Имиджевая кампания,Повторный,Мобильное устройство,0.96,0,0,0.0
MKT002079,2025-12-03,Email,Новый продукт,Повторный,Компьютер,3.83,0,0,0.0
MKT009341,2025-11-29,Социальные сети,Ретаргетинг,Повторный,Компьютер,11.22,0,0,0.0
MKT007083,2025-05-18,Социальные сети,Имиджевая кампания,Новый,Мобильное устройство,11.53,1,0,0.0
MKT004270,2025-08-09,Email,Программа лояльности,Лояльный,Компьютер,2.08,1,0,0.0
MKT000424,2025-05-03,Email,Сезонная акция,Повторный,Планшет,2.62,0,0,0.0
MKT007458,2025-09-05,Социальные сети,Сезонная акция,Новый,Мобильное устройство,14.77,1,0,0.0
MKT007703,2025-03-13,Push,Имиджевая кампания,Новый,Мобильное устройство,1.83,0,0,0.0
MKT009738,2025-07-21,Push,Программа лояльности,Повторный,Компьютер,0.97,0,0,0.0
MKT009220,2025-01-12,Поисковая реклама,Программа лояльности,Повторный,Мобильное устройство,13.27,0,0,0.0
MKT000588,2025-09-24,Email,Сезонная акция,Повторный,Мобильное устройство,3.18,0,0,0.0
MKT003043,2025-07-29,Медийная реклама,Имиджевая кампания,Новый,мобильное ,7.33,0,0,0.0
MKT008480,2025-04-21,Социальные сети,Сезонная акция,Повторный,Мобильное устройство,12.1,0,0,0.0
MKT005178,2025-07-31,Поисковая реклама,Ретаргетинг,Новый,Компьютер,16.88,1,0,0.0
MKT009226,2025-07-29,Социальные сети,Сезонная акция,Повторный,Планшет,8.6,0,0,0.0
MKT005157,2025-09-28,Социальные сети,Новый продукт,Лояльный,Мобильное устройство,8.85,0,0,0.0
MKT001348,2025-06-29,Медийная реклама,Программа лояльности,Новый,Мобильное устройство,4.55,1,0,0.0
MKT001846,2025-03-28,Поисковая реклама,Программа лояльности,Повторный,Компьютер,11.74,1,0,0.0
MKT004845,2025-09-26,Push,Имиджевая кампания,Новый,Мобильное устройство,1.22,0,0,0.0
MKT004070,2025-10-04,Социальные сети,Новый продукт,Повторный,Мобильное устройство,9.66,0,0,0.0
MKT000015,2025-03-08,Email,Имиджевая кампания,Новый,Мобильное устройство,3.51,0,0,0.0
MKT009217,2025-05-09,Push,Имиджевая кампания,Новый,Мобильное устройство,1.32,0,0,0.0
MKT007526,2025-07-04,Медийная реклама,Ретаргетинг,Новый,Мобильное устройство,5.1,0,0,0.0
MKT002046,2025-04-10,Поисковая реклама,Новый продукт,Новый,Мобильное устройство,28.0,0,0,0.0
MKT003866,2025-05-31,Push,Сезонная акция,Новый,Планшет,1.4,0,0,0.0
MKT002378,2025-11-20,Поисковая реклама,Имиджевая кампания,Лояльный,Компьютер,21.42,0,0,0.0
MKT007784,2025-06-16,Email,Сезонная акция,Новый,Мобильное устройство,2.22,0,0,0.0
MKT002893,2025-06-18,Социальные сети,Сезонная акция,Новый,Мобильное устройство,15.67,1,0,0.0
MKT001903,2025-01-24,Поисковая реклама,Ретаргетинг,Повторный,Мобильное устройство,17.22,1,0,0.0
MKT007298,2025-02-04,Социальные сети,Ретаргетинг,Повторный,Компьютер,10.21,1,1,4324.22
MKT001996,2025-12-29,Push,Программа лояльности,Повторный,Мобильное устройство,1.12,0,0,0.0
MKT004143,2025-01-27,Email,Новый продукт,Новый,Мобильное устройство,2.1,0,0,0.0
MKT007125,2025-08-30,Медийная реклама,Имиджевая кампания,Лояльный,Мобильное устройство,7.43,0,0,0.0
MKT000920,2025-01-22,Медийная реклама,Новый продукт,Повторный,Мобильное устройство,7.33,0,0,0.0
MKT001410,2025-08-13,Поисковая реклама,Сезонная акция,Повторный,Мобильное устройство,20.97,1,0,0.0
MKT006876,2025-02-27,Поисковая реклама,Ретаргетинг,Лояльный,Мобильное устройство,14.91,0,0,0.0
MKT003483,2025-03-31,Медийная реклама,Программа лояльности,Новый,Компьютер,4.21,1,0,0.0
MKT003665,2025-08-27,Email,Программа лояльности,Повторный,Мобильное устройство,1.71,0,0,0.0
MKT001267,2025-02-24,Email,Ретаргетинг,Новый,Мобильное устройство,1.66,0,0,0.0
MKT003472,2025-02-19,Медийная реклама,Имиджевая кампания,Новый,Мобильное устройство,12.13,0,0,0.0
MKT004359,2025-07-17,Email,Новый продукт,Новый,Мобильное устройство,2.26,0,0,0.0
MKT008461,2025-12-28,Социальные сети,Новый продукт,ПОВТОРНЫЙ,Компьютер,19.37,0,0,0.0
MKT006976,2025-07-23,Социальные сети,Имиджевая кампания,Повторный,Мобильное устройство,9.38,0,0,0.0
MKT003331,2025-04-18,Email,Программа лояльности,Новый,Компьютер,2.23,0,0,0.0
MKT008677,2025-06-17,Социальные сети,Сезонная акция,Повторный,Мобильное устройство,7.24,0,0,0.0
MKT005029,2025-05-17,Email,Программа лояльности,Повторный,Мобильное устройство,1.56,0,0,0.0
MKT009012,2025-10-14,Push,Сезонная акция,Повторный,Мобильное устройство,1.66,0,0,0.0
MKT003498,2025-06-17,Социальные сети,Новый продукт,Повторный,Мобильное устройство,9.67,1,0,0.0
MKT002416,2025-12-14,Социальные сети,Сезонная акция,Лояльный,Мобильное устройство,7.89,0,0,0.0
MKT004190,2025-02-09,Медийная реклама,Имиджевая кампания,Повторный,Мобильное устройство,6.06,0,0,0.0
MKT009568,2025-05-19,Медийная реклама,Ретаргетинг,Новый,Мобильное устройство,8.39,0,0,0.0
MKT006810,2025-09-08,Медийная реклама,Программа лояльности,Новый,Мобильное устройство,4.66,0,0,0.0
MKT004247,2025-04-10,Медийная реклама,Программа лояльности,Новый,Мобильное устройство,5.33,1,0,0.0
MKT008694,2025-06-24,Email,ретаргетинг ,Новый,Компьютер,2.72,0,0,0.0
MKT000200,2025-05-12,Поисковая реклама,Сезонная акция,Новый,Компьютер,14.53,1,1,5333.28
MKT009626,2025-11-16,Push,Программа лояльности,Новый,Компьютер,1.62,0,0,0.0
MKT003072,2025-03-22,Социальные сети,Новый продукт,Новый,Мобильное устройство,8.32,0,0,0.0
MKT004400,2025-11-29,Email,Программа лояльности,Новый,Мобильное устройство,1.33,0,0,0.0
MKT009658,2025-01-30,Социальные сети,Новый продукт,Повторный,Мобильное устройство,8.48,0,0,0.0
MKT002423,2025-07-29,Медийная реклама,Программа лояльности,Новый,Компьютер,5.07,0,0,0.0
MKT007746,2025-05-24,Медийная реклама,Новый продукт,Новый,Мобильное устройство,7.66,0,0,0.0
MKT006833,2025-03-01,Email,Сезонная акция,Лояльный,Мобильное устройство,2.85,0,0,0.0
MKT003812,2025-08-25,Email,Программа лояльности,Повторный,Мобильное устройство,1.62,0,0,0.0
MKT005777,2025-10-15,Социальные сети,Программа лояльности,Лояльный,Мобильное устройство,6.68,0,0,0.0
MKT004074,2025-06-12,Медийная реклама,Ретаргетинг,Новый,Мобильное устройство,4.94,0,0,0.0
MKT002756,2025-03-23,Push,Сезонная акция,Новый,Мобильное устройство,1.65,0,0,0.0
MKT007783,2025-01-17,Поисковая реклама,Сезонная акция,Новый,Мобильное устройство,32.55,0,0,0.0
MKT009755,2025-07-27,Социальные сети,Ретаргетинг,Лояльный,Мобильное устройство,7.08,0,0,0.0
MKT005585,2025-11-01,Медийная реклама,Новый продукт,Повторный,Планшет,5.5,0,0,0.0
MKT002258,2025-01-05,Push,Новый продукт,Новый,Компьютер,2.01,0,0,0.0
MKT006422,2025-12-04,Поисковая реклама,Программа лояльности,Повторный,Мобильное устройство,14.62,0,0,0.0
MKT001871,2025-02-09,Email,Имиджевая кампания,Повторный,Мобильное устройство,2.0,0,0,0.0
MKT004769,2025-01-03,Поисковая реклама,Новый продукт,Повторный,Мобильное устройство,35.91,1,0,0.0
MKT001170,2025-06-03,Социальные сети,Имиджевая кампания,Новый,Мобильное устройство,11.24,0,0,0.0
MKT006622,2025-03-20,Email,Имиджевая кампания,Лояльный,Мобильное устройство,2.44,0,0,0.0
MKT006744,2025-01-18,Email,Имиджевая кампания,Новый,Мобильное устройство,2.16,0,0,0.0
MKT002359,2025-08-09,Поисковая реклама,Ретаргетинг,Повторный,Мобильное устройство,15.61,1,0,0.0
MKT004512,2025-02-15,Социальные сети,Сезонная акция,Повторный,Мобильное устройство,11.58,0,0,0.0
MKT005280,2025-09-24,Push,Имиджевая кампания,Лояльный,Компьютер,2.07,0,0,0.0
MKT004834,2025-10-25,Email,Программа лояльности,Повторный,Компьютер,1.37,0,0,0.0
MKT009657,2025-05-28,Медийная реклама,Программа лояльности,Повторный,Мобильное устройство,4.69,1,0,0.0
MKT004865,2025-01-15,Email,Программа лояльности,Новый,Компьютер,1.92,0,0,0.0
MKT008094,2025-08-19,Email,Ретаргетинг,Повторный,Мобильное устройство,2.43,0,0,0.0
MKT006516,2025-04-03,Push,Новый продукт,Повторный,Мобильное устройство,2.29,0,0,0.0
MKT005004,2025-09-27,Push,Имиджевая кампания,Новый,Мобильное устройство,1.62,0,0,0.0
MKT008557,2025-12-17,Email,Имиджевая кампания,Новый,Компьютер,1.97,0,0,0.0
MKT001311,2025-06-02,Медийная реклама,Сезонная акция,Повторный,Компьютер,8.2,0,0,0.0
MKT004894,2025-01-30,Поисковая реклама,Сезонная акция,Повторный,Мобильное устройство,14.43,0,0,0.0
MKT006531,2025-03-03,Email,Имиджевая кампания,Повторный,Компьютер,1.98,0,0,0.0
MKT006147,2025-11-04,Социальные сети,Имиджевая кампания,Повторный,Компьютер,9.92,0,0,0.0
MKT005474,2025-08-26,Медийная реклама,Программа лояльности,Повторный,Компьютер,5.13,0,0,0.0
MKT008749,2025-02-16,Email,Сезонная акция,Новый,Мобильное устройство,2.84,0,0,0.0
MKT008156,2025-07-19,Социальные сети,Ретаргетинг,Новый,Компьютер,6.28,0,0,0.0
MKT004826,2025-05-04,Email,Программа лояльности,Повторный,Компьютер,2.2,0,0,0.0
MKT005641,2025-12-30,Email,Новый продукт,Новый,Мобильное устройство,2.77,0,0,0.0
MKT004327,2025-11-20,Поисковая реклама,Имиджевая кампания,Новый,Мобильное устройство,28.23,0,0,0.0
MKT008800,2025-08-28,Социальные сети,Ретаргетинг,Новый,Мобильное устройство,8.65,1,1,2466.12
MKT002862,2025-01-13,Поисковая реклама,Сезонная акция,Новый,Компьютер,22.52,0,0,0.0
MKT000034,2025-03-05,Социальные сети,Сезонная акция,Лояльный,Мобильное устройство,11.83,0,0,0.0
MKT003778,2025-06-02,Поисковая реклама,Имиджевая кампания,Новый,Мобильное устройство,23.21,0,0,0.0
MKT001334,2025-11-05,Email,Программа лояльности,Повторный,Планшет,2.21,0,0,0.0
MKT000870,2025-06-07,Email,Ретаргетинг,Повторный,Мобильное устройство,1.44,0,0,0.0
MKT006993,2025-05-04,Email,Программа лояльности,Повторный,Компьютер,1.56,0,0,0.0
MKT003316,2025-12-01,Email,Сезонная акция,Повторный,Компьютер,2.76,0,0,0.0
MKT000266,2025-10-10,Социальные сети,Новый продукт,Новый,Мобильное устройство,11.99,0,0,0.0
MKT002219,2025-06-06,Email,Имиджевая кампания,Повторный,Мобильное устройство,2.42,0,0,0.0
MKT000030,2025-09-12,Поисковая реклама,Новый продукт,Повторный,Компьютер,16.95,1,0,0.0
MKT001341,2025-11-12,Push,Ретаргетинг,Повторный,Мобильное устройство,1.47,0,0,0.0
MKT004976,2025-07-11,Социальные сети,Ретаргетинг,Новый,Мобильное устройство,6.43,0,0,0.0
MKT000352,2025-10-09,Поисковая реклама,Новый продукт,Лояльный,Компьютер,30.04,0,0,0.0
MKT009581,2025-05-17,Медийная реклама,Ретаргетинг,Повторный,Мобильное устройство,5.45,0,0,0.0
MKT006675,2025-03-14,Поисковая реклама,ретаргетинг ,Повторный,Мобильное устройство,15.84,0,0,0.0
MKT009354,2025-04-20,Email,Новый продукт,Новый,Компьютер,3.16,0,0,0.0
MKT000801,2025-02-07,Поисковая реклама,Новый продукт,Повторный,Мобильное устройство,20.61,0,0,0.0
MKT003228,2025-05-03,Push,Сезонная акция,Повторный,Мобильное устройство,1.54,1,1,7202.21
MKT001100,2025-12-08,Социальные сети,Новый продукт,Повторный,Мобильное устройство,9.11,0,0,0.0
MKT002114,2025-08-30,Медийная реклама,Ретаргетинг,Новый,Компьютер,6.19,0,0,0.0
MKT000910,2025-08-03,Email,Ретаргетинг,Повторный,Мобильное устройство,1.45,0,0,0.0
MKT005522,2025-03-21,Email,Новый продукт,Лояльный,Мобильное устройство,2.55,0,0,0.0
MKT004569,2025-09-11,Email,Сезонная акция,Повторный,Мобильное устройство,2.3,0,0,0.0
MKT004610,2025-04-19,Медийная реклама,Новый продукт,Лояльный,Компьютер,9.09,1,0,0.0
MKT002398,2025-04-30,Медийная реклама,Сезонная акция,Новый,Мобильное устройство,5.67,0,0,0.0
MKT005044,2025-11-03,Поисковая реклама,Имиджевая кампания,Повторный,Мобильное устройство,24.96,0,0,0.0
MKT000745,2025-05-05,Социальные сети,Программа лояльности,Повторный,Мобильное устройство,7.7,0,0,0.0
MKT007279,2025-09-06,Поисковая реклама,Ретаргетинг,Новый,Мобильное устройство,18.07,0,0,0.0
MKT002598,2025-09-01,Медийная реклама,Сезонная акция,Повторный,Мобильное устройство,7.71,0,0,0.0
MKT004919,2025-04-27,Push,Новый продукт,Новый,Мобильное устройство,1.62,0,0,0.0
MKT003894,2025-02-16,Email,Ретаргетинг,Новый,Мобильное устройство,1.96,0,0,0.0
MKT000655,2025-06-28,Социальные сети,Новый продукт,Повторный,Мобильное устройство,11.6,0,0,0.0
MKT008213,2025-11-29,Социальные сети,Имиджевая кампания,Лояльный,Компьютер,13.45,1,0,0.0
MKT005538,2025-01-09,Медийная реклама,Ретаргетинг,Новый,Компьютер,5.84,1,0,0.0
MKT007741,2025-04-11,Социальные сети,Имиджевая кампания,Лояльный,Планшет,10.49,0,0,0.0
MKT002732,2025-02-15,Push,Новый продукт,Новый,Мобильное устройство,2.1,1,0,0.0
MKT004262,2025-05-31,Поисковая реклама,Новый продукт,Повторный,Компьютер,32.15,0,0,0.0
MKT005417,2025-07-24,Социальные сети,Имиджевая кампания,Повторный,Компьютер,9.84,0,0,0.0
MKT009585,2025-12-03,Email,Сезонная акция,Повторный,Мобильное устройство,1.99,0,0,0.0
MKT007451,2025-01-28,Медийная реклама,Имиджевая кампания,Лояльный,Компьютер,12.5,0,0,0.0
MKT001319,2025-10-12,Социальные сети,Сезонная акция,Новый,Компьютер,8.08,0,0,0.0
MKT005041,2025-07-02,Медийная реклама,Программа лояльности,Новый,Мобильное устройство,4.72,0,0,0.0
MKT009839,2025-10-03,Социальные сети,Ретаргетинг,Лояльный,Компьютер,9.98,0,0,0.0
MKT004550,2025-10-13,Поисковая реклама,Новый продукт,Повторный,Мобильное устройство,20.58,0,0,0.0
MKT005508,2025-07-22,Социальные сети,Новый продукт,Лояльный,Мобильное устройство,11.51,0,0,0.0
MKT003369,2025-12-05,Поисковая реклама,Программа лояльности,Лояльный,Мобильное устройство,19.68,0,0,0.0
MKT003150,2025-01-21,Поисковая реклама,Ретаргетинг,Новый,Мобильное устройство,15.26,1,1,4574.44
MKT005475,2025-01-18,Медийная реклама,Новый продукт,Новый,мобильное ,6.3,1,0,0.0
MKT006434,2025-04-18,Социальные сети,Ретаргетинг,Повторный,Компьютер,5.92,1,0,0.0
MKT006544,2025-01-04,Социальные сети,Ретаргетинг,Новый,Компьютер,7.61,0,0,0.0
MKT009183,2025-02-06,Push,Новый продукт,Повторный,Мобильное устройство,1.7,0,0,0.0
MKT009099,05.04.2025,Email,Ретаргетинг,Повторный,Планшет,1.78,0,0,0.0
MKT001190,2025-09-26,Email,Новый продукт,Повторный,Компьютер,2.52,0,0,0.0
MKT006908,2025-12-21,Email,Сезонная акция,Лояльный,Мобильное устройство,2.4,0,0,0.0
MKT004773,2025-08-22,Социальные сети,Новый продукт,Повторный,Планшет,7.48,0,0,0.0
MKT000514,2025-09-13,Поисковая реклама,Ретаргетинг,Новый,Мобильное устройство,18.34,0,0,0.0
MKT002647,2025-02-01,Поисковая реклама,Сезонная акция,Повторный,Компьютер,,0,0,0.0
MKT007664,2025-02-03,Поисковая реклама,Ретаргетинг,Повторный,Мобильное устройство,16.42,0,0,0.0
MKT008426,2025-01-27,Поисковая реклама,Ретаргетинг,Повторный,Компьютер,13.87,1,1,4174.06
MKT006538,2025-01-31,Социальные сети,Новый продукт,Новый,Мобильное устройство,9.8,0,0,0.0
MKT005471,2025-06-22,Email,Сезонная акция,Новый,Компьютер,1.81,0,0,0.0
MKT000312,2025-02-17,Push,Новый продукт,Лояльный,Компьютер,1.33,0,0,0.0
MKT002460,2025-08-08,Поисковая реклама,Сезонная акция,Новый,Мобильное устройство,19.58,0,0,0.0
MKT003804,2025-10-04,Социальные сети,Имиджевая кампания,Повторный,Мобильное устройство,12.45,0,0,0.0
MKT002965,2025-11-18,Медийная реклама,Ретаргетинг,Новый,Компьютер,5.91,0,0,0.0
MKT001719,2025-04-20,Email,Ретаргетинг,Лояльный,Мобильное устройство,1.71,1,1,3289.53
MKT005174,2025-11-16,Поисковая реклама,Сезонная акция,Повторный,Мобильное устройство,17.03,1,1,3644.04
MKT007319,2025-07-01,Социальные сети,Ретаргетинг,Повторный,Мобильное устройство,8.19,0,0,0.0
MKT004814,2025-01-09,Email,Новый продукт,Лояльный,Мобильное устройство,3.27,0,0,0.0
MKT005970,2025-03-18,Социальные сети,Сезонная акция,Повторный,Компьютер,8.47,0,0,0.0
MKT003428,2025-08-01,Социальные сети,Сезонная акция,Новый,Компьютер,7.98,0,0,0.0
MKT005892,2025-02-07,Email,Имиджевая кампания,Повторный,Мобильное устройство,1.88,1,0,0.0
MKT001068,2025-04-08,Push,Ретаргетинг,Новый,Мобильное устройство,1.21,0,0,0.0
MKT005754,2025-09-23,Email,Программа лояльности,Лояльный,Мобильное устройство,1.91,1,0,0.0
MKT003173,2025-08-05,Социальные сети,Сезонная акция,Новый,Компьютер,11.55,0,0,0.0
MKT001895,2025-12-11,Поисковая реклама,Программа лояльности,Повторный,Мобильное устройство,14.03,0,0,0.0
MKT005155,2025-04-02,Медийная реклама,Ретаргетинг,Повторный,Мобильное устройство,7.23,0,0,0.0
MKT004338,2025-05-19,Email,Ретаргетинг,Новый,Компьютер,1.87,0,0,0.0
MKT004752,2025-12-06,Социальные сети,Программа лояльности,Повторный,Мобильное устройство,6.92,0,0,0.0
MKT007390,2025-04-30,Медийная реклама,Ретаргетинг,Новый,Мобильное устройство,4.53,1,0,0.0
MKT007028,29.08.2025,Push,Сезонная акция,Повторный,Мобильное устройство,1.38,0,0,0.0
MKT009870,2025-12-27,Email,Ретаргетинг,Новый,Мобильное устройство,3.23,0,0,0.0
MKT000171,2025-09-25,Push,Новый продукт,Новый,Мобильное устройство,1.39,0,0,0.0
MKT003813,2025-08-01,Поисковая реклама,Ретаргетинг,Новый,Компьютер,23.09,0,0,0.0
MKT001325,2025-04-06,Социальные сети,Ретаргетинг,Новый,Мобильное устройство,6.95,0,0,0.0
MKT004256,2025-05-03,Медийная реклама,Сезонная акция,Новый,Мобильное устройство,7.88,1,0,0.0
MKT008416,2025-07-03,Медийная реклама,Ретаргетинг,Новый,Мобильное устройство,5.98,0,0,0.0
MKT008783,2025-10-20,Push,Сезонная акция,Лояльный,Мобильное устройство,1.65,1,0,0.0
