shipment_id,order_date,origin_city,destination_city,transport_type,cargo_weight_kg,planned_days,actual_days,delivery_cost_rub,delivery_status
SHP009777,2025-11-28,Казань,Нижний Новгород,Авто,43.7,2,1,1764.86,В срок
SHP003015,2025-06-21,Новосибирск,Ростов-на-Дону,Железная дорога,112.1,7,7,5260.1,В срок
SHP005549,2025-08-14,Москва,Ростов-на-Дону,Авто,756.2,3,3,5187.19,В срок
SHP005247,2025-04-27,Санкт-Петербург,Уфа,Авто,36.1,5,5,3615.44,В срок
SHP000858,2025-09-25,Москва,Пермь,Железная дорога,191.9,4,4,3375.88,В срок
SHP008772,2025-04-18,Казань,Ростов-на-Дону,Железная дорога,125.1,4,6,2951.0,Задержка
SHP000293,2025-02-11,Санкт-Петербург,Самара,Авиа,447.3,2,2,12490.21,В срок
SHP008700,2025-03-14,Москва,Екатеринбург,Авиа,221.0,2,2,11671.21,В срок
SHP006181,2025-05-11,Москва,Казань,Авто,309.5,3,3,3066.65,В срок
SHP009393,2025-10-05,Новосибирск,Санкт-Петербург,Железная дорога,493.7,7,7,6046.56,В срок
SHP005355,2025-03-23,Екатеринбург,Самара,Авто,197.5,3,3,2857.44,В срок
SHP009293,2025-04-28,Москва,Пермь,Железная дорога,282.2,4,5,3463.28,Задержка
SHP002379,2025-07-12,Екатеринбург,Нижний Новгород,Авто,1052.6,3,7,5748.59,Задержка
SHP007157,2025-12-02,Москва,Уфа,Железная дорога,334.6,4,4,3711.21,В срок
SHP009416,2025-12-11,Новосибирск,Санкт-Петербург,Авиа,134.9,3,2,17539.86,В срок
SHP009273,2025-01-27,Москва,Уфа,Авиа,292.1,2,4,9849.0,Задержка
SHP008816,2025-06-05,Екатеринбург,Ростов-на-Дону,Авто,200.4,5,5,4815.94,В срок
SHP000707,2025-06-25,Казань,Санкт-Петербург,Авто,28.5,4,4,2752.15,В срок
SHP002869,2025-09-18,Москва,Новосибирск,Железная дорога,1800.0,6,5,7196.83,В срок
SHP003640,2025-03-04,Москва,Нижний Новгород,Железная дорога,629.1,3,3,2880.43,В срок
SHP006518,2025-09-14,Москва,Ростов-на-Дону,Железная дорога,266.5,4,4,2992.34,В срок
SHP009889,2025-04-19,Москва,Екатеринбург,Авто,147.8,4,4,3955.8,В срок
SHP003247,2025-09-17,Казань,Новосибирск,Авиа,130.5,3,3,13551.61,В срок
SHP003781,2025-03-23,Санкт-Петербург,Нижний Новгород,Железная дорога,261.1,4,4,3068.11,В срок
SHP005803,2025-01-10,Казань,Ростов-на-Дону,Авто,226.0,4,4,2891.31,В срок
SHP009898,2025-08-02,Казань,Санкт-Петербург,Авто,279.0,4,4,3870.58,В срок
SHP005018,2025-01-15,Москва,Казань,Авто,447.4,3,5,3033.94,Задержка
SHP005053,2025-11-23,Москва,Новосибирск,Авто,199.5,7,6,6707.47,В срок
SHP008988,2025-08-28,Новосибирск,Пермь,Железная дорога,1677.6,5,4,5729.47,В срок
SHP004569,2025-04-09,Москва,Новосибирск,Железная дорога,172.0,6,6,6344.72,В срок
SHP000629,2025-02-03,Москва,Пермь,Авто,522.2,4,4,4168.53,В срок
SHP004469,2025-12-13,Москва,Самара,Авиа,569.8,2,2,8931.95,В срок
SHP006414,2025-02-25,Казань,Москва,Авто,712.8,3,3,4369.65,В срок
SHP001827,2025-04-07,Новосибирск,Екатеринбург,Железная дорога,723.1,4,7,4391.22,Задержка
SHP006045,2025-12-19,Москва,Новосибирск,Авиа,235.7,3,3,15531.14,В срок
SHP006339,2025-11-27,Москва,Самара,Авиа,324.5,2,4,7925.79,Задержка
SHP009206,2025-01-01,Казань,Уфа,Железная дорога,219.9,3,2,2549.26,В срок
SHP009799,2025-04-13,Казань,Самара,Авто,509.4,2,2,2891.96,В срок
SHP003759,2025-06-19,Казань,Самара,Авто,1800.0,2,4,5727.95,Задержка
SHP001459,2025-06-02,Екатеринбург,Пермь,Авиа,154.5,2,2,5320.44,В срок
SHP000918,2025-07-27,Екатеринбург,Пермь,Авто,244.4,2,2,2153.02,В срок
SHP009202,2025-07-29,Москва,Екатеринбург,Авиа,415.6,2,2,11383.08,В срок
SHP001722,2025-01-15,Санкт-Петербург,Ростов-на-Дону,Авиа,102.0,2,2,10948.03,В срок
SHP008707,2025-10-04,Новосибирск,Казань,Железная дорога,545.9,5,5,4929.23,В срок
SHP001293,2025-01-04,Казань,Новосибирск,Авиа,704.6,3,3,16216.64,В срок
SHP009589,2025-12-01,Казань,Самара,Железная дорога,268.6,3,3,2208.64,В срок
SHP001724,2025-07-20,Екатеринбург,Нижний Новгород,Авиа,312.0,2,2,9272.15,В срок
SHP000870,2025-12-18,Москва,Самара,Железная дорога,70.8,4,4,2518.28,В срок
SHP000678,2025-05-04,Москва,Казань,Железная дорога,470.6,3,3,2954.06,В срок
SHP002099,2025-08-19,Москва,Пермь,Железная дорога,292.9,4,3,3129.54,В срок
SHP002202,2025-02-05,Москва,Санкт-Петербург,Авто,237.9,3,6,2406.39,Задержка
SHP003473,2025-01-27,Москва,Уфа,Авто,298.5,4,4,3551.13,В срок
SHP008049,2025-04-13,Москва,Самара,Авиа,126.4,2,1,7768.34,В срок
SHP004653,2025-06-29,Санкт-Петербург,Ростов-на-Дону,Авиа,245.2,2,5,10960.23,Задержка
SHP005877,2025-07-13,Санкт-Петербург,Екатеринбург,Железная дорога,146.1,5,5,3573.23,В срок
SHP006930,2025-01-14,Екатеринбург,Уфа,Авто,514.4,2,4,3198.71,Задержка
SHP005165,2025-12-09,Екатеринбург,Санкт-Петербург,Железная дорога,657.9,5,5,4613.03,В срок
SHP000098,2025-02-21,Москва,Санкт-Петербург,Авто,174.5,3,3,2249.33,В срок
SHP001261,2025-10-17,Санкт-Петербург,Новосибирск,Железная дорога,242.4,7,9,6432.16,Задержка
SHP003555,2025-10-10,Санкт-Петербург,Уфа,Авиа,395.7,2,2,13903.22,В срок
SHP007242,2025-03-18,Санкт-Петербург,Новосибирск,Железная дорога,544.2,7,6,6030.87,В срок
SHP002846,2025-08-29,Екатеринбург,Санкт-Петербург,,92.4,5,5,5276.99,В срок
SHP002463,2025-08-09,Москва,Самара,Железная дорога,189.6,4,4,2936.46,В срок
SHP006438,2025-01-20,Казань,Новосибирск,Железная дорога,377.8,5,5,5017.63,В срок
SHP008952,2025-08-23,Санкт-Петербург,Москва,Авто,383.9,3,3,2996.16,В срок
SHP001551,2025-06-09,Москва,Ростов-на-Дону,Железная дорога,204.7,4,4,3033.57,В срок
SHP002764,2025-02-24,Санкт-Петербург,Новосибирск,Железная дорога,252.0,7,9,5946.98,Задержка
SHP000042,2025-03-21,Москва,Ростов-на-Дону,Авиа,362.8,2,2,9229.13,В срок
SHP001224,2025-04-02,Казань,Екатеринбург,Авто,270.2,3,6,2811.75,Задержка
SHP004364,2025-04-18,Москва,Казань,Авто,63.9,3,3,2315.54,В срок
SHP005350,2025-12-22,Москва,Уфа,Авиа,132.1,2,1,9333.86,В срок
SHP001042,2025-01-24,Москва,Самара,Железная дорога,362.8,4,4,3170.35,В срок
SHP001116,2025-04-24,Москва,Ростов-на-Дону,Авиа,399.0,2,2,9427.28,В срок
SHP008745,2025-06-21,Казань,Москва,Авто,202.3,3,3,2480.75,В срок
SHP002759,2025-09-10,Москва,Новосибирск,Железная дорога,385.3,6,7,5175.27,Задержка
SHP000646,2025-07-07,Москва,Новосибирск,Авиа,238.3,3,3,17066.88,В срок
SHP006777,2025-04-05,Москва,Самара,Авто,378.4,3,3,3100.46,В срок
SHP005182,2025-01-21,Москва,Екатеринбург,Авиа,558.0,2,1,10901.6,в срок 
SHP006803,2025-07-26,Москва,Самара,Авто,755.0,3,3,4158.4,В срок
SHP005530,2025-05-15,Екатеринбург,Казань,Железная дорога,535.7,3,2,2974.82,В срок
SHP009082,2025-03-06,Москва,Пермь,Железная дорога,84.6,4,4,2907.25,В срок
SHP009656,2025-08-08,Казань,Уфа,Железная дорога,441.8,3,2,2838.55,В срок
SHP000782,2025-04-24,Новосибирск,Москва,Железная дорога,186.5,6,6,5658.69,В срок
SHP009583,2025-11-10,Екатеринбург,Пермь,Авто,261.8,2,3,2042.57,Задержка
SHP004774,2025-10-19,Санкт-Петербург,Пермь,Авиа,165.6,2,2,11169.9,В срок
SHP008887,2025-09-08,Санкт-Петербург,Москва,Авто,346.5,3,3,3370.46,В срок
SHP006252,2025-04-19,Екатеринбург,Ростов-на-Дону,Авто,55.3,5,9,4837.38,Задержка
SHP007910,2025-07-28,Санкт-Петербург,Уфа,Авиа,595.5,2,2,12444.08,В срок
SHP006769,2025-04-04,Санкт-Петербург,Нижний Новгород,Железная дорога,251.0,4,4,2874.34,В срок
SHP009288,2025-04-11,Москва,Екатеринбург,Авто,826.9,4,3,5358.61,В срок
SHP000001,2025-01-02,Казань,Уфа,Авто,547.3,2,2,2918.73,В срок
SHP007655,2025-12-09,Новосибирск,Екатеринбург,Авто,442.7,4,4,5184.32,В срок
SHP008508,2025-01-03,Москва,Уфа,Железная дорога,233.5,4,8,3665.32,Задержка
SHP007566,2025-03-26,Санкт-Петербург,Нижний Новгород,Авиа,75.1,2,1,7084.7,В срок
SHP007236,2025-04-20,Москва,Нижний Новгород,Железная дорога,93.4,3,3,1801.32,В срок
SHP000679,2025-01-30,Москва,Нижний Новгород,Авто,92.0,2,3,1982.77,Задержка
SHP002292,2025-05-02,Санкт-Петербург,Нижний Новгород,Авто,96.7,3,3,3042.56,В срок
SHP007123,2025-07-02,Москва,Екатеринбург,Железная дорога,103.7,4,4,3170.04,В срок
SHP002601,2025-05-13,Казань,Новосибирск,Железная дорога,357.7,5,5,5010.99,В срок
SHP000024,2025-03-08,Казань,Санкт-Петербург,Железная дорога,159.4,4,3,3184.09,В срок
SHP003929,2025-07-29,Москва,Ростов-на-Дону,Железная дорога,679.5,4,4,3855.67,В срок
SHP004422,2025-08-15,Казань,Санкт-Петербург,Авто,187.1,4,4,4006.73,В срок
SHP003108,2025-09-19,Санкт-Петербург,Москва,Авто,,3,3,3485.48,В срок
SHP000717,2025-05-21,Екатеринбург,Пермь,Авто,61.5,2,1,1792.13,В срок
SHP005282,2025-10-21,Москва,Уфа,Авто,117.3,4,4,3258.9,В срок
SHP004155,2025-11-07,Москва,Санкт-Петербург,Авто,437.0,3,3,3116.7,В срок
SHP001800,2025-11-07,Москва,Санкт-Петербург,Авиа,509.8,2,2,8887.12,В срок
SHP000161,2025-05-18,Казань,Пермь,Авто,351.5,2,2,2676.84,В срок
SHP008511,2025-10-30,Москва,Санкт-Петербург,Железная дорога,480.9,3,3,2796.59,В срок
SHP002547,2025-07-01,Казань,Уфа,Авто,199.7,2,2,2353.84,В срок
SHP008169,2025-06-07,Москва,Ростов-на-Дону,Авиа,155.4,2,2,8107.93,В срок
SHP008426,2025-09-27,Москва,Ростов-на-Дону,Авто,405.1,3,3,3552.59,В срок
SHP006752,2025-12-18,Екатеринбург,Новосибирск,Железная дорога,782.2,4,4,4447.59,В срок
SHP002181,2025-04-21,Москва,Самара,Авиа,294.8,2,2,8476.82,В срок
SHP006031,2025-02-11,Казань,Екатеринбург,Железная дорога,474.3,3,3,3085.22,В срок
SHP001334,2025-01-05,Москва,Новосибирск,Железная дорога,388.4,6,5,6120.77,В срок
SHP001226,2025-10-16,Москва,Санкт-Петербург,Авто,586.2,3,3,3278.01,В срок
SHP002425,2025-08-15,Москва,Новосибирск,Авиа,253.5,3,3,14991.82,в срок 
SHP006043,2025-07-03,Санкт-Петербург,Ростов-на-Дону,Железная дорога,67.8,5,4,3574.66,В срок
SHP007408,2025-09-18,Москва,Пермь,Железная дорога,78.5,4,3,3523.18,В срок
SHP001381,2025-04-15,Екатеринбург,Ростов-на-Дону,Авиа,307.7,2,6,12704.9,Задержка
SHP007420,2025-01-14,Казань,Санкт-Петербург,Авиа,311.1,2,2,11107.02,В срок
SHP000634,2025-08-15,Новосибирск,Санкт-Петербург,Железная дорога,272.8,7,6,6119.21,В срок
SHP006455,2025-09-25,Москва,Казань,Авто,164.6,3,2,2547.64,В срок
SHP008502,2025-01-17,Москва,Санкт-Петербург,Авто,305.3,3,7,3094.95,Задержка
SHP003095,2025-04-23,Москва,Новосибирск,Авто,351.0,7,7,6790.8,В срок
SHP004152,2025-03-01,Москва,Самара,Железная дорога,311.0,4,4,2886.37,В срок
SHP007494,2025-10-29,Москва,Санкт-Петербург,Железная дорога,358.4,3,3,3098.66,В срок
SHP004630,2025-09-14,Москва,Новосибирск,Авиа,119.7,3,3,14333.91,В срок
SHP007638,2025-10-04,Новосибирск,Санкт-Петербург,Авиа,187.5,3,2,17639.19,В срок
SHP007460,2025-06-19,Екатеринбург,Казань,Авто,125.1,3,2,2569.23,В срок
SHP008081,2025-02-20,Санкт-Петербург,Москва,Авто,292.4,3,3,3053.18,В срок
SHP009345,2025-01-08,Новосибирск,Ростов-на-Дону,Железная дорога,379.5,7,7,5894.62,В срок
SHP000465,2025-02-09,Новосибирск,Уфа,Авиа,85.2,2,3,10500.71,Задержка
SHP009266,2025-07-17,Новосибирск,Нижний Новгород,Железная дорога,932.1,6,6,6328.67,В срок
SHP008148,2025-08-01,Москва,Нижний Новгород,Авто,724.9,2,4,3614.14,Задержка
SHP004072,2025-05-08,Новосибирск,Санкт-Петербург,Авиа,331.8,3,3,17573.84,В срок
SHP002138,2025-10-15,Казань,Уфа,Железная дорога,108.6,3,3,2052.57,В срок
SHP001014,2025-03-07,Москва,Нижний Новгород,Авто,180.1,2,2,2121.89,В срок
SHP003162,2025-07-20,Казань,Москва,Железная дорога,401.7,3,5,2711.43,Задержка
SHP007829,2025-10-01,Екатеринбург,Нижний Новгород,Авто,170.4,3,4,3109.13,Задержка
SHP003795,2025-04-05,Казань,Нижний Новгород,Авто,72.0,2,2,1815.08,В срок
SHP000196,2025-04-11,Москва,Нижний Новгород,Железная дорога,232.9,3,2,2387.19,В срок
SHP007757,2025-01-25,Екатеринбург,Уфа,Авиа,118.6,2,2,4698.48,В срок
SHP005352,2025-06-11,Новосибирск,Пермь,Железная дорога,132.0,5,4,3950.5,В срок
SHP000174,2025-05-04,Казань,Самара,Авто,340.8,2,6,2226.25,Задержка
SHP005320,2025-01-10,Москва,Пермь,Железная дорога,140.0,4,4,2899.46,В срок
SHP000279,2025-09-25,Екатеринбург,Казань,Авто,192.3,3,3,2992.92,В срок
SHP003148,2025-07-03,Екатеринбург,Ростов-на-Дону,Авто,108.4,5,5,4616.5,В срок
SHP004506,2025-11-10,Казань,Нижний Новгород,Авиа,147.3,2,2,5055.57,В срок
SHP008628,2025-09-30,Новосибирск,Самара,Авиа,452.0,3,3,15223.96,В срок
SHP004148,2025-03-25,Москва,Ростов-на-Дону,Железная дорога,766.0,4,7,3639.74,Задержка
SHP004977,2025-08-17,Екатеринбург,Самара,Авто,299.0,3,3,3203.83,В срок
SHP008353,2025-06-26,Санкт-Петербург,Ростов-на-Дону,Авто,244.5,4,7,4278.28,Задержка
SHP001691,2025-08-02,Санкт-Петербург,Новосибирск,Авиа,78.1,3,3,14323.05,В срок
SHP009660,2025-04-13,Екатеринбург,Ростов-на-Дону,Авиа,380.4,2,2,12306.57,В срок
SHP004968,2025-04-10,Новосибирск,Екатеринбург,Авиа,273.0,2,2,9918.16,В срок
SHP005690,2025-11-06,Санкт-Петербург,Пермь,Железная дорога,465.4,5,5,4224.03,В срок
SHP007329,2025-08-29,Санкт-Петербург,Уфа,Железная дорога,165.6,5,5,4073.98,В срок
SHP006006,2025-12-28,Москва,Казань,Железная дорога,171.3,3,3,2613.17,В срок
SHP007119,2025-06-08,Екатеринбург,Нижний Новгород,Железная дорога,1301.5,4,4,4796.69,В срок
SHP003749,2025-06-17,Новосибирск,Казань,Железная дорога,205.1,5,5,4091.96,В срок
SHP002964,2025-05-06,Новосибирск,Уфа,Авиа,1088.5,2,2,18054.12,В срок
SHP002427,2025-06-11,Екатеринбург,Ростов-на-Дону,Авиа,327.6,2,2,12497.12,В срок
SHP005007,2025-08-24,Москва,Ростов-на-Дону,Авто,264.2,3,2,3060.17,В срок
SHP003334,2025-03-06,Санкт-Петербург,Казань,Авиа,67.1,2,2,8050.13,В срок
SHP001668,2025-07-05,Санкт-Петербург,Новосибирск,Железная дорога,142.8,7,7,5584.01,В срок
SHP009161,2025-01-25,Москва,Санкт-Петербург,Авто,534.7,3,4,3604.96,Задержка
SHP000775,2025-09-23,Москва,Уфа,Авиа,744.9,2,2,11581.88,В срок
SHP001570,2025-01-29,Москва,Казань,Авто,35.4,3,7,2345.55,Задержка
SHP007552,2025-05-11,Казань,Ростов-на-Дону,Железная дорога,264.6,4,4,3191.93,В срок
SHP008790,28.04.2025,Москва,Самара,Железная дорога,148.7,4,4,2624.51,В срок
SHP007856,2025-01-30,Москва,Новосибирск,Авиа,298.2,3,3,19402.49,В срок
SHP000344,2025-06-20,Москва,Санкт-Петербург,Железная дорога,599.7,3,3,3062.59,В срок
SHP007233,2025-11-13,Москва,Санкт-Петербург,Авто,178.3,3,3,2580.47,В срок
SHP003464,2025-06-09,Екатеринбург,Самара,Авто,127.3,3,3,2614.57,В срок
SHP002406,2025-06-01,Новосибирск,Казань,Авиа,149.2,3,3,12154.11,В срок
SHP001276,2025-07-09,Казань,Москва,Авто,93.8,3,3,2458.49,В срок
SHP006584,2025-03-31,Москва,Санкт-Петербург,Железная дорога,152.1,3,3,2966.42,В срок
SHP008606,2025-12-29,Санкт-Петербург,Уфа,Авто,1159.4,5,5,7092.98,В срок
SHP002840,2025-07-24,Москва,Уфа,Железная дорога,1647.7,4,4,5767.34,В срок
SHP007559,2025-05-23,Екатеринбург,Москва,Железная дорога,59.6,4,6,3603.97,Задержка
SHP006597,2025-08-02,Новосибирск,Екатеринбург,Железная дорога,94.7,4,4,2775.43,В срок
SHP001511,2025-08-10,Санкт-Петербург,Ростов-на-Дону,Авиа,495.5,2,2,11720.2,В срок
SHP004743,2025-03-29,Москва,Пермь,Железная дорога,171.0,4,4,2961.86,В срок
SHP007547,2025-07-28,Новосибирск,Нижний Новгород,Авиа,320.0,3,3,16239.07,В срок
SHP002998,2025-04-12,Москва,Пермь,Авиа,264.8,2,2,9644.9,В срок
SHP000138,2025-07-12,Москва,Новосибирск,Авиа,260.6,3,3,16646.4,В срок
SHP006952,2025-04-03,Москва,Пермь,Железная дорога,185.5,4,4,3480.68,В срок
SHP001980,2025-09-24,Москва,Санкт-Петербург,Авиа,72.7,2,2,5549.21,В срок
SHP008384,2025-04-16,Санкт-Петербург,Уфа,Авто,404.9,5,5,5304.11,В срок
SHP007383,2025-12-01,Москва,Екатеринбург,Железная дорога,246.1,4,8,3471.77,Задержка
SHP004294,2025-06-04,Санкт-Петербург,Нижний Новгород,Железная дорога,180.4,4,4,2905.31,В срок
SHP009274,2025-01-06,Санкт-Петербург,Нижний Новгород,Авто,174.0,3,3,2791.35,В срок
SHP004525,2025-07-30,Москва,Новосибирск,Железная дорога,,6,6,5465.66,В срок
SHP002849,2025-04-17,Екатеринбург,Казань,Железная дорога,108.9,3,3,2213.55,В срок
SHP000341,2025-08-10,Санкт-Петербург,Нижний Новгород,Железная дорога,157.2,4,4,3076.19,В срок
SHP007162,2025-01-01,Новосибирск,Самара,Железная дорога,138.8,5,5,4356.07,В срок
SHP004314,2025-03-04,Санкт-Петербург,Пермь,Авто,115.6,4,4,4343.55,В срок
SHP007150,2025-08-28,Казань,Самара,Авиа,95.2,2,4,5166.0,Задержка
SHP008809,2025-04-07,Москва,Уфа,Авиа,120.5,2,2,8585.47,В срок
SHP003580,2025-06-23,Санкт-Петербург,Самара,Авиа,340.8,2,2,11074.95,В срок
SHP003698,2025-04-06,Екатеринбург,Санкт-Петербург,Железная дорога,151.0,5,5,3972.51,В срок
SHP005376,2025-03-06,Москва,Новосибирск,Железная дорога,1082.1,6,6,7034.04,В срок
SHP005761,2025-06-19,Казань,Нижний Новгород,Авто,148.1,2,2,1857.49,В срок
SHP002466,2025-11-02,Новосибирск,Ростов-на-Дону,Железная дорога,530.1,7,7,6291.89,В срок
SHP008872,2025-02-01,Москва,Санкт-Петербург,Железная дорога,693.7,3,5,3069.67,Задержка
SHP007357,2025-10-22,Москва,Самара,Авто,195.5,3,4,2667.98,Задержка
SHP003534,2025-02-04,Москва,Санкт-Петербург,Авто,942.2,3,5,3723.69,Задержка
SHP006754,2025-05-06,Казань,Екатеринбург,Авто,394.1,3,3,2780.91,В срок
SHP000062,2025-01-01,Москва,Уфа,Железная дорога,72.3,4,4,2906.1,В срок
SHP003527,2025-07-25,Москва,Самара,Железная дорога,81.3,4,4,2844.06,В срок
SHP005302,2025-05-07,Москва,Пермь,Авто,501.5,4,3,3944.32,В срок
SHP000066,2025-03-21,Москва,Ростов-на-Дону,Железная дорога,297.1,4,4,3218.14,В срок
SHP006366,2025-04-05,Москва,Ростов-на-Дону,Железная дорога,155.2,4,3,3058.82,В срок
SHP008698,2025-04-06,Москва,Пермь,Железная дорога,268.2,4,3,2821.08,В срок
SHP002529,2025-07-03,Санкт-Петербург,Уфа,Авто,225.1,5,5,4171.78,В срок
SHP005349,2025-12-11,Казань,Нижний Новгород,Авто,264.8,2,2,2284.56,Задержка
SHP002226,2025-08-12,Санкт-Петербург,Пермь,Железная дорога,220.0,5,5,3912.33,В срок
SHP000463,2025-02-01,Москва,Казань,Авиа,297.7,2,6,7580.51,Задержка
SHP002006,2025-08-11,Новосибирск,Уфа,Авто,156.9,5,5,4303.94,В срок
SHP006997,2025-04-01,Москва,Уфа,Железная дорога,101.2,4,4,2990.61,В срок
SHP001344,2025-05-18,Санкт-Петербург,Пермь,Авто,323.8,4,4,4282.02,В срок
SHP001769,2025-06-05,Новосибирск,Пермь,Железная дорога,285.9,5,5,3884.89,В срок
SHP008275,2025-03-28,Новосибирск,Самара,Железная дорога,103.8,5,6,4517.71,Задержка
SHP005064,2025-07-17,Екатеринбург,Казань,Авто,307.5,3,4,2911.38,Задержка
SHP004821,2025-09-08,Новосибирск,Уфа,Авто,227.0,5,7,4373.67,Задержка
SHP003308,2025-10-07,Санкт-Петербург,Екатеринбург,Железная дорога,52.3,5,7,4048.32,Задержка
SHP009447,2025-12-20,Казань,Екатеринбург,Железная дорога,107.3,3,5,2804.52,Задержка
SHP009328,2025-09-04,Санкт-Петербург,Новосибирск,Железная дорога,328.1,7,7,5285.03,В срок
SHP001069,2025-07-04,Новосибирск,Москва,Железная дорога,705.5,6,10,5875.23,Задержка
SHP000504,2025-03-09,Москва,Санкт-Петербург,Авто,539.7,3,3,3788.23,В срок
SHP003702,2025-04-08,Новосибирск,Казань,Авиа,64.4,3,3,12037.94,В срок
SHP003418,2025-02-13,Москва,Екатеринбург,Железная дорога,267.7,4,4,3784.42,В срок
SHP008372,2025-09-11,Санкт-Петербург,Ростов-на-Дону,Железная дорога,219.0,5,5,3511.83,В срок
SHP006554,2025-09-23,Москва,Санкт-Петербург,Авто,370.9,3,3,2731.61,В срок
SHP007551,2025-05-24,Москва,Екатеринбург,Авиа,102.1,2,2,8981.17,В срок
SHP008237,2025-10-02,Москва,Самара,Железная дорога,169.2,4,4,2789.69,В срок
SHP006646,2025-07-21,Санкт-Петербург,Москва,Железная дорога,136.8,3,2,2430.9,В срок
SHP007356,2025-01-08,Екатеринбург,Казань,Авто,246.6,3,3,2978.54,В срок
SHP002723,2025-03-21,Москва,Уфа,Железная дорога,134.9,4,3,3009.51,В срок
SHP008119,2025-06-10,Санкт-Петербург,Самара,Авиа,903.9,2,2,13592.16,В срок
SHP000365,2025-08-26,Санкт-Петербург,Самара,Авиа,258.6,2,2,11032.84,В срок
SHP001922,2025-10-27,Москва,Ростов-на-Дону,Железная дорога,65.8,4,4,2458.51,В срок
SHP007878,2025-06-08,Казань,Уфа,Авто,191.9,2,2,2336.08,В срок
SHP001407,2025-01-03,Екатеринбург,Уфа,Авто,299.2,2,4,2273.91,Задержка
SHP006373,2025-09-19,Москва,Самара,Авто,102.4,3,4,2880.08,Задержка
SHP004582,2025-07-02,Санкт-Петербург,Москва,Авто,494.2,3,3,3316.42,В срок
SHP002096,2025-11-30,Москва,Ростов-на-Дону,Железная дорога,240.4,4,4,2834.4,В срок
SHP002504,2025-07-25,Казань,Ростов-на-Дону,Железная дорога,64.3,4,8,2921.64,Задержка
SHP009431,2025-12-29,Новосибирск,Уфа,Железная дорога,630.6,5,4,4498.79,В срок
SHP006495,2025-06-15,Москва,Санкт-Петербург,Авто,182.2,3,3,2660.6,В срок
SHP000386,2025-05-31,Казань,Уфа,Авто,309.6,2,2,2316.94,В срок
SHP006294,2025-10-27,Москва,Самара,Авиа,339.8,2,2,8349.11,В срок
SHP007738,2025-01-20,Казань,Новосибирск,Железная дорога,97.1,5,5,4582.83,В срок
SHP008898,2025-11-02,Москва,Нижний Новгород,Авто,169.8,2,2,1937.67,В срок
SHP006331,2025-12-02,Москва,Санкт-Петербург,Авто,264.0,3,3,2949.04,В срок
SHP009534,2025-01-06,Новосибирск,Нижний Новгород,Железная дорога,332.2,6,6,5684.56,В срок
SHP008858,2025-12-09,Новосибирск,Екатеринбург,Железная дорога,98.5,4,4,3338.06,В срок
SHP001427,2025-04-09,Казань,Екатеринбург,Авто,275.1,3,3,2922.57,В срок
SHP009418,2025-10-05,Москва,Екатеринбург,Железная дорога,1140.6,4,4,4954.82,В срок
SHP007215,2025-04-20,Казань,Самара,Железная дорога,162.8,3,2,2034.85,В срок
SHP001322,2025-01-30,Москва,Уфа,Авто,334.8,4,8,3932.11,Задержка
SHP007025,2025-09-08,Новосибирск,Уфа,Железная дорога,443.6,5,5,4657.89,В срок
SHP008715,2025-08-07,Новосибирск,Екатеринбург,Авто,90.8,4,4,3734.36,В срок
SHP004419,2025-07-28,Екатеринбург,Нижний Новгород,Авто,226.1,3,3,2782.58,В срок
SHP008503,2025-02-22,Москва,Ростов-на-Дону,Авиа,1262.2,2,2,13133.84,В срок
SHP005963,2025-11-04,Москва,Пермь,Железная дорога,287.2,4,3,3352.09,В срок
SHP003135,2025-11-30,Москва,Нижний Новгород,Авто,167.0,2,2,1790.64,В срок
SHP005369,2025-08-22,Москва,Ростов-на-Дону,Железная дорога,105.7,4,8,2826.12,Задержка
SHP004717,2025-10-02,Казань,Ростов-на-Дону,Железная дорога,357.4,4,4,3411.94,В срок
SHP001645,2025-02-07,Москва,Санкт-Петербург,Авто,616.5,3,3,3565.73,В срок
SHP008880,2025-08-30,Казань,Москва,Железная дорога,675.1,3,3,3454.3,В срок
SHP000514,2025-12-02,Новосибирск,Уфа,Авто,206.7,5,6,4742.31,Задержка
SHP006265,2025-06-03,Екатеринбург,Самара,Железная дорога,170.0,4,7,2520.52,Задержка
SHP006633,2025-01-07,Москва,Уфа,Железная дорога,230.9,4,4,3464.56,В срок
SHP000928,2025-04-02,Екатеринбург,Уфа,Авто,56.0,2,2,1761.28,Задержка
SHP003071,2025-08-14,Екатеринбург,Ростов-на-Дону,Авто,153.4,5,5,4567.68,В срок
SHP001142,2025-07-03,Екатеринбург,Нижний Новгород,Железная дорога,410.7,4,4,3846.54,В срок
SHP009539,2025-09-14,Москва,Ростов-на-Дону,Железная дорога,506.5,4,7,3964.19,Задержка
SHP009501,2025-07-23,Москва,Казань,Авто,372.6,3,3,3376.98,В срок
SHP001048,2025-10-10,Москва,Новосибирск,Железная дорога,392.1,6,8,6315.72,Задержка
SHP007418,2025-10-15,Новосибирск,Уфа,Авто,263.8,5,9,4657.43,Задержка
SHP008871,2025-07-08,Екатеринбург,Москва,Железная дорога,124.4,4,4,3313.95,В срок
SHP001972,2025-03-21,Москва,Самара,Авиа,360.7,2,3,9037.76,Задержка
SHP001529,2025-02-26,Москва,Екатеринбург,Железная дорога,80.3,4,4,3599.62,В срок
SHP000995,2025-06-26,Новосибирск,Казань,Железная дорога,237.4,5,8,4339.9,Задержка
SHP008459,2025-12-08,Москва,Пермь,Авто,234.4,4,4,3598.68,В срок
SHP001666,2025-02-26,Екатеринбург,Казань,Железная дорога,109.4,3,3,2804.08,В срок
SHP006217,2025-04-25,Санкт-Петербург,Ростов-на-Дону,Железная дорога,520.4,5,5,4488.36,В срок
SHP000136,2025-06-09,Москва,Уфа,Авто,173.4,4,4,3756.54,В срок
SHP005682,2025-07-08,Москва,Казань,Железная дорога,181.9,3,7,2591.69,Задержка
SHP000901,2025-05-11,Екатеринбург,Москва,Авто,190.5,4,6,4417.17,Задержка
SHP001648,2025-07-04,Екатеринбург,Уфа,Авто,93.6,2,2,1912.29,В срок
SHP005790,15.08.2025,Новосибирск,Самара,Авиа,393.5,3,7,14563.62,Задержка
SHP000779,2025-03-01,Казань,Уфа,Авто,575.1,2,2,3103.35,В срок
SHP001011,2025-05-01,Новосибирск,Нижний Новгород,Авто,929.3,6,6,8505.58,В срок
SHP000285,2025-06-19,Москва,Казань,Авто,317.8,3,3,2837.63,В срок
SHP005516,2025-04-10,Москва,Нижний Новгород,Авто,273.7,2,2,2671.06,В срок
SHP005093,2025-04-14,Новосибирск,Ростов-на-Дону,Железная дорога,206.7,7,7,6365.99,В срок
SHP008202,2025-03-12,Екатеринбург,Уфа,Авто,250.1,2,5,2272.5,Задержка
SHP001019,2025-04-14,Новосибирск,Уфа,Железная дорога,230.3,5,5,3787.61,В срок
SHP008033,2025-10-22,Москва,Нижний Новгород,авто ,180.4,2,1,2237.52,В срок
SHP005878,2025-12-25,Екатеринбург,Ростов-на-Дону,Железная дорога,606.7,5,5,5298.88,В срок
SHP001025,2025-07-11,Санкт-Петербург,Пермь,Авто,718.4,4,8,5387.74,Задержка
SHP008431,2025-03-01,Москва,Нижний Новгород,Авто,231.1,2,6,2414.21,Задержка
SHP000009,2025-07-28,Новосибирск,Москва,Авиа,316.2,3,3,15728.59,В срок
SHP005948,2025-05-19,Екатеринбург,Нижний Новгород,Железная дорога,532.0,4,4,3846.47,В срок
SHP008895,2025-10-28,Новосибирск,Москва,Авиа,104.6,3,3,17831.52,В срок
SHP006258,2025-05-30,Казань,Екатеринбург,Железная дорога,154.6,3,3,2434.01,В срок
SHP002066,2025-07-13,Санкт-Петербург,Нижний Новгород,Железная дорога,85.0,4,4,2962.97,В срок
SHP006574,2025-10-28,Москва,Екатеринбург,Железная дорога,449.6,4,3,3857.83,В срок
SHP006073,2025-10-12,Москва,Екатеринбург,Железная дорога,337.2,4,3,4025.53,В срок
SHP007112,2025-04-25,Новосибирск,Санкт-Петербург,Железная дорога,223.9,7,7,5162.37,В срок
SHP004959,2025-04-19,Санкт-Петербург,Пермь,Авиа,140.9,2,1,10198.99,В срок
SHP003713,2025-12-23,Екатеринбург,Самара,Авто,735.8,3,6,4415.73,Задержка
SHP003729,2025-12-27,Казань,Самара,Авто,162.2,2,1,1925.89,В срок
SHP007572,2025-11-16,Москва,Пермь,Железная дорога,614.4,4,3,3672.54,В срок
SHP005232,2025-10-01,Москва,Пермь,Авто,105.4,4,4,3434.76,В срок
SHP004848,2025-02-20,Москва,Пермь,Авто,334.1,4,8,3757.19,Задержка
SHP008621,2025-07-03,Москва,Нижний Новгород,Авто,365.2,2,2,2238.95,В срок
SHP007896,2025-08-30,Санкт-Петербург,Самара,Авто,284.4,4,8,4050.04,Задержка
SHP005892,2025-09-24,Екатеринбург,Санкт-Петербург,Железная дорога,237.3,5,5,3753.79,В срок
SHP002494,2025-05-25,Новосибирск,Екатеринбург,Железная дорога,625.8,4,4,4044.66,В срок
SHP009624,2025-07-06,Екатеринбург,Самара,Авто,614.6,3,3,3613.95,В срок
SHP002540,2025-09-07,Новосибирск,Санкт-Петербург,Железная дорога,423.4,7,7,5897.15,В срок
SHP009106,2025-07-05,Москва,Санкт-Петербург,Железная дорога,152.0,3,2,2295.32,В срок
SHP006746,2025-09-06,Санкт-Петербург,Уфа,Железная дорога,459.6,5,5,4663.18,В срок
SHP009449,2025-01-19,Санкт-Петербург,Екатеринбург,Авто,324.2,5,5,5021.08,В срок
SHP008505,2025-02-08,Москва,Нижний Новгород,Авиа,90.7,2,2,5255.88,В срок
SHP007714,2025-08-02,Екатеринбург,Ростов-на-Дону,Авиа,525.2,2,2,12878.65,В срок
SHP004079,2025-08-20,Москва,Новосибирск,Железная дорога,755.6,6,6,6714.23,В срок
SHP002091,2025-08-28,Новосибирск,Казань,Железная дорога,872.8,5,5,5473.59,В срок
SHP006007,2025-06-22,Казань,Санкт-Петербург,Железная дорога,255.0,4,4,3046.26,В срок
SHP002768,2025-08-05,Казань,Новосибирск,Железная дорога,116.0,5,5,4843.2,В срок
SHP008656,2025-06-07,Казань,Уфа,Авиа,328.8,2,2,6571.47,В срок
SHP000753,2025-09-11,Казань,Уфа,Авто,327.0,2,2,2522.75,В срок
SHP004537,2025-09-23,Москва,Уфа,Авиа,132.0,2,2,8275.59,В срок
SHP001444,2025-05-31,Москва,Самара,Авиа,530.0,2,2,9367.08,В срок
SHP002480,2025-11-26,Москва,Самара,Железная дорога,149.4,4,4,2734.58,В срок
SHP002754,2025-08-24,Москва,Пермь,Авиа,289.1,2,2,8775.23,В срок
SHP000871,2025-11-02,Москва,Нижний Новгород,Авто,879.8,2,2,3738.24,В срок
SHP003069,2025-01-17,Санкт-Петербург,Уфа,Железная дорога,426.7,5,5,4644.54,В срок
SHP001501,2025-09-19,Санкт-Петербург,Екатеринбург,Железная дорога,362.2,5,5,4590.89,В срок
SHP007560,2025-06-17,Москва,Пермь,Железная дорога,265.7,4,4,3661.87,В срок
SHP004740,2025-01-03,Санкт-Петербург,Москва,Авто,392.6,3,3,2965.47,В срок
SHP009818,2025-04-10,Казань,Ростов-на-Дону,Авиа,157.6,2,2,9285.72,В срок
SHP008983,2025-09-17,Казань,Екатеринбург,Авто,709.0,3,2,4156.28,В срок
SHP000971,2025-11-22,Казань,Новосибирск,Железная дорога,305.9,5,9,4662.45,Задержка
SHP004898,2025-02-08,Москва,Екатеринбург,Авто,235.0,4,8,4590.14,Задержка
SHP007380,2025-07-07,Москва,Санкт-Петербург,Авто,217.1,3,5,2482.27,Задержка
SHP009167,2025-08-02,Москва,Пермь,Железная дорога,439.7,4,4,3579.53,В срок
SHP002354,2025-09-20,Новосибирск,Пермь,Железная дорога,190.2,5,5,3820.34,В срок
SHP003641,2025-02-06,Казань,Самара,Железная дорога,124.8,3,3,1828.97,В срок
SHP003417,2025-01-20,Санкт-Петербург,Ростов-на-Дону,Авиа,739.5,2,2,14290.93,В срок
SHP002188,2025-04-03,Новосибирск,Пермь,Железная дорога,339.2,5,5,4119.62,В срок
SHP009854,2025-11-08,Москва,Ростов-на-Дону,Авиа,66.9,2,3,8595.85,Задержка
SHP009165,2025-04-14,Москва,Екатеринбург,Железная дорога,425.9,4,4,4103.17,В срок
SHP003016,2025-10-16,Москва,Новосибирск,Авиа,61.8,3,3,15878.02,В срок
SHP002294,2025-06-23,Екатеринбург,Новосибирск,Авиа,329.0,2,2,11289.49,В срок
SHP008552,2025-08-08,Казань,Москва,Авто,438.7,3,3,2772.17,В срок
SHP007587,2025-09-13,Казань,Нижний Новгород,Железная дорога,87.1,3,4,1936.49,Задержка
SHP003577,2025-10-31,Казань,Самара,Авиа,367.0,2,2,6113.27,В срок
SHP009031,2025-07-13,Санкт-Петербург,Уфа,Авто,201.9,5,5,4509.32,В срок
SHP002943,2025-09-15,Новосибирск,Екатеринбург,Авто,580.7,4,5,5335.85,Задержка
SHP009657,2025-01-22, москва ,Нижний Новгород,Авто,395.5,2,3,2597.33,Задержка
SHP008068,2025-05-21,Казань,Москва,Авто,100.4,3,3,2701.3,В срок
SHP008436,2025-07-10,Казань,Нижний Новгород,Железная дорога,566.4,3,3,3076.45,В срок
SHP009564,2025-01-15,Екатеринбург,Самара,Авто,375.7,3,3,3303.2,В срок
SHP001449,2025-12-17,Екатеринбург,Самара,Железная дорога,1800.0,4,5,5563.61,Задержка
SHP001474,2025-11-28,Новосибирск,Санкт-Петербург,Железная дорога,71.2,7,9,5157.23,Задержка
SHP005972,2025-09-30,Новосибирск,Ростов-на-Дону,Авиа,240.7,3,3,17124.71,В срок
SHP001856,2025-07-25,Москва,Санкт-Петербург,Авиа,470.3,2,1,8684.77,В срок
SHP001762,2025-10-20,Казань,Ростов-на-Дону,Железная дорога,82.1,4,4,3085.13,В срок
SHP000801,2025-10-23,Москва,Ростов-на-Дону,Авто,387.2,3,2,3879.9,В срок
SHP001882,2025-01-06,Казань,Екатеринбург,Железная дорога,321.2,3,7,2807.83,Задержка
SHP009876,2025-12-17,Москва,Екатеринбург,Железная дорога,164.1,4,4,3473.39,в срок 
SHP000854,2025-11-30,Новосибирск,Екатеринбург,Железная дорога,366.2,4,4,4064.96,В срок
SHP004209,2025-01-09,Санкт-Петербург,Москва,Железная дорога,154.7,3,4,2617.86,Задержка
SHP005201,2025-02-19,Санкт-Петербург,Екатеринбург,Авто,191.4,5,5,4888.69,В срок
SHP003831,2025-05-15,Новосибирск,Уфа,Авиа,625.9,2,2,12880.98,В срок
SHP002002,2025-09-29,Санкт-Петербург,Казань,Авто,221.3,4,6,3742.72,Задержка
SHP005076,2025-04-17,Москва,Казань,Авто,137.5,3,3,2280.42,В срок
SHP001370,2025-07-26,Москва,Казань,Авто,304.0,3,3,2989.23,В срок
SHP003881,2025-03-17,Москва,Новосибирск,Авиа,221.1,3,3,17755.32,В срок
SHP005525,2025-12-23,Москва,Новосибирск,Авиа,96.2,3,3,,В срок
SHP005223,2025-09-16,Казань,Москва,Авто,196.4,3,6,2579.58,Задержка
SHP002525,2025-10-26,Екатеринбург,Санкт-Петербург,Железная дорога,272.3,5,7,4404.89,Задержка
SHP006194,2025-04-18,Новосибирск,Санкт-Петербург,Авиа,156.1,3,3,17722.39,В срок
SHP000552,2025-05-30,Новосибирск,Москва,Авиа,543.2,3,3,18593.07,В срок
SHP001585,2025-01-15,Екатеринбург,Москва,Авто,74.6,4,4,3742.26,В срок
SHP008928,2025-07-24,Москва,Екатеринбург,Железная дорога,381.0,4,4,4178.64,В срок
SHP000738,2025-04-11,Екатеринбург,Пермь,Авто,243.0,2,2,1819.12,В срок
SHP001408,2025-03-12,Санкт-Петербург,Ростов-на-Дону,Авто,,4,6,5041.36,Задержка
SHP008106,2025-03-30,Новосибирск,Ростов-на-Дону,Авиа,464.4,3,3,17837.02,В срок
SHP009567,2025-05-16,Москва,Ростов-на-Дону,Авто,239.7,3,3,3064.67,В срок
SHP004890,2025-10-30,Москва,Уфа,Железная дорога,196.6,4,4,3889.27,В срок
SHP004535,2025-02-04,Москва,Уфа,Железная дорога,533.5,4,4,3631.07,В срок
SHP008062,2025-10-26,Москва,Казань,Авто,124.5,3,5,2639.85,Задержка
SHP008276,2025-10-04,Новосибирск,Уфа,Железная дорога,201.7,5,4,4519.91,В срок
SHP005079,2025-08-10,Москва,Новосибирск,Авиа,475.9,3,3,20821.61,В срок
SHP002929,2025-04-11,Казань,Самара,Железная дорога,369.0,3,6,2649.96,Задержка
SHP008285,2025-06-07,Новосибирск,Нижний Новгород,Железная дорога,404.7,6,6,5247.92,В срок
SHP004588,2025-04-26,Екатеринбург,Ростов-на-Дону,Авиа,344.3,2,2,12405.07,В срок
SHP002619,2025-11-25,Москва,нижний новгород,Авто,548.5,2,2,3100.31,В срок
SHP007133,2025-11-04,Москва,Екатеринбург,Авиа,624.7,2,2,11584.59,В срок
SHP001361,2025-03-18,Казань,Москва,Авто,296.7,3,3,3097.85,В срок
SHP009128,2025-06-14,Казань,Самара,Железная дорога,400.1,3,3,2237.09,В срок
SHP001833,2025-10-10,Казань,Новосибирск,Железная дорога,124.8,5,5,4356.73,В срок
SHP004433,2025-06-27,Новосибирск,Пермь,Авиа,670.4,2,2,13096.07,В срок
SHP002935,2025-04-24,Казань, екатеринбург,Авто,474.6,3,3,3658.39,В срок
SHP005427,2025-03-29,Москва,Казань,Авто,126.1,3,3,2671.81,В срок
SHP007396,2025-12-11,Москва,Казань,Авто,88.3,3,3,2495.87,В срок
SHP005292,2025-10-10,Санкт-Петербург,Пермь,Авиа,209.6,2,2,9845.25,В срок
SHP003064,2025-05-27,Москва,Ростов-на-Дону,Железная дорога,574.9,4,4,3695.7,В срок
SHP000031,2025-10-18,Москва,Пермь,Авто,95.6,4,8,2951.43,Задержка
SHP002882,2025-07-26,Новосибирск,Пермь,Авиа,711.3,2,2,13184.42,В срок
SHP006858,2025-09-03,Новосибирск,Екатеринбург,Авто,129.7,4,4,4250.02,В срок
SHP002170,2025-10-18,Москва,Пермь,Авто,204.6,4,4,3139.92,В срок
SHP008801,2025-03-11,Казань,Новосибирск,Авиа,295.1,3,4,14362.54,Задержка
SHP006297,2025-02-12,Москва,Казань,Железная дорога,258.4,3,3,2806.63,В срок
SHP009445,2025-11-25,Казань,Нижний Новгород,Авто,505.5,2,2,2581.36,В срок
SHP001834,2025-12-16,Москва,Санкт-Петербург,Авто,834.9,3,3,3912.8,В срок
SHP002450,2025-06-27,Санкт-Петербург,Екатеринбург,Авто,393.8,5,5,5002.23,В срок
SHP006735,2025-07-12,Москва,Санкт-Петербург,Авто,135.8,3,5,2368.11,Задержка
SHP003885,2025-09-12,Екатеринбург,Казань,Авто,286.3,3,3,3145.92,В срок
SHP009392,2025-07-18,Москва,Уфа,Авто,106.2,4,4,3377.45,В срок
SHP008831,2025-08-30,Москва,Ростов-на-Дону,Авто,296.1,3,2,3793.4,В срок
SHP000019,2025-05-06,Новосибирск,Казань,Железная дорога,182.9,5,5,5417.01,В срок
SHP000654,2025-10-20,Екатеринбург,Новосибирск,Железная дорога,174.5,4,3,3541.66,В срок
SHP003018,2025-06-06,Казань,Пермь,Авто,398.1,2,2,2646.05,В срок
SHP007528,2025-01-05,Екатеринбург,Москва,Авиа,192.3,2,2,10494.33,В срок
SHP007135,2025-06-13,Москва,Казань,Авто,320.2,3,3,3319.89,В срок
SHP003349,2025-09-06,Москва,Новосибирск,Железная дорога,116.2,6,6,6327.82,В срок
SHP001780,2025-11-23,Москва,Казань,Авто,720.4,3,3,4312.82,В срок
SHP000766,2025-01-01,Москва,Санкт-Петербург,Авто,233.7,3,7,2930.75,Задержка
SHP009214,2025-04-24,Екатеринбург,Уфа,Авто,762.6,2,2,3664.85,В срок
SHP007601,2025-04-15,Москва,Ростов-на-Дону,Авто,103.9,3,7,2881.49,Задержка
SHP007693,09.08.2025,Москва,Новосибирск,Железная дорога,166.7,6,6,5978.56,В срок
SHP009536,2025-01-02,Санкт-Петербург,Казань,Авто,116.5,4,8,3535.12,Задержка
SHP004329,2025-03-23,Москва,Уфа,Авто,116.1,4,7,3055.52,Задержка
SHP006152,2025-03-12,Москва,Санкт-Петербург,Авиа,652.8,2,2,8646.93,В срок
SHP000065,2025-02-01,Москва,Казань,Авто,340.2,3,3,3156.98,В срок
SHP000719,2025-10-06,Казань,Нижний Новгород,,533.1,3,3,2743.82,Задержка
SHP008925,2025-10-09,Екатеринбург,Самара,Авто,196.1,3,3,2951.58,В срок
SHP002385,2025-08-16,Москва,Нижний Новгород,Авто,263.7,2,2,2394.08,В срок
SHP005362,2025-07-25,Новосибирск,Екатеринбург,Авто,53.9,4,4,3616.01,В срок
SHP002597,2025-08-14,Москва,Уфа,Железная дорога,338.1,4,8,3300.1,Задержка
SHP000988,2025-04-21,Москва,Нижний Новгород,Железная дорога,162.5,3,3,2275.5,В срок
SHP005650,2025-06-27,Москва,Пермь,Авто,343.2,4,4,4053.85,В срок
SHP000558,2025-07-14,Санкт-Петербург,Нижний Новгород,Авиа,473.4,2,2,8813.26,В срок
SHP006268,2025-12-26,Казань,Ростов-на-Дону,Авто,276.0,4,4,3608.19,В срок
SHP000575,2025-04-17,Новосибирск,Санкт-Петербург,Авиа,351.4,3,3,19386.27,В срок
SHP009140,2025-08-28,Москва,Пермь,Железная дорога,815.0,4,3,4172.36,В срок
SHP004425,2025-02-07,Москва,Казань,Авто,447.9,3,3,3523.67,В срок
SHP002130,2025-03-11,Казань,Пермь,Железная дорога,210.4,3,3,2676.11,В срок
SHP008842,2025-05-08,Москва,Уфа,Железная дорога,297.8,4,5,3220.44,Задержка
SHP008709,2025-06-30,Екатеринбург,Казань,Железная дорога,339.2,3,3,3094.06,В срок
SHP000528,2025-04-28,Санкт-Петербург,Уфа,Авто,203.6,5,8,3785.7,Задержка
SHP006873,2025-09-29,Москва,Екатеринбург,Авто,254.6,4,6,4334.64,Задержка
SHP002115,2025-09-21,Екатеринбург,Казань,Железная дорога,391.4,3,3,3198.44,В срок
SHP006895,2025-05-21,Екатеринбург,Москва,Авиа,458.8,2,2,9834.23,В срок
SHP007076,2025-06-24,Москва,Самара,Железная дорога,175.2,4,4,3072.61,В срок
SHP003546,2025-03-20,Екатеринбург,Самара,Авто,80.3,3,3,2679.54,В срок
SHP008401,2025-06-11,Екатеринбург,Новосибирск,Авто,695.4,4,4,4924.5,В срок
SHP009390,2025-03-30,Санкт-Петербург,Нижний Новгород,Железная дорога,219.8,4,4,3035.86,В срок
SHP006532,2025-10-25,Екатеринбург,Ростов-на-Дону,Авиа,153.8,2,2,11096.01,В срок
SHP002512,2025-12-08,Новосибирск,Казань,АВИА,73.9,3,3,13126.25,В срок
SHP000912,2025-10-03,Казань,Самара,Авто,117.8,2,2,1729.15,В срок
SHP000777,2025-12-07,Москва,Екатеринбург,Авто,142.4,4,7,4078.76,Задержка
SHP006672,2025-12-02,Москва,Ростов-на-Дону,Авиа,258.9,2,2,8431.14,В срок
SHP000576,2025-08-30,Санкт-Петербург,Уфа,Авто,420.4,5,5,4988.8,В срок
SHP006222,2025-08-08,Новосибирск,Пермь,Авто,336.7,5,4,4620.7,В срок
SHP001641,2025-04-09,Санкт-Петербург,Екатеринбург,Железная дорога,198.9,5,5,3829.78,В срок
SHP007392,2025-01-02,Москва,Уфа,Авиа,177.1,2,2,8986.94,В срок
SHP004745,2025-07-11,Екатеринбург,Самара,Железная дорога,82.7,4,4,3042.12,В срок
SHP002009,2025-09-02,Москва,Самара,Авто,170.3,3,2,2898.13,В срок
SHP003812,2025-01-22,Москва,Казань,Авто,201.0,3,3,2710.4,В срок
SHP002037,2025-04-16,Москва,Уфа,Железная дорога,,4,4,3737.06,В срок
SHP009152,2025-01-15,Москва,Казань,Авто,250.0,3,3,2774.4,В срок
SHP006365,2025-03-15,Екатеринбург,Казань,Железная дорога,127.8,3,3,2178.51,В срок
SHP005329,2025-10-25,Москва,Екатеринбург,Железная дорога,172.8,4,4,4175.62,В срок
SHP004956,2025-10-22,Казань,Екатеринбург,Авто,191.4,3,4,2477.73,Задержка
SHP008762,2025-07-23,Москва,Самара,Авиа,178.4,2,2,6787.32,В срок
SHP007487,2025-12-19,Казань,Москва,Авто,443.2,3,4,3321.46,Задержка
SHP007199,2025-11-22,Москва,Уфа,Железная дорога,184.4,4,4,3198.4,В срок
SHP008810,2025-01-24,Москва,Казань,Авто,510.7,3,3,3507.85,В срок
SHP005727,2025-02-16,Москва,Санкт-Петербург,Авто,361.7,3,3,3224.05,В срок
SHP003280,2025-09-08,Москва,Казань,Авто,526.3,3,3,4019.84,В срок
SHP008066,2025-12-18,Санкт-Петербург,Ростов-на-Дону,Авто,573.7,4,4,4545.06,В срок
SHP000896,2025-04-09,Екатеринбург,Санкт-Петербург,Авто,117.0,5,5,4089.53,В срок
SHP003916,2025-08-16,Екатеринбург,Уфа,Авто,291.8,2,2,2385.85,В срок
SHP001242,2025-03-15,Казань,Уфа,Авто,224.0,2,3,2149.45,Задержка
SHP006071,2025-03-28,Москва,новосибирск ,Железная дорога,468.8,6,6,5771.54,В срок
SHP001010,2025-10-15,Москва,Ростов-на-Дону,Авто,174.9,3,2,3070.64,В срок
SHP002258,2025-03-15,Екатеринбург,Казань,Авто,287.3,3,3,2953.47,В срок
SHP000345,2025-04-18,Москва,Новосибирск,Авиа,793.0,3,3,19223.13,В срок
SHP008413,2025-03-02,Москва,Нижний Новгород,Железная дорога,85.0,3,7,-100.0,Задержка
SHP000934,2025-03-21,Москва,Нижний Новгород,Железная дорога,1205.0,3,3,3791.94,Задержка
SHP001495,2025-01-23,Москва,Ростов-на-Дону,Авто,158.7,3,4,3352.48,Задержка
SHP008445,2025-01-03,Москва,Нижний Новгород,Авто,591.9,2,1,2905.45,В срок
SHP005477,2025-09-27,Казань,Нижний Новгород,Авто,169.7,2,2,1779.96,В срок
SHP007223,2025-07-10,Москва,Екатеринбург,Железная дорога,56.7,4,4,3640.7,В срок
SHP005301,2025-09-13,Санкт-Петербург,Уфа,Авто,614.9,5,5,5754.06,В срок
SHP002824,2025-08-30,Казань,Санкт-Петербург,Железная дорога,204.0,4,4,3562.85,В срок
SHP005657,23.05.2025,Москва,Нижний Новгород,Авиа,309.5,2,2,5922.77,В срок
SHP008206,2025-12-25,Москва,Самара,Авиа,221.7,2,6,7139.63,Задержка
SHP006960,2025-08-20,Санкт-Петербург,Нижний Новгород,Авиа,473.5,2,2,9278.2,В срок
SHP005218,2025-04-30,Москва,Пермь,Железная дорога,127.1,4,4,2955.45,В срок
SHP001119,2025-02-23,Санкт-Петербург,Екатеринбург,Авто,228.8,5,5,5167.84,В срок
SHP007647,2025-02-06,Москва,Нижний Новгород,Авто,202.6,2,3,1892.59,Задержка
SHP008496,2025-09-11,Санкт-Петербург,Ростов-на-Дону,Авто,549.4,4,4,5627.66,В срок
SHP002798,2025-05-10,Казань,Екатеринбург,Авто,79.5,3,3,2661.01,В срок
SHP007412,2025-03-05,Санкт-Петербург,Ростов-на-Дону,Железная дорога,87.2,5,5,3541.28,В срок
SHP008997,2025-03-13,Санкт-Петербург,Екатеринбург,Железная дорога,148.4,5,4,3853.87,В срок
SHP004027,2025-08-30,Казань,Санкт-Петербург,Авто,221.2,4,4,3479.21,В срок
SHP007788,2025-09-05,Санкт-Петербург,Ростов-на-Дону,Авиа,149.9,2,2,9639.33,В срок
SHP008351,2025-05-23,Новосибирск,Уфа,Авто,303.7,5,5,4237.48,В срок
SHP005724,2025-01-27,Москва,Санкт-Петербург,Авто,73.2,3,3,2190.91,В срок
SHP005895,2025-05-27,Казань,Самара,Авто,194.0,2,2,1909.83,В срок
SHP004222,2025-07-19,Москва,Уфа,Авиа,65.9,2,1,8478.25,В срок
SHP009768,2025-10-09,Казань,Санкт-Петербург,Авто,1131.7,4,3,6329.98,В срок
SHP006792,2025-11-05,Санкт-Петербург,Екатеринбург,Железная дорога,82.1,5,4,3866.88,В срок
SHP000397,2025-01-23,Казань,Новосибирск,Железная дорога,241.7,5,7,4262.85,Задержка
SHP004834,2025-07-22,Москва,Уфа,Авиа,1800.0,2,2,17975.4,В срок
SHP006332,2025-09-23,Москва,Новосибирск,Авиа,210.8,3,3,17363.47,В срок
SHP007307,2025-07-01,Санкт-Петербург,Екатеринбург,Железная дорога,192.2,5,5,3745.05,В срок
SHP004435,2025-06-02,Новосибирск,Пермь,Авто,96.4,5,5,3976.71,В срок
SHP002641,2025-06-13,Казань,Новосибирск,Авиа,87.8,3,3,12235.32,В срок
SHP009623,2025-01-05,Новосибирск,Уфа,Авто,469.6,5,5,4671.7,В срок
SHP000308,2025-08-10,Екатеринбург,Пермь,Авто,221.7,2,2,2324.81,В срок
SHP002032,2025-01-26,Москва,Екатеринбург,Авто,203.0,4,5,3656.66,Задержка
SHP008941,2025-12-18,Казань,Нижний Новгород,Авто,526.4,2,6,2716.36,Задержка
SHP000247,2025-11-23,Москва,Казань,Авто,524.7,3,3,3522.53,В срок
SHP007167,2025-11-02,Казань,Екатеринбург,Авто,190.9,3,3,2592.7,В срок
SHP001931,2025-06-09,Москва,Нижний Новгород,Авиа,165.1,2,2,5137.32,В срок
SHP007146,2025-05-02,Санкт-Петербург,Казань,Железная дорога,148.1,4,4,3230.71,В срок
SHP007071,2025-02-17,Москва,Нижний Новгород,Авто,101.1,2,6,1965.2,Задержка
SHP002620,2025-03-23,Москва,Пермь,Железная дорога,110.3,4,4,2933.39,В срок
SHP005389,2025-04-13,Казань,Уфа,Авто,114.4,2,6,2122.92,Задержка
SHP008786,2025-04-21,Санкт-Петербург,Казань,Железная дорога,564.5,4,4,4089.15,В срок
SHP001006,2025-03-06,Москва,Пермь,Авто,261.5,4,3,3459.95,В срок
SHP004776,2025-06-30,Новосибирск,Москва,Железная дорога,861.7,6,6,7713.05,В срок
SHP006563,2025-11-22,Казань,Екатеринбург,Железная дорога,365.4,3,4,3122.27,Задержка
SHP005976,2025-09-11,Екатеринбург,Москва,Железная дорога,152.5,4,4,3777.04,В срок
SHP009278,2025-12-18,Москва,Пермь,Авиа,158.0,2,2,9182.39,В срок
SHP002634,2025-05-23,Екатеринбург,Самара,Авто,595.3,3,3,4134.13,В срок
SHP002314,2025-04-01,Санкт-Петербург,Нижний Новгород,Железная дорога,345.8,4,3,3203.83,В срок
SHP005092,2025-12-22,Москва,Самара,Авиа,444.9,2,2,8211.55,В срок
SHP000615,2025-07-04,Москва,Нижний Новгород,Авто,304.5,2,2,2528.96,В срок
SHP001914,2025-04-15,Москва,Ростов-на-Дону,Авиа,307.9,2,2,9183.7,В срок
SHP005721,2025-07-29,Москва,Ростов-на-Дону,Авиа,643.0,2,2,10654.93,В срок
SHP002204,2025-07-08,Москва,Екатеринбург,Авиа,266.5,2,2,11025.15,В срок
SHP006545,2025-07-04,Екатеринбург,Самара,Авто,44.1,3,4,2583.53,Задержка
SHP002329,2025-03-09,Москва,Пермь,Авто,148.9,4,4,3228.64,В срок
SHP002072,2025-11-12,Москва,Самара,Авто,476.2,3,3,3628.39,В срок
SHP005512,2025-06-22,Новосибирск,Ростов-на-Дону,Железная дорога,50000.0,7,7,6124.25,В срок
SHP007831,2025-12-17,Новосибирск,Ростов-на-Дону,Железная дорога,84.5,7,7,5878.51,В срок
SHP004051,2025-12-24,Москва,Санкт-Петербург,Железная дорога,417.5,3,6,3109.22,Задержка
SHP005251,2025-02-20,Москва,Ростов-на-Дону,Авто,119.4,3,3,2921.14,В срок
SHP003633,2025-06-12,Новосибирск,Москва,Железная дорога,72.8,6,6,5669.36,В срок
SHP006534,2025-08-20,Екатеринбург,Ростов-на-Дону,Авто,513.2,5,5,5251.91,В срок
SHP004031,2025-10-29,Санкт-Петербург,Ростов-на-Дону,Железная дорога,325.9,5,5,3994.9,В срок
SHP001123,2025-06-03,Москва,Ростов-на-Дону,Авто,66.9,3,2,2824.18,В срок
SHP006378,2025-04-30,Казань,Санкт-Петербург,Железная дорога,415.9,4,4,3909.74,В срок
SHP008314,2025-04-02,Екатеринбург,Ростов-на-Дону,Железная дорога,164.7,5,5,3777.66,В срок
SHP008495,2025-01-24,Казань,Москва,Авто,218.4,3,6,2848.78,Задержка
SHP003313,2025-08-27, москва ,Екатеринбург,Авиа,311.9,2,1,11921.97,В срок
SHP003760,2025-09-25,Москва,Пермь,Авто,147.2,4,6,3312.24,Задержка
SHP005899,2025-08-27,Казань,Санкт-Петербург,Авто,140.5,4,4,3088.37,В срок
SHP000343,2025-11-22,Екатеринбург,Новосибирск,Железная дорога,528.3,4,4,4572.56,В срок
SHP009503,2025-01-24,Москва,Новосибирск,Авиа,110.5,3,3,15745.3,В срок
SHP004815,2025-08-21,Санкт-Петербург,Самара,Авто,213.6,4,4,4362.35,В срок
SHP000961,2025-04-05,Москва,Самара,Железная дорога,70.9,4,4,2361.5,В срок
SHP004135,2025-04-23,Москва,Екатеринбург,Авиа,72.9,2,2,10004.32,В срок
SHP001760,2025-11-13,Москва,Казань,Авто,95.4,3,3,2626.76,В срок
SHP006444,2025-05-13,Екатеринбург,Самара,Авто,96.3,3,6,2326.86,Задержка
SHP000999,2025-08-06,Москва,Пермь,Авиа,337.0,2,6,10745.58,Задержка
SHP006376,2025-03-01,Санкт-Петербург,Нижний Новгород,Авиа,172.0,2,2,8478.17,В срок
SHP002410,2025-07-12,Москва,Самара,Авто,316.8,3,3,3333.47,В срок
SHP005263,2025-01-11,Москва,Уфа,Авиа,188.6,2,2,7859.54,В срок
SHP006724,2025-05-21,Новосибирск,Самара,Железная дорога,292.5,5,5,5000.9,В срок
SHP009438,2025-03-23,Москва,Ростов-на-Дону,Авто,209.8,3,2,3419.63,В срок
SHP000604,2025-12-22,Москва,Екатеринбург,Железная дорога,313.2,4,7,3807.27,Задержка
SHP007652,2025-04-04,Москва,Нижний Новгород,Авиа,365.9,2,2,6036.25,В срок
SHP003693,2025-04-12,Казань,Нижний Новгород,Авто,356.5,2,2,2061.13,В срок
SHP005839,2025-06-01,Санкт-Петербург,Казань,Авто,249.4,4,4,3953.14,В срок
SHP000298,2025-11-15,Москва,Казань,Авто,161.4,3,4,2818.96,Задержка
SHP004038,2025-01-27,Санкт-Петербург,Пермь,Авто,311.6,4,3,4526.23,В срок
SHP002965,2025-09-19,Москва,Пермь,Железная дорога,167.0,4,4,3099.65,В срок
SHP002510,12.07.2025,Екатеринбург,Казань,Авто,131.4,3,3,2419.37,В срок
SHP002163,2025-01-31,Москва,Екатеринбург,Авиа,282.6,2,2,10356.72,В срок
SHP004064,2025-08-02,Новосибирск,Ростов-на-Дону,Авиа,95.8,3,3,17039.17,В срок
SHP000640,2025-10-20,Санкт-Петербург,Москва,Авто,139.3,3,3,2320.47,В срок
SHP004614,2025-04-10,Новосибирск,Ростов-на-Дону,Авиа,378.1,3,2,18990.47,В срок
SHP002335,2025-07-06,Казань,Ростов-на-Дону,Авто,150.3,4,8,3792.38,Задержка
SHP006190,2025-08-21,Екатеринбург,Казань,Железная дорога,288.3,3,3,2541.72,В срок
SHP002053,2025-12-28,Новосибирск,Ростов-на-Дону,Авиа,189.5,3,3,18455.02,В срок
SHP006151,2025-08-06,Екатеринбург,Санкт-Петербург,Железная дорога,98.7,5,5,3761.01,В срок
SHP002779,2025-11-19,Новосибирск,Санкт-Петербург,Железная дорога,545.4,7,7,6628.84,В срок
SHP008013,2025-07-21,Санкт-Петербург,Москва,Авто,242.0,3,3,2828.69,В срок
SHP006409,2025-02-04,Москва,Пермь,Авто,340.6,4,4,4149.26,В срок
SHP009646,2025-05-15,Екатеринбург,Москва,Железная дорога,302.9,4,5,3975.14,Задержка
SHP009062,2025-01-13,Санкт-Петербург,Нижний Новгород,Авто,293.7,3,3,3436.79,В срок
SHP009036,2025-04-24,Санкт-Петербург,Ростов-на-Дону,Железная дорога,133.1,5,5,4135.91,В срок
SHP000757,2025-02-01,Москва,Казань,Авиа,262.6,2,2,7504.88,В срок
SHP008007,2025-06-25,Москва,Новосибирск,Железная дорога,534.3,6,6,5855.67,В срок
SHP000650,2025-09-03,Москва,Екатеринбург,Железная дорога,1192.8,4,5,4906.7,Задержка
SHP000164,2025-01-07,Казань,Екатеринбург,Железная дорога,225.1,3,3,2606.42,В срок
SHP000092,2025-08-10,Москва,Нижний Новгород,Авто,117.9,2,2,1959.38,В срок
SHP006652,2025-01-11,Новосибирск,Самара,Железная дорога,628.6,5,9,5305.65,Задержка
SHP006082,2025-06-07,Санкт-Петербург,Пермь,Авто,290.5,4,6,4605.82,Задержка
SHP003206,2025-03-22,Санкт-Петербург,Ростов-на-Дону,Авто,1209.0,4,5,6192.97,Задержка
SHP008123,2025-10-30,Москва,Ростов-на-Дону,Авиа,194.2,2,1,7650.17,В срок
SHP001663,2025-08-08,Екатеринбург,Новосибирск,Железная дорога,113.4,4,4,3427.32,В срок
SHP009056,2025-01-21,Москва,Нижний Новгород,Железная дорога,632.2,3,2,2697.1,В срок
SHP005786,2025-07-03,Новосибирск,Нижний Новгород,Железная дорога,180.9,6,8,5208.35,Задержка
SHP000659,2025-04-09,Москва,Уфа,Авто,239.2,4,4,3791.81,В срок
SHP004903,2025-03-01,Екатеринбург,Самара,Авто,288.3,3,3,3316.88,В срок
SHP005898,2025-11-21,Москва,Самара,Авиа,519.7,2,2,9837.49,В срок
SHP000710,2025-06-20,Москва,Самара,Авто,276.2,3,3,2975.7,В срок
SHP005078,2025-06-02,Москва,Уфа,Железная дорога,70.6,4,7,2303.84,Задержка
SHP007887,2025-08-04,Екатеринбург,Уфа,Авто,493.3,2,2,2517.06,В срок
SHP001855,2025-11-05,Казань,Санкт-Петербург,Авиа,455.3,2,2,10883.46,В срок
SHP004458,2025-08-12,Москва,Пермь,Железная дорога,314.1,4,4,3367.7,В срок
SHP002649,2025-05-12,Казань,Нижний Новгород,Авто,652.3,2,3,3186.34,Задержка
SHP006083,2025-08-29,Новосибирск,Нижний Новгород,Авиа,99.7,3,3,13307.6,В срок
SHP002565,2025-07-20,Москва,Санкт-Петербург,Железная дорога,324.5,3,3,2492.49,В срок
SHP005777,2025-11-24,Москва,Самара,Железная дорога,287.9,4,4,2919.78,В срок
SHP002771,2025-10-31,Казань,Ростов-на-Дону,Авто,308.0,4,7,3501.11,Задержка
SHP009372,2025-03-05,Москва,Уфа,Авиа,403.7,2,2,11239.45,В срок
SHP009901,2025-07-27,Москва,Санкт-Петербург,Авто,472.5,3,3,3548.62,В срок
SHP008573,2025-04-26,Москва,Ростов-на-Дону,Железная дорога,292.0,4,3,3336.0,В срок
SHP008515,2025-01-27,Санкт-Петербург,Самара,Авиа,1140.4,2,2,17235.89,В срок
SHP000917,2025-09-09,Москва,Уфа,Железная дорога,245.5,4,4,3533.64,В срок
SHP005243,2025-11-02,Казань,Самара,Авто,1518.3,2,2,4773.1,В срок
SHP003957,2025-02-01,Москва,Уфа,Авто,434.6,4,7,4499.48,Задержка
SHP000786,2025-03-23,Москва,Ростов-на-Дону,Железная дорога,424.5,4,4,3325.4,В срок
SHP009535,2025-10-24,Екатеринбург,Ростов-на-Дону,Железная дорога,169.9,5,5,3543.72,В срок
SHP004909,2025-06-16,Казань,Санкт-Петербург,Авто,733.2,4,4,5305.29,В срок
SHP006260,2025-02-21,Москва,Пермь,Железная дорога,930.9,4,3,4249.36,В срок
SHP007567,2025-05-11,Москва,Ростов-на-Дону,Авто,188.0,3,3,2929.73,В срок
SHP007466,2025-06-22,Москва,Ростов-на-Дону,Авто,175.4,3,2,3039.98,В срок
SHP008725,2025-03-05,Казань,Ростов-на-Дону,Железная дорога,358.8,4,4,3280.28,в срок 
SHP004510,2025-01-06,Москва,Нижний Новгород,Железная дорога,192.9,3,3,2189.54,В срок
SHP000292,2025-08-26,Новосибирск,Москва,Авиа,104.7,3,3,16440.93,В срок
SHP008742,2025-03-11,Москва,Санкт-Петербург,Авто,340.0,3,3,3186.14,В срок
SHP005168,2025-02-09,Санкт-Петербург,Ростов-на-Дону,Авто,187.9,4,4,3982.24,В срок
SHP008474,2025-05-25,Москва,Самара,Железная дорога,140.1,4,3,2475.81,В срок
SHP009191,2025-07-10,Москва,Ростов-на-Дону,Авто,391.9,3,3,3619.31,В срок
SHP007077,2025-10-07,Москва,Нижний Новгород,Авто,195.1,2,2,1687.31,В срок
SHP001847,2025-09-02,Екатеринбург,Пермь,авто ,623.6,2,6,3095.44,Задержка
SHP000405,2025-01-25,Москва,Нижний Новгород,Железная дорога,143.1,3,3,2294.9,В срок
SHP000484,2025-05-24,Санкт-Петербург,Москва,Авто,310.3,3,3,2967.62,В срок
SHP007225,2025-05-21,Москва,Уфа,Авиа,371.7,2,2,9522.83,В срок
SHP001763,2025-12-14,Екатеринбург,Москва,Авто,685.5,4,4,5269.46,В срок
SHP004910,2025-07-10,Москва,Екатеринбург,Железная дорога,229.0,4,3,3243.27,В срок
SHP009070,2025-04-27,Екатеринбург,Казань,Авто,398.5,3,2,3193.59,В срок
SHP000468,2025-07-20,Москва,Нижний Новгород,Авиа,71.2,2,2,4638.94,В срок
SHP009079,2025-02-26,Екатеринбург,Самара,Авто,830.8,3,3,4512.42,В срок
SHP002908,2025-10-29,Москва,Санкт-Петербург,Железная дорога,264.4,3,3,2808.44,В срок
SHP007542,2025-09-11,Санкт-Петербург,Новосибирск,Авиа,806.3,3,3,21181.19,В срок
SHP006303,2025-11-10,Екатеринбург,Ростов-на-Дону,Авиа,188.5,2,2,12470.16,В срок
SHP005285,2025-07-24,Москва,Ростов-на-Дону,Железная дорога,429.2,4,4,3127.13,В срок
SHP009127,2025-10-26,Москва,Санкт-Петербург,Авто,156.2,3,3,2230.49,В срок
SHP004110,2025-08-12,Москва,Самара,Железная дорога,272.3,4,4,3103.16,В срок
SHP004516,2025-05-04,Москва,Казань,Железная дорога,143.5,3,3,2706.55,В срок
SHP000733,2025-04-19,Екатеринбург,Нижний Новгород,Авиа,321.3,2,1,9425.31,В срок
SHP000868,2025-04-23,Москва,Казань,Авто,265.4,3,3,2984.47,В срок
SHP000189,2025-02-01,Санкт-Петербург,Пермь,Железная дорога,251.8,5,5,3707.22,В срок
SHP001101,2025-10-27,Санкт-Петербург,Новосибирск,Железная дорога,105.2,7,7,6546.94,В срок
SHP007633,2025-02-24,Москва,Уфа,Железная дорога,40.2,4,4,2581.21,В срок
SHP003001,2025-02-16,Москва,Уфа,Авто,73.0,4,4,3225.19,В срок
SHP008567,2025-09-03,Екатеринбург,Уфа,Авто,244.9,2,2,2086.19,В срок
SHP002233,2025-10-17,Москва,Казань,Авиа,606.8,2,2,9133.76,В срок
SHP008820,2025-07-11,Москва,Ростов-на-Дону,Железная дорога,462.9,4,4,3399.12,В срок
SHP007905,2025-09-16,Москва,Пермь,Авиа,304.7,2,2,8779.22,В срок
SHP008035,2025-07-06,Казань,Ростов-на-Дону,Железная дорога,323.9,4,3,3398.98,В срок
SHP008131,2025-07-16,Екатеринбург,Ростов-на-Дону,Авиа,194.3,2,2,11788.42,В срок
SHP007461,2025-08-10,Казань,Ростов-на-Дону,Авто,174.7,4,4,3311.89,В срок
SHP006179,2025-07-18,Москва,Санкт-Петербург,Авто,506.8,3,3,3596.67,В срок
SHP009835,2025-01-04,Санкт-Петербург,Ростов-на-Дону,Авиа,417.1,2,2,12960.75,В срок
SHP008440,2025-01-30,Москва,Самара,Авто,358.5,3,3,3137.74,В срок
SHP004628,2025-03-10,Санкт-Петербург,Уфа,Авиа,235.3,2,2,11442.68,В срок
SHP003360,2025-10-01,Москва,Уфа,Авто,316.6,4,6,4013.12,Задержка
SHP007237,2025-03-04,Москва,Ростов-на-Дону,Железная дорога,429.0,4,4,3445.24,В срок
SHP006183,2025-09-01,Екатеринбург,Ростов-на-Дону,Авто,240.5,5,5,5394.39,В срок
SHP005656,2025-07-28,Санкт-Петербург,Ростов-на-Дону,Железная дорога,250.6,5,5,3653.69,В срок
SHP004607,2025-08-29,Москва,Пермь,Железная дорога,197.2,4,4,3291.39,В срок
SHP001788,2025-12-02,Москва,Самара,Железная дорога,318.1,4,4,3123.44,В срок
SHP007595,2025-05-26,Москва,Нижний Новгород,Авто,154.7,2,2,1985.25,В срок
SHP003187,2025-04-22,Казань,санкт-петербург,Железная дорога,162.6,4,4,3305.62,В срок
SHP008961,2025-01-03,Москва,Нижний Новгород,авто ,435.3,2,5,2652.62,Задержка
SHP006790,2025-10-14,Санкт-Петербург,Москва,Авто,93.7,3,3,2268.79,В срок
SHP004719,2025-09-11,Казань,Новосибирск,Авиа,236.7,3,3,13814.39,В срок
SHP000661,31.12.2025,Екатеринбург,Ростов-на-Дону,Авиа,58.5,2,1,11462.51,В срок
SHP001132,2025-11-15,Санкт-Петербург,Самара,Железная дорога,354.9,4,6,3970.41,Задержка
SHP002963,2025-05-25,Екатеринбург,Москва,Авто,86.2,4,4,4029.05,В срок
SHP005467,2025-02-14,Москва,Уфа,Авиа,205.7,2,2,8004.35,В срок
SHP002263,2025-08-16,Москва,Уфа,Железная дорога,371.4,4,4,3574.05,В срок
SHP000986,2025-04-14,Санкт-Петербург,Екатеринбург,Железная дорога,409.3,5,5,4234.86,В срок
SHP003240,2025-12-07,Казань,Екатеринбург,Авто,68.3,3,5,2748.4,Задержка
SHP004893,2025-05-09,Санкт-Петербург,Екатеринбург,Авиа,251.7,2,2,12772.56,В срок
SHP009087,2025-08-26,Москва,Санкт-Петербург,Авто,133.9,3,3,2516.09,В срок
SHP006640,2025-12-11,Санкт-Петербург,Пермь,Авиа,384.0,2,2,12231.55,В срок
SHP003084,2025-12-19,Санкт-Петербург,Москва,Авто,123.1,3,6,2284.95,Задержка
SHP006932,2025-12-25,Казань,Нижний Новгород,Железная дорога,206.5,3,3,2227.95,В срок
SHP002451,21.10.2025,Москва,Пермь,Железная дорога,89.9,4,4,2910.27,В срок
SHP005804,2025-06-23,Москва,Пермь,Железная дорога,104.8,4,5,3122.11,Задержка
SHP000158,2025-05-10,Москва,Самара,Авиа,266.7,2,3,7080.82,Задержка
SHP008529,2025-05-27,Екатеринбург,Ростов-на-Дону,Железная дорога,326.7,5,4,3612.3,В срок
SHP007121,2025-06-13,Казань,Екатеринбург,Железная дорога,148.6,3,3,2705.91,В срок
SHP003933,2025-11-06,Казань,Самара,Железная дорога,669.0,3,3,2751.44,В срок
SHP003921,2025-02-08,Екатеринбург,нижний новгород,Железная дорога,623.0,4,4,3595.5,В срок
SHP008708,2025-06-01,Москва,Санкт-Петербург,Авто,318.6,3,4,2837.71,Задержка
SHP007811,2025-07-22,Екатеринбург,Новосибирск,Железная дорога,255.9,4,7,3317.24,Задержка
SHP007185,2025-04-12,Москва,Пермь,Авиа,119.6,2,2,9801.59,В срок
SHP005799,2025-01-14,Москва,Новосибирск,Железная дорога,412.8,6,6,5385.19,В срок
SHP007708,2025-01-27,Санкт-Петербург,Екатеринбург,Железная дорога,180.5,5,6,4504.58,Задержка
SHP006062,2025-03-30,Екатеринбург,Новосибирск,Авиа,241.1,2,5,10209.52,Задержка
SHP000564,2025-08-29,Москва,Нижний Новгород,Железная дорога,117.2,3,5,2382.46,Задержка
SHP005946,2025-07-01,Новосибирск,Пермь,Авиа,83.5,2,2,10330.15,В срок
SHP004096,2025-10-21,Москва,Самара,Авто,112.4,3,3,2524.97,В срок
SHP005988,2025-09-21,Москва,Казань,Авто,140.9,3,3,2623.83,В срок
SHP003085,2025-12-27,Москва,Ростов-на-Дону,Авто,186.3,3,3,3163.12,В срок
SHP008337,2025-12-19,Казань,Самара,Авто,51.1,2,6,1426.8,Задержка
SHP006197,2025-10-21,Москва,Санкт-Петербург,Железная дорога,123.6,3,3,2676.27,В срок
SHP001651,2025-08-05,Москва,Екатеринбург,Железная дорога,558.5,4,4,4017.93,В срок
SHP008947,2025-04-10,Казань,Екатеринбург,Железная дорога,218.1,3,3,2542.61,В срок
SHP004336,2025-04-03,Екатеринбург,Новосибирск,Железная дорога,306.0,4,4,3601.63,В срок
SHP000963,2025-01-13,Санкт-Петербург,Уфа,Железная дорога,294.9,5,5,3912.01,В срок
SHP004253,11.12.2025,Санкт-Петербург,Казань,Авто,115.4,4,3,3891.06,В срок
SHP007374,2025-02-07,Москва,Санкт-Петербург,Железная дорога,236.5,3,3,2815.31,В срок
SHP001768,2025-10-01,Казань,Новосибирск,Железная дорога,476.7,5,5,4908.52,В срок
SHP003767,2025-10-10,Санкт-Петербург,Пермь,Железная дорога,184.8,5,5,3575.29,В срок
SHP007037,2025-10-16,Москва,Санкт-Петербург,Авто,613.1,3,3,3772.3,В срок
SHP001505,2025-12-15,Москва,Нижний Новгород,Авто,637.4,2,2,3557.86,В срок
SHP009840,2025-08-03,Москва,Самара,Железная дорога,51.1,4,4,2658.06,в срок 
SHP000319,2025-12-22,Санкт-Петербург,Москва,Авто,207.2,3,3,2379.87,В срок
SHP009313,2025-03-18,Екатеринбург,Ростов-на-Дону,Авто,417.3,5,5,5917.88,В срок
SHP000040,2025-09-01,Москва,Новосибирск,Авиа,867.5,3,3,18989.45,Задержка
SHP003761,2025-12-25,Москва,Новосибирск,Железная дорога,121.1,6,6,5059.66,В срок
SHP004431,2025-07-29,Новосибирск,Москва,Авиа,133.7,3,3,19197.2,В срок
SHP001058,2025-03-19,Санкт-Петербург,Пермь,Авто,318.2,4,4,4272.51,В срок
SHP001966,2025-10-10,Санкт-Петербург,Ростов-на-Дону,Авто,207.2,4,3,4591.27,В срок
SHP006298,2025-06-20,Москва,Ростов-на-Дону,Авто,208.4,3,3,3288.61,В срок
SHP008646,2025-08-07,Новосибирск,Екатеринбург,Железная дорога,171.5,4,4,3507.36,В срок
SHP004773,2025-10-13,Санкт-Петербург,Уфа,Авто,107.5,5,7,3722.47,Задержка
SHP001837,2025-11-10,Москва,Екатеринбург,Авто,265.7,4,4,3988.06,В срок
SHP007337,2025-10-13,Санкт-Петербург,Ростов-на-Дону,Железная дорога,410.2,5,5,3819.15,В срок
SHP009344,2025-01-14,Москва,Пермь,Авто,80.8,4,4,3872.98,В срок
SHP005357,2025-11-11,Москва,Ростов-на-Дону,Авто,83.2,3,3,2843.49,В срок
SHP002589,2025-05-06,Екатеринбург,Самара,Авто,150.0,3,3,2719.1,В срок
SHP008468,15.08.2025,Екатеринбург,Нижний Новгород,АВИА,638.2,2,2,12348.77,В срок
SHP009409,2025-12-08,Санкт-Петербург,Пермь,Авто,168.9,4,4,4199.29,В срок
SHP002049,2025-02-18,Москва,Пермь,Авто,300.4,4,6,3990.5,Задержка
SHP002575,2025-11-16,Казань,Новосибирск,Железная дорога,333.6,5,5,5019.38,В срок
SHP002982,2025-02-27,Казань,Новосибирск,Железная дорога,142.0,5,8,3797.43,Задержка
SHP001950,2025-11-17,Москва,Самара,Авто,187.4,3,3,3240.96,В срок
SHP008482,2025-08-18,Москва,Новосибирск,Железная дорога,811.8,6,5,5944.08,В срок
SHP001330,2025-09-28,Санкт-Петербург,Ростов-на-Дону,Железная дорога,424.8,5,7,4600.52,Задержка
SHP008748,2025-02-09,Екатеринбург,Самара,Авто,36.5,3,4,2461.19,Задержка
SHP005167,2025-03-28,Москва,Пермь,Авто,700.2,4,4,4569.32,В срок
SHP002429,2025-06-15,Санкт-Петербург,Казань,Железная дорога,92.9,4,6,3052.78,Задержка
SHP002720,2025-04-03,Екатеринбург,Новосибирск,Авто,100.3,4,4,3526.96,В срок
SHP006322,2025-04-27,Екатеринбург,Москва,Железная дорога,423.0,4,5,3919.45,Задержка
SHP004258,2025-11-17,Москва,Екатеринбург,Железная дорога,969.3,4,4,4694.63,В срок
SHP005465,2025-05-15,Москва,Новосибирск,Железная дорога,252.6,6,6,5449.9,В срок
SHP009528,2025-07-07,Москва,Ростов-на-Дону,Авто,415.2,3,3,4096.48,В срок
SHP000554,2025-07-25,Санкт-Петербург,Новосибирск,Авиа,157.3,3,3,,В срок
SHP000932,2025-11-21,Екатеринбург,Пермь,Авто,228.1,2,2,1848.33,В срок
SHP005926,2025-04-29,Москва,Пермь,Авиа,134.3,2,2,7797.29,В срок
SHP006579,2025-10-08,Москва,Екатеринбург,Авиа,350.6,2,2,11621.85,В срок
SHP002833,2025-09-09,Екатеринбург,Ростов-на-Дону,Авто,697.3,5,5,5754.73,В срок
SHP009804,2025-10-26,Москва,Самара,Авто,79.2,3,3,2791.99,В срок
SHP000623,2025-09-22,Санкт-Петербург,Казань,Железная дорога,873.6,4,4,5083.2,В срок
SHP007024,2025-02-14,Екатеринбург,Новосибирск,Железная дорога,213.0,4,5,3920.07,Задержка
SHP008158,2025-02-15,Санкт-Петербург,Казань,Авто,661.3,4,4,4969.75,В срок
SHP000355,2025-04-04,Москва,Екатеринбург,Авто,467.1,4,4,4585.77,В срок
SHP002358,2025-05-01,Москва,Санкт-Петербург,Авто,619.3,3,2,4454.93,В срок
SHP003824,2025-04-18,Казань,Новосибирск,Авиа,601.9,3,3,17246.95,В срок
SHP005863,2025-07-27,Москва,Уфа,Авто,517.9,4,3,4447.7,В срок
SHP000964,2025-04-11,Москва,Самара,Железная дорога,319.9,4,4,2980.41,В срок
SHP000027,2025-12-09,Москва,Нижний Новгород,Авто,84.5,2,2,2098.39,В срок
SHP000364,2025-09-24,Новосибирск,Пермь,Железная дорога,596.8,5,7,4732.83,Задержка
SHP005645,2025-05-06,Москва,Казань,Железная дорога,441.7,3,6,3149.1,Задержка
SHP007593,2025-02-27,Казань,Самара,Железная дорога,302.5,3,3,2259.1,В срок
SHP004321,2025-07-22,Москва,Пермь,Железная дорога,101.6,4,4,3054.47,В срок
SHP007115,2025-08-29,Москва,Уфа,Авто,785.0,4,7,4684.25,Задержка
SHP004484,2025-12-27,Москва,Санкт-Петербург,Авиа,662.6,2,5,9701.99,Задержка
SHP007179,2025-01-02,Казань,Новосибирск,Авиа,535.3,3,3,15294.36,В срок
SHP006673,2025-09-24,Новосибирск,Екатеринбург,Авиа,727.2,2,2,12944.5,В срок
SHP009756,2025-09-09,Екатеринбург,Самара,Авто,52.3,3,5,2374.16,Задержка
SHP000847,2025-04-18,Екатеринбург,Ростов-на-Дону,Авто,560.3,5,5,5657.66,В срок
SHP007011,2025-06-16,Санкт-Петербург,Самара,Железная дорога,105.1,4,6,3286.99,Задержка
SHP007442,2025-06-29,Москва,Екатеринбург,Железная дорога,288.3,4,4,3796.48,В срок
SHP002117,2025-02-28,Москва,Новосибирск,Авиа,198.8,3,3,15780.49,В срок
SHP002221,2025-02-14,Москва,Новосибирск,Железная дорога,313.6,6,6,5038.08,В срок
SHP006033,2025-10-01,Новосибирск,Самара,Авто,929.5,6,7,6595.01,Задержка
SHP006953,2025-01-14,Москва,Санкт-Петербург,Авто,120.7,3,5,2310.63,Задержка
SHP000326,2025-10-06,Москва,Ростов-на-Дону,Железная дорога,45.6,4,4,2532.76,В срок
SHP006964,2025-03-26,Казань,Москва,Авто,128.2,3,3,2624.25,В срок
SHP007724,2025-06-27,Екатеринбург,Казань,Железная дорога,255.4,3,2,2778.68,В срок
SHP004408,2025-11-07,Москва,Екатеринбург,Авто,308.6,4,3,3927.67,В срок
SHP004505,2025-11-18,Москва,уфа ,Авто,,4,4,2997.91,В срок
SHP004325,2025-12-04,Казань,Санкт-Петербург,Авиа,202.3,2,2,9337.55,В срок
SHP006257,2025-08-31,Москва,Пермь,Железная дорога,92.5,4,3,3297.23,в срок 
SHP003097,2025-07-12,Москва,Уфа,Железная дорога,230.6,4,4,2794.18,В срок
SHP005831,2025-12-13,Казань,Ростов-на-Дону,Железная дорога,202.0,4,7,3565.78,Задержка
SHP001934,2025-10-05,Санкт-Петербург,Екатеринбург,Авто,398.9,5,5,4793.7,В срок
SHP007968,2025-01-18,Москва,Санкт-Петербург,Авиа,83.9,2,2,6179.92,В срок
SHP005377,2025-03-11,Москва,Уфа,Авто,293.8,4,4,3745.24,В срок
SHP001943,2025-03-12,Москва,Уфа,Авто,281.2,4,8,3739.56,Задержка
SHP008501,2025-09-03,Москва,Новосибирск,Железная дорога,389.9,6,6,5772.92,В срок
SHP000527,2025-05-08,Новосибирск,Пермь,Железная дорога,409.8,5,7,4514.99,Задержка
SHP003851,2025-03-05,Санкт-Петербург,Пермь,Железная дорога,470.4,5,8,4261.76,Задержка
SHP003201,2025-09-05,Москва,Казань,Авто,501.5,3,3,3599.97,В срок
SHP002791,2025-02-15,Москва,Нижний Новгород,Авто,533.5,2,3,2837.11,Задержка
SHP002787,2025-10-10,Москва,Новосибирск,Железная дорога,61.3,6,5,6360.45,В срок
SHP001581,2025-01-02,Москва,Самара,Железная дорога,120.3,4,8,2428.27,Задержка
SHP006496,2025-05-28,Екатеринбург,санкт-петербург,Железная дорога,212.1,5,8,3693.98,Задержка
SHP004899,2025-05-26,Екатеринбург,Москва,Железная дорога,360.5,4,4,3642.22,В срок
SHP002977,2025-07-20,Екатеринбург,Москва,Авто,70.0,4,4,3793.93,В срок
SHP005818,2025-11-05,Санкт-Петербург,Ростов-на-Дону,Железная дорога,187.2,5,5,3721.57,В срок
SHP006321,2025-12-16,Казань,Новосибирск,Железная дорога,1334.9,5,5,5732.64,В срок
SHP000219,2025-01-06,Казань,Нижний Новгород,Авто,506.5,2,2,,В срок
SHP005400,05.03.2025,Новосибирск,Екатеринбург,Железная дорога,242.1,4,3,3514.79,В срок
SHP007280,2025-05-23,Москва,Казань,Авто,372.7,3,3,3050.17,В срок
SHP004905,2025-10-26,Санкт-Петербург,Уфа,Авиа,778.1,2,2,13086.56,В срок
SHP006708,2025-11-24,Москва,Новосибирск,Железная дорога,524.0,6,6,5844.48,В срок
SHP003712,2025-07-15,Новосибирск,Екатеринбург,Железная дорога,490.4,4,4,3864.51,В срок
SHP008965,2025-12-25,Санкт-Петербург,Москва,Авто,51.6,3,3,2237.9,В срок
SHP005741,2025-06-18,Екатеринбург,Ростов-на-Дону,Железная дорога,259.1,5,5,4209.96,В срок
SHP006973,2025-02-20,Москва,Ростов-на-Дону,Железная дорога,331.5,4,4,3156.86,В срок
SHP006362,2025-12-25,Новосибирск,Нижний Новгород,Железная дорога,296.2,6,6,5021.94,В срок
SHP000632,2025-01-28,Екатеринбург,Казань,Авто,299.7,3,4,3207.48,Задержка
SHP004341,2025-09-17,Москва,Уфа,Железная дорога,243.7,4,4,3427.37,В срок
SHP002414,11.12.2025,Казань,Самара,Авто,288.4,2,6,2137.92,Задержка
SHP003264,2025-01-25,Новосибирск,Екатеринбург,Авиа,1662.6,2,2,19882.66,В срок
SHP006161,2025-03-29,Казань,Екатеринбург,Авто,339.6,3,3,3020.04,В срок
SHP002479,2025-05-04,Москва,Самара,Авиа,930.3,2,3,12137.79,Задержка
SHP004515,2025-01-17,Екатеринбург,Ростов-на-Дону,Авто,121.9,5,5,4944.45,В срок
SHP003951,2025-12-24,Москва,Уфа,Железная дорога,117.8,4,4,3247.97,В срок
SHP004620,2025-12-15,Казань,Новосибирск,Авиа,1377.2,3,3,20950.47,В срок
SHP004643,2025-10-26,Санкт-Петербург,Пермь,Железная дорога,417.6,5,5,3703.58,В срок
SHP005905,2025-09-20,Санкт-Петербург,Новосибирск,Авиа,562.6,3,3,16814.65,В срок
SHP000601,2025-07-25,Москва,Пермь,Авто,392.9,4,4,3953.36,В срок
SHP007977,2025-05-15,Санкт-Петербург,Пермь,Авто,185.7,4,4,3495.86,В срок
SHP002065,2025-06-14,Москва,Казань,Авто,159.9,3,2,2847.58,В срок
SHP003737,2025-03-27,Санкт-Петербург,Уфа,Авто,183.0,5,8,4472.55,Задержка
SHP002875,2025-07-05,Санкт-Петербург,Пермь,Железная дорога,240.6,5,5,3754.8,В срок
SHP000021,2025-05-26,Москва,Ростов-на-Дону,Авиа,113.7,2,2,7653.79,В срок
SHP009425,2025-11-20,Санкт-Петербург,Казань,Авто,106.0,4,3,3750.91,В срок
SHP004503,2025-03-21,Москва,Уфа,Железная дорога,181.8,4,4,3449.46,В срок
SHP002745,2025-01-04,Санкт-Петербург,Новосибирск,Авто,71.2,7,7,7208.39,В срок
SHP001664,2025-02-26,Москва,Новосибирск,Авто,115.3,7,6,6775.35,В срок
SHP006674,2025-11-03,Новосибирск,Екатеринбург,Авто,142.3,4,4,3582.05,В срок
SHP004931,2025-01-20,Санкт-Петербург,Самара,Железная дорога,538.6,4,4,4355.74,В срок
SHP005967,2025-08-22,Санкт-Петербург,Нижний Новгород,Авто,237.4,3,2,3715.32,В срок
SHP000233,2025-02-10,Москва,Ростов-на-Дону,Железная дорога,148.6,4,5,3181.42,Задержка
SHP005002,2025-05-25,Москва,Казань,Авто,290.2,3,3,2929.1,В срок
SHP004143,2025-06-12,Москва,Ростов-на-Дону,Авиа,684.6,2,2,10963.48,В срок
SHP006093,2025-09-08,Москва,Казань,Авто,954.5,3,5,4738.83,Задержка
SHP008073,2025-04-28,Казань,Пермь,Авто,324.6,2,4,2471.73,Задержка
SHP006487,2025-02-15,Казань,Ростов-на-Дону,Авто,253.5,4,4,3526.32,В срок
SHP005833,2025-07-31,Екатеринбург,Казань,Авто,260.4,3,3,2936.88,В срок
SHP007515,2025-04-15,Москва,Нижний Новгород,Авто,361.0,2,2,2570.82,В срок
SHP005520,2025-10-15,Казань,Ростов-на-Дону,Авто,195.4,4,3,3416.53,В срок
SHP007919,2025-08-29,Новосибирск,Москва,Авиа,1045.1,3,3,20684.78,В срок
SHP001897,2025-11-18,Москва,Казань,Авто,193.8,3,3,2551.99,В срок
SHP006367,2025-01-08,Казань,Москва,Авто,911.2,3,4,4012.23,Задержка
SHP000413,2025-09-17,Казань,Екатеринбург,Авто,208.3,3,3,3042.27,В срок
SHP006315,2025-07-18,Казань,Новосибирск,Авиа,151.1,3,3,12723.51,В срок
SHP008795,2025-09-09,Екатеринбург,Москва,Авиа,560.6,2,4,12435.8,Задержка
SHP009915,2025-05-24,Москва,Ростов-на-Дону,Железная дорога,207.6,4,3,3375.33,В срок
SHP003203,2025-08-03,Казань,Санкт-Петербург,Железная дорога,574.4,4,4,3799.1,В срок
SHP005623,2025-06-28,Новосибирск,Москва,Авиа,258.9,3,3,14640.42,В срок
SHP003840,2025-08-09,Москва,Нижний Новгород,Авто,1257.0,2,2,4360.14,В срок
SHP004598,2025-09-12,Казань,Екатеринбург,Авто,413.1,3,3,3225.37,В срок
SHP006783,2025-04-01,Москва,Нижний Новгород,Авто,92.8,2,2,2083.63,В срок
SHP002823,2025-07-26,Москва,Казань,Авто,1253.7,3,3,5617.2,В срок
SHP004092,2025-11-30,Екатеринбург,Ростов-на-Дону,Железная дорога,227.2,5,5,3741.98,В срок
SHP009359,2025-07-02,Москва,Казань,Железная дорога,103.3,3,3,2301.39,В срок
SHP000721,2025-11-08,Екатеринбург,Москва,Авиа,263.3,2,2,10941.37,В срок
SHP005234,2025-10-02,Москва,Ростов-на-Дону,Железная дорога,403.2,4,4,3664.42,В срок
SHP008288,2025-05-19,Казань,Москва,Авто,113.4,3,3,2436.13,В срок
SHP006903,2025-11-10,Москва,Санкт-Петербург,Авто,308.0,3,6,2823.34,Задержка
SHP003562,2025-10-11,Москва,Пермь,Авто,1056.2,4,4,5919.39,В срок
SHP001794,2025-05-18,Москва,Нижний Новгород,Авто,471.1,2,1,3031.15,В срок
SHP003123,2025-02-24,Казань,Екатеринбург,Авто,424.0,3,3,3381.2,В срок
SHP007755,2025-06-14,Казань,Уфа,Авиа,379.6,2,2,5922.35,В срок
SHP008092,2025-08-18,Москва,Самара,Авто,335.2,3,3,3137.93,В срок
SHP000179,2025-01-06,Новосибирск,Самара,Железная дорога,915.8,5,8,5861.4,Задержка
SHP001673,2025-04-29,Москва,Пермь,Авто,696.8,4,5,4686.39,Задержка
SHP000725,2025-10-01,Москва,Ростов-на-Дону,Авто,594.1,3,3,4203.2,В срок
SHP001191,2025-01-14,Санкт-Петербург,Казань,Авиа,326.8,2,2,10668.43,В срок
SHP002144,2025-03-19,Москва,Нижний Новгород,Авто,362.3,2,4,2565.72,Задержка
SHP009269,2025-02-19,Санкт-Петербург,Самара,Железная дорога,185.9,4,4,3569.64,В срок
SHP009354,2025-05-08,Санкт-Петербург,Москва,Авто,189.9,3,3,2691.79,В срок
SHP006024,2025-04-19,Санкт-Петербург,Уфа,Железная дорога,128.1,5,5,3931.98,В срок
SHP002412,2025-03-02,Москва,Уфа,Авто,409.5,4,4,3931.09,В срок
SHP001469,2025-02-16,Москва,Санкт-Петербург,Авто,238.5,3,3,2693.4,В срок
SHP003177,2025-09-29,Москва,Уфа,Железная дорога,473.2,4,3,3640.21,В срок
SHP003971,2025-10-08,Екатеринбург,Ростов-на-Дону,Железная дорога,168.0,5,4,4100.29,В срок
SHP008005,2025-05-10,Москва,Казань,Авиа,106.7,2,2,6182.06,В срок
SHP004754,2025-08-04,Москва,Нижний Новгород,Авто,886.8,2,3,3583.01,Задержка
SHP006730,2025-12-19,Москва,Новосибирск,Железная дорога,55.6,6,7,4861.04,Задержка
SHP003067,2025-03-16,Екатеринбург,Уфа,Авто,150.8,2,2,1972.08,В срок
SHP006585,2025-11-07,Москва,Пермь,Железная дорога,595.5,4,5,3750.5,Задержка
SHP003610,10.02.2025,Казань,Москва,Железная дорога,157.4,3,3,2879.26,В срок
SHP003617,2025-03-18,Екатеринбург,Нижний Новгород,Железная дорога,422.1,4,4,3087.14,В срок
SHP004112,2025-02-08,Санкт-Петербург,Пермь,Авиа,1159.1,2,2,16031.62,В срок
SHP003130,2025-01-21,Москва,Уфа,Авто,206.0,4,4,3365.95,В срок
SHP007254,2025-10-25,Екатеринбург,Казань,Авто,281.1,3,2,2936.08,В срок
SHP004248,2025-02-13,Санкт-Петербург,Уфа,Железная дорога,187.9,5,4,3890.39,В срок
SHP006016,2025-05-07,Санкт-Петербург,Москва,Авто,147.7,3,3,2439.95,В срок
SHP004218,2025-11-20,Екатеринбург,Пермь,Авто,718.7,2,2,3023.86,В срок
SHP004070,2025-08-05,Москва,Пермь,Железная дорога,374.7,4,5,3218.23,Задержка
SHP000332,2025-07-15,Москва,Новосибирск,Авиа,1800.0,3,3,26213.11,В срок
SHP000699,2025-06-11,Екатеринбург,Москва,Железная дорога,-5.0,4,4,,В срок
SHP006607,2025-08-02,Казань,Ростов-на-Дону,Авто,202.2,4,4,4107.07,В срок
SHP002158,2025-03-27,Москва,Санкт-Петербург,Авто,477.6,3,2,3139.33,В срок
SHP005491,2025-01-29,Казань,Нижний Новгород,Авто,545.7,2,2,2576.99,В срок
SHP001057,2025-08-30,Казань,Ростов-на-Дону,Железная дорога,262.1,4,4,3636.77,В срок
SHP005348,2025-04-18,Санкт-Петербург,Казань,Железная дорога,262.9,4,4,3391.85,В срок
SHP001009,2025-11-10,Казань,Уфа,Авиа,192.6,2,2,5467.98,В срок
SHP002926,2025-10-21,Москва,Ростов-на-Дону,Авто,137.8,3,6,2929.84,Задержка
SHP004792,2025-02-01,Новосибирск,санкт-петербург,Авиа,596.3,3,3,20391.98,В срок
SHP004172,2025-02-11,Москва,Казань,Железная дорога,607.0,3,3,3258.7,В срок
SHP005669,2025-09-05,Новосибирск,Санкт-Петербург,Авиа,176.8,3,2,18019.46,В срок
SHP002956,2025-01-14,Москва,Казань,Железная дорога,450.9,3,3,3302.56,В срок
SHP004080,2025-09-25,Санкт-Петербург,Новосибирск,Железная дорога,117.8,7,7,5432.43,В срок
SHP008861,2025-08-03,Санкт-Петербург,Самара,Железная дорога,265.4,4,4,3566.23,В срок
SHP004747,2025-05-27,Санкт-Петербург,Казань,Железная дорога,210.2,4,4,3408.93,В срок
SHP002557,04.10.2025,Санкт-Петербург,Екатеринбург,Авто,65.0,5,5,4381.23,В срок
SHP004577,2025-10-11,Москва,Пермь,,74.9,2,2,7016.25,В срок
SHP008437,2025-04-27,Екатеринбург,Казань,Авто,865.1,3,3,4159.1,В срок
SHP009018,2025-01-24,Москва,Екатеринбург,Железная дорога,449.0,4,5,3710.65,Задержка
SHP001592,2025-02-09,Москва,Пермь,Железная дорога,129.0,4,4,3032.48,В срок
SHP005876,2025-07-09,Москва,Казань,Железная дорога,67.6,3,3,2410.92,В срок
SHP008178,2025-03-01,Москва,Уфа,Авиа,364.9,2,2,8740.39,В срок
SHP003371,2025-08-19,Москва,Самара,Авто,153.2,3,3,2893.19,В срок
SHP009304,2025-10-09,Москва,Пермь,Железная дорога,529.5,4,4,3664.49,В срок
SHP003283,24.03.2025,Новосибирск,Нижний Новгород,Железная дорога,303.1,6,5,4955.64,В срок
SHP005196,2025-02-28,Москва,Новосибирск,Авиа,496.3,3,3,18577.19,В срок
SHP000656,2025-03-29,Москва,Екатеринбург,Авто,306.2,4,8,4003.24,Задержка
SHP009675,2025-02-16,Казань,Новосибирск,Авиа,761.2,3,3,16126.25,В срок
SHP005119,2025-05-10,Москва,Новосибирск,Авто,218.8,7,7,6446.17,В срок
SHP003733,2025-09-03,Москва,Нижний Новгород,Авто,499.4,2,4,2786.76,Задержка
SHP004450,2025-07-27,Казань,Екатеринбург,Авто,722.5,3,2,3828.7,В срок
SHP005737,2025-08-04,Москва,Самара,Авто,636.2,3,3,4143.9,В срок
SHP008310,2025-05-29,Санкт-Петербург,Уфа,Авиа,200.8,2,2,12332.99,В срок
SHP004913,2025-12-25,Новосибирск,Казань,Авиа,500.7,3,3,15586.48,В срок
SHP008517,2025-12-14,Санкт-Петербург,Пермь,Авиа,232.2,2,6,10054.08,Задержка
SHP009234,2025-01-14,Москва,Екатеринбург,Авиа,760.8,2,2,12973.66,В срок
SHP007182,2025-02-06,Екатеринбург,Ростов-на-Дону,Железная дорога,198.9,5,5,4418.98,В срок
SHP005711,2025-02-11,Санкт-Петербург,Нижний Новгород,Авто,174.5,3,3,,В срок
SHP002986,2025-09-27,Москва,Екатеринбург,Авиа,563.8,2,5,11339.63,Задержка
SHP009973,2025-03-20,Екатеринбург,Москва,Железная дорога,268.8,4,4,3636.21,В срок
SHP004174,2025-05-26,Новосибирск,Уфа,Авто,176.2,5,5,4415.24,В срок
SHP001468,2025-09-06,Москва,Новосибирск,Авиа,551.8,3,3,17223.62,В срок
SHP000244,2025-04-19,Москва,Самара,Железная дорога,97.6,4,4,2777.08,В срок
SHP002278,2025-05-09,Санкт-Петербург,Пермь,Железная дорога,348.4,5,7,3243.43,Задержка
SHP007040,2025-05-09,Москва,Санкт-Петербург,Авто,366.8,3,3,2903.41,В срок
SHP000182,2025-03-18,Санкт-Петербург,Уфа,Железная дорога,170.7,5,6,4181.2,Задержка
SHP009601,2025-09-29,Новосибирск,Москва,Авто,509.0,7,7,7279.93,В срок
SHP008645,2025-04-07,Москва,Екатеринбург,Железная дорога,851.1,4,4,4725.36,В срок
SHP003924,2025-04-14,Москва,Пермь,Железная дорога,1097.4,4,4,4403.0,В срок
SHP009800,2025-01-23,Санкт-Петербург,Самара,Авто,396.5,4,7,4150.24,Задержка
SHP006840,2025-03-15,Екатеринбург,Уфа,Авто,79.1,2,4,1829.74,Задержка
SHP007785,2025-05-01,Москва,Пермь,Железная дорога,249.3,4,4,3479.73,В срок
SHP002592,2025-08-27,Москва,Санкт-Петербург,Авто,89.7,3,3,2086.58,В срок
SHP008883,2025-09-23,Новосибирск,Екатеринбург,Авто,153.8,4,3,3578.53,В срок
SHP006317,2025-11-14,Казань,Москва,Авто,1698.3,3,3,5841.19,В срок
SHP005414,2025-04-21,Москва,Ростов-на-Дону,Авто,65.5,3,3,2825.49,В срок
SHP000281,2025-08-20,Санкт-Петербург,Нижний Новгород,Авто,96.3,3,3,3063.69,В срок
SHP001650,2025-11-23,Казань,Пермь,Авто,102.9,2,2,2075.16,В срок
SHP008113,2025-09-30,Москва,Санкт-Петербург,Железная дорога,57.6,3,4,2181.14,Задержка
SHP003072,2025-04-06,Казань,Ростов-на-Дону,Авиа,318.7,2,2,9587.42,В срок
SHP007812,2025-05-08,Казань,Самара,Авто,132.1,2,2,1811.46,В срок
SHP005504,2025-08-18,Екатеринбург,Самара,Железная дорога,229.0,4,8,2796.49,Задержка
SHP005392,2025-09-23,Москва,Самара,Авто,350.8,3,3,3129.06,В срок
SHP005688,2025-04-24,Казань,Пермь,Железная дорога,162.0,3,4,2346.14,Задержка
SHP002193,2025-10-18,Санкт-Петербург,Ростов-на-Дону,Авто,69.7,4,8,4223.97,В срок
SHP005817,2025-05-02,Казань,Ростов-на-Дону,Авиа,602.3,2,2,10541.26,В срок
SHP007454,2025-08-05,Москва,Казань,Авто,273.5,3,3,2625.0,В срок
SHP000125,2025-05-23,Москва,Казань,Авто,170.2,3,3,2778.99,В срок
SHP003364,2025-09-21,Новосибирск,Екатеринбург,Железная дорога,198.3,4,4,3780.81,В срок
SHP003442,2025-04-23,Екатеринбург,Ростов-на-Дону,Авиа,504.4,2,2,13659.77,В срок
SHP004601,2025-08-04,Москва,Екатеринбург,Авто,490.9,4,4,5006.5,В срок
SHP004546,2025-11-12,Санкт-Петербург,Новосибирск,Авиа,69.4,3,3,18686.91,В срок
SHP005281,2025-01-04,Москва,Нижний Новгород,Авто,304.9,2,2,2511.7,В срок
SHP004055,2025-05-29,Санкт-Петербург,Москва,Авто,261.4,3,6,2660.1,Задержка
SHP005062,2025-06-08,Москва,Ростов-на-Дону,Железная дорога,221.4,4,3,2787.24,В срок
SHP004796,2025-11-26,Новосибирск,Ростов-на-Дону,Авиа,567.7,3,3,19809.27,В срок
SHP004742,2025-10-18,Екатеринбург,Нижний Новгород,Авиа,335.8,2,1,8643.58,В срок
SHP007295,2025-10-07,Новосибирск,Уфа,Авто,226.7,5,5,4735.93,В срок
SHP000078,2025-08-11,Москва,Нижний Новгород,Авто,262.4,2,2,2339.43,В срок
SHP002387,2025-07-09,Санкт-Петербург,Самара,Авиа,192.4,2,2,10620.85,В срок
SHP001665,2025-03-13,Екатеринбург,Санкт-Петербург,Авто,1444.3,5,5,7482.86,В срок
SHP007824,2025-12-23,Москва,Нижний Новгород,Железная дорога,248.3,3,2,2268.43,В срок
SHP007375,2025-09-16,Москва,Самара,Железная дорога,202.5,4,4,2748.62,В срок
SHP003415,2025-08-22,Казань,Пермь,Авто,237.0,2,2,2130.49,В срок
SHP006402,2025-10-19,Москва,Казань,Железная дорога,70.1,3,2,2262.41,В срок
SHP004634,2025-07-25,Новосибирск,Екатеринбург,Авиа,179.3,2,1,10075.01,В срок
SHP006701,2025-05-01,Москва,Ростов-на-Дону,Авиа,328.1,2,2,7614.61,В срок
SHP006741,2025-05-22,Новосибирск,Самара,Железная дорога,190.7,5,9,4415.43,Задержка
SHP004550,2025-05-11,Екатеринбург,Нижний Новгород,Железная дорога,170.1,4,4,2858.43,В срок
SHP005751,2025-09-02,Новосибирск,Нижний Новгород,Авиа,369.5,3,3,17399.75,В срок
SHP005649,2025-02-10,Новосибирск,Екатеринбург,Авиа,237.2,2,1,11767.1,В срок
SHP008482,2025-08-18,Москва,Новосибирск,Железная дорога,811.8,6,5,5944.08,В срок
SHP006078,2025-05-08,Екатеринбург,Ростов-на-Дону,Авиа,232.7,2,1,10616.45,В срок
SHP008139,2025-09-25,Новосибирск,Самара,Авиа,108.2,3,3,14397.7,В срок
SHP001872,2025-10-05,Екатеринбург,Ростов-на-Дону,Авиа,261.3,2,2,13998.89,В срок
SHP003191,2025-02-13,Новосибирск,Казань,Авиа,307.4,3,5,15114.03,Задержка
SHP003115,2025-04-14,Санкт-Петербург,Екатеринбург,Авто,264.9,5,7,5033.98,Задержка
SHP004390,2025-08-27,Екатеринбург,Самара,Железная дорога,226.5,4,4,3377.64,В срок
SHP003486,2025-12-14,Санкт-Петербург,Нижний Новгород,Железная дорога,134.2,4,4,2673.87,В срок
SHP002980,2025-11-16,Екатеринбург,Уфа,Железная дорога,263.7,3,2,2337.08,В срок
SHP009475,2025-01-05,Москва,Ростов-на-Дону,Железная дорога,274.4,4,6,3129.62,Задержка
SHP008823,2025-09-15,Санкт-Петербург,Новосибирск,Авиа,269.4,3,5,18069.64,Задержка
SHP009638,2025-11-28,Москва,Казань,Авто,304.2,3,3,2769.94,В срок
SHP004105,2025-02-10,Санкт-Петербург,Самара,Железная дорога,259.7,4,4,3219.13,В срок
SHP005719,2025-09-13,Москва,Самара,Авто,423.0,3,2,3828.69,В срок
SHP000240,2025-09-29,Екатеринбург,Уфа,Авто,64.8,2,5,1852.65,Задержка
SHP007090,2025-03-07,Москва,Уфа,Авто,1240.3,4,4,6363.12,В срок
SHP008432,2025-04-28,Казань,Самара,Железная дорога,579.4,3,3,2820.14,В срок
SHP000883,2025-03-02,Санкт-Петербург,Пермь,Железная дорога,56.2,5,5,3492.86,В срок
SHP001719,2025-07-19,Казань,Санкт-Петербург,Авто,548.4,4,3,4171.15,В срок
SHP008738,2025-10-18,Москва,Пермь,Авто,264.2,4,4,3498.67,В срок
SHP007180,2025-11-09,Санкт-Петербург,Уфа,Железная дорога,140.3,5,5,3874.04,В срок
SHP003142,2025-08-29,Санкт-Петербург,Ростов-на-Дону,Железная дорога,269.6,5,5,3971.05,В срок
SHP009037,2025-06-20,Москва,Новосибирск,Железная дорога,335.3,6,6,5438.1,В срок
SHP005174,2025-09-29,Санкт-Петербург,Уфа,Железная дорога,437.4,5,5,4344.28,В срок
SHP003535,2025-11-22,Москва,Ростов-на-Дону,Авто,199.3,3,6,3213.38,Задержка
SHP003325,2025-06-04,Новосибирск,Санкт-Петербург,Авиа,125.5,3,3,19541.18,В срок
SHP000984,2025-01-05,Москва,Казань,Железная дорога,479.0,3,6,2946.41,Задержка
SHP007083,2025-05-02,Москва,Екатеринбург,Авиа,360.2,2,2,11445.64,В срок
SHP003705,2025-06-04,Москва,Самара,Авто,398.3,3,3,3349.09,В срок
SHP000574,2025-06-19,Екатеринбург,Пермь,Авто,469.3,2,6,2418.63,Задержка
SHP008490,2025-05-21,Санкт-Петербург,Новосибирск,Авиа,568.8,3,3,19511.64,В срок
SHP000338,2025-03-17,Казань,Пермь,Железная дорога,253.3,3,6,2418.5,Задержка
SHP001358,2025-09-15,Санкт-Петербург,Нижний Новгород,Железная дорога,304.9,4,4,2767.34,В срок
SHP006464,2025-11-16,Санкт-Петербург,Москва,Железная дорога,108.3,3,3,2154.9,В срок
SHP007091,2025-04-07,Екатеринбург,Уфа,Авто,150.6,2,2,2018.11,В срок
SHP000305,2025-09-04,Москва,Нижний Новгород,Железная дорога,120.6,3,3,2279.16,В срок
SHP001824,2025-05-05,Москва,Екатеринбург,Авиа,235.9,2,2,10610.17,В срок
SHP001823,2025-06-30,Москва,Новосибирск,Железная дорога,275.6,6,6,5574.53,В срок
SHP001467,2025-10-18,Москва,Екатеринбург,Авто,226.8,4,4,4012.79,В срок
SHP009791,2025-09-11,Екатеринбург,Новосибирск,Авто,368.8,4,6,3983.33,Задержка
SHP001690,2025-12-15,Москва,Екатеринбург,Железная дорога,131.3,4,4,3354.23,В срок
SHP007472,2025-09-19,Санкт-Петербург,Новосибирск,Железная дорога,394.9,7,11,6036.72,Задержка
SHP003686,2025-05-19,Екатеринбург,Пермь,Авто,75.1,2,2,1691.62,В срок
SHP000519,2025-11-22,Москва,Уфа,Железная дорога,368.5,4,4,3539.41,В срок
SHP004555,2025-04-03,Москва,Нижний Новгород,Авиа,272.4,2,2,6277.72,В срок
SHP003362,2025-06-30,Москва,Ростов-на-Дону,,833.9,4,4,4137.2,В срок
SHP005901,22.11.2025,Москва,Ростов-на-Дону,Авиа,307.1,2,6,9027.43,Задержка
SHP002132,2025-01-30,Москва,Уфа,Авиа,457.6,2,2,9851.2,В срок
SHP008720,2025-11-26,Москва,Нижний Новгород,Железная дорога,116.0,3,3,2188.62,В срок
SHP003908,2025-02-19,Екатеринбург,Пермь,Авто,463.1,2,2,2767.18,В срок
SHP001168,2025-03-17,Казань,Нижний Новгород,Авто,562.4,2,3,2889.07,Задержка
SHP004937,2025-07-06,Москва,Ростов-на-Дону,Авто,272.7,3,3,3551.35,В срок
SHP008536,04.08.2025,Москва,Новосибирск,Железная дорога,342.9,6,6,5886.42,В срок
SHP001338,2025-03-03,Санкт-Петербург,Казань,Железная дорога,165.3,4,4,3155.88,В срок
SHP006850,2025-05-19,Москва,Екатеринбург,Железная дорога,345.4,4,4,4275.39,В срок
SHP007445,2025-02-01,Казань,Пермь,Авто,44.2,2,2,1908.08,В срок
SHP000644,2025-07-07,Москва,Уфа,Железная дорога,86.8,4,4,3544.04,В срок
SHP008922,2025-08-22,Екатеринбург,Нижний Новгород,Авиа,156.1,2,2,8959.37,В срок
SHP006246,2025-11-01,Москва,Екатеринбург,Авиа,306.4,2,2,11558.7,В срок
SHP006712,2025-04-12,Казань,Москва,Авто,207.3,3,3,2421.51,В срок
SHP008911,2025-04-04,Казань,Самара,Авто,433.6,2,2,2021.51,В срок
SHP005016,2025-11-21,Москва,Казань,Железная дорога,219.7,3,2,2582.89,В срок
SHP009153,2025-03-01,Казань,Нижний Новгород,Авто,164.0,2,2,1824.79,В срок
SHP007594,2025-08-17,Новосибирск,Самара,Железная дорога,115.4,5,5,4458.14,В срок
SHP009494,2025-07-09,Москва,Нижний Новгород,Авто,169.7,2,2,2374.4,В срок
SHP004687,2025-05-26,Москва,Нижний Новгород,Авто,397.6,2,5,2925.2,Задержка
SHP006564,2025-10-21,Екатеринбург,Москва,Авто,1508.4,4,6,7000.6,Задержка
SHP006419,2025-10-23,Москва,Ростов-на-Дону,Железная дорога,444.1,4,4,3201.22,В срок
SHP007378,2025-12-13,Москва,Новосибирск,Авиа,348.7,3,3,16161.3,В срок
SHP005180,2025-12-24,Москва,Пермь,Железная дорога,566.4,4,6,3895.04,Задержка
SHP004161,2025-04-26,Москва,Новосибирск,Железная дорога,1058.9,6,6,6934.02,В срок
SHP006058,2025-11-25,Москва,Нижний Новгород,Авто,525.5,2,2,2900.22,В срок
SHP005735,2025-06-12,Москва,Новосибирск,Авиа,264.8,3,3,17431.63,В срок
SHP006623,2025-04-26,Новосибирск,Ростов-на-Дону,Железная дорога,349.8,7,7,5870.89,В срок
SHP004953,2025-11-20,Москва,Самара,Железная дорога,305.1,4,4,3139.21,В срок
SHP007673,2025-05-25,Санкт-Петербург,Новосибирск,Железная дорога,361.7,7,7,6214.7,В срок
SHP002961,2025-11-27,Москва,Пермь,Железная дорога,155.2,4,4,3196.93,В срок
SHP008764,2025-06-02,Москва,Новосибирск,Авиа,203.7,3,3,17250.98,В срок
SHP000746,2025-09-12,Москва,Нижний Новгород,Железная дорога,302.9,3,3,2290.27,В срок
SHP002214,2025-04-28,Казань,Екатеринбург,Авто,222.1,3,3,2311.9,В срок
SHP005161,2025-05-31,Новосибирск,Екатеринбург,Авиа,225.0,2,2,9629.23,В срок
SHP008531,2025-03-20,Екатеринбург,Казань,Железная дорога,626.6,3,3,3447.98,В срок
SHP009974,2025-12-31,Казань,Новосибирск,Железная дорога,301.6,5,4,5336.83,В срок
SHP006988,2025-10-15,Казань,Екатеринбург,Железная дорога,110.0,3,3,2892.28,В срок
SHP005264,2025-07-31,Казань,Екатеринбург,Железная дорога,284.0,3,2,3008.49,В срок
SHP005966,2025-01-30,Москва,Новосибирск,Авиа,430.8,3,6,,Задержка
SHP004327,2025-05-22,Санкт-Петербург,Новосибирск,Авиа,370.2,3,6,18521.58,Задержка
SHP000982,2025-02-11,Москва,Казань,Авто,283.4,3,4,3260.3,Задержка
SHP006456,2025-12-12,Санкт-Петербург,Москва,Авто,479.2,3,3,3185.51,В срок
SHP004206,20.03.2025,Новосибирск,Санкт-Петербург,Железная дорога,596.7,7,8,6856.39,Задержка
SHP008863,2025-01-15,Москва,Уфа,Авто,177.0,4,3,3826.02,В срок
SHP002656,2025-05-05,Казань,Нижний Новгород,Железная дорога,220.9,3,4,2379.13,Задержка
SHP002693,2025-01-01,Москва,Казань,Железная дорога,274.4,3,7,2458.89,Задержка
SHP009699,2025-12-23,Екатеринбург,Казань,Авто,118.8,3,3,2761.71,В срок
SHP007750,2025-07-13,Казань,Санкт-Петербург,Железная дорога,312.5,4,4,3806.9,В срок
SHP009566,2025-06-06,Казань,Нижний Новгород,Авто,166.5,2,2,1985.81,В срок
SHP006403,2025-01-03,Москва,Самара,Авто,329.8,3,3,2938.78,В срок
SHP007427,2025-10-30,Москва,Екатеринбург,Железная дорога,217.7,4,7,3491.91,Задержка
SHP008695,2025-04-24,Москва,Екатеринбург,Железная дорога,151.6,4,3,3211.14,В срок
SHP004694,2025-05-02,Новосибирск,Уфа,Железная дорога,391.8,5,5,3724.8,В срок
SHP004501,2025-04-10,Москва,Казань,Авто,152.9,3,3,2653.44,В срок
SHP001526,2025-12-03,Санкт-Петербург,Пермь,Авто,609.2,4,6,5240.23,Задержка
SHP000307,2025-04-22,Екатеринбург,Самара,Авто,293.6,3,3,3170.57,В срок
SHP005040,2025-08-04,Казань,Екатеринбург,Авто,625.0,3,3,4236.68,В срок
SHP000126,2025-12-01,Новосибирск,Санкт-Петербург,Железная дорога,109.2,7,11,5548.7,Задержка
SHP005023,2025-07-04,Екатеринбург,Уфа,Авто,300.6,2,2,2272.0,В срок
SHP007255,2025-06-10,Санкт-Петербург,Нижний Новгород,Железная дорога,839.4,4,4,3976.94,В срок
SHP007316,2025-12-11,Новосибирск,Пермь,Авто,85.0,5,5,4020.11,В срок
SHP003041,2025-05-20,Москва,Ростов-на-Дону,,122.2,3,5,2768.47,Задержка
SHP000392,2025-11-06,Москва,Самара,Авто,1054.4,3,3,5519.1,В срок
SHP000835,2025-11-07,Москва,Самара,ж/д,154.3,4,4,2474.14,в срок 
SHP001535,2025-12-06,Екатеринбург,Москва,Авто,314.6,4,4,4516.64,В срок
SHP006924,2025-03-20,Москва,Екатеринбург,Железная дорога,139.2,4,4,3419.73,В срок
SHP009217,2025-01-30,Казань,Москва,Авто,397.7,3,2,2786.84,В срок
SHP009587,2025-11-29,Москва,Казань,Железная дорога,733.3,3,3,3482.1,В срок
SHP002524,2025-09-02,Санкт-Петербург,Уфа,Железная дорога,440.0,5,5,4300.32,В срок
SHP008878,2025-03-20,Москва,Уфа,Железная дорога,96.2,4,4,3168.2,В срок
SHP000260,2025-11-03,Екатеринбург,Уфа,Авто,326.9,2,2,2531.27,В срок
SHP005723,2025-08-30,Москва,Нижний Новгород,Железная дорога,273.1,3,2,2247.65,В срок
SHP003858,2025-02-05,Санкт-Петербург,Новосибирск,Железная дорога,143.1,7,6,6015.05,В срок
SHP004297,2025-12-31,Санкт-Петербург,Нижний Новгород,Авто,298.1,3,6,3341.46,Задержка
SHP007367,2025-03-08,Казань,Новосибирск,Железная дорога,76.1,5,4,4481.76,В срок
SHP007129,2025-08-04,Санкт-Петербург,Новосибирск,Авиа,123.8,3,3,18444.76,В срок
SHP008718,2025-06-24,Новосибирск,Казань,Железная дорога,312.2,5,8,4727.91,Задержка
SHP006377,2025-10-01,Москва,Казань,Авто,186.0,3,3,2698.4,В срок
SHP006280,2025-07-26,Екатеринбург,Ростов-на-Дону,Железная дорога,174.1,5,5,4362.85,В срок
SHP001394,2025-02-08,Казань,Уфа,Авто,1357.5,2,6,4940.48,Задержка
SHP000787,2025-03-25,Новосибирск,Москва,Железная дорога,143.5,6,9,5436.14,Задержка
SHP006487,2025-02-15,Казань,Ростов-на-Дону,Авто,253.5,4,4,3526.32,В срок
SHP002262,2025-06-03,Казань,Екатеринбург,Авто,246.1,3,3,2826.89,В срок
SHP007042,2025-03-21,Екатеринбург,Москва,Железная дорога,270.0,4,8,3748.29,Задержка
SHP004843,2025-08-29,Москва,Новосибирск,Железная дорога,406.9,6,6,5440.2,В срок
SHP001159,2025-05-02,Санкт-Петербург,Самара,Железная дорога,248.6,4,4,3738.27,В срок
SHP001973,2025-04-12,Москва,Нижний Новгород,Авто,206.4,2,2,2095.62,В срок
SHP003606,2025-11-29,Екатеринбург,Пермь,Авто,208.7,2,2,1975.56,В срок
SHP003956,2025-05-30,Москва,Казань,Авто,151.8,3,3,2624.96,В срок
SHP008926,2025-06-11,Москва,Казань,Авто,177.6,3,3,2577.42,В срок
SHP002728,2025-02-13,Екатеринбург,Нижний Новгород,Железная дорога,287.2,4,4,3716.2,В срок
SHP009949,2025-01-21,Екатеринбург,Казань,Железная дорога,566.1,3,3,3515.85,В срок
SHP001310,2025-10-05,Москва,Екатеринбург,Авиа,294.3,2,2,10494.43,В срок
SHP004432,2025-07-04,Москва,Казань,Авто,697.0,3,3,3831.95,В срок
SHP005701,2025-11-10,Екатеринбург,Пермь,Авто,131.2,2,5,1777.39,Задержка
SHP004828,2025-04-17,Москва,Санкт-Петербург,Авто,509.7,3,3,3309.68,В срок
SHP008132,2025-02-25,Москва,Ростов-на-Дону,Авто,341.9,3,7,3908.32,Задержка
SHP006193,2025-12-02,Казань,Уфа,Авто,451.3,2,2,2968.27,В срок
SHP008640,2025-10-08,Москва,Санкт-Петербург,Авто,265.0,3,3,2735.89,В срок
SHP007278,2025-08-14,Екатеринбург,Ростов-на-Дону,Железная дорога,104.8,5,6,3925.33,Задержка
SHP004169,2025-07-06,Москва,Нижний Новгород,Авто,166.9,2,2,2112.35,В срок
SHP007286,2025-01-11,Москва,Пермь,Авто,168.2,4,4,3600.98,В срок
SHP005826,2025-10-27,Москва,Уфа,Авто,234.9,4,4,4003.5,В срок
SHP004623,2025-12-22,Казань,Санкт-Петербург,Авиа,198.8,2,2,9948.93,В срок
SHP000230,2025-07-12,Москва,Самара,Железная дорога,87.5,4,4,2412.69,В срок
SHP004679,2025-04-09,Казань,Санкт-Петербург,Авиа,121.5,2,2,8387.56,В срок
SHP001031,2025-07-30,новосибирск ,Екатеринбург,Железная дорога,181.4,4,4,3841.73,В срок
SHP000248,2025-03-03,Екатеринбург,Уфа,Авто,207.0,2,2,2098.89,В срок
SHP001333,2025-04-30,Москва,Екатеринбург,Железная дорога,160.3,4,4,3597.02,В срок
SHP001821,2025-11-03,Москва,Казань,Авто,456.8,3,3,3453.43,В срок
SHP009543,2025-07-03,Новосибирск,Санкт-Петербург,Железная дорога,147.6,7,7,6057.25,В срок
SHP008657,2025-03-07,Казань,Самара,Авто,1519.9,2,5,5820.58,Задержка
SHP004772,2025-04-04,Казань,Москва,Авиа,160.4,2,2,5987.17,В срок
SHP007110,2025-09-18,Москва,Екатеринбург,Авиа,146.7,2,2,11285.34,В срок
SHP007634,2025-06-15,Новосибирск,Уфа,Железная дорога,553.6,5,5,4337.83,В срок
SHP004018,2025-07-10,Москва,Екатеринбург,Авто,951.1,4,6,6013.25,Задержка
SHP004219,2025-09-17,Москва,Екатеринбург,Железная дорога,653.4,4,4,4155.47,В срок
SHP009290,2025-06-04,Казань,Самара,Авто,613.3,2,3,2833.69,Задержка
SHP001044,2025-01-23,Санкт-Петербург,Екатеринбург,Авто,183.9,5,5,4724.97,В срок
SHP006704,2025-09-11,Москва,Нижний Новгород,Авто,483.1,2,2,2906.16,В срок
SHP000599,2025-10-05,Москва,Екатеринбург,Авто,566.6,4,4,4909.23,В срок
SHP008870,07.12.2025,Москва,Новосибирск,Авиа,194.6,3,2,17677.94,В срок
SHP001251,2025-07-20,Казань,Уфа,Авиа,498.3,2,2,8135.91,В срок
SHP007274,2025-03-21,Москва,Казань,Авто,307.0,3,7,3075.43,Задержка
SHP006719,2025-06-05,Санкт-Петербург,Ростов-на-Дону,Железная дорога,53.2,5,5,3831.64,В срок
SHP002666,2025-12-28,Москва,Нижний Новгород,Авто,1133.8,2,2,4342.24,В срок
SHP007892,2025-02-17,Санкт-Петербург,Новосибирск,Железная дорога,484.1,7,9,5713.05,Задержка
SHP008909,2025-02-13,Екатеринбург,Самара,Авиа,196.1,2,2,7808.4,В срок
SHP000162,2025-07-31,Новосибирск,Санкт-Петербург,Железная дорога,165.0,7,7,5719.27,В срок
SHP004789,2025-01-29,Санкт-Петербург,Москва,Авто,208.9,3,3,2550.45,В срок
SHP000157,2025-01-09,Екатеринбург,КАЗАНЬ,Авто,108.7,3,3,2139.11,В срок
SHP003093,2025-11-05,Москва,Новосибирск,Авиа,147.9,3,3,16769.42,В срок
SHP002845,2025-12-01,Екатеринбург,Москва,Авиа,223.6,2,1,10919.46,В срок
SHP008149,2025-01-01,Санкт-Петербург,Уфа,Железная дорога,312.0,5,5,4427.35,В срок
SHP008848,2025-10-20,Москва,Ростов-на-Дону,Железная дорога,153.8,4,3,2621.86,В срок
SHP006035,2025-02-09,Москва,Новосибирск,Авиа,559.7,3,3,16428.57,В срок
SHP000203,2025-09-09,Казань,Екатеринбург,Авиа,113.2,2,2,6698.53,В срок
SHP007827,2025-01-09,Москва,Самара,Железная дорога,704.3,4,4,4159.65,В срок
SHP003076,2025-03-28,Санкт-Петербург,Уфа,Авиа,188.9,2,2,12144.22,В срок
SHP003105,2025-03-07,Москва,Уфа,Авто,282.2,4,4,4011.98,В срок
SHP006994,2025-01-01,Новосибирск,Пермь,Авиа,60.8,2,2,11143.71,В срок
SHP007948,2025-03-18,Санкт-Петербург,Ростов-на-Дону,Авто,163.5,4,4,4348.29,В срок
SHP006552,2025-07-06,Москва,Санкт-Петербург,Железная дорога,420.2,3,3,3037.37,В срок
SHP006061,2025-03-26,Москва,Пермь,Железная дорога,163.2,4,6,3201.25,Задержка
SHP007191,2025-06-04,Казань,Самара,Авто,240.5,2,2,2016.29,В срок
SHP003004,2025-09-28,Москва,Казань,Авиа,190.1,2,2,6459.8,В срок
SHP007495,2025-05-18,Санкт-Петербург,Казань,Железная дорога,230.4,4,4,3631.07,В срок
SHP003474,2025-08-20,Новосибирск,Казань,Железная дорога,160.9,5,6,4471.87,Задержка
SHP009936,2025-11-25,Санкт-Петербург,Пермь,,49.4,4,5,3626.62,Задержка
SHP007310,2025-12-15,Москва,Санкт-Петербург,Железная дорога,,3,6,2419.74,Задержка
SHP003539,2025-12-06,Казань,Москва,Авто,122.9,3,3,2886.62,В срок
SHP004035,2025-06-04,Новосибирск,Москва,Авиа,289.2,3,3,17311.76,В срок
SHP004641,2025-09-21,Москва,Уфа,Авиа,352.7,2,3,10098.03,Задержка
SHP006799,2025-03-10,Санкт-Петербург,Ростов-на-Дону,Авто,387.6,4,4,5195.61,В срок
SHP008152,2025-11-03,Москва,Пермь,Железная дорога,170.7,4,4,3265.24,В срок
SHP003098,2025-10-01,Санкт-Петербург,Уфа,Авто,56.2,5,5,3507.96,В срок
SHP003626,2025-05-28,Москва,Санкт-Петербург,Авто,437.8,3,3,3267.44,В срок
SHP006831,2025-09-08,Москва,Самара,Авто,232.0,3,2,3359.4,В срок
SHP000671,2025-10-07,Екатеринбург,Пермь,Железная дорога,55.4,3,3,1961.72,В срок
SHP000561,2025-03-16,Санкт-Петербург,Пермь,Авиа,515.6,2,1,12611.04,В срок
SHP002456,2025-09-26,Москва,Самара,Авиа,106.6,2,1,6558.89,В срок
SHP007468,2025-09-03,Москва,Екатеринбург,Авиа,227.5,2,2,9725.05,В срок
SHP001348,2025-04-24,Санкт-Петербург,Ростов-на-Дону,Железная дорога,1245.7,5,5,6034.45,В срок
SHP001634,2025-09-26,Казань,Москва,Авто,206.9,3,3,2964.81,В срок
SHP002969,2025-06-16,Казань,Самара,Авто,506.7,2,2,2659.35,В срок
SHP006184,2025-12-25,Санкт-Петербург,Пермь,Железная дорога,718.1,5,8,4218.65,Задержка
SHP002682,2025-02-22,Екатеринбург,Пермь,Железная дорога,338.2,3,3,2674.3,В срок
SHP003968,2025-06-09,Казань,Самара,Авто,157.3,2,1,2071.4,В срок
SHP004239,2025-01-30,Санкт-Петербург,Нижний Новгород,Железная дорога,64.5,4,4,2759.41,В срок
SHP003028,2025-01-01,Новосибирск,Москва,Авиа,675.7,3,3,17407.98,В срок
SHP001826,2025-03-30,Москва,Новосибирск,Железная дорога,419.7,6,6,5069.31,В срок
SHP002373,2025-05-17,Екатеринбург,Уфа,Авто,318.2,2,2,1912.75,В срок
SHP005463,2025-06-14,Москва,Новосибирск,Авиа,382.2,3,3,17589.63,В срок
SHP006473,2025-04-30,Санкт-Петербург,Нижний Новгород,Железная дорога,203.4,4,4,2982.11,В срок
SHP001403,2025-07-12,Москва,Новосибирск,Железная дорога,473.7,6,6,6227.43,В срок
SHP002548,2025-12-05,Екатеринбург,Уфа,Авиа,199.5,2,2,6205.3,В срок
SHP003136,25.09.2025,Новосибирск,Пермь,Авиа,182.8,2,2,11533.97,В срок
SHP004451,2025-03-16,Москва,Нижний Новгород,Авиа,455.8,2,2,7770.88,В срок
SHP004704,2025-07-28,Новосибирск,Москва,Железная дорога,161.6,6,6,5335.87,В срок
SHP000239,2025-07-07,Москва,Ростов-на-Дону,Железная дорога,332.9,4,4,2949.67,В срок
SHP003660,2025-11-30,Москва,Новосибирск,Авиа,248.3,3,3,17584.25,В срок
SHP009198,2025-02-24,Москва,Ростов-на-Дону,Железная дорога,332.4,4,4,3446.75,В срок
SHP000226,2025-08-27,Новосибирск,Москва,Авиа,639.9,3,2,17543.37,В срок
SHP002993,2025-11-27,Санкт-Петербург,Казань,Железная дорога,124.7,4,6,3153.28,Задержка
SHP004453,2025-12-01,Казань,Уфа,Авто,169.5,2,2,1943.63,В срок
SHP004028,2025-10-07,Москва,Екатеринбург,Железная дорога,313.6,4,4,3897.71,В срок
SHP005207,2025-05-15,Москва,Санкт-Петербург,Авто,87.7,3,3,2179.03,В срок
SHP009012,2025-06-06,Москва,Самара,Авиа,130.2,2,2,7240.52,В срок
SHP007534,2025-07-17,Санкт-Петербург,Уфа,Авто,161.7,5,5,4117.93,В срок
SHP002815,2025-11-15,Екатеринбург,Казань,Железная дорога,246.0,3,2,2930.36,В срок
SHP000488,2025-08-15,Казань,Ростов-на-Дону,Железная дорога,82.3,4,4,3102.24,В срок
SHP009058,2025-10-28,Москва,Казань,Авто,123.3,3,3,2449.24,В срок
SHP000016,2025-01-10,Екатеринбург,Казань,Железная дорога,92.8,3,3,2424.12,В срок
SHP005677,2025-11-04,Москва,Пермь,Железная дорога,125.1,4,4,3203.39,В срок
SHP005983,2025-04-05,Москва,Ростов-на-Дону,Авиа,263.6,2,1,10330.31,В срок
SHP004309,2025-03-01,Казань,Москва,Авто,174.2,3,2,2896.96,В срок
SHP003366,2025-08-25,Санкт-Петербург,Уфа,Авто,198.9,5,5,4653.71,В срок
SHP002673,2025-07-26,Екатеринбург,Нижний Новгород,Авто,292.8,3,3,3309.18,В срок
SHP001434,2025-03-09,Казань,Самара,Авто,316.1,2,2,2135.41,В срок
SHP000791,2025-08-22,Екатеринбург,Казань,Железная дорога,258.4,3,2,2878.75,В срок
SHP003452,2025-04-12,Санкт-Петербург,Москва,Железная дорога,210.9,3,3,2596.84,В срок
SHP002958,2025-07-06,Москва,Казань,Авто,126.7,3,2,2765.99,В срок
SHP002698,2025-08-14,Казань,Ростов-на-Дону,Авто,170.8,4,4,3768.68,В срок
SHP002856,2025-01-27,Москва,Екатеринбург,Авто,101.9,4,4,3394.88,В срок
SHP005973,2025-08-04,Москва,Санкт-Петербург,Авто,462.6,3,2,3032.19,В срок
SHP008996,14.12.2025,Новосибирск,Казань,Авто,127.7,6,6,5539.63,В срок
SHP004927,2025-11-14,Москва,Ростов-на-Дону,Железная дорога,151.8,4,4,3040.7,В срок
SHP002484,2025-09-24,Казань,Ростов-на-Дону,Авиа,427.9,2,2,10688.75,В срок
SHP000520,2025-12-20,Казань,Москва,Авто,154.1,3,3,2324.4,В срок
SHP005492,2025-08-17,Москва,Казань,Авто,419.3,3,3,3300.58,В срок
SHP004494,2025-03-30,Москва,Казань,Авто,193.9,3,3,2473.98,В срок
SHP000183,2025-11-09,Екатеринбург,Ростов-на-Дону,Авиа,742.4,2,2,14794.96,В срок
SHP001624,2025-12-10,Москва,Ростов-на-Дону,Железная дорога,516.2,4,4,3664.64,В срок
SHP004942,2025-11-09,Москва,Екатеринбург,Железная дорога,165.0,4,4,3531.18,В срок
SHP005659,2025-05-20,Москва,Екатеринбург,Авиа,313.2,2,2,10177.71,В срок
SHP007012,2025-10-12,Новосибирск,Нижний Новгород,Железная дорога,318.7,6,10,5181.19,Задержка
SHP008284,2025-06-01,Санкт-Петербург,Самара,Авиа,482.1,2,3,13388.41,Задержка
SHP002423,2025-03-26,Новосибирск,Нижний Новгород,Железная дорога,173.9,6,6,4662.5,В срок
SHP007674,2025-02-11,Москва,Ростов-на-Дону,Авто,1064.8,3,7,4917.21,Задержка
SHP006386,2025-11-17,Москва,Пермь,Железная дорога,461.4,4,3,3629.91,В срок
SHP008486,2025-01-12,Москва,Казань,Авто,256.4,3,3,3078.8,В срок
SHP004317,2025-08-18,Санкт-Петербург,Казань,Железная дорога,299.5,4,4,3058.13,В срок
SHP002094,2025-09-30,Москва,Нижний Новгород,Авто,67.4,2,2,1543.98,В срок
SHP004642,2025-06-29,Казань,Ростов-на-Дону,Железная дорога,716.9,4,4,4163.9,В срок
SHP002031,2025-11-06,Санкт-Петербург,Екатеринбург,Железная дорога,541.4,5,5,5055.68,В срок
SHP005543,2025-02-05,Казань,Уфа,Авто,313.2,2,2,2250.21,В срок
SHP009914,2025-07-25,Казань,Санкт-Петербург,Авиа,128.0,2,2,8843.07,В срок
SHP004124,2025-11-28,Москва,Нижний Новгород,Авиа,270.4,2,2,6293.02,В срок
SHP001342,2025-06-21,Москва,Санкт-Петербург,Авто,459.5,3,3,3379.68,В срок
SHP003145,2025-07-06,Казань,Новосибирск,Авто,802.9,6,0,6701.1,В срок
SHP000131,2025-03-12,Екатеринбург,Санкт-Петербург,Железная дорога,207.6,5,5,4417.36,В срок
SHP008134,2025-01-25,Москва,Самара,Железная дорога,285.6,4,4,3291.47,В срок
SHP003915,2025-03-11,Москва,Уфа,Авто,346.7,4,4,3834.07,В срок
SHP009015,2025-10-15,Екатеринбург,Новосибирск,Авто,1502.6,4,4,6304.13,В срок
SHP008785,2025-02-14,Екатеринбург,Нижний Новгород,Железная дорога,601.6,4,8,3533.22,Задержка
SHP003741,2025-10-22,Москва,Екатеринбург,Железная дорога,291.9,4,4,4049.68,В срок
SHP002310,2025-06-12,Новосибирск,Ростов-на-Дону,Железная дорога,1031.4,7,7,6588.28,В срок
SHP001610,2025-02-17,Казань,Нижний Новгород,Железная дорога,689.5,3,3,3028.99,В срок
SHP004984,2025-12-16,Санкт-Петербург,Нижний Новгород,Железная дорога,142.0,4,4,2670.9,В срок
SHP000538,2025-06-26,Новосибирск,Санкт-Петербург,Железная дорога,241.9,7,7,5691.26,В срок
SHP006049,2025-09-13,Москва,Санкт-Петербург,Авто,650.7,3,3,3990.28,В срок
SHP006254,2025-08-14,Москва,Казань,Авто,904.2,3,3,4257.98,В срок
SHP008568,2025-10-06,Новосибирск,Москва,Авиа,212.7,3,6,17742.34,Задержка
SHP008162,2025-01-30,Москва,Казань,Железная дорога,274.4,3,2,3017.57,В срок
SHP002388,2025-10-12,Москва,Казань,Железная дорога,265.0,3,3,2869.45,В срок
SHP005813,2025-02-15,Екатеринбург,Нижний Новгород,Железная дорога,548.6,4,4,3779.14,В срок
SHP006162,2025-05-24,Санкт-Петербург,Казань,Железная дорога,727.4,4,7,4210.13,Задержка
SHP007704,2025-02-03,Санкт-Петербург,Самара,Авто,483.0,4,8,4857.25,Задержка
SHP006397,2025-04-05,Москва,Ростов-на-Дону,Авто,118.9,3,3,3235.88,В срок
SHP001775,2025-03-27,Екатеринбург,Ростов-на-Дону,Железная дорога,148.3,5,9,4705.58,Задержка
SHP005717,2025-10-19,Новосибирск,Москва,Железная дорога,62.7,6,8,5353.3,Задержка
SHP003006,2025-10-18,Казань,Москва,Авто,325.4,3,3,,В срок
SHP007861,2025-03-27,Москва,Новосибирск,Железная дорога,294.8,6,6,6263.63,В срок
SHP003484,2025-01-29,Казань,Новосибирск,Авиа,272.4,3,3,14271.74,В срок
SHP002760,2025-09-15,Москва,Санкт-Петербург,Авто,318.8,3,3,2577.87,В срок
SHP007702,2025-01-20,Москва,Самара,Железная дорога,79.8,4,4,2829.46,В срок
SHP009870,2025-12-29,Екатеринбург,Новосибирск,Авто,160.7,4,7,3769.81,Задержка
SHP002834,2025-05-28,Санкт-Петербург,Самара,Железная дорога,182.9,4,4,3396.89,В срок
SHP009117,2025-04-04,Санкт-Петербург,Нижний Новгород,Авиа,194.1,2,2,7986.98,В срок
SHP005985,2025-04-29,Москва,Ростов-на-Дону,Авто,182.8,3,3,3256.85,В срок
SHP004617,2025-12-11,Москва,Нижний Новгород,Железная дорога,606.4,3,3,3061.19,В срок
SHP008181,2025-08-05,Санкт-Петербург,Екатеринбург,Авиа,261.2,2,2,12818.81,В срок
SHP001448,2025-01-01,Санкт-Петербург,Пермь,Авто,236.6,4,4,3627.27,В срок
SHP002506,2025-03-23,Москва,Ростов-на-Дону,Авто,413.8,3,2,3620.95,В срок
SHP004349,2025-10-08,Казань,Новосибирск,Авто,245.3,6,10,5310.24,Задержка
SHP000340,2025-03-14,Санкт-Петербург,Нижний Новгород,Авто,117.5,3,2,2743.1,В срок
SHP007117,2025-11-04,Москва,Самара,Железная дорога,335.1,4,4,3501.27,В срок
SHP004173,2025-03-28,Новосибирск,Санкт-Петербург,Железная дорога,141.8,7,7,6134.56,В срок
SHP007068,2025-12-07,Москва,Санкт-Петербург,Авто,1396.2,3,3,6040.59,В срок
SHP001649,2025-01-23,Екатеринбург,Новосибирск,Железная дорога,262.9,4,4,3476.2,В срок
SHP009175,2025-02-19,Москва,Новосибирск,Железная дорога,496.7,6,7,5783.05,Задержка
SHP001063,2025-08-28,Екатеринбург,Нижний Новгород,Железная дорога,158.1,4,4,2948.24,В срок
SHP007142,2025-09-05,Новосибирск,Ростов-на-Дону,Авиа,552.6,3,3,19071.02,В срок
SHP004574,2025-05-17,Екатеринбург,Москва,Железная дорога,363.9,4,4,3956.46,В срок
SHP005241,2025-10-03,Новосибирск,Самара,Авиа,101.0,3,3,999999.0,В срок
SHP001202,2025-09-28,Москва,Казань,Авто,626.3,3,3,3517.88,В срок
SHP009149,2025-12-12,Москва,Уфа,Железная дорога,299.0,4,5,3098.32,Задержка
SHP008600,2025-09-26,Москва,Екатеринбург,Авто,718.7,4,4,5559.38,В срок
SHP006105,2025-03-11,Екатеринбург,Уфа,Авто,1794.0,2,4,5929.45,Задержка
SHP005835,2025-12-28,Екатеринбург,Пермь,Авто,295.9,2,2,2000.3,В срок
SHP009200,2025-10-13,Новосибирск,Казань,Авто,180.5,6,6,5472.17,В срок
SHP000542,2025-05-14,Москва,Пермь,Железная дорога,131.4,4,4,3318.7,В срок
SHP001410,2025-11-30,Санкт-Петербург,Уфа,Авто,456.2,5,7,5469.45,Задержка
SHP003141,2025-04-29,Москва,Санкт-Петербург,Авиа,755.9,2,1,9730.11,В срок
SHP009910,2025-06-29,Казань,Санкт-Петербург,Железная дорога,601.6,4,4,3539.39,В срок
SHP008625,2025-10-09,Санкт-Петербург,Уфа,Авто,264.2,5,5,4743.03,В срок
SHP004483,2025-08-17,Санкт-Петербург,Ростов-на-Дону,Авиа,808.0,2,4,15439.68,Задержка
SHP003644,2025-07-14,Екатеринбург,Новосибирск,Авиа,137.9,2,2,10064.15,В срок
SHP008198,2025-10-06,Екатеринбург,Ростов-на-Дону,Железная дорога,1053.1,5,5,5999.82,В срок
SHP001398,2025-07-19,Новосибирск,Самара,Авиа,157.1,3,3,12781.88,В срок
SHP004464,2025-10-22,Москва,Ростов-на-Дону,Авиа,1800.0,2,2,17592.55,В срок
SHP006097,2025-09-25,Москва,Уфа,Авиа,239.3,2,2,10181.03,В срок
SHP002667,2025-07-25,Санкт-Петербург,Самара,Железная дорога,350.0,4,3,3640.04,В срок
SHP001482,2025-09-03,Екатеринбург,Москва,Железная дорога,110.8,4,4,3706.83,В срок
SHP003678,2025-01-23,Москва,Пермь,Авиа,1800.0,2,2,,В срок
SHP005615,2025-09-04,Москва,Уфа,Железная дорога,1468.5,4,4,5690.29,В срок
SHP002572,2025-11-11,Москва,Екатеринбург,Железная дорога,79.9,4,4,3413.08,В срок
SHP004386,2025-12-13,Санкт-Петербург,Ростов-на-Дону,Авто,164.4,4,4,3990.4,В срок
SHP000573,2025-02-19,Екатеринбург,Казань,Авто,569.6,3,3,3363.12,В срок
SHP001783,2025-12-19,Екатеринбург,Самара,Авто,343.6,3,3,3314.27,В срок
SHP006051,2025-05-11,Москва,Санкт-Петербург,Железная дорога,118.2,3,3,2686.88,В срок
SHP006690,2025-12-19,Казань,Уфа,Железная дорога,179.9,3,2,2322.23,В срок
SHP004779,2025-11-21,Москва,Ростов-на-Дону,Железная дорога,155.9,4,4,2783.73,В срок
SHP008802,2025-12-09,Санкт-Петербург,Уфа,Железная дорога,178.2,5,7,3957.38,Задержка
SHP006847,2025-01-10,Новосибирск,Москва,Авто,468.2,7,11,6842.13,Задержка
SHP002970,2025-01-18,Казань,Санкт-Петербург,Железная дорога,255.6,4,3,3627.78,В срок
SHP000280,2025-12-02,Москва,Ростов-на-Дону,Авто,46.3,3,3,3058.42,В срок
SHP004975,2025-10-21,Москва,Екатеринбург,Авиа,1647.3,2,1,17843.33,В срок
SHP000979,2025-04-22,Москва,Пермь,Авто,322.8,4,4,3873.12,В срок
SHP009057,2025-08-16,Санкт-Петербург,Казань,Авто,136.9,4,3,3845.07,В срок
SHP004696,2025-12-18,Новосибирск,Казань,Железная дорога,389.8,5,5,4142.43,В срок
SHP007884,2025-05-05,Москва,Самара,Авиа,722.2,2,2,9488.52,В срок
SHP007100,2025-04-19,Москва,Самара,Авто,148.0,3,6,2907.34,Задержка
SHP006928,2025-07-13,Новосибирск,Самара,Авиа,732.0,3,3,18020.07,В срок
SHP006067,2025-01-17,Казань,Санкт-Петербург,Авто,199.7,4,6,3659.76,Задержка
SHP002625,2025-10-18,Казань,Пермь,Авто,546.5,2,6,2615.6,Задержка
SHP003228,2025-12-09,Новосибирск,Пермь,Авто,70.9,5,9,4379.6,Задержка
SHP000387,2025-03-09,Москва,Новосибирск,Авиа,132.4,3,3,15625.85,В срок
SHP004544,2025-06-30,Санкт-Петербург,Казань,Железная дорога,115.8,4,4,2890.27,В срок
SHP000510,2025-07-13,Москва,Нижний Новгород,Железная дорога,165.2,3,3,2284.19,В срок
SHP005416,2025-06-23,Москва,Ростов-на-Дону,Авто,291.1,3,6,3719.34,Задержка
SHP009629,2025-06-22,Москва,Ростов-на-Дону,Железная дорога,516.9,4,4,3581.57,В срок
SHP006084,2025-04-14,Москва,Уфа,Авто,1536.4,4,5,7723.87,Задержка
SHP007195,2025-08-24,Казань,Санкт-Петербург,Железная дорога,379.9,4,4,3737.7,В срок
SHP000810,2025-04-16,Казань,Ростов-на-Дону,Авто,298.4,4,5,3734.86,Задержка
SHP001300,2025-11-21,Новосибирск,Санкт-Петербург,Железная дорога,96.2,7,7,6014.03,В срок
SHP002831,2025-10-31,Москва,Нижний Новгород,Авто,330.9,2,4,2342.67,Задержка
SHP008001,2025-03-07,Москва,Казань,Авто,81.8,3,3,2491.51,В срок
SHP000105,2025-06-06,Москва,Нижний Новгород,Авто,76.2,2,2,1754.95,В срок
SHP004662,2025-10-27,Москва,Уфа,Авиа,274.0,2,2,8724.66,В срок
SHP000401,2025-01-17,Екатеринбург,Новосибирск,Авиа,257.4,2,1,10588.51,В срок
SHP006528,2025-08-08,Москва,Казань,Авто,234.9,3,7,2976.31,Задержка
SHP002927,2025-08-27,Новосибирск,Уфа,Авиа,106.2,2,2,12185.31,В срок
SHP002968,2025-06-10,Санкт-Петербург,Ростов-на-Дону,Авто,216.9,4,4,4161.01,В срок
SHP009171,2025-04-09,Москва,Екатеринбург,Железная дорога,472.1,4,4,3715.5,В срок
SHP007783,2025-12-25,Москва,Пермь,Железная дорога,152.6,4,6,2901.64,Задержка
SHP004895,2025-12-21,Екатеринбург,Ростов-на-Дону,Авто,191.1,5,9,4631.14,Задержка
SHP006624,2025-01-31,Санкт-Петербург,Нижний Новгород,Железная дорога,146.2,4,3,2860.68,В срок
SHP005335,2025-09-18,Казань,Ростов-на-Дону,Железная дорога,228.0,4,4,3156.02,В срок
SHP008030,2025-05-13,Казань,Нижний Новгород,Авто,132.3,2,2,1745.34,В срок
SHP007166,2025-06-26,Казань,Самара,Авиа,164.0,2,1,5365.49,В срок
SHP005675,2025-04-12,Новосибирск,Уфа,Железная дорога,39.1,5,9,3309.63,Задержка
SHP001416,2025-09-01,Екатеринбург,Новосибирск,Железная дорога,255.0,4,4,3871.47,В срок
SHP008954,2025-04-11,Санкт-Петербург,Казань,Железная дорога,191.1,4,6,2838.88,Задержка
SHP002483,2025-06-23,Екатеринбург,Самара,авто ,473.1,3,60,3684.33,В срок
SHP009954,2025-06-27,Казань,Уфа,Железная дорога,568.0,3,3,2873.65,В срок
SHP007584,2025-06-07,Екатеринбург,Санкт-Петербург,Железная дорога,71.2,5,5,3620.18,В срок
SHP002264,2025-11-19,Москва,Новосибирск,Железная дорога,265.6,6,6,5620.28,В срок
SHP008749,2025-06-18,Москва,Нижний Новгород,Авто,1291.5,2,1,4616.57,В срок
SHP009460,2025-08-23,Санкт-Петербург,Ростов-на-Дону,Авто,558.0,4,6,5363.12,Задержка
SHP007793,2025-10-23,Москва,Самара,Авто,162.4,3,3,3150.18,В срок
SHP005024,2025-04-19,Санкт-Петербург,Екатеринбург,Авто,357.8,5,5,5270.43,В срок
SHP002337,2025-12-17,Санкт-Петербург,Ростов-на-Дону,Железная дорога,536.0,5,7,4236.12,Задержка
SHP003402,2025-03-19,Москва,Самара,Авто,239.7,3,6,3208.98,Задержка
SHP007499,2025-11-01,Москва,Новосибирск,Авиа,470.8,3,3,18720.53,В срок
SHP007840,2025-06-08,Москва,Екатеринбург,Авиа,112.2,2,2,10316.44,В срок
SHP005841,2025-06-10,Новосибирск,Уфа,Железная дорога,372.6,5,5,4539.45,В срок
SHP005013,2025-01-31,Москва,Пермь,Железная дорога,173.2,4,4,3369.51,В срок
SHP002777,2025-12-07,Санкт-Петербург,Екатеринбург,Авто,781.8,5,5,5756.61,В срок
SHP002638,2025-06-18,Санкт-Петербург,Ростов-на-Дону,Железная дорога,419.2,5,5,4279.02,В срок
SHP001622,2025-05-20,Москва,Нижний Новгород,Авто,319.8,2,4,2547.3,Задержка
SHP002852,2025-11-21,Москва,Ростов-на-Дону,Железная дорога,169.8,4,3,3022.35,В срок
SHP006431,2025-03-09,Москва,Ростов-на-Дону,Железная дорога,491.7,4,4,3467.23,В срок
SHP002692,2025-03-15,Москва,Санкт-Петербург,Авто,175.9,3,2,2695.97,В срок
SHP008036,2025-11-12,Санкт-Петербург,Уфа,,236.5,5,5,4616.93,В срок
SHP004122,2025-10-17,Санкт-Петербург,Ростов-на-Дону,Авиа,352.4,2,2,11698.2,В срок
SHP009609,2025-06-07,Санкт-Петербург,Самара,Авиа,537.8,2,2,11756.84,В срок
SHP009010,2025-04-08,Новосибирск,Самара,АВИА,275.6,3,3,15414.96,В срок
SHP002118,2025-01-31,Екатеринбург,Уфа,Авто,305.7,2,5,2323.56,Задержка
SHP001702,2025-04-30,Екатеринбург,Самара,Железная дорога,778.4,4,5,3780.04,Задержка
SHP009169,2025-04-26,Москва,Ростов-на-Дону,Авто,105.5,3,4,2677.85,Задержка
SHP008404,2025-11-16,Екатеринбург,Казань,Авто,603.4,3,3,3286.8,В срок
SHP005654,2025-03-06,Казань,Ростов-на-Дону,Железная дорога,260.9,4,4,3732.82,В срок
SHP004211,2025-12-26,Казань,Нижний Новгород,Авто,112.3,2,1,1609.0,В срок
SHP001705,2025-12-01,Санкт-Петербург,Ростов-на-Дону,Железная дорога,154.4,5,5,3950.07,В срок
SHP000643,2025-06-18,Москва,Казань,Авиа,693.4,2,2,7834.59,В срок
SHP001538,2025-10-14,Новосибирск,Нижний Новгород,Железная дорога,1212.6,6,6,6431.4,В срок
SHP004945,2025-02-02,Москва,Уфа,Авиа,156.0,2,2,9736.48,В срок
SHP007470,2025-01-08,Москва,Нижний Новгород,Авиа,224.1,2,1,5789.63,В срок
SHP001711,2025-02-09,Москва,Самара,Авиа,389.3,2,2,7951.14,В срок
SHP005597,2025-10-16,Москва,Новосибирск,Авиа,230.0,3,3,16990.84,В срок
SHP002555,2025-07-10,Новосибирск,Уфа,Железная дорога,163.7,5,5,4093.1,В срок
SHP003757,2025-03-06,Москва,Екатеринбург,Железная дорога,684.3,4,4,3862.47,В срок
SHP000660,2025-09-27,Москва,Нижний Новгород,Авто,412.1,2,3,2583.68,Задержка
SHP005513,2025-01-20,Москва,Нижний Новгород,Авто,313.2,2,2,2554.48,в срок 
SHP006199,2025-11-27,Екатеринбург,Санкт-Петербург,Авто,78.1,5,5,4715.02,В срок
SHP007362,2025-08-02,Казань,Санкт-Петербург,Железная дорога,335.9,4,4,3518.75,В срок
SHP005067,2025-05-14,Москва,Казань,Авиа,501.5,2,2,8969.29,В срок
SHP000505,2025-07-10,Казань,Пермь,Авто,299.3,2,1,2634.06,В срок
SHP006430,2025-09-29,Москва,Санкт-Петербург,Авто,258.4,3,2,2652.85,В срок
SHP000486,2025-02-18,Санкт-Петербург,Пермь,Авто,114.9,4,4,3435.39,В срок
SHP004722,2025-03-19,Санкт-Петербург,Москва,Железная дорога,381.9,3,3,2615.49,В срок
SHP005059,2025-04-05,Москва,Казань,Авто,254.3,3,3,2487.27,В срок
SHP006028,2025-10-20,Санкт-Петербург,Ростов-на-Дону,Авиа,240.6,2,1,9654.93,В срок
SHP004013,2025-01-12,Москва,Нижний Новгород,Авто,93.7,2,2,1865.27,В срок
SHP002316,2025-07-17,Москва,Санкт-Петербург,Авто,414.8,3,2,3116.29,В срок
SHP008271,2025-06-15,Москва,Пермь,Авиа,507.1,2,2,11370.43,В срок
SHP002902,2025-11-04,Москва,Нижний Новгород,Авиа,481.1,2,1,6716.08,В срок
SHP000068,2025-06-07,Санкт-Петербург,Ростов-на-Дону,Авто,715.3,4,4,5136.66,В срок
SHP000294,2025-08-05,Екатеринбург,Санкт-Петербург,Железная дорога,340.5,5,5,4269.67,В срок
SHP008760,2025-04-03,Москва,Новосибирск,Железная дорога,145.9,6,6,5442.16,В срок
SHP004579,2025-07-12,Казань,Нижний Новгород,Авиа,140.3,2,1,5284.06,В срок
SHP004619,2025-01-22,Казань,Уфа,Железная дорога,606.9,3,7,2960.65,Задержка
SHP005971,2025-04-15,Москва,Ростов-на-Дону,Железная дорога,,4,4,3435.12,В срок
SHP009780,2025-05-04,Санкт-Петербург,Москва,Авто,381.6,3,3,2926.2,В срок
SHP000306,2025-10-23,Санкт-Петербург,Новосибирск,Авто,110.5,7,7,6727.29,В срок
SHP002395,2025-07-16,Санкт-Петербург,Уфа,Авто,1327.2,5,5,7382.36,В срок
SHP006493,2025-08-09,Москва,Пермь,Авиа,167.2,2,2,9629.48,В срок
SHP007301,2025-09-12,Казань,Самара,Железная дорога,166.9,3,2,1978.6,В срок
SHP008154,2025-01-23,Москва,Нижний Новгород,Авто,309.9,2,3,2316.47,Задержка
SHP007879,2025-03-21,Москва,Ростов-на-Дону,Авто,287.5,3,3,3526.54,В срок
SHP008330,2025-06-04,Казань,Ростов-на-Дону,Авто,657.8,4,4,4249.9,В срок
SHP006426,2025-01-25,Москва,Нижний Новгород,Авто,292.7,2,2,2106.2,В срок
SHP000668,2025-12-05,Москва,Екатеринбург,Железная дорога,481.9,4,4,4239.46,В срок
SHP009586,2025-02-15,Новосибирск,Санкт-Петербург,Железная дорога,143.5,7,7,6453.48,В срок
SHP005510,14.06.2025,Екатеринбург,Самара,Авто,653.1,3,3,4101.36,В срок
SHP005764,2025-09-10,Казань,Екатеринбург,Авто,186.7,3,3,,В срок
SHP000973,2025-05-22,Москва,Самара,Железная дорога,248.7,4,3,3114.47,В срок
SHP002739,2025-12-22,Санкт-Петербург,Екатеринбург,Железная дорога,213.5,5,5,4097.18,В срок
SHP004401,2025-09-15,Москва,Нижний Новгород,Железная дорога,255.1,3,2,2406.05,В срок
SHP000517,2025-10-05,Санкт-Петербург,Казань,Железная дорога,282.7,4,4,3834.14,В срок
SHP000044,2025-11-24,Новосибирск,Ростов-на-Дону,Авто,1474.2,7,6,10443.65,В срок
SHP004293,2025-03-03,Москва,Екатеринбург,Железная дорога,75.0,4,4,3397.2,В срок
SHP000608,2025-09-16,Санкт-Петербург,Нижний Новгород,Авто,221.4,3,3,2953.41,В срок
SHP005507,2025-06-19,Екатеринбург,Нижний Новгород,Железная дорога,800.4,4,4,4652.88,В срок
SHP005643,2025-02-27,Санкт-Петербург,Казань,Железная дорога,350.7,4,4,3532.78,В срок
SHP007519,2025-06-14,Москва,Нижний Новгород,Железная дорога,62.6,3,5,1769.78,Задержка
SHP005784,2025-09-22,Екатеринбург,Москва,Авто,1120.8,4,4,6664.38,В срок
SHP002104,2025-11-18,Москва,Самара,Авто,383.8,3,3,3698.0,В срок
SHP003845,2025-07-12,Казань,Москва,Авто,253.6,3,3,2941.41,В срок
SHP002267,2025-05-08,Екатеринбург,Казань,Авто,80.6,3,3,2315.77,В срок
SHP002187,2025-08-02,Санкт-Петербург,Ростов-на-Дону,Авто,218.2,4,4,4361.33,В срок
SHP004467,2025-05-09,Москва,Новосибирск,Железная дорога,233.1,6,5,5339.95,В срок
SHP000145,2025-06-25,Москва,Новосибирск,Железная дорога,462.2,6,6,5938.37,В срок
SHP004870,2025-04-19,Москва,Казань,Авиа,184.7,2,2,6874.41,В срок
SHP002794,2025-09-20,Москва,Уфа,Авиа,171.7,2,1,9121.02,В срок
SHP005589,2025-04-19,Москва,Ростов-на-Дону,Авто,199.0,3,7,2876.08,В срок
SHP001040,2025-01-08,Москва,Новосибирск,Авиа,368.0,3,3,17119.08,В срок
SHP003820,2025-11-15,Казань,Новосибирск,Железная дорога,682.8,5,6,5696.36,Задержка
SHP007260,2025-07-02,Москва,Санкт-Петербург,Авто,325.1,3,2,3155.72,В срок
SHP005581,2025-07-18,Москва,Самара,Авиа,112.7,2,2,7395.78,В срок
SHP004376,2025-06-12,Москва,Уфа,Авто,618.6,4,4,4383.43,В срок
SHP001979,2025-02-10,Новосибирск,Санкт-Петербург,Железная дорога,178.9,7,7,5714.08,В срок
SHP003827,2025-12-10,Москва,Уфа,Железная дорога,99.6,4,6,3069.7,Задержка
SHP008376,2025-06-27,Санкт-Петербург,Уфа,Железная дорога,1073.0,5,5,4805.78,В срок
SHP002266,2025-05-26,Казань,Санкт-Петербург,Авто,921.2,4,4,5507.13,В срок
SHP005858,2025-09-03,Санкт-Петербург,Уфа,Железная дорога,343.0,5,5,4148.47,В срок
SHP004545,2025-08-22,Москва,Санкт-Петербург,Авто,218.4,3,2,2423.24,В срок
SHP009679,2025-09-29,Москва,Нижний Новгород,Авиа,241.9,2,2,5607.59,В срок
SHP002591,2025-08-17,Екатеринбург,Казань,Авто,448.0,3,2,3403.63,В срок
SHP005917,2025-04-19,Москва,Екатеринбург,Авто,267.7,4,3,4076.53,В срок
SHP002567,2025-07-03,Новосибирск,Казань,Железная дорога,395.5,5,5,4846.35,В срок
SHP009465,2025-09-16,Москва,Новосибирск,Железная дорога,342.4,6,6,5192.68,В срок
SHP006759,2025-08-29,Санкт-Петербург,Москва,Авто,117.6,3,3,2350.25,В срок
SHP001740,2025-08-16,Казань,Уфа,Авто,778.1,2,2,3759.29,В срок
SHP002899,2025-12-07,Москва,Ростов-на-Дону,Авто,202.3,3,7,2873.78,Задержка
SHP008843,2025-03-09,Екатеринбург,Ростов-на-Дону,Железная дорога,265.0,5,5,4141.56,В срок
SHP000295,2025-04-10,Москва,Пермь,Авто,307.9,4,4,4563.4,В срок
SHP001924,2025-06-26,Москва,Екатеринбург,Авто,94.8,4,4,3862.56,В срок
SHP000969,2025-03-02,Казань,Уфа,Авто,157.1,2,2,2079.03,В срок
SHP002585,2025-10-01,Екатеринбург,Уфа,Авто,180.8,2,5,1831.78,Задержка
SHP004552,2025-03-15,Москва,Уфа,Железная дорога,172.5,4,8,3201.84,Задержка
SHP009310,2025-05-01,Санкт-Петербург,Ростов-на-Дону,Железная дорога,86.2,5,4,3562.3,В срок
SHP009639,2025-03-10,Казань,Пермь,Авто,90.9,2,2,1999.79,В срок
SHP009125,2025-11-24,Москва,Уфа,Авто,358.1,4,4,3887.8,В срок
SHP008075,2025-12-10,Москва,Санкт-Петербург,Железная дорога,99.8,3,3,2445.68,В срок
SHP003780,2025-01-16,Москва,Ростов-на-Дону,Железная дорога,215.6,4,4,3079.73,В срок
SHP006282,2025-04-17,Новосибирск,Уфа,Железная дорога,110.8,5,4,3323.52,В срок
SHP004220,2025-10-21,Санкт-Петербург,Самара,Авто,355.0,4,4,4609.58,В срок
SHP000663,2025-08-13,Казань,Ростов-на-Дону,Авиа,93.0,2,2,9216.15,В срок
SHP000863,2025-05-31,Санкт-Петербург,Новосибирск,Авиа,227.7,3,3,22145.93,В срок
SHP008247,2025-10-19,Казань,Москва,Авто,319.6,3,3,,В срок
SHP005112,2025-05-19,Казань,Москва,Железная дорога,283.6,3,3,2885.7,В срок
SHP008818,2025-04-19,Москва,Екатеринбург,Авиа,335.8,2,2,11225.95,В срок
SHP005602,2025-09-06,Казань,Нижний Новгород,Железная дорога,220.0,3,2,2291.34,В срок
SHP001409,2025-10-18,Москва,Самара,Железная дорога,268.8,4,4,2667.55,В срок
SHP007529,2025-08-14,Екатеринбург,Нижний Новгород,Железная дорога,862.5,4,4,4094.97,В срок
SHP006513,2025-03-15,Москва,Самара,Авиа,191.9,2,2,8227.06,В срок
SHP008975,2025-02-13,Новосибирск,Москва,Авто,221.8,7,8,6657.65,Задержка
SHP008458,2025-01-01,Москва,Пермь,Авто,279.3,4,6,3791.41,Задержка
SHP003332,2025-11-26,Новосибирск,Пермь,Железная дорога,133.6,5,5,3691.39,В срок
SHP008290,2025-03-21,Санкт-Петербург,Новосибирск,Железная дорога,1509.1,7,7,9269.09,В срок
SHP003679,2025-11-24,Екатеринбург,Ростов-на-Дону,Авиа,631.8,2,2,14355.79,В срок
SHP008782,2025-01-01,Казань,Пермь,Железная дорога,336.5,3,3,2543.68,В срок
SHP008506,2025-04-19,Екатеринбург,Казань,Железная дорога,559.5,3,3,3309.2,В срок
SHP000423,2025-03-19,Москва,Ростов-на-Дону,Железная дорога,340.9,4,4,2993.17,В срок
SHP002730,2025-05-30,Екатеринбург,Казань,Железная дорога,244.2,3,3,2945.45,В срок
SHP003194,16.01.2025,Екатеринбург,Ростов-на-Дону,Железная дорога,163.1,5,5,3888.72,В срок
SHP000897,2025-07-01,Новосибирск,Нижний Новгород,Железная дорога,372.3,6,6,4790.75,В срок
SHP001051,2025-02-01,Москва,Пермь,Авто,166.7,4,4,3577.04,В срок
SHP004373,2025-01-05,Казань,Новосибирск,Железная дорога,155.6,5,5,4818.42,В срок
SHP008538,2025-01-02,Москва,Уфа,Авиа,171.6,2,2,8993.48,В срок
SHP003919,2025-05-31,Санкт-Петербург,Ростов-на-Дону,Авто,1037.0,4,4,7087.76,В срок
SHP005680,2025-11-29,Казань,Пермь,Железная дорога,303.5,3,3,2663.08,В срок
SHP008904,2025-10-28,Екатеринбург,Нижний Новгород,Авиа,451.4,2,2,9285.11,В срок
SHP001692,2025-08-15,Москва,Самара,Авто,751.0,3,2,3942.87,В срок
SHP007209,2025-05-13,Екатеринбург,Самара,Железная дорога,227.3,4,4,2580.37,В срок
SHP003683,2025-08-01,Москва,Пермь,Железная дорога,116.1,4,4,3180.13,В срок
SHP006423,2025-11-28,Москва,Екатеринбург,Железная дорога,417.2,4,4,4358.92,В срок
SHP008692,2025-04-10,Москва,Самара,Авто,161.8,3,4,3031.97,Задержка
SHP007985,2025-07-31,Москва,Екатеринбург,Железная дорога,580.9,4,4,4250.39,В срок
SHP008063,2025-06-12,Москва,Нижний Новгород,Железная дорога,336.4,3,3,2898.03,В срок
SHP008038,2025-06-06,Казань,Санкт-Петербург,Авто,263.8,4,4,4368.99,В срок
SHP008642,2025-10-24,Москва,Новосибирск,Авиа,301.0,3,3,16706.26,В срок
SHP003397,2025-11-19,Санкт-Петербург,Нижний Новгород,Железная дорога,405.5,4,4,2968.53,В срок
SHP002930,2025-11-03,Екатеринбург,Москва,Авиа,647.1,2,2,12761.24,В срок
SHP006920,2025-07-04,Москва,Самара,Авто,129.3,3,3,3206.26,В срок
SHP008971,2025-07-28,Москва,Казань,Авто,174.8,3,3,2907.65,В срок
SHP008197,2025-01-27,Санкт-Петербург,Нижний Новгород,Железная дорога,297.6,4,5,3023.27,Задержка
SHP005426,2025-02-11,Санкт-Петербург,Нижний Новгород,Авто,432.7,3,7,3224.45,задержано
SHP003127,2025-07-03,Казань,Ростов-на-Дону,Авто,275.6,4,6,3669.79,Задержка
SHP001895,2025-08-15,Новосибирск,Екатеринбург,Авиа,190.6,2,2,10326.1,В срок
SHP006591,2025-06-08,Москва,Нижний Новгород,Авто,215.5,2,2,2156.97,В срок
SHP006995,2025-05-08,Екатеринбург,Уфа,Авто,172.9,2,1,2040.32,В срок
SHP004989,25.11.2025,Санкт-Петербург,Москва,Авиа,394.9,2,2,7702.17,В срок
SHP001605,2025-11-26,Екатеринбург,Самара,Железная дорога,379.3,4,4,3204.02,В срок
SHP005238,2025-06-19,Москва,Пермь,Авто,182.3,4,4,3534.51,В срок
SHP006656,2025-01-21,Москва,Новосибирск,Железная дорога,285.0,6,6,5746.78,В срок
SHP001249,2025-11-06,Москва,Уфа,Железная дорога,244.3,4,6,3010.48,Задержка
SHP004196,2025-05-04,Москва,Казань,Авто,89.2,3,3,2307.75,В срок
SHP005662,2025-03-12,Москва,Казань,Авто,307.3,3,5,2840.35,Задержка
SHP003241,2025-09-12,Москва,Самара,Железная дорога,195.2,4,4,2580.27,В срок
SHP003614,13.11.2025,Новосибирск,Ростов-на-Дону,Авиа,195.3,3,3,17673.88,В срок
SHP002352,2025-08-10,Санкт-Петербург,Нижний Новгород,Авиа,477.4,2,2,9279.62,В срок
SHP001237,2025-12-27,Санкт-Петербург,Уфа,Железная дорога,290.5,5,5,4158.92,В срок
SHP002331,2025-04-16,Санкт-Петербург,Ростов-на-Дону,Авто,179.9,4,4,4408.19,В срок
SHP007902,2025-12-17,Новосибирск,Пермь,Авиа,782.9,2,2,14333.74,В срок
SHP002644,2025-10-26,Москва,Уфа,Железная дорога,141.2,4,4,3582.31,В срок
SHP006507,2025-07-10,Санкт-Петербург,Екатеринбург,Железная дорога,83.9,5,5,3481.54,В срок
SHP004409,2025-02-09,Казань,Самара,Железная дорога,138.3,3,5,2203.76,Задержка
SHP000124,2025-07-18,Казань,Екатеринбург,Авиа,314.0,2,2,7058.01,В срок
SHP006139,2025-08-10,Москва,Казань,Железная дорога,308.2,3,3,2584.95,В срок
SHP001067,2025-07-31,Казань,Уфа,Железная дорога,594.3,3,3,2790.4,В срок
SHP005191,2025-06-11,Екатеринбург,Новосибирск,Авто,283.2,4,5,3914.7,Задержка
SHP009848,2025-10-13,Новосибирск,Екатеринбург,Железная дорога,717.2,4,4,4159.66,В срок
SHP009754,2025-05-22,Казань,Москва,Авто,566.0,3,3,4097.05,В срок
SHP008723,2025-11-28,Санкт-Петербург,Новосибирск,Железная дорога,465.5,7,7,5940.1,В срок
SHP008739,2025-11-07,Казань,Уфа,Авто,357.3,2,2,2176.06,В срок
SHP002418,2025-02-10,Екатеринбург,Казань,Авто,136.0,3,3,2698.13,В срок
SHP005143,2025-08-29,Казань,Пермь,Авто,104.5,2,2,2127.09,В срок
SHP009410,2025-02-05,Москва,Пермь,Авто,115.2,4,8,3657.69,Задержка
SHP006008,2025-12-03,Москва,Казань,Железная дорога,348.0,3,3,2937.32,В срок
SHP009454,2025-12-29,Новосибирск,Уфа,Железная дорога,,5,8,4611.6,Задержка
SHP003906,2025-09-22,Москва,Ростов-на-Дону,Авто,89.0,3,3,3489.12,В срок
SHP007366,2025-07-08,Москва,Казань,Авто,317.6,3,3,2732.92,В срок
SHP005308,2025-08-10,Екатеринбург,Казань,Авто,406.6,3,3,3195.23,В срок
SHP000741,2025-02-08,Казань,Нижний Новгород,Авто,67.9,2,2,1657.19,В срок
SHP008366,2025-04-05,Екатеринбург,Москва,Железная дорога,314.6,4,3,3666.12,В срок
SHP001399,2025-10-02,Москва,Казань,Железная дорога,206.7,3,3,2981.9,В срок
SHP006308,2025-12-16,Казань,Нижний Новгород,Авто,577.7,2,2,2971.12,В срок
SHP001878,2025-09-29,Екатеринбург,Пермь,Авто,272.4,2,2,2163.3,В срок
SHP001694,2025-06-27,Москва,Уфа,Железная дорога,133.3,4,4,3266.46,В срок
SHP007003,2025-12-12,Москва,Самара,Железная дорога,250.0,4,3,2588.07,В срок
SHP000983,2025-12-10,Казань,Уфа,Авто,256.0,2,2,2322.23,В срок
SHP001397,2025-11-02,Москва,Ростов-на-Дону,Авто,278.7,3,3,3865.2,В срок
SHP001107,2025-02-24,Екатеринбург,Пермь,Авто,653.9,2,2,3189.24,В срок
SHP004285,2025-06-15,Казань,Ростов-на-Дону,Железная дорога,225.3,4,4,3172.91,В срок
SHP008837,2025-08-02,Казань,Новосибирск,Авиа,157.2,3,3,12736.02,В срок
SHP007986,2025-02-13,Санкт-Петербург,Новосибирск,Железная дорога,159.1,7,7,5444.19,В срок
SHP000720,2025-05-02,Москва,Казань,Авто,450.9,3,3,3691.45,В срок
SHP007911,2025-04-17,Москва,Нижний Новгород,Авто,97.7,2,2,1858.02,В срок
SHP009811,2025-04-01,Екатеринбург,Пермь,Авто,144.4,2,2,1732.62,В срок
SHP009316,2025-09-30,Москва,Самара,Авиа,127.2,2,2,7774.01,В срок
SHP004272,2025-12-11,Москва,Нижний Новгород,Железная дорога,462.7,3,3,2418.27,В срок
SHP009518,2025-06-22,Казань,Самара,Авто,763.1,2,4,3249.06,Задержка
SHP009312,2025-12-07,Санкт-Петербург,Самара,Авто,200.4,4,4,4215.27,В срок
SHP005505,2025-09-03,Новосибирск,Екатеринбург,Авто,270.8,4,4,4168.91,В срок
SHP001152,2025-01-09,Москва,Пермь,Железная дорога,196.7,4,4,3514.81,В срок
SHP007087,2025-01-05,Санкт-Петербург,Нижний Новгород,ж/д,432.4,4,4,3290.49,В срок
SHP008296,2025-02-04,Москва,Нижний Новгород,Авиа,128.5,2,2,5929.91,В срок
SHP003675,2025-07-19,Москва,Казань,Железная дорога,601.1,3,3,3364.5,В срок
SHP001703,2025-04-10,Екатеринбург,Пермь,Авто,349.6,2,2,2424.05,В срок
SHP004402,2025-06-15,Казань,Нижний Новгород,Железная дорога,447.2,3,3,2405.23,В срок
SHP007998,2025-10-23,Санкт-Петербург,Москва,Авиа,419.3,2,5,8654.05,Задержка
SHP008535,2025-08-11,Новосибирск,Екатеринбург,Железная дорога,222.3,4,8,3708.82,Задержка
SHP007756,2025-02-01,Москва,Нижний Новгород,Авто,411.3,2,1,3004.31,В срок
SHP003662,2025-03-10,Москва,Казань,Железная дорога,415.4,3,3,2728.71,В срок
SHP004162,2025-12-30,Санкт-Петербург,Екатеринбург,Авиа,402.9,2,2,14088.19,в срок 
SHP007138,2025-06-20,Новосибирск,Нижний Новгород,Авиа,357.9,3,3,15848.13,В срок
SHP003157,2025-05-30,Москва,Уфа,Железная дорога,400.7,4,4,3358.74,В срок
SHP006202,2025-12-27,Москва,Нижний Новгород,Авто,761.0,2,5,3302.21,Задержка
SHP001717,2025-09-22,Санкт-Петербург,Уфа,Железная дорога,395.6,5,5,3870.44,В срок
SHP008855,2025-06-04,Санкт-Петербург,Екатеринбург,Железная дорога,659.0,5,5,4693.62,В срок
SHP003009,2025-05-19,Санкт-Петербург,Ростов-на-Дону,Авто,682.3,4,4,5772.59,В срок
SHP002175,2025-04-05,Екатеринбург,Уфа,Авто,63.0,2,2,1760.89,В срок
SHP007790,2025-08-05,Екатеринбург,Пермь,Авто,139.3,2,2,1744.87,В срок
SHP007201,2025-04-07,Москва,Екатеринбург,Железная дорога,301.9,4,5,3523.96,Задержка
SHP000410,2025-10-25,Москва,Казань,Авто,326.0,3,3,3053.93,В срок
SHP003422,2025-01-07,Казань,Самара,Авто,137.1,2,2,1802.67,В срок
SHP008180,2025-12-17,Санкт-Петербург,Нижний Новгород,Железная дорога,168.4,4,4,2973.85,В срок
SHP007484,2025-09-17,Москва,Уфа,Авиа,152.6,2,2,9320.1,В срок
SHP002223,2025-03-07, москва ,Екатеринбург,Авиа,143.1,2,2,11052.74,В срок
SHP003007,2025-03-24,Санкт-Петербург,Казань,Железная дорога,410.9,4,4,3590.39,В срок
SHP004136,2025-07-25,Москва,Самара,Авто,612.7,3,3,4293.57,в срок 
SHP003425,2025-12-29,Москва,Санкт-Петербург,Железная дорога,159.0,3,2,2373.64,В срок
SHP004632,2025-04-21,Новосибирск,Екатеринбург,Авиа,312.4,2,2,12014.0,В срок
SHP004279,2025-08-26,Москва,Уфа,Авиа,157.4,2,2,8757.8,В срок
SHP006569,2025-02-27,Москва,Пермь,Железная дорога,178.5,4,4,3287.94,В срок
SHP003549,2025-03-03,Казань,Ростов-на-Дону,Железная дорога,224.0,4,4,2774.77,В срок
SHP008980,2025-11-10,Новосибирск,Ростов-на-Дону,Железная дорога,378.7,7,7,6441.74,В срок
SHP009422,2025-11-26,Москва,Самара,Железная дорога,174.4,4,4,2970.64,В срок
SHP003089,2025-11-05,Новосибирск,Казань,Авиа,235.7,3,3,13453.37,В срок
SHP002792,2025-07-16,Новосибирск,Екатеринбург,Железная дорога,1069.3,4,4,5067.61,В срок
SHP009068,2025-05-07,Москва,Ростов-на-Дону,Авто,56.4,3,3,2877.54,В срок
SHP005943,2025-10-20,Москва,Самара,Авто,209.0,3,6,2682.63,Задержка
SHP009002,2025-06-22,Екатеринбург,Санкт-Петербург,Авиа,820.6,2,2,15983.88,В срок
SHP008599,2025-03-30,Екатеринбург,Ростов-на-Дону,Авиа,,2,2,13794.24,В срок
SHP006185,2025-05-22,Екатеринбург,Пермь,Железная дорога,211.0,3,3,2039.96,В срок
SHP009714,2025-01-27,Москва,Ростов-на-Дону,Железная дорога,493.8,4,4,3340.46,В срок
SHP007339,2025-09-01,Москва,Нижний Новгород,Авто,1285.4,2,2,4719.33,В срок
SHP007341,2025-12-18,Москва,Самара,Авто,88.5,3,3,2624.02,В срок
SHP007496,2025-06-25,Екатеринбург,Самара,Авто,136.3,3,3,2656.62,В срок
SHP000611,2025-02-17,Москва,Нижний Новгород,Железная дорога,70.7,3,3,2147.95,В срок
SHP007250,2025-02-18,Казань,Нижний Новгород,Авто,148.2,2,3,1661.89,Задержка
SHP009591,2025-09-17,Москва,Уфа,Авто,216.8,4,6,3609.82,Задержка
SHP009142,2025-12-12,Казань,Екатеринбург,Авто,739.1,3,5,4377.04,Задержка
SHP008614,2025-06-09,Москва,Казань,Авто,224.9,3,3,3409.34,В срок
SHP000094,2025-03-02,Екатеринбург,Москва,Авиа,67.9,2,2,9207.17,В срок
SHP003639,2025-02-09,Казань,Екатеринбург,Авто,135.3,3,2,2634.62,В срок
SHP000691,2025-07-24,Москва,Самара,Железная дорога,214.4,4,4,3199.13,В срок
SHP003013,2025-06-27,Москва,Ростов-на-Дону,Авиа,410.1,2,5,8638.05,задержано
SHP004202,2025-04-24,Екатеринбург,Пермь,Авто,114.5,2,2,1672.74,В срок
SHP000898,2025-01-14,Новосибирск,Уфа,Авто,43.6,5,5,4108.01,В срок
SHP006069,2025-07-29,Санкт-Петербург,Казань,Железная дорога,113.5,4,4,3254.17,В срок
SHP002164,2025-04-30,Санкт-Петербург,Екатеринбург,Авиа,100.8,2,2,11827.72,В срок
SHP002113,2025-03-14,Санкт-Петербург,Ростов-на-Дону,Железная дорога,341.1,5,5,3939.16,В срок
SHP001642,2025-01-09,Новосибирск,Ростов-на-Дону,Авиа,327.9,3,3,18262.8,В срок
SHP006630,2025-09-12,Москва,Уфа,Железная дорога,202.3,4,4,3017.87,В срок
SHP009918,2025-02-05,Москва,Казань,Авто,220.7,3,3,2552.7,В срок
SHP009786,2025-12-03,Москва,Ростов-на-Дону,Железная дорога,118.1,4,4,3189.51,В срок
SHP002632,2025-12-24,Екатеринбург,Самара,Авто,606.0,3,3,4279.26,В срок
SHP008344,2025-04-21,Екатеринбург,Уфа,Авиа,1285.0,2,4,12303.9,Задержка
SHP003674,2025-12-27,Москва,Ростов-на-Дону,Авиа,318.2,2,2,8685.89,В срок
SHP000592,2025-07-13,Екатеринбург,Ростов-на-Дону,Авиа,611.7,2,2,15150.3,В срок
SHP006551,2025-07-24,Москва,Ростов-на-Дону,Железная дорога,465.9,4,6,3155.76,Задержка
SHP001388,2025-02-23,Москва,Новосибирск,Авиа,89.8,3,3,17052.28,В срок
SHP000565,2025-09-15,Екатеринбург,Москва,Авто,192.1,4,4,4408.12,В срок
SHP004153,2025-03-08,Екатеринбург,Москва,Авто,299.4,4,4,4192.62,В срок
SHP000635,2025-03-05,Казань,Новосибирск,Железная дорога,1052.9,5,5,5451.5,В срок
SHP009610,2025-03-25,Новосибирск,Самара,Авто,214.8,6,6,4771.93,В срок
SHP003082,2025-09-29,Новосибирск,Казань,Авиа,128.5,3,3,13755.21,В срок
SHP003168,2025-09-16,Санкт-Петербург,Самара,Авиа,718.4,2,2,13119.26,В срок
SHP003490,2025-01-27,Москва,Ростов-на-Дону,Железная дорога,428.9,4,4,3613.4,В срок
SHP004022,2025-02-28,Санкт-Петербург,Самара,авто ,1210.6,4,4,,В срок
SHP003420,2025-03-01,Новосибирск,Екатеринбург,Железная дорога,554.3,4,4,4224.98,В срок
SHP007465,2025-08-17,Екатеринбург,Уфа,Авиа,79.7,2,1,5481.27,В срок
SHP000748,2025-11-13,Москва,Уфа,Авиа,243.1,2,2,10572.63,В срок
SHP007187,2025-08-20,Москва,Нижний Новгород,Авто,210.6,2,1,2136.52,В срок
SHP001974,2025-02-24,Казань,Самара,Авто,309.4,2,2,1768.58,В срок
SHP004528,2025-05-13,Санкт-Петербург,Казань,Железная дорога,290.3,4,4,3566.62,В срок
SHP008422,2025-01-25,Новосибирск,Казань,Железная дорога,86.8,5,7,4462.31,Задержка
SHP003338,2025-01-22,Москва,Пермь,Железная дорога,226.1,4,8,3343.14,Задержка
SHP008291,2025-03-26,Новосибирск,Уфа,Железная дорога,315.0,5,5,999999.0,В срок
SHP004972,2025-08-26,Москва,Казань,,186.8,3,3,2693.7,В срок
SHP009463,2025-05-20,Новосибирск,Санкт-Петербург,Авиа,853.2,3,3,22267.92,В срок
SHP008836,2025-04-13,Москва,Новосибирск,Железная дорога,1105.0,6,5,6742.02,В срок
SHP005368,2025-02-15,Москва,Нижний Новгород,Железная дорога,125.4,3,3,2255.5,В срок
SHP002251,2025-11-03,Москва,Екатеринбург,Железная дорога,223.4,4,4,3933.31,В срок
SHP006233,2025-11-06,Санкт-Петербург,Самара,Авиа,241.5,2,2,10462.06,В срок
SHP003029,2025-09-28,Новосибирск,Екатеринбург,Авто,686.2,4,5,4990.13,Задержка
SHP006292,2025-01-27,Казань,Пермь,Авто,167.8,2,2,2242.39,В срок
SHP003039,2025-05-07,Москва,Нижний Новгород,Авиа,200.9,2,2,5613.54,В срок
SHP000589,2025-12-28,Москва,Екатеринбург,Авиа,126.5,2,2,9661.12,в срок 
SHP004002,2025-06-23,Москва,Екатеринбург,Железная дорога,226.0,4,5,3436.06,Задержка
SHP002991,2025-08-22,Новосибирск,Ростов-на-Дону,Железная дорога,164.3,7,7,5393.21,В срок
SHP005604,2025-08-18,Санкт-Петербург,Уфа,Железная дорога,526.2,5,5,4836.25,В срок
SHP006458,2025-03-13,Екатеринбург,Уфа,Авто,460.5,2,3,2665.33,Задержка
SHP003762,2025-01-03,Новосибирск,Москва,Железная дорога,192.3,6,8,5155.21,Задержка
SHP007210,2025-09-18,Екатеринбург,Пермь,Железная дорога,111.8,3,3,1950.45,В срок
SHP005868,2025-08-18,Москва,Нижний Новгород,Авто,275.4,2,3,2637.16,Задержка
SHP006114,2025-08-05,Екатеринбург,Уфа,Авто,112.8,2,2,1662.6,В срок
SHP008317,2025-08-01, москва ,Уфа,Железная дорога,234.5,4,7,3428.38,Задержка
SHP005270,2025-02-01,Москва,Екатеринбург,Авто,608.4,4,4,5021.31,В срок
SHP007624,2025-12-24,Москва,Новосибирск,Авиа,291.5,3,3,18744.33,В срок
SHP008350,2025-09-11,Казань,Санкт-Петербург,Железная дорога,295.3,4,4,3484.69,В срок
SHP003548,2025-09-26,Москва,Санкт-Петербург,Железная дорога,95.6,3,2,2281.89,В срок
SHP007511,2025-08-09,Санкт-Петербург,Москва,Авто,95.3,3,3,2050.46,В срок
SHP007570,2025-07-31,Санкт-Петербург,Екатеринбург,Авто,329.2,5,5,4957.33,В срок
SHP003446,2025-02-09,Санкт-Петербург,Нижний Новгород,Авто,351.9,3,6,3082.39,Задержка
SHP006196,2025-10-14,Санкт-Петербург,Уфа,Авто,433.3,5,5,4779.69,В срок
SHP000997,2025-07-08,Санкт-Петербург,Ростов-на-Дону,Авто,290.4,4,4,4612.33,В срок
SHP004478,2025-04-20,Москва,Санкт-Петербург,Авто,451.2,3,3,3300.6,В срок
SHP006835,2025-08-02,Казань,Москва,Авто,72.9,3,2,2472.7,В срок
SHP005775,2025-06-10,Москва,Санкт-Петербург,Авто,107.4,3,3,2398.75,В срок
SHP004207,2025-03-12,Москва,Самара,Авиа,244.1,2,3,8071.98,Задержка
SHP002564,2025-12-09,Москва,Санкт-Петербург,Авто,255.8,3,3,2747.87,В срок
SHP001600,2025-03-09,Казань,Новосибирск,Авиа,305.9,3,3,12965.81,В срок
SHP000626,2025-01-09,Казань,Санкт-Петербург,Авто,188.5,4,4,3525.73,В срок
SHP004045,2025-05-03,Новосибирск,Пермь,Железная дорога,56.2,5,9,3648.92,Задержка
SHP001217,2025-11-16,Санкт-Петербург,Москва,Авто,383.3,3,3,2880.72,В срок
SHP001373,2025-02-05,Екатеринбург,Пермь,Авиа,250.6,2,2,4941.52,В срок
SHP007368,2025-06-25,Москва,Казань,Авто,203.1,3,3,2712.73,В срок
SHP002486,2025-07-05,Москва,Новосибирск,Авиа,70.4,3,2,15376.09,В срок
SHP009595,2025-07-12,Екатеринбург,Москва,Авто,263.1,4,6,4432.97,Задержка
SHP004664,2025-08-12,Санкт-Петербург,Самара,Железная дорога,332.8,4,4,3878.44,В срок
SHP001120,2025-08-09,Санкт-Петербург,Екатеринбург,Железная дорога,590.4,5,5,4880.98,В срок
SHP005425,2025-06-03,Казань,Нижний Новгород,Железная дорога,257.7,3,3,2145.63,В срок
SHP008184,2025-02-22,Екатеринбург,Нижний Новгород,Железная дорога,131.8,4,6,2959.19,Задержка
SHP007379,2025-06-17,Москва,Пермь,Авто,173.4,4,4,3688.61,В срок
SHP003537,2025-03-03,Казань,Самара,Авто,177.6,2,4,1847.2,Задержка
SHP003793,2025-08-11,Казань,Пермь,Авиа,119.6,2,2,5572.7,В срок
SHP004352,2025-11-04,Москва,Пермь,Авто,227.7,4,4,3607.29,В срок
SHP007107,2025-08-31,Санкт-Петербург,Нижний Новгород,Авиа,309.1,2,2,7070.24,В срок
SHP007928,2025-03-28,Казань,Уфа,Авто,260.4,2,2,2290.81,В срок
SHP004711,2025-02-01,Санкт-Петербург,Новосибирск,Авиа,906.0,3,3,23325.21,В срок
SHP000905,2025-10-30,Санкт-Петербург,Новосибирск,Железная дорога,190.8,7,7,6281.82,В срок
SHP009119,2025-06-15,Москва,Ростов-на-Дону,Авиа,715.6,2,5,10568.55,Задержка
SHP009598,2025-03-11,Москва,Казань,Авто,243.9,3,5,2878.57,Задержка
SHP005177,26.02.2025,Москва,Нижний Новгород,авто ,447.4,2,6,2752.04,Задержка
SHP006990,2025-08-23,Санкт-Петербург,Уфа,Авиа,734.1,2,2,14702.52,В срок
SHP008244,2025-06-29,Москва,Казань,Авто,1071.7,3,6,4924.1,Задержка
SHP005660,2025-03-28,Новосибирск,Нижний Новгород,Авиа,110.9,3,7,13896.15,Задержка
SHP008791,2025-09-13,Санкт-Петербург,Нижний Новгород,Железная дорога,55.2,4,4,3042.6,В срок
SHP000120,2025-02-23,Москва,Уфа,Железная дорога,816.5,4,4,4632.64,В срок
SHP001787,2025-02-02,Москва,Ростов-на-Дону,Железная дорога,441.1,4,4,3463.62,В срок
SHP007976,2025-09-16,Казань,Екатеринбург,Авто,286.8,3,3,2752.51,В срок
SHP008057,2025-09-15,Новосибирск,Санкт-Петербург,Авиа,1106.8,3,2,22352.61,В срок
SHP001770,2025-09-18,Москва,Екатеринбург,Авто,139.8,4,3,4176.75,В срок
SHP008669,2025-07-16,Казань,Нижний Новгород,Железная дорога,96.6,3,3,1963.91,В срок
SHP001209,2025-03-01,Москва,Казань,Авто,376.1,3,3,3030.79,В срок
SHP004648,2025-05-14,Москва,Санкт-Петербург,Авто,181.4,3,3,2261.86,В срок
SHP009502,2025-03-15,Санкт-Петербург,Москва,Авто,283.4,3,3,2944.98,В срок
SHP004730,2025-03-18,Санкт-Петербург,Нижний Новгород,Авто,407.8,3,3,3620.67,В срок
SHP005894,2025-11-01,Екатеринбург,Ростов-на-Дону,Авиа,385.6,2,4,13136.52,Задержка
SHP009268,2025-01-13,Москва,Новосибирск,Авиа,46.6,3,2,16266.68,В срок
SHP003624,2025-08-25,Санкт-Петербург,Екатеринбург,Железная дорога,279.6,5,7,4022.69,Задержка
SHP008146,2025-07-26,Москва,Нижний Новгород,Авто,366.4,2,2,2490.09,В срок
SHP006632,2025-10-03,Санкт-Петербург,Нижний Новгород,Авто,243.6,3,3,3536.19,В срок
SHP005508,2025-07-21,Екатеринбург,Самара,Авто,498.2,3,3,3709.51,В срок
SHP009694,2025-04-13,Казань,Уфа,Авто,205.9,2,6,2234.36,Задержка
SHP009470,2025-02-24,Санкт-Петербург,Пермь,Железная дорога,149.8,5,7,3622.82,Задержка
SHP008942,2025-07-08,Москва,Санкт-Петербург,Авто,184.6,3,3,2413.54,В срок
SHP000743,2025-04-09,Москва,Казань,Авто,326.7,3,3,3125.2,В срок
SHP003090,2025-08-19,Екатеринбург,Москва,Авто,332.6,4,4,4482.98,В срок
SHP000942,2025-02-04,Москва,Уфа,Железная дорога,323.9,4,5,3169.05,Задержка
SHP002906,2025-06-30,Санкт-Петербург,Уфа,Железная дорога,224.9,5,5,4452.91,В срок
SHP001609,2025-06-26,Москва,Самара,Авиа,496.9,2,2,9013.41,В срок
SHP003432,2025-03-25,Москва,Новосибирск,Авиа,126.2,3,3,14997.72,В срок
SHP005402,2025-12-14,Санкт-Петербург,Самара,Железная дорога,200.2,4,4,3314.24,В срок
SHP003287,2025-06-12,Санкт-Петербург,Пермь,Железная дорога,270.6,5,7,3624.98,Задержка
SHP008733,2025-05-13,Москва,Казань,Авто,452.1,3,4,3506.71,Задержка
SHP005965,2025-12-27,Москва,Самара,Авто,121.3,3,3,2713.28,В срок
SHP007523,2025-10-20,Казань,Самара,Железная дорога,305.8,3,3,2158.61,В срок
SHP006416,24.06.2025,Санкт-Петербург,Самара,Авиа,772.6,2,2,13232.63,В срок
SHP005240,2025-11-27,Москва,Пермь,Авиа,121.2,2,2,9106.68,В срок
SHP002371,2025-04-27,Казань,Новосибирск,Железная дорога,831.0,5,8,5980.87,Задержка
SHP003199,2025-11-24,Казань,Нижний Новгород,Железная дорога,533.9,3,6,3017.25,Задержка
SHP008705,2025-03-07,Санкт-Петербург,Пермь,Авто,251.3,4,4,4276.72,В срок
SHP009975,2025-01-19,Казань,Нижний Новгород,Авто,1250.5,2,1,4195.12,В срок
SHP008232,2025-12-15,Москва,Уфа,Железная дорога,430.1,4,4,3637.0,В срок
SHP000013,2025-12-21,Москва,Пермь,Железная дорога,118.6,4,4,3228.49,В срок
SHP003377,2025-03-09,Москва,Самара,Авто,243.1,3,3,3465.32,В срок
SHP005561,2025-12-21,Москва,Самара,Авто,164.0,3,5,3030.77,Задержка
SHP002330,2025-10-27,Москва,Самара,Железная дорога,286.2,4,4,3138.52,В срок
SHP009358,2025-02-11,Москва,Санкт-Петербург,Авто,602.9,3,3,3692.91,В срок
SHP003102,2025-07-21,Санкт-Петербург,Екатеринбург,Авто,943.9,5,9,6232.68,Задержка
SHP007144,2025-11-05,Санкт-Петербург,Ростов-на-Дону,Железная дорога,372.7,5,5,3837.56,В срок
SHP000128,2025-12-09,Москва,Ростов-на-Дону,Железная дорога,498.9,4,4,3536.32,В срок
SHP007296,2025-07-28,Екатеринбург,Санкт-Петербург,Авиа,174.1,2,2,11404.86,В срок
SHP005776,2025-01-27,Москва,Уфа,Железная дорога,433.7,4,4,3530.04,В срок
SHP001591,2025-11-04,Екатеринбург,Уфа,Авто,260.7,2,2,2396.44,В срок
SHP009613,2025-08-25,Москва,Екатеринбург,Железная дорога,272.2,4,4,4001.93,В срок
SHP003884,2025-10-07,Новосибирск,Ростов-на-Дону,Железная дорога,108.2,7,7,6100.81,В срок
SHP008834,2025-05-19,Новосибирск,Москва,Железная дорога,616.9,6,6,6960.24,В срок
SHP003575,2025-03-17,Москва,Уфа,Железная дорога,742.1,4,4,4488.29,В срок
SHP008359,2025-12-24,Москва,Казань,Авиа,377.2,2,2,7644.51,В срок
SHP002422,2025-11-05,Казань,Санкт-Петербург,Авиа,374.6,2,6,9788.1,Задержка
SHP003005,2025-02-19,Санкт-Петербург,Нижний Новгород,Железная дорога,226.4,4,3,2935.25,В срок
SHP004114,2025-07-15,Москва,Нижний Новгород,Авто,42.6,2,2,1665.32,В срок
SHP007880,2025-03-03,Москва,Самара,Железная дорога,655.6,4,4,3403.15,В срок
SHP002868,2025-08-25,Новосибирск,Уфа,Авто,365.9,5,5,5217.88,В срок
SHP001862,2025-02-18,Санкт-Петербург,Пермь,Железная дорога,156.1,5,9,4276.05,В срок
SHP001683,2025-06-02,Москва,Казань,Авто,267.7,3,3,2826.29,В срок
SHP001710,2025-01-16,Москва,Новосибирск,Авиа,906.3,3,3,21212.53,В срок
SHP006770,2025-01-29,Москва,Нижний Новгород,Авто,222.0,2,5,2052.58,Задержка
SHP001888,2025-02-03,Екатеринбург,Ростов-на-Дону,Железная дорога,178.7,5,9,4335.6,Задержка
SHP003871,2025-08-08,Москва,Пермь,Авто,546.0,4,4,4493.8,В срок
SHP002558,2025-01-07,Москва,Пермь,Авто,1213.2,4,4,6048.71,В срок
SHP009408,2025-03-03,Казань,Ростов-на-Дону,Авто,201.5,4,3,3745.95,В срок
SHP000773,2025-11-08,Москва,Самара,Железная дорога,210.7,4,4,2903.65,В срок
SHP001881,2025-09-25,Москва,Екатеринбург,Авиа,118.3,2,0,9788.65,Задержка
SHP002317,2025-09-19,Москва,Ростов-на-Дону,Железная дорога,430.4,4,4,3522.79,В срок
SHP008395,2025-03-25,Екатеринбург,Новосибирск,Железная дорога,334.5,4,4,4412.14,В срок
SHP004521,2025-04-30,Новосибирск,Уфа,Железная дорога,290.0,5,5,4726.18,В срок
SHP003923,2025-04-02,Москва,Пермь,Авто,241.6,4,4,3308.44,В срок
SHP008499,2025-02-05,Санкт-Петербург,Нижний Новгород,Железная дорога,312.1,4,5,3164.32,Задержка
SHP008860,2025-01-25,Москва,Ростов-на-Дону,Авиа,519.7,2,2,10490.81,В срок
SHP006251,2025-05-18,Москва,Ростов-на-Дону,Авто,158.9,3,3,2908.28,В срок
SHP002445,2025-07-16,Казань,Пермь,Авиа,351.5,2,2,7665.79,В срок
SHP003722,2025-12-10,Москва,Казань,Железная дорога,843.8,3,3,3747.52,В срок
SHP002796,2025-08-29,Екатеринбург,Санкт-Петербург,Авто,154.8,5,5,4965.89,В срок
SHP006272,2025-05-03,Новосибирск,Уфа,Авиа,471.9,2,2,13564.46,В срок
SHP005267,2025-06-08,Москва,Екатеринбург,Железная дорога,92.2,4,4,3337.3,В срок
SHP005630,2025-10-23,Москва,Санкт-Петербург,Авто,131.8,3,2,2339.34,В срок
SHP007273,2025-09-06,Москва,Пермь,Железная дорога,347.9,4,4,3717.51,В срок
SHP003324,2025-05-14,Москва,Самара,Авто,150.1,3,3,2883.3,В срок
SHP000331,2025-07-07,Москва,Самара,Железная дорога,297.3,4,4,3066.51,В срок
SHP008000,2025-09-16,Казань,Новосибирск,Железная дорога,669.3,5,4,5034.43,В срок
SHP004729,2025-03-09,Москва,Уфа,Железная дорога,179.4,4,4,3225.58,В срок
SHP001849,2025-09-25,Казань,Москва,Авто,95.3,3,3,2191.26,В срок
SHP009938,2025-11-22,Москва,Екатеринбург,Авто,315.2,4,4,3777.25,В срок
SHP009732,2025-04-29,Новосибирск,Уфа,Железная дорога,276.9,5,5,4411.24,В срок
SHP004918,2025-07-13,Москва,Пермь,Железная дорога,772.3,4,4,4152.23,В срок
SHP005166,2025-08-26,Москва,Ростов-на-Дону,Авиа,325.5,2,2,9089.18,В срок
SHP004465,2025-07-27,Москва,Пермь,Железная дорога,429.1,4,4,3502.66,В срок
SHP004236,2025-12-28,Москва,Самара,Железная дорога,119.7,4,4,2787.29,В срок
SHP002142,2025-09-15,Москва,Ростов-на-Дону,Железная дорога,162.9,4,4,3170.92,В срок
SHP000669,2025-07-06,Москва,Нижний Новгород,Авто,328.2,2,2,2525.38,В срок
SHP002048,2025-05-25,Санкт-Петербург,Уфа,Авто,42.4,5,5,3670.89,В срок
SHP002789,2025-11-04,Екатеринбург,Ростов-на-Дону,Железная дорога,168.2,5,4,4236.12,В срок
SHP006094,2025-09-24,Новосибирск,Пермь,Железная дорога,83.0,5,6,3790.49,Задержка
SHP005092,2025-12-22,Москва,Самара,Авиа,444.9,2,2,8211.55,В срок
SHP005083,2025-04-07,Екатеринбург,Новосибирск,Авто,217.4,4,3,4198.75,В срок
SHP004836,2025-05-20,Москва,Самара,Железная дорога,432.0,4,4,3151.69,В срок
SHP004527,2025-10-02,Санкт-Петербург,Самара,Авиа,919.5,2,2,14121.2,В срок
SHP000175,2025-04-12,Москва,Ростов-на-Дону,Авиа,336.5,2,2,9432.04,В срок
SHP008571,2025-10-10,Санкт-Петербург,Пермь,Железная дорога,219.7,5,6,4313.79,Задержка
SHP003492,2025-08-19,Казань,Санкт-Петербург,Авиа,651.9,2,6,11108.26,Задержка
SHP007870,2025-03-13,Казань,Нижний Новгород,Авто,304.3,2,2,2453.95,В срок
SHP004067,2025-06-29,Санкт-Петербург,Уфа,Авиа,1486.3,2,2,18789.15,В срок
SHP001392,2025-03-28,Санкт-Петербург,Уфа,авто ,450.5,5,5,5116.18,В срок
SHP004344,2025-07-16,Санкт-Петербург,Екатеринбург,Авто,164.0,5,5,4526.37,В срок
SHP008611,2025-09-13,Новосибирск,Ростов-на-Дону,Железная дорога,438.8,7,7,6920.97,В срок
SHP008674,2025-01-04,Екатеринбург,Пермь,Авиа,136.5,2,2,5012.04,В срок
SHP008438,2025-02-01,Москва,Новосибирск,Железная дорога,352.8,6,8,5778.82,Задержка
SHP005291,2025-09-02,Екатеринбург,Самара,Авто,182.6,3,3,3186.73,В срок
SHP003104,2025-12-21,Москва,Новосибирск,Авиа,446.8,3,5,17838.89,Задержка
SHP008609,2025-08-29,Москва,Ростов-на-Дону,Авто,149.5,3,3,2758.01,В срок
SHP004284,2025-06-03,Москва,Новосибирск,Авиа,573.5,3,3,19605.0,В срок
SHP007743,2025-08-22,Москва,Екатеринбург,Железная дорога,147.4,4,4,3718.87,В срок
SHP006768,2025-12-10,Екатеринбург,Москва,Авиа,402.1,2,2,11533.14,В срок
SHP004947,2025-07-24,Санкт-Петербург,Уфа,Авто,403.4,5,5,5206.4,В срок
SHP003804,2025-04-29,Новосибирск,Самара,Авиа,146.7,3,3,12987.13,В срок
SHP002500,2025-12-21,Москва,Казань,Авто,358.3,3,3,3470.17,В срок
SHP006665,2025-04-19,Москва,Ростов-на-Дону,Авто,167.4,3,5,3180.46,Задержка
SHP007413,2025-07-01,Екатеринбург,Нижний Новгород,Авиа,516.4,2,2,10530.39,В срок
SHP008654,2025-07-05,Казань,Новосибирск,Авто,190.9,6,9,5402.77,Задержка
SHP007312,2025-12-28,Санкт-Петербург,Казань,Железная дорога,177.6,4,4,3265.59,В срок
SHP004507,2025-11-14,Новосибирск,Москва,Железная дорога,134.2,6,6,4988.7,В срок
SHP000017,2025-03-13,Москва,Екатеринбург,Железная дорога,173.8,4,4,3840.89,В срок
SHP001554,2025-09-05,Москва,Самара,Железная дорога,126.8,4,4,2923.04,В срок
SHP009633,2025-06-09,Екатеринбург,Казань,Авто,400.2,3,3,3512.25,В срок
SHP004396,2025-12-03,Екатеринбург,Нижний Новгород,Авто,359.1,3,5,3388.59,Задержка
SHP001252,2025-09-21,Санкт-Петербург,Москва,Авто,411.4,3,3,3029.91,В срок
SHP003277,2025-03-06,Москва,Нижний Новгород,Авто,170.9,2,2,1665.72,В срок
SHP005008,2025-02-09,Казань,Самара,Авто,313.2,2,5,,Задержка
SHP002029,2025-05-30,Казань,Уфа,Железная дорога,56.6,3,3,2010.75,В срок
SHP007028,2025-10-19,Москва,Нижний Новгород,Авто,263.7,2,2,2162.96,В срок
SHP005153,2025-08-19,Москва,Уфа,Авто,268.9,4,3,3536.08,В срок
SHP005912,2025-01-04,Москва,Ростов-на-Дону,Железная дорога,126.3,4,5,3097.84,Задержка
SHP004054,2025-04-02,Москва,Казань,Авто,669.2,3,3,3871.84,В срок
SHP004697,2025-01-24,Москва,Нижний Новгород,Железная дорога,753.8,3,3,2974.34,В срок
SHP000657,2025-11-07,Москва,Казань,Авиа,870.3,2,1,10751.18,В срок
SHP004137,2025-03-30,Санкт-Петербург,Казань,Авиа,410.0,2,2,10385.68,В срок
SHP006675,2025-05-25,Казань,Самара,Авто,886.0,2,2,3880.68,В срок
SHP001766,2025-06-22,Санкт-Петербург,Самара,Железная дорога,70.7,4,4,3614.9,В срок
SHP009862,2025-07-12,Санкт-Петербург,Самара,Авто,208.5,4,4,4052.16,В срок
SHP005572,2025-07-19,Екатеринбург,Пермь,Авто,497.7,2,2,2668.31,В срок
SHP002192,2025-01-31,Екатеринбург,Санкт-Петербург,Железная дорога,274.4,5,7,4073.18,Задержка
SHP004133,2025-01-24,Москва,Новосибирск,Железная дорога,118.1,6,6,5094.42,В срок
SHP002073,2025-02-27,Москва,Пермь,Железная дорога,166.2,4,7,3585.04,Задержка
SHP003545,2025-07-27,Екатеринбург,Пермь,Железная дорога,1106.3,3,3,3319.47,В срок
SHP009902,2025-06-03,Екатеринбург,Нижний Новгород,Авто,400.7,3,3,3791.75,В срок
SHP004983,2025-10-10,Москва,Санкт-Петербург,Авиа,578.2,2,2,8529.78,В срок
SHP008610,2025-10-04,Санкт-Петербург,Новосибирск,Авиа,39.8,3,3,17048.66,В срок
SHP002030,2025-09-23,Москва,Екатеринбург,Железная дорога,521.7,4,4,4075.75,В срок
SHP003103,2025-04-28,Москва,Новосибирск,Железная дорога,687.0,0,6,6302.54,В срок
SHP007093,2025-12-17,Санкт-Петербург,Уфа,Авто,174.8,5,5,4532.18,В срок
SHP008177,2025-03-01,Москва,Самара,Железная дорога,177.7,4,4,2640.12,В срок
SHP000041,2025-10-05,Екатеринбург,Самара,Авто,418.9,3,3,3743.0,В срок
SHP003348,2025-07-17,Москва,Самара,Железная дорога,117.2,4,4,2882.38,В срок
SHP003268,2025-02-25,Москва,Уфа,Железная дорога,185.4,4,4,3476.29,В срок
SHP009452,2025-01-08,Москва,Новосибирск,Железная дорога,960.8,6,10,6547.18,Задержка
SHP009826,2025-12-30,Санкт-Петербург,Нижний Новгород,Авто,92.7,3,3,2730.0,В срок
SHP001204,2025-10-22,Санкт-Петербург,Пермь,Железная дорога,50000.0,5,7,4178.66,Задержка
SHP005774,2025-09-01,Санкт-Петербург,Казань,Железная дорога,1800.0,4,3,6246.01,В срок
SHP005055,2025-09-18,Москва,Нижний Новгород,Авиа,135.8,2,2,5604.02,В срок
SHP004288,2025-01-22,Санкт-Петербург,Уфа,Железная дорога,260.2,5,6,4235.73,Задержка
SHP002057,2025-07-02,Санкт-Петербург,Самара,Авто,132.7,4,5,3849.88,Задержка
SHP008089,2025-03-07,Екатеринбург,Пермь,Авто,388.1,2,2,2248.48,В срок
SHP003607,2025-02-01,Новосибирск,Москва,Авиа,156.5,3,3,16863.89,В срок
SHP002470,2025-11-14,Казань,Пермь,Авиа,100.1,2,2,6226.82,В срок
SHP009677,2025-05-07,Санкт-Петербург,Новосибирск,Авиа,466.7,3,3,19601.46,В срок
SHP006462,2025-11-13,Казань,Москва,Авто,254.7,3,3,2761.57,В срок
SHP005327,2025-08-02,Казань,Москва,Авто,228.9,3,3,2978.66,В срок
SHP003062,2025-01-26,Москва,Самара,Авто,297.4,3,3,3548.39,В срок
SHP005103,2025-09-17,Казань,Нижний Новгород,Авто,305.2,2,2,2381.85,В срок
SHP002070,2025-10-03,Екатеринбург,Самара,Авто,60.8,3,3,2725.44,В срок
SHP006998,2025-12-31,Екатеринбург,Новосибирск,Авто,376.4,4,4,4294.49,В срок
SHP003403,2025-12-02,Екатеринбург,Новосибирск,Железная дорога,983.7,4,4,4498.84,В срок
SHP009115,2025-02-19,Москва,Екатеринбург,Железная дорога,659.0,4,4,5204.47,В срок
SHP008722,2025-02-10,Новосибирск,Москва,Железная дорога,715.4,6,10,6213.88,Задержка
SHP004932,2025-07-22,Новосибирск,Ростов-на-Дону,Авиа,269.5,3,3,18773.01,В срок
SHP005220,2025-04-24,Москва,Казань,Авто,323.1,3,3,3201.88,В срок
SHP004010,2025-03-30,Новосибирск,Нижний Новгород,Авиа,207.4,3,3,15087.97,В срок
SHP006804,2025-12-12,Москва,Казань,,95.6,2,3,6632.32,Задержка
SHP007921,2025-09-18,Москва,Пермь,Авто,133.6,4,4,3360.72,В срок
SHP000253,2025-08-30,Москва,Казань,Авто,170.6,3,2,2555.11,В срок
SHP006215,2025-05-16,Казань,Самара,Железная дорога,245.4,3,3,2168.43,В срок
SHP003449,2025-12-10,Москва,Уфа,Авиа,1800.0,2,2,16774.13,В срок
SHP004417,2025-10-21,Москва,Уфа,Железная дорога,125.2,4,4,2833.31,В срок
SHP005781,2025-05-11,Москва,Екатеринбург,Железная дорога,148.6,4,4,3281.62,В срок
SHP006326,2025-08-07,Санкт-Петербург,Уфа,Авиа,337.2,2,4,13143.64,Задержка
SHP005221,2025-02-26,Москва,Екатеринбург,Железная дорога,330.2,4,4,4082.86,В срок
SHP009716,2025-08-20,Новосибирск,Казань,Железная дорога,1321.0,5,5,7012.81,В срок
SHP008596,2025-03-02,Санкт-Петербург,Уфа,Железная дорога,90.9,5,5,3800.22,В срок
SHP007786,2025-10-05,Санкт-Петербург,Екатеринбург,Железная дорога,301.7,5,5,4073.0,В срок
SHP005987,2025-08-11,Москва,Пермь,Авто,197.9,4,3,4073.07,В срок
SHP009658,2025-04-22,Москва,Новосибирск,Железная дорога,250.3,6,6,5832.0,В срок
SHP002534,2025-07-07,Санкт-Петербург,Ростов-на-Дону,Железная дорога,400.7,5,5,4294.5,В срок
SHP004041,2025-02-22,Новосибирск,Екатеринбург,Авто,121.0,4,4,3954.67,В срок
SHP001145,2025-10-24,Москва,Пермь,Авиа,1125.9,2,1,14216.36,В срок
SHP001431,2025-11-01,Новосибирск,Екатеринбург,Авиа,317.4,2,2,8969.53,В срок
SHP009554,2025-11-16,Новосибирск,Пермь,Авто,129.2,5,5,4476.63,В срок
SHP004242,2025-03-09,Москва,Ростов-на-Дону,Авто,70.8,3,5,2897.66,Задержка
SHP008518,2025-05-15,Москва,Казань,Авто,97.2,3,3,2325.21,В срок
SHP003109,2025-02-25,Екатеринбург,Казань,Авто,389.7,3,3,3034.86,В срок
SHP009723,2025-05-24,Москва,Самара,Авиа,192.4,2,2,8885.46,В срок
SHP003457,2025-10-29,Санкт-Петербург,Новосибирск,Авиа,393.1,3,3,18479.77,В срок
SHP001396,2025-05-09,Казань,Уфа,Авто,198.8,2,2,2083.02,В срок
SHP002309,2025-01-13,Екатеринбург,Новосибирск,Железная дорога,185.3,4,4,3760.68,В срок
SHP003419,2025-09-15,Санкт-Петербург,Екатеринбург,Железная дорога,217.6,5,5,3410.63,В срок
SHP000966,2025-01-17,Москва,Екатеринбург,Авто,279.9,4,4,4107.33,В срок
SHP007682,2025-06-22,Москва,Ростов-на-Дону,Железная дорога,472.9,4,4,3712.45,В срок
SHP002684,2025-11-10,Санкт-Петербург,Москва,Авто,638.9,3,6,3772.15,Задержка
SHP003825,2025-10-22,Екатеринбург,Нижний Новгород,Железная дорога,244.2,4,4,3234.73,В срок
SHP005845,2025-10-25,Москва,Новосибирск,Железная дорога,235.2,6,8,6098.89,Задержка
SHP002469,2025-08-28,Казань,Москва,Авто,345.9,3,3,2886.44,В срок
SHP005027,2025-09-04,Екатеринбург,Нижний Новгород,Железная дорога,383.2,4,4,3114.99,В срок
SHP003012,2025-03-26,Екатеринбург,Пермь,Авто,162.6,2,2,2147.44,В срок
SHP003867,2025-11-01,Казань,Москва,Авто,1023.4,3,7,4231.87,Задержка
SHP002386,2025-03-25,Санкт-Петербург,Москва,Авто,840.2,3,3,4431.83,В срок
SHP003649,2025-01-19,Санкт-Петербург,Нижний Новгород,Железная дорога,214.7,4,4,3048.13,В срок
SHP001287,2025-10-10,Екатеринбург,Самара,Железная дорога,426.9,4,4,3655.34,В срок
SHP003615,2025-07-15,Казань,Пермь,Авто,133.4,2,2,2068.47,В срок
SHP009933,2025-03-06,Казань,Новосибирск,Авиа,439.3,3,3,14283.64,В срок
SHP005287,2025-04-16,Москва,Пермь,Железная дорога,248.0,4,3,3430.83,В срок
SHP003596,2025-10-12,Казань,Москва,Авто,96.2,3,3,2461.54,В срок
SHP008398,2025-04-09,Санкт-Петербург,Новосибирск,Авиа,206.6,3,5,18127.11,Задержка
SHP002672,2025-08-07,Санкт-Петербург,Уфа,Авиа,341.5,2,2,13211.86,В срок
SHP004735,2025-07-29,Казань,Уфа,Авто,475.9,2,2,2846.52,В срок
SHP009556,2025-05-01,Санкт-Петербург,Екатеринбург,Железная дорога,237.3,5,5,4814.8,В срок
SHP006245,2025-10-25,Москва,Нижний Новгород,Авто,526.6,2,6,3002.27,Задержка
SHP000793,2025-09-04,Москва,Новосибирск,Авиа,209.7,3,3,18361.56,В срок
SHP003972,2025-01-08,Москва,Самара,Железная дорога,187.0,4,4,2694.78,В срок
SHP004116,2025-06-14,Москва,Новосибирск,Железная дорога,328.0,6,6,5821.84,В срок
SHP000433,2025-10-09,Екатеринбург,Москва,Авто,293.9,4,4,4357.09,В срок
SHP007819,2025-07-01,Москва,Уфа,Железная дорога,68.9,4,4,2907.26,В срок
SHP001020,2025-01-26,Москва,Казань,Авто,294.8,3,3,2679.74,В срок
SHP008557,2025-12-15,Санкт-Петербург,Новосибирск,Авиа,281.0,0,3,18500.15,В срок
SHP005410,2025-06-26,Новосибирск,Пермь,Авто,412.7,5,5,,В срок
SHP000060,2025-01-31,Казань,Екатеринбург,Авто,405.4,3,3,3156.27,В срок
SHP007555,2025-05-01,Санкт-Петербург,Екатеринбург,Железная дорога,267.5,5,5,3966.95,В срок
SHP006529,2025-07-01,Москва,Пермь,Авто,142.3,4,4,3704.32,В срок
SHP007723,2025-05-23,Москва,Екатеринбург,Авто,429.2,4,6,4819.14,Задержка
SHP009672,2025-08-06,Москва,Уфа,Авто,217.0,4,4,3670.19,В срок
SHP009335,2025-11-04,Москва,Нижний Новгород,Железная дорога,163.5,3,3,2142.66,В срок
SHP002201,2025-12-01,Новосибирск,Пермь,Железная дорога,1619.8,5,5,6542.73,В срок
SHP000962,26.09.2025,Санкт-Петербург,Пермь,Железная дорога,164.4,5,5,3818.26,В срок
SHP004826,2025-04-27,Москва,Ростов-на-Дону,Железная дорога,157.1,4,7,2609.13,Задержка
SHP005521,2025-02-06,Екатеринбург,Ростов-на-Дону,Авто,186.6,5,5,5333.04,В срок
SHP008890,2025-02-10,Екатеринбург,Казань,Авиа,364.3,2,6,7594.42,Задержка
SHP003701,2025-11-13,Санкт-Петербург,Екатеринбург,Железная дорога,356.3,5,4,4257.26,В срок
SHP003794,2025-08-16,Казань,Москва,Авто,559.6,3,4,3535.07,Задержка
SHP002647,2025-08-19,Казань,Пермь,Авто,387.8,2,2,2711.92,В срок
SHP001494,2025-10-14,Екатеринбург,Москва,Авто,359.5,4,6,4804.32,Задержка
SHP000930,2025-01-24,Екатеринбург,Уфа,Авто,143.1,2,2,1937.53,В срок
SHP005767,2025-02-15,Москва,Нижний Новгород,Авиа,391.3,2,2,6113.73,В срок
SHP004495,2025-05-05,Москва,Новосибирск,Авиа,334.4,3,3,18625.49,В срок
SHP003557,2025-02-09,Санкт-Петербург,Екатеринбург,Железная дорога,227.8,5,6,4238.76,Задержка
SHP006220,2025-03-12,Новосибирск,Уфа,Железная дорога,116.1,5,5,3622.27,В срок
SHP006342,2025-08-27,Москва,Казань,Железная дорога,150.9,3,3,2518.85,В срок
SHP000006,2025-08-22,Санкт-Петербург,Казань,Железная дорога,150.3,4,4,3584.76,В срок
SHP006714,2025-07-27,Казань,Ростов-на-Дону,Железная дорога,706.8,4,4,3941.66,В срок
SHP002633,2025-07-05,Санкт-Петербург,Новосибирск,Железная дорога,292.4,7,6,5016.3,В срок
SHP007294,2025-05-06,Санкт-Петербург,Новосибирск,Авиа,302.8,3,2,17574.99,В срок
SHP008737,2025-06-14,Санкт-Петербург,Пермь,Железная дорога,276.9,5,5,3678.94,В срок
SHP005383,2025-12-14,Новосибирск,Ростов-на-Дону,Железная дорога,248.1,7,6,5761.08,В срок
SHP008238,2025-12-08,Екатеринбург,Ростов-на-Дону,Авто,162.6,5,6,4491.06,Задержка
SHP006906,2025-07-22,Москва,Казань,Железная дорога,374.4,3,3,3009.14,В срок
SHP008102,2025-06-07,Новосибирск,Санкт-Петербург,Авиа,69.1,3,2,19130.28,В срок
SHP003547,2025-04-21,Казань,Нижний Новгород,Авто,287.9,2,2,2766.41,В срок
SHP003306,2025-03-18,Москва,Нижний Новгород,Железная дорога,107.1,3,6,2361.2,Задержка
SHP009080,2025-04-09,Москва,Самара,Железная дорога,399.9,4,4,2938.63,В срок
SHP007532,2025-12-13,Новосибирск,Пермь,Авто,948.0,5,5,6698.02,В срок
SHP001795,2025-05-18,Москва,Нижний Новгород,Авто,157.9,2,2,2104.51,В срок
SHP005714,2025-04-23,Москва,Пермь,Авиа,204.3,2,2,8708.47,В срок
SHP001076,2025-06-18,Новосибирск,Москва,Авиа,1142.3,3,5,21581.6,Задержка
SHP005356,2025-11-23,Москва,Екатеринбург,Авто,220.1,4,8,3877.68,Задержка
SHP000318,2025-10-24,Москва,Нижний Новгород,Железная дорога,145.5,3,3,2083.18,В срок
SHP000785,2025-11-30,Санкт-Петербург,Нижний Новгород,Железная дорога,580.4,4,3,3129.62,Задержка
SHP007393,2025-06-22,Санкт-Петербург,Нижний Новгород,Железная дорога,122.2,4,4,2802.94,В срок
SHP008864,2025-02-28,Казань,Нижний Новгород,Авто,59.6,2,2,1594.98,В срок
SHP007963,2025-01-30,Санкт-Петербург,Уфа,Железная дорога,202.8,5,6,4004.39,Задержка
SHP004492,2025-02-25,Москва,Новосибирск,Авто,708.2,7,7,6894.12,В срок
SHP007456,2025-12-03,Екатеринбург,Казань,Железная дорога,397.7,3,5,3234.12,Задержка
SHP009799,2025-04-13,Казань,Самара,Авто,509.4,2,2,2891.96,В срок
SHP006722,2025-09-20,Санкт-Петербург,Нижний Новгород,Железная дорога,290.6,4,4,2802.11,в срок 
SHP006830,2025-11-02,Москва,Уфа,Железная дорога,589.5,4,7,4012.24,Задержка
SHP006407,2025-11-18,Екатеринбург,Пермь,Авто,253.5,2,2,1877.96,В срок
SHP005621,2025-01-15,Москва,Новосибирск,Авиа,143.8,3,3,16435.13,В срок
SHP001880,2025-08-13,Екатеринбург,Новосибирск,Железная дорога,300.0,4,6,3320.86,Задержка
SHP003230,2025-02-19,Москва,Екатеринбург,Авиа,453.4,2,2,10567.01,В срок
SHP006862,2025-07-18,Казань,Новосибирск,Авиа,263.7,3,3,13243.89,В срок
SHP003556,2025-09-18,Екатеринбург,Новосибирск,Авто,346.9,4,6,4827.52,Задержка
SHP005518,2025-06-23,Казань,Екатеринбург,Авиа,455.2,2,2,8396.94,В срок
SHP009300,2025-11-17,Москва,Самара,Авто,297.9,3,3,3288.87,В срок
SHP003967,2025-06-12,Москва,Ростов-на-Дону,Авиа,331.3,2,1,8760.39,В срок
SHP000507,2025-01-28,Москва,Пермь,Авто,119.5,4,4,3608.85,В срок
SHP009011,2025-11-27,Казань,Нижний Новгород,Железная дорога,352.3,3,3,2555.38,В срок
SHP005398,2025-10-13,Санкт-Петербург,Пермь,Железная дорога,239.7,5,5,3580.48,В срок
SHP001436,2025-03-01,Москва,Новосибирск,Железная дорога,555.1,6,6,6465.24,В срок
SHP002198,2025-02-27,Казань,Москва,Авто,467.3,3,6,3578.89,Задержка
SHP006218,2025-07-24,Москва,Новосибирск,Железная дорога,355.7,6,6,6551.26,В срок
SHP002075,2025-03-15,Екатеринбург,Нижний Новгород,Авто,181.2,3,3,3169.9,В срок
SHP006364,2025-04-13,Казань,Пермь,Авто,244.6,2,2,2521.84,В срок
SHP005992,2025-02-24,Москва,Самара,Авто,63.9,3,3,2551.7,В срок
SHP007656,2025-06-22,Москва,Уфа,Железная дорога,160.4,4,3,3433.7,В срок
SHP007449,2025-06-15,Новосибирск,Москва,Железная дорога,283.3,6,6,4899.18,В срок
SHP005707,2025-06-19,Москва,Самара,Железная дорога,175.6,4,4,2684.16,В срок
SHP007224,2025-01-29,Москва,Новосибирск,Железная дорога,161.3,6,6,5265.68,В срок
SHP004032,2025-02-21,Москва,Екатеринбург,Железная дорога,129.4,4,4,3360.77,В срок
SHP001989,2025-10-29,Москва,Уфа,Авто,76.8,4,4,3057.71,В срок
SHP002817,2025-04-15,Екатеринбург,Москва,Железная дорога,144.7,4,4,3588.74,В срок
SHP006249,2025-02-08,Москва,Самара,Железная дорога,197.1,4,6,3306.42,Задержка
SHP000252,2025-02-11,Москва,Уфа,Авто,166.2,4,4,3603.02,В срок
SHP003489,2025-05-09,Москва,Новосибирск,Железная дорога,388.5,6,6,5266.5,В срок
SHP006333,2025-10-10,Москва,Новосибирск,Железная дорога,228.3,6,6,5894.62,В срок
SHP006743,2025-04-18,Казань,Екатеринбург,Авто,251.3,3,3,3157.52,В срок
SHP008061,2025-04-26,Москва,Казань,Авто,248.7,3,3,2991.05,В срок
SHP002028,2025-04-01,Москва,Санкт-Петербург,Авто,81.0,3,3,2325.24,В срок
SHP003763,2025-06-19,Санкт-Петербург,Новосибирск,Авиа,368.4,3,3,20520.73,В срок
SHP005768,2025-10-19,Москва,Нижний Новгород,Железная дорога,263.9,3,3,2539.34,В срок
SHP000607,2025-12-03,Новосибирск,Самара,Авто,35.4,6,8,4933.84,Задержка
SHP005487,2025-02-15,Казань,Ростов-на-Дону,Авто,117.0,4,4,3103.93,В срок
SHP005189,2025-01-27,Екатеринбург,Санкт-Петербург,Железная дорога,1003.4,5,5,6007.3,В срок
SHP004948,2025-10-11,Новосибирск,Уфа,Железная дорога,356.3,5,5,4410.78,В срок
SHP007016,2025-04-05,Новосибирск,Екатеринбург,Железная дорога,271.4,4,4,3725.48,В срок
SHP002413,2025-02-09,Санкт-Петербург,Москва,Авто,258.4,3,3,2832.59,В срок
SHP002375,2025-09-08,Москва,Уфа,Железная дорога,194.5,4,4,3051.77,В срок
SHP007810,2025-09-14,Екатеринбург,Казань,Авто,217.6,3,3,2986.11,В срок
SHP007348,2025-06-19,Москва,Нижний Новгород,Железная дорога,212.8,3,3,2101.66,В срок
SHP008960,2025-12-18,Москва,Уфа,Авто,1800.0,4,4,6206.66,В срок
SHP006576,2025-04-23,Екатеринбург,Новосибирск,Железная дорога,218.2,4,4,3905.79,В срок
SHP008420,2025-01-30,Москва,Екатеринбург,Авиа,118.2,2,2,9645.96,В срок
SHP000471,2025-05-28,Казань,Новосибирск,Авиа,148.8,3,3,15258.76,В срок
SHP000540,2025-11-21,Москва,Екатеринбург,Авиа,230.2,2,2,11487.02,В срок
SHP001428,2025-11-23,Новосибирск,Екатеринбург,Авто,307.0,4,4,4169.85,В срок
SHP006899,2025-09-15,Санкт-Петербург,Пермь,Авиа,744.9,2,2,13744.22,В срок
SHP005961,2025-12-07,Москва,Ростов-на-Дону,Авто,626.7,3,5,4614.17,Задержка
SHP006968,2025-02-11,Новосибирск,Ростов-на-Дону,Железная дорога,155.3,7,7,4789.33,В срок
SHP008905,2025-01-06,Москва,Новосибирск,Железная дорога,317.8,6,6,5549.27,В срок
SHP001792,2025-11-08,Санкт-Петербург,Нижний Новгород,Железная дорога,184.3,4,3,2702.57,В срок
SHP007818,2025-10-17,Санкт-Петербург,Самара,Авто,315.9,4,4,4301.91,В срок
SHP004883,2025-01-16,Москва,Пермь,Железная дорога,138.9,4,4,3359.06,В срок
SHP002989,2025-12-09,Казань,Екатеринбург,Авто,997.3,3,7,5075.27,Задержка
SHP002782,2025-07-20,Москва,Казань,Железная дорога,528.1,3,3,3040.27,В срок
SHP001811,2025-05-17,Москва,Казань,Авто,789.5,3,3,4321.28,В срок
SHP002044,2025-08-07,Казань,Пермь,Авто,242.1,2,4,2263.14,Задержка
SHP001978,2025-12-14,Москва,Пермь,Авиа,295.9,2,2,10120.56,В срок
SHP003661,2025-02-12,Москва,Екатеринбург,Железная дорога,62.2,4,4,3342.99,В срок
SHP000460,2025-11-04,Новосибирск,Уфа,Авто,524.1,5,5,5666.15,В срок
SHP005900,2025-10-13,Новосибирск,Пермь,Железная дорога,86.6,5,5,3235.35,В срок
SHP002735,2025-12-19,Москва,Ростов-на-Дону,Железная дорога,271.9,4,4,3031.08,В срок
SHP004355,2025-12-20,Москва,Екатеринбург,Железная дорога,160.6,4,4,3480.66,В срок
SHP001946,2025-04-28,Казань,Пермь,Авто,289.6,2,2,2516.47,В срок
SHP007435,2025-01-21,Москва,Казань,Авто,633.8,3,5,4002.64,Задержка
SHP008252,2025-07-18,Санкт-Петербург,Екатеринбург,,590.9,5,4,4794.84,В срок
SHP003621,2025-03-02,Новосибирск,Уфа,Железная дорога,426.8,5,5,3873.99,В срок
SHP003872,16.01.2025,Екатеринбург,Нижний Новгород,Авто,282.5,3,3,3320.62,В срок
SHP008489,2025-04-01,Санкт-Петербург,Ростов-на-Дону,Авиа,426.0,2,2,12655.49,В срок
SHP001776,2025-01-27,Екатеринбург,Нижний Новгород,Железная дорога,199.5,4,4,2729.86,В срок
SHP004354,2025-01-14,Москва,Уфа,Железная дорога,421.6,4,4,3556.03,В срок
SHP008434,2025-09-28,Санкт-Петербург,Пермь,Авто,1449.0,4,4,6751.95,В срок
SHP003327,2025-08-21,Москва,Самара,Авто,525.0,3,3,4217.55,В срок
SHP008258,2025-07-10,Казань,Москва,Авто,188.1,3,3,3130.14,В срок
SHP000418,2025-03-26,Москва,Новосибирск,Авиа,197.6,3,3,17556.31,В срок
SHP005805,2025-04-02,Москва,Уфа,,201.5,4,4,3163.86,В срок
SHP000711,2025-12-29,Санкт-Петербург,Нижний Новгород,Железная дорога,214.3,4,4,,В срок
SHP004504,2025-11-06,Москва,Ростов-на-Дону,Железная дорога,326.7,4,4,3511.8,В срок
SHP001347,2025-05-18,Казань,Самара,Авто,493.2,2,2,2594.32,В срок
SHP009219,2025-11-20,Москва,Санкт-Петербург,Авто,120.8,3,3,1893.92,В срок
SHP000790,2025-09-18,Казань,Новосибирск,Железная дорога,269.6,5,8,4592.16,Задержка
SHP001736,2025-05-20,Москва,Нижний Новгород,Авто,73.6,2,2,1898.49,В срок
SHP009577,2025-11-28,Екатеринбург,Ростов-на-Дону,Железная дорога,514.4,5,6,3772.74,Задержка
SHP008343,28.07.2025,Москва,Екатеринбург,Авто,723.5,4,4,4830.44,В срок
SHP002825,2025-03-27,Новосибирск,Уфа,Железная дорога,304.1,5,5,4219.18,В срок
SHP008138,2025-10-08,Москва,Казань,Авиа,714.3,2,2,9369.16,В срок
SHP000881,2025-04-17,Москва,Самара,Авто,151.4,3,3,2714.34,В срок
SHP001002,2025-02-02,Санкт-Петербург,Казань,Авто,456.7,4,3,4213.37,В срок
SHP006514,2025-01-04,Новосибирск,Самара,Железная дорога,733.7,5,5,5510.93,В срок
SHP001453,2025-03-04,Москва,Нижний Новгород,Авто,399.2,2,2,2589.57,В срок
SHP007541,2025-11-28,Москва,Нижний Новгород,Авто,678.0,2,2,2983.57,В срок
SHP006875,2025-07-31, москва ,Самара,Авто,222.6,3,3,2852.14,В срок
SHP002626,2025-10-13,Екатеринбург,Новосибирск,Авто,258.1,4,7,4199.22,Задержка
SHP007798,2025-09-04,Санкт-Петербург,Москва,Авиа,1558.4,2,1,12806.37,В срок
SHP008636,2025-09-15,Москва,Нижний Новгород,Авто,196.7,2,2,2035.75,В срок
SHP001514,2025-03-01,Москва,Самара,Авиа,510.3,2,1,9593.96,В срок
SHP001411,2025-11-08,Санкт-Петербург,Казань,Железная дорога,149.2,4,4,2920.83,В срок
SHP009837,2025-07-11,Москва,Нижний Новгород,Авто,237.3,2,2,2421.03,В срок
SHP007943,2025-08-28,Новосибирск,Екатеринбург,Авто,173.5,4,4,3853.38,В срок
SHP007276,2025-01-05,Москва,Нижний Новгород,Железная дорога,102.5,3,3,2153.96,В срок
SHP003278,2025-06-30,Москва,Ростов-на-Дону,Авиа,603.0,2,2,10459.89,В срок
SHP005665,2025-01-22,Казань,Пермь,Железная дорога,417.4,3,2,2984.08,В срок
SHP009796,2025-04-12,Санкт-Петербург,Нижний Новгород,Авиа,346.2,45,2,8548.21,В срок
SHP008940,2025-03-21,Москва,Новосибирск,Железная дорога,388.1,6,6,6012.11,В срок
SHP004885,2025-01-17,Екатеринбург,Пермь,Авто,157.7,2,2,1941.12,В срок
SHP003485,2025-02-13,Казань,Новосибирск,Авиа,599.0,3,3,18241.47,В срок
SHP001791,2025-11-21,Казань,Ростов-на-Дону,Авиа,342.4,2,2,9165.97,В срок
SHP007922,2025-04-17,Москва,Санкт-Петербург,Авто,341.0,3,3,2894.44,В срок
SHP008955,2025-08-04,Москва,Ростов-на-Дону,Железная дорога,26.5,4,4,2875.35,В срок
SHP000909,2025-11-16,Санкт-Петербург,Уфа,Авиа,127.3,2,2,-100.0,В срок
SHP006546,2025-04-10,Новосибирск,Ростов-на-Дону,Авиа,97.6,3,3,17361.08,В срок
SHP008368,2025-06-01,Москва,Уфа,Железная дорога,587.3,4,4,3348.38,В срок
SHP005307,2025-02-04,Казань,Москва,Авто,231.2,3,3,2579.08,В срок
SHP009532,2025-08-10,Казань,Уфа,Авто,338.7,2,2,2351.91,В срок
SHP000309,2025-12-07,Новосибирск,Самара,Железная дорога,252.4,5,5,4053.97,В срок
SHP005864,2025-09-20,Москва,Нижний Новгород,Авто,386.0,2,2,2497.87,В срок
SHP002347,2025-06-15,Москва,Уфа,Железная дорога,930.7,4,5,4766.27,Задержка
SHP008406,2025-03-01,Новосибирск,Казань,АВИА,609.3,3,4,14632.23,Задержка
SHP000933,2025-07-23,Москва,Ростов-на-Дону,Железная дорога,783.9,4,4,3797.12,В срок
SHP004021,2025-12-24,Москва,Уфа,Железная дорога,288.3,4,4,3830.83,В срок
SHP006683,2025-01-26,Москва,Ростов-на-Дону,Авто,455.0,3,7,3709.14,Задержка
SHP008441,2025-07-01,Новосибирск,Казань,Железная дорога,297.1,5,5,4809.47,В срок
SHP007386,2025-08-08,Екатеринбург,Санкт-Петербург,Авто,1037.0,5,5,6790.76,В срок
SHP004356,2025-11-14,Москва,Новосибирск,Железная дорога,1091.5,6,10,6681.02,Задержка
SHP004077,2025-08-06,Санкт-Петербург,Уфа,Железная дорога,283.5,5,4,3780.65,В срок
SHP005213,2025-08-13,Санкт-Петербург,Уфа,Авто,180.2,5,5,4339.18,В срок
SHP000637,2025-06-25,Москва,Пермь,Авиа,477.7,2,2,9676.72,В срок
SHP007436,2025-11-26,Москва,Пермь,Железная дорога,62.7,4,4,2915.84,В срок
SHP000455,2025-03-27,Москва,Казань,Железная дорога,138.6,3,6,2692.31,Задержка
SHP001266,2025-12-14,Екатеринбург,Уфа,Авто,331.0,2,4,2593.79,Задержка
SHP006670,2025-10-30,Казань,Самара,Авто,160.9,2,2,1988.27,В срок
SHP005550,2025-11-02,Санкт-Петербург,Москва,,261.3,3,3,2509.5,В срок
SHP002111,2025-09-28,Екатеринбург,Пермь,Авто,667.2,2,2,2656.89,В срок
SHP006974,2025-11-01,Москва,Пермь,Железная дорога,207.8,4,4,2922.58,В срок
SHP000200,2025-05-09,Екатеринбург,Нижний Новгород,Авиа,29.6,2,2,8137.88,В срок
SHP001921,2025-03-24,Новосибирск,Санкт-Петербург,авто ,208.1,7,7,7980.09,В срок
SHP001030,2025-11-21,Казань,Уфа,Железная дорога,310.0,3,2,2067.85,В срок
SHP009755,2025-02-27,Санкт-Петербург,Самара,Авто,441.2,4,4,4317.27,В срок
SHP006499,2025-02-20,Москва,Ростов-на-Дону,Железная дорога,121.1,4,4,2501.03,В срок
SHP009324,2025-05-04,Москва,Уфа,Авто,100.8,4,4,3213.07,В срок
SHP007803,2025-06-02,Санкт-Петербург,Нижний Новгород,Авто,276.4,3,3,3433.51,В срок
SHP009446,2025-08-18,Санкт-Петербург,Москва,Авто,302.3,3,3,3049.29,В срок
SHP002719,2025-06-15,Екатеринбург,Нижний Новгород,Железная дорога,520.1,4,7,3602.03,Задержка
SHP008769,2025-02-26,Москва,Санкт-Петербург,Железная дорога,392.4,3,5,2876.64,Задержка
SHP007668,2025-02-06,Казань,Самара,Железная дорога,265.5,3,3,2171.83,В срок
SHP001452,2025-06-11,Екатеринбург,Нижний Новгород,Авиа,132.7,2,2,9391.95,В срок
SHP009588,2025-12-05,Санкт-Петербург,Нижний Новгород,Железная дорога,63.9,4,3,2545.2,В срок
SHP006467,2025-04-03,Москва,новосибирск ,Железная дорога,253.8,6,9,5283.71,Задержка
SHP004538,2025-11-01,Казань,Самара,Железная дорога,198.3,3,5,1993.6,Задержка
SHP006636,2025-02-23,Казань,Москва,Железная дорога,259.8,3,6,3061.2,Задержка
SHP009311,2025-03-06,Санкт-Петербург,Новосибирск,Авиа,260.0,3,3,20320.62,В срок
SHP000458,2025-03-07,Санкт-Петербург,Екатеринбург,Авто,124.2,5,4,5098.31,В срок
SHP004363,2025-11-15,Москва,Казань,Железная дорога,218.9,3,3,2819.49,В срок
SHP005562,2025-07-03,Москва,Санкт-Петербург,Авто,175.6,3,3,2611.63,В срок
SHP000440,2025-06-16,Казань,Пермь,Железная дорога,98.9,3,3,2307.12,В срок
SHP000848,2025-04-14,Москва,Нижний Новгород,,115.9,2,3,2081.06,Задержка
SHP000940,2025-01-19,Казань,Уфа,Железная дорога,55.8,3,7,2231.07,Задержка
SHP000767,2025-03-10,Москва,Казань,Авто,156.6,3,3,2658.38,В срок
SHP003020,2025-03-14,Новосибирск,Москва,Железная дорога,367.6,6,6,5175.34,В срок
SHP009838,2025-02-19,Екатеринбург,Ростов-на-Дону,Авиа,524.8,2,3,12837.94,Задержка
SHP003252,2025-06-04,Санкт-Петербург,Уфа,Железная дорога,123.8,5,6,3932.35,Задержка
SHP008618,2025-06-09,Новосибирск,Ростов-на-Дону,Железная дорога,1137.2,7,7,7104.63,В срок
SHP004741,2025-04-27,Новосибирск,Самара,Железная дорога,287.8,5,5,4770.26,В срок
SHP002203,2025-06-29,Екатеринбург,Казань,Авто,133.9,3,3,2714.96,В срок
SHP006711,2025-06-04,Санкт-Петербург,Москва,Авто,284.5,3,3,2876.03,В срок
SHP001900,2025-06-12,Санкт-Петербург,Казань,Авто,428.5,4,4,4513.61,В срок
SHP007640,2025-10-01,Москва,Екатеринбург,Железная дорога,884.7,4,4,4430.96,В срок
SHP008951,2025-03-10,Москва,Ростов-на-Дону,Авто,519.8,3,4,3597.75,Задержка
SHP003209,2025-06-21,Москва,Пермь,,280.2,4,4,3361.98,В срок
SHP007752,2025-07-11,Москва,Самара,Авиа,379.2,2,2,8963.51,В срок
SHP001564,2025-03-12,Москва,Уфа,Железная дорога,193.6,4,4,3278.81,В срок
SHP002121,2025-03-02,Москва,Уфа,Железная дорога,150.7,4,3,3678.26,В срок
SHP007019,2025-05-13,Москва,Уфа,Железная дорога,523.0,4,4,3936.0,В срок
SHP002898,2025-04-05,Санкт-Петербург,Уфа,Железная дорога,412.1,5,7,3872.37,Задержка
SHP004182,2025-05-14,Москва,Уфа,Железная дорога,227.0,4,5,3185.48,Задержка
SHP009186,2025-07-02,Москва,Самара,Авто,224.5,3,3,3219.81,В срок
SHP006599,2025-08-17,Москва,Ростов-на-Дону,Железная дорога,165.4,4,4,2744.32,В срок
SHP006547,2025-03-01,Москва,Санкт-Петербург,Авто,346.7,3,2,2880.59,В срок
SHP004732,2025-01-03,Санкт-Петербург,Самара,Авиа,361.4,2,2,10891.91,В срок
SHP007342,2025-09-15,Москва,Самара,Авто,275.9,3,3,3389.34,В срок
SHP002438,2025-01-28,Казань,Самара,Авто,292.0,2,2,1898.3,В срок
SHP001306,2025-12-27,Москва,Самара,Авиа,501.9,2,2,8700.8,В срок
SHP000873,2025-05-23,Санкт-Петербург,Екатеринбург,Железная дорога,140.9,5,5,4471.65,В срок
SHP009361,2025-05-21,Екатеринбург,Уфа,Железная дорога,300.4,3,3,2412.53,В срок
SHP004339,2025-05-16,Екатеринбург,Москва,Авиа,175.1,2,6,10184.47,Задержка
SHP008934,2025-03-12,Москва,Самара,Железная дорога,201.2,4,4,2789.51,В срок
SHP000895,2025-12-23,Москва,Екатеринбург,Авто,338.9,4,4,4547.63,В срок
SHP002189,2025-11-17,Санкт-Петербург,Самара,Авто,198.4,4,7,4159.3,Задержка
SHP006375,2025-01-03,Москва,Ростов-на-Дону,Авиа,33.9,2,2,8302.91,В срок
SHP009824,2025-07-16,Санкт-Петербург,Пермь,Авиа,145.4,2,2,10074.56,В срок
SHP003514,2025-02-19,Казань,Самара,Авто,614.6,2,2,3290.54,В срок
SHP000894,2025-05-30,Екатеринбург,Санкт-Петербург,Авто,169.9,5,7,5196.4,Задержка
SHP009545,2025-01-11,Москва,Нижний Новгород,Авиа,697.0,2,6,7750.32,Задержка
SHP009281,2025-05-06,Новосибирск,Москва,Железная дорога,539.9,6,6,5845.7,В срок
SHP003246,2025-06-08,Новосибирск,Нижний Новгород,Железная дорога,136.3,6,6,5670.0,В срок
SHP007443,2025-03-24,Санкт-Петербург,Казань,Железная дорога,98.2,4,5,3010.09,Задержка
SHP008259,2025-03-15,Екатеринбург,Москва,Железная дорога,334.3,4,4,3771.96,В срок
SHP003739,2025-10-14,Новосибирск,Ростов-на-Дону,Железная дорога,572.1,7,8,6950.81,Задержка
SHP000925,2025-01-22,Санкт-Петербург,Пермь,Железная дорога,244.2,5,5,3501.32,В срок
SHP006976,2025-07-08,Казань,Самара,Железная дорога,948.3,3,3,3383.04,В срок
SHP008215,2025-01-13,Москва,Казань,Авто,468.4,3,3,3549.25,В срок
SHP002584,2025-12-22,Новосибирск,Пермь,Авиа,242.4,2,2,11382.7,В срок
SHP002859,2025-01-27,Москва,Санкт-Петербург,Авто,331.1,3,3,3020.35,В срок
SHP003975,2025-04-22,Екатеринбург,Самара,Авто,236.3,3,3,3183.93,В срок
SHP003024,2025-06-05,Москва,Ростов-на-Дону,Железная дорога,310.3,4,4,2792.22,В срок
SHP003086,2025-12-09,Санкт-Петербург,Казань,Авиа,594.9,2,4,12014.48,Задержка
SHP003565,2025-08-15,Москва,Новосибирск,Авиа,141.3,3,2,16756.1,В срок
SHP003290,2025-02-18,Екатеринбург,Пермь,Железная дорога,126.0,3,3,1995.61,В срок
SHP009930,2025-10-14,Санкт-Петербург,Нижний Новгород,Авто,252.7,3,3,3120.5,В срок
SHP004065,2025-08-02,Москва,Самара,Железная дорога,396.9,4,4,3330.27,В срок
SHP005399,2025-12-25,Екатеринбург,Ростов-на-Дону,Железная дорога,54.4,5,6,3882.76,Задержка
SHP001241,2025-07-12,Москва,Казань,Железная дорога,140.5,3,3,2466.55,В срок
SHP008135,2025-04-17,Екатеринбург,Казань,Авто,479.2,3,3,3653.07,В срок
SHP000893,2025-12-10,Екатеринбург,Новосибирск,Авто,297.6,4,4,3988.78,В срок
SHP006488,2025-03-07,Казань,Ростов-на-Дону,Авиа,218.4,2,1,9275.05,В срок
SHP007266,2025-01-21,Екатеринбург,Нижний Новгород,Железная дорога,262.6,4,6,3431.48,Задержка
SHP005066,2025-03-08,Санкт-Петербург,Новосибирск,Авиа,253.0,3,3,17458.77,В срок
SHP001086,2025-03-17,Москва,Новосибирск,Авто,236.8,7,7,7248.92,В срок
SHP005954,2025-01-27,Москва,Казань,Железная дорога,615.4,3,4,3530.74,Задержка
SHP006800,2025-10-28,Москва,Самара,Авиа,226.4,2,2,8348.89,В срок
SHP005526,2025-02-21,Москва,Новосибирск,Авиа,77.8,3,3,16634.15,В срок
SHP007983,2025-09-27,Новосибирск,Нижний Новгород,Авиа,219.0,3,3,15643.18,В срок
SHP001939,2025-11-15,Казань,Самара,Авто,77.1,2,2,1752.58,В срок
SHP009940,2025-04-17,Екатеринбург,Ростов-на-Дону,Авто,711.9,5,5,6101.92,В срок
SHP002997,2025-10-18,Москва,Екатеринбург,Авто,555.7,4,4,5247.72,В срок
SHP004809,2025-02-18,Москва,Санкт-Петербург,Авиа,954.1,2,2,11020.78,В срок
SHP007247,2025-02-26,Москва,Новосибирск,Железная дорога,121.0,6,6,5302.22,В срок
SHP007490,2025-08-07,Москва,Казань,Железная дорога,452.2,3,3,3432.49,В срок
SHP002701,2025-11-07,Санкт-Петербург,Самара,Железная дорога,,4,6,3951.88,Задержка
SHP004423,2025-03-12,Новосибирск,Ростов-на-Дону,Авиа,256.8,3,2,17675.89,В срок
SHP001144,2025-10-07,Санкт-Петербург,Самара,Авиа,120.7,2,2,10132.84,В срок
SHP009099,2025-03-01,Москва,Екатеринбург,Авиа,225.2,2,2,10266.96,В срок
SHP004254,2025-05-02,Санкт-Петербург,Уфа,Железная дорога,178.1,5,5,4029.27,В срок
SHP000609,2025-02-03,Санкт-Петербург,Нижний Новгород,Авиа,216.6,2,2,7647.01,В срок
SHP005811,2025-06-30,Санкт-Петербург,Нижний Новгород,Железная дорога,32.5,4,4,2404.62,В срок
SHP002685,2025-09-13,Санкт-Петербург,Москва,авто ,238.7,3,5,2699.77,Задержка
SHP002913,2025-11-30,Москва,Казань,Авто,73.4,3,3,2615.9,В срок
SHP005582,2025-08-05,Москва,Нижний Новгород,Авто,328.4,2,2,2472.08,В срок
SHP009585,2025-05-02,Санкт-Петербург,Самара,Авто,155.5,4,4,3882.2,В срок
SHP008311,2025-07-30,Санкт-Петербург,Пермь,Железная дорога,358.4,5,5,4208.0,В срок
SHP009333,2025-06-08,Москва,Пермь,Железная дорога,463.5,4,4,3619.21,В срок
SHP001531,2025-09-18,Москва,Ростов-на-Дону,Железная дорога,636.7,4,4,3488.18,В срок
SHP004421,2025-04-02,Санкт-Петербург,Нижний Новгород,Авиа,200.7,2,1,8087.21,В срок
SHP009923,2025-09-26,Екатеринбург,Москва,Авто,105.9,4,4,3694.37,В срок
SHP003169,2025-06-28,Москва,Пермь,,140.2,4,4,3305.88,В срок
SHP009187,2025-05-16,Москва,Нижний Новгород,Железная дорога,120.1,3,3,2158.98,В срок
SHP005939,2025-02-07,Казань,Пермь,Авто,724.2,2,2,3820.93,В срок
SHP008485,2025-12-29,Новосибирск,Нижний Новгород,Железная дорога,243.1,6,6,5014.93,В срок
SHP005921,2025-03-20,Москва,Нижний Новгород,Авто,263.2,2,6,2199.85,Задержка
SHP009235,2025-06-04,Санкт-Петербург,Екатеринбург,Авто,66.9,5,7,4271.88,Задержка
SHP001839,2025-01-08,Москва,Казань,Авто,193.1,3,3,2917.58,В срок
SHP005904,2025-12-03,Новосибирск,Ростов-на-Дону,Авиа,209.6,3,3,17531.82,В срок
SHP004481,2025-10-14,Казань,Санкт-Петербург,Авто,86.2,4,4,3190.27,В срок
SHP005935,2025-07-05,Казань,Уфа,Авто,429.8,2,2,2704.52,В срок
SHP001991,2025-08-29,Москва,Нижний Новгород,Железная дорога,569.8,3,3,2622.47,В срок
SHP005015,2025-08-31,Москва,Санкт-Петербург,Авто,146.5,3,3,2397.04,В срок
SHP009772,2025-12-03,Новосибирск,Ростов-на-Дону,Авиа,267.0,3,3,18261.79,В срок
SHP006177,2025-12-01,Санкт-Петербург,Уфа,Авиа,407.3,2,1,13111.13,В срок
SHP009442,2025-01-12,Москва,Пермь,Авто,103.5,4,4,3151.03,В срок
SHP003301,2025-01-03,Москва,Уфа,Железная дорога,351.0,4,6,3000.9,Задержка
SHP004541,2025-09-15,Казань,Ростов-на-Дону,Авто,37.5,4,8,3131.64,Задержка
SHP002602,2025-10-13,Москва,Пермь,Авиа,577.7,2,2,11652.48,В срок
SHP008032,2025-12-01,Москва,Нижний Новгород,Железная дорога,213.0,3,3,2151.5,В срок
SHP009481,2025-02-22,Санкт-Петербург,Москва,Авто,453.2,3,4,3273.03,Задержка
SHP002420,2025-10-30,Казань,Новосибирск,Авиа,374.2,3,3,15271.72,В срок
SHP008380,2025-09-29,Москва,Нижний Новгород,Авто,1372.4,2,4,4622.46,Задержка
SHP004862,2025-01-29,Москва,Уфа,Железная дорога,306.1,4,4,3624.99,В срок
SHP008009,2025-01-13,Москва,Самара,Железная дорога,210.9,4,4,2658.62,В срок
SHP005914,2025-06-26,Санкт-Петербург,Самара,Авто,1075.1,4,3,6686.29,В срок
SHP005881,2025-10-18,Новосибирск,Казань,Железная дорога,255.5,5,4,4102.01,В срок
SHP001371,2025-11-20,Санкт-Петербург,Москва,Авто,773.5,3,3,3584.66,В срок
SHP008771,2025-12-26,Москва,Санкт-Петербург,Авто,777.1,3,3,4377.62,В срок
SHP002225,2025-04-04,Екатеринбург,Новосибирск,Авиа,152.3,2,2,8874.17,В срок
SHP004187,2025-06-24,Санкт-Петербург,Казань,Железная дорога,646.5,4,6,4201.24,Задержка
SHP008487,2025-03-29,Новосибирск,Санкт-Петербург,Железная дорога,375.8,7,7,5912.23,В срок
SHP008832,2025-01-02,Екатеринбург,Москва,Авто,257.5,4,4,4309.29,В срок
SHP003659,2025-02-07,Санкт-Петербург,Уфа,Авто,197.6,5,5,4165.0,В срок
SHP008679,2025-05-27,Москва,Самара,Железная дорога,1606.9,4,4,5286.85,В срок
SHP005506,2025-01-24,Новосибирск,Москва,Авиа,539.8,3,4,15049.32,Задержка
SHP004434,2025-08-10,Екатеринбург,Пермь,Авто,383.6,2,2,2632.76,В срок
SHP002751,2025-03-09,Санкт-Петербург,Казань,Железная дорога,97.9,4,4,3022.83,В срок
SHP000278,2025-05-28,Санкт-Петербург,Самара,Авиа,301.9,2,3,10743.73,Задержка
SHP005110,2025-11-05,Москва,Самара,Железная дорога,198.8,4,4,2629.47,В срок
SHP003221,2025-01-10,Санкт-Петербург,Самара,Железная дорога,246.2,4,4,3214.05,В срок
SHP000373,2025-04-28,Москва,Казань,Авто,565.3,3,3,3610.0,В срок
SHP008283,2025-08-26,Новосибирск,Уфа,Авиа,408.3,2,2,13853.46,в срок 
SHP001727,2025-07-29,Москва,Уфа,Железная дорога,309.4,4,3,3093.16,В срок
SHP002637,2025-05-12,Москва,Новосибирск,Авиа,238.4,3,3,17489.26,В срок
SHP009173,2025-02-17,Екатеринбург,Пермь,Железная дорога,550.1,3,3,2846.7,В срок
SHP001981,2025-08-11,Москва,Пермь,Железная дорога,182.4,4,4,3033.3,В срок
SHP001910,2025-09-03,Казань,Новосибирск,Авто,242.4,6,6,5026.75,В срок
SHP003852,2025-04-10,Казань,Ростов-на-Дону,Железная дорога,120.6,4,3,3012.85,В срок
SHP003669,2025-10-28,Москва,Ростов-на-Дону,Авиа,167.4,2,2,7813.63,В срок
SHP003973,2025-04-10,Санкт-Петербург,Москва,Авто,135.8,3,3,2199.02,В срок
SHP006080,2025-10-21,Екатеринбург,Пермь,Авто,210.6,2,2,1794.43,В срок
SHP001481,2025-05-09,Санкт-Петербург,Самара,Железная дорога,83.9,4,4,3730.72,В срок
SHP004302,2025-12-19,Москва,Новосибирск,Железная дорога,216.5,6,6,5254.57,В срок
SHP006526,2025-05-01,Москва,Санкт-Петербург,Железная дорога,305.9,3,2,2821.1,В срок
SHP000598,2025-04-24,Новосибирск,Санкт-Петербург,Авиа,517.9,3,3,21005.04,В срок
SHP009842,2025-06-11,Казань,Новосибирск,Авиа,104.9,3,3,13470.19,В срок
SHP009292,2025-08-18,Екатеринбург,Самара,,49.7,3,3,2423.23,В срок
SHP000550,2025-03-23,Санкт-Петербург,Казань,Железная дорога,134.3,4,4,3040.54,В срок
SHP002793,2025-04-23,Санкт-Петербург,Нижний Новгород,Авто,187.6,3,2,2917.81,В срок
SHP008800,2025-12-12,Москва,Новосибирск,Авиа,316.2,3,3,19200.15,В срок
SHP007672,2025-01-08,Москва,Казань,Авто,601.1,3,3,3322.99,В срок
SHP008964,2025-10-01,Екатеринбург,Москва,Авиа,261.5,2,2,9996.29,В срок
SHP004400,2025-04-03,Казань,Екатеринбург,Железная дорога,321.8,3,3,3066.58,В срок
SHP008424,2025-03-06,Москва,Уфа,Железная дорога,128.5,4,4,3102.19,В срок
SHP008417,2025-05-11,Москва,Пермь,Авто,256.8,4,4,3538.66,В срок
SHP001789,2025-06-02,Санкт-Петербург,Самара,Железная дорога,75.1,4,6,3707.01,Задержка
SHP007332,2025-09-07,Екатеринбург,Казань,Авто,484.8,3,3,3397.7,В срок
SHP001858,2025-10-30,Москва,Санкт-Петербург,Авто,48.1,3,3,2257.88,В срок
SHP004177,2025-10-06,Москва,Уфа,Железная дорога,365.3,4,4,3253.49,В срок
SHP001041,2025-06-10,Москва,Ростов-на-Дону,Авиа,264.9,2,2,7890.91,В срок
SHP005040,2025-08-04,Казань,Екатеринбург,Авто,625.0,3,3,4236.68,В срок
SHP003091,2025-06-02,Санкт-Петербург,Екатеринбург,Авто,310.6,5,4,4415.18,В срок
SHP004001,2025-12-08,Москва,Новосибирск,Железная дорога,578.9,6,6,5977.42,В срок
SHP009546,2025-06-25,Москва,Казань,Авто,194.8,3,5,2626.93,Задержка
SHP003119,2025-06-17,Москва,Нижний Новгород,Авто,152.9,2,2,2113.37,В срок
SHP001488,2025-01-20,Москва,Казань,Железная дорога,255.4,3,3,2796.05,В срок
SHP001949,2025-03-09,Новосибирск,Пермь,Железная дорога,182.8,5,8,3800.81,Задержка
SHP003423,2025-04-12,Санкт-Петербург,Самара,Железная дорога,306.1,4,3,3797.17,В срок
SHP006816,2025-01-30,Новосибирск,Санкт-Петербург,Авиа,974.6,3,3,22785.82,В срок
SHP006745,2025-01-21,Екатеринбург,Новосибирск,Железная дорога,202.1,4,4,3686.85,В срок
SHP009969,2025-01-15,Новосибирск,Пермь,Железная дорога,55.2,5,5,3244.11,В срок
SHP001451,2025-06-15,Новосибирск,Самара,Авиа,225.8,3,3,14172.03,В срок
SHP000948,2025-05-18,Новосибирск,Уфа,Авто,291.4,5,5,4253.29,В срок
SHP004235,20.04.2025, москва ,Санкт-Петербург,Авто,520.3,3,3,3226.18,В срок
SHP007248,2025-09-01,Екатеринбург,Ростов-на-Дону,Железная дорога,494.0,5,4,4901.78,В срок
SHP005188,2025-06-12,Москва,Ростов-на-Дону,Железная дорога,417.7,4,4,3065.34,В срок
SHP003215,2025-05-29,Санкт-Петербург,Самара,Авиа,850.9,2,2,12311.02,В срок
SHP001265,2025-09-15,Санкт-Петербург,Самара,Железная дорога,82.3,4,4,3346.15,В срок
SHP006300,2025-01-22,Новосибирск,Нижний Новгород,Железная дорога,492.4,6,6,6050.75,В срок
SHP006034,2025-07-31,Казань,Екатеринбург,Авто,288.5,3,7,3024.04,Задержка
SHP006023,2025-05-20,Казань,Пермь,Авто,33.0,2,2,1802.35,В срок
SHP000096,2025-05-18,Москва,Казань,Авто,802.6,3,3,3754.15,В срок
SHP005837,2025-06-03,Москва,Уфа,Авто,205.4,4,4,3733.71,В срок
SHP005146,2025-12-17,Санкт-Петербург,Нижний Новгород,Железная дорога,704.6,4,4,3693.77,В срок
SHP007425,2025-04-30,Санкт-Петербург,Нижний Новгород,Железная дорога,334.6,4,3,3001.54,В срок
SHP008815,2025-02-13,Москва,Самара,Железная дорога,528.8,4,3,3201.33,В срок
SHP002477,2025-05-31,Новосибирск,Уфа,Авто,173.7,5,5,4514.88,В срок
SHP004468,2025-06-15,Казань,Москва,АВИА,301.9,2,2,7376.89,В срок
SHP006186,2025-06-16,Екатеринбург,Казань,Авто,444.1,3,3,3374.66,В срок
SHP006095,2025-08-14,Санкт-Петербург,Казань,Железная дорога,1094.7,4,4,4397.51,В срок
SHP003193,2025-12-06,Москва,Санкт-Петербург,Авто,414.9,3,3,3021.71,В срок
SHP002306,2025-02-17,Санкт-Петербург,Казань,Железная дорога,,4,4,3428.29,В срок
SHP001625,2025-08-10,Москва,Уфа,Железная дорога,67.7,4,4,2737.17,В срок
SHP003245,2025-08-28,Санкт-Петербург,Уфа,Железная дорога,110.4,5,5,3587.99,В срок
SHP005257,2025-02-14,Новосибирск,Нижний Новгород,Железная дорога,772.7,6,5,6045.69,В срок
SHP006040,2025-11-24,Москва,Ростов-на-Дону,Авто,45.8,3,3,,В срок
SHP005345,2025-11-26,Екатеринбург,Новосибирск,Авто,776.9,4,4,5692.79,В срок
SHP001147,2025-02-22,Казань,Ростов-на-Дону,Железная дорога,349.4,4,3,3304.28,В срок
SHP001700,2025-11-12,Санкт-Петербург,Казань,Авто,58.5,4,4,3490.81,В срок
SHP004074,2025-09-30,Москва,Казань,Авто,206.3,3,3,2817.89,В срок
SHP006893,2025-08-29,Москва,санкт-петербург,Авиа,238.5,2,2,7163.52,В срок
SHP007126,2025-04-11,Москва,Новосибирск,Железная дорога,326.2,6,6,6361.64,В срок
SHP002457,2025-05-15,Екатеринбург,Самара,Авто,141.7,3,5,2767.26,Задержка
SHP001277,2025-03-22,Москва,Казань,Авто,94.5,3,3,2362.07,В срок
SHP004199,2025-03-09,Санкт-Петербург,Екатеринбург,Железная дорога,178.8,5,5,4062.93,В срок
SHP007514,2025-01-22,Казань,Уфа,Авто,83.1,2,2,2226.6,В срок
SHP004752,2025-10-12,Санкт-Петербург,Пермь,Железная дорога,543.1,5,5,4279.97,В срок
SHP004794,2025-03-27,Казань,Санкт-Петербург,Железная дорога,73.3,4,4,3039.97,В срок
SHP004892,2025-04-24,Санкт-Петербург,Уфа,Авто,146.7,5,5,4315.98,В срок
SHP001479,2025-07-02,Санкт-Петербург,Казань,Авто,190.2,4,4,3635.01,В срок
SHP002235,2025-06-19,Екатеринбург,Ростов-на-Дону,Авиа,173.5,2,1,12369.6,В срок
SHP007588,2025-06-16,Екатеринбург,Ростов-на-Дону,Авиа,200.4,2,2,11873.22,В срок
SHP009827,2025-08-22,Москва,Самара,Авто,150.1,3,3,2875.54,В срок
SHP008054,2025-12-08,Екатеринбург,Пермь,Авто,69.3,2,2,1431.98,В срок
SHP007950,2025-05-30,Санкт-Петербург,Казань,Железная дорога,274.4,4,4,3372.3,В срок
SHP007326,2025-02-09,Екатеринбург,Казань,Железная дорога,449.5,3,4,2698.44,Задержка
SHP003400,2025-04-09,Москва,Самара,Железная дорога,316.2,4,4,2985.55,В срок
SHP009246,2025-07-20,Москва,Казань,Авто,367.4,3,3,3196.82,В срок
SHP003096,2025-08-10,Москва,Самара,Авиа,282.1,2,2,8824.71,В срок
SHP003714,2025-12-30,Казань,Санкт-Петербург,Авто,579.7,4,4,4899.84,В срок
SHP005332,2025-10-21,Екатеринбург,Москва,Авиа,379.5,2,1,11161.49,В срок
SHP000258,2025-06-28,Санкт-Петербург,Самара,ж/д,300.4,4,4,3325.3,В срок
SHP004889,2025-01-06,Москва,Екатеринбург,Железная дорога,170.4,4,5,3039.15,Задержка
SHP004837,2025-08-10,Санкт-Петербург,Пермь,Авто,122.9,4,3,3786.94,В срок
SHP005676,2025-08-09,Казань,Санкт-Петербург,Железная дорога,158.1,4,4,3490.52,В срок
SHP004178,2025-12-03,Екатеринбург,Уфа,Авто,89.0,2,2,1794.58,В срок
SHP001028,2025-04-28,Москва,Ростов-на-Дону,Железная дорога,198.6,4,8,2833.28,Задержка
SHP008943,2025-06-22,Санкт-Петербург,Новосибирск,Железная дорога,527.4,7,7,7162.84,В срок
SHP005407,2025-01-28,Новосибирск,Екатеринбург,Авто,224.9,4,4,4182.74,В срок
SHP009033,2025-08-14,Новосибирск,Екатеринбург,Железная дорога,575.0,4,4,3550.55,В срок
SHP009730,2025-11-19,Санкт-Петербург,Самара,Авиа,420.0,2,2,12094.92,В срок
SHP000692,2025-04-08,Санкт-Петербург,Самара,Авиа,634.7,2,2,11617.31,В срок
SHP003286,2025-01-04,Новосибирск,Самара,Железная дорога,123.6,5,5,4110.19,В срок
SHP005212,2025-05-11,Санкт-Петербург,Ростов-на-Дону,Авиа,159.7,2,2,10548.67,В срок
SHP003356,2025-05-16,Москва,Пермь,Авто,126.0,4,4,3122.87,В срок
SHP001994,2025-10-20,Казань,Нижний Новгород,Авто,360.3,2,4,2735.49,Задержка
SHP008191,2025-05-06,Новосибирск,Нижний Новгород,Железная дорога,188.8,6,6,5026.06,В срок
SHP006628,2025-11-23,Москва,Санкт-Петербург,Железная дорога,179.5,3,3,2726.04,В срок
SHP005614,2025-08-06,Санкт-Петербург,Екатеринбург,Железная дорога,336.1,5,9,4209.82,Задержка
SHP006677,2025-12-04,Санкт-Петербург,Москва,Авто,333.2,3,3,3087.36,В срок
SHP002801,2025-05-03,Казань,Ростов-на-Дону,Авиа,215.1,2,4,8973.44,Задержка
SHP004758,08.10.2025,Санкт-Петербург,Новосибирск,Авто,269.5,7,7,7441.88,В срок
SHP003950,2025-09-21,Казань,Нижний Новгород,Авто,257.4,2,2,2044.36,Задержка
SHP003541,2025-01-09,Москва,Казань,Авто,143.3,3,3,2628.35,В срок
SHP006784,2025-03-04,Новосибирск,Нижний Новгород,Авиа,76.7,3,2,15795.29,В срок
SHP005927,2025-12-05,Москва,Самара,Авто,133.4,3,3,2836.88,в срок 
SHP007610,2025-03-31,Екатеринбург,Пермь,авто ,127.1,2,2,1698.18,В срок
SHP005178,2025-05-25,Москва,Пермь,Авто,255.2,4,4,3550.56,В срок
SHP009250,2025-04-28,Санкт-Петербург,Москва,Авто,238.7,3,4,2561.38,Задержка
SHP005672,2025-02-04,Новосибирск,Нижний Новгород,Железная дорога,199.7,6,6,5221.37,В срок
SHP009612,2025-05-04,Санкт-Петербург,Москва,Железная дорога,337.3,3,3,2978.1,В срок
SHP007230,2025-02-09,Москва,Ростов-на-Дону,Железная дорога,727.7,4,8,3557.96,Задержка
SHP005958,2025-10-08,Казань,Санкт-Петербург,Железная дорога,233.6,4,4,3387.01,В срок
SHP003940,2025-05-08,Новосибирск,Казань,Авто,257.4,6,6,4865.34,В срок
SHP000619,2025-02-19,Казань,Уфа,Авто,107.6,2,2,1984.07,В срок
SHP006562,2025-03-25,Москва,Самара,Железная дорога,55.0,4,3,2944.73,В срок
SHP007939,2025-02-08,Москва,Казань,Железная дорога,131.5,3,3,2761.52,В срок
SHP007062,2025-02-18,Казань,Новосибирск,Железная дорога,104.7,5,5,5236.94,В срок
SHP008835,2025-10-30,Екатеринбург,Уфа,Авто,1381.8,2,2,4774.07,В срок
SHP001073,2025-11-28,Новосибирск,Екатеринбург,Железная дорога,332.3,4,3,3465.71,В срок
SHP005542,2025-04-11,Новосибирск,Уфа,Железная дорога,189.9,5,7,4273.48,Задержка
SHP002090,2025-06-11,Санкт-Петербург,Пермь,Авто,432.1,4,4,5114.74,В срок
SHP005461,2025-09-06,Москва,Ростов-на-Дону,Авиа,258.7,2,2,8630.87,В срок
SHP007069,2025-05-15,Москва,Екатеринбург,Авто,237.7,4,4,4398.26,В срок
SHP003340,2025-02-12,Санкт-Петербург,Казань,Авто,537.4,4,4,4948.46,В срок
SHP006706,2025-07-09,Москва,Новосибирск,Авиа,1277.4,3,3,21944.26,В срок
SHP002177,2025-08-27,Москва,Уфа,Железная дорога,276.4,4,4,3770.75,В срок
SHP007574,2025-12-06,Москва,Нижний Новгород,Авто,199.0,2,2,2022.96,В срок
SHP000396,2025-12-04,Екатеринбург,Пермь,Авто,157.1,2,1,1860.65,В срок
SHP009120,2025-06-04,Екатеринбург,Ростов-на-Дону,Авто,245.7,5,5,4521.04,В срок
SHP005483,2025-05-23,Санкт-Петербург,Екатеринбург,Железная дорога,254.6,5,7,4174.93,Задержка
SHP001463,2025-10-27,Москва,Самара,Авто,281.9,3,3,3299.14,В срок
SHP004993,2025-10-08,Москва,Екатеринбург,Авто,432.8,4,4,4577.09,В срок
SHP001548,2025-01-16,Екатеринбург,Москва,Железная дорога,245.2,4,6,3436.05,Задержка
SHP006301,2025-07-15,Москва,Уфа,Авиа,255.6,2,2,9150.77,В срок
SHP008188,2025-07-17,Москва,Санкт-Петербург,Железная дорога,65.8,3,3,2001.82,В срок
SHP009362,2025-04-12,Казань,Новосибирск,Авто,398.0,6,6,6459.25,В срок
SHP006812,2025-07-11,Екатеринбург,Уфа,Железная дорога,270.8,3,2,2280.62,В срок
SHP004624,2025-11-07,Санкт-Петербург,Ростов-на-Дону,Железная дорога,209.8,5,7,3837.64,Задержка
SHP000472,2025-10-02,Новосибирск,Самара,Авиа,213.3,3,3,13587.55,В срок
SHP002253,2025-11-27,Казань,Уфа,Железная дорога,66.7,3,5,2256.76,Задержка
SHP008873,2025-04-17,Санкт-Петербург,Самара,Железная дорога,157.5,4,4,3695.73,В срок
SHP003663,2025-05-28,Екатеринбург,Самара,Авто,440.0,3,3,3311.08,В срок
SHP007582,2025-01-22,Москва,Санкт-Петербург,Авто,271.6,3,3,2905.94,В срок
SHP002521,2025-11-29,Москва,Санкт-Петербург,Авто,530.9,3,3,3181.15,В срок
SHP007600,2025-07-10,Казань,Уфа,Железная дорога,336.5,3,3,2528.91,В срок
SHP005824,2025-01-21,Санкт-Петербург,Самара,Авиа,191.0,2,2,10166.69,В срок
SHP004721,2025-08-30,Москва,Уфа,Авто,,4,4,3914.5,В срок
SHP007606,2025-05-05,Казань,Екатеринбург,Авто,157.4,3,3,2984.76,В срок
SHP009693,2025-06-13,Москва,Самара,Авиа,516.9,2,2,9452.62,В срок
SHP009878,2025-08-28,Казань,Новосибирск,Железная дорога,421.0,5,5,5006.3,В срок
SHP008047,2025-03-13,Санкт-Петербург,Ростов-на-Дону,ж/д,92.1,5,5,3572.48,В срок
SHP007973,2025-10-28,Санкт-Петербург,Пермь,Авто,279.6,4,4,4507.74,В срок
SHP000168,2025-03-13,Москва,Уфа,Авиа,385.4,2,1,9709.51,В срок
SHP008574,2025-08-06,Москва,Уфа,Железная дорога,-5.0,4,4,3492.41,В срок
SHP002883,2025-10-26,Санкт-Петербург,Москва,Авто,1642.8,3,3,6615.89,В срок
SHP006787,2025-08-27,Казань,Екатеринбург,Авиа,318.2,2,2,8808.45,В срок
SHP003984,2025-02-25,Казань,Самара,Авто,348.3,2,6,2108.87,Задержка
SHP005698,2025-01-28,Москва,Новосибирск,Железная дорога,199.2,6,6,5040.89,В срок
SHP001894,2025-04-14,Новосибирск,Уфа,Железная дорога,242.6,5,5,4205.1,В срок
SHP008841,2025-08-07,Москва,Екатеринбург,Железная дорога,41.8,4,4,3710.06,В срок
SHP002062,2025-08-17,Екатеринбург,Нижний Новгород,Авто,571.8,3,2,4160.67,в срок 
SHP002462,2025-04-29,Екатеринбург,Ростов-на-Дону,Железная дорога,269.0,5,5,4603.53,В срок
SHP002533,2025-11-26,Казань,Москва,Железная дорога,307.0,3,2,2727.77,В срок
SHP009126,2025-03-29,Екатеринбург,Казань,Авто,192.4,3,3,2622.76,В срок
SHP003431,2025-01-30,Москва,Пермь,Железная дорога,354.4,4,4,3779.77,В срок
SHP000287,2025-09-11,Санкт-Петербург,Новосибирск,Авиа,490.5,3,3,18890.46,В срок
SHP007975,2025-03-01,Москва,Нижний Новгород,Авто,184.5,2,6,1948.04,Задержка
SHP009875,2025-05-13,Казань,Новосибирск,Авиа,562.7,3,3,14730.38,В срок
SHP001639,2025-12-21,Казань,Екатеринбург,Авто,224.5,3,5,2693.4,Задержка
SHP003205,2025-07-07,Москва,Ростов-на-Дону,Железная дорога,656.2,4,4,3188.78,Задержка
SHP000662,2025-10-20,Казань,Уфа,Железная дорога,238.8,3,3,2630.26,В срок
SHP009627,2025-03-18,Санкт-Петербург,Пермь,Авто,172.9,4,7,3643.96,Задержка
SHP005577,2025-10-04,Москва,Новосибирск,Авиа,144.9,3,3,15054.74,В срок
SHP003528,2025-07-08,Санкт-Петербург,Нижний Новгород,Железная дорога,210.7,4,4,3260.7,В срок
SHP004319,2025-05-30,Москва,Ростов-на-Дону,Авто,1679.3,3,3,,В срок
SHP008970,2025-12-30,Москва,Пермь,Железная дорога,92.2,4,4,2832.41,В срок
SHP007492,2025-04-15,Санкт-Петербург,Москва,Авто,581.0,3,6,3347.82,Задержка
SHP004888,2025-02-12,Санкт-Петербург,Новосибирск,Авиа,407.7,3,3,18848.94,В срок
SHP004764,2025-09-15,Казань,Новосибирск,Авиа,329.3,3,2,13879.59,В срок
SHP006671,2025-07-16,Москва,Екатеринбург,Железная дорога,134.7,4,4,3632.5,В срок
SHP002566,2025-03-17,Екатеринбург,Пермь,Авто,110.7,2,1,1683.99,В срок
SHP008807,2025-06-13,Новосибирск,Казань,авто ,508.5,6,6,6186.59,В срок
SHP003647,2025-08-04,Казань,Москва,Железная дорога,232.0,3,3,2763.34,В срок
SHP005919,2025-07-31,Санкт-Петербург,Москва,Авто,381.5,3,3,3111.31,В срок
SHP004645,2025-03-01,Москва,Пермь,Авто,31.8,4,4,3552.84,В срок
SHP004259,2025-12-26,Москва,Санкт-Петербург,Авто,207.3,3,4,2617.35,Задержка
SHP001696,2025-09-12,Екатеринбург,Самара,Авто,711.3,3,3,4074.44,В срок
SHP001203,2025-04-19,Новосибирск,Пермь,Авто,185.1,5,5,3920.09,В срок
SHP006318,2025-08-28,Санкт-Петербург,Уфа,Железная дорога,1681.9,5,8,6263.23,Задержка
SHP004869,2025-02-25,Москва,Екатеринбург,Железная дорога,178.1,4,4,3758.16,В срок
SHP007643,2025-02-05,Екатеринбург,Ростов-на-Дону,Железная дорога,101.7,5,5,4496.56,В срок
SHP003285,2025-05-20,Екатеринбург,Самара,Авиа,554.4,2,2,9694.48,В срок
SHP001556,2025-02-22,Москва,Нижний Новгород,Авто,1117.1,2,6,3914.66,Задержка
SHP002786,2025-10-04,Екатеринбург,Нижний Новгород,Железная дорога,448.2,4,4,3532.01,В срок
SHP006922,2025-09-25,Москва,Ростов-на-Дону,Железная дорога,95.0,4,3,2813.17,В срок
SHP000516,2025-09-03,Санкт-Петербург,Уфа,Железная дорога,318.5,5,5,4565.81,В срок
SHP007287,2025-09-28,Екатеринбург,Самара,Авто,239.1,3,6,3018.6,Задержка
SHP000975,2025-12-31,Новосибирск,Екатеринбург,Авто,119.3,4,8,3947.42,Задержка
SHP007866,2025-05-31,Санкт-Петербург,Новосибирск,Авиа,332.6,3,3,16123.98,В срок
SHP005640,17.12.2025,Москва,Самара,Железная дорога,372.5,4,4,3082.51,В срок
SHP006149,2025-12-02,Москва,Пермь,Железная дорога,129.9,4,7,2846.34,Задержка
SHP000497,2025-06-25,Москва,Екатеринбург,Авто,1375.3,4,4,6962.2,В срок
SHP009185,2025-03-26,Москва,Пермь,Авто,451.7,4,5,4173.03,Задержка
SHP003453,2025-01-30,Казань,Нижний Новгород,Авто,32.9,2,2,1569.79,В срок
SHP000134,2025-11-21,Москва,Казань,Авто,203.2,3,3,2799.37,В срок
SHP002569,2025-02-12,Новосибирск,Пермь,Железная дорога,116.3,5,4,3622.39,В срок
SHP004250,2025-09-09,Москва,Казань,Авиа,226.1,2,2,7450.1,В срок
SHP008088,2025-02-02,Москва,Екатеринбург,Авто,221.8,4,6,4329.68,Задержка
SHP008673,2025-01-09,Казань,Новосибирск,Железная дорога,456.2,5,9,5209.24,Задержка
SHP001318,2025-12-15,Москва,Казань,Авто,106.0,3,6,2742.08,Задержка
SHP004023,2025-09-06,Екатеринбург,Уфа,Железная дорога,155.1,3,3,2168.22,В срок
SHP005588,2025-04-19,Казань,Самара,Авто,1452.0,2,2,4945.08,В срок
SHP001742,2025-12-18,Казань,Ростов-на-Дону,Авто,885.7,4,8,5829.0,Задержка
SHP008117,2025-03-10,Москва,Казань,Авто,657.4,3,5,3980.55,Задержка
SHP007630,2025-10-28,Казань,Самара,Авиа,1107.2,2,2,10273.25,В срок
SHP001477,2025-02-20,Москва,Санкт-Петербург,Авто,145.3,3,3,2689.61,В срок
SHP001796,2025-12-09,Москва,Уфа,Авиа,259.2,2,2,9397.69,В срок
SHP000606,2025-11-16,Санкт-Петербург,Нижний Новгород,Авто,281.6,3,3,3404.03,В срок
SHP001619,2025-06-25,Казань,Пермь,Авто,556.0,2,2,2938.99,В срок
SHP001143,2025-11-20,Новосибирск,Екатеринбург,Железная дорога,306.6,4,4,4433.81,В срок
SHP003898,2025-04-27,Новосибирск,Ростов-на-Дону,Железная дорога,220.8,7,7,5977.33,В срок
SHP002455,2025-06-08,Москва,Санкт-Петербург,Авиа,178.3,2,3,6138.23,Задержка
SHP009084,2025-11-17,Санкт-Петербург,Уфа,Железная дорога,211.3,5,4,3687.02,В срок
SHP004283,2025-01-30,Санкт-Петербург,Москва,Авто,621.9,3,3,3956.31,В срок
SHP009704,2025-03-25,Москва,Новосибирск,Железная дорога,385.8,6,6,4961.61,В срок
SHP008371,2025-10-05,Казань,Новосибирск,Железная дорога,395.4,5,5,5148.2,В срок
SHP004691,2025-05-21,Москва,Самара,Авиа,469.0,2,2,7520.54,В срок
SHP007955,2025-05-14,Москва,Новосибирск,Авиа,156.9,3,3,15560.75,В срок
SHP001450,2025-11-04,Москва,Самара,Железная дорога,238.1,4,4,3058.19,В срок
SHP000346,2025-08-12,Екатеринбург,Самара,Авто,104.5,3,3,2817.87,В срок
SHP005986,2025-03-01,Новосибирск,Москва,Железная дорога,99.4,6,6,5771.16,В срок
SHP009251,2025-05-28,Санкт-Петербург,Казань,Железная дорога,244.4,4,4,2981.51,В срок
SHP001937,2025-03-30,Казань,Самара,ж/д,761.3,3,3,2999.89,В срок
SHP002180,2025-06-09,Москва,Екатеринбург,Железная дорога,510.7,4,8,4292.9,Задержка
SHP007991,2025-10-08,Москва,Екатеринбург,Авто,500.2,4,8,4242.7,Задержка
SHP000613,2025-09-06,Новосибирск,Санкт-Петербург,Авиа,100.2,3,7,17177.2,Задержка
SHP002468,2025-06-26,Казань,Екатеринбург,Авто,308.1,3,3,3293.45,В срок
SHP008916,2025-02-24,Екатеринбург,Самара,Железная дорога,111.9,4,4,2306.57,В срок
SHP001508,2025-05-31,Москва,Казань,Авто,156.7,3,5,2669.9,Задержка
SHP004292,2025-05-15,Москва,Пермь,Авиа,404.6,2,2,9671.36,В срок
SHP006681,2025-08-09,Екатеринбург,Новосибирск,Авиа,231.4,2,2,11678.62,В срок
SHP002886,2025-09-17,Москва,Казань,Авто,138.8,3,7,2784.25,Задержка
SHP005951,2025-04-16,Санкт-Петербург,Екатеринбург,Железная дорога,376.5,5,4,4516.3,В срок
SHP007232,2025-08-14,Москва,Уфа,Железная дорога,494.9,4,8,3791.24,Задержка
SHP006586,2025-06-16,Санкт-Петербург,Нижний Новгород,Авто,248.1,3,3,2968.99,В срок
SHP006786,2025-06-10,Санкт-Петербург,Новосибирск,Железная дорога,222.3,7,7,6526.66,В срок
SHP006669,2025-03-11,Москва,Казань,Авто,840.3,3,3,4815.21,В срок
SHP005591,2025-07-29,Москва,Пермь,Железная дорога,309.7,4,4,3718.52,В срок
SHP002588,2025-12-15,Санкт-Петербург,Ростов-на-Дону,Авиа,86.4,2,2,10177.97,В срок
SHP003222,2025-01-21,Москва,Новосибирск,Авто,119.2,7,11,5929.34,Задержка
SHP005073,2025-12-14,Екатеринбург,Нижний Новгород,Авто,286.4,3,3,3409.92,В срок
SHP002531,2025-08-14,Санкт-Петербург,Казань,Авто,265.2,4,4,3754.12,В срок
SHP004286,2025-10-26,Москва,Самара,Железная дорога,221.1,4,4,2935.23,В срок
SHP006614,2025-10-24,Санкт-Петербург,Уфа,Железная дорога,481.4,5,5,4279.76,В срок
SHP006498,2025-12-26,Москва,Казань,Авто,328.2,3,3,3197.07,В срок
SHP004871,2025-04-17,Москва,Самара,Железная дорога,96.4,4,8,2551.24,Задержка
SHP006776,2025-04-05,Москва,Екатеринбург,Авто,495.5,4,4,5061.42,В срок
SHP005671,2025-09-24,Москва,Самара,Авто,472.5,3,3,3447.08,В срок
SHP009388,2025-10-02,Москва,Самара,Авто,93.3,3,3,2514.98,В срок
SHP007105,2025-06-20,Екатеринбург,Новосибирск,Авиа,197.2,2,2,11329.75,В срок
SHP001210,2025-12-15,Москва,Санкт-Петербург,Авто,1057.2,3,3,4251.37,В срок
SHP005544,2025-12-04,Санкт-Петербург,Уфа,Авиа,245.6,2,2,12078.53,В срок
SHP006343,2025-10-17,Москва,Уфа,Авиа,218.8,2,1,9220.92,В срок
SHP009021,2025-01-07,Новосибирск,Нижний Новгород,Авто,195.0,6,8,5292.33,Задержка
SHP007056,2025-07-15,Москва,Екатеринбург,Авто,315.0,4,4,4309.75,В срок
SHP001125,2025-11-29,Москва,Новосибирск,Железная дорога,142.2,6,6,5844.65,В срок
SHP007936,2025-06-22,Казань,Уфа,Железная дорога,196.8,3,6,2189.11,Задержка
SHP009769,2025-07-27,Казань,Москва,Авто,1237.6,3,2,5146.28,В срок
SHP001998,2025-10-16,Москва,Пермь,Железная дорога,203.3,4,4,3016.3,В срок
SHP001108,2025-12-27,Екатеринбург,Новосибирск,Авиа,139.5,2,2,9434.04,В срок
SHP009635,2025-12-20,Новосибирск,Санкт-Петербург,авто ,527.2,7,10,8459.15,Задержка
SHP009019,2025-03-19,Екатеринбург,нижний новгород,Авиа,362.8,2,2,8761.99,В срок
SHP004716,2025-06-03,Екатеринбург,Новосибирск,Авто,361.2,4,4,3933.84,В срок
SHP006107,2025-07-28,Москва,Ростов-на-Дону,Авто,90.7,3,3,3022.56,В срок
SHP004923,2025-11-29,Москва,Екатеринбург,Железная дорога,142.1,4,3,3394.62,В срок
SHP002417,2025-04-06,Санкт-Петербург,Казань,Железная дорога,264.4,4,6,3275.47,Задержка
SHP004795,2025-07-15,Санкт-Петербург,Екатеринбург,Авиа,305.7,2,2,12127.53,В срок
SHP007931,31.05.2025,Санкт-Петербург,Ростов-на-Дону,Железная дорога,167.8,5,5,3894.34,В срок
SHP002000,2025-03-14,Екатеринбург,Пермь,Авто,167.5,2,2,1931.89,В срок
SHP008670,2025-08-08,Санкт-Петербург,Пермь,Авто,449.9,4,3,5315.12,В срок
SHP005176,2025-09-05,Москва,Новосибирск,Авиа,170.0,3,3,17064.78,В срок
SHP009504,2025-06-18,Санкт-Петербург,Нижний Новгород,Железная дорога,249.7,4,4,3260.71,В срок
SHP007700,2025-01-05,Москва,Уфа,Авто,580.6,4,4,4417.89,В срок
SHP004755,2025-01-20,Москва,Уфа,Железная дорога,844.4,4,4,4404.9,В срок
SHP008825,2025-11-18,Санкт-Петербург,Новосибирск,Железная дорога,473.1,7,7,6980.51,В срок
SHP009150,2025-09-02,Москва,Екатеринбург,Железная дорога,211.8,4,8,3437.5,Задержка
SHP003059,2025-11-05, москва ,Пермь,Авто,221.3,4,4,4076.29,В срок
SHP009027,2025-07-28,Москва,Уфа,Железная дорога,710.9,4,4,3392.86,В срок
SHP007907,2025-02-07,Москва,Санкт-Петербург,Железная дорога,73.2,3,3,2460.27,В срок
SHP007063,2025-05-16,Москва,Казань,Авто,283.7,3,3,2596.25,В срок
SHP008364,2025-09-24,Казань,Санкт-Петербург,Железная дорога,198.4,4,8,3734.15,Задержка
SHP000284,2025-02-17,Санкт-Петербург,Пермь,Железная дорога,237.4,5,5,4194.9,В срок
SHP008256,2025-05-22,Москва,Пермь,Железная дорога,252.9,4,4,3428.92,В срок
SHP008336,2025-03-09,Санкт-Петербург,Казань,Железная дорога,560.6,4,4,4147.21,В срок
SHP007568,2025-10-23,Санкт-Петербург,Нижний Новгород,Авто,834.3,3,5,4667.64,Задержка
SHP004392,2025-10-09,Екатеринбург,Москва,Авто,216.8,4,3,4231.42,В срок
SHP003250,2025-09-26,Казань,Пермь,Авиа,143.9,2,2,5246.77,В срок
SHP007903,2025-07-04,Москва,Новосибирск,,154.4,6,6,5049.82,В срок
SHP009941,2025-01-25,Москва,Казань,Железная дорога,618.9,3,3,3473.0,В срок
SHP006802,2025-09-23,Москва,Ростов-на-Дону,Авто,314.1,3,3,3386.73,В срок
SHP009853,2025-10-03,Санкт-Петербург,Екатеринбург,Железная дорога,342.2,5,5,3985.32,В срок
SHP006660,2025-12-02,Екатеринбург,Москва,Авто,290.5,4,4,4368.73,В срок
SHP009331,2025-03-28,Москва,Екатеринбург,Железная дорога,284.4,4,4,4110.25,В срок
SHP006929,2025-04-08,Москва,Санкт-Петербург,Авто,586.7,3,3,3884.17,В срок
SHP006361,2025-03-07,Новосибирск,Ростов-на-Дону,Железная дорога,165.4,7,7,6294.07,В срок
SHP003487,2025-01-12,Москва,Екатеринбург,Авиа,626.4,2,1,13942.13,В срок
SHP005884,2025-03-01,Санкт-Петербург,Екатеринбург,Авиа,153.4,2,3,12579.32,Задержка
SHP008460,2025-08-05,Новосибирск,Самара,Авиа,679.9,3,3,15664.46,В срок
SHP004650,2025-03-23,Новосибирск,Москва,Авиа,443.8,3,3,17110.86,В срок
SHP006108,24.09.2025,Новосибирск,Москва,Авиа,494.8,3,3,18642.73,В срок
SHP004127,2025-08-26,Москва,Казань,Авто,657.7,3,2,3544.43,В срок
SHP003943,2025-02-28,Москва,Уфа,Железная дорога,313.6,4,4,3510.88,В срок
SHP006447,2025-03-13,Екатеринбург,Ростов-на-Дону,Железная дорога,202.2,5,4,4459.98,В срок
SHP008058,2025-03-28,Санкт-Петербург,Нижний Новгород,Авиа,371.8,2,2,8732.59,В срок
SHP003779,2025-01-05,Москва,Уфа,Железная дорога,454.4,4,4,3361.28,В срок
SHP005380,2025-06-26,Москва,Ростов-на-Дону,Железная дорога,117.4,4,4,3270.27,В срок
SHP002340,2025-11-18,Екатеринбург,Новосибирск,Авиа,120.3,2,2,9968.22,В срок
SHP008808,2025-06-01,Москва,Ростов-на-Дону,Авто,157.6,3,7,3179.94,Задержка
SHP003774,2025-07-22,Москва,Самара,Авто,327.8,3,3,3197.18,В срок
SHP000270,2025-04-08,Москва,Пермь,Авто,237.1,4,4,3342.84,В срок
SHP004561,2025-08-09,Москва,Самара,Железная дорога,1446.0,4,3,4429.46,В срок
SHP003648,2025-04-17,Казань,Самара,Авиа,215.8,2,2,5423.01,В срок
SHP007402,2025-07-02,Санкт-Петербург,Пермь,Железная дорога,457.4,5,5,3619.02,В срок
SHP005800,2025-02-13,Москва,Казань,Авто,189.8,3,3,2498.76,В срок
SHP005154,2025-01-17,Новосибирск,Самара,Железная дорога,185.9,5,5,4580.56,В срок
SHP001326,2025-11-02,Москва,Ростов-на-Дону,Железная дорога,55.5,4,4,2773.36,В срок
SHP003657,2025-07-08,Новосибирск,Ростов-на-Дону,Железная дорога,151.9,7,7,5801.61,В срок
SHP007081,2025-02-03,Новосибирск,Уфа,Авто,338.8,5,4,4966.61,В срок
SHP007901,2025-12-17,Казань,Новосибирск,Авто,319.5,6,6,6117.02,В срок
SHP009341,2025-09-01,Санкт-Петербург,Пермь,Авиа,531.2,2,2,12895.49,В срок
SHP002166,2025-03-20,Новосибирск,Самара,Авиа,335.2,3,3,13796.01,В срок
SHP001798,2025-11-21,Москва,Екатеринбург,Авто,275.9,4,4,3918.81,В срок
SHP000288,2025-05-23,Москва,Нижний Новгород,Авто,283.8,2,2,2199.81,В срок
SHP000860,2025-03-08,Москва,Самара,Авиа,384.2,2,2,7956.22,В срок
SHP006274,2025-05-29,Москва,Нижний Новгород,Авто,510.1,2,2,2933.93,В срок
SHP005840,2025-07-15,Санкт-Петербург,Ростов-на-Дону,Авто,156.7,4,4,4566.92,В срок
SHP003151,2025-07-07,Санкт-Петербург,Казань,Железная дорога,147.3,4,3,3327.78,В срок
SHP009468,2025-03-12,Новосибирск,Ростов-на-Дону,Авиа,311.0,3,3,18368.45,В срок
SHP003902,2025-05-08,Казань,Ростов-на-Дону,Железная дорога,224.9,4,4,3667.6,В срок
SHP001883,2025-08-14,Казань,Пермь,Железная дорога,160.5,3,3,2453.62,В срок
SHP004701,2025-07-17,Москва,Екатеринбург,Авиа,64.6,2,2,10850.87,В срок
SHP000371,2025-12-10,Москва,Санкт-Петербург,Авиа,319.6,2,2,8286.56,В срок
SHP008270,2025-07-31,Москва,Екатеринбург,Авиа,178.1,2,2,10130.57,В срок
SHP001676,2025-05-26,Москва,Ростов-на-Дону,Железная дорога,1329.3,4,8,4546.21,Задержка
SHP004374,2025-10-04,Москва,Ростов-на-Дону,Авиа,234.4,2,2,7225.27,В срок
SHP009549,2025-02-08,Санкт-Петербург,Ростов-на-Дону,Авто,967.5,4,6,5668.49,Задержка
SHP002005,2025-11-25,Новосибирск,Нижний Новгород,Авиа,234.0,3,3,15938.62,В срок
SHP001296,2025-07-31,Москва,Новосибирск,Авиа,247.9,3,3,18265.61,В срок
SHP007459,2025-11-09,Москва,Казань,Железная дорога,203.2,3,2,2740.8,В срок
SHP006225,2025-12-13,Москва,Санкт-Петербург,Авто,300.1,3,3,2886.58,В срок
SHP008305,2025-01-21,Москва,Пермь,Железная дорога,403.4,4,4,3285.51,В срок
SHP006878,2025-01-10,Екатеринбург,Нижний Новгород,Авиа,530.7,2,2,10154.27,В срок
SHP006956,2025-06-07,Москва,Самара,Авиа,333.8,2,6,8674.36,Задержка
SHP007711,2025-01-26,Екатеринбург,Москва,Авиа,487.2,2,2,12223.79,В срок
SHP004728,2025-11-21,Москва,Самара,Авиа,185.1,2,1,6265.5,В срок
SHP008923,2025-11-30,Москва,Казань,Железная дорога,238.4,3,6,2986.84,Задержка
SHP009916,2025-12-12,Москва,Санкт-Петербург,Авто,325.0,3,3,2839.81,В срок
SHP002921,2025-02-06,Москва,Новосибирск,Железная дорога,673.5,6,5,6531.54,В срок
SHP002210,2025-03-25,Санкт-Петербург,Пермь,Железная дорога,333.7,5,5,4145.02,В срок
SHP006919,2025-05-21,Новосибирск,Ростов-на-Дону,Железная дорога,132.3,7,7,6190.48,В срок
SHP006391,2025-05-07,Екатеринбург,Уфа,Авто,389.3,2,2,2336.7,В срок
SHP009906,2025-12-27,Санкт-Петербург,Пермь,Авто,63.7,4,4,3707.99,В срок
SHP004249,2025-12-23,Казань,Ростов-на-Дону,Железная дорога,317.4,4,7,3196.52,Задержка
SHP005568,2025-07-01,Новосибирск,Санкт-Петербург,Железная дорога,251.1,7,7,6853.83,В срок
SHP004389,2025-07-08,Москва,Нижний Новгород,Авто,177.0,2,2,1951.77,В срок
SHP009692,2025-09-16,Казань,Санкт-Петербург,Авто,1097.5,4,4,5641.23,В срок
SHP001255,2025-09-12,Екатеринбург,Новосибирск,Авто,291.6,4,3,4554.02,В срок
SHP006130,2025-02-06,Москва,Новосибирск,Железная дорога,160.2,6,6,4952.84,В срок
SHP004252,2025-02-27,Москва,Самара,Железная дорога,323.3,4,4,2874.22,В срок
SHP000970,2025-12-19,Казань,Москва,Авто,395.3,3,4,3414.13,Задержка
SHP006808,2025-09-02,Санкт-Петербург,Екатеринбург,Железная дорога,473.2,5,5,4197.78,В срок
SHP001948,2025-03-23,Екатеринбург,Самара,Авто,1800.0,3,6,6150.21,Задержка
SHP000461,2025-07-13,Казань,Уфа,Авто,405.5,2,6,2723.49,Задержка
SHP007036,2025-08-06,Москва,Уфа,Железная дорога,225.1,4,3,3380.75,В срок
SHP007932,2025-04-17,Москва,Екатеринбург,Железная дорога,126.1,4,4,3237.72,В срок
SHP003710,2025-07-12,Казань,Пермь,Авто,449.9,2,2,3178.06,В срок
SHP000347,2025-04-27,Новосибирск,Нижний Новгород,Авиа,150.5,3,2,15312.28,В срок
SHP006967,2025-06-05,Новосибирск,Уфа,Железная дорога,270.1,5,5,4169.3,В срок
SHP006601,2025-01-16,Москва,Пермь,Железная дорога,914.4,4,4,4235.62,В срок
SHP002444,2025-08-29,Казань,Ростов-на-Дону,Железная дорога,350.2,4,4,3360.19,В срок
SHP001589,2025-07-02,Екатеринбург,Самара,Авто,144.8,3,3,2609.1,В срок
SHP006353,2025-05-25,Санкт-Петербург,Екатеринбург,Авиа,323.4,2,2,13867.39,В срок
SHP007080,2025-08-25,Москва,Пермь,Железная дорога,215.2,4,4,3330.03,В срок
SHP004185,2025-04-06,Москва,Ростов-на-Дону,Железная дорога,434.7,4,3,3457.41,В срок
SHP007064,2025-10-25,Санкт-Петербург,Екатеринбург,Авто,182.5,5,4,5085.48,В срок
SHP007825,2025-06-01,Казань,Ростов-на-Дону,Железная дорога,138.8,4,3,3032.77,В срок
SHP004817,14.04.2025,Москва,Екатеринбург,Железная дорога,675.9,4,4,4386.09,В срок
SHP000541,2025-03-08,Москва,Санкт-Петербург,Железная дорога,114.3,3,6,2427.4,Задержка
SHP000005,2025-01-31,Санкт-Петербург,Новосибирск,Авиа,302.1,3,3,17478.72,В срок
SHP007913,2025-01-24,Екатеринбург,Пермь,Авиа,174.2,2,2,5510.19,В срок
SHP008194,2025-08-14,Казань,Нижний Новгород,Авто,240.4,2,2,2168.0,В срок
SHP007054,2025-07-09,Москва,Санкт-Петербург,Авиа,586.8,2,2,9291.32,В срок
SHP002093,2025-05-31,Екатеринбург,Ростов-на-Дону,Железная дорога,294.3,5,5,4160.53,В срок
SHP003560,2025-08-27,Екатеринбург,Самара,Авто,414.4,3,3,3268.81,В срок
SHP006345,2025-05-08,Екатеринбург,Санкт-Петербург,Железная дорога,1800.0,5,7,6943.3,Задержка
SHP009896,2025-06-13,Санкт-Петербург,Казань,Железная дорога,571.7,4,4,4011.8,В срок
SHP004998,2025-08-19,Санкт-Петербург,Екатеринбург,Железная дорога,407.9,5,4,4283.57,В срок
SHP005929,2025-12-09,Екатеринбург,Казань,Авто,532.8,3,2,3797.71,В срок
SHP004992,2025-09-05,Москва,Самара,Авиа,576.2,2,1,9521.51,В срок
SHP008665,2025-01-23,Санкт-Петербург,Нижний Новгород,Железная дорога,1800.0,4,4,6260.75,В срок
SHP005798,2025-07-11,Москва,Самара,Авто,582.6,3,3,3944.49,В срок
SHP004753,2025-01-10,Москва,Самара,Авиа,531.7,2,2,10442.77,В срок
SHP009631,2025-03-31,Москва,Ростов-на-Дону,Авто,143.0,3,3,2688.96,В срок
SHP008408,2025-08-01,Москва,Пермь,Авто,260.1,4,4,3873.41,В срок
SHP004958,2025-04-18,Москва,Пермь,Авто,89.6,4,4,3376.88,В срок
SHP007531,2025-09-26,Санкт-Петербург,Ростов-на-Дону,Авто,412.5,4,4,5119.72,В срок
SHP002179,2025-03-12,Новосибирск,Нижний Новгород,Авто,288.1,6,7,5819.76,Задержка
SHP000796,2025-02-22,Москва,Уфа,Авто,208.2,4,4,3530.65,В срок
SHP003392,2025-04-10,Москва,Уфа,Железная дорога,89.1,4,3,3305.17,В срок
SHP009742,2025-06-04,Санкт-Петербург,Екатеринбург,Авиа,85.5,2,1,11272.74,В срок
SHP009832,2025-11-06,Казань,Екатеринбург,Авто,294.4,3,3,3110.45,В срок
SHP004474,2025-06-20,Москва,Уфа,Авто,380.1,4,4,3623.54,В срок
SHP001969,2025-04-30,Новосибирск,Екатеринбург,Авиа,627.9,2,1,13537.09,В срок
SHP000834,2025-08-27,Екатеринбург,Москва,Железная дорога,569.2,4,4,4183.98,В срок
SHP000382,2025-11-07,Казань,Санкт-Петербург,Железная дорога,526.1,4,4,4383.75,В срок
SHP003672,2025-09-29,Новосибирск,Екатеринбург,Авто,119.4,4,4,4202.42,В срок
SHP006511,2025-01-02,Екатеринбург,Самара,Железная дорога,639.8,4,7,3351.98,Задержка
SHP006247,2025-05-22,Казань,Нижний Новгород,Авто,295.5,2,2,1880.83,В срок
SHP008037,2025-12-10,Новосибирск,Казань,Железная дорога,362.3,5,5,5198.59,В срок
SHP009856,2025-11-28,Новосибирск,Уфа,Авиа,110.8,2,2,10631.16,В срок
SHP008433,2025-05-08,Новосибирск,Уфа,Авто,166.3,5,5,4705.07,В срок
SHP004608,2025-04-01,Санкт-Петербург,Казань,Авиа,184.5,2,2,10480.17,В срок
SHP000283,2025-03-02,Москва,Самара,Авто,111.0,3,3,2821.1,В срок
SHP000551,2025-08-26,Москва,Санкт-Петербург,Авто,208.6,3,2,2846.87,В срок
SHP007665,2025-04-05,Москва,Уфа,Железная дорога,164.9,4,3,3081.76,В срок
SHP007288,2025-09-22,Москва,Казань,Авто,186.1,3,3,2635.04,В срок
SHP002303,2025-10-15,Москва,Нижний Новгород,Авто,600.0,2,2,3002.46,В срок
SHP008580,2025-01-26,Москва,Новосибирск,Железная дорога,210.9,6,6,5260.49,В срок
SHP000742,2025-08-15,Москва,Санкт-Петербург,Железная дорога,157.6,3,2,2544.93,В срок
SHP003685,2025-06-18,Москва,Новосибирск,,395.4,3,5,18581.75,Задержка
SHP005785,2025-12-30,Новосибирск,Нижний Новгород,Авто,127.8,6,7,6069.02,Задержка
SHP005222,2025-10-18,Казань,Ростов-на-Дону,Авто,201.6,4,4,3187.36,В срок
SHP008014,2025-01-04,Москва,Уфа,Авиа,451.5,2,6,11536.61,Задержка
SHP002043,2025-02-25,Санкт-Петербург,Новосибирск,Авиа,282.2,3,3,18262.11,В срок
SHP000241,2025-03-15,Екатеринбург,Пермь,Авто,145.6,2,2,1871.89,В срок
SHP003932,2025-03-25,Казань,Ростов-на-Дону,Авиа,204.7,2,1,7936.42,В срок
SHP003411,20.02.2025,Москва,Санкт-Петербург,Авто,1601.4,3,4,5389.93,Задержка
SHP001968,2025-08-29,Москва,Самара,Авто,261.5,3,3,2723.28,В срок
SHP005609,2025-07-27,Новосибирск,Нижний Новгород,Железная дорога,259.5,6,6,5083.1,В срок
SHP002820,2025-03-30,Москва,Уфа,Авто,140.1,4,4,3347.6,В срок
SHP003955,2025-04-09,Москва,Уфа,Авиа,124.6,2,4,9848.78,Задержка
SHP009557,2025-06-16,Санкт-Петербург,Екатеринбург,Железная дорога,84.3,5,6,3576.22,Задержка
SHP005618,2025-03-21,Москва,Пермь,Авто,376.2,4,4,3956.95,В срок
SHP009614,2025-04-24,Москва,Казань,Железная дорога,313.6,3,3,3172.57,В срок
SHP002038,2025-09-22,Москва,Казань,Железная дорога,270.3,3,3,2745.08,В срок
SHP000567,2025-06-05,Москва,Новосибирск,Железная дорога,530.3,6,6,5588.97,В срок
SHP002222,2025-05-22,Екатеринбург,Уфа,Авто,129.9,2,1,1642.3,В срок
SHP008236,2025-06-24,Москва,Пермь,Железная дорога,853.7,4,8,4543.67,Задержка
SHP009531,2025-11-05,Казань,Ростов-на-Дону,Авто,74.8,4,3,3254.67,В срок
SHP009696,2025-06-07,Москва,Самара,Авиа,255.6,2,2,7921.65,В срок
SHP003588,2025-01-27,КАЗАНЬ,Санкт-Петербург,Авто,570.2,4,4,4750.37,В срок
SHP003983,2025-04-28,Санкт-Петербург,Пермь,Авиа,108.0,2,2,10310.98,В срок
SHP001562,2025-05-19,Екатеринбург,Пермь,Железная дорога,155.6,3,3,1928.69,В срок
SHP003912,2025-01-26,Москва,Екатеринбург,Авиа,213.4,2,3,10978.84,Задержка
SHP004330,2025-06-22,Екатеринбург,Уфа,Авто,397.8,2,2,1931.04,В срок
SHP005375,2025-01-18,Санкт-Петербург,Ростов-на-Дону,Железная дорога,184.1,5,9,3563.21,Задержка
SHP005192,2025-05-22,Екатеринбург,Москва,Железная дорога,654.3,4,8,5042.39,Задержка
SHP007205,2025-09-06,Москва,Екатеринбург,Авто,151.2,4,6,4230.51,Задержка
SHP008481,2025-06-06,Казань,Санкт-Петербург,Железная дорога,241.5,4,6,3064.26,Задержка
SHP008492,2025-01-30,Екатеринбург,Новосибирск,Авто,557.0,4,4,4829.27,В срок
SHP007688,2025-03-15,Новосибирск,Нижний Новгород,Железная дорога,432.1,6,6,6273.13,В срок
SHP009298,2025-02-16,Новосибирск,Уфа,Авто,631.9,5,5,5821.34,В срок
SHP009350,2025-11-25,Екатеринбург,Новосибирск,Железная дорога,346.7,4,4,4270.37,В срок
SHP008824,2025-08-30,Москва,Новосибирск,Железная дорога,310.8,6,6,5459.09,В срок
SHP003819,2025-08-31,Казань,Уфа,Железная дорога,866.7,3,6,2781.41,Задержка
SHP000761,2025-04-28,Москва,Казань,Авто,41.6,3,3,2348.19,В срок
SHP004240,2025-10-04,Екатеринбург,Санкт-Петербург,Железная дорога,124.2,5,5,3857.07,В срок
SHP007807,2025-04-03,Новосибирск,Пермь,Железная дорога,283.9,5,5,4102.65,В срок
SHP006531,2025-08-03,Екатеринбург,Санкт-Петербург,Железная дорога,122.0,5,5,3847.3,В срок
SHP001959,2025-04-11,Екатеринбург,Ростов-на-Дону,авто ,270.7,5,5,4903.98,В срок
SHP004091,2025-03-29,Санкт-Петербург,Екатеринбург,Авто,327.3,5,4,5411.17,В срок
SHP008753,2025-03-23,Москва,Уфа,Железная дорога,264.6,4,6,3194.31,Задержка
SHP003635,2025-11-29,Москва,Уфа,Авто,492.2,4,4,4491.04,В срок
SHP003752,2025-05-21,Санкт-Петербург,Москва,Авто,191.0,3,3,2638.48,В срок
SHP006879,2025-05-11,Москва,Санкт-Петербург,Авто,244.5,3,3,2939.58,В срок
SHP005468,2025-09-16,Москва,Новосибирск,Авиа,153.2,3,3,16875.89,В срок
SHP006762,2025-02-04, москва ,Самара,Железная дорога,634.0,4,4,3791.47,В срок
SHP006839,2025-03-10,Москва,Казань,Авто,99.3,3,3,2762.87,В срок
SHP008543,2025-10-31,Новосибирск,Ростов-на-Дону,Авиа,1742.3,3,3,30279.69,В срок
SHP001938,2025-11-15,Санкт-Петербург,Пермь,Авто,1377.2,4,7,7158.85,Задержка
SHP007200,2025-11-20,Москва,Казань,Авто,307.6,3,3,2794.0,в срок 
SHP008740,2025-05-02,Санкт-Петербург,Самара,Железная дорога,727.3,4,5,4239.83,Задержка
SHP000880,2025-08-22,Москва,Новосибирск,Железная дорога,432.1,6,6,5333.79,В срок
SHP006148,2025-05-15,Санкт-Петербург,Ростов-на-Дону,Железная дорога,329.4,5,5,3970.44,В срок
SHP008315,2025-01-25,Санкт-Петербург,Москва,Авто,268.5,3,5,2704.71,Задержка
SHP002677,2025-05-07,Новосибирск,Екатеринбург,Железная дорога,170.9,4,4,3776.11,В срок
SHP007321,2025-07-23,Санкт-Петербург,Пермь,Авто,410.8,4,5,5308.01,Задержка
SHP002061,2025-01-05,Москва,Нижний Новгород,Авто,1096.7,2,1,4175.36,В срок
SHP005697,2025-01-09,Новосибирск,Екатеринбург,Авто,200.4,4,4,3421.9,В срок
SHP003980,2025-04-06,Санкт-Петербург,Нижний Новгород,Железная дорога,235.7,4,4,,В срок
SHP003835,2025-09-13,Казань,Нижний Новгород,Авто,204.5,2,2,1797.96,В срок
SHP004171,2025-06-02,Москва,Казань,Авто,240.5,3,3,2891.46,В срок
SHP008847,2025-05-17,Москва,Самара,Железная дорога,439.0,4,8,3110.22,Задержка
SHP000369,2025-11-16,Екатеринбург,Новосибирск,Железная дорога,760.4,4,4,4551.9,В срок
SHP003288,2025-04-25,Казань,Екатеринбург,Авто,200.2,3,2,2649.06,В срок
SHP007283,2025-04-12,Екатеринбург,Москва,Железная дорога,352.1,4,4,4011.74,В срок
SHP008128,2025-07-24,Москва,Санкт-Петербург,Авто,618.1,3,3,3992.14,В срок
SHP005324,2025-01-20,Санкт-Петербург,Казань,Авто,99.5,4,4,3226.42,В срок
SHP002474,2025-01-06,Новосибирск,Пермь,Железная дорога,499.8,5,5,4355.14,В срок
SHP008010,2025-02-26,Санкт-Петербург,Самара,Железная дорога,1088.5,4,4,5164.39,В срок
SHP005096,2025-05-27,Новосибирск,Екатеринбург,Авто,109.9,4,4,4134.96,В срок
SHP006766,2025-12-29,Москва,Пермь,Авиа,406.0,2,2,9634.9,В срок
SHP000957,2025-08-24,Санкт-Петербург,Новосибирск,Железная дорога,345.8,7,7,6065.69,В срок
SHP009890,2025-01-14,Екатеринбург,Самара,Авто,132.6,3,3,2751.65,В срок
SHP008978,2025-01-18,Казань,Новосибирск,Железная дорога,119.9,5,9,4174.58,Задержка
SHP000697,2025-09-20,Новосибирск,Екатеринбург,Авто,388.0,4,4,4389.41,В срок
SHP000967,2025-06-20,Москва,Самара,Железная дорога,432.7,4,4,3006.64,В срок
SHP007249,2025-09-13,Казань,Уфа,Авто,317.7,2,2,2176.29,В срок
SHP001389,2025-12-16,Москва,Ростов-на-Дону,Авто,28.7,3,3,2897.95,В срок
SHP006662,2025-07-27,Москва,Нижний Новгород,Железная дорога,119.5,3,3,1881.27,В срок
SHP005451,2025-05-09,Москва,Пермь,Авто,179.1,4,4,3362.7,В срок
SHP004449,2025-10-31,Москва,Пермь,Авиа,166.2,2,1,8168.9,В срок
SHP005326,2025-10-22,Москва,Уфа,Авто,152.4,4,4,3664.62,В срок
SHP007161,2025-07-07,Санкт-Петербург,Москва,Авто,264.6,3,3,2632.92,В срок
SHP000277,2025-11-14,Екатеринбург,Пермь,Авто,136.7,2,2,1823.91,В срок
SHP003092,2025-02-04,Казань,Уфа,Авто,688.4,2,2,3242.68,В срок
SHP005755,2025-11-19,Москва,Ростов-на-Дону,Авто,1767.0,3,4,6794.9,Задержка
SHP002301,2025-12-15,Казань,Ростов-на-Дону,Авто,390.4,4,5,4069.76,Задержка
SHP005343,2025-04-06,Санкт-Петербург,Самара,Железная дорога,93.2,4,3,3494.39,В срок
SHP004299,2025-06-02,Москва,Санкт-Петербург,Авто,986.9,3,3,4859.88,В срок
SHP003791,2025-06-20,Новосибирск,Москва,,89.1,3,3,16094.01,В срок
SHP008164,2025-04-19,Екатеринбург,Пермь,Авто,60.9,2,1,1746.72,В срок
SHP007583,2025-10-08,Москва,Санкт-Петербург,Авто,324.0,3,6,2852.3,Задержка
SHP003785,2025-06-25,Санкт-Петербург,Екатеринбург,Авто,124.2,5,5,4769.58,В срок
SHP006647,2025-05-18,Екатеринбург,Москва,Авиа,88.4,2,2,10455.78,В срок
SHP006091,2025-01-11,Казань,Самара,Железная дорога,221.6,3,3,1937.19,В срок
SHP006737,2025-01-08,Екатеринбург,Ростов-на-Дону,Железная дорога,379.3,5,8,4522.93,Задержка
SHP009576,2025-03-08,Москва,Казань,Авто,767.5,3,2,4448.39,В срок
SHP005875,2025-02-03,Новосибирск,Пермь,Железная дорога,1284.0,5,5,4890.66,В срок
SHP009785,23.03.2025,Москва,Новосибирск,Железная дорога,258.6,6,5,5411.73,В срок
SHP002502,2025-07-16,Санкт-Петербург,Ростов-на-Дону,Авто,217.0,4,4,4782.07,В срок
SHP005051,2025-07-11,Казань,Екатеринбург,Авто,222.9,3,3,2447.48,В срок
SHP009952,2025-09-30,Москва,Нижний Новгород,Авто,379.4,2,2,2643.27,В срок
SHP005730,2025-05-15,Москва,Пермь,Авто,221.1,4,4,3399.55,В срок
SHP001038,2025-02-01,Москва,Екатеринбург,Авто,704.4,4,4,5520.63,В срок
SHP009727,2025-03-19,Москва,Санкт-Петербург,Авто,626.5,3,4,3840.57,Задержка
SHP005156,2025-05-26,Москва,Новосибирск,Авиа,73.6,3,3,15388.03,В срок
SHP006441,2025-11-19,Москва,Екатеринбург,Железная дорога,186.2,4,4,3520.73,В срок
SHP007360,2025-04-18,Казань,Уфа,Железная дорога,170.2,3,3,2239.17,В срок
SHP004118,2025-05-01,Казань,Ростов-на-Дону,Авто,477.4,4,4,4049.8,В срок
SHP007775,2025-10-27,Новосибирск,Москва,Авиа,119.0,3,3,15982.02,В срок
SHP001873,2025-05-24,Санкт-Петербург,Ростов-на-Дону,,461.5,5,5,4421.8,В срок
SHP006901,2025-11-13,Санкт-Петербург,Самара,Железная дорога,812.2,4,7,4898.49,Задержка
SHP003383,2025-11-27,Москва,Нижний Новгород,Железная дорога,146.9,3,3,2197.9,В срок
SHP006941,2025-03-08,Москва,Ростов-на-Дону,Железная дорога,446.7,4,3,3481.52,В срок
SHP003354,2025-08-05,Москва,Екатеринбург,Авто,379.8,4,4,4703.26,В срок
SHP006351,2025-11-15,Москва,Пермь,Железная дорога,201.3,4,4,3493.09,В срок
SHP005911,2025-02-17,Москва,Самара,Авто,248.7,3,3,3102.72,В срок
SHP002661,2025-01-21,Москва,Екатеринбург,Железная дорога,1652.9,4,4,5905.74,В срок
SHP006837,2025-11-14,Москва,Екатеринбург,Железная дорога,248.4,4,4,3773.96,В срок
SHP002257,2025-04-03,Казань,Уфа,Авто,306.3,2,2,2264.58,В срок
SHP003399,2025-02-05,Москва,Пермь,Железная дорога,466.9,4,4,3712.81,В срок
SHP000798,2025-10-06,Москва,Уфа,Железная дорога,164.1,4,4,3390.36,В срок
SHP009748,2025-09-02,Санкт-Петербург,Ростов-на-Дону,Авто,324.1,4,7,4498.39,Задержка
SHP006404,2025-06-14,Санкт-Петербург,Ростов-на-Дону,Авто,289.8,4,8,3939.36,Задержка
SHP008272,2025-08-01,Казань,Санкт-Петербург,Железная дорога,99.8,4,4,2873.73,В срок
SHP001336,2025-01-16,Новосибирск,Москва,Железная дорога,769.1,6,6,7046.73,В срок
SHP001975,2025-11-17,Москва,Ростов-на-Дону,Железная дорога,1581.3,4,4,4504.49,В срок
SHP001933,2025-07-16,Казань,Ростов-на-Дону,Авиа,366.9,2,3,10364.22,Задержка
SHP006453,2025-05-04,Москва,Пермь,Авто,301.4,4,4,3625.04,В срок
SHP008730,2025-10-23,Санкт-Петербург,Москва,Авиа,453.6,2,2,8086.7,В срок
SHP003856,2025-01-01,Екатеринбург,Санкт-Петербург,Железная дорога,69.7,5,5,4220.41,В срок
SHP002162,2025-01-24,Екатеринбург,Самара,Авто,1341.3,3,3,5953.91,В срок
SHP007315,2025-12-12,Москва,Ростов-на-Дону,Железная дорога,135.6,4,3,2866.23,В срок
SHP005077,2025-05-22,Москва,Ростов-на-Дону,Авто,94.2,3,3,2726.93,В срок
SHP000290,2025-11-16,Москва,Екатеринбург,Авто,165.7,4,4,4097.51,В срок
SHP000636,2025-11-12,Новосибирск,Самара,Авиа,659.8,3,3,18089.05,В срок
SHP001593,2025-01-25,Санкт-Петербург,Самара,Железная дорога,395.6,4,4,4506.11,В срок
SHP003522,2025-08-04,Новосибирск,Екатеринбург,Авто,654.8,4,4,4937.08,В срок
SHP007018,20.01.2025,Новосибирск,Москва,Железная дорога,175.2,6,6,4986.67,В срок
SHP003389,2025-05-07,Москва,Новосибирск,Железная дорога,437.2,6,6,6294.67,В срок
SHP007074,2025-09-10,Москва,Екатеринбург,Железная дорога,266.4,4,4,3527.62,В срок
SHP009690,2025-05-12,Санкт-Петербург,Нижний Новгород,Авто,203.8,3,3,2873.16,В срок
SHP009801,2025-12-11,Новосибирск,Санкт-Петербург,Авиа,297.3,3,3,17275.94,В срок
SHP000374,2025-08-21,Москва,Пермь,Авиа,253.4,2,2,8805.61,В срок
SHP006851,2025-08-06,Москва,Казань,Авто,536.4,3,3,3603.72,В срок
SHP004877,2025-06-19,Москва,Новосибирск,Авто,294.6,7,7,6939.76,В срок
SHP002120,2025-03-31,Новосибирск,Москва,Авиа,214.7,3,3,15778.74,В срок
SHP001613,2025-12-13,Санкт-Петербург,Уфа,Железная дорога,836.6,5,7,4993.51,Задержка
SHP008608,2025-05-07,Новосибирск,Пермь,Авиа,774.8,2,2,15141.85,В срок
SHP004879,2025-05-21,Москва,Самара,Железная дорога,220.6,4,4,2924.64,В срок
SHP003042,2025-09-27,Новосибирск,Уфа,Авто,450.6,5,7,5265.22,Задержка
SHP001228,2025-05-11,Москва,Ростов-на-Дону,Авиа,99.6,2,1,7749.23,В срок
SHP005132,2025-08-10,Москва,Ростов-на-Дону,Авто,92.2,3,3,2910.95,В срок
SHP005071,2025-10-15,Москва,Новосибирск,Авиа,181.2,3,5,17569.39,Задержка
SHP006025,2025-01-19,Москва,Екатеринбург,Авто,52.5,4,4,3941.14,В срок
SHP001192,2025-10-24,Екатеринбург,Санкт-Петербург,Железная дорога,845.5,5,5,5274.75,В срок
SHP004600,2025-12-27,Санкт-Петербург,Казань,Железная дорога,240.0,4,4,3483.25,В срок
SHP008689,2025-08-03,Новосибирск,Москва,Железная дорога,538.5,6,6,6072.68,В срок
SHP003307,2025-06-11,Москва,Новосибирск,Авиа,99.2,3,2,15549.81,В срок
SHP001205,2025-01-31,Москва,Нижний Новгород,Авто,56.6,2,6,1708.96,Задержка
SHP007958,2025-08-27,Санкт-Петербург,Ростов-на-Дону,Авиа,56.3,2,2,11205.24,В срок
SHP000328,2025-08-07,Санкт-Петербург,Ростов-на-Дону,Авто,361.2,4,6,4936.23,Задержка
SHP004714,2025-03-20,Москва,Новосибирск,Железная дорога,66.0,6,8,5038.12,Задержка
SHP004477,2025-06-03,Москва,Пермь,Авто,293.1,4,3,3730.43,В срок
SHP005314,2025-12-25,Санкт-Петербург,Казань,Авто,60.0,4,4,3313.86,В срок
SHP004197,2025-05-29,Казань,Уфа,Авто,693.0,2,2,3620.2,В срок
SHP003279,2025-06-11,Санкт-Петербург,Москва,Авто,557.1,3,4,3615.72,Задержка
SHP009285,2025-10-02,Новосибирск,Ростов-на-Дону,Авиа,1161.0,3,3,23812.86,В срок
SHP006778,2025-08-24,Санкт-Петербург,Пермь,Авто,159.1,4,4,4337.68,В срок
SHP002186,2025-03-01,Москва,Уфа,Железная дорога,252.5,4,4,3454.78,В срок
SHP001995,2025-07-28,Санкт-Петербург,Ростов-на-Дону,Железная дорога,62.7,5,5,3726.7,В срок
SHP008201,2025-03-18,Екатеринбург,Нижний Новгород,Авто,64.1,0,6,3076.08,Задержка
SHP006859,2025-04-22,Екатеринбург,Казань,Авто,366.7,3,3,3251.5,В срок
SHP001815,2025-08-14,Казань,Санкт-Петербург,Авто,234.1,4,7,3345.96,Задержка
SHP003625,2025-03-24,Москва,Новосибирск,Железная дорога,138.7,6,6,5379.24,В срок
SHP002646,2025-02-14,Москва,Казань,Авто,409.7,3,2,3215.4,В срок
SHP008874,2025-12-29,Москва,Нижний Новгород,Железная дорога,179.8,3,3,2289.58,В срок
SHP005129,2025-06-05,Москва,Казань,Авто,1015.8,3,2,4664.05,В срок
SHP006679,2025-01-07,Москва,Екатеринбург,Авиа,389.3,2,2,11766.56,В срок
SHP007792,2025-07-27,Москва,Екатеринбург,Авто,758.3,4,4,5001.74,В срок
SHP005541,2025-09-29,Москва,Пермь,Железная дорога,141.7,4,4,3022.15,В срок
SHP002080,2025-01-14,Новосибирск,Москва,Авто,298.0,7,11,6482.79,Задержка
SHP000502,2025-02-19,Москва,Казань,Авто,289.7,3,3,3231.91,В срок
SHP004660,2025-05-06,Новосибирск,Самара,Железная дорога,543.0,5,9,5558.32,Задержка
SHP004163,2025-07-06,Москва,Нижний Новгород,Авто,453.4,2,2,2822.47,В срок
SHP003533,2025-11-17,Москва,Самара,Авто,455.6,3,3,3259.49,В срок
SHP002651,2025-04-19,Екатеринбург,Казань,Авто,361.0,3,3,2771.93,В срок
SHP007473,2025-08-05,Москва,Уфа,Железная дорога,183.3,4,4,3145.35,В срок
SHP005340,2025-01-23,Казань,Ростов-на-Дону,Авиа,-5.0,2,2,9387.75,В срок
SHP000704,28.12.2025,Москва,Уфа,Железная дорога,79.2,4,6,3314.89,Задержка
SHP007104,2025-10-26,Санкт-Петербург,Казань,Железная дорога,395.0,4,4,3912.8,В срок
SHP000447,2025-11-17,Екатеринбург,Ростов-на-Дону,Авто,206.5,5,5,4677.67,В срок
SHP006582,2025-11-28,Новосибирск,Нижний Новгород,Железная дорога,195.5,6,6,5037.02,В срок
SHP003101,2025-04-27,Санкт-Петербург,Нижний Новгород,Авто,167.1,3,3,2853.28,В срок
SHP008789,2025-05-07,Москва,Уфа,Авто,167.4,4,3,3858.23,В срок
SHP002478,2025-08-30,Москва,Нижний Новгород,Авто,20.2,2,5,1771.79,Задержка
SHP002527,2025-04-04,Москва,Казань,Железная дорога,522.2,3,3,3246.75,В срок
SHP008220,2025-04-14,Москва,Нижний Новгород,Авто,144.3,2,2,2120.95,В срок
SHP005131,2025-12-19,Санкт-Петербург,Новосибирск,Железная дорога,104.6,7,7,6630.9,В срок
SHP005405,2025-10-23,Казань,Санкт-Петербург,Железная дорога,420.2,4,4,3351.12,В срок
SHP002832,2025-12-29,Санкт-Петербург,Самара,Авиа,306.1,2,2,11693.24,В срок
SHP004559,2025-10-01,Новосибирск,Самара,Железная дорога,254.5,5,5,4449.85,В срок
SHP004104,2025-01-19,Екатеринбург,Пермь,Железная дорога,1102.9,3,3,3359.33,В срок
SHP007453,2025-11-24,Москва,Новосибирск,Авиа,125.4,3,2,15578.82,В срок
SHP000874,2025-07-12,Москва,Пермь,Железная дорога,697.8,4,5,4278.35,Задержка
SHP005594,2025-12-07,Москва,Новосибирск,Железная дорога,149.4,6,8,5353.6,Задержка
SHP008242,2025-07-13,Москва,Новосибирск,Железная дорога,311.0,6,6,6235.92,В срок
SHP009881,2025-09-18,Москва, екатеринбург,Железная дорога,350.1,4,8,4277.18,Задержка
SHP009580,2025-02-11,Москва,Санкт-Петербург,Авиа,623.4,2,1,8037.43,В срок
SHP003720,2025-02-14,Москва,Екатеринбург,Железная дорога,149.6,4,7,3493.04,Задержка
SHP006779,2025-06-14,Москва,Новосибирск,Авиа,103.6,3,2,17217.84,В срок
SHP001222,16.02.2025,Москва,Екатеринбург,Авто,82.5,4,4,3376.49,В срок
SHP007539,2025-01-25,Москва,Ростов-на-Дону,Авто,770.3,3,3,4487.16,В срок
SHP007272,2025-10-11,Москва,Ростов-на-Дону,Авиа,71.0,2,2,7731.9,В срок
SHP000103,2025-06-11,Санкт-Петербург,Екатеринбург,Железная дорога,307.3,5,4,3776.84,В срок
SHP003566,2025-01-08,Москва,Ростов-на-Дону,Авто,87.4,3,4,2936.59,Задержка
SHP001885,2025-03-08,Казань,Самара,Железная дорога,222.2,3,6,2270.24,Задержка
SHP002315,2025-03-12,Екатеринбург,Самара,Авто,91.9,3,3,2612.02,В срок
SHP002909,2025-09-10,Казань,Нижний Новгород,Авто,186.8,2,5,2139.29,Задержка
SHP001997,2025-09-12,Екатеринбург,Казань,Железная дорога,146.4,3,3,2564.67,В срок
SHP006450,2025-06-11,Санкт-Петербург,Нижний Новгород,Авто,132.7,3,3,2881.37,В срок
SHP004370,2025-08-05,Санкт-Петербург,Екатеринбург,Авиа,243.0,2,2,12213.82,В срок
SHP007428,2025-01-05,Екатеринбург,Новосибирск,Авиа,314.2,2,2,10373.48,В срок
SHP004970,2025-02-24,Москва,Казань,Авиа,341.7,2,2,7137.6,В срок
SHP008278,2025-10-13,Новосибирск,Пермь,Железная дорога,283.4,5,5,4479.89,В срок
SHP003180,2025-01-10,Москва,Ростов-на-Дону,Авиа,599.7,2,2,10658.93,В срок
SHP006010,2025-12-04,Санкт-Петербург,Москва,Авто,228.5,3,7,2851.28,Задержка
SHP007458,2025-04-26,Москва,Казань,Авто,96.2,3,3,2557.53,В срок
SHP005867,2025-03-18,Москва,Санкт-Петербург,Авто,323.8,3,3,2761.23,В срок
SHP009697,2025-07-10,Казань,Самара,Авто,231.7,2,2,2501.63,В срок
SHP007007,2025-02-03,Новосибирск,Екатеринбург,Авто,104.9,4,4,3611.43,В срок
SHP003667,2025-05-14,Москва,Нижний Новгород,Авто,102.9,2,2,1772.64,В срок
SHP001512,2025-07-18,Новосибирск,Уфа,Авто,126.4,5,5,4012.92,В срок
SHP005150,2025-01-12,Екатеринбург,Новосибирск,Железная дорога,355.0,4,4,3487.08,В срок
SHP004847,2025-03-29,Санкт-Петербург,Уфа,Авиа,450.2,2,2,12343.37,В срок
SHP002702,2025-08-13,Москва,Екатеринбург,Авто,61.1,4,6,3535.98,Задержка
SHP007313,2025-04-05,Санкт-Петербург,Новосибирск,Железная дорога,130.5,7,7,5986.46,Задержка
SHP000672,2025-02-08,Казань,Пермь,Железная дорога,611.8,3,2,3242.82,В срок
SHP007106,2025-11-23,Москва,Ростов-на-Дону,Авто,178.3,3,3,3243.6,В срок
SHP008850,2025-05-14,Казань,Самара,Авто,90.9,2,1,1437.69,В срок
SHP008443,2025-09-14,Екатеринбург,Казань,Авто,455.6,3,3,3285.03,В срок
SHP009387,2025-01-16,Москва,Пермь,Железная дорога,1202.7,4,4,4839.09,В срок
SHP009944,2025-04-19,Москва,Санкт-Петербург,Авто,363.8,3,2,2938.76,В срок
SHP004765,2025-06-21,Екатеринбург,Казань,Авто,784.4,3,3,4448.18,В срок
SHP005258,2025-07-31,Москва,Санкт-Петербург,Авто,422.3,3,3,3056.84,В срок
SHP000867,2025-08-08,Москва,Екатеринбург,Железная дорога,271.0,4,7,3521.38,Задержка
SHP006598,2025-12-06,Москва,Екатеринбург,Железная дорога,326.3,4,5,3461.69,Задержка
SHP000762,2025-11-13,Санкт-Петербург,Ростов-на-Дону,Авто,99.5,4,7,3837.83,Задержка
SHP007895,2025-10-23,Екатеринбург,Санкт-Петербург,Авто,354.8,5,9,5166.57,Задержка
SHP003144,2025-11-17,Новосибирск,Нижний Новгород,Авиа,,3,3,14767.39,В срок
SHP006173,2025-06-30,Москва,Новосибирск,Железная дорога,889.3,6,6,6905.79,В срок
SHP001021,2025-05-02,Санкт-Петербург,Уфа,Авто,898.4,5,5,5912.38,В срок
SHP007340,2025-05-31,Санкт-Петербург,Новосибирск,Авиа,218.0,3,3,19810.92,В срок
SHP003718,2025-05-21,Москва,Новосибирск,ж/д,562.3,6,9,6140.06,Задержка
SHP003734,2025-02-15,Екатеринбург,Пермь,Авто,295.2,2,3,2077.19,Задержка
SHP004709,2025-04-11,Москва,Казань,Авиа,270.8,2,2,7391.24,В срок
SHP002985,2025-06-15,Новосибирск,Пермь,Железная дорога,301.9,5,5,4511.12,В срок
SHP009239,2025-08-21,Санкт-Петербург,Ростов-на-Дону,Авиа,392.7,2,3,11688.28,Задержка
SHP008165,2025-08-28,Москва,Самара,Авто,410.7,3,3,3440.37,В срок
SHP007193,2025-12-26,Санкт-Петербург,Нижний Новгород,Железная дорога,1049.3,4,3,4594.28,В срок
SHP006986,2025-03-13,Москва,Санкт-Петербург,Железная дорога,249.6,3,3,2563.96,В срок
SHP003608,2025-08-07,Москва,Пермь,Железная дорога,440.1,4,4,3498.22,В срок
SHP009020,2025-03-01,Москва,Казань,Авто,446.1,3,3,3434.32,В срок
SHP000081,2025-12-08,Санкт-Петербург,Самара,Железная дорога,172.8,4,5,3626.18,Задержка
SHP002828,2025-05-13,Екатеринбург,Уфа,Авто,630.7,2,2,3227.37,В срок
SHP004305,2025-07-23,Москва,Санкт-Петербург,Авто,364.3,3,3,3672.54,В срок
SHP007481,2025-09-07,Казань,Екатеринбург,Авиа,50.1,2,2,7139.51,В срок
SHP003561,2025-09-26,Москва,Казань,Авиа,308.4,2,2,8674.19,В срок
SHP008476,2025-07-22,Москва,Нижний Новгород,Авто,501.3,2,2,2561.53,В срок
SHP000302,2025-11-12,Екатеринбург,Москва,Авто,156.8,4,5,4679.15,Задержка
SHP000804,2025-12-15,Москва,Казань,Железная дорога,140.0,3,3,2539.14,В срок
SHP009356,2025-01-22,Екатеринбург,Москва,Авто,123.6,4,4,3751.86,В срок
SHP000490,2025-03-01,Санкт-Петербург,Нижний Новгород,Авиа,205.0,2,2,7998.25,В срок
SHP002874,2025-07-14,Екатеринбург,Самара,Авто,295.1,3,3,3459.83,В срок
SHP007164,2025-02-24,Санкт-Петербург,Ростов-на-Дону,Авто,628.2,4,4,4736.53,В срок
SHP001615,2025-04-22,Санкт-Петербург,Москва,Авто,1493.2,3,4,5716.31,Задержка
SHP006504,2025-03-27,Санкт-Петербург,Ростов-на-Дону,Железная дорога,77.1,5,5,3339.73,В срок
SHP009405,2025-09-25,Новосибирск,Санкт-Петербург,Железная дорога,314.7,7,7,6501.41,В срок
SHP004655,2025-10-29,Москва,Пермь,Авто,123.2,4,3,3629.54,В срок
SHP007390,2025-06-14,Новосибирск,Ростов-на-Дону,Авиа,225.0,3,3,18337.27,В срок
SHP006764,2025-03-07,Новосибирск,Нижний Новгород,Авиа,503.6,3,7,14945.58,Задержка
SHP009382,2025-04-24,Казань,Пермь,Авто,310.0,2,3,2636.54,Задержка
SHP007186,2025-11-05,Москва,Екатеринбург,Авиа,115.0,2,2,9536.64,В срок
SHP007877,2025-05-15,Москва,Санкт-Петербург,Авто,806.7,3,3,4127.79,В срок
SHP000908,2025-06-01,Москва,Казань,Железная дорога,312.8,3,3,2957.23,В срок
SHP004257,2025-12-23,Новосибирск,Нижний Новгород,Железная дорога,136.0,6,6,4538.45,В срок
SHP009111,2025-12-13,Екатеринбург,Нижний Новгород,Авто,345.1,3,3,3791.08,В срок
SHP008985,2025-06-01,Санкт-Петербург,Москва,Железная дорога,355.8,3,3,2662.29,В срок
SHP009713,2025-10-17,Санкт-Петербург,Новосибирск,Железная дорога,81.0,7,9,5496.73,Задержка
SHP007156,2025-08-21,Санкт-Петербург,Самара,Железная дорога,195.1,4,4,3428.63,В срок
SHP006279,2025-01-20,Москва,Самара,Авто,132.2,3,2,2824.02,В срок
SHP009509,2025-05-21,Москва,Уфа,Авиа,293.3,2,2,10564.14,В срок
SHP009913,2025-07-04,Санкт-Петербург,Москва,Авто,192.2,3,3,2462.24,В срок
SHP009669,2025-07-20,Москва,Нижний Новгород,Железная дорога,59.8,3,3,1965.96,В срок
SHP006480,2025-06-30,Москва,Самара,Авто,413.2,3,7,3473.81,Задержка
SHP005020,2025-10-17,Санкт-Петербург,Нижний Новгород,Авто,271.1,3,5,3288.0,Задержка
SHP000192,2025-08-10,Казань,Пермь,Железная дорога,124.6,3,3,2143.31,В срок
SHP008755,2025-01-27,Екатеринбург,Новосибирск,Авто,68.8,4,8,3754.05,Задержка
SHP000647,2025-03-10,Санкт-Петербург,Ростов-на-Дону,,86.0,2,2,10906.67,В срок
SHP000263,2025-08-02,Казань,Пермь,Авто,401.6,2,3,2997.18,Задержка
SHP006907,2025-10-02,КАЗАНЬ,Екатеринбург,Авто,233.5,3,2,2563.41,В срок
SHP000202,2025-03-03,Санкт-Петербург,Уфа,Авиа,302.7,2,1,11866.59,В срок
SHP009467,2025-01-15,Москва,Екатеринбург,Железная дорога,145.9,4,6,3240.21,Задержка
SHP009432,2025-06-06,Москва,Ростов-на-Дону,Железная дорога,111.6,4,4,3019.55,В срок
SHP007669,2025-09-21,Казань,Самара,Авто,276.0,2,5,2017.14,Задержка
SHP003058,2025-11-08,Москва,Казань,Железная дорога,341.3,3,3,2569.59,В срок
SHP006917,2025-07-11,Новосибирск,Москва,Авиа,618.5,3,3,16733.44,В срок
SHP009168,2025-09-13,Москва,Екатеринбург,Железная дорога,404.8,4,3,3433.38,В срок
SHP002995,2025-06-20,Санкт-Петербург,Екатеринбург,Железная дорога,233.2,5,9,4445.55,Задержка
SHP004677,2025-04-15,Екатеринбург,Москва,Авто,380.2,4,3,4445.43,В срок
SHP009490,2025-03-02,Казань,Нижний Новгород,Авто,136.2,2,1,1750.13,В срок
SHP008309,2025-02-12,Санкт-Петербург,Новосибирск,Авиа,173.4,3,3,17671.83,В срок
SHP006958,2025-08-29,Москва,Санкт-Петербург,Железная дорога,149.4,3,6,2374.1,Задержка
SHP006036,2025-05-31,Москва,Ростов-на-Дону,Железная дорога,170.3,4,3,3146.51,В срок
SHP009752,2025-04-23,Новосибирск,Нижний Новгород,Железная дорога,507.6,6,6,5367.37,В срок
SHP003911,2025-03-07,Москва,Уфа,Авто,745.2,4,3,4838.93,В срок
SHP007059,2025-09-28,Санкт-Петербург,Новосибирск,Авто,516.2,7,7,7128.68,В срок
SHP009790,2025-05-29,Санкт-Петербург,Екатеринбург,Железная дорога,427.1,5,5,4571.53,В срок
SHP000768,2025-03-13,Екатеринбург,Пермь,Авто,113.0,2,2,1817.3,В срок
SHP006460,2025-09-24,Санкт-Петербург,Екатеринбург,Железная дорога,307.4,5,6,4182.81,Задержка
SHP003592,2025-05-21,Москва,Екатеринбург,Железная дорога,529.0,4,4,4420.26,В срок
SHP007350,2025-02-19,Екатеринбург,Санкт-Петербург,Авиа,384.6,2,1,12532.77,В срок
SHP005891,2025-10-07,Москва,Казань,Авто,,3,3,2427.99,В срок
SHP008046,2025-10-21,Москва,Казань,Железная дорога,118.9,3,3,2501.62,В срок
SHP005647,2025-11-08,Москва,Новосибирск,Авиа,27.2,3,3,15075.91,В срок
SHP006996,2025-10-15,Казань,Нижний Новгород,Железная дорога,386.6,3,4,2156.58,Задержка
SHP001005,2025-10-26,Москва,Уфа,Железная дорога,523.3,4,4,3466.92,В срок
SHP006774,2025-01-19,Москва,Ростов-на-Дону,Авто,324.7,3,3,3658.41,В срок
SHP001832,2025-06-10,Москва,Самара,Авиа,91.6,2,2,7701.63,В срок
SHP007006,2025-05-30,Санкт-Петербург,Новосибирск,Авиа,97.6,3,3,20888.25,В срок
SHP003444,2025-03-25,Москва,Пермь,Авто,264.2,4,7,3264.2,Задержка
SHP005456,2025-01-23,Казань,Санкт-Петербург,Авто,399.1,4,4,4173.35,В срок
SHP008713,2025-11-12,Екатеринбург,Пермь,Железная дорога,196.5,3,3,2139.55,В срок
SHP007597,2025-03-03,Новосибирск,Нижний Новгород,Железная дорога,322.2,6,6,5213.11,В срок
SHP007391,2025-07-21,Новосибирск,Самара,Авто,460.4,6,6,6202.54,В срок
SHP001772,2025-11-10,Москва,Пермь,Авто,286.6,4,4,3470.53,В срок
SHP006717,2025-10-01,Новосибирск,Екатеринбург,Авто,442.8,4,4,4614.32,В срок
SHP003953,2025-12-15,Санкт-Петербург,Пермь,Авто,1119.5,4,4,6050.64,В срок
SHP007203,2025-02-16,Новосибирск,Самара,Железная дорога,417.4,5,5,5232.15,В срок
SHP004658,2025-07-28,Санкт-Петербург,Пермь,Железная дорога,178.7,5,5,4000.12,В срок
SHP000530,2025-03-09,Казань,Санкт-Петербург,Железная дорога,614.5,4,4,4254.91,В срок
SHP007292,2025-02-24,Казань,Новосибирск,Железная дорога,301.7,5,8,4615.74,Задержка
SHP003740,24.11.2025,Казань,Нижний Новгород,Авто,176.0,2,6,1899.8,Задержка
SHP002092,2025-02-05,Москва,Пермь,Авто,284.6,4,4,3462.34,В срок
SHP004916,2025-03-26,Екатеринбург,Санкт-Петербург,Авто,481.4,5,8,4868.82,Задержка
SHP008913,2025-12-08,Москва,Уфа,Авиа,369.5,2,6,9307.82,Задержка
SHP003477,2025-11-08,Санкт-Петербург,Нижний Новгород,Железная дорога,756.6,4,6,3755.91,Задержка
SHP006613,2025-08-13,Москва,Новосибирск,Авиа,22.7,3,3,15317.35,В срок
SHP005890,2025-03-01,Москва,Пермь,Авто,246.7,4,3,3672.45,В срок
SHP006605,2025-10-31,Санкт-Петербург,Екатеринбург,Авто,373.1,5,5,5348.24,В срок
SHP006434,2025-11-12,Москва,Пермь,Железная дорога,122.5,4,4,3288.76,В срок
SHP000127,2025-01-13,Екатеринбург,Пермь,Авто,378.5,2,2,2204.08,В срок
SHP000816,2025-09-20,Санкт-Петербург,Казань,Авто,73.4,4,5,3338.27,Задержка
SHP005106,2025-09-26,Екатеринбург,Самара,Авто,261.7,3,3,3099.02,В срок
SHP009712,2025-01-28,Москва,Самара,Авто,373.6,3,3,3227.58,В срок
SHP001739,2025-10-25,Новосибирск,Пермь,Железная дорога,185.9,5,5,3866.63,В срок
SHP001418,2025-05-16,Москва,Санкт-Петербург,Авто,166.0,3,4,2580.47,Задержка
SHP000845,2025-01-28,Санкт-Петербург,Екатеринбург,Авиа,828.7,2,4,14514.31,Задержка
SHP003416,2025-08-18,Казань,Самара,Авто,628.5,2,2,2897.5,В срок
SHP005694,2025-05-05,Новосибирск,Ростов-на-Дону,Авиа,192.2,3,2,19623.72,В срок
SHP008906,2025-12-10,Санкт-Петербург,Самара,Авто,211.7,4,6,3666.03,Задержка
SHP004454,2025-03-20,Москва,Пермь,Железная дорога,238.4,4,4,3120.26,В срок
SHP004278,2025-08-19,Казань,Санкт-Петербург,Авиа,371.1,2,2,10032.23,В срок
SHP000317,2025-08-02,Казань,Новосибирск,Железная дорога,79.6,5,4,4251.96,В срок
SHP000135,2025-10-11,Москва,Ростов-на-Дону,Авто,289.6,3,3,3555.58,В срок
SHP008622,2025-11-25,Санкт-Петербург,Екатеринбург,Авто,136.8,5,5,4962.49,В срок
SHP000842,2025-07-10,Казань,Нижний Новгород,Авто,215.4,2,2,2158.64,В срок
SHP001095,2025-09-07,Москва,Казань,Железная дорога,314.7,3,7,2867.97,Задержка
SHP003587,2025-01-02,Новосибирск,Москва,Железная дорога,192.2,6,6,5554.24,В срок
SHP005848,2025-02-26,Москва,Пермь,Авто,85.8,4,4,3463.91,В срок
SHP004702,2025-02-11,Новосибирск,Ростов-на-Дону,Авиа,251.2,3,7,17972.84,Задержка
SHP003903,2025-08-07,Москва,Санкт-Петербург,Железная дорога,472.3,3,3,3298.53,В срок
SHP005555,08.11.2025,Новосибирск,Пермь,Железная дорога,186.9,5,5,3596.42,В срок
SHP004048,2025-06-19,Москва,Ростов-на-Дону,Авто,305.7,3,3,3433.97,В срок
SHP001616,2025-05-25,Казань,Ростов-на-Дону,Авиа,136.9,2,2,8540.76,В срок
SHP005318,2025-09-18,Казань,Москва,Авто,466.9,3,3,3315.39,В срок
SHP006349,2025-10-08,Санкт-Петербург,Казань,Авиа,411.9,2,2,10570.23,В срок
SHP009711,2025-05-20,Москва,Нижний Новгород,Авто,275.7,2,6,2226.43,Задержка
SHP007178,24.06.2025,Казань,Новосибирск,Авиа,407.2,3,3,13632.63,В срок
SHP007882,2025-02-13,Санкт-Петербург,Уфа,Авто,394.7,5,5,4417.61,В срок
SHP001178,2025-10-28,Москва,Уфа,Авто,268.4,4,4,3159.55,В срок
SHP004952,2025-01-26,Санкт-Петербург,Самара,Железная дорога,951.1,4,4,4365.85,В срок
SHP008080,2025-04-17,Екатеринбург,Москва,Железная дорога,156.6,4,4,3619.12,В срок
SHP006709,2025-11-09,Москва,Новосибирск,Авиа,227.3,3,2,16235.62,В срок
SHP000399,2025-05-21,Москва,Ростов-на-Дону,Железная дорога,169.4,4,4,3109.29,В срок
SHP005488,2025-04-17,Москва,Санкт-Петербург,Авиа,137.8,2,2,6799.28,В срок
SHP003618,2025-02-04,Санкт-Петербург,Москва,Авто,611.9,3,5,3653.02,Задержка
SHP007008,2025-09-13,Москва,Екатеринбург,Авто,222.6,4,4,4356.42,В срок
SHP005584,2025-06-03,Москва,Ростов-на-Дону,Железная дорога,183.9,4,4,3397.52,В срок
SHP002165,2025-10-01,Санкт-Петербург,Нижний Новгород,Железная дорога,129.8,4,6,3121.51,Задержка
SHP004378,2025-07-15,Новосибирск,Уфа,Авиа,301.2,2,2,12347.45,В срок
SHP008929,2025-05-31,Казань,Уфа,Железная дорога,103.0,3,5,2116.04,Задержка
SHP000054,2025-12-09,Санкт-Петербург,Москва,Авто,1286.4,3,3,4823.28,В срок
SHP002606,2025-09-13,Екатеринбург,Санкт-Петербург,Авиа,114.6,2,2,11901.03,В срок
SHP007268,2025-07-29,Санкт-Петербург,Уфа,Авиа,67.9,2,2,11374.4,В срок
SHP005702,2025-11-12,Москва,Ростов-на-Дону,Авто,596.0,3,4,3825.05,Задержка
SHP006017,2025-05-16,Екатеринбург,Пермь,Авто,1421.9,2,2,5145.9,В срок
SHP003483,2025-11-11,Санкт-Петербург,Новосибирск,Авиа,877.7,3,3,21647.92,В срок
SHP008042,2025-11-11,Санкт-Петербург,Ростов-на-Дону,Авто,216.9,4,8,4269.66,Задержка
SHP007662,2025-08-19,Казань,Уфа,Авто,388.7,2,2,2594.86,В срок
SHP002680,2025-08-27,Санкт-Петербург,Ростов-на-Дону,Железная дорога,105.4,5,5,3871.19,В срок
SHP007222,2025-12-27,Новосибирск,Самара,Железная дорога,378.3,5,7,4551.4,Задержка
SHP000695,2025-06-18,Казань,Новосибирск,Железная дорога,857.7,5,5,5740.47,В срок
SHP004646,2025-08-10,Санкт-Петербург,Екатеринбург,Авто,384.8,5,5,4793.68,В срок
SHP000722,2025-04-22,Москва,Новосибирск,Железная дорога,379.7,6,6,5791.33,В срок
SHP003838,2025-12-04,Санкт-Петербург,Екатеринбург,Авиа,217.5,2,2,13230.9,В срок
SHP004798,2025-07-30,Москва,Ростов-на-Дону,Железная дорога,93.9,4,4,2508.21,В срок
SHP009686,2025-05-06,Казань,Пермь,Железная дорога,331.7,3,3,2455.63,В срок
SHP009957,2025-12-22,Москва,Новосибирск,Железная дорога,102.9,6,6,5253.35,В срок
SHP008559,2025-11-20,Москва,Екатеринбург,Железная дорога,126.2,4,4,3776.94,В срок
SHP005910,2025-08-28,Москва,Самара,Авиа,576.5,2,2,10249.49,В срок
SHP009865,2025-04-16,Новосибирск,Екатеринбург,Железная дорога,337.2,4,4,3775.03,В срок
SHP004951,2025-06-04,Москва,Новосибирск,Авиа,242.2,3,3,16537.53,В срок
SHP001813,2025-03-29,Москва,Пермь,Авто,213.1,4,4,3400.2,В срок
SHP005360,2025-12-06,Москва,Нижний Новгород,Авто,278.0,2,2,2000.63,В срок
SHP004128,2025-10-06,Новосибирск,Москва,Железная дорога,159.1,6,6,5787.22,В срок
SHP007751,2025-11-23,Москва,Пермь,Авто,179.2,4,4,3675.73,В срок
SHP006134,2025-04-30,Москва,Нижний Новгород,Железная дорога,108.4,3,3,2152.57,В срок
SHP008111,2025-08-25,Москва,Нижний Новгород,Авто,304.5,2,2,2126.4,В срок
SHP002194,2025-02-08,Екатеринбург,Пермь,Авто,20.5,2,6,1457.84,Задержка
SHP005788,2025-06-22,Москва,Пермь,Железная дорога,163.4,4,4,3336.86,В срок
SHP002904,2025-08-10,Екатеринбург,Новосибирск,Железная дорога,246.5,4,8,3518.13,Задержка
SHP002897,2025-09-30,Санкт-Петербург,Самара,Авто,1800.0,4,4,7728.1,В срок
SHP001712,2025-08-16,Москва,Самара,Авто,662.1,3,3,4196.07,В срок
SHP001214,2025-10-21,Москва,Санкт-Петербург,Авто,181.7,3,5,2370.16,Задержка
SHP004225,2025-09-20,Новосибирск,Казань,Железная дорога,146.5,5,5,4441.8,В срок
SHP007267,2025-06-02,Новосибирск,Самара,Авто,110.5,6,10,5436.74,Задержка
SHP000321,2025-03-24,Москва,Пермь,Железная дорога,722.7,4,4,3940.92,В срок
SHP008265,2025-10-29,Москва,Нижний Новгород,Авто,259.1,2,2,2420.14,В срок
SHP006001,2025-10-27,Екатеринбург,Москва,Авто,40.4,4,7,3756.42,Задержка
SHP009376,2025-09-27,Санкт-Петербург,Москва,Авто,151.0,3,3,2239.28,В срок
SHP007641,2025-12-11,Казань,Санкт-Петербург,Железная дорога,223.3,4,8,3179.48,Задержка
SHP004818,2025-07-02,Санкт-Петербург,Ростов-на-Дону,Железная дорога,1221.0,5,7,5318.46,Задержка
SHP008826,2025-06-25,Екатеринбург,Москва,Авто,75.1,4,4,3603.89,В срок
SHP009563,2025-07-30,Новосибирск,Екатеринбург,Авиа,231.6,2,2,11096.62,В срок
SHP004627,2025-08-13,Санкт-Петербург,Казань,Железная дорога,965.4,4,4,4795.3,В срок
SHP006400,2025-04-26,Екатеринбург,Казань,Авто,101.5,3,3,2441.17,В срок
SHP002987,2025-08-11,Москва,Ростов-на-Дону,Железная дорога,131.6,4,3,2594.54,В срок
SHP000492,2025-10-31,Москва,Уфа,Авто,1272.1,4,8,5746.41,Задержка
SHP009209,2025-09-15,Санкт-Петербург,Уфа,Железная дорога,846.9,5,5,4715.89,В срок
SHP006538,2025-04-22,Москва,Казань,Авто,351.7,3,7,3296.67,Задержка
SHP005151,2025-06-10,Казань,Ростов-на-Дону,Авиа,298.5,2,2,9706.87,В срок
SHP002135,2025-01-15,Санкт-Петербург,Казань,Авто,365.9,4,4,3660.68,В срок
SHP002472,2025-12-05,Москва,Пермь,Железная дорога,200.6,4,4,3282.06,В срок
SHP000500,2025-07-23,Москва,Уфа,Железная дорога,266.0,4,4,3507.09,В срок
SHP005069,2025-02-23,Москва,Ростов-на-Дону,Железная дорога,336.7,4,4,3132.51,В срок
SHP006926,2025-11-08,Москва,Пермь,Авиа,739.8,2,2,11481.72,В срок
SHP009116,2025-08-28,Казань,Ростов-на-Дону,Железная дорога,274.8,4,4,3221.79,В срок
SHP000758,2025-09-27,Москва,Уфа,Авто,105.6,4,4,3339.7,В срок
SHP009263,2025-10-26,Казань,Пермь,Авто,362.0,2,4,2828.15,Задержка
SHP000927,2025-01-23,Екатеринбург,Санкт-Петербург,Железная дорога,345.5,5,5,4288.56,В срок
SHP008963,2025-03-01,Санкт-Петербург,Екатеринбург,Авто,108.4,5,8,4112.39,Задержка
SHP003854,2025-09-22,Москва,Казань,Авто,124.9,3,3,2692.23,В срок
SHP008721,2025-05-12,Москва,Екатеринбург,Авиа,288.7,2,60,10863.52,В срок
SHP007556,2025-04-02,Казань,Уфа,Авто,253.2,2,2,2510.76,В срок
SHP005271,2025-06-17,Москва,Пермь,Железная дорога,271.1,4,4,3462.92,В срок
SHP000449,2025-09-20,Новосибирск,Екатеринбург,Авто,111.9,4,4,3368.36,В срок
SHP008889,2025-07-17,Москва,Уфа,Железная дорога,356.6,4,4,3380.54,В срок
SHP006824,2025-05-01,Санкт-Петербург,Новосибирск,Железная дорога,233.3,7,6,5606.18,В срок
SHP001003,2025-07-02,Москва,Екатеринбург,Авто,151.4,4,4,3744.29,В срок
SHP009069,2025-08-22,Казань,Нижний Новгород,Авто,97.1,2,2,1798.26,В срок
SHP008703,2025-01-31,Казань,Самара,Железная дорога,300.5,3,3,2211.92,В срок
SHP005476,2025-07-29,Новосибирск,Уфа,Железная дорога,747.3,5,5,4985.26,В срок
SHP002748,2025-06-04,Новосибирск,Самара,Железная дорога,417.4,5,5,5006.8,В срок
SHP008869,2025-02-27,Санкт-Петербург,Уфа,Железная дорога,518.3,5,9,4106.75,Задержка
SHP009060,2025-07-26,Москва,Нижний Новгород,Железная дорога,75.2,3,3,1911.97,В срок
SHP001466,2025-05-10,Москва,Казань,Авиа,491.7,2,2,9670.95,В срок
SHP003934,2025-07-30,Москва,Екатеринбург,Авто,692.6,4,6,6270.05,Задержка
SHP007581,2025-12-19,Казань,Санкт-Петербург,Железная дорога,400.5,4,7,4052.73,Задержка
SHP007843,2025-04-28,Казань,Москва,Авто,98.3,3,3,2393.5,В срок
SHP002404,2025-06-27,Санкт-Петербург,Пермь,Авто,145.6,4,4,4330.79,В срок
SHP005279,2025-08-17,Москва,Ростов-на-Дону,Авиа,257.0,2,2,8791.13,В срок
SHP007434,2025-03-28,Москва,Екатеринбург,Авиа,589.5,2,2,12465.19,В срок
SHP004047,2025-07-22,Екатеринбург,Казань,Авто,676.8,3,3,3398.85,В срок
SHP001738,2025-03-29,Москва,Самара,Железная дорога,465.3,4,5,2846.2,Задержка
SHP005812,2025-01-31,Казань,Самара,Авто,146.4,2,2,-100.0,В срок
SHP003341,2025-03-19,Москва,Санкт-Петербург,Железная дорога,1218.0,3,3,4230.83,В срок
SHP001891,2025-07-23,Казань,Пермь,Авто,197.1,2,5,2358.91,Задержка
SHP003540,2025-07-01,Москва,Казань,Авто,41.9,3,2,2293.38,В срок
SHP005139,2025-05-07,Москва,Пермь,Железная дорога,682.6,4,4,3953.68,В срок
SHP008072,2025-07-01,Новосибирск,Пермь,Авто,102.9,5,5,4315.79,В срок
SHP009129,2025-12-15,Новосибирск,Нижний Новгород,Железная дорога,-5.0,6,9,4905.04,Задержка
SHP005843,2025-06-10,Екатеринбург,Казань,Авто,309.8,3,3,2934.63,В срок
SHP003948,2025-07-20,Москва,Ростов-на-Дону,Авиа,100.4,2,3,7527.55,Задержка
SHP008281,2025-06-12,Москва,Нижний Новгород,Авиа,462.0,2,2,6677.58,В срок
SHP002780,2025-09-29,Екатеринбург,Ростов-на-Дону,Железная дорога,280.4,5,5,4400.93,В срок
SHP009908,2025-05-25,Москва,Новосибирск,Авиа,242.3,3,3,18076.01,В срок
SHP000706,2025-06-16,Санкт-Петербург,Ростов-на-Дону,Железная дорога,588.8,5,4,4323.76,В срок
SHP003811,2025-03-15,Новосибирск,Самара,Железная дорога,122.4,5,4,4601.63,В срок
SHP008931,2025-03-28,Новосибирск,Уфа,Авиа,371.0,2,2,12554.51,В срок
SHP009809,2025-10-12,Екатеринбург,Уфа,Авто,124.8,2,6,1809.57,Задержка
SHP001612,2025-04-20,Москва,Уфа,Авто,168.3,4,7,3544.57,Задержка
SHP001056,2025-02-11,Москва,Казань,Железная дорога,84.4,3,6,2458.74,Задержка
SHP000435,2025-05-17,Санкт-Петербург,Москва,Авто,101.4,3,3,2518.82,В срок
SHP009705,2025-05-11,Екатеринбург,Ростов-на-Дону,Авиа,123.7,2,5,11647.35,Задержка
SHP001271,2025-12-19,Москва,Санкт-Петербург,Авто,161.1,3,3,2670.75,В срок
SHP007369,2025-05-26,Москва,Уфа,Авто,136.9,4,4,3279.69,В срок
SHP008120,2025-12-27,Москва,Новосибирск,Авиа,272.9,3,4,18978.83,Задержка
SHP000919,2025-06-27,Санкт-Петербург,Уфа,Железная дорога,214.5,5,5,3410.26,В срок
SHP008797,2025-06-23,Москва,Пермь,Железная дорога,113.2,4,4,3293.58,В срок
SHP009145,2025-10-29,Санкт-Петербург,Ростов-на-Дону,Авиа,113.9,2,6,11203.89,Задержка
SHP006721,2025-11-14,Санкт-Петербург,Пермь,Авто,476.5,4,4,4984.81,В срок
SHP009905,2025-06-13,Казань,Новосибирск,Авиа,537.3,3,3,15614.14,В срок
SHP001405,2025-12-07,Екатеринбург,Нижний Новгород,Железная дорога,178.0,4,4,3110.1,В срок
SHP009420,2025-01-13,Новосибирск,Ростов-на-Дону,Авиа,180.5,3,3,18973.89,В срок
SHP004059,2025-09-23,Москва,Казань,Авто,123.4,3,3,2628.66,В срок
SHP001172,2025-06-15,Москва,Пермь,Железная дорога,324.7,4,3,3459.5,В срок
SHP009403,2025-04-15,Москва,Нижний Новгород,Авто,192.9,2,2,2218.52,В срок
SHP005860,2025-04-06,Москва,Казань,Железная дорога,130.4,3,3,2491.61,В срок
SHP001734,2025-03-16,Новосибирск,Самара,Железная дорога,464.0,5,5,4832.37,В срок
SHP008796,2025-06-02,Москва,Санкт-Петербург,Авто,391.0,3,6,3064.86,Задержка
SHP002688,2025-12-31,Санкт-Петербург,Пермь,Авто,430.2,4,4,4487.72,В срок
SHP005239,2025-09-26,Москва,Уфа,Железная дорога,109.5,4,3,3377.82,В срок
SHP001163,2025-04-03,Москва,Самара,Железная дорога,158.5,4,4,2684.7,В срок
SHP005715,2025-09-30,Москва,Уфа,Железная дорога,491.0,4,4,3475.48,В срок
SHP001546,2025-04-13,Москва,Нижний Новгород,Авто,1499.2,2,3,4940.25,Задержка
SHP002830,2025-09-22,Москва,Казань,Авто,326.8,3,6,2543.44,Задержка
SHP005953,2025-05-17,Санкт-Петербург,Самара,Железная дорога,178.3,4,4,3410.83,В срок
SHP007451,2025-11-02,Москва,Новосибирск,Железная дорога,227.2,6,8,6198.06,Задержка
SHP002582,2025-04-11,Москва,Казань,Авто,417.2,3,3,3074.28,В срок
SHP006760,2025-02-04,Екатеринбург,Уфа,Авто,116.5,2,2,1902.64,В срок
SHP009770,2025-02-02,Санкт-Петербург,Нижний Новгород,Авиа,407.7,2,2,9951.2,В срок
SHP005233,2025-04-07,Москва,Новосибирск,Железная дорога,362.3,6,6,5010.89,В срок
SHP000274,2025-11-08,Новосибирск,Самара,Авто,478.6,6,9,6557.29,Задержка
SHP006751,2025-09-14,Новосибирск,Нижний Новгород,Авиа,246.8,3,3,14828.85,В срок
SHP003651,2025-03-15,Москва,Нижний Новгород,Авто,290.9,2,2,2550.74,В срок
SHP006238,2025-04-15,Москва,Пермь,Железная дорога,601.5,4,4,4214.33,В срок
SHP000445,2025-01-30,Екатеринбург,Нижний Новгород,Железная дорога,347.0,4,4,3278.24,В срок
SHP000272,2025-11-19,Казань,Ростов-на-Дону,Железная дорога,624.2,4,6,4075.16,Задержка
SHP004971,2025-09-28,Москва,Пермь,Железная дорога,212.3,4,4,3270.9,В срок
SHP005203,2025-09-25,Екатеринбург,Пермь,Авто,128.3,2,2,1894.7,В срок
SHP000809,2025-01-22,Екатеринбург,Казань,Авто,333.5,3,3,2764.5,В срок
SHP008899,2025-02-15,Екатеринбург,Самара,Авто,1115.9,3,3,5254.49,Задержка
SHP002050,2025-09-24,Казань,Санкт-Петербург,Авто,171.7,4,5,3446.4,Задержка
SHP003652,2025-05-03,Новосибирск,Нижний Новгород,Железная дорога,62.0,6,6,4332.07,В срок
SHP003518,2025-12-28,Казань,Нижний Новгород,Железная дорога,126.0,3,3,2040.9,В срок
SHP000911,2025-08-01,Москва,Уфа,Авиа,356.3,2,2,10013.35,В срок
SHP008286,2025-01-31,Москва,Новосибирск,Авиа,408.3,3,3,17812.17,В срок
SHP007853,2025-10-25,Санкт-Петербург,Казань,Авиа,274.4,2,1,10905.39,В срок
SHP004517,2025-03-06,Екатеринбург,Москва,Авто,527.5,4,7,4820.61,Задержка
SHP009194,2025-04-14,Москва,Новосибирск,Авиа,112.4,3,3,13998.37,В срок
SHP006898,2025-04-13,Санкт-Петербург,Казань,Железная дорога,160.8,4,3,3410.06,В срок
SHP003504,2025-08-10,Москва,Самара,Железная дорога,390.9,4,7,3372.15,Задержка
SHP006137,2025-11-13,Москва,Ростов-на-Дону,Авиа,124.4,2,2,8069.8,В срок
SHP000171,2025-02-01,Москва,Уфа,Железная дорога,225.5,4,4,3282.21,В срок
SHP005551,2025-02-11,Новосибирск,Ростов-на-Дону,Железная дорога,,7,6,6087.02,В срок
SHP005162,2025-12-18,Москва,Ростов-на-Дону,Авиа,315.3,2,1,9233.11,В срок
SHP007354,2025-03-19,Новосибирск,Самара,Авто,149.7,6,6,5991.79,В срок
SHP006536,2025-09-30,Москва,Казань,Железная дорога,275.4,3,3,2893.43,В срок
SHP007690,2025-11-11,Москва,Нижний Новгород,Железная дорога,266.4,3,3,2137.36,В срок
SHP004457,2025-07-06,Санкт-Петербург,Москва,Железная дорога,342.7,3,3,2671.25,В срок
SHP007130,2025-01-30,Москва,Самара,Авто,118.3,3,3,2970.67,В срок
SHP007527,2025-12-29,Екатеринбург,Казань,Железная дорога,1405.4,3,3,4170.52,В срок
SHP000805,2025-09-28,Казань,Новосибирск,Авиа,205.5,3,3,13078.28,В срок
SHP001507,2025-08-30,Москва,Екатеринбург,Авиа,371.4,2,6,12364.43,Задержка
SHP004463,2025-11-22,Москва,Пермь,Авиа,418.7,2,2,9099.37,В срок
SHP009850,2025-02-18,Москва,Нижний Новгород,Авто,79.2,2,2,1812.03,В срок
SHP007748,2025-12-17,Москва,Казань,Авто,230.5,3,3,3072.33,В срок
SHP008110,2025-06-07,Казань,Уфа,Железная дорога,794.8,3,3,3061.05,В срок
SHP008528,2025-12-02,Новосибирск,Пермь,Авто,83.2,5,7,3697.45,Задержка
SHP002631,2025-12-10,Москва,Пермь,Авто,161.2,4,3,3463.22,В срок
SHP009482,2025-02-10,Москва,Ростов-на-Дону,Железная дорога,872.2,4,4,3991.85,В срок
SHP004835,2025-07-28,Москва,Уфа,Авто,356.5,4,7,4158.11,Задержка
SHP006150,2025-07-04,Казань,Екатеринбург,Авто,384.3,3,3,3251.28,В срок
SHP007764,2025-12-06,Москва,Казань,Авто,343.3,3,6,2793.82,Задержка
SHP001843,2025-05-15,Москва,Новосибирск,Авиа,150.8,3,3,14406.19,В срок
SHP001686,2025-05-24,Новосибирск,Самара,Железная дорога,,5,5,4795.89,В срок
SHP008886,2025-11-18,Москва,Казань,Железная дорога,353.0,3,3,3181.6,В срок
SHP003424,2025-08-03,Казань,Екатеринбург,Авиа,118.2,2,2,6383.81,В срок
SHP007403,2025-01-26,Москва,Санкт-Петербург,Железная дорога,302.9,3,3,2596.25,В срок
SHP008109,2025-12-02,Москва,Пермь,Железная дорога,123.5,4,3,3153.24,В срок
SHP005063,2025-01-17,Москва,Пермь,Железная дорога,413.6,4,4,3214.11,В срок
SHP007404,2025-08-12,санкт-петербург,Казань,,371.4,4,4,3717.5,В срок
SHP008222,2025-02-12,Екатеринбург,Уфа,Авто,707.9,2,2,3132.32,В срок
SHP006738,2025-04-08,Екатеринбург,Нижний Новгород,Авиа,107.2,2,2,8305.81,В срок
SHP000676,2025-01-11,Москва,Пермь,Авиа,198.5,2,1,9341.47,В срок
SHP003986,2025-03-16,Екатеринбург,Уфа,Железная дорога,197.7,3,3,2489.85,В срок
SHP002089,2025-06-12,Новосибирск,Пермь,Авто,541.5,5,5,5532.22,В срок
SHP003994,2025-07-12,Москва,Нижний Новгород,Железная дорога,762.7,3,2,3293.29,В срок
SHP009722,2025-07-08,Санкт-Петербург,Москва,Железная дорога,160.7,3,3,2708.28,В срок
SHP002097,2025-03-12,Казань,Москва,Авто,262.8,3,3,3152.0,В срок
SHP009745,2025-04-01,Санкт-Петербург,Казань,Авто,420.1,4,7,4479.95,Задержка
SHP004540,2025-07-25,Москва,Пермь,Железная дорога,150.4,4,4,2947.28,В срок
SHP002361,2025-05-15,Санкт-Петербург,Ростов-на-Дону,Железная дорога,99.2,5,5,3449.54,В срок
SHP002140,2025-02-06,Москва,Екатеринбург,Железная дорога,429.0,4,4,4084.82,В срок
SHP002960,2025-05-14,Москва,Уфа,Авиа,89.8,2,2,7636.8,В срок
SHP003192,2025-05-11,Москва,Казань,Авто,399.6,3,3,3239.89,В срок
SHP001080,2025-03-06,Екатеринбург,Новосибирск,Железная дорога,359.8,4,4,3937.52,В срок
SHP009766,2025-03-16,Санкт-Петербург,Нижний Новгород,Авто,116.6,3,3,2907.02,В срок
SHP001698,2025-04-10,Москва,Пермь,Авто,298.1,4,4,3542.24,В срок
SHP005342,2025-09-16,Новосибирск,Уфа,Железная дорога,955.8,5,9,5371.9,Задержка
SHP005635,2025-10-11,Москва,Ростов-на-Дону,Железная дорога,245.0,4,8,3125.27,Задержка
SHP002283,2025-06-02,Москва,Уфа,Железная дорога,550.4,4,5,3996.33,Задержка
SHP000384,2025-11-29,Москва,Екатеринбург,Железная дорога,262.7,4,7,3263.42,Задержка
SHP003616,2025-02-15,Екатеринбург,новосибирск ,Железная дорога,98.4,4,4,3300.32,В срок
SHP007317,2025-06-09,Москва,Екатеринбург,Железная дорога,220.5,4,4,3962.1,В срок
SHP008540,2025-09-25,Екатеринбург,Пермь,Авиа,695.8,2,2,8383.48,В срок
SHP005003,2025-05-27,Москва,Самара,Железная дорога,252.1,4,4,2704.58,В срок
SHP007695,2025-06-06,Екатеринбург,Самара,Железная дорога,410.4,4,3,3076.72,В срок
SHP005021,2025-10-30,Москва,Самара,Авто,122.7,3,6,2614.16,Задержка
SHP003274,2025-04-24,Москва,Новосибирск,Авиа,265.7,3,3,17704.21,В срок
SHP002873,2025-06-03,Санкт-Петербург,Ростов-на-Дону,Авиа,92.7,2,2,9767.18,В срок
SHP001572,2025-11-23,Екатеринбург,Самара,Авто,127.7,3,3,2615.19,В срок
SHP003509,2025-06-23,Москва,Уфа,Железная дорога,114.9,4,4,3144.45,В срок
SHP004678,2025-07-14,Новосибирск,Пермь,Авто,519.9,5,5,5157.54,В срок
SHP002752,2025-05-10,Санкт-Петербург,Нижний Новгород,Железная дорога,164.2,4,4,2802.68,В срок
SHP001786,2025-05-20,Новосибирск,Ростов-на-Дону,Авиа,479.1,3,3,19874.23,В срок
SHP001422,2025-06-16,Москва,Казань,Авто,260.3,3,2,3000.79,В срок
SHP007343,2025-02-05,Санкт-Петербург,Казань,Железная дорога,93.5,4,4,3123.59,В срок
SHP001446,2025-03-06,Санкт-Петербург,Пермь,Железная дорога,436.2,5,5,4610.67,В срок
SHP004551,2025-03-25,Екатеринбург,Казань,Железная дорога,423.0,3,3,3201.19,В срок
SHP008992,2025-11-05,Санкт-Петербург,Новосибирск,Железная дорога,191.2,7,7,5766.63,В срок
SHP008585,2025-11-21,Москва,Нижний Новгород,Авиа,108.2,2,2,5190.38,В срок
SHP003643,2025-05-11,Москва,Нижний Новгород,Авто,258.4,2,2,2742.14,В срок
SHP006615,2025-11-09,Москва,Екатеринбург,Железная дорога,29.7,4,4,3592.55,В срок
SHP004347,2025-03-06,Санкт-Петербург,Самара,Авиа,252.3,2,2,9935.6,В срок
SHP008919,2025-07-30,Санкт-Петербург,Пермь,Авто,680.1,4,4,4643.15,В срок
SHP006053,2025-06-16,Москва,Санкт-Петербург,Авто,186.9,3,3,2493.84,В срок
SHP007940,2025-09-10,Москва,Уфа,Авто,232.7,4,6,3063.21,Задержка
SHP003368,2025-08-02,Казань,Ростов-на-Дону,Железная дорога,350.1,4,4,3785.1,В срок
SHP004224,2025-06-27,Казань,Уфа,Авто,218.0,2,1,2682.75,В срок
SHP003497,2025-02-20,Москва,Екатеринбург,Железная дорога,205.9,4,4,3479.37,В срок
SHP006356,2025-05-28,Москва,Уфа,Авто,419.9,4,4,4801.59,В срок
SHP008806,2025-03-28,Санкт-Петербург,Нижний Новгород,,224.2,4,6,2741.38,Задержка
SHP005145,2025-06-04,Санкт-Петербург,Ростов-на-Дону,Авто,731.3,4,4,5960.89,В срок
SHP008196,2025-08-15,Новосибирск,Ростов-на-Дону,Авиа,279.7,3,3,19096.78,В срок
SHP009794,2025-09-16,Санкт-Петербург,Новосибирск,Железная дорога,230.8,7,7,6496.27,В срок
SHP002150,2025-02-05,Екатеринбург,Ростов-на-Дону,Железная дорога,303.6,5,5,4817.58,В срок
SHP002496,2025-05-23,Москва,Самара,Авиа,709.9,2,1,9935.98,В срок
SHP009655,2025-07-16,Новосибирск,Самара,Железная дорога,481.3,5,5,4696.43,В срок
SHP005004,2025-10-19,Москва,Новосибирск,Железная дорога,305.8,6,6,5908.31,В срок
SHP000170,2025-11-03,Екатеринбург,Ростов-на-Дону,Авто,879.3,5,8,6466.07,Задержка
SHP004610,2025-11-21,Санкт-Петербург,Самара,Авиа,128.0,2,2,10245.54,В срок
SHP003267,2025-08-13,Москва,Новосибирск,Железная дорога,224.0,6,6,5733.17,В срок
SHP006578,2025-04-06,Санкт-Петербург,Новосибирск,Авиа,180.9,3,3,17454.56,В срок
SHP009707,2025-02-21,Москва,Новосибирск,Железная дорога,178.4,6,9,5443.58,Задержка
SHP006138,2025-02-17,Москва,Нижний Новгород,Авто,914.6,2,4,3712.33,Задержка
SHP006867,2025-11-25,Новосибирск,Уфа,Железная дорога,305.7,5,5,4336.11,В срок
SHP005061,2025-06-24,Новосибирск,Самара,Авиа,395.9,3,4,12348.0,Задержка
SHP007219,2025-11-28,Санкт-Петербург,Нижний Новгород,Железная дорога,140.1,4,4,2972.05,В срок
SHP006374,2025-08-31,Санкт-Петербург,Новосибирск,Железная дорога,719.6,7,7,6455.08,В срок
SHP000300,2025-04-09,Санкт-Петербург,Казань,Авто,142.3,4,4,3110.86,В срок
SHP005249,2025-01-22,Москва,Уфа,Авто,300.0,4,4,3989.26,В срок
SHP001390,2025-07-21,Москва,Уфа,Авто,290.9,4,8,3405.98,Задержка
SHP002716,2025-06-30,Санкт-Петербург,Пермь,Авто,455.8,4,4,4973.97,В срок
SHP003445,2025-10-03,Москва,Казань,Авто,83.0,3,3,2231.11,В срок
SHP008108,2025-10-21,Санкт-Петербург,Казань,Авиа,93.4,2,2,9059.25,В срок
SHP005211,2025-11-12,Новосибирск,Москва,Авиа,97.6,3,3,18419.07,В срок
SHP006216,2025-06-20,Екатеринбург,Санкт-Петербург,Железная дорога,903.2,5,5,5175.18,В срок
SHP004139,2025-07-01,Новосибирск,Самара,Железная дорога,,5,5,4856.7,В срок
SHP004770,2025-02-01,Екатеринбург,Санкт-Петербург,Авто,243.1,5,6,4914.94,Задержка
SHP007020,2025-01-12,Казань,Новосибирск,Авиа,323.4,3,3,14991.86,В срок
SHP008570,2025-05-15,Новосибирск,Санкт-Петербург,Авто,329.2,7,7,7448.04,В срок
SHP008743,2025-01-24,Москва,Ростов-на-Дону,Авто,280.1,3,3,3741.28,В срок
SHP007549,2025-05-19,Москва,нижний новгород,Авто,189.1,2,2,2256.79,В срок
SHP003229,2025-01-28,Москва,Казань,Авиа,61.3,2,2,6051.2,В срок
SHP007181,2025-11-19,Новосибирск,Екатеринбург,Авиа,398.7,2,2,10575.79,В срок
SHP004020,2025-09-15,Санкт-Петербург,Екатеринбург,Железная дорога,636.8,5,4,4472.59,В срок
SHP009419,2025-02-06,Москва,Новосибирск,Железная дорога,137.9,6,6,5684.5,В срок
SHP006483,2025-05-28,Москва,Казань,Авто,25.5,3,3,2161.8,В срок
SHP007611,2025-04-25,Москва,Уфа,Железная дорога,164.2,4,4,3302.56,В срок
SHP007613,2025-09-11,Казань,Екатеринбург,Авто,103.2,3,4,2258.15,Задержка
SHP007833,2025-02-12,Москва,Санкт-Петербург,Авиа,414.8,2,2,7708.96,В срок
SHP005601,2025-06-15,Екатеринбург,Санкт-Петербург,Железная дорога,126.7,5,5,4421.47,В срок
SHP003665,2025-06-02,Новосибирск,Самара,Железная дорога,178.7,5,4,5240.87,В срок
SHP000727,2025-04-14,Москва,Самара,Авто,325.4,3,6,3352.34,Задержка
SHP005495,2025-01-16,Москва,Пермь,Авто,222.1,4,4,3529.6,В срок
SHP003262,2025-08-19,Санкт-Петербург,Ростов-на-Дону,Железная дорога,221.1,5,5,3838.37,В срок
SHP004189,2025-06-27,Екатеринбург,Москва,Железная дорога,188.4,4,7,3236.77,Задержка
SHP007637,2025-08-06,Москва,Нижний Новгород,Авто,568.7,2,2,2912.99,В срок
SHP004965,2025-12-22,Москва,Екатеринбург,Авиа,122.0,2,2,10425.09,В срок
SHP002662,2025-04-10,Москва,Санкт-Петербург,Авто,141.7,3,3,2366.73,В срок
SHP002738,2025-08-15,Москва,Казань,Авто,446.5,3,5,3225.49,Задержка
SHP007794,2025-08-31,Санкт-Петербург,Казань,Железная дорога,477.9,4,4,3755.68,В срок
SHP000755,2025-08-02,Санкт-Петербург,Пермь,Авто,157.6,4,4,4502.17,В срок
SHP005528,2025-01-07,Москва,Нижний Новгород,Авто,436.6,2,2,2531.12,В срок
SHP005642,2025-09-19,Москва,Казань,Авто,283.9,3,3,3064.76,В срок
SHP009050,2025-09-11,Казань,Самара,Авто,584.0,2,2,2725.02,В срок
SHP003970,2025-11-30,Санкт-Петербург,Москва,Авто,286.5,3,3,3031.73,В срок
SHP005464,2025-09-17,Казань,Пермь,Авто,172.2,2,2,2413.34,В срок
SHP001929,2025-05-17,Москва,Самара,Железная дорога,58.5,4,4,2504.27,В срок
SHP001248,2025-05-15,Москва,Уфа,Железная дорога,103.3,4,4,3302.2,В срок
SHP004412,2025-10-09,Москва,Нижний Новгород,Железная дорога,286.6,3,3,2591.7,В срок
SHP004926,2025-04-21,Москва,Санкт-Петербург,Авто,147.5,3,3,2307.88,В срок
SHP004738,2025-03-22,Екатеринбург,Новосибирск,Авто,468.3,4,3,4122.48,В срок
SHP001461,2025-04-25,Москва,Пермь,Железная дорога,180.1,4,7,3317.47,Задержка
SHP000229,2025-03-16,Москва,Санкт-Петербург,Авто,128.3,3,7,2405.9,Задержка
SHP002068,2025-10-20,Москва,Ростов-на-Дону,Железная дорога,1101.9,4,7,4277.73,Задержка
SHP007689,2025-04-30,Москва,Нижний Новгород,Авто,184.7,2,2,2097.91,В срок
SHP002042,2025-08-18,Новосибирск,Уфа,Железная дорога,110.0,5,5,3772.89,В срок
SHP005996,2025-04-09,Москва,Самара,Авиа,197.8,2,2,7532.0,В срок
SHP003567,2025-10-16,Москва,Екатеринбург,Железная дорога,368.2,4,4,3619.69,В срок
SHP003513,15.01.2025,Москва,Нижний Новгород,Авто,84.5,2,2,1906.44,В срок
SHP006789,2025-03-31,Казань,Уфа,Авто,173.3,2,2,2259.18,В срок
SHP004318,2025-09-28,Екатеринбург,Москва,Железная дорога,379.5,4,4,4449.08,В срок
SHP008324,2025-04-06,Санкт-Петербург,Екатеринбург,Авиа,349.3,2,2,11682.65,В срок
SHP002241,2025-10-23,Москва,Санкт-Петербург,Авто,378.1,3,3,3029.29,В срок
SHP009721,2025-04-20,Казань,Ростов-на-Дону,Авто,289.3,4,4,4070.62,В срок
SHP007625,2025-07-04,Санкт-Петербург,Новосибирск,Авиа,113.2,3,2,15337.57,В срок
SHP002443,2025-07-11,Москва,Пермь,Авто,338.0,4,0,3514.36,В срок
SHP004622,2025-12-31,Москва,Ростов-на-Дону,Авто,244.4,3,3,2885.42,В срок
SHP009943,2025-03-03,Москва,Санкт-Петербург,Авиа,249.9,2,1,7672.99,В срок
SHP006841,2025-03-26,Москва,Уфа,Железная дорога,105.7,4,3,3520.98,В срок
SHP009542,2025-09-26,Екатеринбург,Нижний Новгород,Железная дорога,492.6,4,8,3602.21,Задержка
SHP005981,2025-02-10,Санкт-Петербург,Казань,Авиа,180.1,2,2,10216.45,В срок
SHP004824,2025-11-03,Казань,Нижний Новгород,Авиа,201.3,2,2,5762.52,В срок
SHP002594,2025-02-11,Москва,Санкт-Петербург,Авто,112.9,3,3,2343.97,В срок
SHP000994,2025-05-30,Екатеринбург,Казань,Авто,324.3,3,3,2852.86,В срок
SHP008217,2025-01-12,Москва,Уфа,Железная дорога,393.9,4,5,3302.49,Задержка
SHP004000,2025-08-12,Казань,Москва,Авто,90.4,3,3,2959.88,В срок
SHP008397,2025-03-20,Москва,Новосибирск,Железная дорога,83.7,6,6,5075.09,В срок
SHP000855,2025-11-22,Москва,Ростов-на-Дону,Железная дорога,378.5,4,3,3100.95,В срок
SHP009213,2025-10-07,Казань,Екатеринбург,Авто,165.9,3,3,2474.06,В срок
SHP002559,2025-07-17,Казань,Нижний Новгород,Авто,183.1,2,2,1977.16,В срок
SHP001640,2025-11-14,Новосибирск,Санкт-Петербург,Железная дорога,46.2,7,6,4859.8,В срок
SHP008513,2025-06-07,Москва,Казань,Авто,123.4,3,3,2477.02,В срок
SHP001100,2025-11-20,Санкт-Петербург,Казань,Железная дорога,227.2,4,4,3229.79,В срок
SHP002675,2025-12-31,Москва,Санкт-Петербург,Авто,697.6,3,3,3580.15,В срок
SHP009276,2025-09-20,Санкт-Петербург,Уфа,Железная дорога,182.8,5,5,4002.21,В срок
SHP004967,2025-12-19,Санкт-Петербург,Самара,Железная дорога,257.7,4,4,4033.7,В срок
SHP008647,2025-06-06,Санкт-Петербург,Казань,Железная дорога,995.9,4,3,4658.11,В срок
SHP003412,2025-04-02,Санкт-Петербург,Самара,Железная дорога,228.8,4,4,3655.81,В срок
SHP002837,2025-05-15,Санкт-Петербург,Ростов-на-Дону,Железная дорога,166.0,5,5,4263.27,В срок
SHP002370,2025-11-16,Москва,Пермь,Авто,295.7,4,4,3330.96,В срок
SHP009174,2025-12-23,Екатеринбург,Пермь,Авто,67.5,2,2,1684.02,В срок
SHP007275,2025-04-01,Москва,Нижний Новгород,Авто,61.8,2,2,1802.35,В срок
SHP009520,2025-09-12,Казань,Пермь,Авто,352.9,2,2,2810.94,В срок
SHP004750,2025-04-02,Новосибирск,Казань,Авиа,297.9,3,3,13588.66,В срок
SHP001465,2025-11-17,Новосибирск,Уфа,Авто,220.3,5,4,4297.46,В срок
SHP007860,2025-01-04,Москва,Казань,Авто,396.6,3,5,3330.9,Задержка
SHP002112,2025-06-26,Екатеринбург,Нижний Новгород,Авто,263.2,3,2,3395.32,В срок
SHP002442,2025-07-03,Москва,Екатеринбург,Авто,150.0,4,4,4063.87,В срок
SHP009180,2025-01-15,Екатеринбург,Нижний Новгород,Авто,326.5,3,6,3494.24,Задержка
SHP008079,2025-10-26,Москва,Новосибирск,Авиа,52.4,3,3,17610.71,В срок
SHP002428,2025-03-08,Санкт-Петербург,Екатеринбург,Авиа,1286.9,2,1,16947.55,В срок
SHP000342,2025-03-22,Екатеринбург,Нижний Новгород,Железная дорога,304.8,4,4,3310.92,В срок
SHP002015,2025-05-24,Казань,Уфа,Авто,185.5,2,2,2048.69,В срок
SHP006283,2025-05-15,Казань,Москва,Авто,275.3,3,3,2873.24,В срок
SHP009064,2025-02-13,Екатеринбург,Казань,Авто,333.1,3,4,2904.95,Задержка
SHP005442,2025-07-18,Санкт-Петербург,Казань,Железная дорога,277.9,4,4,3399.97,В срок
SHP005404,2025-02-02,Новосибирск,Нижний Новгород,Железная дорога,180.0,6,6,4231.29,В срок
SHP008792,2025-11-23,Москва,Самара,Железная дорога,295.9,4,7,2840.89,Задержка
SHP005874,2025-03-01,Москва,Ростов-на-Дону,Авто,414.7,3,6,3754.29,Задержка
SHP009911,2025-05-04,Новосибирск,Москва,Авиа,204.3,3,3,17843.39,В срок
SHP008957,2025-10-28,Москва,Самара,Железная дорога,52.4,4,4,2675.49,В срок
SHP002503,2025-12-02,Екатеринбург,Нижний Новгород,Железная дорога,595.1,4,4,3609.46,В срок
SHP007221,2025-09-29,Москва,Ростов-на-Дону,Авто,192.5,3,3,2993.86,В срок
SHP002108,2025-03-31,Новосибирск,Пермь,Авто,95.9,5,5,4198.54,В срок
SHP008867,2025-02-18,Казань,Самара,Авто,140.3,2,4,1844.73,Задержка
SHP001182,2025-04-17,Санкт-Петербург,Нижний Новгород,Железная дорога,176.5,4,4,2731.4,В срок
SHP008192,2025-04-04,Екатеринбург,Нижний Новгород,Железная дорога,531.3,4,4,3804.43,В срок
SHP001944,2025-01-04,Санкт-Петербург,Новосибирск,Авиа,445.5,3,3,18546.56,В срок
SHP006836,2025-05-15,Москва,Санкт-Петербург,Авто,94.5,3,3,2436.79,В срок
SHP006230,2025-03-19,Москва,Санкт-Петербург,Авто,761.5,3,3,4402.36,В срок
SHP002147,2025-01-11,Москва,Уфа,Железная дорога,176.8,4,6,3259.27,Задержка
SHP000330,2025-05-31,Москва,Самара,Железная дорога,720.6,4,6,3246.81,Задержка
SHP001165,2025-11-25,Казань,Новосибирск,Железная дорога,266.0,5,9,4665.88,Задержка
SHP008186,2025-09-03,Москва,Ростов-на-Дону,Железная дорога,389.4,4,4,3327.84,В срок
SHP000960,2025-10-26,Новосибирск,Уфа,Железная дорога,373.1,5,4,4477.22,В срок
SHP001323,2025-07-14,Казань,Уфа,Авто,276.5,2,2,2436.32,В срок
SHP006832,2025-04-25,Новосибирск,Самара,Авто,314.5,6,6,5336.67,В срок
SHP006651,2025-02-28,Санкт-Петербург,Екатеринбург,Авто,283.8,5,5,4836.54,В срок
SHP008341,2025-02-19,Москва,Новосибирск,Авиа,326.8,3,2,17466.08,В срок
SHP004663,2025-09-13,Екатеринбург,Новосибирск,Авто,289.7,4,4,4127.48,В срок
SHP000547,2025-09-23,Москва,Новосибирск,Авиа,969.1,3,6,20787.95,Задержка
SHP005250,2025-05-19,Москва,Уфа,Железная дорога,328.9,4,4,3341.41,В срок
SHP009225,2025-10-23,Казань,Пермь,Железная дорога,333.2,3,3,2491.9,В срок
SHP000325,2025-12-24,Казань,Уфа,Авто,279.5,2,2,2435.93,В срок
SHP005113,2025-01-29,Москва,Казань,Железная дорога,181.9,3,3,2480.31,В срок
SHP007823,2025-05-17,Санкт-Петербург,Казань,Авиа,323.3,2,1,9972.99,В срок
SHP000684,2025-04-11,Санкт-Петербург,Самара,Железная дорога,73.5,4,4,3362.94,В срок
SHP009767,2025-04-18,Санкт-Петербург,Москва,Авиа,383.0,2,2,7667.66,В срок
SHP008687,2025-05-22,Москва,Новосибирск,Авиа,308.0,3,2,16669.35,В срок
SHP001961,2025-01-20,Москва,Самара,Железная дорога,149.8,4,6,2671.83,Задержка
SHP004861,2025-09-28,Екатеринбург,Пермь,Авто,491.1,2,2,2416.42,В срок
SHP006587,2025-09-28,Москва,Екатеринбург,Авто,376.9,4,4,4002.49,В срок
SHP001218,2025-12-15,Москва,Санкт-Петербург,Авто,196.0,3,7,2638.59,Задержка
SHP001543,2025-12-25,Москва,Уфа,Железная дорога,329.8,4,4,,В срок
SHP009205,2025-10-30,Новосибирск,Уфа,Железная дорога,89.1,5,6,3423.37,Задержка
SHP001162,2025-05-09,Санкт-Петербург,Екатеринбург,Железная дорога,131.8,5,5,4255.46,В срок
SHP006725,2025-01-22,Москва,Самара,Авто,404.6,3,3,3493.56,В срок
SHP001233,2025-04-15,Санкт-Петербург,Москва,Авто,314.0,3,3,2622.49,В срок
SHP007184,2025-01-13,Санкт-Петербург,Новосибирск,Железная дорога,471.0,7,7,5511.22,В срок
SHP007772,2025-04-28,Казань,Москва,Железная дорога,88.2,3,4,2423.95,Задержка
SHP008367,2025-03-22,Екатеринбург,Москва,Авто,194.9,4,5,3969.02,Задержка
SHP007208,2025-04-01,Москва,Самара,Авто,89.5,3,3,2659.88,В срок
SHP007169,2025-10-11,Екатеринбург,Казань,Авиа,608.4,2,1,9076.31,В срок
SHP003805,2025-11-27,Москва,Пермь,Авиа,347.1,2,2,9627.79,В срок
SHP004012,2025-10-28,Казань,Екатеринбург,Железная дорога,619.6,3,5,3423.94,Задержка
SHP007214,2025-02-25,Екатеринбург,Самара,Авто,596.1,3,7,3906.55,Задержка
SHP000745,2025-05-12,Москва,Екатеринбург,Авто,355.6,4,3,4322.98,В срок
SHP007615,2025-08-13,Москва,Новосибирск,Железная дорога,144.5,6,6,5262.81,В срок
SHP004581,2025-12-07,Москва,Нижний Новгород,Авто,191.8,2,1,2332.19,В срок
SHP003367,2025-09-18,Казань,Ростов-на-Дону,Железная дорога,240.0,4,4,3578.15,В срок
SHP005762,2025-08-18,Москва,Казань,Авто,363.0,3,3,2860.95,В срок
SHP005107,2025-11-26,Санкт-Петербург,Нижний Новгород,Железная дорога,530.9,4,3,3556.08,В срок
SHP001886,2025-03-15,Москва,Пермь,Железная дорога,230.8,4,4,3368.76,В срок
SHP004078,2025-03-10,Казань,Самара,Авто,445.0,2,2,2652.48,В срок
SHP002220,2025-09-11,Санкт-Петербург,Самара,Авиа,296.7,2,2,11029.49,В срок
SHP003993,2025-10-06,Москва,Уфа,Железная дорога,139.4,4,4,3134.82,В срок
SHP007448,2025-06-07,Новосибирск,Самара,Авиа,234.4,3,3,11851.48,В срок
SHP007240,2025-01-18,Санкт-Петербург,Пермь,Авиа,183.4,2,2,10292.53,В срок
SHP002397,2025-04-20,Санкт-Петербург,Уфа,Авто,90.3,5,9,3972.87,Задержка
SHP005443,2025-01-14,Москва,Казань,Авто,762.1,3,6,3677.44,Задержка
SHP001109,2025-07-21,Казань,Санкт-Петербург,Железная дорога,231.9,4,3,3575.14,В срок
SHP004268,2025-07-13,Санкт-Петербург,Екатеринбург,Железная дорога,75.0,5,5,3178.23,В срок
SHP008224,2025-02-15,Москва,Самара,Железная дорога,147.1,4,4,2719.65,В срок
SHP003866,2025-03-05,Екатеринбург,Казань,Авто,116.0,3,3,2736.4,В срок
SHP007603,2025-06-17,Казань,Санкт-Петербург,Железная дорога,59.3,4,4,3095.63,В срок
SHP000935,2025-07-22,Казань,Екатеринбург,Железная дорога,145.1,3,3,2546.74,В срок
SHP000667,2025-05-22,Москва,Казань,Авиа,276.5,2,2,8412.3,В срок
SHP006676,2025-06-13,Москва,Самара,Железная дорога,109.0,4,5,2772.5,Задержка
SHP008260,2025-07-27,Москва,Екатеринбург,Железная дорога,109.1,4,4,3263.43,В срок
SHP009659,2025-03-08,Москва,Санкт-Петербург,Железная дорога,191.7,3,3,2361.09,В срок
SHP001137,2025-02-02,Москва,Уфа,Авто,329.0,4,4,3469.98,В срок
SHP001599,2025-08-17,Москва,Пермь,Железная дорога,308.8,4,4,3618.47,В срок
SHP003154,2025-01-17,Санкт-Петербург,Нижний Новгород,Железная дорога,61.7,4,4,2767.88,В срок
SHP009741,2025-02-20,Санкт-Петербург,Уфа,Авто,418.9,5,5,5092.17,В срок
SHP009022,2025-06-04,Санкт-Петербург,Пермь,Авто,433.8,4,4,4611.4,В срок
SHP001325,2025-06-05,Екатеринбург,Уфа,Железная дорога,378.2,3,3,2607.0,В срок
SHP005489,2025-09-11,Москва,Уфа,Авто,256.2,4,4,3864.53,В срок
SHP001606,2025-08-14,Москва,Пермь,Железная дорога,68.8,4,4,2966.95,В срок
SHP005822,2025-08-26,Новосибирск,Уфа,Авто,198.4,5,5,4599.83,В срок
SHP000811,2025-09-18,Новосибирск,Москва,Авиа,163.5,3,3,13845.35,В срок
SHP008382,2025-05-08,Москва,Новосибирск,Железная дорога,124.5,6,6,5798.26,В срок
SHP006946,2025-09-26,Москва,Новосибирск,Авиа,64.7,3,3,15399.79,В срок
SHP000750,2025-02-25,Екатеринбург,Самара,Железная дорога,135.1,4,4,2569.44,Задержка
SHP003164,2025-12-26,Москва,Екатеринбург,Авто,194.3,4,4,4125.61,В срок
SHP004479,2025-04-21,Новосибирск,Ростов-на-Дону,Железная дорога,246.7,7,10,6118.81,Задержка
SHP007981,2025-09-15,Москва,Санкт-Петербург,Авто,453.0,3,4,2709.82,Задержка
SHP001637,2025-11-25,Санкт-Петербург,Новосибирск,Авиа,205.8,3,3,17394.62,В срок
SHP005100,2025-06-09,Санкт-Петербург,Нижний Новгород,Железная дорога,231.2,4,7,3133.66,Задержка
SHP000992,2025-12-12,Москва,Нижний Новгород,Железная дорога,417.7,3,4,2425.86,Задержка
SHP007506,2025-09-21,Москва,Екатеринбург,Авто,303.1,4,4,4990.94,В срок
SHP003138,2025-09-01,Москва,Новосибирск,Железная дорога,112.8,6,6,5544.61,В срок
SHP002148,2025-09-05,Москва,Казань,Авто,293.5,3,3,2818.3,В срок
SHP002900,2025-08-24,Новосибирск,Нижний Новгород,Авиа,287.3,3,3,14906.8,В срок
SHP005434,2025-06-01,Новосибирск,Казань,Железная дорога,195.0,5,5,4164.58,В срок
SHP003314,2025-02-07,Екатеринбург,Ростов-на-Дону,Авиа,236.8,2,2,12386.54,В срок
SHP004907,2025-05-07,Екатеринбург,Санкт-Петербург,Железная дорога,44.3,5,5,4227.33,В срок
SHP008592,2025-08-19,Санкт-Петербург,Пермь,Железная дорога,173.2,5,5,3657.12,В срок
SHP004790,2025-11-11,Москва,Ростов-на-Дону,Авто,789.0,3,6,4354.85,Задержка
SHP006891,2025-12-13,Новосибирск,Пермь,Железная дорога,1800.0,5,5,6465.09,В срок
SHP001267,2025-12-05,Санкт-Петербург,Пермь,Железная дорога,256.8,5,5,3604.43,В срок
SHP008084,2025-10-26,Санкт-Петербург,Казань,Железная дорога,344.7,4,4,3347.24,В срок
SHP002426,2025-01-02,Казань,Москва,Авиа,472.7,2,2,8179.14,В срок
SHP006352,2025-06-13,Москва,Самара,Железная дорога,97.2,4,5,2616.59,Задержка
SHP004613,2025-03-27,Санкт-Петербург,Казань,Железная дорога,123.7,4,4,3199.55,В срок
SHP001078,2025-03-09,Екатеринбург,Казань,Авиа,238.3,2,2,7365.69,В срок
SHP003917,2025-01-05,Екатеринбург,Москва,Авиа,162.3,2,2,9438.42,В срок
SHP002156,2025-09-21,Санкт-Петербург,Ростов-на-Дону,Авиа,364.5,2,6,10211.5,Задержка
SHP008845,2025-07-17,Екатеринбург,Самара,Железная дорога,612.5,4,4,3445.29,В срок
SHP007349,2025-03-02,Екатеринбург,Нижний Новгород,Авто,95.8,3,2,2806.27,В срок
SHP000111,2025-03-16,Санкт-Петербург,Пермь,Авиа,421.1,2,2,10915.95,В срок
SHP000878,2025-01-22,Санкт-Петербург,Уфа,Авиа,202.9,2,1,11228.2,В срок
SHP002276,2025-07-20,Екатеринбург,Нижний Новгород,Авто,89.3,3,3,3101.52,В срок
SHP001164,2025-11-24,Екатеринбург,Казань,Авто,337.7,3,2,2986.54,В срок
SHP009429,2025-12-09,Москва,Санкт-Петербург,Авиа,113.2,2,2,5968.44,В срок
SHP003433,2025-03-14,Москва,Пермь,Авиа,73.5,2,2,8388.42,В срок
SHP002706,2025-03-09,Москва,Ростов-на-Дону,Железная дорога,246.9,4,6,3324.04,Задержка
SHP007934,2025-04-22,Санкт-Петербург,Казань,Авиа,306.1,2,2,9057.72,В срок
SHP001506,2025-09-01,Санкт-Петербург,Пермь,Авто,163.9,4,4,3880.33,В срок
SHP007645,2025-09-07,Новосибирск,Екатеринбург,Авиа,295.5,2,2,9538.39,В срок
SHP005718,2025-05-25,Санкт-Петербург,Нижний Новгород,Авиа,76.5,2,2,6842.58,В срок
SHP000759,2025-09-15,Новосибирск,Самара,Железная дорога,87.5,5,5,4162.62,В срок
SHP008655,2025-01-12,Санкт-Петербург,Казань,Железная дорога,77.0,4,5,3377.17,Задержка
SHP005632,2025-05-27,Екатеринбург,Самара,Авто,733.6,3,3,4130.3,В срок
SHP008287,2025-01-10,Новосибирск,Уфа,Авиа,591.6,2,2,14024.47,В срок
SHP000177,2025-09-19,Москва,Нижний Новгород,Авто,192.2,2,3,1705.99,Задержка
SHP001850,2025-12-28,Москва,Ростов-на-Дону,Авто,406.4,3,3,3861.82,В срок
SHP003798,2025-01-28,Москва,Новосибирск,Авиа,190.7,3,3,17333.82,В срок
SHP006474,2025-07-24,Казань,Новосибирск,Железная дорога,313.7,5,5,4574.27,В срок
SHP002023,2025-05-13,Москва,Екатеринбург,Железная дорога,446.6,4,4,4116.78,В срок
SHP003981,2025-08-28,Екатеринбург,Москва,Авто,166.1,4,4,4301.33,В срок
SHP000617,2025-03-24,Екатеринбург,Нижний Новгород,Железная дорога,698.4,4,4,3748.75,В срок
SHP004103,2025-10-20,Санкт-Петербург,Самара,Авто,89.5,4,7,4174.16,Задержка
SHP005006,2025-11-04,Санкт-Петербург,Москва,Железная дорога,84.5,3,3,2495.92,В срок
SHP005260,2025-07-10,Екатеринбург,Пермь,Авто,244.3,2,1,1773.97,В срок
SHP004321,2025-07-22,Москва,Пермь,Железная дорога,101.6,4,4,3054.47,В срок
SHP003758,2025-08-23,Новосибирск,Самара,Авиа,160.1,3,3,14273.37,В срок
SHP001421,2025-01-05,Москва,Екатеринбург,Железная дорога,143.4,4,4,3324.96,В срок
SHP003930,2025-08-10,Санкт-Петербург,Уфа,Железная дорога,468.5,5,5,3726.49,В срок
SHP007746,2025-11-26,Москва,Пермь,Железная дорога,345.5,4,4,3683.2,В срок
SHP009678,2025-06-22,Санкт-Петербург,Казань,Авто,240.4,4,4,4062.64,В срок
SHP009400,2025-06-18,Екатеринбург,Самара,Авто,274.9,3,3,3337.47,В срок
SHP001225,2025-10-05,Екатеринбург,Казань,Железная дорога,187.6,3,3,2879.68,В срок
SHP008346,2025-02-07,Екатеринбург,Уфа,Авто,137.6,2,2,1883.85,В срок
SHP005229,2025-07-07,Москва,новосибирск ,Железная дорога,26.0,6,8,5401.55,Задержка
SHP000981,2025-01-01,Москва,Уфа,Железная дорога,88.0,4,4,2726.17,В срок
SHP002195,2025-08-09,Санкт-Петербург,Самара,Авто,210.9,4,3,4131.43,В срок
SHP000204,2025-03-29,Москва,Екатеринбург,Авто,427.2,4,8,3812.95,Задержка
SHP009924,2025-03-21,Новосибирск,Уфа,Железная дорога,334.0,5,5,4226.63,В срок
SHP004593,2025-03-25,Москва,Казань,Авиа,625.2,2,2,9708.34,В срок
SHP008734,2025-04-13,Санкт-Петербург,Казань,Авиа,151.6,2,2,9184.74,В срок
SHP002741,2025-02-25,Новосибирск,Екатеринбург,Авто,114.7,4,7,3782.85,Задержка
SHP003914,2025-05-30,Казань,Самара,Авто,180.9,2,4,1990.09,Задержка
SHP006970,2025-02-06,Москва,Нижний Новгород,Железная дорога,815.1,3,3,3389.08,В срок
SHP001179,2025-11-16,Санкт-Петербург,Ростов-на-Дону,Железная дорога,280.5,5,5,3693.44,В срок
SHP000045,2025-12-03,Москва,Самара,Авиа,394.9,2,1,8800.94,В срок
SHP002190,2025-02-16,Москва,Нижний Новгород,Авиа,193.3,2,2,6010.72,В срок
SHP001260,2025-04-21,Казань,Санкт-Петербург,Авто,86.8,4,4,3178.78,В срок
SHP008976,2025-11-09,Москва,Санкт-Петербург,,657.5,3,3,3948.49,В срок
SHP007023,2025-08-15,Москва,Новосибирск,Железная дорога,149.1,6,5,5732.38,В срок
SHP009279,2025-05-19,Екатеринбург,Ростов-на-Дону,Авто,342.0,5,5,4759.44,В срок
SHP000885,2025-10-09,Новосибирск,Самара,Авиа,88.5,3,4,12675.91,Задержка
SHP005133,2025-12-29,Москва,Ростов-на-Дону,Авто,725.4,3,6,4467.05,Задержка
SHP003646,2025-11-07,Санкт-Петербург,Екатеринбург,Авто,722.3,5,8,5464.25,Задержка
SHP004342,2025-04-09,Санкт-Петербург,Новосибирск,Авиа,175.2,3,3,18406.9,В срок
SHP000015,2025-04-05,Москва,Новосибирск,Авиа,133.1,3,3,14986.38,В срок
SHP001954,2025-01-30,Новосибирск,Казань,Железная дорога,308.5,5,5,4247.37,В срок
SHP000478,2025-05-06,Москва,Самара,Авиа,171.6,2,1,7999.32,В срок
SHP002100,2025-07-08,Москва,Екатеринбург,Железная дорога,176.7,4,4,3289.4,В срок
SHP003147,2025-05-09,Санкт-Петербург,Пермь,Авиа,620.2,2,6,12026.03,Задержка
SHP009507,2025-11-14,Москва,Уфа,Авто,234.3,4,4,3543.65,В срок
SHP008277,2025-11-07,Москва,Санкт-Петербург,Авиа,979.6,2,2,10641.73,В срок
SHP000212,2025-08-11,Санкт-Петербург,Новосибирск,Железная дорога,179.4,7,7,6346.27,В срок
SHP002975,2025-01-06,Санкт-Петербург,Екатеринбург,Авиа,273.8,2,2,12045.59,В срок
SHP007561,2025-06-29,Москва,Екатеринбург,Авто,331.4,4,4,4580.64,В срок
SHP009303,2025-11-03,Екатеринбург,Казань,Авто,87.2,3,2,2466.6,В срок
SHP006273,2025-10-27,Санкт-Петербург,Новосибирск,Железная дорога,563.3,7,10,6246.98,Задержка
SHP002498,2025-12-21,Екатеринбург,Казань,Авто,171.8,3,5,2516.63,Задержка
SHP007344,2025-09-17,Санкт-Петербург,Уфа,Авиа,376.9,2,2,14628.61,В срок
SHP003727,2025-05-09,Москва,Ростов-на-Дону,Авто,280.3,3,3,3778.42,В срок
SHP007228,2025-11-11,Москва,Новосибирск,Железная дорога,191.3,6,6,5134.35,В срок
SHP003379,2025-02-04,Екатеринбург,Новосибирск,Авиа,158.7,2,2,10371.25,В срок
SHP001335,2025-07-15,Новосибирск,Самара,Авиа,245.8,3,3,14332.26,В срок
SHP005475,2025-12-29,Москва,Пермь,Железная дорога,238.1,4,3,3095.72,В срок
SHP006278,2025-04-29,Москва,Екатеринбург,Авто,490.0,4,4,4799.04,В срок
SHP007004,2025-11-07,Москва,Новосибирск,Железная дорога,155.3,6,5,5351.9,В срок
SHP009671,2025-10-15,Екатеринбург,Москва,Железная дорога,152.4,4,4,3361.95,В срок
SHP008544,2025-02-27,Москва,Екатеринбург,Железная дорога,406.4,4,4,3651.02,В срок
SHP002740,2025-08-19,Екатеринбург,Уфа,Авто,434.6,2,1,2826.22,В срок
SHP009608,2025-04-01,Москва,Уфа,Авиа,548.5,2,5,10338.39,Задержка
SHP007801,2025-08-27,Казань,Уфа,Авто,189.5,2,2,2231.23,В срок
SHP002319,2025-06-12,Москва,Санкт-Петербург,Авиа,277.7,2,2,7342.73,В срок
SHP006880,2025-01-01,Екатеринбург,нижний новгород,Авиа,543.8,2,5,10591.72,В срок
SHP000224,2025-01-30,Москва,нижний новгород,Авто,233.8,2,2,2131.47,В срок
SHP009083,2025-09-03,Екатеринбург,Уфа,Авто,151.4,2,2,2146.84,В срок
SHP005753,2025-08-30,Москва,Санкт-Петербург,Авто,236.3,3,2,2652.34,В срок
SHP008553,2025-12-27,Санкт-Петербург,Ростов-на-Дону,Авто,800.9,4,8,5877.57,Задержка
SHP001065,2025-05-15,Екатеринбург,Москва,Железная дорога,342.5,4,5,3568.96,Задержка
SHP009258,2025-04-04,Санкт-Петербург,Казань,Железная дорога,300.7,4,4,3395.96,В срок
SHP005529,2025-05-10,Екатеринбург,Пермь,Авто,56.6,2,1,1831.18,В срок
SHP007573,2025-09-23,Москва,Самара,Авто,883.8,3,3,5108.59,В срок
SHP005793,2025-07-23,Санкт-Петербург,Уфа,Железная дорога,173.2,5,5,3695.17,В срок
SHP001984,2025-01-14,Москва,Самара,Авиа,143.2,2,2,6721.78,В срок
SHP001417,2025-04-27,Москва,Санкт-Петербург,Железная дорога,81.4,3,7,2155.05,Задержка
SHP000228,2025-01-29,Москва,Казань,Авто,398.1,3,6,3185.48,Задержка
SHP007671,2025-03-02,Екатеринбург,Новосибирск,Железная дорога,172.9,4,4,3489.21,В срок
SHP007322,2025-05-29,Екатеринбург,Москва,Авиа,489.6,2,2,11384.37,В срок
SHP007767,2025-03-03,Новосибирск,Уфа,Авто,191.5,5,5,4570.68,В срок
SHP004438,2025-12-08,Москва,Самара,Авто,153.5,3,4,3180.57,Задержка
SHP003008,2025-06-18,Казань,Самара,Авто,187.7,2,2,1873.56,В срок
SHP006788,2025-04-21,Санкт-Петербург,Уфа,Железная дорога,379.2,5,5,4583.43,В срок
SHP009339,2025-01-23,Новосибирск,Нижний Новгород,Авиа,563.1,3,3,17586.2,В срок
SHP007632,2025-10-30,Москва,Новосибирск,Железная дорога,358.9,6,6,5567.78,В срок
SHP003330,2025-11-18,Санкт-Петербург,Екатеринбург,Железная дорога,115.8,5,9,3605.26,Задержка
SHP006872,2025-02-04,Казань,Нижний Новгород,Авто,258.3,2,2,2307.13,В срок
SHP006904,2025-09-21,Москва,Самара,Железная дорога,91.0,4,4,2971.82,В срок
SHP001909,2025-05-03,Казань,Уфа,Авто,351.6,2,5,2581.76,Задержка
SHP000789,2025-07-04,Казань,Санкт-Петербург,Авто,151.6,4,4,3450.8,В срок
SHP006129,2025-03-08,Санкт-Петербург,Уфа,Авто,323.7,5,5,5254.66,В срок
SHP007771,2025-11-23,Москва,Пермь,Железная дорога,423.0,4,4,3617.84,В срок
SHP006012,2025-01-11,Москва,Самара,Авиа,158.5,2,2,6761.95,В срок
SHP002482,2025-01-08,Москва,Ростов-на-Дону,Железная дорога,136.6,4,6,2904.57,Задержка
SHP002157,2025-04-21,Москва,Уфа,Железная дорога,117.0,4,3,3237.15,В срок
SHP005705,2025-03-05,Санкт-Петербург,Пермь,Авиа,756.2,2,2,13427.59,В срок
SHP008020,2025-12-20,Москва,Нижний Новгород,Железная дорога,229.8,3,6,2066.15,Задержка
SHP005842,2025-03-15,Москва,Казань,Авто,301.6,3,7,2885.07,Задержка
SHP001357,2025-11-28,Казань,Новосибирск,Авиа,486.0,3,3,14522.33,В срок
SHP005284,2025-11-12,Казань,Новосибирск,Авиа,53.6,3,2,12711.07,В срок
SHP002804,2025-08-07,Москва,Екатеринбург,ж/д,249.2,4,4,3348.01,В срок
SHP007813,2025-03-13,Новосибирск,Казань,Авиа,715.5,3,3,17474.35,В срок
SHP003768,2025-12-05,Санкт-Петербург,Новосибирск,Авиа,132.8,3,3,17960.44,В срок
SHP005893,2025-03-23,Казань,Новосибирск,Железная дорога,154.7,5,5,4338.08,В срок
SHP003925,2025-03-10,Санкт-Петербург,Самара,Железная дорога,319.2,4,4,3922.63,В срок
SHP007701,2025-06-06,Казань,Новосибирск,Авиа,148.8,3,3,13228.23,В срок
SHP001294,2025-04-19,Москва,Пермь,Железная дорога,99.1,4,4,2920.04,В срок
SHP006221,2025-07-08,Екатеринбург,Казань,Железная дорога,496.5,3,7,3090.21,Задержка
SHP002772,2025-10-04,Новосибирск,Уфа,АВИА,102.7,2,2,11106.6,В срок
SHP000687,2025-09-08,Новосибирск,Уфа,Железная дорога,374.8,5,5,4398.62,В срок
SHP003269,2025-04-01,Москва,Казань,Авиа,284.0,2,2,8478.46,В срок
SHP006757,2025-05-27,Москва,Екатеринбург,Авиа,153.9,2,2,11022.09,В срок
SHP008261,2025-11-02,Казань,Москва,Авто,194.9,3,3,2477.81,В срок
SHP002239,2025-05-24,Казань,Пермь,Авто,134.0,2,2,2060.96,В срок
SHP007330,2025-09-04,Санкт-Петербург,Казань,Железная дорога,180.2,4,3,3264.53,В срок
SHP007577,2025-01-30,Москва,Уфа,Авто,156.9,4,4,3597.38,В срок
SHP002282,2025-10-16,Екатеринбург,Казань,Авто,541.7,3,7,3366.33,Задержка
SHP006791,2025-04-29,Москва,Екатеринбург,Авто,410.1,4,8,5025.66,Задержка
SHP003322,2025-02-12,Москва,Ростов-на-Дону,Авиа,299.9,2,2,9180.1,В срок
SHP001602,2025-10-17,Санкт-Петербург,Новосибирск,Железная дорога,104.0,7,7,5867.41,В срок
SHP006561,2025-11-07,Екатеринбург,Ростов-на-Дону,Авиа,812.4,2,2,13429.38,В срок
SHP001689,2025-11-06,Казань,Пермь,Авиа,284.9,2,2,6347.13,В срок
SHP005651,2025-09-05,Екатеринбург,Пермь,Железная дорога,396.8,3,3,2354.25,В срок
SHP004661,2025-09-06,Новосибирск,Казань,Авиа,143.8,3,2,14392.03,В срок
SHP003088,2025-05-23,Санкт-Петербург,Екатеринбург,Железная дорога,428.0,5,4,4203.49,В срок
SHP006412,2025-06-09,Санкт-Петербург,Новосибирск,Железная дорога,294.2,7,8,5533.86,Задержка
SHP005977,2025-08-26,Екатеринбург,Ростов-на-Дону,Авто,344.4,5,4,5327.56,В срок
SHP005728,2025-03-24,Санкт-Петербург,Москва,Авиа,381.6,2,2,7957.55,В срок
SHP002437,2025-06-14,Новосибирск,Санкт-Петербург,Железная дорога,347.4,7,10,6200.33,Задержка
SHP001749,2025-04-29,Москва,Санкт-Петербург,Авто,369.5,3,3,2962.02,В срок
SHP006510,2025-09-29,Екатеринбург,Москва,Авиа,236.0,2,2,9972.97,В срок
SHP009833,2025-04-14,Москва,Ростов-на-Дону,Авиа,428.7,2,4,9040.17,Задержка
SHP004929,2025-10-05,Казань,Екатеринбург,Авто,458.1,3,6,3572.22,Задержка
SHP009734,2025-12-04,Санкт-Петербург,Пермь,Авто,195.3,4,4,4209.54,В срок
SHP000602,2025-03-07,Новосибирск,Пермь,Авто,460.6,45,5,5204.81,В срок
SHP004749,2025-04-20,Новосибирск,Ростов-на-Дону,Железная дорога,271.9,7,7,5477.11,В срок
SHP000506,2025-05-22,Москва,Пермь,Авто,78.7,4,4,3392.78,В срок
SHP000099,2025-06-18,Москва,Санкт-Петербург,Авто,147.8,3,3,2487.69,В срок
SHP008561,2025-10-11,Москва,Санкт-Петербург,Железная дорога,114.5,3,6,2335.61,Задержка
SHP005887,2025-06-16,Екатеринбург,Новосибирск,Железная дорога,195.9,4,4,3777.79,В срок
SHP006617,2025-10-19,Москва,Ростов-на-Дону,Железная дорога,699.8,4,4,3590.37,В срок
SHP008195,2025-10-26,Новосибирск,Санкт-Петербург,Железная дорога,556.5,7,6,6260.8,В срок
SHP009407,2025-12-21,Казань,Санкт-Петербург,Авиа,331.5,2,2,10291.58,В срок
SHP006311,2025-03-22,Новосибирск,Москва,Железная дорога,222.0,6,9,5196.87,Задержка
SHP000242,2025-01-19,Москва,Нижний Новгород,Авто,389.5,2,2,2718.9,В срок
SHP006346,2025-12-24,Санкт-Петербург,Ростов-на-Дону,Авиа,1012.4,2,2,14257.06,В срок
SHP004476,2025-08-19,Москва,Уфа,Авто,351.4,4,4,3649.67,В срок
SHP001074,2025-08-06,Санкт-Петербург,Москва,Авиа,72.1,2,2,6282.33,В срок
SHP005923,2025-09-05,Москва,Нижний Новгород,Авиа,509.3,2,2,6828.96,В срок
SHP009687,2025-08-17,Новосибирск,Самара,Авиа,398.8,3,3,14380.22,В срок
SHP004699,2025-07-04,Москва,Пермь,Авиа,126.3,2,2,8196.2,В срок
SHP009159,2025-09-21,Москва,Ростов-на-Дону,Авто,553.4,3,6,4180.49,Задержка
SHP003430,2025-08-09,Новосибирск,Самара,Железная дорога,331.5,5,5,5160.77,В срок
SHP007032,2025-11-22,Санкт-Петербург,Уфа,Авто,105.9,5,5,4421.5,В срок
SHP002216,2025-03-09,Новосибирск,Санкт-Петербург,Авиа,121.4,3,3,16472.61,В срок
SHP002586,2025-07-15,Екатеринбург,Самара,Авто,96.0,3,3,2651.44,В срок
SHP008017,2025-12-28,Санкт-Петербург,Самара,Железная дорога,47.6,4,6,3398.72,Задержка
SHP007667,2025-07-07,Екатеринбург,Нижний Новгород,Железная дорога,806.6,4,3,3995.12,В срок
SHP003236,2025-07-05,Новосибирск,Екатеринбург,Авто,819.8,4,8,5016.74,Задержка
SHP000726,2025-06-21,Москва,Новосибирск,Железная дорога,320.4,6,6,5971.06,В срок
SHP003847,2025-10-07,Екатеринбург,Санкт-Петербург,Железная дорога,179.2,5,6,3834.93,Задержка
SHP008554,2025-07-31,Санкт-Петербург,Новосибирск,Железная дорога,995.4,7,7,6932.71,В срок
SHP001747,2025-05-27,Москва,Самара,Железная дорога,533.2,4,4,3121.53,В срок
SHP008153,2025-10-24,Москва,Ростов-на-Дону,Авто,227.1,3,3,3136.68,В срок
SHP005888,2025-01-13,Санкт-Петербург,Новосибирск,Железная дорога,104.3,7,7,5817.67,В срок
SHP009118,2025-04-18,Москва,Ростов-на-Дону,Авиа,479.0,2,2,8941.91,В срок
SHP009437,2025-07-14,Москва,Уфа,Авто,321.0,4,4,4406.66,В срок
SHP008504,2025-01-24,Москва,Новосибирск,Железная дорога,609.0,6,7,5777.27,Задержка
SHP001082,2025-03-27,Екатеринбург,Нижний Новгород,Авто,602.7,3,3,4916.0,В срок
SHP003576,2025-09-04,Санкт-Петербург,Нижний Новгород,Авто,177.8,3,3,3159.35,В срок
SHP007721,2025-11-13,Москва,Новосибирск,АВИА,132.5,3,2,15710.2,В срок
SHP000732,2025-06-30,Санкт-Петербург,Москва,Авиа,459.4,2,2,7177.75,В срок
SHP007450,2025-09-30,Санкт-Петербург,Москва,Железная дорога,258.7,3,3,2699.99,В срок
SHP009773,2025-09-29,Новосибирск,Казань,Авиа,238.6,3,7,13158.44,Задержка
SHP000581,2025-05-20,Москва,Самара,Железная дорога,108.7,4,4,2526.96,В срок
SHP004131,2025-07-13,Санкт-Петербург,Москва,Авто,1112.9,3,3,4314.77,В срок
SHP005539,2025-09-15,Санкт-Петербург,Новосибирск,Авто,1528.9,7,7,10153.26,В срок
SHP008313,2025-02-12,Москва,Санкт-Петербург,Авто,747.1,3,3,3956.95,В срок
SHP007719,2025-09-14,Санкт-Петербург,Москва,Авто,288.8,3,3,2610.92,В срок
SHP003673,2025-06-14,Санкт-Петербург,Екатеринбург,Железная дорога,307.0,5,5,4351.36,В срок
SHP003976,2025-01-26,Москва,Санкт-Петербург,Авиа,445.3,2,2,7863.3,В срок
SHP005351,2025-08-19,Санкт-Петербург,Москва,Авто,192.9,3,5,2634.35,Задержка
SHP002106,2025-12-29,Новосибирск,Пермь,Авто,204.8,5,5,4053.41,В срок
SHP002603,2025-12-24,Казань,Новосибирск,Авиа,496.8,3,5,14751.36,Задержка
SHP003927,2025-09-09,Казань,Уфа,Авто,1198.5,2,2,4312.11,В срок
SHP004180,2025-11-04,Москва,Екатеринбург,Авиа,170.2,2,2,8887.68,В срок
SHP002087,2025-08-16,Казань,Новосибирск,Авиа,224.2,3,3,14729.97,В срок
SHP009485,2025-04-24,Санкт-Петербург,Самара,Авиа,207.7,2,2,9552.33,В срок
SHP008240,2025-03-25,Санкт-Петербург,Новосибирск,Железная дорога,761.4,7,7,7638.66,В срок
SHP002721,2025-05-09,Санкт-Петербург,Пермь,Железная дорога,455.9,5,5,4120.32,В срок
SHP008101,2025-11-16,Москва,Казань,Авто,212.0,3,3,2346.85,В срок
SHP003515,2025-07-04,Москва,Санкт-Петербург,Авто,294.8,3,3,-100.0,В срок
SHP009007,2025-09-04,Санкт-Петербург,Москва,Железная дорога,150.0,3,3,2451.51,В срок
SHP005749,2025-03-31,Санкт-Петербург,Москва,Авто,321.2,3,3,2867.54,В срок
SHP002978,2025-05-12,Новосибирск,Уфа,Авиа,96.7,2,2,11631.77,В срок
SHP003256,2025-10-23,Москва,Новосибирск,Железная дорога,146.1,6,6,5393.87,В срок
SHP001156,2025-11-22,Санкт-Петербург,Казань,Авто,392.9,4,4,4123.18,В срок
SHP005058,2025-03-03,Москва,Пермь,Авиа,114.0,2,2,10179.73,В срок
SHP002141,2025-07-07,Казань,Санкт-Петербург,Авто,1156.5,4,4,6501.57,В срок
SHP001059,2025-10-01,Екатеринбург,Казань,Авто,80.3,3,3,2508.71,В срок
SHP001313,2025-02-18,Москва,Ростов-на-Дону,Авто,79.3,3,6,2508.39,Задержка
SHP009291,2025-12-25,Санкт-Петербург,Самара,Авиа,425.7,2,2,10255.74,В срок
SHP008862,2025-07-22,Москва,Пермь,Авто,346.9,4,4,3478.54,В срок
SHP006290,2025-06-24,Москва,Нижний Новгород,Авто,138.2,2,2,1938.53,В срок
SHP007290,2025-11-08,Москва,Казань,Авто,344.7,3,2,3074.66,В срок
SHP003834,2025-10-29,Москва,Новосибирск,Авиа,122.8,3,7,16097.96,Задержка
SHP009515,2025-02-01,Москва,Казань,Авто,398.7,3,3,3021.66,В срок
SHP008182,2025-07-18,Санкт-Петербург,Москва,Авто,1800.0,3,3,6352.46,В срок
SHP000780,2025-11-16,Санкт-Петербург,Казань,Авто,129.0,4,4,3435.06,В срок
SHP003890,2025-11-09,Москва,Ростов-на-Дону,Железная дорога,323.6,4,4,3217.42,В срок
SHP006490,2025-09-23,Екатеринбург,Санкт-Петербург,Железная дорога,218.8,5,5,4132.39,В срок
SHP003650,2025-10-19,Санкт-Петербург,Уфа,Авто,274.2,5,5,4812.6,В срок
SHP007477,2025-06-10,Москва,Самара,Авто,410.0,3,3,3103.94,В срок
SHP003079,2025-01-20,Новосибирск,Пермь,Авиа,262.0,2,4,12888.32,Задержка
SHP000475,2025-01-16,Москва,Ростов-на-Дону,Железная дорога,483.0,4,3,3637.92,В срок
SHP006468,2025-10-05,Москва,Самара,Авиа,440.7,2,6,9656.65,Задержка
SHP003111,2025-10-26,Екатеринбург,Самара,Авто,144.6,3,2,2754.65,В срок
SHP001274,2025-12-04,Санкт-Петербург,Пермь,Авто,109.5,4,4,3919.33,В срок
SHP003959,2025-10-01,Москва,Санкт-Петербург,Авто,44.4,3,2,2160.48,В срок
SHP009859,2025-09-29,Казань,Нижний Новгород,Авиа,152.6,2,6,5052.19,Задержка
SHP003502,2025-09-24,Екатеринбург,Новосибирск,Авиа,222.2,2,2,9831.73,В срок
SHP002212,2025-06-14,Казань,Екатеринбург,Железная дорога,248.4,3,3,2787.35,В срок
SHP008484,2025-10-03,Москва,Екатеринбург,Авто,302.5,4,8,4582.48,Задержка
SHP000590,2025-06-26,Москва,Самара,Авто,325.5,3,3,2821.45,В срок
SHP007699,2025-05-06,Санкт-Петербург,Уфа,Авто,188.1,5,5,4422.04,В срок
SHP007323,2025-06-30,Казань,Екатеринбург,Железная дорога,720.5,3,2,3676.95,В срок
SHP001844,2025-11-04,Казань,Нижний Новгород,Авто,387.5,2,3,2593.57,Задержка
SHP003862,2025-03-09,Казань,Екатеринбург,Авто,161.7,3,3,2528.48,В срок
SHP009763,2025-08-27,Казань,Екатеринбург,Авто,79.4,3,3,2721.37,В срок
SHP007664,2025-04-29,Санкт-Петербург,Екатеринбург,Авиа,561.4,2,2,14089.34,В срок
SHP004475,2025-04-02,Москва,Пермь,Авто,247.1,4,6,3591.95,Задержка
SHP003604,2025-09-30,Москва,Санкт-Петербург,Авто,146.5,3,3,2448.63,В срок
SHP009867,2025-01-15,Екатеринбург,Новосибирск,Железная дорога,389.5,4,4,4336.58,В срок
SHP005231,2025-10-13,Москва,Уфа,Железная дорога,241.0,4,4,3521.13,В срок
SHP002643,2025-07-02,Казань,Пермь,Авто,191.1,2,2,2303.89,В срок
SHP009664,2025-08-18,Москва,Казань,Авто,128.1,3,3,2787.89,В срок
SHP008830,2025-03-28,Новосибирск, екатеринбург,Авто,119.2,4,4,3694.72,В срок
SHP002895,2025-11-28,Санкт-Петербург,Пермь,Авто,214.0,4,4,4250.33,В срок
SHP002146,2025-05-25,Санкт-Петербург,Новосибирск,Авиа,317.0,3,3,18125.98,В срок
SHP006289,2025-07-10,Казань,Москва,Авто,175.1,3,7,2951.15,Задержка
SHP007944,2025-03-29,Санкт-Петербург,Уфа,Авто,174.8,5,4,4162.01,В срок
SHP003080,2025-08-28,Казань,Екатеринбург,Авто,209.9,3,2,3246.38,В срок
SHP006643,2025-05-25,Казань,Ростов-на-Дону,Авиа,123.4,2,2,9852.46,В срок
SHP004803,2025-12-31,Москва,Новосибирск,Авто,208.4,7,11,6007.59,Задержка
SHP005256,2025-10-15,Новосибирск,Ростов-на-Дону,Железная дорога,197.7,7,7,5948.04,В срок
SHP004014,2025-04-17,Екатеринбург,Уфа,Железная дорога,420.0,3,3,2606.06,В срок
SHP009861,2025-01-22,Казань,Самара,Авто,345.0,2,2,2537.21,В срок
SHP007670,2025-10-13,Москва,Нижний Новгород,Железная дорога,479.9,3,3,2956.14,В срок
SHP000536,2025-04-06,Москва,Нижний Новгород,Авто,377.2,2,2,2375.75,В срок
SHP006849,2025-09-21,Казань,Пермь,Авто,430.7,2,2,3305.44,В срок
SHP003636,2025-02-04,Екатеринбург,Пермь,Авиа,352.9,2,2,5741.64,В срок
SHP004974,2025-08-17,Москва,Казань,Авто,148.2,3,3,2759.13,В срок
SHP005585,2025-03-20,Новосибирск,Ростов-на-Дону,Железная дорога,400.1,7,6,6442.35,В срок
SHP004123,2025-05-04,Новосибирск,Москва,Авиа,104.5,3,3,16117.23,В срок
SHP003359,2025-08-08,Санкт-Петербург,Новосибирск,Железная дорога,182.8,7,7,6442.11,В срок
SHP001654,2025-02-21,Казань,Самара,Авто,187.6,2,2,2000.63,В срок
SHP007618,2025-07-08,Казань,Нижний Новгород,Авто,74.9,2,2,1618.91,В срок
SHP000664,2025-09-04,Новосибирск,Уфа,Авто,648.1,5,5,5568.71,В срок
SHP007926,2025-08-10,Казань,Ростов-на-Дону,Железная дорога,110.9,4,4,3001.31,В срок
SHP005980,2025-03-25,Новосибирск,Самара,Авиа,151.6,3,2,12835.25,В срок
SHP000159,2025-06-11,Санкт-Петербург,Казань,Авто,1282.3,4,4,5386.45,В срок
SHP006934,2025-10-07,Москва,Нижний Новгород,Авто,129.7,2,5,2047.6,Задержка
SHP000176,2025-11-18,Санкт-Петербург,Пермь,Железная дорога,342.0,5,5,3629.75,В срок
SHP008065,2025-08-19,Екатеринбург,Самара,Авто,400.6,3,2,3401.2,В срок
SHP004533,2025-02-20,Екатеринбург,Москва,Авто,156.1,4,5,3757.18,Задержка
SHP004256,2025-01-27,Новосибирск,Пермь,Авто,68.2,5,6,4159.82,Задержка
SHP009488,2025-12-14,Москва,Екатеринбург,Железная дорога,324.3,4,4,3339.9,В срок
SHP000892,2025-03-09,Москва,Пермь,Железная дорога,468.4,4,4,3682.36,В срок
SHP001103,2025-09-09,Новосибирск,Самара,Железная дорога,289.7,5,4,4157.47,В срок
SHP009030,2025-10-01,Москва,Самара,Железная дорога,278.3,4,4,,В срок
SHP000580,2025-02-11,Москва,Уфа,Железная дорога,213.5,4,3,3543.06,В срок
SHP008477,2025-01-20,Казань,Пермь,Железная дорога,807.7,3,3,3231.22,В срок
SHP000548,2025-03-29,Москва,Санкт-Петербург,Авто,854.0,3,3,,В срок
SHP005760,2025-03-18,Москва,Казань,Авто,376.9,3,3,3082.33,В срок
SHP009190,2025-01-14,Москва,Самара,,524.6,4,4,3808.83,В срок
SHP001513,2025-12-26,Санкт-Петербург,Пермь,Железная дорога,457.5,5,4,4180.48,В срок
SHP004129,2025-06-16,Санкт-Петербург,Екатеринбург,Авто,280.8,5,5,4899.77,В срок
SHP005756,2025-12-26,Москва,Екатеринбург,Железная дорога,483.9,4,4,4395.64,Задержка
SHP008027,2025-06-03,Москва,Пермь,Авиа,183.0,2,3,8837.78,Задержка
SHP003050,2025-03-09,Москва,Казань,Железная дорога,225.0,3,3,2867.21,В срок
SHP009228,2025-07-09,Москва,Самара,Авиа,113.8,2,2,7430.14,В срок
SHP002843,2025-07-07,Москва,Ростов-на-Дону,Авто,534.0,3,3,3893.99,В срок
SHP004101,2025-10-01,Москва,Екатеринбург,Авто,1011.1,4,4,6262.75,В срок
SHP006085,2025-06-04,Москва,Ростов-на-Дону,Железная дорога,289.0,4,4,3116.82,В срок
SHP003864,2025-12-13,Екатеринбург,Ростов-на-Дону,Авиа,252.9,2,2,12362.38,В срок
SHP009421,2025-02-23,Москва,Уфа,Авто,538.4,4,4,4191.75,В срок
SHP000372,2025-07-15,Санкт-Петербург,Екатеринбург,Авто,61.5,5,5,4106.34,В срок
SHP003174,2025-11-13,Новосибирск,Ростов-на-Дону,Железная дорога,207.0,7,7,6095.57,В срок
SHP006046,2025-07-29,Новосибирск,Уфа,Авиа,253.1,2,2,11805.95,В срок
SHP002891,2025-07-18,Санкт-Петербург,Новосибирск,Авиа,291.7,3,3,18295.47,В срок
SHP004300,2025-02-27,Казань,Санкт-Петербург,Железная дорога,39.6,4,7,2988.13,Задержка
SHP000857,2025-04-10,Москва,Самара,Железная дорога,234.1,4,4,2674.27,В срок
SHP001835,2025-06-17,Санкт-Петербург,Самара,Железная дорога,170.4,4,4,3491.17,В срок
SHP006381,2025-11-30,Москва,Ростов-на-Дону,Авто,84.9,3,2,3113.49,В срок
SHP008008,2025-08-09,Санкт-Петербург,Пермь,Авто,139.1,4,4,3969.33,В срок
SHP006916,2025-04-30,Санкт-Петербург,Уфа,Авто,178.2,5,5,4570.73,В срок
SHP000946,2025-06-25,Казань,Уфа,Железная дорога,326.5,3,4,1978.58,Задержка
SHP005769,2025-09-17,Екатеринбург,Санкт-Петербург,Авиа,476.9,2,2,12720.62,В срок
SHP004737,2025-07-07,Москва,Санкт-Петербург,Авто,251.0,3,3,2573.71,В срок
SHP004553,2025-05-01,Екатеринбург,Уфа,Железная дорога,181.9,3,3,2263.91,В срок
SHP001234,2025-04-27,Москва,Нижний Новгород,Авто,167.4,2,3,2079.35,задержано
SHP003815,2025-09-01,Екатеринбург,Нижний Новгород,Авиа,171.1,2,2,7499.16,В срок
SHP000579,2025-05-04,Казань,Санкт-Петербург,Железная дорога,512.8,4,6,4345.98,Задержка
SHP004799,2025-07-09,Новосибирск,Москва,Железная дорога,137.6,6,7,5659.42,Задержка
SHP009233,2025-10-27,Москва,Нижний Новгород,Авто,207.6,2,5,2245.12,Задержка
SHP008701,2025-02-22,Москва,Санкт-Петербург,Авто,372.9,3,6,2952.35,Задержка
SHP003328,2025-02-04,Екатеринбург,Ростов-на-Дону,Авиа,331.9,2,2,12680.89,В срок
SHP005115,2025-02-04,Новосибирск,Санкт-Петербург,Авиа,427.8,3,3,21246.25,В срок
SHP009757,2025-05-28,Екатеринбург,Самара,Авто,339.6,3,3,3287.59,В срок
SHP000217,2025-01-09,Казань,Пермь,Железная дорога,154.2,3,3,2487.69,В срок
SHP006642,2025-02-12,Екатеринбург,Москва,Железная дорога,155.6,4,4,3729.79,В срок
SHP007258,2025-02-26,Екатеринбург,Санкт-Петербург,Авто,218.8,5,5,4978.9,В срок
SHP006723,2025-10-09,Санкт-Петербург,Екатеринбург,Авто,363.0,5,5,5194.47,В срок
SHP007352,2025-02-07,Москва,Самара,Железная дорога,319.2,4,4,3055.07,В срок
SHP002231,2025-11-28,Москва,Самара,Авто,64.9,3,7,2628.83,Задержка
SHP001595,2025-02-09,Москва,Казань,Авто,352.3,3,3,3201.19,В срок
SHP000245,2025-10-25,Москва,Уфа,Авто,227.2,4,4,3475.71,В срок
SHP001070,2025-07-15,Казань,Самара,Железная дорога,269.6,3,2,2070.72,В срок
SHP006165,2025-04-14,Москва,Новосибирск,Железная дорога,486.6,6,6,5937.68,В срок
SHP003409,2025-07-04,Новосибирск,Москва,Авиа,186.1,3,2,14975.14,В срок
SHP009231,2025-01-29,Москва,Уфа,Авто,298.0,4,5,4090.16,Задержка
SHP008414,2025-07-25,Казань,Москва,Авто,52.7,3,3,2525.71,В срок
SHP002918,2025-11-04,Москва,Самара,Железная дорога,414.3,4,5,2861.48,Задержка
SHP003731,2025-04-11,Санкт-Петербург,Москва,Железная дорога,670.9,3,5,3159.53,Задержка
SHP005141,2025-11-04,Москва,Казань,Авто,137.5,3,3,2654.14,В срок
SHP001128,2025-01-02,Екатеринбург,Уфа,Железная дорога,86.8,3,3,2209.13,В срок
SHP008064,2025-03-13,Москва,Казань,Авто,667.7,3,3,3896.7,В срок
SHP004471,30.07.2025,Москва,Санкт-Петербург,Железная дорога,359.7,3,2,3370.34,В срок
SHP003886,2025-08-24,Москва,Уфа,Авиа,792.0,2,2,10879.35,В срок
SHP000084,2025-02-20,Москва,Ростов-на-Дону,Авто,178.4,3,4,2959.43,Задержка
SHP004486,2025-03-30,Москва,Ростов-на-Дону,Железная дорога,412.4,4,6,2835.46,Задержка
SHP004360,2025-03-06,Санкт-Петербург,Самара,Авиа,508.8,2,2,13117.49,В срок
SHP003297,2025-09-14,Казань,Москва,Авиа,289.9,2,1,8078.0,В срок
SHP008626,2025-08-05,Москва,Уфа,Железная дорога,300.6,4,8,3481.47,Задержка
SHP002894,2025-05-18,Казань,Санкт-Петербург,Железная дорога,186.5,4,3,3326.29,В срок
SHP007351,2025-07-14,Москва,Самара,Железная дорога,330.7,4,4,3458.88,В срок
SHP004030,2025-08-06,Новосибирск,Уфа,Авто,187.1,5,5,4547.46,В срок
SHP003260,2025-10-23,Санкт-Петербург,Пермь,Железная дорога,258.5,5,5,3771.06,В срок
SHP004418,2025-09-27,Екатеринбург,Казань,Железная дорога,419.0,3,3,3354.8,В срок
SHP004786,2025-11-20,Казань,Санкт-Петербург,Авто,238.2,4,4,3642.42,В срок
SHP003239,2025-04-26,Москва,Ростов-на-Дону,Авиа,408.3,2,2,9204.89,В срок
SHP001758,2025-07-27,Москва,Новосибирск,Железная дорога,506.1,6,6,5440.43,В срок
SHP008034,2025-05-06,Новосибирск,Казань,Авиа,445.6,3,3,15920.66,В срок
SHP005084,2025-02-13,Москва,Казань,Авто,97.1,3,3,2659.94,В срок
SHP000600,2025-11-21,Москва,Санкт-Петербург,Железная дорога,137.1,3,7,2468.73,Задержка
SHP008019,2025-04-13,Москва,Казань,Железная дорога,631.6,3,2,3146.24,В срок
SHP005661,2025-05-26,Москва,Самара,Железная дорога,154.3,4,4,2765.9,В срок
SHP005564,12.09.2025,Москва,Новосибирск,Авто,730.6,7,7,7394.51,В срок
SHP005248,2025-06-29,Санкт-Петербург,Екатеринбург,Железная дорога,947.2,5,5,6172.7,В срок
SHP005670,2025-04-09,Казань,Ростов-на-Дону,Железная дорога,370.2,4,4,3419.18,В срок
SHP002155,2025-03-22,Москва,Казань,Авто,,3,3,3492.5,В срок
SHP000533,2025-10-26,Москва,Нижний Новгород,Авто,445.9,2,2,3079.62,В срок
SHP005095,2025-11-20,Москва,Екатеринбург,Авиа,568.1,2,2,11823.35,В срок
SHP005225,2025-05-25,Москва,Санкт-Петербург,Авто,78.4,3,7,,Задержка
SHP008329,2025-07-26,Москва,Екатеринбург,Железная дорога,438.2,4,4,4059.54,В срок
SHP005446,2025-09-12,Москва,Нижний Новгород,Железная дорога,92.7,3,3,2354.66,В срок
SHP001235,2025-10-11,Новосибирск,Санкт-Петербург,Авто,1260.5,7,7,9664.86,В срок
SHP008956,2025-09-01,Санкт-Петербург,Пермь,Железная дорога,254.1,5,6,3287.82,Задержка
SHP006606,2025-08-26,Москва,Казань,Авиа,281.9,2,2,7867.03,В срок
SHP005072,2025-05-12,Москва,Новосибирск,Авиа,170.3,3,3,15546.16,В срок
SHP009855,2025-12-17,Москва,Нижний Новгород,Авто,189.2,2,2,1880.1,В срок
SHP009951,2025-06-28,Казань,Пермь,Авто,113.9,2,1,2276.35,В срок
SHP002957,2025-03-05,Екатеринбург,Уфа,Авто,169.7,2,2,2061.6,В срок
SHP008334,2025-12-01,Москва,Екатеринбург,Железная дорога,441.2,4,4,3166.94,В срок
SHP000945,2025-04-28,Екатеринбург,Нижний Новгород,Железная дорога,266.1,4,4,3471.22,В срок
SHP000864,2025-01-22,Москва,Нижний Новгород,Железная дорога,158.2,3,3,2218.06,В срок
SHP004803,2025-12-31,Москва,Новосибирск,Авто,208.4,7,11,6007.59,Задержка
SHP009210,2025-09-20,Москва,Уфа,Железная дорога,127.0,4,4,3151.39,В срок
SHP004082,2025-02-14,Москва,Нижний Новгород,авто ,266.9,2,2,2185.91,В срок
SHP007766,2025-12-04,Москва,Казань,Авто,796.6,3,2,4186.45,В срок
SHP008853,2025-03-08,Казань,Новосибирск,Авиа,208.6,3,5,12753.91,Задержка
SHP008145,2025-05-12,Санкт-Петербург,Пермь,Авто,155.8,4,4,3594.9,В срок
SHP001314,2025-05-21,Москва,Екатеринбург,Железная дорога,685.5,4,3,4557.56,В срок
SHP008112,2025-11-07,Санкт-Петербург,Ростов-на-Дону,Авиа,592.3,2,2,13183.1,В срок
SHP008183,2025-06-09,Москва,Казань,Железная дорога,103.5,3,3,2445.6,В срок
SHP007661,2025-04-18, екатеринбург,Новосибирск,Железная дорога,404.7,4,4,3804.68,В срок
SHP009245,2025-02-17,Новосибирск,Ростов-на-Дону,Железная дорога,451.3,7,6,6212.78,В срок
SHP008803,2025-06-03,Москва,Самара,Железная дорога,405.6,4,4,3168.79,В срок
SHP004670,2025-12-29,Санкт-Петербург,Пермь,Авиа,50000.0,2,1,10743.86,В срок
SHP008235,2025-07-13,Москва,Нижний Новгород,Авто,291.4,2,2,2292.91,В срок
SHP001286,2025-10-02,Казань,Новосибирск,Авиа,238.8,3,3,14563.14,В срок
SHP003181,2025-05-13,Москва,Нижний Новгород,Авто,1522.7,2,1,5458.58,В срок
SHP005801,2025-01-26,Новосибирск,Самара,Авиа,188.2,3,2,12023.23,В срок
SHP007400,2025-09-19,Москва,Казань,Авто,481.0,3,3,3347.95,В срок
SHP002501,2025-09-20,Казань,Екатеринбург,Авто,275.2,3,3,2971.94,В срок
SHP006014,2025-02-01,Казань,Самара,Авто,67.6,2,2,1588.09,В срок
SHP004727,2025-08-02,Санкт-Петербург,Новосибирск,Авто,429.7,7,11,7783.81,Задержка
SHP004058,2025-12-30,Новосибирск,Уфа,Авто,147.3,5,5,4414.86,В срок
SHP008945,2025-09-11,Москва,Новосибирск,Авто,212.3,7,7,7262.54,В срок
SHP003865,2025-01-25,Новосибирск,Уфа,Железная дорога,192.3,5,6,3784.18,Задержка
SHP004757,2025-04-05,Санкт-Петербург,Москва,Железная дорога,181.2,3,6,2477.09,Задержка
SHP006845,2025-11-06,Новосибирск,Самара,Авто,359.3,6,6,6084.71,В срок
SHP002581,2025-02-24,Санкт-Петербург,Москва,Авиа,652.1,2,2,8930.52,В срок
SHP007644,2025-12-11,Москва,Санкт-Петербург,Авто,131.4,3,3,2364.13,В срок
SHP008151,2025-03-13,Москва,Самара,Авто,1267.8,3,3,5147.78,В срок
SHP001953,2025-06-10,Казань,Ростов-на-Дону,Авто,686.1,4,4,4917.9,В срок
SHP004188,2025-12-27,Казань,Нижний Новгород,Авто,456.7,2,2,2587.13,В срок
SHP006044,2025-04-12,Москва,Пермь,Авиа,376.2,2,2,9741.32,В срок
SHP008597,2025-03-29,Санкт-Петербург,Пермь,Железная дорога,258.4,5,5,3688.08,В срок
SHP005235,2025-12-27,Москва,Ростов-на-Дону,Железная дорога,389.7,4,5,3314.06,Задержка
SHP000509,2025-11-13,Казань,Нижний Новгород,Железная дорога,257.5,3,4,2347.81,Задержка
SHP003601,2025-08-29,Новосибирск,Санкт-Петербург,Авиа,111.3,3,3,18859.9,В срок
SHP006604,2025-04-18,Казань,Санкт-Петербург,Авто,194.3,4,4,3381.8,В срок
SHP009284,2025-11-16,Новосибирск,Уфа,Железная дорога,135.0,5,5,4008.75,В срок
SHP003100,2025-03-30,Новосибирск,Пермь,Авиа,204.4,2,2,10713.93,В срок
SHP005330,2025-05-28,Москва,Пермь,Авиа,412.5,2,2,9417.5,В срок
SHP002950,2025-01-09,Москва,Санкт-Петербург,Авто,157.5,3,5,2326.84,Задержка
SHP003634,2025-11-10,Екатеринбург,Ростов-на-Дону,Авиа,216.9,2,2,12148.77,В срок
SHP004156,2025-01-02,Москва,Казань,Авиа,70.7,2,2,6431.8,В срок
SHP000812,2025-04-22,Казань,Новосибирск,Авиа,286.2,3,2,14086.61,В срок
SHP005853,2025-02-10,Екатеринбург,Ростов-на-Дону,Авто,42.8,5,9,3841.86,Задержка
SHP008774,2025-04-27,Москва,Екатеринбург,Железная дорога,202.7,4,6,3950.31,Задержка
SHP009264,2025-07-22,Москва,Нижний Новгород,Железная дорога,530.7,3,3,2926.27,В срок
SHP001660,2025-05-29,Екатеринбург,Самара,Авиа,140.6,2,2,6893.61,В срок
SHP006978,2025-05-14,Санкт-Петербург,Нижний Новгород,Авиа,,2,2,8776.11,В срок
SHP001903,2025-12-13,Казань,Уфа,Авто,161.8,2,2,2024.35,В срок
SHP007784,2025-04-20,Москва,Казань,,129.2,3,3,2920.33,В срок
SHP004850,2025-12-16,Москва,Новосибирск,Авто,476.4,7,7,7494.14,В срок
SHP006492,2025-01-21,Москва,Ростов-на-Дону,Авиа,208.9,2,2,9466.92,В срок
SHP007259,2025-02-28,Москва,Екатеринбург,Авто,935.8,4,4,5995.55,В срок
SHP009401,2025-03-15,Санкт-Петербург,Новосибирск,Железная дорога,222.0,7,7,5450.67,В срок
SHP005908,2025-12-05,Санкт-Петербург,Екатеринбург,Авто,516.3,5,5,5249.33,Задержка
SHP007651,2025-03-01,Екатеринбург,Пермь,Авто,194.1,2,2,2207.17,В срок
SHP005236,2025-10-19,Казань,Самара,Авто,331.8,2,2,2362.97,В срок
SHP002593,2025-08-22,Новосибирск,Екатеринбург,Железная дорога,638.5,4,4,4248.04,В срок
SHP005693,2025-01-24,Новосибирск,Казань,Авто,245.0,6,10,5661.81,Задержка
SHP008494,10.01.2025,Санкт-Петербург,Ростов-на-Дону,Железная дорога,291.7,5,5,3457.47,В срок
SHP005371,2025-08-03,Москва,Екатеринбург,Авиа,175.3,2,2,11787.76,В срок
SHP002917,2025-03-25,Санкт-Петербург,Екатеринбург,Авто,288.7,5,5,5042.87,В срок
SHP009857,2025-01-05,Москва,Новосибирск,Железная дорога,214.2,6,8,5223.24,Задержка
SHP007419,2025-11-15,Новосибирск,Казань,Железная дорога,107.0,5,5,4920.34,В срок
SHP009067,2025-05-18,Екатеринбург,Ростов-на-Дону,Железная дорога,1478.5,5,5,6536.57,В срок
SHP001303,2025-09-04,Новосибирск,Казань,Железная дорога,691.9,5,9,5418.2,Задержка
SHP003708,2025-02-14,Санкт-Петербург,Нижний Новгород,Железная дорога,60.6,4,4,2954.25,В срок
SHP000090,2025-10-24,Новосибирск,Пермь,Авто,143.3,5,6,4233.88,Задержка
SHP009550,2025-12-09,Москва,Самара,Железная дорога,408.5,4,3,3126.1,В срок
SHP003395,2025-11-22,Санкт-Петербург,Самара,Авто,184.5,4,4,4093.87,В срок
SHP008472,2025-10-28,Екатеринбург,Москва,Авиа,151.3,2,2,10169.05,В срок
SHP000487,2025-07-22,Москва,Нижний Новгород,Авто,676.8,2,2,3415.8,В срок
SHP001438,2025-11-15,Новосибирск,Казань,Авиа,170.2,3,3,14520.27,В срок
SHP008475,2025-11-11,Санкт-Петербург,Москва,Авто,375.9,3,6,3135.22,Задержка
SHP008221,2025-03-06,Москва,Нижний Новгород,Авто,296.2,2,3,2397.13,Задержка
SHP000380,2025-04-18,Москва,Уфа,Железная дорога,72.0,4,7,3085.32,Задержка
SHP003962,12.08.2025,Екатеринбург,Санкт-Петербург,Железная дорога,206.1,5,5,3959.66,В срок
SHP002362,2025-04-15,Новосибирск,Казань,Авиа,293.6,3,3,14344.75,В срок
SHP001590,2025-10-19,Москва,Самара,Авто,1009.1,3,5,5273.21,Задержка
SHP004100,2025-06-24,Екатеринбург,Уфа,Авиа,583.1,2,2,999999.0,В срок
SHP007372,2025-04-06,Санкт-Петербург,Казань,Железная дорога,139.3,4,4,2824.03,В срок
SHP000257,2025-01-25,Санкт-Петербург,Самара,Железная дорога,426.7,4,5,3657.53,Задержка
SHP003498,2025-07-24,Санкт-Петербург,Уфа,Железная дорога,216.3,5,4,3281.16,В срок
SHP003689,2025-09-10,Санкт-Петербург,Новосибирск,Железная дорога,170.0,7,7,6315.61,В срок
SHP002208,2025-05-23,Москва,Нижний Новгород,Авиа,464.1,2,2,7258.4,В срок
SHP006111,2025-04-07,Екатеринбург,Уфа,Авто,94.3,2,2,1697.08,В срок
SHP008522,2025-10-08,Москва,Уфа,Железная дорога,325.0,4,8,2893.02,Задержка
SHP008339,2025-09-01,Санкт-Петербург,Пермь,Авто,313.6,4,4,4339.76,В срок
SHP008225,2025-08-14,Москва,Новосибирск,Авиа,136.8,3,3,14305.34,В срок
SHP004304,2025-10-18,Екатеринбург,Санкт-Петербург,Железная дорога,297.4,5,5,4234.58,В срок
SHP004184,2025-06-10,Санкт-Петербург,Уфа,Железная дорога,272.7,5,5,4483.03,В срок
SHP004777,2025-11-28,Москва,Пермь,Железная дорога,302.9,4,4,3658.47,В срок
SHP004875,2025-06-05,Новосибирск,Казань,Железная дорога,413.7,5,5,4271.23,В срок
SHP001707,2025-05-18,Екатеринбург,Уфа,Авто,418.3,2,2,2564.21,В срок
SHP001713,2025-04-30,Москва,Пермь,Авто,387.0,4,4,3949.98,В срок
SHP005546,2025-07-13,Новосибирск,Уфа,Авто,58.5,5,5,4260.02,В срок
SHP008602,2025-07-20,Москва,Ростов-на-Дону,Авиа,84.3,2,1,7596.24,В срок
SHP006263,2025-03-06,Екатеринбург,Санкт-Петербург,Железная дорога,133.0,5,5,4028.19,В срок
SHP001355,2025-05-23,Санкт-Петербург,Екатеринбург,Авто,195.3,5,5,4843.03,В срок
SHP007923,2025-07-15,Новосибирск,Ростов-на-Дону,Железная дорога,254.1,7,7,5252.04,В срок
SHP007021,2025-06-27,Санкт-Петербург,Казань,Железная дорога,103.4,4,4,3231.04,В срок
SHP007397,2025-11-25,Москва,Ростов-на-Дону,Железная дорога,908.4,4,8,4365.67,Задержка
SHP004154,2025-06-10,Казань,уфа ,Авто,526.7,2,2,2970.16,В срок
SHP000133,2025-01-22,Казань,Санкт-Петербург,Железная дорога,348.5,4,3,3510.0,В срок
SHP003034,2025-08-14,Москва,Екатеринбург,Авто,1765.8,4,7,7207.39,Задержка
SHP001607,2025-11-16,Казань,Ростов-на-Дону,Авиа,742.7,2,2,11895.52,В срок
SHP008613,2025-10-19,Екатеринбург,Москва,Авто,372.6,4,4,5165.56,В срок
SHP007409,2025-09-25,Москва,Казань,Авиа,376.0,2,2,7578.5,В срок
SHP004332,2025-12-24,Москва,Ростов-на-Дону,Авиа,302.3,2,2,9575.31,В срок
SHP004087,2025-01-14,Санкт-Петербург,Пермь,Авто,335.7,4,4,3816.14,В срок
SHP008969,2025-05-03,Москва,Нижний Новгород,Авто,298.6,2,2,2818.95,В срок
SHP009743,2025-02-24,Екатеринбург,Нижний Новгород,Железная дорога,183.6,4,3,2931.87,В срок
SHP000437,2025-06-08,Санкт-Петербург,Новосибирск,Авто,132.7,7,7,6733.3,В срок
SHP000142,2025-06-28,Казань,Новосибирск,Железная дорога,218.5,5,5,4844.72,В срок
SHP000702,2025-09-30,Санкт-Петербург,Пермь,Авто,194.6,4,4,4136.02,В срок
SHP003602,2025-08-19,Екатеринбург,Санкт-Петербург,Авто,303.7,5,5,4824.23,В срок
SHP006232,2025-10-30,Санкт-Петербург,Казань,Железная дорога,139.1,4,4,3252.87,В срок
SHP003456,2025-10-10,Москва,Пермь,Железная дорога,1139.8,4,4,4829.9,В срок
SHP005486,2025-09-04,Санкт-Петербург,Екатеринбург,Железная дорога,963.3,5,5,5630.86,В срок
SHP007171,2025-03-08,Москва,Новосибирск,Железная дорога,252.1,6,8,5630.61,Задержка
SHP005441,2025-09-30,Екатеринбург,Казань,Авиа,221.8,2,2,6801.19,В срок
SHP003370,2025-03-03,Москва,Пермь,Железная дорога,549.5,4,3,3902.92,В срок
SHP001368,2025-02-28,Москва,Екатеринбург,Авто,389.3,4,4,4338.96,В срок
SHP005117,2025-05-06,Екатеринбург,Казань,Авто,374.3,3,3,3113.43,В срок
SHP001440,2025-05-21,Москва,Ростов-на-Дону,Авиа,816.1,2,2,10819.86,В срок
SHP000709,2025-09-19,Казань,Самара,Авто,32.4,2,2,1445.74,В срок
SHP007576,2025-11-25,Санкт-Петербург,Москва,Авто,308.9,3,3,2988.06,В срок
SHP009262,2025-05-16,Москва,Пермь,Железная дорога,180.4,4,4,3380.05,В срок
SHP006625,2025-04-26,Казань,Самара,Железная дорога,750.1,3,3,3018.37,В срок
SHP006380,2025-11-26,Казань,Санкт-Петербург,Авиа,62.7,2,2,8208.86,В срок
SHP003374,2025-09-07,Екатеринбург,Уфа,Авто,147.0,2,4,1818.0,Задержка
SHP000501,2025-02-20,Новосибирск,Самара,Железная дорога,335.3,5,5,4072.8,В срок
SHP001227,2025-10-26,Москва,Казань,Авто,235.8,3,3,2743.47,В срок
SHP006418,2025-07-23,Новосибирск,Казань,Авиа,262.8,3,3,13715.54,В срок
SHP005569,2025-12-12,Москва,Новосибирск,Авиа,155.8,3,3,16584.97,В срок
SHP007722,2025-03-17,Санкт-Петербург,Самара,Авто,201.1,4,4,4167.55,В срок
SHP008579,02.11.2025,Москва,Пермь,Железная дорога,453.9,4,4,3313.84,В срок
SHP000735,2025-06-22,Санкт-Петербург,Новосибирск,Железная дорога,950.1,7,6,7039.92,В срок
SHP004839,2025-02-01,Москва,Екатеринбург,Авто,506.2,4,6,4536.43,Задержка
SHP009812,2025-11-22,Москва,Ростов-на-Дону,Авиа,458.2,2,2,9216.76,В срок
SHP004688,2025-03-28,Москва,Екатеринбург,Железная дорога,637.9,4,3,4270.6,В срок
SHP001304,2025-09-15,Москва,Санкт-Петербург,Железная дорога,201.4,3,3,2729.37,В срок
SHP000067,2025-03-21,Казань,Самара,Железная дорога,152.2,3,3,2251.99,В срок
SHP004961,2025-12-03,Москва,Санкт-Петербург,Железная дорога,117.4,3,3,2263.38,В срок
SHP008167,2025-10-01,Казань,Уфа,Авто,523.3,2,1,3326.93,В срок
SHP003161,2025-08-19,Москва,Нижний Новгород,Авто,276.4,2,2,2659.76,В срок
SHP005515,2025-07-14,Новосибирск,Пермь,Авто,476.4,5,5,5252.15,В срок
SHP005099,2025-11-11,Новосибирск,Казань,Авиа,165.3,3,3,13585.02,В срок
SHP001677,2025-07-01,Санкт-Петербург,Казань,Авто,322.5,4,3,3803.05,В срок
SHP001716,2025-01-30,Москва,Самара,Железная дорога,732.0,4,4,3203.85,В срок
SHP006064,19.12.2025,Санкт-Петербург,Казань,Железная дорога,240.7,4,5,3216.73,Задержка
SHP005918,2025-07-22,Екатеринбург,Казань,Авиа,367.5,2,2,7858.26,В срок
SHP002174,2025-01-15,Екатеринбург,Самара,Авто,189.3,3,5,3000.65,Задержка
SHP003832,2025-04-25,Москва,Самара,Железная дорога,213.8,4,4,3148.24,В срок
SHP000180,2025-02-12,Москва,Новосибирск,Авиа,68.2,3,3,15624.6,В срок
SHP009046,2025-10-28,Москва,Ростов-на-Дону,Авто,185.9,3,3,3169.01,В срок
SHP005709,2025-05-02,Санкт-Петербург,Москва,Авто,135.3,3,3,2384.27,В срок
SHP002755,2025-04-25,Екатеринбург,Казань,Авто,280.7,3,3,2561.07,В срок
SHP006697,2025-10-29,Казань,Уфа,Авто,1800.0,2,2,6550.12,В срок
SHP001117,2025-08-30,Москва,Екатеринбург,Железная дорога,124.9,4,4,3323.03,В срок
SHP006449,2025-01-17,Москва,Самара,Авиа,210.7,2,2,8068.2,В срок
SHP007709,2025-07-20,Москва,Казань,Авиа,127.8,2,2,6842.49,В срок
SHP006592,2025-07-26,Москва,Санкт-Петербург,Железная дорога,231.3,3,5,2661.99,Задержка
SHP007234,2025-05-04,Казань,Уфа,Авто,370.8,2,2,2553.43,В срок
SHP007837,2025-01-01,Санкт-Петербург,Москва,Железная дорога,435.0,3,3,3107.26,В срок
SHP000555,2025-09-06,Екатеринбург,Казань,Авто,201.5,3,3,2754.87,В срок
SHP002933,2025-11-20,Новосибирск,Самара,Железная дорога,120.1,5,5,4769.04,В срок
SHP007217,2025-05-05,Санкт-Петербург,Самара,ж/д,128.3,4,3,3410.47,В срок
SHP003936,2025-05-09,Санкт-Петербург,Уфа,Авто,509.2,5,6,4770.85,Задержка
SHP005382,2025-11-18,Москва,Пермь,Авиа,693.4,2,1,12240.3,В срок
SHP007407,2025-09-20,Казань,Новосибирск,Авиа,255.2,3,3,14028.02,В срок
SHP001384,2025-01-18,Казань,Ростов-на-Дону,Железная дорога,82.8,4,4,3296.98,В срок
SHP007039,2025-04-09,Москва,Самара,Железная дорога,352.0,4,4,3105.15,В срок
SHP001490,2025-03-31,Москва,Нижний Новгород,Авто,341.7,2,2,2553.67,В срок
SHP001372,22.10.2025,Екатеринбург,Ростов-на-Дону,Железная дорога,268.6,5,6,4090.41,Задержка
SHP004311,2025-04-18,Москва,Нижний Новгород,Авто,127.1,2,2,2121.08,В срок
SHP007938,2025-12-17,Москва,Екатеринбург,Железная дорога,301.0,4,4,4253.32,В срок
SHP004585,2025-04-30,Казань,Уфа,Авто,199.8,2,6,2143.52,Задержка
SHP008612,2025-02-27,Санкт-Петербург,Екатеринбург,Авиа,168.9,2,2,10094.09,В срок
SHP009871,2025-08-21,Москва,Екатеринбург,Авто,161.8,4,4,4170.64,В срок
SHP008340,2025-03-24,Москва,Новосибирск,Железная дорога,54.0,6,6,5346.8,В срок
SHP008241,27.06.2025,Санкт-Петербург,Нижний Новгород,Авиа,398.5,2,2,9501.68,В срок
SHP002750,2025-04-10,Екатеринбург,Новосибирск,Авиа,311.7,2,1,10367.44,В срок
SHP008457,2025-02-08,Москва,Ростов-на-Дону,Авто,509.8,3,3,3720.07,В срок
SHP009749,2025-06-10,Санкт-Петербург,Самара,Авиа,106.6,2,2,10704.34,В срок
SHP008003,2025-11-16,Санкт-Петербург,Новосибирск,Авиа,149.3,3,3,16897.25,В срок
SHP000926,2025-11-14,Москва,Уфа,Железная дорога,1269.1,4,4,5022.64,В срок
SHP008136,2025-11-27,Казань,Санкт-Петербург,Железная дорога,138.9,4,3,2993.17,В срок
SHP006383,2025-01-11,Москва,Ростов-на-Дону,Железная дорога,236.9,4,6,3265.61,Задержка
SHP008141,2025-05-14,Казань,Новосибирск,Железная дорога,165.0,5,4,4610.0,В срок
SHP003438,2025-05-09,Москва,Санкт-Петербург,Авто,627.1,3,6,3499.14,Задержка
SHP006147,2025-11-12,Москва,Казань,Авто,425.1,3,3,2904.64,В срок
SHP002351,2025-12-27,Новосибирск,Уфа,Авто,423.5,5,5,5104.12,В срок
SHP007013,2025-05-04,Москва,Новосибирск,Железная дорога,634.6,6,6,6407.76,В срок
SHP006106,2025-03-01,Москва,Нижний Новгород,Авто,154.5,2,5,2177.97,Задержка
SHP004637,2025-04-13,Москва,Казань,Железная дорога,213.8,3,3,2961.19,В срок
SHP007580,2025-10-21,Москва,Ростов-на-Дону,Авто,199.7,3,2,2933.71,В срок
SHP009632,2025-10-24,Екатеринбург,Ростов-на-Дону,Железная дорога,284.7,5,5,4682.65,В срок
SHP009073,2025-04-02,Санкт-Петербург,Нижний Новгород,Железная дорога,131.1,4,4,2989.84,В срок
SHP003810,2025-07-25,Санкт-Петербург,Ростов-на-Дону,Железная дорога,396.4,5,5,4260.42,В срок
SHP006559,2025-03-29,Москва,Самара,Железная дорога,644.2,4,4,3024.77,В срок
SHP002773,2025-09-10,Казань,Пермь,Железная дорога,262.6,3,3,2443.62,В срок
SHP009176,2025-08-22,Казань,Пермь,Железная дорога,185.3,3,3,2447.35,В срок
SHP009887,2025-12-20,Санкт-Петербург,Уфа,Авто,344.7,5,5,5241.6,В срок
SHP004618,2025-05-05,Екатеринбург,Новосибирск,Железная дорога,303.1,4,4,4040.58,В срок
SHP005497,2025-02-25,Новосибирск,Ростов-на-Дону,Авиа,230.2,3,2,18318.73,В срок
SHP001596,2025-07-30,Санкт-Петербург,Новосибирск,Авиа,431.7,3,4,19860.79,Задержка
SHP005903,2025-09-23,Санкт-Петербург,Новосибирск,Авиа,107.1,3,3,16982.88,В срок
SHP005325,2025-09-02,Москва,Санкт-Петербург,Железная дорога,160.4,3,3,2927.01,В срок
SHP005190,2025-06-21,Москва,Санкт-Петербург,Железная дорога,242.9,3,3,2730.76,В срок
SHP008175,2025-02-18,Новосибирск,Пермь,Железная дорога,124.5,5,5,3999.58,В срок
SHP000104,2025-01-13,Москва,Пермь,Авто,338.1,4,4,3962.58,В срок
SHP001841,2025-06-25,Новосибирск,Уфа,Авто,457.6,5,5,4562.59,В срок
SHP004964,2025-07-08,Новосибирск,Нижний Новгород,Железная дорога,228.1,6,8,5138.61,Задержка
SHP008396,2025-03-14,Санкт-Петербург,Казань,Железная дорога,138.3,4,4,3226.78,В срок
SHP005745,2025-03-07,Москва,Санкт-Петербург,Авто,698.0,3,3,3734.74,В срок
SHP002086,2025-10-06,Москва,Казань,Авто,174.6,3,3,2791.4,В срок
SHP004461,2025-06-10,Санкт-Петербург,Нижний Новгород,Железная дорога,770.5,4,3,3631.2,В срок
SHP008900,2025-09-25,Казань,Екатеринбург,Авто,576.1,3,3,3431.34,В срок
SHP008298,2025-01-08,Москва,Казань,Авто,243.3,3,3,2916.71,В срок
SHP005708,2025-03-28,Москва,Казань,Авто,649.2,3,3,4238.39,В срок
SHP001301,2025-10-14,Москва,Пермь,Авто,368.7,4,4,3772.3,В срок
SHP001324,2025-01-29,Казань,Нижний Новгород,Авто,314.0,2,2,1911.28,В срок
SHP000990,2025-03-01,Москва,Санкт-Петербург,Авто,56.8,3,7,2225.54,Задержка
SHP008159,2025-11-20,Санкт-Петербург,Самара,Авиа,376.4,2,1,12494.38,В срок
SHP000900,2025-07-03,Екатеринбург,Москва,Железная дорога,286.0,4,4,4050.32,В срок
SHP009667,2025-02-25,Москва,Екатеринбург,Авиа,153.7,2,2,10612.11,В срок
SHP006856,2025-02-16,Санкт-Петербург,Нижний Новгород,Авиа,1675.5,2,2,14049.65,В срок
SHP000451,2025-11-29,Екатеринбург,Нижний Новгород,Железная дорога,174.2,4,4,3222.09,В срок
SHP007776,2025-07-02,Москва,Уфа,Авиа,432.1,2,2,10369.29,В срок
SHP001081,2025-07-31,Казань,Самара,Железная дорога,218.9,3,3,2052.55,В срок
SHP003471,2025-09-13,Новосибирск,Нижний Новгород,Авиа,353.3,3,3,15535.71,В срок
SHP006980,2025-03-30,Казань,Уфа,Авто,37.2,2,2,1981.73,В срок
SHP003572,2025-05-10,Новосибирск,Казань,Авиа,61.3,3,3,12778.89,В срок
SHP005752,2025-06-12,Екатеринбург,Ростов-на-Дону,Авто,211.7,5,5,4769.26,В срок
SHP003581,2025-04-02,Екатеринбург,Казань,Железная дорога,88.5,3,3,2530.92,В срок
SHP002059,2025-02-23,Санкт-Петербург,Ростов-на-Дону,Авиа,262.8,2,2,9542.02,В срок
SHP001956,2025-11-19,Москва,Ростов-на-Дону,Железная дорога,556.3,4,4,3569.08,В срок
SHP000508,2025-05-24,Екатеринбург,Москва,Авто,1705.2,4,4,7773.85,В срок
SHP000314,2025-12-17,Москва,Пермь,Авиа,336.3,2,2,9583.57,В срок
SHP007951,2025-04-20,Новосибирск,Нижний Новгород,Железная дорога,324.1,6,10,4657.46,Задержка
SHP006234,2025-09-28,Казань,Санкт-Петербург,Авиа,196.7,2,2,9753.56,В срок
SHP006123,2025-01-02,Москва,Самара,Авиа,190.4,2,2,7794.93,В срок
SHP001429,2025-07-31,Москва,Пермь,Авиа,262.2,2,2,999999.0,В срок
SHP009575,2025-07-24,Казань,Уфа,Авто,1095.0,2,2,4594.95,В срок
SHP007912,2025-04-06,Новосибирск,Самара,Авто,122.9,6,6,5785.21,В срок
SHP005309,2025-07-16,Москва,Санкт-Петербург,,333.3,3,3,2641.73,В срок
SHP002232,2025-12-04,Москва,Казань,Авиа,229.7,2,2,7910.6,В срок
SHP003609,2025-02-14,Казань,Москва,Авто,38.1,3,3,2528.88,В срок
SHP003150,2025-05-22,Москва,Екатеринбург,Авто,405.4,4,6,4495.68,Задержка
SHP003110,2025-12-22,Санкт-Петербург,Казань,Железная дорога,346.5,4,4,3389.58,В срок
SHP006259,2025-12-04,Казань,Екатеринбург,Авто,423.4,3,3,3304.91,В срок
SHP004949,2025-11-20,Москва,Нижний Новгород,Железная дорога,780.3,3,4,2733.89,Задержка
SHP002753,03.02.2025,Казань,Нижний Новгород,Авто,791.5,2,2,3510.45,В срок
SHP000144,2025-06-25,Москва,Екатеринбург,Авиа,116.9,2,2,9972.51,В срок
SHP001419,2025-05-27,Екатеринбург,Москва,Авто,300.0,4,3,4356.06,В срок
SHP007052,2025-04-16,Санкт-Петербург,Новосибирск,Авиа,326.3,3,3,17757.22,В срок
SHP005045,2025-06-06,Новосибирск,Санкт-Петербург,Авиа,297.0,3,3,,В срок
SHP001184,2025-07-28,Казань,Москва,Железная дорога,840.1,3,2,3919.66,В срок
SHP001525,2025-12-26,Москва,Казань,Авто,203.0,3,5,2630.93,Задержка
SHP006992,2025-04-26,Москва,Екатеринбург,Авто,811.4,4,3,5164.5,В срок
SHP008595,2025-10-13,Новосибирск,Санкт-Петербург,Железная дорога,229.2,7,7,5560.08,В срок
SHP001432,2025-07-02,Москва,Казань,Авто,362.7,3,3,3172.2,В срок
SHP004006,2025-09-30,Екатеринбург,Самара,Железная дорога,587.8,4,4,3366.71,В срок
SHP003075,2025-08-26,Москва,Пермь,Железная дорога,131.3,4,4,2991.76,В срок
SHP003822,2025-04-17,Казань,Ростов-на-Дону,Железная дорога,123.7,4,4,3186.12,В срок
SHP002419,2025-04-28,Санкт-Петербург,Новосибирск,Авиа,1429.9,3,2,25837.0,В срок
SHP009683,2025-10-22,Санкт-Петербург,Нижний Новгород,Железная дорога,653.5,4,4,3450.75,В срок
SHP000525,2025-04-04,Казань,Москва,Авто,334.9,3,3,2866.56,В срок
SHP001925,2025-05-13,Москва,Ростов-на-Дону,Авто,142.2,3,3,2800.51,В срок
SHP004145,2025-05-18,Санкт-Петербург,Самара,Железная дорога,281.1,4,7,3868.18,Задержка
SHP003516,2025-03-11,Москва,ростов-на-дону,Железная дорога,498.5,4,4,3448.63,В срок
SHP005747,2025-12-09,Москва,Ростов-на-Дону,Железная дорога,519.7,4,4,3851.91,В срок
SHP008539,2025-08-01,Москва,Санкт-Петербург,Авто,452.0,3,3,3357.72,В срок
SHP003809,2025-12-07,Москва,Пермь,Авиа,310.2,2,2,9083.16,В срок
SHP007852,2025-05-31,Москва,Нижний Новгород,Авто,1201.8,2,6,4686.0,Задержка
SHP003681,2025-01-03,Екатеринбург,Ростов-на-Дону,Железная дорога,300.0,5,5,4505.06,В срок
SHP002949,2025-11-13,Москва,Новосибирск,Железная дорога,420.1,6,9,6545.29,Задержка
SHP005942,2025-04-15,Санкт-Петербург,Уфа,Железная дорога,222.8,5,5,4003.13,В срок
SHP002695,2025-01-15,Москва,Санкт-Петербург,,122.2,3,3,2447.12,В срок
SHP007446,2025-06-05,Новосибирск,Нижний Новгород,Железная дорога,153.8,6,5,4629.31,В срок
SHP003437,2025-09-01,Москва, пермь ,Железная дорога,624.0,4,4,4117.85,В срок
SHP004043,2025-01-14,Москва,Уфа,Авто,267.1,4,8,3409.32,Задержка
SHP005883,2025-12-17,Санкт-Петербург,Екатеринбург,Железная дорога,89.5,5,5,3904.15,В срок
SHP000694,2025-03-15,Казань,Пермь,Железная дорога,104.5,3,3,2216.66,В срок
SHP007345,2025-11-04,Екатеринбург,Новосибирск,Железная дорога,312.3,4,3,4154.27,В срок
SHP003405,2025-10-20,Екатеринбург,Пермь,Авто,216.6,2,2,2164.67,В срок
SHP001671,2025-05-18,Новосибирск,Санкт-Петербург,Авиа,156.9,3,3,17896.98,В срок
SHP003153,2025-08-14,Новосибирск,Ростов-на-Дону,Железная дорога,83.0,7,7,5864.79,В срок
SHP006948,2025-03-20,Москва,Пермь,Авто,107.1,4,4,3575.11,В срок
SHP009427,2025-07-09,Екатеринбург,Самара,Авто,384.7,3,3,3288.47,В срок
SHP003295,2025-04-16,Москва,Самара,Железная дорога,132.3,4,4,2734.29,В срок
SHP004086,2025-01-25,Санкт-Петербург,Нижний Новгород,Авто,145.1,3,5,3076.1,Задержка
SHP003073,2025-12-14,Москва,Ростов-на-Дону,Железная дорога,245.4,4,6,3334.29,Задержка
SHP002614,2025-09-12,Санкт-Петербург,Екатеринбург,Авто,315.6,5,5,4813.25,В срок
SHP004436,2025-03-01, москва ,Ростов-на-Дону,Железная дорога,125.1,4,4,3152.61,В срок
SHP001340,2025-05-22,Екатеринбург,Санкт-Петербург,Авиа,121.7,2,2,13616.67,В срок
SHP006027,2025-01-09,Москва,Самара,Железная дорога,93.5,4,4,2594.51,В срок
SHP003965,2025-09-27,Санкт-Петербург,Москва,Авто,205.3,3,3,2469.5,В срок
SHP002461,2025-07-09,Казань,Уфа,Железная дорога,101.0,3,7,2049.7,Задержка
SHP003190,2025-08-27,Москва,Екатеринбург,Железная дорога,1426.1,4,4,5816.14,В срок
SHP006969,2025-09-14,Москва,Новосибирск,Железная дорога,161.0,6,5,4797.64,В срок
SHP002616,2025-11-10,Москва,Казань,Авто,78.3,3,3,2481.97,В срок
SHP000185,2025-03-01,Новосибирск,Самара,Авиа,175.8,3,3,14320.99,В срок
SHP001328,2025-10-09,Москва,Пермь,Железная дорога,163.0,4,4,3313.11,В срок
SHP000153,2025-06-22,Новосибирск,Ростов-на-Дону,Авиа,422.0,3,3,17806.99,В срок
SHP007517,2025-04-18,Казань,Екатеринбург,Авто,158.7,3,4,2743.64,Задержка
SHP004353,2025-06-12, екатеринбург,Новосибирск,Авиа,169.4,2,1,9423.82,В срок
SHP007657,2025-03-01,Москва,Казань,Авто,61.3,3,5,2175.25,Задержка
SHP001818,2025-11-25,Санкт-Петербург,Самара,Железная дорога,276.2,4,4,3770.27,В срок
SHP004665,2025-05-18,Екатеринбург,Новосибирск,Авто,61.2,4,4,3495.28,В срок
SHP005246,2025-10-10,Санкт-Петербург,Казань,Авиа,540.2,2,2,10553.16,В срок
SHP006421,2025-02-24,Санкт-Петербург,Уфа,Железная дорога,186.6,5,8,4079.8,Задержка
SHP000231,11.02.2025,Новосибирск,Ростов-на-Дону,Железная дорога,160.5,7,7,5944.13,В срок
SHP008488,2025-12-05,Санкт-Петербург,Новосибирск,Авиа,378.7,3,3,19667.27,В срок
SHP005290,2025-09-30,Москва,Самара,Авто,949.8,3,3,4529.94,В срок
SHP001493,2025-04-20,Санкт-Петербург,Новосибирск,Авиа,243.5,3,3,17214.88,В срок
SHP001743,2025-04-11,Санкт-Петербург,Уфа,Авто,271.9,5,4,5391.65,В срок
SHP003435,2025-03-24,Казань,Санкт-Петербург,Авто,395.5,4,4,4021.57,В срок
SHP007826,2025-09-11,Екатеринбург,Самара,Авто,344.5,3,7,2995.39,Задержка
SHP003128,2025-12-21,Москва,Пермь,Железная дорога,207.0,4,8,3132.8,Задержка
SHP009436,2025-01-09,Казань,Санкт-Петербург,Железная дорога,151.0,4,4,3586.5,В срок
SHP009349,2025-12-18,санкт-петербург,Нижний Новгород,Авто,102.2,3,2,2506.71,В срок
SHP003214,2025-12-06,Москва,Санкт-Петербург,Авто,292.1,3,3,2933.56,В срок
SHP001825,2025-06-20,Казань,уфа ,Авто,387.4,2,2,2610.04,в срок 
SHP006868,2025-12-03,Новосибирск,Уфа,Авто,192.8,5,6,4442.64,Задержка
SHP006357,2025-02-16,Москва,Самара,Железная дорога,451.4,4,3,3103.65,В срок
SHP002816,2025-10-15,Казань,Санкт-Петербург,Авто,280.4,4,8,3744.23,Задержка
SHP001778,2025-11-20,Санкт-Петербург,Казань,Железная дорога,1308.9,4,8,3895.87,Задержка
SHP000612,2025-05-26,Москва,Казань,Железная дорога,221.6,3,5,2767.49,Задержка
SHP003875,2025-07-14,Москва,Уфа,Железная дорога,344.5,4,3,3476.2,В срок
SHP005999,2025-09-04,Казань,Нижний Новгород,Авиа,139.4,2,2,5164.21,В срок
SHP003038,2025-03-07,Санкт-Петербург,Екатеринбург,Авиа,191.6,2,2,12010.72,В срок
SHP008671,2025-06-02,Казань,Санкт-Петербург,Авиа,200.3,2,2,9856.7,В срок
SHP001401,2025-02-14,Казань,Екатеринбург,Железная дорога,59.4,3,3,2449.19,В срок
SHP005050,2025-10-30,Москва,Екатеринбург,Железная дорога,187.6,4,3,3547.0,В срок
SHP001588,2025-09-09,Новосибирск,Пермь,Авто,32.4,5,5,4277.96,В срок
SHP001435,2025-02-20, москва ,Нижний Новгород,Железная дорога,212.9,3,5,2189.61,Задержка
SHP005187,2025-06-12,Москва,Пермь,Авто,368.7,4,4,3957.19,В срок
SHP001054,2025-01-11,Санкт-Петербург,Самара,Авто,43.8,4,8,3960.78,Задержка
SHP002277,2025-04-05,Москва,Казань,Авто,285.5,3,2,2762.25,В срок
SHP003300,2025-05-03,Москва,Новосибирск,Железная дорога,352.0,6,7,5660.9,Задержка
SHP000301,2025-09-30,Санкт-Петербург,Новосибирск,Авиа,263.2,3,4,18250.82,Задержка
SHP006950,2025-05-16,Санкт-Петербург,Новосибирск,Авиа,241.2,3,3,16478.85,В срок
SHP000586,2025-04-12,Новосибирск,Екатеринбург,Железная дорога,208.7,4,5,3656.85,Задержка
SHP000417,2025-11-16,Казань,Пермь,Авто,370.1,2,3,3057.26,Задержка
SHP007830,2025-10-10,Екатеринбург,Ростов-на-Дону,Железная дорога,648.9,5,8,4535.72,Задержка
SHP000474,2025-10-04,Москва,Екатеринбург,Авто,160.6,4,4,3825.82,В срок
SHP007463,2025-01-26,Казань,Новосибирск,Авиа,178.4,3,3,13014.82,В срок
SHP007358,2025-07-29,Казань,Санкт-Петербург,Авиа,159.8,2,2,9666.01,В срок
SHP008466,2025-01-22,Новосибирск,Уфа,Железная дорога,172.8,5,5,3910.2,В срок
SHP009784,2025-06-28,Москва,Санкт-Петербург,Авто,195.5,3,3,2445.49,В срок
SHP006241,2025-01-18,Москва,Пермь,Железная дорога,440.4,4,4,3896.24,В срок
SHP009516,2025-08-08,Москва,Екатеринбург,Авто,185.7,4,4,4516.42,В срок
SHP007038,2025-12-10,Казань,Новосибирск,Авиа,427.6,3,3,14538.11,В срок
SHP003219,2025-12-07,Москва,Казань,Авто,297.5,3,6,2628.97,Задержка
SHP001102,2025-07-11,Москва,Уфа,Авиа,193.6,2,2,8932.39,В срок
SHP004936,2025-12-13,Москва,Нижний Новгород,Железная дорога,293.2,3,3,2218.79,В срок
SHP002725,2025-04-23,Екатеринбург,Нижний Новгород,Авто,114.3,3,3,2917.88,В срок
SHP001308,2025-04-03,Санкт-Петербург,Ростов-на-Дону,Авиа,310.5,2,1,10969.87,В срок
SHP006288,2025-04-06,Санкт-Петербург,Ростов-на-Дону,Железная дорога,317.7,5,5,3743.22,В срок
SHP007136,2025-03-22,Новосибирск,Екатеринбург,Железная дорога,216.0,4,4,3035.77,В срок
SHP007014,2025-01-02,Москва,Казань,Железная дорога,684.3,3,3,3453.44,В срок
SHP007431,2025-04-04,Москва,Казань,Железная дорога,142.6,3,7,2829.89,Задержка
SHP004233,2025-06-01,Москва,Казань,Авто,218.0,3,3,2780.59,В срок
SHP008603,2025-06-04,Санкт-Петербург,Нижний Новгород,Авто,104.8,3,3,2531.62,В срок
SHP009724,2025-09-24,Москва,Нижний Новгород,Авто,635.0,2,2,3230.29,В срок
SHP009247,2025-08-17,Москва,Нижний Новгород,Авто,374.4,2,6,2423.01,Задержка
SHP009782,2025-09-03,Москва,Пермь,Авто,453.1,4,4,4382.77,В срок
SHP001077,2025-12-13,Санкт-Петербург,Новосибирск,Авиа,240.3,3,3,20768.66,В срок
SHP001098,2025-04-06,Новосибирск,Екатеринбург,Железная дорога,56.4,4,4,3265.99,В срок
SHP006229,2025-08-13,Новосибирск,Ростов-на-Дону,Авиа,550.0,3,2,20038.58,В срок
SHP002435,2025-03-27,Москва,Новосибирск,Авиа,109.1,3,3,17413.12,В срок
SHP004855,2025-10-19,Екатеринбург,Самара,Авто,994.9,3,3,,В срок
SHP006668,2025-07-14,Екатеринбург,Санкт-Петербург,Авто,257.7,5,5,5042.68,В срок
SHP003905,2025-06-17,Казань,Самара,Авто,634.8,2,2,2990.49,В срок
SHP003188,2025-11-22,Москва,Екатеринбург,Железная дорога,446.4,4,4,4598.46,В срок
SHP002045,2025-12-29,Новосибирск,Казань,Авиа,277.5,3,3,11297.98,В срок
SHP002784,2025-02-15,Екатеринбург,Пермь,Железная дорога,204.5,3,3,1974.03,В срок
SHP003863,2025-08-30,Екатеринбург,Москва,Железная дорога,509.0,4,4,4449.64,В срок
SHP006204,2025-01-02,Екатеринбург,Казань,Авто,508.9,3,6,3752.1,Задержка
SHP007306,2025-02-17,Казань,Новосибирск,Авиа,526.6,3,3,16732.94,В срок
SHP008735,2025-01-07,Санкт-Петербург,Уфа,Авто,429.4,5,5,5283.92,В срок
SHP009728,2025-09-18,Москва,Самара,Железная дорога,397.9,4,4,2947.51,В срок
SHP006174,2025-09-10,Санкт-Петербург,Казань,Авто,139.3,4,4,3865.02,В срок
SHP004526,2025-01-16,Санкт-Петербург,Екатеринбург,Железная дорога,143.9,5,5,4254.69,В срок
SHP008944,2025-10-31,Москва,Пермь,Железная дорога,309.7,4,4,3497.72,В срок
SHP004887,2025-01-30,Москва,Казань,Авто,293.9,3,3,2662.54,В срок
SHP008661,2025-10-05, москва ,Пермь,Железная дорога,242.0,4,4,3672.3,В срок
SHP004084,2025-07-10,Москва,Ростов-на-Дону,Авто,223.5,3,3,3548.62,В срок
SHP007782,2025-01-02,Санкт-Петербург,Екатеринбург,Авто,403.4,5,6,5392.62,Задержка
SHP005599,2025-02-12,Москва,Уфа,Железная дорога,817.5,4,4,3949.46,В срок
SHP009537,2025-01-04,Новосибирск,Казань,Железная дорога,243.0,5,5,4938.33,В срок
SHP006942,2025-03-06,Екатеринбург,Санкт-Петербург,Железная дорога,354.3,5,5,4519.48,В срок
SHP004462,2025-09-24,Санкт-Петербург,Екатеринбург,Авиа,103.8,2,5,11184.27,Задержка
SHP004693,2025-12-07,Новосибирск,Самара,Авиа,50000.0,3,2,13070.68,В срок
SHP001845,2025-08-08,Москва,Ростов-на-Дону,Авиа,526.1,2,2,9246.3,В срок
SHP001473,2025-05-16,Санкт-Петербург,Пермь,Железная дорога,308.2,5,4,3027.36,В срок
SHP002954,2025-07-05,Екатеринбург,Уфа,Авиа,393.3,2,2,6539.26,В срок
SHP005995,2025-11-10,Санкт-Петербург,Пермь,Авиа,654.1,2,2,12807.69,В срок
SHP000904,2025-11-19,Москва,Екатеринбург,Авто,272.3,4,4,4356.66,В срок
SHP009193,2025-11-05,Санкт-Петербург,Пермь,Авиа,673.8,2,5,12218.65,Задержка
SHP000095,2025-08-31,Санкт-Петербург,Нижний Новгород,Железная дорога,133.5,4,4,2990.34,В срок
SHP004784,2025-04-27,Москва,Уфа,Авиа,199.2,2,2,8984.46,В срок
SHP001846,2025-09-26,Новосибирск,Пермь,Железная дорога,239.0,5,5,4248.01,В срок
SHP003642,2025-12-19,Казань,Санкт-Петербург,Железная дорога,278.5,4,4,3384.93,В срок
SHP006348,2025-06-17,Новосибирск,Самара,Железная дорога,330.6,5,4,4524.98,В срок
SHP009792,2025-05-16,Москва,Новосибирск,Железная дорога,249.6,6,6,5558.38,В срок
SHP001701,2025-01-07,Екатеринбург,Самара,Авто,153.2,3,4,2773.71,Задержка
SHP005122,2025-07-11,Москва,Пермь,Авто,77.6,4,4,3314.37,В срок
SHP006519,2025-08-15,Новосибирск,Пермь,Авиа,263.7,2,2,12002.2,В срок
SHP004266,2025-07-19,Москва,Санкт-Петербург,Авто,147.5,3,3,2817.42,В срок
SHP004509,2025-09-15,Санкт-Петербург,Пермь,Авто,804.7,4,7,5087.18,Задержка
SHP005148,2025-05-01,Казань,Москва,Авто,786.4,3,3,3915.1,В срок
SHP006050,2025-09-13,Москва,Новосибирск,Авиа,135.3,3,2,15430.03,В срок
SHP008868,2025-04-26,Москва,Самара,Железная дорога,235.7,4,5,2932.64,Задержка
SHP009322,2025-11-03,Москва,Санкт-Петербург,Железная дорога,424.1,3,2,2879.02,В срок
SHP007134,2025-03-14,Москва,Уфа,Авиа,37.7,2,2,8173.1,В срок
SHP002860,2025-03-29,Москва,Самара,Авиа,190.1,2,2,7669.14,В срок
SHP008741,2025-02-15,Москва,Санкт-Петербург,Авто,156.6,3,5,2327.72,Задержка
SHP002227,2025-04-02,Новосибирск,Нижний Новгород,Авиа,113.9,3,3,13491.69,В срок
SHP006927,2025-02-24,Екатеринбург,Казань,Авто,322.8,3,3,3229.91,В срок
SHP007438,2025-03-05,Москва,Новосибирск,Авиа,175.7,3,3,19247.6,В срок
SHP007543,2025-04-19,Москва,Самара,Авто,150.6,3,5,2954.4,Задержка
SHP001926,2025-09-15,Новосибирск,Ростов-на-Дону,Авиа,297.4,3,2,19385.94,В срок
SHP007174,2025-01-21,Екатеринбург,Казань,Авто,629.5,3,4,4133.11,Задержка
SHP004214,2025-05-08,Казань,Екатеринбург,Железная дорога,488.0,3,3,2967.97,В срок
SHP005193,2025-12-27,Екатеринбург,Санкт-Петербург,Железная дорога,69.4,5,9,3865.81,Задержка
SHP003632,2025-01-05,Екатеринбург,Казань,Авто,198.3,3,3,2642.41,В срок
SHP001443,16.12.2025,Москва,Самара,Авто,345.3,3,3,3505.87,В срок
SHP009628,2025-12-10,Санкт-Петербург,Самара,Авиа,92.7,2,2,9356.07,В срок
SHP009825,2025-01-05,Москва,Новосибирск,Железная дорога,198.9,6,6,4540.57,В срок
SHP006702,2025-09-16,Новосибирск,Москва,Авиа,137.9,3,3,16431.03,В срок
SHP008176,2025-09-09,Новосибирск,Пермь,Железная дорога,586.7,5,5,4861.1,В срок
SHP008303,2025-09-03,Казань,Новосибирск,Авто,741.1,6,5,5835.51,В срок
SHP009817,2025-11-15,Новосибирск,Казань,Авиа,189.9,3,3,13296.57,В срок
SHP005772,2025-01-05,Москва,Санкт-Петербург,Авто,551.3,3,6,3274.06,Задержка
SHP000765,2025-08-29,Казань,Самара,Авто,184.1,2,2,1935.72,В срок
SHP000480,2025-12-04,Новосибирск,Ростов-на-Дону,Железная дорога,78.7,7,6,6344.49,В срок
SHP009197,2025-04-06,Москва,Казань,Авто,213.6,3,7,2803.11,Задержка
SHP005035,2025-08-26,Екатеринбург,Уфа,Авто,272.4,2,2,2263.43,В срок
SHP002877,2025-12-18,Москва,Нижний Новгород,Авто,201.6,2,2,2128.38,В срок
SHP007687,2025-03-15,Москва,Уфа,Авто,191.9,4,4,3807.83,В срок
SHP000018,2025-06-20,Москва,Новосибирск,Железная дорога,181.0,6,6,5847.7,В срок
SHP005646,2025-02-11,Новосибирск,Нижний Новгород,Железная дорога,120.7,6,10,4883.3,Задержка
SHP008140,2025-07-03,Москва,Ростов-на-Дону,Авиа,891.4,2,2,11903.74,В срок
SHP003176,2025-11-26,Екатеринбург,Ростов-на-Дону,Авто,536.7,5,5,5924.52,В срок
SHP002326,2025-08-13,Санкт-Петербург,Новосибирск,Железная дорога,159.4,7,7,5828.76,В срок
SHP008491,2025-08-12,Екатеринбург,Уфа,Авто,66.4,2,2,1645.32,В срок
SHP006359,2025-03-20,Москва,Екатеринбург,Авто,146.1,4,5,3740.56,Задержка
SHP003167,2025-05-10,Екатеринбург,Ростов-на-Дону,Авто,968.2,5,8,6761.27,Задержка
SHP009510,2025-11-29,Москва, екатеринбург,Авиа,382.3,2,2,12523.58,В срок
SHP002160,2025-01-11,Санкт-Петербург,Пермь,Авто,42.6,4,4,4305.92,В срок
SHP005198,2025-05-12,Новосибирск,Нижний Новгород,Железная дорога,204.1,6,6,5826.07,В срок
SHP004160,2025-12-11,Москва,Ростов-на-Дону,Авиа,576.5,2,2,11433.72,В срок
SHP006158,2025-08-27,Екатеринбург,Санкт-Петербург,Авиа,186.3,2,2,11639.93,В срок
SHP002962,2025-02-19,Москва,Казань,Авто,550.4,3,2,3664.89,В срок
SHP009600,2025-09-25,Казань,Санкт-Петербург,Авиа,102.5,2,2,8648.33,В срок
SHP000638,2025-06-01,Екатеринбург,Самара,Авто,424.4,3,3,3250.46,В срок
SHP000381,2025-09-20,Москва,Самара,Железная дорога,380.9,4,3,2997.91,В срок
SHP005457,2025-04-06,Москва,Екатеринбург,Железная дорога,91.9,4,4,3418.29,В срок
SHP000641,2025-11-12,Москва,Самара,Авто,286.1,3,3,3268.22,В срок
SHP009098,2025-02-06,Новосибирск,Пермь,Авто,255.8,5,5,4628.06,В срок
SHP002369,2025-07-10,Москва,Самара,Авиа,260.5,2,2,8343.33,В срок
SHP003913,2025-04-21,Москва,Ростов-на-Дону,Авиа,640.4,2,2,10727.97,В срок
SHP003434,2025-08-14,Казань,Санкт-Петербург,Железная дорога,46.8,4,4,3143.56,В срок
SHP000448,2025-03-03,Екатеринбург,Казань,Железная дорога,83.4,3,3,2418.12,В срок
SHP005871,2025-12-26,Санкт-Петербург,Ростов-на-Дону,Авто,195.5,4,8,5066.74,Задержка
SHP006700,2025-09-05,Новосибирск,Санкт-Петербург,Авиа,582.2,3,4,17815.2,Задержка
SHP008086,2025-04-13,Новосибирск,Санкт-Петербург,Авиа,217.2,3,3,17749.88,В срок
SHP007000,2025-01-11,Санкт-Петербург,Нижний Новгород,Железная дорога,98.7,4,4,2826.23,В срок
SHP004166,2025-07-14,Новосибирск,Санкт-Петербург,Авиа,129.4,3,3,16953.74,В срок
SHP007235,2025-09-26,Екатеринбург,Казань,Авто,503.6,3,3,3384.04,В срок
SHP007441,2025-06-18,Москва,Ростов-на-Дону,Железная дорога,240.3,4,4,3419.86,В срок
SHP009336,2025-04-09,Казань,Самара,Авиа,207.0,2,2,5543.49,В срок
SHP005019,2025-05-07,Москва,Новосибирск,Авиа,81.5,3,3,17769.16,В срок
SHP000238,2025-12-14,Новосибирск,Самара,Железная дорога,464.5,5,7,5071.89,Задержка
SHP000624,2025-02-20,Новосибирск,Ростов-на-Дону,Железная дорога,326.4,7,7,6840.16,В срок
SHP004609,2025-07-24,Екатеринбург,Уфа,Железная дорога,520.7,3,3,2889.6,В срок
SHP007158,2025-01-16,Москва,Нижний Новгород,Железная дорога,291.7,3,3,2118.69,В срок
SHP007862,2025-12-25,Санкт-Петербург,Ростов-на-Дону,Авто,546.5,4,4,4552.48,В срок
SHP001367,2025-10-04,Новосибирск,Пермь,Железная дорога,147.2,5,5,3422.23,В срок
SHP004592,2025-10-23,Новосибирск,Казань,Железная дорога,289.6,5,4,4463.77,В срок
SHP002416,2025-05-02,Москва,Екатеринбург,Авиа,340.1,2,1,10494.66,В срок
SHP009813,2025-02-03,Казань,Нижний Новгород,Железная дорога,170.5,3,3,2009.44,В срок
SHP000360,2025-05-04,Москва,Нижний Новгород,Железная дорога,290.9,3,2,2394.27,В срок
SHP007410,2025-10-31,Санкт-Петербург,Екатеринбург,Железная дорога,245.2,5,5,4058.73,В срок
SHP001243,2025-06-06,Екатеринбург,Казань,Авто,146.1,3,3,2786.44,В срок
SHP007027,2025-04-13,Екатеринбург,Новосибирск,Авто,506.5,4,4,4982.95,В срок
SHP002211,2025-09-08,Москва,Новосибирск,Железная дорога,536.7,6,5,5681.96,В срок
SHP001887,2025-12-31,Москва,Казань,Авто,284.7,3,2,3240.62,В срок
SHP002535,2025-05-24,Москва,Самара,Авиа,440.9,2,2,9384.75,В срок
SHP002430,2025-05-15,Екатеринбург,Пермь,Авто,311.5,2,2,2067.18,В срок
SHP000091,2025-08-08,Екатеринбург,Пермь,Авто,170.2,2,6,1661.49,Задержка
SHP005807,2025-08-17,Казань,Москва,Авто,103.4,3,6,2309.09,Задержка
SHP004335,2025-03-23,Казань,Самара,Железная дорога,102.8,3,3,2034.78,В срок
SHP006469,2025-01-14,Новосибирск,Казань,Авиа,239.3,3,3,14246.55,В срок
SHP000899,2025-07-27,Санкт-Петербург,Ростов-на-Дону,,452.3,2,2,10954.32,В срок
SHP002313,2025-07-23,Санкт-Петербург,Казань,Железная дорога,52.8,4,4,3126.94,В срок
SHP007526,2025-08-24,Санкт-Петербург,Пермь,Авто,544.9,4,7,5140.93,Задержка
SHP001395,2025-09-20,Москва,Казань,Авиа,1088.2,2,2,12409.91,В срок
SHP006398,2025-08-17,Москва,Екатеринбург,Железная дорога,495.5,4,4,4210.21,В срок
SHP004578,2025-03-01,Санкт-Петербург,Ростов-на-Дону,Авто,296.3,4,4,4273.92,В срок
SHP009151,2025-07-29,Москва,Пермь,Авиа,674.7,2,1,10806.11,В срок
SHP009717,2025-09-07,Новосибирск,Екатеринбург,Железная дорога,309.8,4,4,3981.58,В срок
SHP004649,2025-01-19,Москва,Ростов-на-Дону,Железная дорога,111.5,4,8,2614.39,Задержка
SHP001574,2025-06-23,Москва,Нижний Новгород,Авто,268.3,2,2,2501.96,В срок
SHP000432,2025-08-02,Москва,Пермь,Железная дорога,247.5,4,6,3372.82,Задержка
SHP009178,2025-07-01,Новосибирск,Самара,Железная дорога,222.4,5,5,4886.56,В срок
SHP007952,2025-05-29,Санкт-Петербург,Уфа,Железная дорога,63.8,5,5,3830.02,В срок
SHP008142,2025-05-09,Москва,Самара,Авиа,170.6,2,2,7522.75,В срок
SHP001999,2025-04-04,Москва,Екатеринбург,Авто,198.7,4,4,3746.88,В срок
SHP007355,2025-10-09,Москва,Уфа,Железная дорога,210.6,4,5,3278.16,Задержка
SHP001539,2025-08-18,Новосибирск,Москва,Железная дорога,175.7,6,10,5408.03,Задержка
SHP001311,2025-07-28,Санкт-Петербург,Казань,Железная дорога,396.9,4,4,3760.73,В срок
SHP003160,2025-11-10,Санкт-Петербург,Уфа,АВИА,1125.3,2,2,16064.42,В срок
SHP008428,2025-06-25,Казань,Ростов-на-Дону,Авто,428.8,4,3,4325.29,В срок
SHP006785,2025-08-10,Казань,Екатеринбург,Авто,399.4,3,2,3277.94,В срок
SHP007055,2025-11-12,Москва,Ростов-на-Дону,Авиа,244.3,2,2,8640.06,В срок
SHP009158,2025-07-08,Санкт-Петербург,Самара,Авто,388.7,4,8,4474.75,Задержка
SHP005889,2025-08-21,Санкт-Петербург,Нижний Новгород,Авиа,143.6,2,1,7727.94,В срок
SHP006860,2025-12-19,Москва,Самара,Авиа,195.9,2,2,7716.17,В срок
SHP002475,2025-02-16,Новосибирск,Самара,Авиа,123.4,3,2,13917.6,В срок
SHP000559,2025-06-30,Казань,Екатеринбург,Железная дорога,180.3,3,3,2479.89,В срок
SHP007536,2025-07-04,Екатеринбург,Новосибирск,Авиа,200.2,2,2,9176.54,В срок
SHP002008,2025-05-23,Новосибирск,Казань,Железная дорога,74.9,5,5,4625.71,В срок
SHP002610,2025-08-30,Санкт-Петербург,ростов-на-дону,Железная дорога,404.7,5,4,3881.77,В срок
SHP000631,2025-02-05,Москва,Новосибирск,Железная дорога,226.3,6,6,5469.86,В срок
SHP003553,2025-10-15,Москва,Нижний Новгород,Авто,246.6,2,2,2221.9,В срок
SHP007464,2025-03-13,Казань,Уфа,Авто,1557.4,2,2,5718.79,В срок
SHP009371,2025-12-25,Санкт-Петербург,Самара,Авиа,675.9,2,2,12479.25,В срок
SHP000682,2025-10-03,Москва,Ростов-на-Дону,Железная дорога,140.2,4,4,3073.65,В срок
SHP002001,2025-11-22,Санкт-Петербург,Уфа,Железная дорога,642.8,5,4,4831.07,В срок
SHP002515,2025-01-14,Екатеринбург,Самара,Авто,541.9,3,3,3782.5,В срок
SHP001297,2025-11-22,Москва,Санкт-Петербург,Железная дорога,167.5,3,2,2614.74,В срок
SHP004391,2025-05-07,Москва,Пермь,Железная дорога,284.3,4,4,3482.27,В срок
SHP005684,2025-09-19,Москва,Новосибирск,Железная дорога,161.3,6,6,5232.75,В срок
SHP003255,2025-06-19,Москва,Казань,Авто,273.7,3,3,3070.3,В срок
SHP005444,2025-10-15,Москва,Пермь,Железная дорога,272.8,4,4,3243.98,В срок
SHP006596,2025-09-28,Екатеринбург,Санкт-Петербург,Железная дорога,92.1,5,5,3879.27,В срок
SHP001805,2025-11-03,Москва,Пермь,Железная дорога,197.7,4,4,3855.91,В срок
SHP004200,2025-08-25,Санкт-Петербург,Пермь,Авто,214.3,4,4,4431.36,В срок
SHP006042,2025-10-30,Москва,Казань,Авто,195.1,3,3,2812.66,В срок
SHP008521,2025-07-17,Санкт-Петербург,Уфа,Железная дорога,116.3,5,5,3569.29,В срок
SHP002341,2025-11-24,Москва,Ростов-на-Дону,Авиа,89.7,2,1,8465.84,в срок 
SHP003507,2025-10-08,Санкт-Петербург,Москва,Авто,405.3,3,3,3393.89,В срок
SHP005968,2025-07-03,Новосибирск,Нижний Новгород,Авиа,472.4,3,3,16583.65,В срок
SHP002077,2025-01-10,Екатеринбург,Санкт-Петербург,Железная дорога,243.7,5,5,4403.83,В срок
SHP002528,2025-11-24,Санкт-Петербург,Казань,Авиа,216.0,2,2,10236.59,В срок
SHP004996,2025-04-18,Екатеринбург,Нижний Новгород,Железная дорога,176.7,4,4,2895.4,В срок
SHP003406,2025-11-13,Санкт-Петербург,Екатеринбург,Авиа,270.6,2,2,12300.97,В срок
SHP009461,2025-02-21,Москва,Ростов-на-Дону,Авто,503.3,3,2,3711.5,В срок
SHP002054,2025-09-20,Екатеринбург,Новосибирск,Авиа,92.2,2,4,9404.61,Задержка
SHP009221,2025-08-11,Санкт-Петербург,Ростов-на-Дону,Железная дорога,123.3,5,5,3540.19,В срок
SHP003926,2025-12-01,Москва,Санкт-Петербург,Железная дорога,371.4,3,3,2752.59,В срок
SHP005304,2025-11-26,Санкт-Петербург,Казань,Авто,645.6,4,4,4397.94,В срок
SHP008813,2025-01-23,Екатеринбург,Самара,Авто,230.9,3,6,3173.63,Задержка
SHP000980,2025-09-11,Санкт-Петербург,Москва,Авто,380.5,3,3,2768.2,В срок
SHP007440,2025-06-17,Санкт-Петербург,Уфа,Железная дорога,367.3,5,5,4151.02,В срок
SHP004005,2025-07-30,Москва,Новосибирск,Железная дорога,1800.0,6,10,7710.51,Задержка
SHP004011,2025-06-16,Москва,Новосибирск,Авиа,96.8,3,3,16270.8,В срок
SHP007855,2025-11-10,Санкт-Петербург,Ростов-на-Дону,Железная дорога,114.9,5,5,3598.06,В срок
SHP008094,2025-08-02,Москва,Пермь,Авиа,327.3,2,2,10132.3,В срок
SHP008405,2025-07-10,Москва,Екатеринбург,Авто,270.5,4,4,4135.92,В срок
SHP005997,2025-01-20,Москва,Санкт-Петербург,Авто,260.6,3,6,2774.9,Задержка
SHP007163,2025-01-25,Москва,Пермь,Железная дорога,372.2,4,4,3650.34,В срок
SHP004261,2025-08-29,Казань,Ростов-на-Дону,Железная дорога,601.5,4,4,3512.26,В срок
SHP006020,2025-07-02,Санкт-Петербург,Ростов-на-Дону,Авто,177.2,4,4,3640.25,В срок
SHP008682,2025-10-06,Санкт-Петербург,Пермь,Авиа,368.7,2,2,10735.38,В срок
SHP001285,2025-05-04,Новосибирск,Уфа,Авиа,211.4,2,2,12027.96,В срок
SHP004340,2025-09-15,Казань,Санкт-Петербург,Авто,58.5,4,5,3664.4,Задержка
SHP007725,2025-08-11,Новосибирск,Уфа,Авто,352.0,5,7,4435.11,Задержка
SHP006537,2025-12-25,Казань,Уфа,Авто,292.7,2,2,2562.55,В срок
SHP007586,2025-04-30,Новосибирск,Пермь,,92.3,5,7,4628.26,Задержка
SHP007797,2025-07-13,Москва,Казань,Авто,177.7,3,3,2582.26,В срок
SHP005120,2025-11-21,Москва,Новосибирск,Авиа,120.8,3,3,15693.86,В срок
SHP000251,2025-07-24,Москва,Санкт-Петербург,Железная дорога,561.9,3,7,3685.36,Задержка
SHP002439,2025-06-20,Москва,Ростов-на-Дону,Авто,412.3,3,7,3770.46,Задержка
SHP002071,2025-09-28,Москва,Ростов-на-Дону,Железная дорога,273.6,4,4,3027.64,В срок
SHP001547,2025-03-15,Санкт-Петербург,Екатеринбург,Авто,131.6,5,5,4753.36,В срок
SHP008857,2025-07-26,Москва,Ростов-на-Дону,Авиа,281.5,2,1,7509.11,В срок
SHP005470,2025-07-07,Новосибирск,Екатеринбург,Железная дорога,379.6,4,4,3552.42,В срок
SHP003184,2025-09-03,Казань,Уфа,Авто,188.5,2,2,2367.25,В срок
SHP003309,2025-12-27,Москва,Уфа,Авиа,151.2,2,4,8419.44,Задержка
SHP002285,2025-09-29,Санкт-Петербург,Екатеринбург,Авто,130.2,5,5,4574.98,В срок
SHP008917,2025-12-02,Москва,Казань,Железная дорога,534.7,3,2,3204.51,В срок
SHP002327,2025-10-03,Казань,Уфа,Авто,311.8,2,3,2351.61,Задержка
SHP000093,2025-12-23,Москва,Ростов-на-Дону,Железная дорога,232.7,4,4,2903.4,В срок
SHP008641,2025-11-29,Москва,Казань,Железная дорога,69.3,3,3,2461.67,В срок
SHP001598,2025-07-30,Москва,Екатеринбург,Железная дорога,153.0,4,4,3228.35,В срок
SHP003450,2025-04-12,Москва,Санкт-Петербург,Железная дорога,235.0,3,3,2576.35,В срок
SHP004291,2025-05-15,Санкт-Петербург,Ростов-на-Дону,Авто,930.6,4,5,5955.02,Задержка
SHP005629,2025-11-07,Москва,Казань,Авто,292.2,3,2,2890.3,В срок
SHP000715,2025-01-29,Екатеринбург,Казань,Авто,111.1,3,3,2512.3,В срок
SHP002511,2025-04-14,Екатеринбург,Казань,Железная дорога,139.0,3,3,2416.48,В срок
SHP008209,2025-10-14,Новосибирск,Ростов-на-Дону,Железная дорога,388.9,7,7,6126.38,В срок
SHP006626,2025-01-08,Москва,Уфа,Авто,658.3,4,7,4166.07,Задержка
SHP003949,2025-06-25,Новосибирск,Екатеринбург,Железная дорога,143.2,4,4,3199.13,В срок
SHP004447,2025-12-27,Москва,Санкт-Петербург,Железная дорога,358.5,3,3,3017.51,В срок
SHP008607,2025-01-05,Санкт-Петербург,Екатеринбург,Железная дорога,277.4,5,5,4236.82,В срок
SHP005293,2025-10-16,Новосибирск,Казань,Авиа,299.3,3,3,14215.03,В срок
SHP001820,2025-10-09,Москва,Екатеринбург,Авиа,659.6,2,2,12582.55,В срок
SHP008757,2025-04-26,Москва,Нижний Новгород,Авто,543.4,2,2,3017.29,В срок
SHP001915,2025-02-15,Санкт-Петербург,Ростов-на-Дону,Авиа,1038.7,2,2,16397.01,В срок
SHP003331,2025-05-11,Санкт-Петербург,Казань,Железная дорога,118.2,4,4,3277.92,В срок
SHP000705,2025-06-16,Екатеринбург,Нижний Новгород,Авто,551.7,3,3,3758.58,В срок
SHP008519,2025-06-17,Москва,Пермь,Железная дорога,426.1,4,4,3618.47,В срок
SHP002236,2025-03-22,Москва,Новосибирск,Авиа,229.4,3,3,17366.97,В срок
SHP002467,2025-11-15,Екатеринбург,Уфа,Железная дорога,173.1,3,3,2346.51,В срок
SHP008750,2025-10-31,Санкт-Петербург,Пермь,Железная дорога,89.5,5,5,3475.44,В срок
SHP008668,2025-11-18,Санкт-Петербург,Уфа,Железная дорога,79.4,5,5,4299.3,В срок
SHP005590,2025-05-21,Санкт-Петербург,Нижний Новгород,Авиа,136.2,2,2,7821.83,В срок
SHP008415,2025-02-23,Москва,Самара,Авиа,310.2,2,2,8674.39,В срок
SHP005704,2025-06-26,Москва,Новосибирск,Железная дорога,549.7,6,6,6762.23,В срок
SHP008114,2025-05-12,Москва,Ростов-на-Дону,Железная дорога,281.9,4,4,3241.35,Задержка
SHP001327,2025-04-22,Москва,Пермь,Железная дорога,140.7,4,4,3507.1,В срок
SHP007675,2025-09-03,Москва,Самара,Авиа,187.6,2,2,7415.35,В срок
SHP006826,2025-03-15,Екатеринбург,Самара,Авто,126.2,3,5,2741.59,Задержка
SHP004917,2025-08-09,Санкт-Петербург,Самара,Авиа,298.5,2,2,11342.89,В срок
SHP004181,2025-09-29,Новосибирск,Ростов-на-Дону,ж/д,339.1,7,10,6396.05,Задержка
SHP006653,2025-04-28,Москва,Екатеринбург,Авто,745.5,4,4,5335.27,В срок
SHP000421,2025-02-08,Казань,Самара,Авто,228.4,2,2,1936.85,В срок
SHP007956,2025-01-15,Новосибирск,Москва,Авиа,190.2,3,3,16785.67,В срок
SHP007780,2025-01-25,Новосибирск,Казань,Железная дорога,683.5,5,5,5483.3,В срок
SHP000616,2025-10-06,Новосибирск,Москва,Авто,734.0,7,6,7351.64,В срок
SHP008190,2025-09-15,Санкт-Петербург,Москва,Авто,232.5,3,3,2664.43,В срок
SHP003078,2025-08-28,Москва,Нижний Новгород,Авто,53.6,2,1,1721.32,В срок
SHP000850,2025-11-22,Екатеринбург,Самара,Авиа,381.8,2,6,7782.06,Задержка
SHP003628,2025-03-19,Санкт-Петербург,Екатеринбург,Авиа,374.0,2,2,14890.4,В срок
SHP006172,2025-03-21,Москва,Казань,Авто,795.7,3,4,4631.37,Задержка
SHP005759,2025-11-22,Казань,Санкт-Петербург,Железная дорога,281.1,4,7,3349.65,Задержка
SHP002942,2025-11-09,Казань,Нижний Новгород,Авиа,433.9,2,2,6781.83,В срок
SHP008332,2025-02-19,Екатеринбург,Казань,Авто,177.3,3,3,2574.34,В срок
SHP007521,2025-08-12,Казань,Москва,Авто,366.0,3,4,3013.13,Задержка
SHP002523,2025-06-20,Новосибирск,Самара,Авиа,48.0,3,3,12720.97,В срок
SHP004938,2025-06-20,Москва,Самара,Железная дорога,72.8,4,4,2250.21,В срок
SHP006132,2025-06-16,Москва,Новосибирск,Авиа,127.2,3,3,18312.8,В срок
SHP008551,2025-04-06,Новосибирск,Казань,Железная дорога,391.0,5,5,5028.61,В срок
SHP007966,2025-05-04,Новосибирск,Екатеринбург,Железная дорога,290.9,4,4,3990.44,В срок
SHP008590,2025-02-18,Екатеринбург,Казань,Железная дорога,109.5,3,3,2457.73,В срок
SHP000271,2025-07-31,Новосибирск,Санкт-Петербург,Железная дорога,34.6,7,7,5466.6,В срок
SHP004132,2025-10-02,Санкт-Петербург,Самара,Авто,173.9,4,4,4222.35,В срок
SHP002520,2025-06-01,Казань,Пермь,Железная дорога,209.8,3,3,2326.47,В срок
SHP005815,2025-04-01,Новосибирск,Пермь,Железная дорога,829.4,5,5,5412.78,В срок
SHP008471,2025-08-17,Екатеринбург,Казань,Авто,538.6,3,6,3233.92,Задержка
SHP007284,2025-02-24,Екатеринбург,Ростов-на-Дону,Авто,292.2,5,9,5795.76,Задержка
SHP008239,2025-04-17,Казань,Новосибирск,Железная дорога,31.8,5,5,5054.0,В срок
SHP009121,2025-04-13,Санкт-Петербург,Самара,Железная дорога,71.1,4,4,2898.74,В срок
SHP002215,2025-11-27,Москва,Казань,Авто,145.5,3,3,2623.12,В срок
SHP002765,2025-06-20,Санкт-Петербург,Новосибирск,Железная дорога,428.1,7,10,5795.81,Задержка
SHP004120,2025-03-09,Москва,Уфа,Железная дорога,333.5,4,4,4067.04,В срок
SHP003061,2025-03-16,Екатеринбург,Ростов-на-Дону,Железная дорога,546.6,5,4,4478.6,В срок
SHP003797,2025-07-21,Москва,Екатеринбург,Авиа,145.8,2,2,10662.73,В срок
SHP008752,2025-11-28,Санкт-Петербург,Самара,Железная дорога,162.8,4,4,3430.52,В срок
SHP000674,2025-06-11,Новосибирск,Казань,Железная дорога,164.6,5,5,4702.41,В срок
SHP001331,2025-07-01,Санкт-Петербург,Нижний Новгород,Железная дорога,325.6,4,4,3302.77,В срок
SHP000327,2025-02-23,Новосибирск,Казань,Авиа,99.3,3,2,12038.36,В срок
SHP008805,2025-01-27,Казань,Уфа,Авто,105.2,2,5,2051.11,Задержка
SHP006329,2025-11-24,Москва,Нижний Новгород,Авто,612.2,2,2,3195.54,В срок
SHP008171,2025-01-07,Москва,Самара,Авто,337.1,3,3,3190.76,В срок
SHP005262,2025-09-21,Москва,Казань,Авто,574.2,3,3,3684.01,В срок
SHP005397,2025-09-28,Москва,Екатеринбург,Железная дорога,531.3,4,4,4092.36,В срок
SHP001471,2025-04-10,Москва,Нижний Новгород,Авто,100.2,2,2,1892.85,В срок
SHP002826,2025-09-07,Екатеринбург,Казань,Авто,307.9,3,3,3110.97,В срок
SHP006478,2025-09-20,Казань,Самара,Авто,175.0,2,2,1707.64,В срок
SHP006771,2025-09-29,Новосибирск,Ростов-на-Дону,Авиа,325.4,3,3,17706.54,В срок
SHP008302,2025-09-12,Москва,Санкт-Петербург,Авиа,218.6,2,1,7030.95,В срок
SHP008059,2025-12-28,Новосибирск,Москва,Железная дорога,111.4,6,6,5838.78,В срок
SHP008777,2025-06-30,Москва,Уфа,Железная дорога,119.3,4,4,3196.58,В срок
SHP006728,2025-10-31,Москва,Пермь,Авиа,68.4,2,0,8584.82,в срок 
SHP009110,2025-05-17,Новосибирск,Пермь,Авто,225.4,5,5,4582.2,В срок
SHP006755,2025-07-28,Санкт-Петербург,Екатеринбург,Железная дорога,177.9,5,6,4075.23,Задержка
SHP002674,2025-09-21,Новосибирск,Нижний Новгород,Железная дорога,150.6,6,6,4587.78,В срок
SHP002570,2025-12-02,Москва,Санкт-Петербург,Авто,278.7,3,3,2687.29,В срок
SHP006572,2025-01-07,Екатеринбург,Новосибирск,Железная дорога,68.3,4,4,2926.69,В срок
SHP009487,2025-09-11,Новосибирск,Екатеринбург,Железная дорога,322.5,4,4,3877.22,В срок
SHP000852,2025-02-25,Новосибирск,Санкт-Петербург,Авиа,332.4,3,3,19423.83,В срок
SHP009457,2025-07-24,Казань,Пермь,Авто,97.7,2,2,2061.75,В срок
SHP000191,2025-03-25,Казань,Уфа,Авто,198.2,2,2,2421.58,В срок
SHP006482,2025-03-03,Санкт-Петербург,Самара,Железная дорога,335.6,4,4,3917.18,В срок
SHP002021,2025-09-03,Санкт-Петербург,Казань,Авто,573.8,4,4,4561.38,В срок
SHP002797,2025-07-10,Санкт-Петербург,Пермь,Авиа,215.5,2,2,10991.29,В срок
SHP000907,2025-09-26,Казань,Уфа,Авто,312.4,2,2,2458.64,В срок
SHP001628,2025-03-18,Екатеринбург,Москва,Авиа,302.0,2,2,10564.44,В срок
SHP002499,2025-09-12,Москва,Уфа,Авто,871.7,4,4,5852.29,В срок
SHP001022,2025-03-07,Москва,Самара,Железная дорога,194.5,4,3,3317.14,В срок
SHP004518,2025-02-08,Казань,Новосибирск,Железная дорога,160.9,5,4,4210.68,В срок
SHP002176,2025-02-17,Москва,Самара,Авто,211.9,3,3,2901.59,В срок
SHP008044,2025-01-09,Екатеринбург,Санкт-Петербург,Авто,329.4,5,5,5315.61,В срок
SHP004372,2025-04-02,Новосибирск,Ростов-на-Дону,Авиа,641.1,3,3,17947.38,В срок
SHP000362,2025-12-28,Москва,Нижний Новгород,Авто,116.6,2,2,1968.11,В срок
SHP005789,2025-08-15,Москва,Ростов-на-Дону,Авто,930.8,3,3,5076.12,В срок
SHP002289,2025-02-28,Москва,Уфа,Авто,233.3,4,6,3957.8,Задержка
SHP004830,2025-12-19,Санкт-Петербург,Москва,Железная дорога,151.4,3,3,2764.25,В срок
SHP001955,2025-11-06,Москва,Казань,Железная дорога,200.0,3,3,2743.18,В срок
SHP003010,2025-07-17,Екатеринбург,Уфа,Железная дорога,288.3,3,3,2103.85,В срок
SHP003591,2025-05-02,Москва,Екатеринбург,Авиа,373.4,2,2,12086.05,В срок
SHP003172,2025-09-24,Екатеринбург,Казань,Железная дорога,414.5,3,3,3100.75,В срок
SHP009469,2025-01-20,Екатеринбург,Пермь,Железная дорога,264.7,3,3,2201.07,В срок
SHP007735,2025-09-06,Москва,Санкт-Петербург,Авто,118.1,3,3,1949.37,В срок
SHP001364,2025-07-05,Москва,Екатеринбург,Авиа,85.9,2,2,9262.6,В срок
SHP001085,2025-05-31,Санкт-Петербург,Уфа,Железная дорога,541.8,5,5,4801.21,В срок
SHP007388,2025-10-16,Санкт-Петербург,Уфа,Железная дорога,221.6,5,5,3788.54,В срок
SHP003935,2025-04-25,Санкт-Петербург,Нижний Новгород,Авиа,54.1,2,2,8002.55,В срок
SHP006399,2025-03-10,Санкт-Петербург,Москва,Авто,397.1,3,4,2993.24,Задержка
SHP005365,2025-10-20,Москва,Новосибирск,Железная дорога,310.9,6,7,5591.35,Задержка
SHP001151,2025-12-08,Екатеринбург,Казань,Авто,102.4,3,3,2451.25,В срок
SHP005846,2025-10-13,Москва,Самара,Авто,191.2,3,3,3263.8,В срок
SHP004301,2025-11-16,Москва,Екатеринбург,Авто,253.3,4,8,4441.11,Задержка
SHP006072,2025-12-13,Санкт-Петербург,Самара,Авто,329.8,4,4,3980.02,В срок
SHP002125,2025-09-24,Москва,Санкт-Петербург,Авто,82.0,3,2,2283.48,В срок
SHP002244,2025-08-21,Москва,Самара,Авиа,234.6,2,2,8193.95,В срок
SHP001464,2025-01-14,Москва,Уфа,Авиа,314.5,2,2,9321.82,В срок
SHP001621,2025-06-15,Москва,Екатеринбург,Авто,1053.4,4,4,6355.65,В срок
SHP008549,2025-10-10,Санкт-Петербург,Казань,Железная дорога,411.1,4,8,3665.86,Задержка
SHP008533,2025-02-07,Санкт-Петербург,Пермь,Авиа,316.9,2,2,10923.92,В срок
SHP004037,2025-12-19,Москва,Новосибирск,Железная дорога,393.9,6,6,6009.39,В срок
SHP009061,2025-01-30,Екатеринбург,Ростов-на-Дону,Железная дорога,210.8,5,5,4243.33,В срок
SHP007176,2025-03-23,Новосибирск,Санкт-Петербург,Железная дорога,77.7,7,7,6742.88,В срок
SHP008915,2025-08-18,Новосибирск,Москва,Авиа,254.3,3,3,17368.21,В срок
SHP007414,2025-10-08,Москва,Нижний Новгород,Железная дорога,58.2,3,3,1837.73,В срок
SHP007285,2025-09-16,Казань,Уфа,Авто,261.3,0,2,2373.04,В срок
SHP000254,2025-05-09,Новосибирск,Нижний Новгород,Железная дорога,193.2,6,5,5376.9,В срок
SHP001614,2025-06-14,Санкт-Петербург,Пермь,Железная дорога,334.3,5,5,4024.63,В срок
SHP005111,2025-05-02,Москва,Самара,Железная дорога,232.5,4,8,2844.92,Задержка
SHP007376,2025-12-14,Санкт-Петербург,Пермь,Железная дорога,435.9,5,5,3780.13,В срок
SHP009754,2025-05-22,Казань,Москва,Авто,566.0,3,3,4097.05,В срок
SHP003585,2025-04-02,Москва,Ростов-на-Дону,Авто,110.2,3,3,2818.58,В срок
SHP009551,2025-02-03,Москва,Уфа,Железная дорога,188.6,4,4,3468.53,В срок
SHP006543,2025-12-30,Москва,Самара,Железная дорога,303.8,4,4,2998.21,В срок
SHP006661,2025-12-08,Москва,Самара,Авиа,301.9,2,2,8998.84,В срок
SHP005847,2025-01-12,Казань,Самара,Авто,242.0,2,2,1756.5,В срок
SHP007153,2025-10-13,Санкт-Петербург,Москва,Железная дорога,1261.1,3,3,4641.87,В срок
SHP005159,2025-03-19,Москва,Ростов-на-Дону,Авто,516.4,3,5,3676.37,Задержка
SHP008653,2025-08-26,Москва,Нижний Новгород,Авто,160.0,2,2,1927.35,В срок
SHP005556,2025-11-28,Москва,Уфа,Железная дорога,235.4,4,4,3004.61,В срок
SHP009508,2025-12-13,Санкт-Петербург,Новосибирск,Железная дорога,208.9,7,10,5770.78,Задержка
SHP004960,2025-11-20,Новосибирск,Самара,Авто,174.3,6,6,5211.54,В срок
SHP003496,2025-04-19,Санкт-Петербург,Нижний Новгород,Авто,79.5,3,6,3044.33,Задержка
SHP003764,2025-04-17,Санкт-Петербург,Екатеринбург,Авиа,1144.4,2,2,16220.58,В срок
SHP000645,2025-10-13,Москва,Ростов-на-Дону,Железная дорога,1137.0,4,4,4282.97,В срок
SHP005244,2025-11-01,Москва,Ростов-на-Дону,Железная дорога,112.1,4,4,2746.24,В срок
SHP006005,2025-11-18,Казань,Санкт-Петербург,Железная дорога,75.6,4,4,3195.71,В срок
SHP008083,2025-01-30,Москва,Пермь,Авто,521.5,4,3,4241.61,В срок
SHP006821,2025-03-01,Казань,Ростов-на-Дону,Авто,542.0,4,4,4432.83,В срок
SHP009402,2025-01-05,Новосибирск,Москва,Железная дорога,662.8,6,6,5977.0,В срок
SHP006270,2025-03-16,Москва,Пермь,Авто,327.8,4,4,3663.57,В срок
SHP001366,2025-02-06,Москва,Уфа,Авто,894.4,4,8,4924.5,Задержка
SHP003273,2025-10-21,Санкт-Петербург,Ростов-на-Дону,Авиа,273.3,2,2,11241.71,В срок
SHP004109,2025-08-08,Москва,Новосибирск,Железная дорога,214.2,6,6,4862.9,В срок
SHP005652,2025-10-03,Санкт-Петербург,Нижний Новгород,Авто,185.2,3,3,3480.3,В срок
SHP004925,2025-05-30,Москва,Санкт-Петербург,Авто,377.9,3,5,3221.73,Задержка
SHP009141,2025-02-15,Казань,Новосибирск,Авиа,154.4,3,4,13524.54,Задержка
SHP005272,2025-06-14,Екатеринбург,Пермь,Железная дорога,371.9,3,7,2361.17,Задержка
SHP007619,2025-09-25,Москва,Нижний Новгород,Авто,456.6,2,1,2629.86,В срок
SHP005052,2025-06-05,Москва,Екатеринбург,Авто,672.1,4,4,5349.77,В срок
SHP007942,2025-08-01,Санкт-Петербург,Пермь,Железная дорога,294.7,5,5,3653.82,В срок
SHP004357,2025-03-26,Москва,Екатеринбург,,229.1,4,7,3326.88,Задержка
SHP009844,2025-09-11,Москва,Екатеринбург,Железная дорога,233.5,4,4,3834.41,В срок
SHP002936,2025-07-11,Москва,Екатеринбург,Авиа,475.3,2,2,10468.35,В срок
SHP003887,2025-08-20,Москва,Самара,Авто,204.2,3,4,2950.55,Задержка
SHP008387,2025-12-12,Казань,Ростов-на-Дону,Авто,493.6,4,4,4723.03,В срок
SHP006882,2025-10-30,Москва,Ростов-на-Дону,Авто,109.2,3,3,2729.35,В срок
SHP004424,2025-07-05,Москва,Ростов-на-Дону,Авто,588.6,3,3,4136.76,В срок
SHP001790,2025-05-11,Москва,Самара,Железная дорога,138.2,4,4,2852.08,В срок
SHP002731,2025-10-14,Москва,Самара,Авиа,951.2,2,1,11730.11,В срок
SHP001487,2025-10-18,Новосибирск,Екатеринбург,Авто,388.0,4,5,4910.76,Задержка
SHP009869,2025-08-20,Санкт-Петербург,Нижний Новгород,Железная дорога,62.0,4,4,2619.16,В срок
SHP003543,2025-03-21,Москва,Нижний Новгород,Авто,450.0,2,5,2637.78,Задержка
SHP001533,2025-12-24,Москва,Новосибирск,Железная дорога,152.9,6,8,5429.24,Задержка
SHP007562,2025-07-17,Екатеринбург,Самара,Авто,367.4,3,3,3269.73,В срок
SHP002248,2025-07-28,Москва,Нижний Новгород,Авто,143.7,2,2,1941.02,В срок
SHP008331,2025-06-19,Новосибирск,Уфа,Железная дорога,173.4,5,5,4267.8,В срок
SHP000985,2025-05-02,Санкт-Петербург,Нижний Новгород,Авто,266.1,3,3,3306.87,В срок
SHP003584,2025-05-10,Новосибирск,Москва,Железная дорога,229.7,6,6,6497.36,В срок
SHP004807,2025-06-30,Екатеринбург,Санкт-Петербург,Авто,331.8,5,5,4723.17,В срок
SHP001034,2025-10-23,Санкт-Петербург,Москва,Железная дорога,185.6,3,3,2666.63,В срок
SHP003323,2025-01-14,Москва,Ростов-на-Дону,Железная дорога,56.3,4,4,2905.34,В срок
SHP008781,2025-04-07,Санкт-Петербург,Самара,Авто,178.4,4,4,4017.36,В срок
SHP000349,2025-09-17,Москва,Самара,Железная дорога,376.7,4,4,2767.82,в срок 
SHP003745,2025-01-07,Екатеринбург,Москва,Железная дорога,-5.0,4,4,3364.56,В срок
SHP001281,2025-09-02,Москва,Екатеринбург,Железная дорога,212.2,4,3,3623.97,В срок
SHP004111,2025-05-27,Москва,Самара,Авиа,1150.5,2,1,11934.16,В срок
SHP001630,2025-04-03,Екатеринбург,ростов-на-дону,Авиа,104.4,2,4,10178.8,Задержка
SHP007760,2025-01-18,Москва,Пермь,Авто,53.1,4,4,3278.71,В срок
SHP001264,2025-07-25,Москва,Пермь,Железная дорога,350.8,4,4,3286.39,В срок
SHP004656,2025-11-21,Москва,Екатеринбург,Авто,480.7,4,4,5223.82,В срок
SHP000058,2025-04-19,Москва,Самара,Авто,396.5,3,3,3751.05,В срок
SHP004713,2025-10-11,Санкт-Петербург,Новосибирск,Авиа,312.2,3,3,18980.71,В срок
SHP000740,2025-09-20,Екатеринбург,Пермь,Авто,438.6,2,2,2344.5,В срок
SHP007116,2025-10-02,Новосибирск,Ростов-на-Дону,Авиа,955.6,3,4,23450.78,Задержка
SHP000324,2025-01-06,Екатеринбург,Санкт-Петербург,Авто,341.6,5,5,5327.5,В срок
SHP000943,2025-04-07,Екатеринбург,Новосибирск,Железная дорога,684.3,4,4,4224.91,В срок
SHP003784,2025-12-04,Москва,Новосибирск,Авто,241.0,7,7,6740.06,В срок
SHP004933,2025-10-15,Екатеринбург,Казань,Авто,157.7,3,5,3056.38,Задержка
SHP004276,2025-07-04,Санкт-Петербург,Москва,Авто,202.0,3,3,2416.71,В срок
SHP003612,2025-07-04,Новосибирск,Москва,Авиа,519.5,3,3,16252.07,В срок
SHP002288,2025-06-20,Москва,Самара,Авто,397.4,3,2,3474.99,в срок 
SHP003046,2025-10-21,Москва,Пермь,Авто,421.5,4,4,4047.17,В срок
SHP005037,2025-12-18,Москва,Санкт-Петербург,Авто,190.6,3,3,2823.86,В срок
SHP001189,2025-02-25,Новосибирск,Самара,Железная дорога,1437.9,5,5,5874.11,В срок
SHP006484,2025-07-02,Новосибирск,Екатеринбург,Авто,387.3,4,8,4615.99,Задержка
SHP005870,2025-02-21,Москва,Нижний Новгород,Авто,79.5,2,1,1948.12,В срок
SHP002571,2025-08-07,Новосибирск,Нижний Новгород,Авто,80.3,6,6,5464.24,В срок
SHP002890,2025-02-08,Москва,Пермь,Авиа,93.6,2,2,7112.91,В срок
SHP007779,2025-09-09,Новосибирск,Казань,Авиа,90.8,3,3,13607.0,В срок
SHP008403,2025-10-30,Екатеринбург,Уфа,Авто,216.5,2,2,1917.89,В срок
SHP004995,2025-01-20,Москва,Санкт-Петербург,Авто,302.3,3,3,2867.28,В срок
SHP004255,2025-12-20,Санкт-Петербург,Нижний Новгород,Авто,248.7,3,3,3386.32,В срок
SHP006876,2025-05-08,Москва,Санкт-Петербург,Железная дорога,294.9,3,3,2569.21,В срок
SHP003992,2025-12-21,Москва,Уфа,Авто,577.9,4,3,4686.68,В срок
SHP001893,2025-09-11,Новосибирск,Нижний Новгород,Железная дорога,248.5,6,5,4076.06,В срок
SHP004990,2025-01-19,Москва,Новосибирск,Железная дорога,157.3,6,6,5047.42,В срок
SHP002923,2025-02-02,Казань,Москва,Авто,224.3,3,3,3131.99,В срок
SHP009540,2025-11-28,Новосибирск,Казань,Железная дорога,300.4,5,5,4362.65,В срок
SHP000846,2025-05-18,Санкт-Петербург,Москва,Авиа,247.0,2,2,6815.9,В срок
SHP004973,2025-05-17,Санкт-Петербург,Уфа,Авто,67.2,5,5,4393.17,В срок
SHP005088,2025-02-01,Москва,Казань,Авиа,273.5,2,2,8483.1,В срок
SHP008161,2025-07-13,Москва,Ростов-на-Дону,Железная дорога,356.8,4,8,3471.26,Задержка
SHP008999,2025-06-17,Москва,Ростов-на-Дону,Авто,814.7,3,3,4187.33,В срок
SHP009642,2025-02-03,Москва,Казань,Железная дорога,1046.0,3,7,4685.84,Задержка
SHP005420,2025-11-11,Екатеринбург,Самара,Авто,488.6,3,3,3763.34,В срок
SHP008773,2025-05-23,Москва,Самара,Железная дорога,218.1,4,4,2669.55,В срок
SHP001169,2025-02-28,Новосибирск,Екатеринбург,Авиа,78.0,2,4,10291.84,Задержка
SHP005401,2025-07-22,Москва,Казань,Железная дорога,507.4,3,3,3213.11,В срок
SHP004377,2025-01-15,Новосибирск,Нижний Новгород,Авиа,239.0,3,3,17447.16,В срок
SHP006120,2025-06-28, екатеринбург,Ростов-на-Дону,Железная дорога,307.5,5,5,4087.23,В срок
SHP005580,2025-07-08,Москва,Казань,Авто,315.2,3,3,3060.94,В срок
SHP008399,2025-03-25,Москва,Екатеринбург,Железная дорога,160.4,4,4,,В срок
SHP007373,2025-05-12,Санкт-Петербург,Самара,Авто,132.5,4,3,4720.99,В срок
SHP006618,2025-08-25,Екатеринбург,Самара,Авто,178.4,3,3,2723.22,В срок
SHP001735,2025-02-09,Екатеринбург,Москва,Авто,78.8,4,3,3213.13,В срок
SHP000827,2025-04-26,Санкт-Петербург,Новосибирск,Авиа,162.4,3,3,20591.86,В срок
SHP000097,2025-05-10,Екатеринбург,Москва,Железная дорога,67.6,4,4,3466.29,В срок
SHP006678,2025-02-27,Санкт-Петербург,Новосибирск,Железная дорога,363.0,7,7,6123.15,В срок
SHP006392,2025-02-24,Казань,Москва,Авто,161.1,3,7,2769.26,Задержка
SHP004263,2025-06-12,Екатеринбург,Новосибирск,Авто,394.9,4,4,4432.93,В срок
SHP005214,2025-06-23,Москва,Новосибирск,Авиа,133.1,3,3,15761.58,В срок
SHP004596,2025-07-07,Санкт-Петербург,Пермь,Авто,569.3,4,6,5629.18,Задержка
SHP006857,2025-12-29,Санкт-Петербург,Ростов-на-Дону,Авто,217.8,4,5,4623.09,Задержка
SHP003488,2025-01-10,Москва,Самара,Железная дорога,275.0,4,4,2709.93,В срок
SHP007177,2025-09-05,Санкт-Петербург,Ростов-на-Дону,Железная дорога,664.6,5,5,5165.23,В срок
SHP005696,2025-08-24,Санкт-Петербург,Ростов-на-Дону,Авто,222.2,4,7,3911.25,Задержка
SHP007082,2025-02-08,Москва,Уфа,Авто,590.6,4,3,4902.79,В срок
SHP006396,2025-07-20,Екатеринбург,Самара,Железная дорога,492.1,4,4,3291.57,В срок
SHP001385,2025-11-01,Москва,Ростов-на-Дону,Авиа,631.9,2,2,11415.29,В срок
SHP004497,2025-12-24,Новосибирск,Ростов-на-Дону,Железная дорога,242.9,7,8,5829.98,Задержка
SHP006090,2025-02-08,Санкт-Петербург,Ростов-на-Дону,Железная дорога,407.2,5,5,4287.85,Задержка
SHP002514,2025-04-21,Москва,Ростов-на-Дону,Железная дорога,310.1,4,4,2923.17,В срок
SHP004247,2025-12-10,Москва,Санкт-Петербург,Авто,140.4,3,3,2490.33,В срок
SHP006959,2025-01-13,Москва,Екатеринбург,Авиа,325.1,2,2,11671.4,В срок
SHP003816,2025-03-09,Екатеринбург,Самара,Авто,527.0,3,6,3945.37,Задержка
SHP009868,2025-05-16,Москва,Екатеринбург,Железная дорога,140.1,4,4,3884.74,В срок
SHP007629,2025-11-27,Екатеринбург,Ростов-на-Дону,Авто,1052.2,5,5,5333.18,В срок
SHP002270,2025-12-29,Санкт-Петербург,Ростов-на-Дону,Железная дорога,118.9,5,9,3481.11,Задержка
SHP007257,2025-01-04,Москва,Новосибирск,Железная дорога,279.6,6,6,5501.02,В срок
SHP006363,2025-03-16,Санкт-Петербург,Пермь,Авто,556.7,4,4,5332.8,В срок
SHP001295,2025-10-11,Казань,Москва,Авто,420.3,3,3,3599.97,В срок
SHP007045,2025-04-20,Екатеринбург,Москва,Авиа,91.3,2,5,9328.02,Задержка
SHP001256,2025-04-08,Москва,Екатеринбург,Авто,219.0,4,4,4559.43,В срок
SHP008912,2025-07-01,Москва,Ростов-на-Дону,Авиа,530.3,2,2,10192.25,В срок
SHP007099,2025-09-03,Казань,Ростов-на-Дону,Авто,171.9,4,4,3653.56,В срок
SHP007808,2025-09-24,Казань,Самара,Авто,308.4,2,2,2427.19,В срок
SHP006439,2025-08-29,Новосибирск,Москва,Авиа,379.9,3,3,16893.35,В срок
SHP007328,2025-04-25,Москва,Санкт-Петербург,Железная дорога,132.7,3,5,2437.09,Задержка
SHP005527,2025-06-16,Москва,Казань,Авто,186.5,3,3,2788.79,В срок
SHP003843,02.09.2025,Казань,Санкт-Петербург,Железная дорога,213.4,4,4,3298.2,В срок
SHP007857,2025-05-20,Москва,Пермь,Авто,208.2,4,5,3935.74,Задержка
SHP007108,2025-09-20,Москва,Санкт-Петербург,Авто,1510.7,3,3,5443.64,В срок
SHP009135,2025-06-19,Новосибирск,Пермь,Авто,94.1,5,5,4433.38,В срок
SHP005925,2025-03-10,Москва,Ростов-на-Дону,Авиа,1025.1,2,2,12192.53,В срок
SHP006210,2025-04-03,Екатеринбург,Казань,Авиа,276.7,2,2,6867.48,В срок
SHP006408,2025-01-11,Екатеринбург,Уфа,Авто,166.7,2,2,2058.33,В срок
SHP009319,2025-08-09,Екатеринбург,Самара,Авто,346.1,3,3,3304.62,В срок
SHP002736,2025-10-07,Санкт-Петербург,Москва,Авто,251.9,3,3,2840.96,В срок
SHP006814,2025-09-22,Москва,Самара,Авто,181.0,3,3,2910.14,В срок
SHP002652,2025-12-13,Москва,Нижний Новгород,Авто,232.5,2,2,2215.57,В срок
SHP008990,2025-11-24,Москва,Уфа,Железная дорога,113.5,4,3,3019.26,В срок
SHP007370,2025-06-22,Москва,Самара,Авто,624.7,3,2,4221.12,В срок
SHP002338,2025-06-05,Москва,Пермь,Авиа,54.2,2,2,7663.67,В срок
SHP000888,2025-04-29,Новосибирск,Москва,Авиа,95.5,3,3,15150.14,В срок
SHP009076,2025-05-29,Москва,Новосибирск,Железная дорога,426.5,6,7,5303.96,Задержка
SHP004366,2025-09-24,Санкт-Петербург,Уфа,Железная дорога,160.5,5,5,3495.66,В срок
SHP002867,2025-09-12,Екатеринбург,Самара,Авто,443.3,3,7,3450.51,Задержка
SHP004999,2025-10-08,Екатеринбург,Нижний Новгород,Железная дорога,512.8,4,4,3241.65,В срок
SHP006048,2025-09-25,Москва,Уфа,Авиа,211.0,2,1,8450.46,В срок
SHP009783,2025-04-08,Екатеринбург,Пермь,Авто,226.9,2,3,2031.88,Задержка
SHP003579,2025-11-14,Москва,Пермь,Авто,530.2,4,4,4734.53,В срок
SHP001517,2025-05-14,Москва,Ростов-на-Дону,Авиа,225.0,2,2,8292.72,В срок
SHP003786,2025-07-28,Москва,Пермь,Железная дорога,221.1,4,4,3158.39,В срок
SHP009242,2025-01-31,Москва,Нижний Новгород,Авто,208.4,2,2,2337.57,В срок
SHP007737,2025-03-03,Екатеринбург,Нижний Новгород,Авто,386.5,3,3,3357.45,В срок
SHP003542,2025-03-07,Москва,Нижний Новгород,Авто,779.5,2,3,3089.63,Задержка
SHP000166,2025-10-09,Москва,Казань,Авто,97.6,3,3,2256.96,В срок
SHP004345,2025-01-08,Москва,Уфа,Железная дорога,248.7,4,4,3359.52,В срок
SHP004547,2025-06-26,Москва,Екатеринбург,Авто,208.4,4,8,3851.14,Задержка
SHP003751,2025-05-20,Санкт-Петербург,Москва,Авто,478.5,3,3,3102.66,В срок
SHP003238,2025-01-02,Москва,Новосибирск,Железная дорога,141.9,6,6,5414.96,В срок
SHP004138,2025-09-14,Москва,Ростов-на-Дону,Авто,467.7,3,6,4074.67,Задержка
SHP008987,2025-09-03,Санкт-Петербург,Ростов-на-Дону,Авиа,130.8,2,2,11692.54,В срок
SHP005636,2025-08-26,Москва,Казань,Авто,163.2,3,3,,В срок
SHP001853,2025-01-12,Москва,Самара,Авто,385.6,3,3,3958.01,В срок
SHP005909,2025-02-09,Москва,Самара,Авиа,188.1,2,2,7183.88,В срок
SHP002291,2025-01-11,Москва,Екатеринбург,Авто,162.0,4,4,3695.68,В срок
SHP002304,2025-01-07,Москва,Нижний Новгород,Авто,188.9,2,6,2075.65,Задержка
SHP004241,2025-06-01,Москва,Ростов-на-Дону,Железная дорога,154.3,4,4,2937.92,В срок
SHP009897,2025-11-13,Москва,Ростов-на-Дону,Железная дорога,419.1,4,4,3507.65,В срок
SHP003942,2025-11-30,Казань,Самара,Железная дорога,310.1,3,7,2263.14,Задержка
SHP004976,2025-09-26,Москва,Казань,Авто,516.8,3,2,4131.94,В срок
SHP001167,2025-06-22,Москва,Пермь,Авто,168.2,4,4,2829.92,В срок
SHP002353,2025-04-19,Новосибирск,Нижний Новгород,Железная дорога,95.9,6,6,4957.03,В срок
SHP006325,2025-05-01,Москва,Санкт-Петербург,Железная дорога,416.0,3,3,2878.8,В срок
SHP001113,2025-04-07,Екатеринбург,Новосибирск,Авто,109.3,4,4,3878.15,В срок
SHP000207,2025-03-16,Москва,Новосибирск,Авиа,253.6,3,3,16753.68,В срок
SHP009455,2025-04-03,Москва,Уфа,Железная дорога,93.8,4,4,3359.6,В срок
SHP001141,2025-03-16,Санкт-Петербург,Пермь,Авто,88.3,4,4,4081.87,В срок
SHP002365,27.06.2025,Москва,Екатеринбург,Железная дорога,299.5,4,4,3867.44,В срок
SHP007713,2025-07-27,Москва,Санкт-Петербург,Авто,198.8,3,7,2818.52,Задержка
SHP001643,2025-01-30,Москва,Екатеринбург,Авто,186.7,4,4,4091.66,В срок
SHP006662,2025-07-27,Москва,Нижний Новгород,Железная дорога,119.5,3,3,1881.27,В срок
SHP002131,2025-03-14,Москва,Уфа,Железная дорога,,4,4,5967.8,В срок
SHP007389,2025-11-18,Санкт-Петербург,Самара,,138.9,4,4,3515.82,В срок
SHP008170,2025-04-25,Новосибирск,Москва,Авиа,98.1,3,3,17920.83,В срок
SHP007365,2025-10-20,Новосибирск,Москва,Авиа,216.8,3,7,17665.28,Задержка
SHP003960,2025-09-23,Казань,Москва,Авто,175.1,3,7,2610.06,Задержка
SHP007949,2025-10-20,Санкт-Петербург,Ростов-на-Дону,Авиа,557.2,2,2,14381.16,В срок
SHP003265,2025-09-03,Москва,Екатеринбург,Авто,143.8,4,4,4035.47,В срок
SHP009048,2025-11-20,Москва,Самара,Авиа,161.8,2,2,6476.36,В срок
SHP007889,2025-12-26,Москва,Уфа,Железная дорога,255.5,4,4,3775.29,В срок
SHP005758,2025-07-22,Москва,Уфа,Железная дорога,160.0,4,5,3221.93,Задержка
SHP000195,2025-10-26,Казань,Санкт-Петербург,Железная дорога,316.8,4,7,3493.73,Задержка
SHP009932,2025-08-27,Москва,Пермь,Авиа,170.2,2,2,8109.76,В срок
SHP009307,2025-10-17,Санкт-Петербург,Уфа,Авиа,307.7,2,2,12796.08,В срок
SHP007705,2025-04-17,Москва,Казань,Авто,495.2,3,6,3858.73,Задержка
SHP002076,2025-06-17,Санкт-Петербург,Ростов-на-Дону,Железная дорога,94.2,5,4,3558.34,В срок
SHP000818,2025-04-03,Екатеринбург,Нижний Новгород,Железная дорога,155.8,4,4,3050.71,В срок
SHP000079,2025-07-09,Казань,Пермь,Авто,353.7,2,1,2838.77,В срок
SHP003736,2025-03-27,Москва,Санкт-Петербург,Авто,690.6,3,4,3811.86,Задержка
SHP003472,2025-09-29,Москва,Уфа,Авиа,438.2,2,2,9196.32,В срок
SHP007739,2025-12-22,Москва,Нижний Новгород,Авиа,834.0,2,3,7686.5,Задержка
SHP009089,2025-01-29,Казань,Уфа,Авто,252.7,2,4,2186.5,Задержка
SHP008321,2025-10-13,Москва,Новосибирск,Авиа,724.0,3,3,18658.97,В срок
SHP002761,2025-01-24,Москва,Самара,Авто,639.5,3,3,3950.87,В срок
SHP008817,2025-06-15,Санкт-Петербург,Самара,Железная дорога,330.1,4,3,4221.13,В срок
SHP009746,2025-11-01,Казань,Москва,Авиа,316.2,2,2,8153.41,В срок
SHP002128,2025-04-02,Казань,Уфа,Авто,239.9,2,2,2401.71,В срок
SHP001133,2025-11-05,Санкт-Петербург,Нижний Новгород,Авто,238.4,3,3,3254.03,В срок
SHP006560,2025-10-20,Екатеринбург,Москва,Авто,131.4,4,4,3608.47,В срок
SHP001567,2025-05-11,Казань,Самара,Авто,218.1,2,5,2034.17,Задержка
SHP008844,2025-08-27,Москва,Ростов-на-Дону,Авто,195.0,3,2,2989.85,В срок
SHP004513,2025-02-23,Новосибирск,Санкт-Петербург,Авиа,434.2,3,3,20311.16,В срок
SHP003645,2025-07-07,Екатеринбург,Уфа,Железная дорога,117.8,3,3,1960.15,В срок
SHP000266,2025-12-28,Екатеринбург,Новосибирск,Железная дорога,214.1,4,4,3581.93,В срок
SHP003717,2025-04-09,Санкт-Петербург,Казань,Железная дорога,422.1,4,7,3549.06,Задержка
SHP005619,2025-09-02,Москва,Новосибирск,Железная дорога,90.3,6,6,5700.98,В срок
SHP007537,2025-05-15,Екатеринбург,Уфа,Авто,510.7,2,2,3113.19,В срок
SHP004176,2025-04-22,Москва,Екатеринбург,Авто,255.6,4,4,3734.07,В срок
SHP005879,2025-04-29,Санкт-Петербург,Ростов-на-Дону,Железная дорога,201.5,5,5,4031.78,В срок
SHP001504,2025-05-06,Новосибирск,Екатеринбург,Железная дорога,385.8,4,4,3632.86,В срок
SHP002284,2025-05-20,Санкт-Петербург,Нижний Новгород,Авто,302.6,3,3,3218.23,В срок
SHP004793,2025-07-30,Москва,Екатеринбург,Авто,187.3,4,4,4162.11,В срок
SHP002863,2025-12-21,Новосибирск,Москва,Железная дорога,148.4,6,6,4882.0,В срок
SHP003131,2025-11-08,Москва,Екатеринбург,Железная дорога,153.3,4,6,3524.92,Задержка
SHP009565,2025-08-03,Екатеринбург,Москва,Железная дорога,260.0,4,4,3613.32,В срок
SHP005379,2025-07-16,Москва,Ростов-на-Дону,Железная дорога,1800.0,4,4,5612.67,В срок
SHP000832,2025-07-13,Москва,Ростов-на-Дону,Железная дорога,104.3,4,8,2846.98,Задержка
SHP002952,2025-07-19,Санкт-Петербург,Уфа,Железная дорога,891.1,5,5,4712.76,В срок
SHP008147,2025-08-29,Москва,Пермь,Железная дорога,489.2,4,4,3747.59,В срок
SHP004519,2025-10-04,Санкт-Петербург,Новосибирск,Авиа,455.0,3,4,22508.86,Задержка
SHP001180,2025-12-09,Екатеринбург,Казань,Авто,56.5,3,4,2541.77,Задержка
SHP005595,2025-04-17,Москва,Пермь,Железная дорога,139.7,4,4,3101.51,В срок
SHP004963,2025-08-01,Санкт-Петербург,Пермь,Авто,302.9,4,4,4207.87,В срок
SHP007433,2025-04-02,Новосибирск,Нижний Новгород,Авиа,327.8,3,3,17266.64,В срок
SHP000884,2025-07-26,Москва,Новосибирск,Железная дорога,372.0,6,10,5131.36,Задержка
SHP000086,2025-07-25,Казань,Екатеринбург,Авто,312.0,3,3,3007.4,В срок
SHP004886,2025-02-06,Москва,Самара,Железная дорога,363.8,4,4,3118.75,В срок
SHP007325,2025-05-15,Казань,Санкт-Петербург,Железная дорога,193.6,4,6,3434.3,Задержка
SHP006110,2025-02-25,Новосибирск,Казань,Железная дорога,171.1,5,5,4267.32,В срок
SHP009684,2025-07-01,Москва,Самара,Авто,215.9,3,3,3020.01,В срок
SHP006168,2025-05-26,Казань,Нижний Новгород,Авто,212.4,2,2,1950.26,В срок
SHP005386,2025-06-02,Казань,Нижний Новгород,Авто,330.6,2,4,2180.69,Задержка
SHP004265,2025-06-27,Новосибирск,Казань,Железная дорога,173.3,5,5,4523.91,В срок
SHP004935,2025-11-25,Екатеринбург,Новосибирск,Железная дорога,52.7,4,4,-100.0,В срок
SHP002781,2025-10-06,Москва,Самара,Железная дорога,495.7,4,3,2923.36,В срок
SHP008226,2025-12-24,Новосибирск,Самара,Железная дорога,162.3,5,5,4206.96,В срок
SHP004801,2025-06-02,Екатеринбург,Нижний Новгород,Железная дорога,201.5,4,4,3172.76,В срок
SHP003170,2025-12-20,Москва,Ростов-на-Дону,Железная дорога,323.7,4,4,3164.76,В срок
SHP007918,2025-10-01,Санкт-Петербург,Москва,Авто,151.6,3,6,2396.49,Задержка
SHP001185,2025-04-27,Москва,Пермь,Железная дорога,247.9,4,7,3449.63,Задержка
SHP002870,2025-05-08,Москва,Казань,Авто,637.5,3,3,3850.26,В срок
SHP003511,2025-09-17,Москва,Нижний Новгород,Железная дорога,113.9,3,3,2086.04,В срок
SHP001633,2025-11-19,Москва,Нижний Новгород,Железная дорога,750.5,3,5,3369.96,Задержка
SHP002979,2025-11-25,Казань,Санкт-Петербург,Железная дорога,677.9,4,4,3930.2,В срок
SHP008026,2025-06-25,Казань,Екатеринбург,Авто,137.3,3,3,2516.56,В срок
SHP003143,2025-12-26,Санкт-Петербург,Новосибирск,Авто,89.6,7,7,7532.95,В срок
SHP005253,2025-09-01,Екатеринбург,Уфа,Железная дорога,483.4,3,3,2258.01,В срок
SHP003982,2025-01-05,Санкт-Петербург,Самара,Железная дорога,294.7,4,4,4032.05,В срок
SHP007078,2025-05-08,Санкт-Петербург,Ростов-на-Дону,Железная дорога,171.5,5,5,3730.17,В срок
SHP007053,2025-09-20,Москва,Казань,Авто,94.6,3,7,2458.83,Задержка
SHP001623,2025-05-27,Москва,Самара,Авто,332.9,3,3,3206.99,В срок
SHP008126,2025-07-28,Москва,Екатеринбург,Железная дорога,408.2,4,3,3889.92,В срок
SHP008257,2025-01-22,Москва,Самара,Железная дорога,413.4,4,4,3019.65,В срок
SHP003454,2025-12-08,Санкт-Петербург,Пермь,Железная дорога,134.6,5,8,3482.2,Задержка
SHP002994,2025-08-04,Москва,Нижний Новгород,Авто,127.2,2,5,2003.04,Задержка
SHP003212,2025-01-09,Екатеринбург,Нижний Новгород,Авто,94.6,3,3,2942.43,В срок
SHP007245,2025-06-22,Новосибирск,Пермь,Железная дорога,81.2,5,5,4134.37,В срок
SHP006338,2025-03-07,Санкт-Петербург,Нижний Новгород,Авто,123.7,3,2,2693.85,В срок
SHP007639,2025-12-14,Екатеринбург,Санкт-Петербург,Железная дорога,1265.0,5,5,6630.81,В срок
SHP000618,2025-04-02,Новосибирск,Казань,Авиа,340.1,3,3,15465.41,В срок
SHP009852,2025-12-09,Екатеринбург,Самара,Железная дорога,666.5,4,7,3535.87,Задержка
SHP006146,2025-02-03,Санкт-Петербург,Казань,Железная дорога,276.2,4,4,3908.07,В срок
SHP001808,2025-08-18,Москва,Пермь,Авто,295.2,4,3,4027.98,В срок
SHP004626,2025-04-23,Москва,Екатеринбург,Авто,410.0,4,3,4580.29,В срок
SHP007908,2025-04-20,Санкт-Петербург,Ростов-на-Дону,Железная дорога,520.2,5,5,3733.53,В срок
SHP002686,2025-12-27,Москва,Самара,Авто,208.6,3,3,3513.18,В срок
SHP007598,2025-09-24,Москва,Санкт-Петербург,Авто,714.8,3,3,3760.35,В срок
SHP003695,2025-11-18,Казань,Санкт-Петербург,Железная дорога,114.7,4,4,3180.15,В срок
SHP000950,2025-05-09,Новосибирск,Москва,Авиа,304.9,3,2,17286.48,В срок
SHP006330,2025-07-11,Екатеринбург,Самара,Авто,178.9,3,3,2370.83,В срок
SHP000887,2025-01-08,Санкт-Петербург,Новосибирск,Железная дорога,190.4,7,6,5971.69,В срок
SHP001244,2025-05-01,Новосибирск,Екатеринбург,Авиа,807.1,2,2,15082.42,В срок
SHP009907,2025-09-28,Москва,Казань,Авто,622.7,3,3,3311.6,В срок
SHP004164,2025-07-08,Москва,Уфа,Железная дорога,469.3,4,5,3836.56,Задержка
SHP009621,2025-01-03,Москва,Казань,Авто,178.3,3,3,2866.47,В срок
SHP002864,2025-10-12,Санкт-Петербург,Пермь,Авиа,456.1,2,2,12535.5,В срок
SHP009411,2025-04-21,Москва,Новосибирск,Железная дорога,430.1,6,6,5600.03,В срок
SHP001657,2025-05-04,Москва,Нижний Новгород,Железная дорога,223.5,3,3,2546.91,В срок
SHP001454,2025-12-02,Москва,Самара,Авиа,798.0,2,2,10581.78,В срок
SHP003578,2025-12-15,Москва,Ростов-на-Дону,Авто,400.6,3,4,3479.75,Задержка
SHP003605,2025-05-31,Новосибирск,Казань,Авиа,417.1,3,4,15160.49,Задержка
SHP008933,2025-02-10,Новосибирск,Самара,Авиа,314.6,3,3,14356.41,В срок
SHP004896,2025-07-28,Москва,Нижний Новгород,Авиа,122.0,2,2,4903.33,В срок
SHP004911,2025-06-19,Москва,Ростов-на-Дону,Авто,91.6,3,3,2686.47,В срок
SHP003382,2025-02-12,Москва,Екатеринбург,Железная дорога,119.7,4,8,3619.88,Задержка
SHP005346,2025-01-23,Москва,Нижний Новгород,Авто,443.9,2,2,2676.61,В срок
SHP004063,2025-09-11,Казань,Пермь,Железная дорога,279.4,3,3,2567.35,В срок
SHP004783,2025-06-10,Москва,Казань,Железная дорога,196.0,3,3,2221.39,Задержка
SHP008316,2025-12-20,Москва,Санкт-Петербург,Авто,308.9,3,3,3123.04,В срок
SHP000108,2025-04-11,Москва,Казань,Авто,238.6,3,3,3020.58,В срок
SHP000518,2025-11-04,Москва,Уфа,Железная дорога,395.5,4,3,3812.5,В срок
SHP007706,2025-03-06,Санкт-Петербург,Самара,Железная дорога,144.5,4,4,3441.35,В срок
SHP003776,2025-07-11,Москва,Пермь,Железная дорога,447.5,4,4,3591.61,В срок
SHP001376,2025-01-25,Санкт-Петербург,Нижний Новгород,Железная дорога,267.1,4,5,3235.43,Задержка
SHP005339,2025-09-25,Казань,Нижний Новгород,Авто,158.5,2,4,1738.65,Задержка
SHP004734,2025-08-16,Казань,Екатеринбург,Авиа,582.7,2,2,9528.07,В срок
SHP006935,2025-07-11,Новосибирск,Ростов-на-Дону,ж/д,156.9,7,7,5501.76,В срок
SHP001131,2025-06-30,Санкт-Петербург,Екатеринбург,Железная дорога,1631.7,5,6,7028.52,Задержка
SHP003353,2025-06-21,Казань,Нижний Новгород,Авиа,209.7,2,1,5592.78,В срок
SHP005713,2025-11-04,Москва,Пермь,Железная дорога,335.4,4,4,3536.82,В срок
SHP000681,2025-09-14,Москва,Пермь,Авто,77.6,4,4,3549.49,В срок
SHP003765,2025-11-20,Санкт-Петербург,Москва,Железная дорога,233.0,3,7,2568.76,Задержка
SHP007271,2025-01-11,Москва,Новосибирск,Авиа,489.3,3,3,19882.76,В срок
SHP009366,2025-04-18,Новосибирск,Пермь,Железная дорога,134.5,5,5,3705.56,В срок
SHP005068,2025-09-23,Москва,Нижний Новгород,Железная дорога,105.2,3,3,2325.71,В срок
SHP003503,2025-03-06,Москва,Екатеринбург,Железная дорога,78.0,4,4,3352.72,В срок
SHP000772,2025-08-11,Санкт-Петербург,Пермь,Авто,290.0,4,3,4204.63,В срок
SHP004113,2025-07-02,Москва,Ростов-на-Дону,Железная дорога,340.6,4,4,2964.37,В срок
SHP000235,2025-02-04,Москва,Самара,Авто,342.3,3,5,3519.99,Задержка
SHP004306,2025-07-26,Новосибирск,Пермь,Железная дорога,138.3,5,5,4240.37,В срок
SHP007149,2025-12-27,Санкт-Петербург,Уфа,Авто,238.6,5,7,4705.42,Задержка
SHP008300,2025-12-15,Москва,Санкт-Петербург,Авто,486.7,3,3,3257.89,В срок
SHP001291,2025-10-17,Санкт-Петербург,Самара,Железная дорога,585.7,4,4,4000.34,В срок
SHP000739,2025-12-06,Санкт-Петербург,Новосибирск,Авиа,707.9,3,3,18647.58,В срок
SHP006286,2025-08-18,Санкт-Петербург,Екатеринбург,Железная дорога,143.7,5,5,4198.74,В срок
SHP006963,2025-09-26,Москва,Казань,Авто,559.4,3,2,3024.87,В срок
SHP004470,2025-03-29,Москва,Казань,Авто,438.4,3,4,3445.51,Задержка
SHP001620,2025-08-17,Екатеринбург,Нижний Новгород,Авиа,305.7,2,2,9937.16,В срок
SHP000335,2025-10-13,Москва,Новосибирск,Железная дорога,282.5,6,6,5875.62,В срок
SHP006705,2025-04-13,Новосибирск,Самара,Авиа,262.9,3,3,14067.87,В срок
SHP005403,2025-01-21,Санкт-Петербург,Москва,Авто,105.4,3,5,2610.2,Задержка
SHP000400,2025-10-02,Москва,Ростов-на-Дону,Авто,737.6,3,3,4610.67,В срок
SHP008550,16.09.2025,Новосибирск,Нижний Новгород,Железная дорога,96.6,6,6,4803.17,В срок
SHP002238,2025-09-21,Москва,Самара,Железная дорога,186.6,4,4,2869.11,В срок
SHP002699,2025-06-06,Москва,Нижний Новгород,Авто,620.9,2,2,3215.31,В срок
SHP001363,2025-08-11,Москва,Екатеринбург,Железная дорога,148.3,4,4,3942.8,В срок
SHP007697,2025-05-25,Москва,Новосибирск,Железная дорога,270.2,6,5,5735.27,В срок
SHP009045,2025-03-12,Санкт-Петербург,Пермь,Железная дорога,491.0,5,9,4126.19,Задержка
SHP000797,2025-08-11,Екатеринбург,Новосибирск,Железная дорога,276.1,4,7,3879.0,Задержка
SHP007802,2025-04-25,Екатеринбург,Казань,Авто,172.8,3,3,2872.67,В срок
SHP002627,2025-12-28,Москва,Уфа,Железная дорога,,4,4,3216.27,В срок
SHP003414,2025-01-23,Москва,Ростов-на-Дону,Авиа,196.7,2,2,8206.78,В срок
SHP001503,2025-10-10,Москва,Уфа,Авто,652.7,4,4,4443.84,В срок
SHP001518,2025-02-06,Казань,Пермь,Авто,292.9,2,6,2628.79,Задержка
SHP008289,2025-08-14,Москва,Нижний Новгород,Авто,99.1,2,6,1743.93,Задержка
SHP006822,2025-06-02,Казань,Самара,Авто,326.8,2,3,2199.74,Задержка
SHP004036,2025-02-14,Екатеринбург,Москва,Авто,423.8,4,4,5161.41,В срок
SHP008133,2025-08-09,Казань,Ростов-на-Дону,Железная дорога,249.4,4,7,2681.86,Задержка
SHP005136,2025-03-19,Москва,Екатеринбург,Железная дорога,120.8,4,4,3362.5,В срок
SHP009700,2025-02-19,Екатеринбург,Москва,Железная дорога,305.8,4,4,3747.44,В срок
SHP007469,2025-04-25,Санкт-Петербург,Ростов-на-Дону,Железная дорога,240.0,5,5,3899.99,В срок
SHP000431,2025-02-14,Казань,Самара,Железная дорога,736.0,3,3,2792.4,В срок
SHP002392,2025-04-17,Москва,Ростов-на-Дону,Железная дорога,247.2,4,5,2931.63,Задержка
SHP003988,2025-01-27,Москва,Уфа,Авиа,636.6,2,1,12001.94,В срок
SHP006475,2025-09-14,Екатеринбург,Уфа,Авто,239.0,2,2,2222.22,В срок
SHP002383,2025-12-07,Екатеринбург,Уфа,Железная дорога,250.4,3,3,2101.6,В срок
SHP000829,2025-04-18,Санкт-Петербург,Москва,Авто,86.2,3,3,2391.23,В срок
SHP002683,2025-04-18,Москва,Санкт-Петербург,Авто,355.3,3,3,2794.03,В срок
SHP006882,2025-10-30,Москва,Ростов-на-Дону,Авто,109.2,3,3,2729.35,В срок
SHP006099,2025-01-27,Москва,Пермь,Авто,1100.4,4,4,5286.82,В срок
SHP004500,2025-07-13,Санкт-Петербург,Екатеринбург,Авто,512.5,5,5,5001.61,В срок
SHP005195,2025-08-23,Екатеринбург,Новосибирск,Авто,70.1,4,4,3549.05,В срок
SHP008859,2025-02-18,Москва,Уфа,Железная дорога,358.4,4,5,3395.79,Задержка
SHP008617,2025-04-11,Москва,Екатеринбург,Железная дорога,362.6,4,7,3972.1,Задержка
SHP006304,2025-03-30,Казань,Уфа,Железная дорога,775.4,3,4,3202.45,Задержка
SHP002191,2025-07-13,Санкт-Петербург,Ростов-на-Дону,Железная дорога,443.8,5,5,4280.0,В срок
SHP007621,2025-09-02,Москва,Пермь,Железная дорога,272.3,4,4,3636.91,В срок
SHP005128,2025-03-01,Санкт-Петербург,Новосибирск,Авиа,532.5,3,3,21539.4,В срок
SHP003590,2025-05-29,Москва,Екатеринбург,Авто,158.8,4,4,4345.79,В срок
SHP008040,2025-11-28,Санкт-Петербург,Уфа,Авто,186.4,5,7,4388.28,Задержка
SHP009781,2025-12-03,Екатеринбург,Санкт-Петербург,Железная дорога,208.1,5,5,4063.46,В срок
SHP004015,2025-10-23,Москва,Новосибирск,Авиа,139.1,3,3,16113.26,В срок
SHP008369,2025-11-15,Москва,Санкт-Петербург,Авто,280.8,3,3,3037.63,В срок
SHP004756,2025-10-29,Санкт-Петербург,Ростов-на-Дону,Авиа,537.8,2,2,12329.66,В срок
SHP008514,2025-06-29,Москва,Казань,Авто,319.8,3,2,3413.13,В срок
SHP002431,2025-06-15,Москва,Казань,Авиа,607.6,2,3,9819.94,Задержка
SHP008312,2025-02-07,Москва,Уфа,Авто,585.6,4,4,4906.81,В срок
SHP007085,2025-09-04,Новосибирск,Екатеринбург,Авиа,753.8,2,2,12623.42,В срок
SHP004511,2025-12-14,Екатеринбург,Санкт-Петербург,Авиа,312.2,2,2,10271.7,В срок
SHP004446,2025-08-30,Москва,Новосибирск,Железная дорога,98.8,6,6,5619.54,В срок
SHP009643,2025-09-02,Казань,Нижний Новгород,,105.3,3,3,1978.84,В срок
SHP003391,2025-06-30,Екатеринбург,Москва,Авто,37.9,4,4,3272.32,В срок
SHP009680,2025-08-30,Москва,Казань,Авто,78.8,3,3,2490.58,В срок
SHP009215,2025-04-15,Екатеринбург,Ростов-на-Дону,Железная дорога,208.4,5,5,3548.04,В срок
SHP002242,2025-08-29,Екатеринбург,Казань,Авто,105.1,3,3,2473.21,В срок
SHP003375,2025-06-21,Казань,Нижний Новгород,Железная дорога,833.5,3,3,2921.94,В срок
SHP000198,2025-02-12,Москва,Казань,Авто,73.1,3,2,2500.12,В срок
SHP005816,2025-10-29,Москва,Казань,Авто,237.2,3,5,2914.17,Задержка
SHP000799,2025-01-23,Москва,Новосибирск,Железная дорога,195.5,6,6,5685.55,В срок
SHP006164,2025-10-01,Новосибирск,Екатеринбург,Железная дорога,753.0,4,5,4156.98,Задержка
SHP001278,2025-10-10,Санкт-Петербург,Нижний Новгород,Авто,153.0,3,7,3157.18,Задержка
SHP006340,2025-09-04,Санкт-Петербург,Новосибирск,Авто,74.1,7,8,6648.2,Задержка
SHP003803,2025-08-01,Москва,Ростов-на-Дону,Авто,134.1,3,5,2965.56,Задержка
SHP009821,24.11.2025,Санкт-Петербург,Ростов-на-Дону,Авто,104.1,4,4,4138.38,В срок
SHP003081,2025-11-21,Новосибирск,Казань,Железная дорога,1210.8,5,5,6289.83,В срок
SHP003376,2025-10-14,Москва,Екатеринбург,Авиа,166.9,2,2,9917.9,В срок
SHP000485,2025-12-01,Москва,Новосибирск,Железная дорога,594.1,6,6,5638.41,В срок
SHP009931,2025-06-05,Санкт-Петербург,Уфа,Авиа,150.9,2,2,11600.18,В срок
SHP001580,2025-11-20,Москва,Уфа,Авто,435.4,4,3,4267.03,В срок
SHP001876,2025-12-11,Москва,Пермь,Авто,90.6,4,4,3390.5,В срок
SHP002696,2025-09-21,Казань,Екатеринбург,Авто,530.0,3,4,3706.1,Задержка
SHP008004,2025-05-29,Санкт-Петербург,Нижний Новгород,Железная дорога,48.3,4,4,2736.62,В срок
SHP005344,2025-06-08,Екатеринбург,Москва,Авто,282.2,4,4,4115.78,В срок
SHP004806,2025-06-10,Москва,Казань,Железная дорога,447.6,3,3,3201.98,В срок
SHP000011,2025-08-22,Казань,Нижний Новгород,Авто,161.6,2,2,2080.36,В срок
SHP005170,2025-11-08,Екатеринбург,Санкт-Петербург,Железная дорога,40.1,5,6,4402.93,Задержка
SHP000416,03.12.2025,Санкт-Петербург,Уфа,Железная дорога,95.3,5,5,3364.1,В срок
SHP008048,30.09.2025,Казань,Нижний Новгород,Авто,420.1,2,4,2490.08,Задержка
SHP005534,2025-05-08,Москва,Уфа,Авто,522.5,4,7,4372.0,Задержка
SHP009972,2025-02-13,Санкт-Петербург,Нижний Новгород,Авто,181.3,3,2,3196.73,В срок
SHP006264,2025-11-22,Екатеринбург,Пермь,Авто,841.6,2,3,3233.05,Задержка
SHP009244,2025-03-26,Москва,Уфа,Авто,556.9,4,4,4235.84,В срок
SHP008893,2025-01-08,Москва,Ростов-на-Дону,Авиа,253.3,2,2,8075.7,В срок
SHP004767,2025-01-07,Москва,Ростов-на-Дону,Авиа,1073.6,2,2,10357.07,В срок
SHP009368,2025-11-02,Москва,Нижний Новгород,Авто,746.5,2,5,3757.24,Задержка
SHP009146,2025-12-28,Казань,Москва,Авто,87.3,3,3,2757.38,В срок
SHP000803,2025-12-23,Новосибирск,Уфа,Авиа,213.3,2,2,11789.83,В срок
SHP004069,2025-11-29,Москва,Казань,Авто,191.5,3,2,2574.43,В срок
SHP007097,2025-03-23,Москва,Санкт-Петербург,Авто,53.5,3,3,2268.75,В срок
SHP005224,2025-06-23,Екатеринбург,Уфа,Авто,313.4,2,2,2200.83,В срок
SHP008444,2025-05-11,Москва,Уфа,Авиа,492.4,2,2,11439.5,В срок
SHP002286,2025-03-15,Москва,Новосибирск,Авиа,494.0,3,3,16407.25,В срок
SHP002151,2025-01-29,Екатеринбург,Новосибирск,Авто,80.0,4,4,3959.39,В срок
SHP001369,2025-12-02,Казань,Екатеринбург,Авто,777.8,3,3,4098.46,В срок
SHP009008,2025-05-21,Новосибирск,Ростов-на-Дону,Железная дорога,495.5,7,7,6309.97,В срок
SHP004151,2025-02-18,Москва,Пермь,Авто,367.7,4,7,3824.32,Задержка
SHP007471,2025-12-19,Москва,Уфа,Авиа,233.0,2,2,8975.75,В срок
SHP009493,2025-10-01,Екатеринбург,Новосибирск,Железная дорога,97.7,4,3,3610.79,В срок
SHP009034,2025-11-05,Екатеринбург,Новосибирск,Железная дорога,534.4,4,4,4179.58,В срок
SHP006127,2025-08-25,Москва,Пермь,Авто,228.4,4,4,3550.93,В срок
SHP003538,2025-07-10,Москва,Нижний Новгород,Железная дорога,235.8,3,2,2383.08,В срок
SHP006855,2025-05-06,Москва,Пермь,Авто,704.0,4,5,4578.12,Задержка
SHP008683,2025-07-23,Екатеринбург,Ростов-на-Дону,Железная дорога,926.4,5,5,5218.32,В срок
SHP009538,05.09.2025,Москва,Новосибирск,Авиа,170.4,3,2,16490.77,В срок
SHP009648,2025-06-06,Санкт-Петербург,Пермь,Железная дорога,212.9,5,5,3420.91,В срок
SHP007535,2025-01-01,Екатеринбург,Санкт-Петербург,Авто,297.3,5,4,4572.48,В срок
SHP008168,2025-03-04,Москва,Пермь,Железная дорога,554.2,4,6,4210.91,Задержка
SHP008419,2025-06-28,Новосибирск,Москва,Железная дорога,458.9,6,6,5264.4,В срок
SHP002124,2025-08-20,Москва,Нижний Новгород,Авто,356.6,2,2,2686.85,В срок
SHP008266,2025-07-17,Москва,Пермь,Железная дорога,119.0,4,4,,В срок
SHP009670,2025-11-22,Москва,Самара,Железная дорога,180.5,4,5,2513.55,Задержка
SHP002307,2025-09-08,Санкт-Петербург,Екатеринбург,Железная дорога,102.5,5,5,3657.98,В срок
SHP001483,2025-07-12,Новосибирск,Самара,Авто,104.7,6,6,4960.6,В срок
SHP001430,2025-12-18,Казань,Уфа,Авто,146.2,2,2,1894.74,В срок
SHP002756,2025-07-12,Санкт-Петербург,Казань,Авиа,555.2,2,2,10860.99,В срок
SHP005957,2025-04-17,Москва,Казань,Авто,92.4,3,3,2656.69,В срок
SHP004851,2025-07-13,Санкт-Петербург,Нижний Новгород,Авиа,188.4,2,2,8439.14,В срок
SHP007858,2025-12-18,Москва,Новосибирск,Железная дорога,442.5,6,6,5783.1,В срок
SHP003728,2025-04-21,Новосибирск,Екатеринбург,Авто,190.5,4,4,3853.9,В срок
SHP001804,2025-03-28,Санкт-Петербург,Пермь,Авто,487.9,4,4,5348.56,В срок
SHP002219,2025-02-13,Москва,Уфа,Авто,452.1,4,4,4246.56,В срок
SHP006957,2025-03-10,Новосибирск,Самара,Железная дорога,716.2,5,5,5570.87,В срок
SHP006881,2025-11-13,Новосибирск,Уфа,Авто,204.2,5,5,5143.69,В срок
SHP004274,2025-06-11,Новосибирск,Самара,Железная дорога,61.4,5,4,4534.69,В срок
SHP006794,2025-09-17,Москва,Казань,Авто,111.1,3,7,2577.65,Задержка
SHP004715,2025-01-22,Санкт-Петербург,Уфа,Авиа,612.3,2,2,11559.8,В срок
SHP002268,2025-03-06,Санкт-Петербург,Уфа,Авто,392.3,5,6,4248.77,Задержка
SHP002178,2025-01-18,Екатеринбург,Пермь,Железная дорога,79.7,3,2,1963.32,В срок
SHP007417,2025-11-11,Казань,Новосибирск,Железная дорога,260.2,5,8,5866.12,Задержка
SHP002543,2025-05-13,Москва,Уфа,Железная дорога,947.5,4,4,3814.45,В срок
SHP002196,2025-04-04,Санкт-Петербург,Казань,Авто,1062.5,4,8,5675.53,Задержка
SHP005042,2025-05-11,Новосибирск,Нижний Новгород,Железная дорога,404.1,6,6,5773.25,В срок
SHP002161,2025-04-29,Екатеринбург,Самара,Железная дорога,276.9,4,4,2844.49,В срок
SHP006999,2025-04-09,Москва,Уфа,Авто,158.1,4,3,3321.13,В срок
SHP002137,2025-02-16,Казань,Екатеринбург,Авто,758.9,3,3,3881.74,В срок
SHP003723,2025-04-30,Екатеринбург,Уфа,Авто,664.2,2,2,3102.32,В срок
SHP004168,2025-12-18,Санкт-Петербург,Новосибирск,Авто,534.9,7,6,7371.0,В срок
SHP001899,2025-08-01,Екатеринбург,Новосибирск,Железная дорога,149.9,4,4,3596.55,В срок
SHP003159,2025-07-22,Новосибирск,Уфа,Авто,190.1,5,8,5075.9,Задержка
SHP008849,2025-11-08,Новосибирск,Самара,Железная дорога,129.7,5,5,4562.34,В срок
SHP009909,2025-03-31,Санкт-Петербург,Пермь,Авто,120.2,4,4,4251.61,В срок
SHP001854,2025-07-01,Казань,Новосибирск,Железная дорога,162.4,5,5,4141.93,В срок
SHP005830,2025-10-21,Екатеринбург,Самара,Авто,1052.1,3,3,4499.04,В срок
SHP005384,2025-08-28,Екатеринбург,Пермь,Железная дорога,278.6,3,3,2298.2,В срок
SHP002078,2025-02-09,Екатеринбург,Санкт-Петербург,Железная дорога,71.4,5,5,3660.43,В срок
SHP004444,2025-02-03,Москва,Екатеринбург,Авиа,262.1,2,5,10463.09,Задержка
SHP003407,2025-11-02,Москва,Самара,Авто,212.1,3,4,2919.83,Задержка
SHP001380,2025-01-27,Москва,Екатеринбург,Авиа,385.4,2,1,10418.68,В срок
SHP006810,2025-04-25,Новосибирск,Ростов-на-Дону,Авиа,248.9,3,3,16779.46,В срок
SHP005431,2025-12-12,Москва,Ростов-на-Дону,Авиа,637.0,2,2,10464.75,В срок
SHP006627,2025-09-28,Москва,Нижний Новгород,Авто,265.1,2,2,2213.04,В срок
SHP005104,2025-09-29,Москва,Пермь,Железная дорога,61.5,4,4,3121.34,В срок
SHP005897,2025-12-24,Санкт-Петербург,Нижний Новгород,Авто,359.2,3,3,3303.53,В срок
SHP001902,2025-05-20,Москва,Нижний Новгород,Авто,285.3,2,2,2312.71,В срок
SHP006208,2025-05-16,Казань,Екатеринбург,Авто,122.5,3,3,2940.97,В срок
SHP009751,2025-01-31,Санкт-Петербург,Пермь,Железная дорога,1695.7,5,5,6597.27,В срок
SHP001582,2025-01-20,Москва,Пермь,Авто,56.5,4,6,3334.57,Задержка
SHP001060,2025-07-13,Санкт-Петербург,Новосибирск,Авиа,186.6,3,3,17121.88,В срок
SHP009212,2025-06-19,Москва,Новосибирск,Железная дорога,403.4,6,5,5470.04,В срок
SHP006908,2025-06-07,Москва,Санкт-Петербург,Авто,242.5,3,4,2637.46,Задержка
SHP000323,2025-04-25,Москва,Нижний Новгород,Авто,641.8,2,5,2953.1,Задержка
SHP007417,2025-11-11,Казань,Новосибирск,Железная дорога,260.2,5,8,5866.12,Задержка
SHP009182,2025-03-29,Москва,Самара,Авиа,518.0,2,2,9111.91,В срок
SHP009719,2025-06-16,Москва,Казань,Железная дорога,199.9,3,3,2639.87,В срок
SHP000838,2025-12-02,Москва,Санкт-Петербург,авто ,90.1,3,3,2343.79,В срок
SHP004191,2025-03-20,Казань,Ростов-на-Дону,Авто,91.8,4,4,3204.76,В срок
SHP004833,2025-07-16,Новосибирск,Пермь,Железная дорога,238.5,5,5,4220.92,В срок
SHP001088,2025-10-11,Москва,Казань,Авто,219.6,3,3,2808.92,В срок
SHP001604,2025-04-17,Санкт-Петербург,Самара,Железная дорога,832.6,4,4,4532.3,В срок
SHP007875,2025-08-29,Москва,Ростов-на-Дону,Авто,258.8,3,3,3220.81,В срок
SHP004175,2025-11-06,Москва,Нижний Новгород,Авто,1162.6,2,2,4794.28,В срок
SHP003459,2025-12-12,Москва,Уфа,Железная дорога,121.3,4,4,3132.51,В срок
SHP005009,2025-02-02,Екатеринбург,Москва,Авто,120.8,4,5,,Задержка
SHP004068,2025-11-15,Екатеринбург,Уфа,Авто,192.5,2,2,2150.33,В срок
SHP009814,2025-01-01,Новосибирск,Самара,Авиа,191.5,3,3,13313.23,В срок
SHP009663,2025-04-08,Казань,Самара,Авто,64.2,2,2,1524.42,В срок
SHP002449,2025-08-08,Москва,Уфа,Железная дорога,355.8,4,4,3755.76,В срок
SHP009514,2025-05-19,Москва,Самара,Авиа,180.8,2,2,8027.13,В срок
SHP008234,2025-05-19,Москва,Ростов-на-Дону,Авто,272.3,3,7,3419.96,Задержка
SHP006198,2025-10-18,Москва,Ростов-на-Дону,Авиа,109.4,2,2,7386.15,В срок
SHP000132,2025-05-13,Казань,Москва,Авто,117.9,3,3,2374.08,В срок
SHP000526,2025-04-08,Москва,Самара,Железная дорога,292.9,4,4,2981.7,В срок
SHP004868,2025-03-20,Москва,Санкт-Петербург,Железная дорога,65.6,3,3,2325.82,В срок
SHP007140,2025-10-19,Москва,Ростов-на-Дону,Авиа,192.5,2,2,8238.63,В срок
SHP007299,2025-01-24,Москва,Новосибирск,Авиа,519.4,3,3,19298.82,В срок
SHP003032,2025-06-14,Санкт-Петербург,Ростов-на-Дону,Авиа,408.8,2,2,12030.06,В срок
SHP000583,2025-02-19,Москва,Ростов-на-Дону,Железная дорога,1104.0,4,4,4622.0,В срок
SHP009737,2025-03-20,Екатеринбург,Уфа,Авто,44.8,2,2,1481.8,В срок
SHP004393,2025-08-29,Санкт-Петербург,Пермь,Железная дорога,109.4,5,4,3626.78,В срок
SHP003941,2025-10-13,Казань,Пермь,Авто,586.6,2,2,3200.12,В срок
SHP007612,2025-02-26,Санкт-Петербург,Ростов-на-Дону,Железная дорога,190.6,5,9,4078.2,Задержка
SHP006696,2025-09-26,Санкт-Петербург,Уфа,Железная дорога,116.6,5,8,3848.84,Задержка
SHP005970,2025-10-15,Санкт-Петербург,Новосибирск,Авто,884.4,7,7,8195.29,В срок
SHP000532,2025-04-27,Санкт-Петербург,Москва,Железная дорога,83.6,3,3,2527.53,В срок
SHP004487,2025-08-23,Москва,Самара,Авто,394.9,3,3,3432.97,В срок
SHP003732,2025-07-30,Москва,Санкт-Петербург,Авто,192.3,3,3,2303.55,В срок
SHP007489,2025-11-07,Москва,Казань,Авто,327.1,3,2,3002.23,В срок
SHP004731,2025-05-25,Москва,Ростов-на-Дону,Железная дорога,399.5,4,4,3300.33,В срок
SHP000408,2025-12-06,Москва,Самара,Железная дорога,181.1,4,3,2863.01,В срок
SHP009096,2025-01-06,Москва,Пермь,Железная дорога,1271.3,4,4,5358.1,В срок
SHP004107,2025-01-01,Екатеринбург,Пермь,Железная дорога,278.5,3,4,2243.4,Задержка
SHP000977,2025-06-04,Екатеринбург,Пермь,Авто,310.6,2,2,1956.63,В срок
SHP006890,2025-09-08,Санкт-Петербург,Казань,Железная дорога,280.2,4,7,3953.76,Задержка
SHP001316,2025-10-18,Екатеринбург,Уфа,Авто,68.0,2,2,1702.63,В срок
SHP008581,2025-03-01,Москва,Самара,Железная дорога,63.6,4,4,2443.76,В срок
SHP008243,2025-10-15,Москва,Казань,Железная дорога,233.6,3,3,2478.67,В срок
SHP003830,2025-04-11,Новосибирск,Пермь,Железная дорога,828.2,5,8,5376.35,Задержка
SHP002819,2025-05-07,Санкт-Петербург,Уфа,Авиа,216.8,2,2,10646.03,В срок
SHP001279,2025-12-20,Москва,Санкт-Петербург,Авто,580.0,3,3,3771.26,В срок
SHP005560,2025-03-28,Санкт-Петербург,Самара,Железная дорога,526.7,4,4,4158.68,В срок
SHP001221,2025-10-30,Москва,Пермь,Авто,275.6,4,4,3570.86,В срок
SHP009650,2025-09-15,Москва,Уфа,Железная дорога,147.7,4,4,2704.61,В срок
SHP005108,2025-12-23,Екатеринбург,Новосибирск,Авто,168.4,4,8,3845.62,Задержка
SHP009863,2025-10-12,Екатеринбург,Уфа,Авто,321.0,2,5,2438.25,Задержка
SHP008545,2025-02-19,Санкт-Петербург,Казань,Железная дорога,232.9,4,4,3763.7,В срок
SHP000633,2025-12-01,Екатеринбург,Казань,Авто,106.3,3,3,2468.39,В срок
SHP009006,2025-01-23,Новосибирск,Москва,Железная дорога,225.7,6,7,5741.5,Задержка
SHP000826,2025-09-05, москва ,Екатеринбург,Железная дорога,238.4,4,7,3424.05,Задержка
SHP009453,2025-02-26,Москва,Нижний Новгород,Авто,411.9,2,4,2540.81,Задержка
SHP006939,2025-04-24,Санкт-Петербург,Екатеринбург,Железная дорога,187.3,5,5,3778.96,В срок
SHP005164,2025-01-24,Москва,Санкт-Петербург,Железная дорога,175.9,3,3,2681.04,В срок
SHP006022,2025-08-15,Санкт-Петербург,Нижний Новгород,Авиа,351.0,2,2,7770.81,В срок
SHP007997,2025-05-27,Москва,Самара,Авиа,568.0,2,2,9344.12,В срок
SHP008318,2025-08-29,Новосибирск,Санкт-Петербург,Авиа,145.9,3,3,15573.05,В срок
SHP007893,2025-04-01,Москва,Самара,Авиа,599.7,2,2,10419.45,В срок
SHP001680,2025-07-31,Санкт-Петербург,Москва,Авто,309.9,3,3,2722.0,В срок
SHP000823,2025-10-16,Казань,Новосибирск,Железная дорога,251.3,5,5,4431.89,В срок
SHP003724,2025-10-25,Екатеринбург,Нижний Новгород,Авиа,259.6,2,2,9434.61,В срок
SHP001996,2025-10-11,Москва,Екатеринбург,Железная дорога,237.1,4,4,3896.15,В срок
SHP003772,2025-09-08,Новосибирск,Пермь,Авиа,380.4,2,1,12312.19,В срок
SHP003987,2025-02-17,Екатеринбург,Москва,Железная дорога,102.0,4,4,2997.49,В срок
SHP006871,2025-02-03,Екатеринбург,Москва,Авто,192.3,4,4,4328.65,В срок
SHP005017,2025-06-13,Санкт-Петербург,Новосибирск,Авто,515.9,7,7,8590.86,В срок
SHP000938,2025-04-13,Санкт-Петербург,Ростов-на-Дону,Железная дорога,496.5,5,5,4397.11,В срок
SHP001220,2025-04-22,Москва,Екатеринбург,Железная дорога,112.4,4,4,3375.83,В срок
SHP008172,2025-10-12,Москва,Новосибирск,Железная дорога,117.3,6,6,5514.28,В срок
SHP007763,2025-05-21,Екатеринбург,Москва,Железная дорога,923.4,4,4,4718.18,В срок
SHP004019,2025-02-06,Москва,Казань,Авто,273.6,3,3,3156.31,В срок
SHP000378,2025-04-24,Екатеринбург,Новосибирск,Авто,485.7,4,4,4841.78,В срок
SHP009256,2025-03-25,Санкт-Петербург,Самара,Авто,185.8,4,4,3561.49,В срок
SHP008179,2025-01-28,Санкт-Петербург,Пермь,Авто,302.1,4,4,4512.69,В срок
SHP001456,2025-02-24,Санкт-Петербург,Казань,Железная дорога,293.1,4,4,3249.92,В срок
SHP001015,2025-01-16,Москва,Ростов-на-Дону,,570.8,2,2,11130.36,В срок
SHP003122,2025-12-05,Москва,Уфа,Железная дорога,532.5,4,4,4187.07,В срок
SHP005060,2025-12-11,Казань,Екатеринбург,Железная дорога,171.9,3,4,2539.8,Задержка
SHP003876,2025-11-13,Москва,Санкт-Петербург,Авто,186.4,3,3,2655.86,В срок
SHP004698,2025-02-23,Москва,Уфа,Авиа,284.2,2,2,10199.16,В срок
SHP008852,2025-12-21,Москва,Пермь,Железная дорога,274.8,4,7,3765.74,Задержка
SHP008794,2025-08-02,Москва,Самара,Железная дорога,484.7,4,4,3129.07,В срок
SHP003460,2025-08-24,Москва,Уфа,Железная дорога,258.6,4,4,3507.7,В срок
SHP000220,2025-12-16,Москва,Самара,Авиа,139.8,2,1,7643.3,В срок
SHP007072,2025-09-07,Москва,Самара,Железная дорога,169.9,4,7,2843.53,Задержка
SHP001029,03.05.2025,Москва,Нижний Новгород,Авто,390.9,2,4,2370.24,Задержка
SHP000910,2025-01-14,Санкт-Петербург,Казань,Железная дорога,406.0,4,4,3432.75,В срок
SHP005771,2025-01-22,Казань,Ростов-на-Дону,Железная дорога,107.4,4,5,3184.55,Задержка
SHP008400,2025-08-21,Екатеринбург,Ростов-на-Дону,Авиа,238.5,2,2,10620.01,В срок
SHP007137,2025-12-01,Москва,Ростов-на-Дону,Железная дорога,159.1,4,4,2785.62,В срок
SHP000553,2025-01-25,Москва,Нижний Новгород,Авто,110.7,2,3,1852.61,Задержка
SHP007817,2025-06-16,Москва,Екатеринбург,Авто,553.2,4,4,4684.6,В срок
SHP001001,2025-01-22,Москва,Ростов-на-Дону,Железная дорога,584.6,4,4,3578.27,В срок
SHP003312,2025-01-18,Новосибирск,Самара,Авиа,,3,3,15405.86,в срок 
SHP006209,2025-01-16,Москва,Уфа,Железная дорога,236.8,4,4,3173.13,В срок
SHP007609,2025-02-09,Санкт-Петербург,Новосибирск,Железная дорога,335.7,7,7,5850.12,В срок
SHP008299,2025-11-09,Москва,Екатеринбург,Авто,-5.0,4,4,4587.44,В срок
SHP007929,2025-11-07,Казань,Санкт-Петербург,Авиа,161.3,2,2,8169.45,В срок
SHP001084,03.02.2025,Казань,Новосибирск,Железная дорога,79.0,5,5,4304.01,В срок
SHP008024,2025-02-08,Новосибирск,Санкт-Петербург,Железная дорога,127.8,7,6,6263.38,В срок
SHP009521,2025-01-07,Москва,Нижний Новгород,Железная дорога,179.0,3,3,1963.4,В срок
SHP005978,2025-09-26,Санкт-Петербург,Нижний Новгород,Железная дорога,76.4,4,6,2989.2,Задержка
SHP000414,2025-07-01,Москва,Санкт-Петербург,Авто,231.5,3,3,2688.69,В срок
SHP009000,2025-07-09,Москва,Самара,Авто,908.0,3,5,4793.21,Задержка
SHP006589,2025-06-02,Новосибирск,Нижний Новгород,Авиа,356.9,3,3,16277.47,В срок
SHP009270,2025-02-10,Москва,Казань,Авто,280.1,3,3,3080.14,В срок
SHP005880,2025-04-09,Москва,Пермь,Железная дорога,714.8,4,5,4545.74,Задержка
SHP002036,2025-10-24,Москва,Санкт-Петербург,Авто,118.4,3,3,2576.87,В срок
SHP003879,2025-09-20,Москва,Пермь,Авто,1073.9,4,6,5694.98,Задержка
SHP003697,2025-12-30,Екатеринбург,Санкт-Петербург,Авиа,263.5,2,2,12942.58,В срок
SHP006065,2025-08-06,Санкт-Петербург,Ростов-на-Дону,Железная дорога,563.3,5,9,4049.49,Задержка
SHP001699,2025-11-15,Москва,Екатеринбург,Железная дорога,352.1,4,3,4170.53,В срок
SHP009961,2025-07-23,Санкт-Петербург,Новосибирск,Железная дорога,425.0,7,7,5735.38,В срок
SHP003087,2025-11-10,Москва,Санкт-Петербург,Железная дорога,92.6,3,3,2648.3,В срок
SHP002861,2025-09-30,Москва,Нижний Новгород,Авто,271.5,2,2,2251.85,В срок
SHP007694,2025-06-18,Казань,Самара,Авто,535.5,2,3,3106.0,Задержка
SHP004407,2025-03-02,Москва,Уфа,Железная дорога,305.4,4,4,3785.64,В срок
SHP006655,2025-04-07,Екатеринбург,Нижний Новгород,Авто,406.7,3,2,4257.71,В срок
SHP005142,2025-10-08,Казань,Уфа,Авто,131.6,2,2,1921.7,В срок
SHP000744,2025-12-29,Санкт-Петербург,Нижний Новгород,Железная дорога,162.5,4,8,2746.34,Задержка
SHP001190,2025-10-09,Санкт-Петербург,Нижний Новгород,Авто,90.1,3,2,2748.02,В срок
SHP006693,2025-11-16,Москва,Казань,Авиа,305.4,2,2,8165.87,В срок
SHP009885,2025-10-24,Санкт-Петербург,Казань,Железная дорога,97.7,4,4,2824.72,В срок
SHP003952,2025-11-19,Санкт-Петербург,Пермь,Железная дорога,356.1,5,4,4054.93,В срок
SHP006971,2025-12-20,Новосибирск,Уфа,Авто,592.9,5,9,5584.12,Задержка
SHP008022,2025-09-30,Казань,Екатеринбург,Авто,420.1,3,3,3073.19,В срок
SHP006395,2025-04-08,Москва,Ростов-на-Дону,Авиа,134.2,2,2,6534.11,В срок
SHP004671,2025-11-26,Новосибирск,Уфа,Железная дорога,49.9,5,7,3956.95,Задержка
SHP007095,2025-05-13,Москва,Самара,Авиа,95.4,2,2,7510.01,В срок
SHP004231,2025-05-31,Екатеринбург,Ростов-на-Дону,Авто,322.8,5,5,4965.63,В срок
SHP006782,2025-11-24,Казань,Самара,Железная дорога,233.1,3,5,2269.31,Задержка
SHP002102,2025-06-29,Екатеринбург,Санкт-Петербург,Авиа,516.3,2,2,12729.62,В срок
SHP006171,2025-11-04,Москва,Новосибирск,Железная дорога,54.7,6,6,5133.11,В срок
SHP007765,2025-08-09,Москва,Ростов-на-Дону,Железная дорога,80.7,4,4,2863.98,В срок
SHP001930,2025-01-15,Екатеринбург,Санкт-Петербург,Железная дорога,202.6,5,6,4103.43,Задержка
SHP000366,2025-09-03,Новосибирск,Ростов-на-Дону,Авиа,941.7,3,3,21073.64,В срок
SHP003551,2025-06-28,Санкт-Петербург,Пермь,Авто,126.9,4,4,3986.96,В срок
SHP002495,2025-12-18,Екатеринбург,Казань,Авто,847.9,3,3,5127.73,В срок
SHP002012,2025-06-20,Екатеринбург,Москва,Железная дорога,395.1,4,8,3723.26,Задержка
SHP000273,2025-02-09,Москва,Казань,Авиа,375.1,2,5,8128.35,Задержка
SHP008361,2025-07-28,Москва,Нижний Новгород,Железная дорога,465.5,3,3,2936.91,В срок
SHP005994,2025-07-08,Екатеринбург,Санкт-Петербург,Железная дорога,50000.0,5,4,3829.63,В срок
SHP005479,2025-12-22,Новосибирск,Ростов-на-Дону,Авиа,585.0,3,3,18316.59,В срок
SHP005041,2025-11-24,Москва,Новосибирск,Авто,156.0,7,6,6659.07,В срок
SHP007691,2025-04-10,Екатеринбург,Самара,Авто,501.9,3,3,3551.97,В срок
SHP008510,2025-12-08,Москва,Ростов-на-Дону,Железная дорога,214.4,4,4,2822.45,В срок
SHP001575,2025-12-16,Санкт-Петербург,Ростов-на-Дону,Железная дорога,131.5,5,7,3392.43,Задержка
SHP005740,2025-11-17,Москва,Екатеринбург,Железная дорога,279.3,4,4,3421.11,В срок
SHP000714,2025-12-24,Москва,Новосибирск,Авиа,201.1,3,4,16546.75,Задержка
SHP008615,2025-05-30,Москва,Ростов-на-Дону,Железная дорога,280.7,4,7,2999.72,Задержка
SHP001007,2025-07-07,Москва,Ростов-на-Дону,Авто,212.7,3,5,3245.31,Задержка
SHP005861,2025-06-23,Казань,Самара,Авто,275.5,2,2,2030.44,В срок
SHP002101,2025-11-01,Новосибирск,Самара,Авиа,248.0,3,3,14087.84,В срок
SHP002272,2025-07-23,Москва,Самара,Авто,286.2,3,7,3112.86,Задержка
SHP006631,2025-07-30,Санкт-Петербург,Самара,Авиа,435.7,2,2,-100.0,В срок
SHP006622,2025-06-26,Казань,Ростов-на-Дону,Авиа,149.2,2,2,8057.7,В срок
SHP003207,2025-04-17,Екатеринбург,Ростов-на-Дону,Авиа,345.5,2,2,12984.2,В срок
SHP003882,2025-11-04,Санкт-Петербург,Уфа,Железная дорога,874.6,5,5,5427.64,В срок
SHP000304,2025-09-28,Москва,Уфа,Авто,71.3,4,3,,В срок
SHP003963,2025-02-07,Москва,Казань,Железная дорога,498.7,3,3,3108.59,В срок
SHP009040,2025-03-16,Москва,Нижний Новгород,Авто,803.2,2,2,3654.12,В срок
SHP001359,2025-02-01,Санкт-Петербург,Нижний Новгород,Железная дорога,73.8,4,4,2955.46,В срок
SHP009956,2025-06-14,Екатеринбург,Уфа,Авто,273.1,2,2,2508.29,В срок
SHP004024,2025-11-21,Казань,Санкт-Петербург,Авто,287.7,4,4,3842.02,В срок
SHP003499,2025-06-21,Санкт-Петербург,Екатеринбург,Железная дорога,637.3,5,5,4739.57,В срок
SHP002700,2025-06-27,Новосибирск,Санкт-Петербург,Авиа,127.7,3,3,17213.72,В срок
SHP008875,2025-02-04,Москва,Нижний Новгород,Авто,114.3,2,2,1940.25,В срок
SHP006577,2025-12-30,Москва,Пермь,Железная дорога,1053.7,4,4,4694.76,В срок
SHP009725,2025-08-23,Москва,Екатеринбург,Железная дорога,348.8,4,4,4174.61,В срок
SHP008936,2025-01-01,Казань,Екатеринбург,Авто,109.3,3,3,2718.21,В срок
SHP005432,2025-08-04,Санкт-Петербург,Ростов-на-Дону,Авто,316.4,4,3,5300.24,В срок
SHP006440,2025-10-17,Казань,Москва,Авто,174.4,3,5,2739.34,Задержка
SHP001329,2025-06-24,Казань,Екатеринбург,Авто,365.3,3,3,3275.91,В срок
SHP003920,2025-01-20,Санкт-Петербург,Уфа,Железная дорога,73.5,5,8,3616.32,Задержка
SHP009059,2025-10-21,Казань,Новосибирск,Железная дорога,214.6,5,9,4890.74,Задержка
SHP002079,2025-04-27,Казань,Екатеринбург,Железная дорога,489.5,3,2,3708.12,В срок
SHP009395,2025-04-12,Москва,Уфа,Авто,128.0,4,8,3064.44,Задержка
SHP005485,2025-11-27,Санкт-Петербург,Нижний Новгород,Железная дорога,68.6,4,3,2607.77,В срок
SHP000350,2025-11-28,Москва,Казань,Авто,87.5,3,3,2420.05,В срок
SHP003711,2025-09-26,Казань,Ростов-на-Дону,Железная дорога,542.3,4,4,4237.23,В срок
SHP002663,2025-06-17,Екатеринбург,Москва,Авто,289.2,4,6,4011.68,Задержка
SHP005372,2025-11-04,Москва,Ростов-на-Дону,Железная дорога,660.3,4,4,4192.85,В срок
SHP008031,2025-04-26,Екатеринбург,Нижний Новгород,Железная дорога,91.8,4,6,2732.55,Задержка
SHP001110,2025-10-01,Екатеринбург,Москва,Авто,1389.3,4,4,7350.53,В срок
SHP000627,2025-04-06,Казань,Екатеринбург,Авто,326.1,3,3,3249.39,В срок
SHP006379,2025-04-13,Санкт-Петербург,Москва,Железная дорога,459.7,3,2,2845.8,В срок
SHP005261,2025-02-03,Санкт-Петербург,Самара,Авто,64.9,4,5,3576.54,Задержка
SHP007046,2025-08-26,Екатеринбург,Уфа,Авто,234.8,2,2,2247.61,В срок
SHP009753,01.04.2025,Санкт-Петербург,Москва,Авто,389.6,3,7,2649.79,Задержка
SHP002348,2025-04-17,Москва,Уфа,Авиа,189.5,2,2,8087.39,В срок
SHP007996,2025-02-13,Москва,Новосибирск,Авиа,199.8,3,3,16320.89,В срок
SHP003369,2025-03-07,Санкт-Петербург,Екатеринбург,Авиа,1210.6,2,2,18020.74,В срок
SHP005950,2025-02-05,Казань,Екатеринбург,Авто,316.3,3,3,3096.95,В срок
SHP009761,2025-03-03,Москва,Ростов-на-Дону,Железная дорога,454.4,4,7,3524.98,Задержка
SHP008587,2025-08-01,Екатеринбург,Москва,Авиа,,2,2,9417.82,В срок
SHP008681,2025-05-17,Казань,Нижний Новгород,Железная дорога,87.3,3,3,1828.82,В срок
SHP004394,2025-01-19,Санкт-Петербург,Самара,Железная дорога,215.6,4,3,3978.71,В срок
SHP004269,2025-06-17,Казань,Екатеринбург,Авто,389.4,3,7,3093.22,Задержка
SHP000351,2025-03-23,Казань,Москва,Авто,107.6,3,3,2691.8,В срок
SHP000467,09.06.2025,Екатеринбург,Санкт-Петербург,Железная дорога,681.3,5,5,4580.56,В срок
SHP007679,2025-07-14,Казань,Нижний Новгород,Авто,548.1,2,2,2857.49,В срок
SHP008534,2025-09-19,Казань,Санкт-Петербург,Железная дорога,242.4,4,4,3413.44,В срок
SHP009703,2025-08-03,Казань,Ростов-на-Дону,Железная дорога,148.5,4,4,3133.03,В срок
SHP004227,2025-10-19,Екатеринбург,Новосибирск,Авто,207.5,4,4,3843.59,В срок
SHP007300,2025-05-15,Новосибирск,Ростов-на-Дону,Авиа,408.7,3,3,19243.52,В срок
SHP009858,2025-02-28,Москва,Самара,Авто,73.0,3,5,2628.95,Задержка
SHP005286,2025-08-29,Москва,Санкт-Петербург,Авто,192.5,3,6,2607.27,Задержка
SHP004167,2025-08-19,Новосибирск,Санкт-Петербург,Авто,289.5,7,7,7424.38,В срок
SHP005969,2025-11-02,Новосибирск,Москва,Железная дорога,434.1,6,10,5667.78,Задержка
SHP001656,2025-01-04,Москва,Казань,Железная дорога,453.0,3,3,3596.3,В срок
SHP008232,2025-12-15,Москва,Уфа,Железная дорога,430.1,4,4,3637.0,В срок
SHP009196,2025-12-23,Новосибирск,Нижний Новгород,Железная дорога,509.0,6,6,5668.52,В срок
SHP000703,2025-02-28,Москва,Екатеринбург,Авиа,72.3,2,2,9310.09,В срок
SHP006296,2025-11-13,Казань,Екатеринбург,Авто,246.9,3,3,3005.85,В срок
SHP009815,2025-01-20,Москва,Нижний Новгород,Железная дорога,685.8,3,2,2924.48,В срок
SHP004761,2025-03-22,Москва,Самара,Авиа,672.6,2,2,9651.87,В срок
SHP009166,2025-05-10,Екатеринбург,Москва,Авто,237.8,4,7,4022.2,Задержка
SHP004695,2025-04-19,Москва,Уфа,Железная дорога,745.7,4,4,4100.49,В срок
SHP008451,2025-03-26,Санкт-Петербург,Нижний Новгород,Железная дорога,1353.8,4,4,4989.21,В срок
SHP009495,2025-04-09,Екатеринбург,Санкт-Петербург,Железная дорога,112.6,5,5,3729.3,В срок
SHP006761,2025-04-02,Москва,Санкт-Петербург,Железная дорога,213.9,3,3,2628.76,В срок
SHP001659,2025-10-06,Новосибирск,Пермь,Авто,927.1,5,4,6080.05,В срок
SHP000012,2025-10-09,Екатеринбург,Санкт-Петербург,Железная дорога,665.1,5,5,4778.59,В срок
SHP004489,2025-04-04,Москва,Казань,Железная дорога,129.9,3,3,2348.18,В срок
SHP005280,2025-10-19,Екатеринбург,Новосибирск,Авто,680.2,4,4,5231.32,В срок
SHP008783,2025-12-05,Москва,Нижний Новгород,Авто,408.2,2,2,2597.51,В срок
SHP007834,2025-08-13,Санкт-Петербург,Уфа,Железная дорога,360.4,5,5,4561.46,В срок
SHP001215,2025-10-20,Москва,Пермь,Авто,477.4,4,4,4387.27,В срок
SHP007353,2025-07-21,Москва,Новосибирск,Железная дорога,590.3,6,6,5807.33,В срок
SHP000004,2025-12-11,Москва,Пермь,Железная дорога,160.9,4,7,3263.99,Задержка
SHP004337,2025-11-22,Москва,Ростов-на-Дону,Авто,347.9,3,3,3390.56,В срок
SHP008667,2025-10-29,Санкт-Петербург,Нижний Новгород,Авиа,194.8,2,1,6774.64,В срок
SHP007303,2025-09-03,Казань,Пермь,Авиа,94.4,2,2,5507.5,В срок
SHP000139,2025-05-22,Москва,Уфа,Авиа,362.2,2,2,9579.93,В срок
SHP003814,2025-12-14,Москва,Уфа,Железная дорога,236.1,4,4,3330.58,В срок
SHP003243,2025-03-15,Москва,Нижний Новгород,Авто,211.8,2,2,2429.23,В срок
SHP000008,2025-09-12,Екатеринбург,Новосибирск,Авиа,114.9,2,2,9216.0,В срок
SHP002247,2025-10-10,Москва,Ростов-на-Дону,Железная дорога,203.0,4,4,2845.42,В срок
SHP008684,2025-08-13,Москва,Новосибирск,Авто,288.7,7,7,6966.41,В срок
SHP000496,2025-03-21,Санкт-Петербург,Самара,Авто,197.6,4,4,4413.68,В срок
SHP000110,2025-06-22,Казань,Санкт-Петербург,Железная дорога,193.6,4,4,2870.39,В срок
SHP004684,2025-01-01,Санкт-Петербург,Москва,Железная дорога,544.1,3,3,2884.36,В срок
SHP009778,2025-10-11,Новосибирск,Москва,Авиа,77.8,3,2,16081.32,В срок
SHP006154,2025-09-06,Екатеринбург,Самара,авто ,95.6,3,3,2871.08,В срок
SHP000571,2025-11-12,Новосибирск,Ростов-на-Дону,Железная дорога,293.5,7,7,6458.91,В срок
SHP005938,2025-04-12,Казань,Екатеринбург,Авто,89.8,3,7,2725.4,Задержка
SHP003525,2025-05-02,Москва,Самара,Железная дорога,91.8,4,3,3130.52,В срок
SHP006993,2025-12-05,Новосибирск,Уфа,Авто,420.8,5,5,6077.03,В срок
SHP003700,2025-07-07,Москва,Уфа,Железная дорога,406.5,4,3,3721.49,В срок
SHP007683,2025-09-15,Казань,Пермь,Авто,263.4,2,1,2631.59,В срок
SHP006894,2025-09-21,Москва,Пермь,Авто,123.4,4,4,3156.73,В срок
SHP000163,2025-07-03,Новосибирск,Москва,Авто,365.2,7,7,7458.05,В срок
SHP001757,2025-06-10,Москва,Нижний Новгород,Авто,90.5,2,2,1741.6,В срок
SHP006026,2025-09-23,Москва,Новосибирск,Авиа,121.6,3,5,14276.28,Задержка
SHP005523,2025-11-18,Санкт-Петербург,Пермь,Железная дорога,150.0,5,5,3471.72,В срок
SHP006491,2025-06-03,Новосибирск,Пермь,Железная дорога,85.9,5,5,3805.07,В срок
SHP009286,2025-12-23,Новосибирск,Москва,Авиа,304.4,3,3,19587.19,В срок
SHP008025,2025-04-18,Новосибирск,САМАРА,Авиа,263.2,3,3,12167.96,В срок
SHP006509,2025-01-01,Москва,Пермь,Железная дорога,412.5,4,4,3698.42,В срок
SHP007426,2025-03-24,Новосибирск,Ростов-на-Дону,Авиа,72.7,3,3,17062.73,в срок 
SHP003261,2025-09-12,Санкт-Петербург,Казань,Железная дорога,253.5,4,8,3461.14,Задержка
SHP005030,2025-03-18,Екатеринбург,Нижний Новгород,Железная дорога,438.0,4,7,3176.15,Задержка
SHP005653,2025-03-06,Санкт-Петербург,Казань,Авиа,824.0,2,2,13490.97,В срок
SHP002822,2025-12-15,Новосибирск,Самара,,87.3,5,5,4502.16,В срок
SHP005319,2025-10-07,Казань,Пермь,Авто,61.3,2,2,1883.28,В срок
SHP006406,2025-04-10,Москва,Ростов-на-Дону,Авиа,201.3,2,2,8530.39,В срок
SHP008250,2025-02-11,Москва,Казань,Авиа,219.8,2,2,7349.29,В срок
SHP003121,2025-12-07,Новосибирск,Нижний Новгород,Железная дорога,299.5,6,6,4951.28,В срок
SHP002607,2025-09-01,Москва,Пермь,Железная дорога,194.5,4,4,3674.93,В срок
SHP002440,2025-03-16,Екатеринбург,Самара,Авто,256.1,3,3,2890.94,В срок
SHP005769,2025-09-17,Екатеринбург,Санкт-Петербург,Авиа,476.9,2,2,12720.62,В срок
SHP006726,2025-04-14,Екатеринбург,Ростов-на-Дону,Авто,163.0,5,4,4983.15,В срок
SHP007965,2025-03-21,Екатеринбург,Санкт-Петербург,Авто,382.2,5,5,4681.83,В срок
SHP003270,2025-04-07,Санкт-Петербург,Самара,Железная дорога,558.3,4,5,3937.61,Задержка
SHP002391,2025-07-04,Казань,Ростов-на-Дону,Железная дорога,1407.4,4,4,4896.6,В срок
SHP003189,2025-12-09,Москва,Санкт-Петербург,Авто,327.3,3,3,2461.99,В срок
SHP007845,2025-01-23,Екатеринбург,Казань,Авто,1264.8,3,3,5727.36,В срок
SHP005005,2025-11-07,Москва,Санкт-Петербург,Авто,160.1,3,3,2270.46,В срок
SHP000409,2025-02-01,Казань,Ростов-на-Дону,Авто,473.9,4,3,4274.81,В срок
SHP008582,2025-09-23,Москва,Нижний Новгород,Авто,172.3,2,2,1958.97,В срок
SHP003536,2025-05-01,Москва,Екатеринбург,Авто,221.0,4,4,4236.36,В срок
SHP008500,2025-07-31,Казань,Ростов-на-Дону,Железная дорога,208.4,4,7,3037.06,Задержка
SHP007659,2025-12-28,Москва,Нижний Новгород,Авто,378.1,2,2,2505.75,В срок
SHP005896,2025-01-23,Казань,Уфа,Железная дорога,589.2,3,6,3193.51,Задержка
SHP000154,2025-08-05,Новосибирск,Санкт-Петербург,Железная дорога,1326.6,7,6,7866.13,В срок
SHP000856,2025-01-14,Москва,Уфа,Авто,230.2,4,4,3714.3,В срок
SHP003996,2025-11-06,Москва,Казань,Железная дорога,264.8,3,3,3047.5,В срок
SHP001848,2025-05-02,Екатеринбург,Москва,Авто,62.4,4,4,3874.67,В срок
SHP006032,2025-01-25,Москва,Санкт-Петербург,Авто,113.4,3,5,2013.55,Задержка
SHP008375,2025-08-06,Москва,Пермь,Железная дорога,111.2,4,4,3065.51,В срок
SHP007309,2025-11-16,Казань,Нижний Новгород,Авто,152.4,2,3,2110.58,Задержка
SHP001584,2025-08-24,Екатеринбург,Самара,Авто,178.1,3,3,2780.22,В срок
SHP002708,2025-05-20,Москва,Пермь,Железная дорога,166.8,4,4,3242.7,В срок
SHP000820,2025-02-11,Санкт-Петербург,Новосибирск,Авиа,152.6,3,5,18958.92,Задержка
SHP007229,2025-03-23,Санкт-Петербург,Новосибирск,Железная дорога,128.8,7,7,5496.39,В срок
SHP002769,2025-07-03,Казань,Самара,Авто,514.6,2,6,2746.68,Задержка
SHP004414,2025-12-03,Москва,Самара,Авиа,359.8,2,2,8636.26,В срок
SHP008776,2025-05-01,Казань,Уфа,Авто,168.5,2,2,1886.31,В срок
SHP000515,2025-08-26,Москва,Пермь,Авиа,191.8,2,2,8375.86,В срок
SHP004383,2025-01-30,Новосибирск,Ростов-на-Дону,Авиа,1561.7,3,4,24145.01,Задержка
SHP001874,2025-08-19,Москва,Санкт-Петербург,Авиа,342.9,2,2,7591.23,В срок
SHP004050,2025-12-15,Новосибирск,Самара,Авто,365.9,6,8,5436.09,Задержка
SHP008946,2025-09-29,Казань,Нижний Новгород,Авто,324.9,2,4,2357.51,Задержка
SHP005080,2025-05-28,Санкт-Петербург,Уфа,Железная дорога,1425.5,5,5,5436.17,В срок
SHP009798,2025-11-29,Москва,Казань,Авто,388.0,3,3,2780.56,В срок
SHP002436,2025-11-14,Новосибирск,Нижний Новгород,Авиа,154.8,3,3,16542.91,В срок
SHP007646,2025-06-26,Москва,Пермь,Железная дорога,382.7,4,4,3076.24,В срок
SHP003873,2025-09-20,Санкт-Петербург,Самара,Авиа,844.0,2,2,13183.45,В срок
SHP007291,2025-07-16,Москва,Екатеринбург,Авиа,339.1,2,2,11955.72,В срок
SHP004237,2025-01-07,Новосибирск,Казань,Железная дорога,102.2,5,5,4676.07,В срок
SHP004088,2025-02-26,Новосибирск,Самара,Железная дорога,321.3,5,5,5022.03,В срок
SHP008663,2025-08-12,Москва,Нижний Новгород,Железная дорога,352.9,3,3,2537.7,В срок
SHP004759,2025-07-06,Новосибирск,Ростов-на-Дону,Железная дорога,,7,7,5099.77,В срок
SHP009243,2025-04-19,Новосибирск,Уфа,Железная дорога,484.1,5,5,4638.01,В срок
SHP002126,2025-07-03,Москва,Новосибирск,Авто,183.9,7,7,6149.45,В срок
SHP001896,2025-02-19,Екатеринбург,Нижний Новгород,Авто,69.9,3,5,2796.6,Задержка
SHP007522,2025-02-19,Новосибирск,Ростов-на-Дону,Авиа,156.8,3,3,20718.52,В срок
SHP009569,2025-09-14,Екатеринбург,Ростов-на-Дону,Железная дорога,144.3,5,5,3974.35,В срок
SHP005321,2025-03-22,Новосибирск,Екатеринбург,Авто,180.8,4,4,3567.61,В срок
SHP002537,2025-10-03,Москва,Санкт-Петербург,Авто,658.2,3,7,3347.93,Задержка
SHP004403,2025-12-06,Москва,Казань,Авто,662.1,3,3,3527.79,В срок
SHP002434,2025-12-01,Москва,Новосибирск,Железная дорога,70.6,6,10,5514.73,Задержка
SHP008229,2025-03-21,Москва,Санкт-Петербург,Авто,228.1,3,3,2628.96,В срок
SHP008949,2025-10-18,Москва,Самара,Авиа,73.2,2,1,7762.38,В срок
SHP004448,2025-07-09,Москва,Уфа,Авто,162.0,4,4,3592.9,В срок
SHP006336,2025-07-02,Екатеринбург,Нижний Новгород,Железная дорога,369.6,4,4,3474.96,В срок
SHP007635,18.11.2025,Новосибирск,Уфа,Железная дорога,1116.4,5,5,5198.77,В срок
SHP008483,2025-09-22,Казань,Санкт-Петербург,Авиа,217.3,2,2,10047.1,В срок
SHP000046,2025-07-02,Москва,Санкт-Петербург,Авто,99.9,3,6,2476.95,Задержка
SHP000701,2025-08-26,Казань,Новосибирск,Железная дорога,232.5,5,6,4295.27,Задержка
SHP008021,2025-12-14,Казань,Москва,Авто,156.7,3,6,2644.72,Задержка
SHP002011,2025-05-03,Москва,Самара,Железная дорога,130.7,4,7,2668.19,Задержка
SHP005493,2025-09-17,Москва,Нижний Новгород,Авто,135.7,2,1,1926.09,В срок
SHP003318,2025-01-08,Казань,Самара,Авто,1303.7,2,2,4730.46,В срок
SHP006877,2025-07-24,Екатеринбург,Казань,Железная дорога,128.0,3,3,2561.25,В срок
SHP000316,2025-05-14,Москва,Санкт-Петербург,Железная дорога,421.5,3,3,3168.76,В срок
SHP007485,2025-05-24,Екатеринбург,Новосибирск,Авто,505.1,4,4,4725.47,В срок
SHP002311,2025-08-30,Москва,Уфа,Авто,485.4,4,4,4617.84,В срок
SHP008921,2025-12-20,Екатеринбург,Нижний Новгород,Железная дорога,748.2,4,4,4159.08,В срок
SHP000398,2025-12-25,Москва,Пермь,Авто,161.0,4,4,3471.51,В срок
SHP002454,2025-06-21,Новосибирск,Ростов-на-Дону,Авиа,333.8,3,3,19621.15,В срок
SHP009592,2025-07-02,Москва,Ростов-на-Дону,Железная дорога,177.3,4,3,3010.54,В срок
SHP001187,2025-11-27,Москва,Санкт-Петербург,Железная дорога,143.9,3,3,2442.11,В срок
SHP006236,2025-08-07,Москва,Самара,Железная дорога,314.9,4,4,3076.82,В срок
SHP006335,2025-02-20,Москва,Нижний Новгород,Авто,126.7,2,2,2213.43,В срок
SHP007401,2025-12-05,Москва,Санкт-Петербург,Авиа,175.4,2,2,6807.41,В срок
SHP000747,2025-02-19,Казань,Екатеринбург,Железная дорога,568.2,3,3,3210.75,В срок
SHP006213,2025-04-26,Москва,Нижний Новгород,Авто,607.3,2,2,3015.53,В срок
SHP009343,2025-12-12,Екатеринбург,Новосибирск,Железная дорога,123.6,4,4,3244.36,В срок
SHP002243,2025-04-24,Москва,Нижний Новгород,Авто,150.0,2,2,2079.17,В срок
SHP007452,2025-05-06,Москва,Екатеринбург,Железная дорога,101.1,4,4,3676.41,В срок
SHP001644,2025-03-10,Екатеринбург,Казань,Авто,,3,3,3507.13,В срок
SHP000028,2025-10-09,Санкт-Петербург,Самара,Железная дорога,267.7,4,4,3924.49,В срок
SHP007252,2025-05-08,Москва,Екатеринбург,Железная дорога,498.4,4,3,4287.47,В срок
SHP006727,2025-04-14,Санкт-Петербург,Екатеринбург,Авто,47.8,5,5,4334.05,В срок
SHP007762,2025-03-12,Санкт-Петербург,Новосибирск,Авиа,753.4,3,3,20825.4,В срок
SHP006109,2025-12-07,Казань,Ростов-на-Дону,Авто,485.6,4,4,4482.57,В срок
SHP005299,2025-08-20,Москва,Пермь,Авиа,324.9,2,2,9514.45,В срок
SHP007815,2025-05-15,Москва,Нижний Новгород,Авто,338.5,2,2,2320.25,В срок
SHP004914,2025-03-24,Екатеринбург,Москва,Авто,344.7,4,8,4288.98,Задержка
SHP008216,2025-11-30,Екатеринбург,Пермь,Авто,413.8,2,2,2447.88,В срок
SHP006888,2025-10-19,Москва,Казань,Авто,88.1,3,3,2733.48,В срок
SHP001043,2025-01-13,Москва,Нижний Новгород,Авто,149.0,2,5,1948.85,Задержка
SHP000929,2025-09-10,Новосибирск,Самара,Железная дорога,324.6,5,5,4296.6,В срок
SHP006056,2025-10-18,Москва,Казань,Авто,558.9,3,7,3535.54,Задержка
SHP007599,2025-06-07,Казань,Екатеринбург,Авиа,489.9,2,2,8789.39,В срок
SHP006070,2025-12-07,Новосибирск,Самара,Железная дорога,129.3,5,5,4350.83,В срок
SHP007455,2025-04-05,Санкт-Петербург,Казань,Авто,425.2,4,4,4133.4,В срок
SHP009104,2025-04-01,Санкт-Петербург,Уфа,Железная дорога,353.1,5,6,3913.22,Задержка
SHP006833,2025-01-26,Казань,Ростов-на-Дону,Авто,763.8,4,4,4893.16,В срок
SHP008664,2025-04-21,Москва,Казань,Железная дорога,171.3,3,3,2616.59,В срок
SHP004616,2025-07-05,Новосибирск,Уфа,Железная дорога,120.8,5,5,3663.39,В срок
SHP008652,2025-07-23,Екатеринбург,Пермь,Железная дорога,555.9,3,3,2330.5,В срок
SHP000395,2025-07-24,Москва,Пермь,Авто,190.9,4,4,3536.19,В срок
SHP007937,2025-01-13,Казань,Новосибирск,Авиа,204.8,3,2,14059.36,В срок
SHP000923,2025-01-18,Москва,Санкт-Петербург,Авто,229.5,3,3,2893.27,В срок
SHP003855,2025-04-20,Казань,Москва,Авто,142.0,3,3,2594.0,В срок
SHP000155,2025-07-14,Новосибирск,Москва,Железная дорога,360.1,6,6,6704.08,В срок
SHP007057,2025-10-22,Москва,Казань,Авто,112.4,3,3,2962.64,В срок
SHP009241,2025-12-02,Санкт-Петербург,Уфа,Железная дорога,178.8,5,8,4428.86,Задержка
SHP001174,2025-08-21,Екатеринбург,Ростов-на-Дону,Авиа,75.6,2,1,10957.29,В срок
SHP003357,2025-09-29,Москва,Ростов-на-Дону,Железная дорога,167.0,4,4,2961.1,В срок
SHP005452,2025-05-16,Москва,Екатеринбург,Железная дорога,1800.0,4,4,5892.42,В срок
SHP007311,2025-11-16,Новосибирск,Уфа,Авто,358.7,5,4,4824.92,В срок
SHP007462,2025-02-23,Москва,Ростов-на-Дону,Железная дорога,1094.2,4,4,4413.15,В срок
SHP003910,2025-04-05,Москва,Самара,Авто,193.1,3,3,2978.98,В срок
SHP006602,2025-11-24,Санкт-Петербург,Пермь,Авто,677.1,4,4,5566.29,В срок
SHP003571,2025-01-17,Санкт-Петербург,Москва,Авто,423.3,3,3,3602.26,В срок
SHP009476,2025-03-09,Москва,Екатеринбург,Железная дорога,200.6,4,4,3308.06,В срок
SHP005519,2025-07-07,Казань,Новосибирск,Железная дорога,164.7,5,4,4323.04,В срок
SHP009379,2025-04-16,Санкт-Петербург,Новосибирск,Авиа,68.4,3,2,16303.08,В срок
SHP007226,2025-10-18,Казань,Новосибирск,Железная дорога,634.1,5,5,5341.97,В срок
SHP006104,2025-04-10,Санкт-Петербург,Ростов-на-Дону,Авто,103.0,4,6,4265.25,Задержка
SHP009346,2025-06-22,Санкт-Петербург,Уфа,,216.2,2,2,12219.17,В срок
SHP009708,2025-11-02,Казань,Ростов-на-Дону,Авиа,54.8,2,2,7884.0,В срок
SHP000282,2025-08-31,Новосибирск,Уфа,Авиа,438.8,2,2,11587.0,В срок
SHP001867,2025-03-19,Санкт-Петербург,Казань,Железная дорога,857.9,4,4,4645.14,В срок
SHP000072,2025-10-02,Санкт-Петербург,Самара,Железная дорога,498.5,4,6,3809.53,Задержка
SHP006846,2025-12-22,Новосибирск,Уфа,Авиа,473.1,2,2,13859.64,В срок
SHP006905,2025-01-24,Москва,Екатеринбург,Железная дорога,81.5,4,8,3352.26,Задержка
SHP005941,2025-01-18,Казань,Пермь,Авто,148.1,2,2,1999.02,В срок
SHP002518,2025-12-09,Москва,Екатеринбург,Железная дорога,409.2,4,6,4336.43,Задержка
SHP007678,2025-12-26,Новосибирск,Санкт-Петербург,Железная дорога,388.5,7,7,6846.72,В срок
SHP002109,2025-03-25,Москва,Екатеринбург,Железная дорога,186.2,4,4,3518.5,В срок
SHP008012,2025-06-11,Казань,Санкт-Петербург,Авиа,414.7,2,1,11463.24,В срок
SHP006775,2025-07-01,Москва,Новосибирск,Железная дорога,323.3,6,6,5300.61,В срок
SHP000289,2025-03-10,Новосибирск,Нижний Новгород,авто ,137.4,6,6,6201.33,В срок
SHP005297,2025-05-12,Екатеринбург,Самара,Авто,144.6,3,4,2603.79,Задержка
SHP004922,2025-05-17,Новосибирск,Пермь,Авиа,168.4,2,2,11161.6,В срок
SHP008558,2025-06-27,Екатеринбург,Пермь,Авиа,159.1,2,2,5136.76,В срок
SHP003958,2025-11-29,Екатеринбург,Санкт-Петербург,Авто,120.1,5,5,5357.02,В срок
SHP001072,2025-02-11,Казань,Ростов-на-Дону,Авиа,58.4,2,2,9038.0,В срок
SHP002911,2025-09-13,Санкт-Петербург,Екатеринбург,Железная дорога,147.2,5,8,4119.29,Задержка
SHP009232,2025-11-30,Санкт-Петербург,Ростов-на-Дону,Железная дорога,418.4,5,5,4293.52,В срок
SHP000313,2025-08-20,Москва,Самара,Железная дорога,478.0,4,7,3586.31,Задержка
SHP005598,2025-10-27,Новосибирск,Самара,Железная дорога,558.2,5,5,4565.51,В срок
SHP001472,2025-04-12,Москва,Ростов-на-Дону,Авиа,323.6,2,2,8760.51,В срок
SHP005757,2025-11-10,Москва,Ростов-на-Дону,Железная дорога,1038.9,4,6,4270.06,Задержка
SHP003583,2025-04-11,Санкт-Петербург,Новосибирск,Авиа,603.8,3,3,20173.54,В срок
SHP006533,2025-01-24,Екатеринбург,Новосибирск,Железная дорога,428.2,4,4,3924.95,В срок
SHP009433,2025-07-08,Москва,Уфа,Железная дорога,791.8,4,4,3798.01,В срок
SHP005144,2025-09-23,Санкт-Петербург,Казань,Авто,317.9,4,4,4126.19,В срок
SHP004498,2025-01-03,Москва,Уфа,Железная дорога,866.7,4,4,4459.98,В срок
SHP001578,2025-05-01,Москва,Пермь,Авиа,433.4,2,4,11480.88,Задержка
SHP008509,2025-12-20,Казань,Пермь,ж/д,301.8,3,3,2419.63,В срок
SHP003002,2025-06-03,Москва,Нижний Новгород,Авто,192.1,2,2,2250.19,В срок
SHP004460,2025-02-03,Екатеринбург,Пермь,Железная дорога,218.2,3,7,2169.18,Задержка
SHP007510,2025-01-27,Москва,Санкт-Петербург,Авто,61.2,3,3,2328.42,В срок
SHP004940,2025-04-25,Москва,Пермь,Железная дорога,367.4,4,4,3686.72,В срок
SHP001480,2025-07-31,Екатеринбург,Ростов-на-Дону,Авиа,1142.3,2,2,17015.24,В срок
SHP009619,2025-09-28,Москва,Ростов-на-Дону,Железная дорога,76.8,4,4,3035.03,В срок
SHP009029,2025-04-27,Казань,Самара,Железная дорога,396.4,3,3,2122.47,В срок
SHP003517,2025-03-22,Казань,Нижний Новгород,Авто,100.1,2,2,1934.73,В срок
SHP009204,2025-11-14,Москва,Казань,Авто,136.5,3,3,2636.77,В срок
SHP002915,2025-04-06,Казань,Ростов-на-Дону,Авто,158.7,4,4,2896.49,В срок
SHP008383,2025-10-02,Казань,Ростов-на-Дону,Авто,124.7,4,4,3019.94,В срок
SHP006141,2025-08-13,Москва,Уфа,Авиа,155.9,2,3,8090.17,Задержка
SHP008469,2025-07-13,Москва,Пермь,Железная дорога,427.1,4,4,3371.85,В срок
SHP002709,2025-11-08,Санкт-Петербург,Пермь,Железная дорога,275.6,5,7,3361.22,Задержка
SHP003754,2025-10-26,Москва,Нижний Новгород,Железная дорога,308.6,3,5,2314.04,Задержка
SHP007041,2025-08-01,Москва,Санкт-Петербург,Авто,329.0,3,3,2929.39,в срок 
SHP002655,08.05.2025,Санкт-Петербург,Уфа,Авто,152.7,5,5,4738.41,В срок
SHP000073,2025-06-26,Москва,Санкт-Петербург,Авто,185.9,3,3,2656.4,В срок
SHP004682,2025-01-12,Новосибирск,Ростов-на-Дону,Железная дорога,212.4,7,7,6409.01,В срок
SHP008507,2025-11-30,Москва,Казань,Авто,320.6,3,3,3140.14,В срок
SHP002711,2025-06-01,Москва,Самара,Авиа,153.7,2,2,7338.48,В срок
SHP002020,2025-06-11,Москва,Новосибирск,Авиа,186.4,3,3,15883.16,В срок
SHP002783,2025-08-25,Москва,Санкт-Петербург,Авто,241.3,3,6,2750.35,Задержка
SHP009025,2025-07-07,Москва,Ростов-на-Дону,Авиа,194.3,2,2,7270.5,В срок
SHP003696,2025-08-12,Новосибирск,Ростов-на-Дону,Железная дорога,511.8,7,7,5619.43,В срок
SHP008979,2025-03-02,Новосибирск,ростов-на-дону,Железная дорога,1110.4,7,7,8062.5,В срок
SHP000713,2025-07-20,Екатеринбург,Москва,Железная дорога,444.0,4,4,4007.86,В срок
SHP002802,2025-08-03,Санкт-Петербург,Москва,Авто,118.9,3,3,2055.22,В срок
SHP003977,2025-07-07,Санкт-Петербург,Ростов-на-Дону,Авто,152.4,4,7,3863.54,Задержка
SHP001753,2025-11-22,Москва,Екатеринбург,Железная дорога,100.3,4,4,3729.33,В срок
SHP005011,2025-04-24,Санкт-Петербург,Самара,Авто,492.2,4,4,4575.57,В срок
SHP009562,2025-03-14,Санкт-Петербург,Новосибирск,Авиа,182.8,3,3,18354.51,В срок
SHP004095,2025-01-28,Казань,Ростов-на-Дону,Железная дорога,721.8,4,3,4007.47,В срок
SHP004766,2025-02-21,Москва,Пермь,Железная дорога,1308.3,4,4,4475.75,В срок
SHP005742,2025-02-14,Екатеринбург,Пермь,Железная дорога,174.9,3,3,2200.72,В срок
SHP003836,2025-02-07,Новосибирск,Ростов-на-Дону,Авто,925.1,7,9,8735.59,Задержка
SHP006136,2025-06-18,Казань,Новосибирск,Авиа,331.6,3,3,13458.13,В срок
SHP003991,2025-06-13,Москва,Екатеринбург,Авиа,111.5,2,6,9032.31,Задержка
SHP004860,2025-11-30,Москва,Уфа,Авиа,722.8,2,2,12829.41,В срок
SHP000406,2025-11-24,Новосибирск,Ростов-на-Дону,Железная дорога,645.5,7,7,6818.04,В срок
SHP008386,2025-07-14,Санкт-Петербург,Самара,Авто,359.4,4,4,4740.12,В срок
SHP001913,2025-07-20,Екатеринбург,Новосибирск,Авиа,201.3,2,2,10788.77,В срок
SHP004157,2025-03-06,Казань,Самара,,361.4,3,3,2378.67,В срок
SHP002953,2025-08-28,Новосибирск,Казань,Железная дорога,168.2,5,5,4306.53,В срок
SHP001559,2025-08-01,Санкт-Петербург,Новосибирск,Железная дорога,-5.0,7,7,5195.78,В срок
SHP003436,2025-07-13,Екатеринбург,Ростов-на-Дону,Железная дорога,596.9,5,8,4677.0,Задержка
SHP001905,2025-05-31,Санкт-Петербург,Ростов-на-Дону,Авиа,339.5,2,2,11861.6,В срок
SHP003276,2025-06-17,Москва,Пермь,Железная дорога,111.3,4,4,3151.24,В срок
SHP003294,2025-12-02,Москва,Самара,Железная дорога,157.0,4,4,2801.97,В срок
SHP001016,2025-07-06,Казань,Пермь,Железная дорога,727.2,3,3,3230.28,В срок
SHP002622,2025-03-21,Москва,Казань,Авиа,96.7,2,2,7360.02,В срок
SHP006312,2025-01-08,Москва,Пермь,Авиа,132.3,2,2,9320.62,В срок
SHP005558,2025-11-27,Екатеринбург,Самара,Авто,108.4,3,3,2578.92,В срок
SHP002907,2025-07-02,Новосибирск,Уфа,Железная дорога,706.6,5,5,4592.8,В срок
SHP009337,2025-02-24,Екатеринбург,Пермь,Авто,256.2,2,1,2074.47,В срок
SHP008097,2025-09-27,Екатеринбург,Нижний Новгород,Железная дорога,758.3,4,7,3869.81,Задержка
SHP007421,2025-04-04,Москва,Нижний Новгород,Авто,717.0,2,1,3697.29,В срок
SHP001675,2025-12-10,Казань,Санкт-Петербург,Железная дорога,762.0,4,8,4667.22,Задержка
SHP003149,2025-05-24,Москва,Екатеринбург,Железная дорога,711.4,4,4,4727.83,В срок
SHP007754,2025-10-10,Новосибирск,Ростов-на-Дону,Железная дорога,132.4,7,7,6222.57,В срок
SHP000625,2025-06-13,Екатеринбург,Пермь,Железная дорога,79.4,3,3,1891.44,В срок
SHP001105,2025-07-08,Москва,Екатеринбург,Железная дорога,274.9,4,4,3282.34,В срок
SHP006505,2025-02-09,Казань,Ростов-на-Дону,Авиа,707.1,2,2,12061.28,В срок
SHP004636,2025-08-11,Казань,Нижний Новгород,Железная дорога,90.2,3,3,1636.25,В срок
SHP003755,2025-05-19,Санкт-Петербург,Нижний Новгород,Авиа,201.1,2,2,8524.91,В срок
SHP002538,2025-11-17,Казань,Новосибирск,Авиа,123.4,3,3,14242.09,В срок
SHP002893,2025-12-27,Москва,Самара,Железная дорога,100.3,4,4,2782.63,В срок
SHP001193,2025-01-01,Москва,Санкт-Петербург,Авто,297.1,3,3,2811.65,В срок
SHP000053,2025-02-20,Москва,Самара,Авто,555.4,3,4,3542.65,Задержка
SHP008362,2025-06-28,Москва,Санкт-Петербург,Авиа,875.8,2,2,9855.86,В срок
SHP007239,2025-06-17,Москва,Санкт-Петербург,Железная дорога,701.4,3,3,3165.35,В срок
SHP006101,2025-12-25,Москва,Новосибирск,Железная дорога,262.1,6,6,6265.48,В срок
SHP008593,2025-10-10,Екатеринбург,Самара,Авто,208.3,3,6,2948.19,Задержка
SHP003849,2025-04-06,Казань,Нижний Новгород,Авто,129.6,2,2,1631.46,В срок
SHP004369,2025-12-18,Москва,Уфа,Авиа,166.4,2,2,9182.27,В срок
SHP007168,2025-02-06,Москва,Санкт-Петербург,Авто,389.1,3,7,3112.32,Задержка
SHP007888,2025-05-12,Москва,Пермь,Железная дорога,85.9,4,4,2960.65,В срок
SHP001188,2025-04-04,новосибирск ,Екатеринбург,Железная дорога,151.2,4,4,3605.41,В срок
SHP009559,2025-08-18,Новосибирск,Москва,Железная дорога,310.5,6,9,6035.8,Задержка
SHP003051,2025-03-07,Москва,Уфа,Авто,276.1,4,4,3784.39,В срок
SHP004049,2025-01-17,Санкт-Петербург,Казань,Авиа,1082.9,2,2,15670.93,В срок
SHP008365,2025-02-24,Санкт-Петербург,Казань,Железная дорога,92.5,4,4,3117.94,В срок
SHP005956,2025-10-26,Санкт-Петербург,Казань,Железная дорога,302.4,4,3,3607.9,В срок
SHP000034,2025-03-06,Москва,Нижний Новгород,Авто,627.6,2,2,3544.98,В срок
SHP004482,2025-06-22,Москва,Нижний Новгород,Авто,74.4,2,2,1835.93,В срок
SHP008373,2025-02-12,Москва,Екатеринбург,Авто,194.7,4,4,4184.49,В срок
SHP007947,2025-04-30,Екатеринбург,Ростов-на-Дону,Железная дорога,175.4,5,5,4388.68,В срок
SHP008744,2025-02-03,Новосибирск,Пермь,Авто,161.9,5,5,4466.43,В срок
SHP005612,2025-08-16,Екатеринбург,Уфа,Железная дорога,197.8,3,3,1987.25,В срок
SHP008578,2025-01-19,Новосибирск,Санкт-Петербург,Авиа,1310.6,3,3,24509.27,В срок
SHP000419,2025-09-16,Москва,Санкт-Петербург,Авто,258.7,3,3,2712.89,В срок
SHP009092,2025-03-24,Москва,Уфа,Авто,75.4,4,4,3473.29,В срок
SHP000989,2025-05-29,Москва,Уфа,Авто,289.5,4,7,3890.99,Задержка
SHP008714,2025-11-23,Новосибирск,Пермь,Железная дорога,118.1,5,9,4264.35,Задержка
SHP003043,2025-05-06,Санкт-Петербург,Уфа,Авто,115.8,5,5,4700.74,В срок
SHP000353,2025-08-02,Казань,Уфа,Авто,165.2,2,2,2372.34,В срок
SHP008631,2025-09-22,Санкт-Петербург,Самара,Авиа,369.8,2,2,11664.56,В срок
SHP004130,2025-05-23,Москва,Екатеринбург,Авиа,106.0,2,2,9284.76,В срок
SHP004566,2025-02-15,Москва,Пермь,Авто,520.2,4,5,4177.8,Задержка
SHP008227,2025-09-04,Москва,Нижний Новгород,Авиа,278.3,2,2,6619.86,В срок
SHP000642,2025-06-04,Новосибирск,Санкт-Петербург,Авиа,128.1,3,3,18069.96,В срок
SHP009391,2025-02-04,Санкт-Петербург,Москва,Авто,87.2,3,3,2268.07,В срок
SHP006573,2025-05-28,Москва,Уфа,Авто,914.7,4,4,5559.42,В срок
SHP007789,2025-11-08,Санкт-Петербург,Ростов-на-Дону,Авто,233.2,4,4,3552.12,В срок
SHP006590,2025-02-25,Москва,Санкт-Петербург,Железная дорога,388.3,3,3,2493.9,В срок
SHP005312,2025-02-25,Москва,Уфа,Авиа,49.1,2,2,8032.89,В срок
SHP002545,2025-10-08,Москва,Самара,Железная дорога,79.1,4,4,2481.6,В срок
SHP009434,2025-12-30,Москва,Пермь,Авто,56.0,4,4,3007.13,В срок
SHP005536,2025-09-09,санкт-петербург,Нижний Новгород,Железная дорога,137.2,4,3,2995.87,В срок
SHP001023,2025-04-24,Москва,Санкт-Петербург,Авто,78.2,3,3,2324.08,В срок
SHP004788,2025-02-08,Москва,Уфа,Железная дорога,229.8,4,4,3260.35,В срок
SHP007891,2025-05-05,Москва,Самара,Железная дорога,188.1,4,7,2473.96,Задержка
SHP001458,2025-12-09,Санкт-Петербург,Нижний Новгород,Авто,459.6,3,3,3896.05,В срок
SHP003319,2025-08-06,Казань,Уфа,Авто,54.0,2,1,1636.23,В срок
SHP000639,2025-03-18,Санкт-Петербург,Самара,Железная дорога,94.2,4,4,3148.49,В срок
SHP006887,2025-09-21,Казань,Пермь,Авто,921.4,2,2,4051.99,В срок
SHP008804,2025-04-16,Санкт-Петербург,Нижний Новгород,Авто,376.9,3,3,3636.23,В срок
SHP003859,2025-05-14,КАЗАНЬ,Уфа,Авто,343.1,2,5,2103.91,Задержка
SHP005782,2025-08-20,Санкт-Петербург,Самара,Авиа,527.7,2,2,12239.79,В срок
SHP001667,2025-06-07,Новосибирск,Самара,Авиа,87.8,3,3,13137.51,В срок
SHP002623,2025-04-07,Санкт-Петербург,Екатеринбург,Железная дорога,366.6,5,6,4510.81,Задержка
SHP003019,2025-08-15,Санкт-Петербург,Екатеринбург,Авто,133.7,5,8,4601.42,Задержка
SHP008389,2025-06-07,Екатеринбург,Новосибирск,Железная дорога,1800.0,4,4,5297.92,В срок
SHP005722,2025-08-03,Москва,уфа ,Железная дорога,247.8,4,4,3495.06,В срок
SHP009448,2025-03-30,Москва,Пермь,Железная дорога,449.1,4,4,3924.74,В срок
SHP002617,10.01.2025,Москва,Ростов-на-Дону,Железная дорога,99.2,4,4,2725.64,В срок
SHP003355,2025-08-14,Москва,Уфа,Авто,281.0,4,4,4306.06,В срок
SHP009963,2025-09-28,Москва,Уфа,Железная дорога,250.6,4,4,3546.97,В срок
SHP007152,2025-07-02,Новосибирск,Пермь,Авто,294.0,5,5,4666.84,В срок
SHP008301,2025-02-19,Москва,Новосибирск,Железная дорога,873.6,6,9,6442.58,Задержка
SHP007384,2025-10-17,Санкт-Петербург,Самара,Авто,1030.0,4,4,6002.06,В срок
SHP000352,2025-01-27,Москва,Пермь,Железная дорога,159.3,4,4,3279.21,В срок
SHP008023,2025-08-22,Новосибирск,Москва,Авиа,151.4,3,3,15248.72,В срок
SHP003116,2025-02-21,Екатеринбург,Москва,Авто,123.5,4,6,3636.4,Задержка
SHP004872,2025-08-12,Новосибирск,Пермь,Железная дорога,351.4,5,5,4093.96,В срок
SHP008686,2025-05-06,Москва,Санкт-Петербург,Железная дорога,372.5,3,3,2772.74,В срок
SHP006195,2025-03-17,Казань,Екатеринбург,Железная дорога,214.8,3,2,2653.33,В срок
SHP004388,2025-12-05,Санкт-Петербург,Екатеринбург,Авто,582.7,5,5,5756.09,В срок
SHP002355,2025-12-19,Санкт-Петербург,Екатеринбург,Железная дорога,155.6,5,8,4431.01,Задержка
SHP001412,2025-02-12,Москва,Нижний Новгород,Авто,86.0,2,2,1700.33,В срок
SHP000906,2025-07-07,Казань,Уфа,Авто,93.7,2,1,1946.97,В срок
SHP002636,2025-01-23,Новосибирск,Санкт-Петербург,Авиа,186.2,3,2,16236.12,В срок
SHP001756,2025-03-26,Казань,Новосибирск,Авиа,184.6,3,3,13177.45,В срок
SHP008588,2025-05-28,Санкт-Петербург,Самара,Авто,784.1,4,8,5640.2,Задержка
SHP003155,2025-04-15,Екатеринбург,Казань,Авто,389.0,3,3,3048.43,В срок
SHP007821,2025-10-02,Екатеринбург,Москва,Авто,136.7,4,6,4074.04,Задержка
SHP003388,2025-11-07,Москва,Екатеринбург,Железная дорога,147.7,4,5,3452.52,Задержка
SHP008903,2025-11-15,Санкт-Петербург,Пермь,Железная дорога,607.5,5,5,4674.0,В срок
SHP004081,2025-08-25,Москва,Казань,Авто,87.6,3,4,2424.59,Задержка
SHP003806,2025-09-05,Казань,Уфа,Железная дорога,493.6,3,3,2642.11,В срок
SHP004864,2025-03-30,Москва,Пермь,Железная дорога,373.3,4,4,3738.09,В срок
SHP005791,2025-12-09,Москва,Казань,Авто,431.0,3,5,2922.16,Задержка
SHP001127,2025-08-23,Москва,Ростов-на-Дону,Железная дорога,447.0,4,4,3166.83,В срок
SHP004901,2025-12-14,Москва,Самара,Авто,181.5,3,3,2694.24,В срок
SHP002217,2025-11-14,Санкт-Петербург,Нижний Новгород,Железная дорога,213.2,4,4,2664.71,В срок
SHP004804,2025-01-24,Казань,Новосибирск,Железная дорога,986.6,5,5,6633.2,В срок
SHP005114,2025-08-26,Екатеринбург,Нижний Новгород,Авто,96.5,3,3,2833.95,В срок
SHP006477,2025-11-01,Москва,Ростов-на-Дону,Железная дорога,478.0,4,4,3650.48,В срок
SHP004816,2025-11-18,Екатеринбург,Пермь,Железная дорога,54.4,3,3,1768.35,В срок
SHP005603,2025-07-27,Москва,Ростов-на-Дону,ж/д,460.2,4,7,3634.99,Задержка
SHP008407,2025-05-09,Санкт-Петербург,Новосибирск,Авиа,452.9,3,3,19939.35,В срок
SHP000426,2025-02-05,Екатеринбург,Новосибирск,Авиа,123.4,2,2,10603.81,В срок
SHP009032,2025-05-07,Москва,Новосибирск,Авиа,351.3,3,3,16725.3,В срок
SHP004365,2025-04-09,Москва,Новосибирск,Железная дорога,128.6,6,6,5056.7,В срок
SHP003909,2025-09-13,Москва,Екатеринбург,Авто,134.5,4,4,3687.24,В срок
SHP003928,2025-02-22,Новосибирск,Екатеринбург,Авто,128.2,4,4,3888.91,В срок
SHP001050,2025-05-25,Москва,Уфа,Железная дорога,451.6,4,4,3648.87,В срок
SHP003997,2025-09-10,Санкт-Петербург,Уфа,Авто,248.3,5,5,4882.82,В срок
SHP001404,2025-07-11,Санкт-Петербург,Пермь,Авиа,363.7,2,2,10594.0,В срок
SHP008812,2025-06-21,Москва,Казань,Авто,422.6,3,3,3076.72,В срок
SHP007592,2025-10-18,Санкт-Петербург,Москва,Авто,348.5,3,7,2874.42,Задержка
SHP008078,2025-09-04,Москва,Новосибирск,Железная дорога,531.1,6,6,5946.19,В срок
SHP007415,2025-03-18,Казань,Пермь,Авто,542.1,2,2,3495.52,В срок
SHP003709,2025-03-09,Москва,Самара,Железная дорога,89.3,4,4,3031.92,В срок
SHP001439,2025-02-18,Москва,Ростов-на-Дону,Авто,359.6,3,3,3665.47,В срок
SHP000956,2025-12-25,Москва,Нижний Новгород,Железная дорога,381.3,3,6,2512.24,Задержка
SHP002707,2025-10-03,Казань,Санкт-Петербург,Железная дорога,109.9,4,4,3376.17,В срок
SHP009606,2025-01-26,Екатеринбург,Ростов-на-Дону,Авиа,127.7,2,2,12254.05,В срок
SHP006203,2025-08-07,Новосибирск,Ростов-на-Дону,Железная дорога,366.6,7,7,5928.07,В срок
SHP001908,2025-11-29,Санкт-Петербург,Казань,Железная дорога,127.2,4,4,2803.11,В срок
SHP005396,2025-03-22,Екатеринбург,Санкт-Петербург,Авто,524.2,5,5,5644.71,В срок
SHP003501,2025-08-22,Екатеринбург,Москва,Железная дорога,502.7,4,4,4431.15,В срок
SHP009184,2025-09-09,Екатеринбург,Самара,Авто,453.7,3,3,2970.49,В срок
SHP008462,2025-02-12,Санкт-Петербург,Екатеринбург,Авто,97.0,5,7,4179.57,Задержка
SHP008920,2025-08-25,Санкт-Петербург,Екатеринбург,Авиа,238.3,2,2,11283.17,В срок
SHP004238,2025-03-27,Москва,Новосибирск,Железная дорога,325.3,6,8,5800.24,Задержка
SHP005109,2025-02-13,Новосибирск,Пермь,Авто,1371.7,5,8,7602.39,Задержка
SHP006581,2025-06-26,Санкт-Петербург,Ростов-на-Дону,Железная дорога,298.0,5,5,3380.41,В срок
SHP009381,2025-12-17,Москва,Самара,Авто,323.4,3,3,3113.16,В срок
SHP001433,2025-05-13,Новосибирск,Нижний Новгород,Авто,188.0,6,6,5496.33,В срок
SHP004635,2025-02-16,Санкт-Петербург,уфа ,Железная дорога,222.1,5,5,3883.87,В срок
SHP003035,2025-10-14,Москва,Казань,Авто,,3,3,,В срок
SHP005411,2025-10-02,Санкт-Петербург,Ростов-на-Дону,Железная дорога,210.1,0,5,3818.55,В срок
SHP003465,2025-04-21,Москва,Уфа,Железная дорога,191.7,4,4,3426.23,В срок
SHP003106,2025-12-29,Москва,Самара,Железная дорога,414.5,4,4,3381.1,В срок
SHP009133,2025-09-25,Казань,Самара,Авто,507.2,2,1,2964.24,В срок
SHP007192,2025-03-21,Санкт-Петербург,Уфа,Авто,265.1,5,8,4328.47,Задержка
SHP001216,2025-08-21,Екатеринбург,Пермь,Авто,243.0,2,2,2078.9,В срок
SHP000466,2025-04-19,Москва,Пермь,Авиа,116.0,2,2,9051.08,В срок
SHP001349,2025-09-02,Казань,Нижний Новгород,Авто,450.2,2,2,2743.88,В срок
SHP000620,2025-02-20,Москва,Новосибирск,Железная дорога,670.3,6,6,5808.47,В срок
SHP003047,2025-06-26,Новосибирск,Москва,Железная дорога,1583.0,6,5,7845.39,В срок
SHP004358,2025-04-06,Екатеринбург,Ростов-на-Дону,Авто,296.1,5,5,5385.57,В срок
SHP005029,2025-09-17,Москва,Казань,Авто,596.5,3,3,3437.38,В срок
SHP002411,2025-02-15,Казань,Екатеринбург,Авто,114.3,3,4,2617.75,Задержка
SHP004106,2025-11-22,Казань,Пермь,Авто,889.6,2,2,3752.36,В срок
SHP009484,2025-10-18,Санкт-Петербург,Уфа,Авто,495.9,5,5,4587.43,В срок
SHP007424,2025-03-09,Москва,Казань,Авто,290.1,3,2,3273.75,В срок
SHP009747,2025-08-07,Санкт-Петербург,Уфа,Железная дорога,93.5,5,5,4032.6,В срок
SHP000795,2025-04-27,Новосибирск,Пермь,Железная дорога,153.5,5,5,3889.64,В срок
SHP008530,2025-07-11,Москва,Уфа,Железная дорога,497.5,4,4,3779.5,В срок
SHP005098,2025-07-22,Казань,Нижний Новгород,Авто,773.7,2,2,3436.97,В срок
SHP006337,2025-05-25,Казань,Санкт-Петербург,Авто,291.4,4,4,4141.48,В срок
SHP000370,2025-09-22,Москва,Санкт-Петербург,,482.0,2,1,8209.22,В срок
SHP006961,2025-03-19,Новосибирск,Пермь,Авиа,786.7,2,2,13663.87,В срок
SHP003470,2025-10-24,Москва,Самара,Авто,164.3,3,7,2881.22,Задержка
SHP000614,2025-07-28,Санкт-Петербург,Екатеринбург,Железная дорога,58.3,5,5,3294.04,В срок
SHP004348,2025-03-21,Москва,Казань,Авто,198.3,3,3,2877.38,В срок
SHP009864,2025-02-11,Москва,Уфа,Железная дорога,744.8,4,4,4103.82,В срок
SHP002803,2025-10-18,Казань,Самара,Авто,168.7,2,2,1894.7,В срок
SHP001157,2025-03-10,Новосибирск,Москва,Авиа,1102.1,3,3,17775.58,В срок
SHP002184,2025-04-26,Москва,Санкт-Петербург,Авиа,729.5,2,2,9455.63,В срок
SHP001947,2025-09-04,Новосибирск,Уфа,Железная дорога,247.8,5,5,4318.18,В срок
SHP009574,2025-07-08,Екатеринбург,Пермь,Авиа,180.3,2,2,4988.95,В срок
SHP002133,2025-11-28,Москва,Уфа,Авто,573.2,4,7,4617.94,Задержка
SHP007148,2025-08-12,Санкт-Петербург,Нижний Новгород,Авиа,334.9,2,2,8952.67,В срок
SHP007894,2025-05-10,Москва,Санкт-Петербург,Авто,249.9,3,3,2740.95,В срок
SHP004328,2025-11-05,Новосибирск,Ростов-на-Дону,Железная дорога,241.3,7,7,5712.37,В срок
SHP003735,2025-03-31,Санкт-Петербург,Пермь,Авто,284.4,4,4,4087.81,В срок
SHP001977,2025-12-17,Санкт-Петербург,Новосибирск,Авиа,234.4,3,7,,Задержка
SHP001391,2025-09-13,Санкт-Петербург,Уфа,Авиа,195.2,2,3,11877.09,Задержка
SHP004149,2025-08-11,Екатеринбург,Нижний Новгород,Железная дорога,371.6,4,4,3224.1,В срок
SHP001852,2025-09-27,Москва,Новосибирск,Железная дорога,384.1,6,6,5089.79,В срок
SHP007917,2025-05-06,Екатеринбург,Казань,Авто,135.6,3,6,2620.69,Задержка
SHP001869,2025-08-12,Москва,Новосибирск,Авиа,53.6,3,3,14230.57,В срок
SHP001212,2025-05-25,Санкт-Петербург,Ростов-на-Дону,Авто,151.3,4,6,5021.51,Задержка
SHP002959,2025-10-22,Казань,Новосибирск,Авиа,199.2,3,0,11441.81,В срок
SHP004215,2025-12-07,Новосибирск,Екатеринбург,Авто,440.1,4,4,4445.35,В срок
SHP008768,2025-12-07,Санкт-Петербург,Самара,Авто,379.9,4,3,4778.79,В срок
SHP004980,2025-05-13,Казань,Уфа,Авто,237.9,2,6,2141.65,Задержка
SHP008616,2025-01-03,Казань,Санкт-Петербург,Авто,99.9,4,5,3455.31,Задержка
SHP007734,2025-01-20,Казань,новосибирск ,Авто,303.9,6,6,5842.95,В срок
SHP006870,2025-03-25,Новосибирск,Пермь,Железная дорога,100.2,5,5,4169.5,В срок
SHP006593,2025-07-09,Москва,Екатеринбург,Авто,578.2,4,8,4656.28,Задержка
SHP002213,2025-01-08,Москва,Екатеринбург,Авто,325.3,4,4,4473.74,В срок
SHP008524,2025-06-08,Новосибирск,Москва,Железная дорога,436.0,6,6,5589.11,В срок
SHP005316,2025-02-24,Москва,Нижний Новгород,Авто,193.2,2,2,2124.18,В срок
SHP001982,2025-05-08,Екатеринбург,Пермь,Железная дорога,424.9,3,3,2257.29,В срок
SHP006828,2025-04-22,Казань,Екатеринбург,Авто,171.4,3,3,2762.4,В срок
SHP002403,2025-01-22,Москва,Санкт-Петербург,Железная дорога,232.7,3,5,2208.09,Задержка
SHP008711,2025-12-16,Санкт-Петербург,Пермь,Авто,253.8,4,4,4334.27,В срок
SHP000255,2025-03-07,Санкт-Петербург,Екатеринбург,Авто,266.7,5,5,4823.37,В срок
SHP001486,2025-03-30,Москва,Санкт-Петербург,Авиа,107.4,2,2,6287.85,В срок
SHP009668,2025-03-21,Москва,Самара,Авиа,123.4,2,1,6849.67,В срок
SHP008824,2025-08-30,Москва,Новосибирск,Железная дорога,310.8,6,6,5459.09,В срок
SHP003462,2025-03-16,Казань,Самара,Авто,84.3,2,2,1715.89,В срок
SHP002026,2025-05-02,Санкт-Петербург,Нижний Новгород,Авиа,,2,2,7916.87,В срок
SHP001415,2025-08-19,Санкт-Петербург,Москва,Авто,70.5,3,7,2182.03,Задержка
SHP005252,2025-01-08,Екатеринбург,Санкт-Петербург,Авто,55.8,5,8,4538.03,Задержка
SHP002905,2025-09-04,Екатеринбург,Новосибирск,Железная дорога,257.6,4,4,3531.59,В срок
SHP009357,2025-01-13,Москва,Ростов-на-Дону,Авто,300.1,3,3,3499.26,В срок
SHP007791,2025-03-25,Екатеринбург,Новосибирск,Железная дорога,296.3,4,4,3840.61,В срок
SHP006972,2025-06-28,Москва,Пермь,Авиа,228.7,2,2,8976.36,В срок
SHP005725,2025-05-20,Новосибирск,Екатеринбург,Железная дорога,194.7,4,4,4064.33,В срок
SHP002441,2025-05-03,Казань,Самара,Авто,187.7,2,2,1874.28,В срок
SHP009148,2025-08-30,Санкт-Петербург,Казань,Авиа,220.4,2,2,8544.07,В срок
SHP008292,2025-07-03,Санкт-Петербург,Екатеринбург,Авто,176.6,5,4,4440.04,В срок
SHP002912,2025-01-06,Екатеринбург,Казань,Авто,455.7,3,3,3276.33,В срок
SHP000830,2025-01-07,Новосибирск,Екатеринбург,Авиа,-5.0,2,2,10111.64,В срок
SHP006039,2025-06-08,Казань,Уфа,Железная дорога,99.0,3,3,2102.7,В срок
SHP004371,2025-01-19,Казань,Ростов-на-Дону,Авто,149.5,4,4,3470.85,В срок
SHP001803,2025-12-04,Новосибирск,Уфа,Авиа,74.8,2,2,12172.73,В срок
SHP000236,2025-01-11,Москва,Санкт-Петербург,Авто,564.5,3,2,3285.15,В срок
SHP002574,2025-10-27,Санкт-Петербург,Самара,Авиа,844.2,2,5,14757.45,Задержка
SHP003210,2025-03-29,Москва,Новосибирск,Железная дорога,97.6,6,5,4893.76,В срок
SHP007850,2025-11-30,Казань,Москва,Авто,210.6,3,3,3067.34,В срок
SHP005373,2025-11-12,Москва,Уфа,Железная дорога,49.3,4,4,2740.48,В срок
SHP003443,2025-09-25,Москва,Санкт-Петербург,Железная дорога,133.7,3,3,2680.78,В срок
SHP007859,2025-08-25,Москва,Казань,Авто,305.7,3,3,2839.82,В срок
SHP003896,2025-12-08,Москва,Нижний Новгород,Авто,518.2,2,2,3103.81,В срок
SHP008219,2025-01-11,Москва,Екатеринбург,Авто,90.2,4,4,4058.71,В срок
SHP000156,2025-01-26,Москва,Уфа,Железная дорога,248.8,4,4,3334.62,В срок
SHP001114,2025-06-07,Екатеринбург,Пермь,Железная дорога,454.4,3,3,2497.96,В срок
SHP000882,2025-10-14,Москва,Новосибирск,Железная дорога,110.9,6,6,5106.4,В срок
SHP000495,2025-01-02,Новосибирск,Казань,Авиа,765.1,3,3,18408.51,В срок
SHP003860,2025-09-15,Москва,Казань,Авто,562.5,3,3,3343.32,В срок
SHP009611,2025-06-23,Новосибирск,Санкт-Петербург,Железная дорога,183.2,7,6,5375.89,В срок
SHP008635,2025-03-12,Екатеринбург,Казань,Авто,263.4,3,7,3104.42,Задержка
SHP000543,2025-05-18,Москва,Санкт-Петербург,Авто,533.8,3,3,2981.43,В срок
SHP003622,2025-03-26,Санкт-Петербург,Екатеринбург,Железная дорога,297.2,5,5,4319.04,В срок
SHP005695,2025-03-06,Москва,Екатеринбург,Железная дорога,111.8,4,4,3155.05,В срок
SHP005418,2025-04-13,Санкт-Петербург,Пермь,Железная дорога,186.3,5,5,4291.9,В срок
SHP002984,2025-05-13,Москва,Ростов-на-Дону,Железная дорога,159.6,4,4,3355.29,В срок
SHP004536,2025-12-22,Новосибирск,Санкт-Петербург,Железная дорога,171.2,7,6,5941.87,В срок
SHP008993,2025-04-23,Новосибирск,Ростов-на-Дону,Железная дорога,505.7,7,7,6537.69,В срок
SHP005358,2025-02-18,Санкт-Петербург,Новосибирск,Авто,124.6,7,8,6979.78,Задержка
SHP002367,2025-04-23,Москва,Екатеринбург,Железная дорога,71.4,4,4,2667.28,В срок
SHP008948,2025-12-23,Новосибирск,Нижний Новгород,Авиа,169.5,3,7,14521.27,Задержка
SHP006459,2025-07-24,Москва,Екатеринбург,Железная дорога,126.4,4,4,3370.16,В срок
SHP005412,2025-10-27,Новосибирск,Нижний Новгород,Авиа,297.7,3,3,14045.47,В срок
SHP007992,2025-09-20,Москва,Казань,Железная дорога,511.6,3,3,3162.81,В срок
SHP007092,2025-03-14,Москва,Казань,Железная дорога,236.7,3,3,2922.49,В срок
SHP009472,2025-10-11,Москва,Нижний Новгород,Авто,1099.3,2,2,4590.39,В срок
SHP000047,2025-05-12,Екатеринбург,Москва,Железная дорога,737.8,4,4,4649.76,В срок
SHP008381,2025-04-26,Санкт-Петербург,Нижний Новгород,Железная дорога,1002.9,4,4,4267.69,В срок
SHP008726,2025-01-05,Москва,Ростов-на-Дону,Авто,389.6,3,3,3578.59,В срок
SHP008448,2025-11-01,Санкт-Петербург,Самара,Авиа,172.3,2,1,10874.0,В срок
SHP006619,2025-01-03,Екатеринбург,Уфа,Авто,170.5,2,2,1853.5,В срок
SHP005554,2025-03-20,Санкт-Петербург,Уфа,Авиа,132.0,2,2,11199.22,В срок
SHP005517,2025-03-23,Москва,Санкт-Петербург,Авто,305.2,3,3,3010.41,В срок
SHP009271,2025-04-07,Екатеринбург,Нижний Новгород,,75.8,3,3,3202.32,В срок
SHP004846,2025-12-23,Москва,Новосибирск,Авиа,72.5,3,3,16554.7,В срок
SHP006287,2025-08-10,Москва,Ростов-на-Дону,Железная дорога,212.5,4,7,3289.38,Задержка
SHP005712,2025-07-19,Казань,Екатеринбург,Авто,1042.8,3,3,4463.96,В срок
SHP009607,2025-11-28,Москва,Санкт-Петербург,Авто,791.3,3,2,4244.95,В срок
SHP000587,27.09.2025,Москва,Нижний Новгород,Авто,191.2,2,2,2099.27,В срок
SHP005175,2025-01-01,Москва,Нижний Новгород,Авто,386.1,2,4,2184.61,Задержка
SHP003036,2025-07-07,Москва,Казань,Авто,140.9,3,3,2398.75,В срок
SHP007241,2025-02-08,Санкт-Петербург,Уфа,Авто,192.0,5,9,4644.88,Задержка
SHP007930,2025-12-20,Екатеринбург,Санкт-Петербург,Авто,385.3,5,5,4856.51,В срок
SHP005215,2025-02-02,Москва,Санкт-Петербург,Авто,85.7,3,5,2446.03,Задержка
SHP006327,2025-07-06,Казань,Новосибирск,Железная дорога,220.0,5,5,4831.78,В срок
SHP003171,2025-11-19,Москва,Ростов-на-Дону,Железная дорога,143.2,4,4,3031.34,В срок
SHP008854,2025-08-01,Москва,Нижний Новгород,Железная дорога,333.8,3,3,2524.22,В срок
SHP006018,2025-11-05,Екатеринбург,Нижний Новгород,Железная дорога,298.1,4,4,3251.51,В срок
SHP001516,2025-01-02,Москва,Уфа,Железная дорога,434.1,4,4,4032.63,В срок
SHP007086,2025-08-22,Казань,Нижний Новгород,,91.9,2,1,1810.46,В срок
SHP007377,07.12.2025,Москва,Пермь,Авиа,509.0,2,2,10215.17,В срок
SHP006501,2025-11-10,Казань,Пермь,Авто,121.4,2,2,2048.91,В срок
SHP007302,2025-07-16,Екатеринбург,Ростов-на-Дону,Железная дорога,338.4,5,7,4418.0,Задержка
SHP004667,2025-06-28,Екатеринбург,Пермь,Авто,303.3,2,2,2449.42,В срок
SHP000535,2025-03-02,Санкт-Петербург,Пермь,Авиа,138.7,2,2,11765.67,В срок
SHP008627,2025-05-13,Москва,Уфа,Железная дорога,120.7,4,4,3217.95,В срок
SHP003826,2025-12-01,Москва,Новосибирск,Авиа,72.3,3,3,14498.33,В срок
SHP002795,2025-10-07,Москва,Санкт-Петербург,Железная дорога,111.5,3,3,2251.69,В срок
SHP007883,2025-12-23,Москва,Ростов-на-Дону,Железная дорога,445.8,4,7,3229.69,Задержка
SHP009512,2025-04-11,Москва,Санкт-Петербург,Авто,422.3,3,4,3005.78,Задержка
SHP001730,2025-03-19,Екатеринбург,Москва,Железная дорога,220.9,4,4,3742.93,В срок
SHP002821,2025-05-06,Москва,Пермь,Авиа,104.0,2,2,8436.56,В срок
SHP009599,2025-07-03,Москва,Уфа,Железная дорога,304.3,4,4,3337.32,В срок
SHP003026,2025-08-12,Новосибирск,Самара,Железная дорога,85.8,5,5,4520.95,В срок
SHP006548,2025-03-09,Москва,Самара,Авто,121.6,3,7,2800.98,Задержка
SHP002123,2025-03-26,Екатеринбург,Пермь,Авто,112.4,2,5,1642.18,Задержка
SHP003870,2025-06-03,Москва,Санкт-Петербург,Авто,336.5,3,3,2994.34,В срок
SHP007491,2025-02-13,Москва,Екатеринбург,Железная дорога,296.5,4,6,3976.19,Задержка
SHP002542,2025-05-04,Новосибирск,Ростов-на-Дону,Авиа,134.6,3,3,18560.05,В срок
SHP000731,2025-12-06,Казань,Екатеринбург,Авто,221.0,3,7,2611.08,Задержка
SHP005503,2025-08-22,Казань,Ростов-на-Дону,Железная дорога,314.7,4,4,3525.93,В срок
SHP009630,2025-11-19,Москва,Новосибирск,Железная дорога,64.2,6,6,5357.35,В срок
SHP009327,2025-12-27,Новосибирск,Самара,Авиа,265.4,3,5,15677.36,Задержка
SHP007002,2025-12-20,Санкт-Петербург,Нижний Новгород,Авто,729.7,3,2,4683.82,В срок
SHP001134,2025-09-22,Москва,КАЗАНЬ,Авто,176.6,3,3,2512.06,В срок
SHP009880,2025-07-15,Москва,Нижний Новгород,Авто,276.8,2,3,2347.23,Задержка
SHP008051,2025-11-27,Москва,Уфа,Авто,351.6,4,4,3861.49,В срок
SHP008411,2025-11-24,Екатеринбург,Пермь,Авто,340.6,2,2,2412.15,В срок
SHP009808,2025-05-06,Москва,Казань,Авто,633.6,3,3,3812.82,В срок
SHP002509,2025-11-12,Москва,Самара,Авто,199.4,3,3,3191.63,В срок
SHP007626,2025-01-05,Новосибирск,Нижний Новгород,Авто,85.1,6,10,5461.52,Задержка
SHP000102,2025-11-05,Москва,Новосибирск,Железная дорога,1050.2,6,6,6854.14,В срок
SHP008214,2025-01-06,Москва,Ростов-на-Дону,Железная дорога,262.8,4,3,3249.21,В срок
SHP008053,2025-02-14,Москва,Уфа,Авиа,59.5,2,2,8503.25,В срок
SHP002690,2025-08-11,Санкт-Петербург,Новосибирск,Авиа,38.4,3,3,19756.96,В срок
SHP009443,2025-03-18,Санкт-Петербург,Новосибирск,Железная дорога,268.3,7,7,6072.61,В срок
SHP004443,2025-07-13,Новосибирск,Самара,Железная дорога,54.7,5,5,3982.48,В срок
SHP007501,2025-03-03,Санкт-Петербург,Ростов-на-Дону,Железная дорога,85.0,5,5,3212.6,В срок
SHP009702,2025-10-09,Казань,Ростов-на-Дону,Железная дорога,94.9,4,4,3234.99,В срок
SHP002034,2025-07-22,Москва,Самара,Железная дорога,85.0,4,5,2742.92,Задержка
SHP000658,2025-06-11,Екатеринбург,Уфа,Железная дорога,68.1,3,3,2229.97,В срок
SHP009548,2025-10-17,Москва,Санкт-Петербург,Авто,387.4,3,6,3017.75,Задержка
SHP004117,2025-04-27,Казань,Москва,Авто,777.0,3,3,4194.36,В срок
SHP005498,2025-10-01,Москва,Уфа,Железная дорога,203.1,4,4,3728.94,В срок
SHP004367,2025-10-29,Екатеринбург,Санкт-Петербург,Авто,537.8,5,5,5859.77,В срок
SHP006368,2025-06-02,Казань,Уфа,Авто,173.9,2,2,2447.69,В срок
SHP005391,2025-06-20,Москва,Екатеринбург,Железная дорога,285.7,4,4,3601.01,В срок
SHP008839,2025-02-02,Екатеринбург,Уфа,Авто,156.4,2,2,1994.61,В срок
SHP006744,2025-07-31,Москва,Ростов-на-Дону,Железная дорога,731.5,4,8,4293.32,Задержка
SHP004183,2025-04-14,Москва,Пермь,Авиа,88.5,2,6,7898.34,Задержка
SHP008212,2025-07-20,Новосибирск,Казань,Авиа,391.0,3,3,15918.31,В срок
SHP004496,2025-10-16,Екатеринбург,Москва,Авто,238.6,4,4,4283.61,В срок
SHP004707,2025-02-02,Санкт-Петербург,Казань,Железная дорога,103.6,4,4,3343.32,В срок
SHP006659,2025-03-01,Новосибирск,Самара,Авиа,451.5,3,3,13757.64,В срок
SHP004413,2025-01-06,Казань,Уфа,Авто,142.9,2,2,2463.44,В срок
SHP008525,2025-09-14,Москва,Санкт-Петербург,Авиа,345.4,2,2,7328.38,В срок
SHP003182,2025-03-15,Новосибирск,Ростов-на-Дону,Железная дорога,186.6,7,7,6106.68,В срок
SHP007732,2025-05-12,Екатеринбург,Самара,Авто,1800.0,3,3,6127.84,В срок
SHP000840,2025-11-03,Новосибирск,Москва,Авиа,212.4,3,3,15637.82,В срок
SHP009473,2025-08-28,Екатеринбург,Москва,Железная дорога,297.5,4,3,3748.86,В срок
SHP001767,2025-10-24,Москва,Нижний Новгород,Авто,585.3,2,2,3269.91,В срок
SHP005237,2025-04-15,Екатеринбург,Москва,Авто,890.3,4,4,5325.56,В срок
SHP009498,2025-02-06,Екатеринбург,Пермь,Авто,181.0,2,1,2029.55,В срок
SHP009496,2025-06-18,Санкт-Петербург,Самара,Железная дорога,543.6,4,4,4321.43,В срок
SHP003573,2025-09-07,Екатеринбург,Новосибирск,Авиа,104.1,2,2,10227.17,В срок
SHP006079,2025-12-10,Санкт-Петербург,Самара,,246.5,4,4,3928.74,В срок
SHP008163,2025-12-28,Екатеринбург,Уфа,Авто,161.6,2,1,2136.21,В срок
SHP008267,2025-11-05,Москва,Ростов-на-Дону,Авто,275.9,3,60,3444.06,В срок
SHP007717,2025-03-16,Санкт-Петербург,Пермь,Железная дорога,185.7,5,5,3889.74,В срок
SHP002598,2025-04-28,Москва,Екатеринбург,Авто,825.8,4,7,4937.39,Задержка
SHP007909,2025-11-06,Москва,Екатеринбург,Железная дорога,625.0,4,4,3862.05,В срок
SHP000143,2025-06-13,Екатеринбург,Санкт-Петербург,Железная дорога,406.4,5,5,4262.09,В срок
SHP007608,2025-07-29,Москва,Екатеринбург,Железная дорога,574.7,4,4,3657.72,В срок
SHP008589,2025-02-25,Москва,Новосибирск,АВИА,1169.3,3,3,22442.51,В срок
SHP009480,2025-09-27,Казань,Самара,Авто,438.1,2,3,2427.15,Задержка
SHP003426,2025-10-13,Москва,Казань,Авто,57.0,3,3,2190.34,В срок
SHP006227,2025-03-07,Екатеринбург,Москва,Авто,155.3,4,4,4116.75,В срок
SHP006424,2025-05-21,Екатеринбург,Казань,Железная дорога,794.5,3,4,3419.15,Задержка
SHP008385,2025-06-27,Екатеринбург,Уфа,Авто,271.3,2,2,2402.03,В срок
SHP004488,2025-12-05,Казань,Нижний Новгород,Авиа,70.8,2,2,5154.55,В срок
SHP000205,2025-11-21,Санкт-Петербург,Ростов-на-Дону,Авто,1289.7,4,5,7228.19,Задержка
SHP006055,2025-04-06,Казань,Новосибирск,Авиа,409.9,3,3,15907.04,В срок
SHP006694,2025-02-08,Казань,Самара,Авто,256.6,2,2,2392.84,В срок
SHP008924,2025-06-17,Казань,Екатеринбург,Авто,268.9,3,3,3263.65,В срок
SHP006555,2025-04-26,Санкт-Петербург,Нижний Новгород,Авто,592.1,3,3,3885.05,В срок
SHP003448,2025-12-17,Екатеринбург,Москва,Железная дорога,89.3,4,4,3181.04,В срок
SHP002972,2025-06-27,Москва,Екатеринбург,Авто,224.4,4,4,4256.26,В срок
SHP003778,2025-12-21,Москва,Казань,Авто,103.1,3,5,2114.4,Задержка
SHP005844,2025-04-15,Екатеринбург,Санкт-Петербург,Авто,239.1,5,5,4819.78,В срок
SHP009195,2025-03-22,Москва,Новосибирск,Железная дорога,1180.2,6,6,7036.61,В срок
SHP004351,2025-03-15,Санкт-Петербург,Пермь,Железная дорога,224.0,5,5,3648.35,В срок
SHP003393,2025-08-20,Екатеринбург,Самара,Железная дорога,236.1,4,4,2721.14,В срок
SHP005607,2025-12-01,Казань,Новосибирск,Железная дорога,201.0,5,5,4500.3,В срок
SHP001773,2025-11-25,Москва,Санкт-Петербург,Авто,245.5,3,3,2474.35,В срок
SHP002460,2025-11-25,Санкт-Петербург,Пермь,Авто,251.8,4,7,4199.14,Задержка
SHP006420,2025-07-18,Москва,Новосибирск,Железная дорога,114.5,6,6,5644.56,В срок
SHP005450,2025-08-06,Санкт-Петербург,Самара,Авиа,63.0,2,2,8615.51,В срок
SHP006442,2025-05-15,Москва,Уфа,Железная дорога,543.8,4,4,3632.09,В срок
SHP002722,2025-03-22,Москва,Уфа,Авиа,204.6,2,5,8358.48,Задержка
SHP004270,2025-01-14,Новосибирск,Москва,Железная дорога,91.7,6,6,5255.4,В срок
SHP000577,2025-04-17,Москва,Казань,Железная дорога,220.2,3,2,2509.42,В срок
SHP001579,2025-08-06,Санкт-Петербург,Самара,Авто,125.8,4,5,3967.29,Задержка
SHP002635,2025-10-04,Москва,Нижний Новгород,Авто,66.9,2,2,1955.75,В срок
SHP000117,2025-07-24,Москва,Пермь,Авто,522.5,4,4,4934.27,В срок
SHP002844,2025-03-21,Москва,Новосибирск,Авиа,341.0,3,3,15628.17,В срок
SHP004955,2025-12-17,Москва,Самара,Авиа,511.9,2,2,8322.58,В срок
SHP009374,2025-09-19,Москва,Самара,Авиа,105.7,2,2,6604.27,в срок 
SHP000916,2025-09-24,Новосибирск,Самара,Железная дорога,290.6,5,5,5357.6,В срок
SHP000051,2025-03-25,Екатеринбург,Ростов-на-Дону,Авто,84.2,5,5,4546.95,В срок
SHP007009,2025-02-05,Москва,Уфа,Железная дорога,124.3,4,7,2918.6,Задержка
SHP002300,2025-07-06,Казань,Уфа,Железная дорога,529.5,3,3,2985.37,В срок
SHP001571,2025-03-31,Екатеринбург,Казань,Железная дорога,337.8,3,3,2782.45,В срок
SHP008623,2025-01-25,Санкт-Петербург,Ростов-на-Дону,Авто,130.5,4,7,4207.68,Задержка
SHP008648,2025-07-31,Новосибирск,Москва,Авиа,109.7,3,3,15630.82,В срок
SHP000562,2025-01-30,Казань,Ростов-на-Дону,Железная дорога,240.3,4,4,3320.28,В срок
SHP000076,2025-12-06,Новосибирск,Уфа,Железная дорога,146.5,5,7,3791.92,Задержка
SHP004920,2025-07-04,Москва,Новосибирск,Железная дорога,230.8,6,6,5217.87,В срок
SHP007030,2025-12-15,Москва,Казань,Авто,389.7,3,3,2791.31,В срок
SHP001068,2025-05-24,Москва,Самара,Железная дорога,316.7,4,4,3236.62,В срок
SHP005323,2025-03-22,Санкт-Петербург,Самара,Авто,103.3,4,4,3859.48,В срок
SHP009203,2025-06-01,Екатеринбург,Самара,Авто,498.0,3,2,3541.6,В срок
SHP008028,2025-10-07,Казань,Нижний Новгород,Авто,117.6,2,1,1818.49,В срок
SHP000077,2025-05-24,Москва,Новосибирск,Железная дорога,114.9,6,6,5754.43,В срок
SHP008953,2025-08-20,Москва,Санкт-Петербург,Авто,105.9,3,3,2240.23,В срок
SHP000572,2025-04-06,Москва,Екатеринбург,Авто,242.9,4,8,4258.93,Задержка
SHP009144,2025-05-27,Москва,Новосибирск,Авиа,816.1,3,3,17520.18,В срок
SHP001754,2025-05-31,Санкт-Петербург,Екатеринбург,Железная дорога,514.1,5,5,4657.34,В срок
SHP004442,2025-03-25,Москва,Санкт-Петербург,Авиа,529.9,2,2,7496.4,В срок
SHP000201,2025-03-05,Санкт-Петербург,Москва,Авто,962.5,3,3,4139.1,В срок
SHP002853,2025-01-03,Санкт-Петербург,Самара,Железная дорога,271.2,4,4,3824.36,В срок
SHP003848,2025-07-26,Москва,Казань,Авиа,176.0,2,2,6235.76,В срок
SHP000913,2025-04-28,Москва,Пермь,Авто,183.7,4,4,3408.2,В срок
SHP005424,20.12.2025,Москва,Казань,Железная дорога,285.4,3,3,2548.6,В срок
SHP001091,2025-07-20,Новосибирск,Екатеринбург,Авиа,56.3,2,2,9547.36,В срок
SHP007261,2025-02-07,Новосибирск,Уфа,Железная дорога,103.2,5,5,3616.75,В срок
SHP007718,2025-06-22,Казань,Пермь,Авто,80.0,2,2,2210.05,В срок
SHP008799,2025-11-18,Москва,Самара,Авиа,340.6,2,2,8630.45,В срок
SHP006135,2025-11-10,Москва,Новосибирск,Железная дорога,291.4,6,6,5479.31,В срок
SHP000462,2025-11-07,Москва,Ростов-на-Дону,Авто,286.1,3,3,3416.59,В срок
SHP009541,2025-08-12,Москва,Уфа,Железная дорога,136.4,4,4,3182.0,В срок
SHP008758,2025-07-27,Санкт-Петербург,Самара,Железная дорога,125.2,4,3,3364.76,В срок
SHP001737,2025-04-19,Москва,Казань,Авто,363.1,3,3,3134.25,В срок
SHP006900,2025-02-06,КАЗАНЬ,Пермь,Авто,64.5,2,4,2157.43,Задержка
SHP005390,2025-01-17,Санкт-Петербург,Москва,Авто,562.8,3,3,3633.02,В срок
SHP005361,2025-03-12,Казань,Самара,Авто,350.2,2,2,2296.93,В срок
SHP004085,2025-06-13,Москва,Казань,Авто,206.5,3,4,2984.63,Задержка
SHP006732,2025-11-22,Новосибирск,Екатеринбург,Авто,457.8,4,4,4776.8,В срок
SHP001092,2025-04-30,Москва,Пермь,Железная дорога,1443.5,4,4,5073.16,В срок
SHP000137,2025-04-15,Москва,Пермь,Авиа,166.7,2,5,7785.11,Задержка
SHP001647,2025-08-26,Москва,Санкт-Петербург,Авто,108.6,3,3,2622.31,В срок
SHP001341,2025-03-08,Москва,Новосибирск,Авиа,110.6,3,3,16136.2,В срок
SHP006635,2025-05-28,Москва,Ростов-на-Дону,Железная дорога,424.9,4,6,3844.15,Задержка
SHP001985,2025-05-06,Казань,Пермь,Железная дорога,262.7,3,3,2536.11,В срок
SHP005025,2025-06-03,Москва,Нижний Новгород,Железная дорога,161.0,3,3,2152.94,В срок
SHP002228,2025-11-25,Казань,Москва,Авто,892.9,3,3,4441.63,В срок
SHP002887,2025-03-03,Москва,Пермь,Авиа,303.7,2,2,9063.62,В срок
SHP000700,2025-07-13,Екатеринбург,Самара,Авто,573.4,3,3,3625.3,В срок
SHP002640,2025-04-13,Санкт-Петербург,Москва,Железная дорога,264.5,3,3,2387.96,В срок
SHP001755,2025-10-29,Москва,Нижний Новгород,Авто,1262.1,2,2,4861.71,В срок
SHP001816,2025-07-21,Екатеринбург,Ростов-на-Дону,Авто,381.1,5,5,5292.93,В срок
SHP007881,2025-01-06,Казань,Екатеринбург,Железная дорога,183.0,3,2,2998.3,В срок
SHP005922,2025-03-19,Новосибирск,Пермь,Авиа,92.5,2,2,11393.48,В срок
SHP007865,2025-06-20,Москва,Самара,Железная дорога,610.6,4,4,3788.05,В срок
SHP001741,2025-03-19,Санкт-Петербург,Уфа,Железная дорога,77.9,5,6,3560.05,Задержка
SHP000523,2025-06-17,Новосибирск,Казань,Железная дорога,325.8,5,4,5142.11,В срок
SHP007828,2025-10-12,Санкт-Петербург,Нижний Новгород,Авиа,235.1,2,2,7436.12,В срок
SHP000531,2025-01-22,Москва,Пермь,Железная дорога,168.4,4,4,3314.48,В срок
SHP001362,2025-04-04,Москва,Ростов-на-Дону,Железная дорога,827.6,4,4,4385.4,В срок
SHP001732,2025-07-14,Москва,Пермь,Железная дорога,138.3,4,4,3443.72,В срок
SHP000537,2025-04-01,Санкт-Петербург,Екатеринбург,Железная дорога,458.2,5,5,4791.45,В срок
SHP009935,2025-07-25,Москва,Уфа,Железная дорога,216.4,4,4,3457.95,В срок
SHP006979,2025-01-27,Екатеринбург,Пермь,Железная дорога,261.1,3,4,2155.76,Задержка
SHP003117,2025-08-07,Казань,Санкт-Петербург,Железная дорога,98.4,4,4,3389.57,В срок
SHP004558,2025-06-09,Москва,Пермь,Авто,238.3,4,4,3611.99,В срок
SHP004703,2025-08-19,Москва,Санкт-Петербург,Авто,223.4,3,3,2763.37,В срок
SHP008328,2025-10-22,Москва,Екатеринбург,Железная дорога,1162.7,4,4,5461.29,В срок
SHP000903,2025-11-06,Екатеринбург,Москва,Железная дорога,393.1,4,4,3938.28,В срок
SHP004912,2025-09-09,Москва,Ростов-на-Дону,Авто,238.3,3,3,3293.92,В срок
SHP003031,2025-10-16,Москва,Новосибирск,Авиа,339.0,3,3,17679.88,В срок
SHP006530,2025-05-27,Екатеринбург,Уфа,Авто,455.5,2,2,2474.27,В срок
SHP001246,2025-03-30,Москва,Уфа,Авто,252.9,4,4,3391.6,В срок
SHP003574,2025-04-08,Санкт-Петербург,Москва,Авто,362.0,3,3,2744.15,В срок
SHP002955,2025-12-30,Новосибирск,Екатеринбург,Железная дорога,559.6,4,4,3798.89,В срок
SHP002004,2025-07-14,Москва,Самара,Железная дорога,149.8,4,4,2889.82,В срок
SHP002560,2025-06-08,Казань,Уфа,Авто,194.4,2,2,2235.75,В срок
SHP007660,2025-03-24,Санкт-Петербург,Ростов-на-Дону,Железная дорога,363.0,5,5,4067.04,В срок
SHP002169,2025-01-26,Казань,Ростов-на-Дону,Железная дорога,104.4,4,4,2873.64,В срок
SHP003340,2025-02-12,Санкт-Петербург,Казань,Авто,537.4,4,4,4948.46,В срок
SHP003523,2025-09-01,Екатеринбург,Санкт-Петербург,Авто,428.5,5,5,5265.13,В срок
SHP001061,2025-06-18,Екатеринбург,Нижний Новгород,Авто,1800.0,3,3,7137.94,В срок
SHP000436,2025-05-29,Екатеринбург,Ростов-на-Дону,Авто,1800.0,5,4,8549.34,В срок
SHP006520,2025-10-27,Екатеринбург,Санкт-Петербург,Авиа,211.6,2,2,11074.62,В срок
SHP000023,2025-05-31,Москва,Нижний Новгород,Авто,312.8,2,2,2447.22,В срок
SHP002940,2025-12-23,Новосибирск,Москва,Железная дорога,222.3,6,6,5070.29,В срок
SHP009927,2025-06-10,Москва,Нижний Новгород,Авто,514.0,2,4,3019.13,Задержка
SHP005608,2025-11-25,Москва,Ростов-на-Дону,Железная дорога,381.9,4,7,2898.95,Задержка
SHP004522,2025-07-05,Казань,Санкт-Петербург,Железная дорога,81.3,4,3,3121.72,В срок
SHP008354,2025-02-21,Санкт-Петербург,Самара,Авто,222.6,4,4,4026.92,В срок
SHP009886,2025-02-08,Казань,Самара,Авто,242.8,2,2,1876.63,В срок
SHP004426,2025-07-09,Санкт-Петербург,Екатеринбург,Авиа,800.3,2,2,15459.7,В срок
SHP003060,2025-02-13,Екатеринбург,Ростов-на-Дону,Авиа,314.4,2,2,11635.82,В срок
SHP006707,2025-02-20,Екатеринбург,Санкт-Петербург,Авто,228.9,5,5,4967.28,В срок
SHP009399,2025-12-20,Санкт-Петербург,Пермь,Авто,191.4,4,7,3994.69,Задержка
SHP004042,2025-01-26,Санкт-Петербург,Москва,Авиа,122.4,2,1,6169.4,В срок
SHP008746,2025-04-21,Москва,Уфа,Авто,242.3,4,4,3344.76,В срок
SHP004957,2025-03-03,Санкт-Петербург,Пермь,Железная дорога,177.4,5,5,3483.44,В срок
SHP001247,2025-03-20,Екатеринбург,Новосибирск,Авто,601.8,4,4,5289.31,В срок
SHP002691,2025-06-13,Санкт-Петербург,Ростов-на-Дону,Авиа,397.0,2,4,13504.58,Задержка
SHP003467,2025-03-11,Москва,Уфа,Авто,106.1,4,4,3278.37,В срок
SHP008096,2025-05-26,Санкт-Петербург,Казань,Железная дорога,155.4,4,5,3325.95,Задержка
SHP002274,2025-05-23,Новосибирск,Москва,Авиа,621.6,3,7,19642.69,Задержка
SHP004631,2025-07-27,Москва,Казань,Авто,283.0,3,3,2830.19,В срок
SHP009351,2025-05-17,Москва,Ростов-на-Дону,Железная дорога,394.9,4,4,3569.2,В срок
SHP005216,2025-10-04,Москва,Пермь,Железная дорога,87.2,4,3,2962.84,В срок
SHP003329,2025-02-15,Москва,Санкт-Петербург,Железная дорога,380.6,3,7,2908.77,Задержка
SHP001500,2025-11-28,Москва,Пермь,Железная дорога,652.0,4,4,3867.28,В срок
SHP003653,2025-12-31,Москва,Новосибирск,Авиа,145.8,3,3,17632.68,В срок
SHP005655,2025-07-10,Новосибирск,Пермь,Железная дорога,60.9,5,5,3379.3,В срок
SHP006285,2025-03-21,Екатеринбург,Новосибирск,Железная дорога,94.7,4,4,3567.92,В срок
SHP006360,2025-07-22,Санкт-Петербург,Казань,Авто,166.6,4,3,3343.68,В срок
SHP006852,2025-09-23,Санкт-Петербург,Москва,Авто,483.1,3,3,3431.66,В срок
SHP002896,2025-02-03,Казань,Пермь,Железная дорога,551.4,3,4,2952.59,Задержка
SHP009272,2025-05-05,Москва,Казань,Авто,421.0,3,3,3326.19,В срок
SHP006612,2025-12-01,Москва,Ростов-на-Дону,Авто,202.8,3,3,2983.17,В срок
SHP001688,2025-07-02,Казань,Ростов-на-Дону,Железная дорога,306.1,4,3,3746.49,В срок
SHP001382,2025-10-21,Москва,Санкт-Петербург,Авиа,437.5,2,2,8305.13,В срок
SHP006733,2025-08-27,Казань,Новосибирск,Авиа,235.4,3,3,13252.47,В срок
SHP008891,2025-05-12,Москва,Казань,Авто,1123.5,3,3,4982.6,В срок
SHP003099,2025-04-13,Москва,Самара,Железная дорога,1050.0,4,4,4320.01,В срок
SHP009207,2025-03-09,Санкт-Петербург,Екатеринбург,Авто,295.1,5,5,5177.59,В срок
SHP003746,2025-08-17,Казань,Ростов-на-Дону,Авто,121.8,4,6,3063.09,Задержка
SHP006848,2025-11-20,Новосибирск,Пермь,Железная дорога,316.4,5,9,4355.68,Задержка
SHP009100,2025-01-05,Москва,Пермь,Авто,1316.5,4,4,5609.49,В срок
SHP007399,2025-05-05,Москва,Пермь,Авто,64.6,4,4,3270.45,В срок
SHP003381,2025-08-23,Санкт-Петербург,Екатеринбург,Железная дорога,621.1,5,5,4427.45,В срок
SHP006117,2025-06-29,Новосибирск,Уфа,Авто,759.7,5,8,5468.93,Задержка
SHP005738,2025-11-02,Москва,Екатеринбург,Авто,784.9,4,3,5729.25,В срок
SHP009843,2025-01-12,Санкт-Петербург,Москва,Авто,119.0,3,2,2192.79,В срок
SHP004017,2025-06-09,Москва,Ростов-на-Дону,Авиа,143.6,2,2,7046.26,В срок
SHP007478,2025-09-04,Казань,Новосибирск,Железная дорога,204.0,5,5,4129.76,В срок
SHP003495,2025-03-26,Новосибирск,Самара,Железная дорога,176.1,5,5,4573.78,В срок
SHP009603,2025-12-03,Екатеринбург,Казань,Авто,119.4,3,3,2507.95,В срок
SHP002324,2025-06-26,Казань,Ростов-на-Дону,Авиа,179.2,2,1,9631.24,В срок
SHP000655,2025-03-13,Казань,Москва,Авто,353.5,3,5,3115.8,Задержка
SHP004428,2025-06-18,Новосибирск,Уфа,Железная дорога,44.1,5,5,4081.12,В срок
SHP000712,2025-03-23,Новосибирск,Екатеринбург,Авто,278.3,4,3,4147.0,В срок
SHP000227,2025-08-10,Москва,Нижний Новгород,Авто,1415.8,2,1,4619.0,В срок
SHP004602,2025-12-03,Москва,Казань,Авто,211.1,3,3,2987.4,В срок
SHP009874,2025-10-29,Санкт-Петербург,Уфа,Авиа,195.6,2,2,11427.72,В срок
SHP009189,2025-05-29,Екатеринбург,Ростов-на-Дону,Авто,292.0,5,5,4464.24,В срок
SHP008173,2025-08-14,Москва,Казань,Авто,321.9,3,3,2977.73,В срок
SHP009822,2025-01-13,Москва,Ростов-на-Дону,Железная дорога,276.7,4,4,3092.1,В срок
SHP007642,2025-07-31,Санкт-Петербург,Москва,Авто,108.2,3,5,2202.82,Задержка
SHP000688,2025-03-27,Москва,Пермь,Авто,1004.8,4,3,5326.55,В срок
SHP006121,2025-08-26,Новосибирск,Санкт-Петербург,Авиа,326.5,3,3,18374.9,В срок
SHP002919,2025-10-14,Москва,Казань,Авто,881.1,3,3,4411.75,В срок
SHP002240,2025-01-01,Екатеринбург,Новосибирск,Авто,136.1,4,4,3825.65,В срок
SHP000828,2025-01-11,Новосибирск,Казань,Авто,347.0,6,6,5094.42,В срок
SHP006527,2025-07-25,Казань,Уфа,Авто,174.9,2,2,2176.92,В срок
SHP005472,2025-10-31,Санкт-Петербург,Уфа,Авто,51.4,5,5,4293.02,В срок
SHP003742,2025-04-17,Екатеринбург,Москва,Железная дорога,115.0,4,4,3657.24,В срок
SHP002295,2025-03-26,Москва,Санкт-Петербург,Авто,316.5,3,6,2706.96,Задержка
SHP005832,2025-03-13,Санкт-Петербург,Уфа,Авто,146.0,5,5,4677.18,В срок
SHP002081,2025-07-14,Казань,Ростов-на-Дону,Авиа,980.2,2,2,12957.58,В срок
SHP009505,2025-03-17,Новосибирск,Пермь,Авто,447.9,5,6,4925.05,Задержка
SHP008639,2025-01-02,Екатеринбург,Пермь,Авто,69.5,2,2,1785.05,В срок
SHP009681,2025-10-30,Москва,Казань,Авто,248.1,3,3,2796.07,В срок
SHP008884,2025-10-08,Новосибирск,Нижний Новгород,Железная дорога,388.2,6,6,5157.06,В срок
SHP007125,2025-07-27,Новосибирск,Санкт-Петербург,Авиа,404.9,3,3,16839.02,В срок
SHP006320,2025-10-07,Екатеринбург,Казань,Авто,296.8,3,3,3064.69,В срок
SHP005611,2025-12-27,Санкт-Петербург,Екатеринбург,Железная дорога,227.4,5,5,4494.66,В срок
SHP007935,2025-07-07,Москва,Уфа,Железная дорога,156.9,4,4,3370.46,В срок
SHP008598,15.03.2025,Москва,Екатеринбург,Железная дорога,272.9,4,3,3854.9,В срок
SHP006610,2025-03-02,Санкт-Петербург,Москва,Железная дорога,175.9,3,3,2275.68,В срок
SHP004562,2025-01-13,Москва,Санкт-Петербург,Авто,643.9,3,5,3729.3,Задержка
SHP005703,2025-02-20,Екатеринбург,Нижний Новгород,Авиа,610.1,2,2,10178.74,В срок
SHP007333,2025-12-21,Санкт-Петербург,Москва,Авто,102.1,3,5,2437.9,Задержка
SHP000489,2025-03-29,Екатеринбург,Нижний Новгород,Авто,398.4,3,3,3877.06,В срок
SHP000595,2025-05-17,Санкт-Петербург,Самара,Железная дорога,557.7,4,4,4596.5,В срок
SHP003569,2025-11-05,Санкт-Петербург,Уфа,Авто,396.5,5,5,4682.11,В срок
SHP008282,2025-12-24,Екатеринбург,Пермь,Железная дорога,233.4,3,2,2153.8,В срок
SHP003839,2025-02-15,Казань,Ростов-на-Дону,Железная дорога,361.2,4,4,3763.66,В срок
SHP002328,2025-03-11,Москва,Ростов-на-Дону,Авиа,426.1,2,2,9582.54,В срок
SHP000429,2025-12-27,Москва,Санкт-Петербург,Авто,816.5,3,3,4082.53,В срок
SHP002710,2025-03-19,Москва,Пермь,Авто,118.3,4,4,3637.88,В срок
SHP004208,2025-08-23,Казань,Пермь,Авиа,270.7,2,2,6829.84,В срок
SHP004768,2025-07-10,Москва,Нижний Новгород,Железная дорога,381.4,3,4,2618.61,Задержка
SHP005278,2025-09-14,Москва,Уфа,Железная дорога,329.9,4,4,3314.38,В срок
SHP005458,2025-12-04,Екатеринбург,Санкт-Петербург,Авто,66.8,5,5,3795.28,В срок
SHP002664,2025-10-02,Санкт-Петербург,Ростов-на-Дону,Железная дорога,956.3,5,5,4830.2,В срок
SHP004165,2025-11-27,Москва,Нижний Новгород,,188.1,2,2,2225.61,В срок
SHP008193,2025-03-09,Казань,Нижний Новгород,Авто,268.8,2,2,1987.52,В срок
SHP007398,2025-09-06,Казань,Москва,Авто,141.3,3,4,2512.15,Задержка
SHP003900,2025-08-21,Казань,Ростов-на-Дону,Железная дорога,383.7,4,4,3445.87,в срок 
SHP001089,2025-04-16,Екатеринбург,Казань,Железная дорога,241.2,3,3,2488.42,В срок
SHP006865,2025-06-05,Екатеринбург,Казань,Авто,372.7,3,3,3240.04,В срок
SHP006224,2025-10-28,Казань,Санкт-Петербург,Железная дорога,236.4,4,4,3273.21,В срок
SHP009389,2025-04-14,Москва,Нижний Новгород,Авто,107.7,2,2,1756.26,В срок
SHP003231,2025-07-08,Москва,Казань,Авто,563.3,3,3,3649.79,В срок
SHP002110,2025-05-22,Новосибирск,Санкт-Петербург,Железная дорога,,7,7,5030.27,В срок
SHP002872,2025-09-11,Новосибирск,Санкт-Петербург,Авто,743.3,7,7,8837.09,В срок
SHP006435,2025-02-04,Москва,Уфа,Авто,628.3,4,4,4659.53,В срок
SHP003195,2025-06-22,Москва,Екатеринбург,Железная дорога,117.4,4,3,3657.99,В срок
SHP009026,2025-09-10,Санкт-Петербург,Уфа,Железная дорога,253.4,5,5,3995.31,В срок
SHP004985,2025-06-17,Санкт-Петербург,Москва,Авто,242.0,3,3,2738.88,В срок
SHP006087,2025-04-18,Москва,Пермь,Авто,331.8,4,4,4046.79,В срок
SHP003158,2025-11-11,Санкт-Петербург,Самара,Железная дорога,208.7,4,4,3864.42,В срок
SHP005638,2025-03-29,Казань,Самара,Авто,215.6,2,2,1743.87,В срок
SHP009731,2025-09-24,Санкт-Петербург,Нижний Новгород,Авто,129.4,3,2,2828.13,В срок
SHP009367,2025-08-17,Санкт-Петербург,Ростов-на-Дону,Авто,224.5,4,4,4584.68,В срок
SHP001693,2025-12-17,Казань,Екатеринбург,Авто,219.8,3,3,2806.15,В срок
SHP006372,2025-07-04,Москва,Екатеринбург,Железная дорога,307.0,4,5,3575.72,Задержка
SHP004683,2025-02-21,Новосибирск,Екатеринбург,Железная дорога,756.1,4,5,4584.08,Задержка
SHP008888,2025-12-11,Новосибирск,Нижний Новгород,Железная дорога,107.5,6,6,4798.51,В срок
SHP004584,2025-11-07,Москва,Уфа,Авиа,313.6,2,2,10575.78,В срок
SHP006341,2025-11-20,Казань,Нижний Новгород,Авто,290.8,2,2,2289.84,В срок
SHP009971,2025-10-19,Екатеринбург,Пермь,Авто,196.7,2,4,1782.82,Задержка
SHP000464,2025-10-21,Санкт-Петербург,Новосибирск,Авиа,545.2,3,3,20741.24,В срок
SHP001148,2025-01-07,Казань,Нижний Новгород,Авто,880.8,2,1,3424.41,В срок
SHP006621,2025-10-26,Москва,Самара,Авиа,269.9,2,4,7882.78,Задержка
SHP009329,2025-06-16,Москва,Нижний Новгород,Авто,100.3,2,2,1865.5,В срок
SHP000173,2025-04-09,Новосибирск,Москва,Авиа,255.0,3,3,16805.67,В срок
SHP001379,2025-09-02,Новосибирск,Екатеринбург,Железная дорога,232.9,4,4,3031.23,В срок
SHP001075,2025-04-16,Москва,Самара,Железная дорога,391.3,4,4,2946.39,В срок
SHP005184,2025-02-28,Санкт-Петербург,Новосибирск,Авто,66.7,7,7,7250.82,В срок
SHP006142,2025-12-25,Москва,Санкт-Петербург,Авто,284.6,3,3,2879.87,В срок
SHP007946,2025-10-30,Москва,Казань,Железная дорога,162.9,3,3,2708.39,В срок
SHP006557,2025-10-11,Казань,Уфа,Авто,199.9,2,4,2152.5,Задержка
SHP007319,2025-01-18,Санкт-Петербург,Ростов-на-Дону,Авто,248.0,4,4,4507.55,В срок
SHP000100,2025-03-12,Москва,Казань,Железная дорога,174.3,3,2,2801.71,В срок
SHP001354,2025-03-28,Новосибирск,Ростов-на-Дону,Авиа,176.1,3,3,16697.1,В срок
SHP000784,2025-04-08,Новосибирск,Москва,Авиа,267.6,3,3,15658.81,В срок
SHP006793,2025-04-06,Москва,Санкт-Петербург,Железная дорога,137.2,3,3,2261.63,В срок
SHP000952,2025-08-20,Новосибирск,Москва,Авиа,275.5,3,3,16152.06,В срок
SHP005276,2025-07-19,Москва,Нижний Новгород,Железная дорога,62.0,3,4,1960.41,Задержка
SHP000521,2025-06-14,Екатеринбург,Пермь,Авто,275.3,2,5,2176.74,Задержка
SHP005934,2025-01-09,Москва,Екатеринбург,Авиа,239.7,2,2,11514.51,В срок
SHP006384,2025-02-14,Москва,Уфа,Железная дорога,109.3,4,4,3169.6,В срок
SHP005043,2025-02-19,Москва,Екатеринбург,Железная дорога,600.2,4,4,4220.9,В срок
SHP001963,2025-04-11,Москва,Казань,Авто,91.3,3,3,2351.71,В срок
SHP000628,2025-12-02,Санкт-Петербург,Нижний Новгород,Авиа,364.7,2,2,8523.59,В срок
SHP008556,2025-11-14,Казань,Екатеринбург,Железная дорога,72.4,3,2,2469.85,В срок
SHP007363,2025-01-31,Санкт-Петербург,Екатеринбург,Железная дорога,90.2,5,5,4192.59,В срок
SHP005720,2025-04-21,Новосибирск,Санкт-Петербург,Авиа,121.0,3,3,16393.92,В срок
SHP006310,2025-01-16,Москва,Нижний Новгород,Авто,298.6,2,2,2399.33,В срок
SHP008463,2025-12-02,Москва,Санкт-Петербург,Авто,1371.3,3,4,5569.09,Задержка
SHP007175,2025-07-02,Екатеринбург,Самара,Авиа,398.2,2,2,8642.71,В срок
SHP006827,2025-10-11,Новосибирск,Санкт-Петербург,Авиа,217.8,3,3,16392.72,В срок
SHP007749,2025-05-30,Новосибирск,Москва,Авто,367.6,7,10,7506.32,Задержка
SHP008526,2025-05-19,Екатеринбург,Ростов-на-Дону,Авто,877.0,5,8,6666.98,Задержка
SHP007988,2025-07-24,Новосибирск,Самара,Авиа,141.1,3,3,14307.2,В срок
SHP004324,2025-05-10,Москва,Казань,Авто,694.6,3,3,3873.4,В срок
SHP003070,2025-10-23,Москва,Пермь,Железная дорога,216.7,4,4,3147.29,В срок
SHP004427,2025-05-20,Екатеринбург,Казань,Авто,646.9,3,3,4223.93,В срок
SHP000367,2025-06-08,Москва,Ростов-на-Дону,Железная дорога,419.4,4,8,3239.11,Задержка
SHP000610,2025-03-22,Екатеринбург,Москва,Авто,911.0,4,4,5364.69,В срок
SHP001149,2025-10-06,Москва,Самара,Авиа,244.4,2,2,7495.58,В срок
SHP005681,2025-12-12,Екатеринбург,Нижний Новгород,Авиа,484.3,2,2,10298.0,В срок
SHP009590,2025-11-28,Казань,Пермь,Железная дорога,109.5,3,3,2146.06,В срок
SHP008724,2025-10-20,Новосибирск,Уфа,Железная дорога,475.8,5,8,4216.74,Задержка
SHP005533,2025-08-22,Москва,Ростов-на-Дону,Авто,351.3,3,3,3734.32,В срок
SHP003126,2025-12-14,Москва,Ростов-на-Дону,Авто,352.0,3,3,3136.09,В срок
SHP003823,2025-06-06,Москва,Екатеринбург,Авто,1005.3,4,4,6122.1,В срок
SHP001447,2025-01-31,Санкт-Петербург,Ростов-на-Дону,Авиа,481.3,2,1,12690.2,В срок
SHP009052,2025-10-07,Казань,Самара,Авиа,256.5,2,2,5614.1,В срок
SHP008090,2025-08-06,Санкт-Петербург,Ростов-на-Дону,Авто,254.9,4,4,4632.64,В срок
SHP000825,2025-03-06,Казань,Санкт-Петербург,Авиа,230.7,2,2,9671.26,В срок
SHP004954,2025-04-05,Казань,Нижний Новгород,Авиа,314.8,2,2,5569.37,В срок
SHP006663,2025-10-06,Москва,Екатеринбург,Авто,82.6,4,4,4078.11,В срок
SHP002734,2025-11-05,Москва,Пермь,Авто,514.1,4,4,4653.45,В срок
SHP008427,2025-08-27,Новосибирск,Нижний Новгород,Железная дорога,196.0,6,10,5327.82,Задержка
SHP006638,2025-08-17,Екатеринбург,Пермь,Авто,181.5,2,5,1934.86,Задержка
SHP001993,2025-05-16,Санкт-Петербург,Новосибирск,Авиа,66.6,3,3,18009.25,В срок
SHP006796,2025-09-06,Москва,Самара,Железная дорога,618.1,4,4,3758.56,В срок
SHP009477,2025-11-10,Санкт-Петербург,Уфа,Авиа,396.1,2,2,12656.58,В срок
SHP000030,2025-11-06,Москва,Казань,Авто,366.3,3,3,3745.7,В срок
SHP001635,2025-09-24,Казань,Новосибирск,Железная дорога,121.3,5,5,4482.63,В срок
SHP005809,2025-02-12,Новосибирск,Санкт-Петербург,Авиа,97.3,3,3,18887.58,В срок
SHP007605,2025-09-09,Москва,Казань,Авто,431.3,3,5,2990.69,Задержка
SHP005186,2025-05-03,Екатеринбург,Санкт-Петербург,Железная дорога,369.0,5,5,4320.57,В срок
SHP007335,2025-08-15,Москва,Уфа,Авто,654.0,4,4,4068.85,В срок
SHP004531,2025-01-04,Москва,Уфа,Авто,164.4,4,4,3668.63,В срок
SHP003664,2025-01-31,Москва,Санкт-Петербург,Авто,192.1,3,3,2713.25,В срок
SHP001918,2025-11-22,Екатеринбург,Самара,Авто,608.2,3,3,3762.69,В срок
SHP004056,2025-05-09,Новосибирск,Самара,Авиа,231.8,3,3,14474.23,В срок
SHP003944,2025-05-02,Екатеринбург,Казань,Авто,776.5,3,3,4488.46,В срок
SHP003974,2025-05-13,Санкт-Петербург,Новосибирск,Железная дорога,181.2,7,7,5813.94,В срок
SHP001884,2025-12-24,Москва,Екатеринбург,Авто,322.3,4,4,4080.19,В срок
SHP002990,2025-09-05,Москва,Пермь,Авто,102.2,4,4,3559.06,В срок
SHP000152,2025-03-04,Казань,Москва,Авто,355.7,3,3,2881.33,В срок
SHP007089,2025-07-12,Новосибирск,Уфа,Авто,225.1,5,9,4939.28,Задержка
SHP000172,2025-03-29,Новосибирск,Екатеринбург,Железная дорога,436.5,4,4,4114.17,В срок
SHP007980,2025-03-08,Москва,Уфа,Авиа,296.7,2,2,9850.11,В срок
SHP005827,2025-07-08,Санкт-Петербург,Москва,Авто,256.0,3,3,2410.12,В срок
SHP004406,2025-09-21,Санкт-Петербург,Нижний Новгород,Авто,294.4,3,4,3510.04,Задержка
SHP008512,2025-06-20,Москва,Ростов-на-Дону,Авиа,129.8,2,1,6788.4,В срок
SHP006390,2025-05-25,Москва,Ростов-на-Дону,Авто,224.9,3,5,3287.19,Задержка
SHP007650,2025-03-27,Казань,Новосибирск,Железная дорога,24.7,5,5,3594.93,В срок
SHP001027,2025-04-18,Москва,Санкт-Петербург,Авто,542.7,3,3,3529.44,В срок
SHP005553,2025-03-21,Москва,Санкт-Петербург,Авиа,98.9,2,2,6087.47,В срок
SHP009105,2025-02-03,Москва,Уфа,Железная дорога,161.4,4,4,3566.72,В срок
SHP003482,2025-05-21,Санкт-Петербург,Уфа,Железная дорога,99.3,5,5,3343.12,В срок
SHP004179,2025-03-04,Москва,Пермь,Авиа,448.5,2,2,10719.27,В срок
SHP000560,2025-04-04,Москва,Уфа,Железная дорога,291.4,4,4,3935.17,В срок
SHP008966,2025-02-12,Москва,Екатеринбург,Авиа,166.2,2,2,10189.46,В срок
SHP003655,2025-05-19,Казань,Новосибирск,Железная дорога,188.0,5,5,4871.03,В срок
SHP004919,2025-03-20,Москва,Казань,Авто,162.6,3,3,2533.36,В срок
SHP004277,2025-12-30,Казань,Нижний Новгород,Авто,310.5,2,2,2329.39,В срок
SHP008877,2025-04-14,Казань,Новосибирск,Авиа,113.8,3,3,12889.15,В срок
SHP005388,2025-06-26,Новосибирск,Казань,Железная дорога,412.0,5,5,5337.48,В срок
SHP007516,2025-07-04,Москва,Ростов-на-Дону,Авто,1800.0,3,6,7375.29,Задержка
SHP007029,2025-07-29,Москва,Пермь,Железная дорога,304.6,4,4,3403.74,В срок
SHP008156,2025-03-11,Москва,Казань,Железная дорога,427.9,3,3,3159.37,В срок
SHP004244,2025-07-18,Казань,Уфа,Авто,434.1,2,2,2740.93,В срок
SHP003999,2025-02-15,Санкт-Петербург,Нижний Новгород,Авиа,479.0,2,6,8502.29,Задержка
SHP004213,2025-01-23,Москва,Санкт-Петербург,Железная дорога,741.3,3,4,3544.26,Задержка
SHP001764,2025-01-02,Новосибирск,Санкт-Петербург,Железная дорога,945.6,7,7,7107.34,В срок
SHP002878,2025-10-21,Екатеринбург,Ростов-на-Дону,Авто,168.7,5,5,4980.2,В срок
SHP001830,2025-08-11,Екатеринбург,Самара,Авто,300.4,3,3,2797.05,В срок
SHP003704,2025-05-08,Казань,Уфа,Авто,408.8,2,1,2978.5,В срок
SHP000774,2025-03-24,Москва,Самара,Авиа,1341.0,2,3,13253.7,Задержка
SHP008473,2025-04-20,Новосибирск,Казань,Железная дорога,110.5,5,8,4616.72,Задержка
SHP005627,2025-03-27,Москва,Самара,Авто,105.9,3,7,2508.85,Задержка
SHP009396,2025-06-08,Казань,Санкт-Петербург,Авиа,203.9,2,3,9289.72,Задержка
SHP003508,2025-05-09,Санкт-Петербург,Екатеринбург,Авто,184.4,5,5,4801.77,В срок
SHP001967,2025-03-09,Новосибирск,Самара,Авиа,736.2,3,3,15172.76,В срок
SHP008778,2025-12-16,Санкт-Петербург,Уфа,Авто,85.6,5,5,4223.42,В срок
SHP007873,2025-11-21,Казань,Екатеринбург,Авто,778.0,3,3,3977.23,В срок
SHP006795,2025-08-26,Екатеринбург,Пермь,Авто,252.2,2,2,2063.01,В срок
SHP005639,2025-11-04,Новосибирск,Нижний Новгород,Авиа,237.2,3,3,13677.9,В срок
SHP007043,2025-06-29,Москва,Казань,Авто,149.0,3,3,2982.12,В срок
SHP007475,2025-06-16,Москва,Санкт-Петербург,Авто,123.4,3,3,2607.09,В срок
SHP009043,2025-09-11,Москва,Нижний Новгород,Авто,268.8,2,4,2257.49,Задержка
SHP009179,2025-10-05,Москва,Самара,Железная дорога,943.6,4,3,4307.13,В срок
SHP000359,2025-04-06,Екатеринбург,Ростов-на-Дону,Авиа,295.0,2,1,12852.4,В срок
SHP008390,2025-09-22,Санкт-Петербург,Самара,Железная дорога,243.0,4,4,3971.14,В срок
SHP000275,2025-03-08,Санкт-Петербург,Самара,Авто,287.9,4,4,4371.14,В срок
SHP008327,2025-01-14,Санкт-Петербург,Самара,Авиа,321.3,2,3,11932.99,Задержка
SHP008352,2025-10-01,Москва,Ростов-на-Дону,Авиа,59.1,2,2,7853.4,В срок
SHP000181,2025-12-29,Казань,Москва,Авиа,216.9,2,1,7414.52,В срок
SHP004333,2025-01-25,Екатеринбург,Самара,Авто,307.3,3,3,3106.02,В срок
SHP003390,2025-03-19,Санкт-Петербург,Уфа,Авиа,220.7,2,2,12088.16,В срок
SHP000146,2025-02-04,Санкт-Петербург,Уфа,Железная дорога,125.7,5,8,3873.93,Задержка
SHP007814,2025-09-25,Екатеринбург,Новосибирск,Авто,226.7,4,3,4691.67,В срок
SHP002814,2025-04-12,Москва,Пермь,Железная дорога,133.2,4,4,3112.27,В срок
SHP000450,2025-09-07,Москва,Самара,Авиа,186.9,2,2,7484.78,В срок
SHP002770,2025-10-16,Москва,Пермь,Железная дорога,144.0,4,4,3413.3,В срок
SHP001912,2025-08-12,Москва,Самара,Авто,317.7,3,6,3136.7,Задержка
SHP004700,2025-12-25,Санкт-Петербург,Казань,Авто,571.9,4,4,4319.23,В срок
SHP003599,2025-09-27,Екатеринбург,Ростов-на-Дону,Железная дорога,124.9,5,5,4120.98,В срок
SHP004994,2025-09-12,Екатеринбург,Новосибирск,Авто,162.2,4,4,3861.21,В срок
SHP005509,2025-03-03,Санкт-Петербург,Уфа,Авто,276.2,5,7,4175.09,Задержка
SHP009013,2025-04-02,Санкт-Петербург,Москва,Авто,261.4,3,3,2622.99,В срок
SHP007972,2025-06-23,Казань,Уфа,Железная дорога,292.0,3,3,2276.08,В срок
SHP000844,2025-02-10,Санкт-Петербург,Москва,Авто,536.5,3,4,4095.3,Задержка
SHP009456,2025-03-16,Москва,Новосибирск,Железная дорога,380.8,6,9,5507.33,Задержка
SHP004633,2025-08-29,Екатеринбург,Ростов-на-Дону,Авиа,139.5,2,2,10940.12,В срок
SHP004331,2025-05-31,Новосибирск,Пермь,Авто,453.8,5,5,5458.9,В срок
SHP008129,2025-01-15,Москва,Пермь,Авиа,131.7,2,1,8602.85,В срок
SHP002718,2025-02-21,Москва,Нижний Новгород,Железная дорога,269.7,3,2,2578.23,В срок
SHP009404,2025-01-14,Санкт-Петербург,Москва,Авто,335.3,3,3,2672.72,В срок
SHP007871,2025-12-09,Санкт-Петербург,Москва,Железная дорога,73.5,3,3,2297.93,В срок
SHP001532,2025-07-12,Казань,Нижний Новгород,Авто,1516.7,2,2,5151.11,В срок
SHP005481,2025-06-17,Новосибирск,Самара,Железная дорога,497.5,5,5,4946.52,В срок
SHP009893,2025-02-14,Москва,Ростов-на-Дону,Авто,297.9,3,4,3215.23,Задержка
SHP009506,2025-09-15,Новосибирск,Москва,Железная дорога,786.0,6,6,7370.04,В срок
SHP002774,2025-05-28,Москва,Санкт-Петербург,Авто,334.2,3,3,2937.53,В срок
SHP002747,2025-06-14,Екатеринбург,Нижний Новгород,Железная дорога,142.4,4,4,2713.71,В срок
SHP002595,2025-03-06,Санкт-Петербург,Пермь,Железная дорога,399.9,5,5,4290.56,В срок
SHP006476,2025-09-16,Екатеринбург,Нижний Новгород,Авто,230.6,3,3,3122.44,В срок
SHP008409,2025-08-19,Москва,Нижний Новгород,Авто,374.6,2,2,2599.54,В срок
SHP009136,2025-07-08,Казань,Москва,Авто,252.6,3,3,2979.89,В срок
SHP008160,2025-11-07,Екатеринбург,Москва,Авиа,398.4,2,1,10254.0,В срок
SHP003040,2025-11-22,Казань,Пермь,Железная дорога,403.0,3,3,2881.63,В срок
SHP001299,2025-01-27,Москва,Ростов-на-Дону,Железная дорога,63.0,4,4,2528.78,В срок
SHP008719,2025-02-03,Казань,Санкт-Петербург,Железная дорога,338.0,4,4,3217.9,В срок
SHP002988,2025-11-24,Екатеринбург,Казань,Авто,490.2,3,3,3322.11,В срок
SHP009398,2025-08-02,Санкт-Петербург,Ростов-на-Дону,авто ,594.9,4,4,5218.75,В срок
SHP003183,2025-06-10,Новосибирск,Уфа,Авиа,222.0,2,2,11090.19,В срок
SHP002107,2025-04-10,Екатеринбург,Нижний Новгород,Железная дорога,88.6,4,4,2923.09,В срок
SHP008736,2025-09-22,Москва,Самара,Авиа,126.2,2,2,8122.78,В срок
SHP009267,2025-04-09,Москва,Казань,Авиа,279.6,2,2,7616.48,В срок
SHP009661,2025-06-08,Екатеринбург,Нижний Новгород,Железная дорога,185.6,4,4,2880.05,В срок
SHP004814,2025-11-11,Екатеринбург,Нижний Новгород,Авиа,800.6,2,2,11337.48,В срок
SHP007113,2025-07-13,Санкт-Петербург,Екатеринбург,Железная дорога,169.9,5,5,3969.29,В срок
SHP009139,2025-07-30,Москва,Казань,Авиа,257.5,2,2,7894.53,В срок
SHP001541,2025-05-04,Санкт-Петербург,Уфа,Железная дорога,167.6,5,5,3469.37,В срок
SHP001160,2025-04-15,Казань,Ростов-на-Дону,Авто,95.0,4,7,3297.58,Задержка
SHP007844,2025-11-07,Санкт-Петербург,Уфа,Железная дорога,332.6,5,6,3869.26,Задержка
SHP003112,2025-08-19,Москва,Пермь,Железная дорога,386.4,4,4,3346.47,В срок
SHP004472,2025-11-04,Санкт-Петербург,Уфа,Железная дорога,369.7,5,5,3901.65,В срок
SHP001859,2025-09-30,Москва,Санкт-Петербург,Авто,315.7,3,3,2719.01,В срок
SHP001784,2025-02-09,Москва,Казань,Железная дорога,423.7,3,3,2978.68,В срок
SHP001240,2025-12-19,Екатеринбург,Казань,Железная дорога,23.4,3,6,2368.99,Задержка
SHP006819,2025-11-09,Новосибирск,Москва,Железная дорога,190.5,6,6,5197.65,В срок
SHP005462,2025-04-20,Москва,Ростов-на-Дону,Авто,253.2,3,3,3696.51,В срок
SHP007809,2025-01-01,Екатеринбург,Ростов-на-Дону,Железная дорога,247.2,5,5,3951.23,В срок
SHP007102,2025-07-28,Казань,Новосибирск,Железная дорога,60.2,5,5,4020.74,В срок
SHP003077,2025-08-22,Екатеринбург,Казань,Авто,295.0,3,2,3083.45,В срок
SHP001239,2025-08-12,Москва,Нижний Новгород,Железная дорога,259.0,3,4,2203.45,Задержка
SHP005710,2025-10-08,Москва,Новосибирск,Железная дорога,506.9,6,9,6027.6,Задержка
SHP001765,2025-10-29,Санкт-Петербург,Пермь,Железная дорога,341.6,5,5,4474.47,В срок
SHP006616,2025-12-15,Екатеринбург,Ростов-на-Дону,Авто,177.3,5,6,4647.83,Задержка
SHP006692,2025-01-05,Москва,Санкт-Петербург,Авто,289.5,3,3,2893.96,В срок
SHP000476,2025-08-02,Москва,Ростов-на-Дону,Авто,540.3,3,3,4260.33,В срок
SHP006817,2025-08-20,Москва,Уфа,Авиа,113.1,2,2,9123.66,В срок
SHP002308,2025-11-09,Москва,Санкт-Петербург,Авто,704.0,3,3,3612.49,В срок
SHP005056,2025-05-08,Новосибирск,Нижний Новгород,Железная дорога,121.2,6,6,4485.06,В срок
SHP007070,2025-05-18,Екатеринбург,Москва,Авто,226.4,4,4,3979.94,В срок
SHP001448,2025-01-01,Санкт-Петербург,Пермь,Авто,236.6,4,4,3627.27,В срок
SHP009958,2025-01-18,Новосибирск,Санкт-Петербург,Железная дорога,202.1,7,7,6791.73,В срок
SHP004782,2025-08-12,Новосибирск,Ростов-на-Дону,Железная дорога,587.0,7,7,6417.8,В срок
SHP009426,2025-09-19,Казань,Екатеринбург,Авиа,210.2,2,5,6780.9,Задержка
SHP009903,2025-12-12,Москва,Уфа,Авто,177.8,4,4,3127.85,В срок
SHP009309,2025-07-24,Екатеринбург,Ростов-на-Дону,Железная дорога,211.7,5,4,3928.71,В срок
SHP005408,2025-04-17,Москва,Нижний Новгород,Железная дорога,116.5,3,2,2147.43,В срок
SHP007564,2025-06-28,Москва,Пермь,Авиа,283.8,2,3,9805.31,Задержка
SHP001118,2025-11-27,Казань,Новосибирск,Железная дорога,91.6,5,8,4724.99,Задержка
SHP006884,2025-10-14,Екатеринбург,Казань,Авто,178.1,3,6,2547.04,Задержка
SHP001870,2025-08-11,Москва,Екатеринбург,Железная дорога,219.1,4,4,3355.08,В срок
SHP001253,2025-04-29,Москва,Ростов-на-Дону,Железная дорога,561.2,4,4,3810.57,В срок
SHP001423,2025-03-18,Москва,Самара,Железная дорога,32.8,4,4,2300.83,В срок
SHP009888,2025-03-29,Москва,Санкт-Петербург,Авиа,98.0,2,4,5331.49,Задержка
SHP006324,2025-01-15,Санкт-Петербург,Нижний Новгород,Железная дорога,562.9,4,4,3688.66,В срок
SHP002546,2025-11-24,Новосибирск,Нижний Новгород,Железная дорога,239.3,6,5,4706.59,В срок
SHP009132,2025-11-11,Екатеринбург,Москва,Авиа,389.1,2,2,11404.48,В срок
SHP009277,2025-01-19,Москва,Екатеринбург,Железная дорога,415.7,4,4,4085.38,В срок
SHP002269,2025-07-02,Санкт-Петербург,Уфа,Железная дорога,174.6,5,5,3930.07,В срок
SHP005593,2025-10-16,Екатеринбург,Москва,Железная дорога,414.9,4,7,4213.5,Задержка
SHP006580,2025-01-29,Москва,Уфа,Авто,359.3,4,4,3807.34,В срок
SHP002476,2025-11-14,Казань,Ростов-на-Дону,Железная дорога,745.7,4,4,3694.43,В срок
SHP009615,2025-04-21,Санкт-Петербург,Казань,Авто,542.8,4,3,4452.09,В срок
SHP004316,2025-08-25,Москва,Казань,Авто,742.8,3,3,4485.73,В срок
SHP008357,2025-04-05,Москва,Нижний Новгород,Авто,213.6,2,2,2362.33,В срок
SHP009820,2025-12-06,Москва,Санкт-Петербург,Авто,123.6,3,6,2597.93,Задержка
SHP003801,2025-08-15,Новосибирск,Самара,Авиа,186.5,3,3,12616.39,В срок
SHP006167,2025-07-30,Новосибирск,Нижний Новгород,Авиа,684.6,3,3,17638.32,В срок
SHP002583,2025-11-03,Москва,Нижний Новгород,Авто,916.6,2,2,3867.69,В срок
SHP001549,2025-01-02,Новосибирск,Москва,Железная дорога,332.3,6,6,6194.27,В срок
SHP004232,2025-01-27,Екатеринбург,Самара,Авиа,209.5,2,2,7262.62,В срок
SHP001236,2025-01-26,Санкт-Петербург,Екатеринбург,Железная дорога,201.9,5,5,4639.16,В срок
SHP009803,2025-03-17,Санкт-Петербург,Самара,Железная дорога,89.1,4,4,3319.0,В срок
SHP001875,2025-05-15,Казань,Ростов-на-Дону,Железная дорога,680.2,4,4,4243.21,В срок
SHP004594,2025-04-11,Санкт-Петербург,Самара,Авто,181.4,4,6,4185.9,Задержка
SHP001964,2025-06-24,Москва,Казань,Авиа,115.7,2,2,7079.35,В срок
SHP006603,2025-01-20,Москва,Нижний Новгород,Авто,803.7,2,2,3628.91,В срок
SHP000049,2025-03-27,Санкт-Петербург,Пермь,,131.2,4,4,3820.42,В срок
SHP005471,2025-07-08,Казань,Самара,Авто,329.5,2,2,2219.26,В срок
SHP000243,2025-09-12,Санкт-Петербург,Нижний Новгород,Железная дорога,428.8,4,4,3079.47,В срок
SHP007716,2025-09-26,Москва,Казань,Авто,127.0,3,5,2623.41,Задержка
SHP009440,2025-12-01,Санкт-Петербург,Москва,Авто,87.7,3,2,2305.79,В срок
SHP004831,2025-11-08,Москва,Пермь,Железная дорога,790.1,4,4,4369.87,В срок
SHP008338,2025-04-01,Екатеринбург,Казань,Авто,440.4,3,3,3368.79,В срок
SHP005959,2025-07-29,Москва,Санкт-Петербург,Авто,169.2,3,6,2591.86,Задержка
SHP001810,2025-07-26,Екатеринбург,Санкт-Петербург,Железная дорога,88.3,5,5,3736.03,В срок
SHP002345,2025-07-20,Казань,Нижний Новгород,Авто,486.7,2,6,2422.09,Задержка
SHP003166,2025-05-13,Москва,Санкт-Петербург,Железная дорога,286.2,3,6,2543.51,Задержка
SHP007101,2025-06-15,Казань,Уфа,Авто,491.1,2,2,2770.87,В срок
SHP002205,2025-05-07,Москва,Самара,Авто,619.2,3,3,3881.62,В срок
SHP006772,2025-07-26,Санкт-Петербург,Москва,Авто,107.4,3,3,2490.9,В срок
SHP001942,2025-05-12,Москва,Казань,Авто,177.5,3,2,2940.46,В срок
SHP000756,2025-07-24,Москва,Новосибирск,Авиа,131.0,3,3,16460.39,В срок
SHP003253,2025-11-27,санкт-петербург,Новосибирск,Железная дорога,229.2,7,7,5847.82,В срок
SHP001527,2025-03-12,Москва,Уфа,Авто,211.4,4,8,3660.25,Задержка
SHP006371,2025-01-24,Москва,Санкт-Петербург,Авто,245.9,3,3,2580.33,В срок
SHP003386,2025-03-10,Санкт-Петербург,Самара,Авто,909.8,4,4,5776.49,В срок
SHP003037,2025-04-13,Москва,Самара,Железная дорога,173.0,4,4,2929.05,В срок
SHP002376,2025-10-27,Москва,Нижний Новгород,Авто,142.0,2,2,2006.07,В срок
SHP005885,2025-12-23,Екатеринбург,Уфа,Авто,45.7,2,2,1756.35,В срок
SHP009553,2025-09-30,Екатеринбург,Нижний Новгород,Авиа,459.0,2,2,10518.63,В срок
SHP007680,2025-11-21,Новосибирск,Москва,Железная дорога,259.5,6,6,6208.54,В срок
SHP000249,2025-12-24,Москва,Санкт-Петербург,Авто,185.0,3,3,2690.45,В срок
SHP005341,2025-01-16,Москва,Казань,Авиа,113.0,2,2,6403.01,В срок
SHP009355,2025-09-10,Екатеринбург,Новосибирск,Железная дорога,140.1,4,3,3409.15,В срок
SHP001720,2025-12-01,Казань,Москва,Авто,698.8,3,5,3750.02,Задержка
SHP009845,2025-12-23,Москва,Пермь,Железная дорога,719.6,4,4,3666.2,В срок
SHP007557,2025-10-28,Москва,Новосибирск,Железная дорога,227.9,6,6,5641.74,В срок
SHP004359,2025-10-20,Екатеринбург,Ростов-на-Дону,Железная дорога,162.9,5,5,4291.4,В срок
SHP004296,2025-02-26,Москва,Уфа,Авиа,465.5,2,3,10003.91,Задержка
SHP008218,2025-10-27,Новосибирск,Казань,Железная дорога,141.4,5,5,4518.23,В срок
SHP002084,2025-07-27,Новосибирск,Ростов-на-Дону,Железная дорога,191.8,7,7,6003.17,В срок
SHP006977,2025-02-18,Санкт-Петербург,Ростов-на-Дону,Железная дорога,132.1,5,8,4089.79,Задержка
SHP001681,2025-10-07,Новосибирск,Ростов-на-Дону,Железная дорога,317.8,7,7,5276.11,В срок
SHP002842,2025-08-08,Москва,Ростов-на-Дону,Авиа,157.7,2,2,8087.16,В срок
SHP006388,2025-05-08,Москва,Самара,Авто,127.8,3,7,3066.75,Задержка
SHP002596,2025-07-08,Екатеринбург,Нижний Новгород,Авиа,114.1,2,2,7780.31,В срок
SHP000861,2025-01-15,Екатеринбург,Москва,Авто,258.3,4,4,4333.23,В срок
SHP007405,2025-10-13,Москва,Пермь,Железная дорога,124.1,4,4,2997.01,В срок
SHP008691,2025-07-20,Казань,Самара,Авто,28.6,2,2,1416.72,В срок
SHP007336,2025-06-10,Новосибирск,Нижний Новгород,Авиа,349.8,3,3,15367.78,В срок
SHP001195,2025-12-20,Новосибирск,Самара,Железная дорога,292.8,5,9,5293.77,Задержка
SHP007243,2025-02-19,Казань,Уфа,Авто,398.3,2,2,2709.31,В срок
SHP007127,2025-11-21,Казань,Ростов-на-Дону,,330.9,4,5,3578.35,Задержка
SHP001000,2025-11-24,Москва,Нижний Новгород,Авто,598.4,2,2,3309.7,В срок
SHP002885,2025-10-24,Санкт-Петербург,Москва,Авто,134.7,3,5,2526.84,Задержка
SHP006214,2025-09-16,Москва,Нижний Новгород,Авиа,,2,6,14417.85,Задержка
SHP005130,2025-07-30,Москва,Екатеринбург,Железная дорога,348.8,4,8,3606.58,Задержка
SHP002746,2025-10-29,Санкт-Петербург,Самара,Авто,386.1,4,8,3983.34,Задержка
SHP009950,2025-03-03,Екатеринбург,Уфа,Авто,335.5,2,2,2390.59,В срок
SHP000216,2025-12-04,Казань,Пермь,Авиа,135.7,2,1,5055.87,В срок
SHP008555,16.01.2025,Москва,Новосибирск,Авиа,164.2,3,3,17134.67,В срок
SHP007617,2025-05-31,Новосибирск,Нижний Новгород,Авиа,774.8,3,2,15616.78,В срок
SHP000070,2025-09-22,Казань,Новосибирск,Авиа,815.4,3,3,17687.36,В срок
SHP006143,2025-12-21,Санкт-Петербург,Пермь,Железная дорога,159.3,5,5,3377.08,В срок
SHP006291,2025-09-15,Санкт-Петербург,Самара,Авиа,107.0,2,6,9726.58,Задержка
SHP008828,2025-11-21,Екатеринбург,Самара,Авто,431.7,3,6,3026.24,Задержка
SHP009483,2025-11-02,Москва,Пермь,Авто,422.1,4,4,4155.03,В срок
SHP006558,2025-02-09,Екатеринбург,Ростов-на-Дону,Авто,302.8,5,5,4633.7,В срок
SHP003146,2025-07-16,Москва,Новосибирск,Железная дорога,,6,6,8022.47,В срок
SHP002544,2025-11-25,Москва,Новосибирск,Железная дорога,425.6,6,10,5616.57,Задержка
SHP009131,2025-10-17,Новосибирск,Екатеринбург,Железная дорога,245.3,4,4,3571.32,В срок
SHP003985,2025-03-21,Москва,Пермь,Железная дорога,205.7,4,6,3437.49,Задержка
SHP006003,2025-09-28,Москва,Нижний Новгород,Авто,261.1,2,2,2692.77,В срок
SHP003321,2025-10-07,Екатеринбург,Нижний Новгород,Авто,377.4,3,3,3809.28,В срок
SHP001071,2025-01-22,Москва,Уфа,Авто,119.4,4,4,3529.54,В срок
SHP007387,2025-05-16,Санкт-Петербург,Уфа,Железная дорога,166.0,5,8,3531.0,Задержка
SHP007816,2025-10-02,Екатеринбург,Москва,Железная дорога,343.8,4,4,3923.6,В срок
SHP001177,2025-07-23,Москва,Пермь,Авиа,71.9,2,1,10014.19,В срок
SHP007686,2025-06-20,Екатеринбург,Ростов-на-Дону,Железная дорога,449.6,5,5,4473.95,В срок
SHP006004,2025-06-10,Новосибирск,Пермь,Железная дорога,260.7,5,7,3947.65,Задержка
SHP000434,2025-11-05,Новосибирск,Пермь,Железная дорога,246.0,5,5,4161.69,В срок
SHP008447,2025-08-17,Москва,Нижний Новгород,Авто,530.3,2,2,2948.36,В срок
SHP002394,2025-06-16,Москва,Казань,Авто,291.9,3,5,2677.81,Задержка
SHP002492,2025-06-26,Новосибирск,Ростов-на-Дону,Авиа,112.6,3,3,17085.02,В срок
SHP008391,2025-11-15,Москва,Пермь,Авто,,4,6,4340.67,Задержка
SHP004466,2025-03-25,Новосибирск,Санкт-Петербург,Железная дорога,154.0,7,7,5897.9,В срок
SHP008546,2025-09-14,Казань,Пермь,Авто,190.1,2,6,2542.61,Задержка
SHP001540,2025-09-04,Екатеринбург,Ростов-на-Дону,Авиа,584.7,2,1,15501.6,В срок
SHP003790,2025-02-13,Новосибирск,Нижний Новгород,Железная дорога,743.4,6,6,5424.0,В срок
SHP003440,2025-03-15,Новосибирск,Ростов-на-Дону,Железная дорога,768.9,7,8,7264.29,Задержка
SHP005459,2025-02-05,Санкт-Петербург,Уфа,Железная дорога,89.1,5,9,3738.73,Задержка
SHP006133,2025-10-12,Казань,Уфа,Авто,127.1,2,2,2238.3,В срок
SHP002563,2025-10-28,Москва,Нижний Новгород,Авто,161.5,2,3,2203.69,Задержка
SHP000513,2025-07-24,Санкт-Петербург,Москва,Авто,192.2,3,3,2146.74,В срок
SHP000267,2025-03-18,Екатеринбург,Ростов-на-Дону,Авто,150.9,5,5,4866.15,В срок
SHP000246,2025-08-04,Екатеринбург,Москва,Авто,581.9,4,4,5217.59,В срок
SHP000130,2025-12-11,Екатеринбург,Санкт-Петербург,Железная дорога,167.1,5,5,4203.99,В срок
SHP000582,2025-08-06,Новосибирск,Пермь,Авиа,133.0,2,2,10568.24,В срок
SHP007143,2025-05-06,Казань,Ростов-на-Дону,Железная дорога,469.0,4,4,3421.9,В срок
SHP005906,2025-07-29,Санкт-Петербург,Нижний Новгород,Авто,244.2,3,6,3196.57,Задержка
SHP002526,2025-02-21,Казань,Самара,Авто,156.1,2,2,1796.4,В срок
SHP001199,2025-09-27,Москва,Санкт-Петербург,Авиа,106.7,2,2,5901.8,В срок
SHP008412,2025-02-27,Москва,Новосибирск,Авиа,359.1,3,3,16961.19,В срок
SHP008174,2025-05-25,Новосибирск,Самара,Железная дорога,157.5,5,7,4040.31,Задержка
SHP006432,2025-09-10,Москва,Уфа,Авто,132.0,4,4,3554.27,В срок
SHP009347,2025-07-30,Казань,Ростов-на-Дону,Авиа,74.6,2,2,8445.32,В срок
SHP002630,2025-04-27,Новосибирск,Москва,Авиа,247.2,3,3,17590.73,В срок
SHP002587,2025-04-30,Москва,Санкт-Петербург,Железная дорога,214.1,3,7,2493.28,Задержка
SHP006503,2025-05-20,Москва,Казань,Железная дорога,1102.1,3,3,4099.09,В срок
SHP007849,2025-08-18,Москва,Уфа,Авто,228.8,4,7,3877.99,Задержка
SHP008649,2025-08-30,Новосибирск,Екатеринбург,Авто,192.7,4,8,4410.58,Задержка
SHP004708,2025-10-11,Москва,Екатеринбург,Авто,161.9,4,4,4149.77,В срок
SHP009035,2025-07-03,Санкт-Петербург,Нижний Новгород,Авиа,538.7,2,1,9879.9,В срок
SHP001093,2025-01-14,Новосибирск,Нижний Новгород,Железная дорога,379.7,6,6,5057.13,В срок
SHP000083,2025-07-09,Екатеринбург,Санкт-Петербург,Железная дорога,306.5,5,5,4352.58,В срок
SHP002766,2025-12-30,Москва,Санкт-Петербург,Железная дорога,170.0,3,2,2327.63,В срок
SHP007538,2025-01-21,Москва,Пермь,Авто,400.8,4,4,4522.69,В срок
SHP001746,2025-08-10,Новосибирск,Казань,Авиа,79.3,3,3,12304.83,В срок
SHP003208,2025-11-16,Москва,Ростов-на-Дону,Авто,401.5,3,3,3535.74,В срок
SHP008930,2025-04-22,Екатеринбург,Санкт-Петербург,Железная дорога,398.4,5,5,4899.61,В срок
SHP004343,2025-07-01,Москва,Казань,Авто,307.8,3,4,3277.84,Задержка
SHP002245,2025-03-30,Москва,Пермь,Железная дорога,241.0,4,4,3380.62,В срок
SHP004455,2025-05-13,Москва,Екатеринбург,Железная дорога,544.3,4,4,4419.84,В срок
SHP005990,28.04.2025,Москва,Пермь,Авто,305.5,4,5,3729.6,Задержка
SHP003850,2025-11-29,Санкт-Петербург,Москва,Авто,323.4,3,3,2999.08,В срок
SHP004210,2025-10-14,Екатеринбург,Санкт-Петербург,Авто,206.8,5,5,5146.35,В срок
SHP002508,2025-03-15,Екатеринбург,Пермь,Железная дорога,39.9,3,3,1937.9,В срок
SHP000769,2025-05-17,Санкт-Петербург,Екатеринбург,Авто,426.8,5,5,5277.25,В срок
SHP007246,2025-01-24,Москва,Екатеринбург,Авиа,701.3,2,4,13636.03,Задержка
SHP008379,2025-02-23,Санкт-Петербург,Нижний Новгород,Железная дорога,30.3,4,4,2809.05,В срок
SHP001201,2025-04-28,Москва,Самара,Железная дорога,1800.0,4,6,5317.59,Задержка
SHP008125,2025-08-07,Москва,Уфа,Железная дорога,147.8,4,4,3137.52,В срок
SHP007558,2025-09-15,Москва,Казань,Железная дорога,90.9,3,3,2395.13,В срок
SHP001542,2025-03-17,Санкт-Петербург,Уфа,Железная дорога,473.5,5,5,4237.6,В срок
SHP001298,2025-10-18,Казань,Пермь,Авто,212.3,2,2,2697.94,В срок
SHP006463,2025-07-03,Санкт-Петербург,Самара,Железная дорога,688.2,4,4,4442.83,В срок
SHP000584,2025-11-05,Казань,Пермь,Авто,71.3,2,2,2005.87,В срок
SHP004520,2025-03-22,Санкт-Петербург,Ростов-на-Дону,Железная дорога,176.3,5,5,3770.51,В срок
SHP000377,2025-09-27,Екатеринбург,Казань,Железная дорога,566.0,3,3,2992.61,В срок
SHP007836,2025-09-19,Екатеринбург,Москва,Авто,68.8,4,3,3429.56,В срок
SHP002810,2025-08-11,Казань,Ростов-на-Дону,Авиа,129.8,2,2,8647.47,В срок
SHP009181,2025-04-14,Новосибирск,Санкт-Петербург,Авиа,1027.8,3,3,21854.51,В срок
SHP003620,2025-05-15,Москва,Ростов-на-Дону,Железная дорога,582.9,4,7,3199.58,Задержка
SHP006773,2025-09-13,Москва,Самара,ж/д,841.3,4,4,4149.64,В срок
SHP008074,2025-12-04,Москва,Новосибирск,Авто,439.1,7,7,7012.06,В срок
SHP001536,2025-02-09,Екатеринбург,Самара,Авто,262.8,3,3,3251.53,В срок
SHP002051,2025-10-25,Екатеринбург,Казань,Авто,177.3,3,2,2969.6,В срок
SHP005500,2025-01-29,Санкт-Петербург,Пермь,Железная дорога,172.9,5,5,4660.98,В срок
SHP001280,2025-08-11,Казань,Нижний Новгород,Авто,557.2,2,4,2973.48,Задержка
SHP005116,2025-10-29,Москва,Пермь,Железная дорога,272.5,4,3,3317.41,В срок
SHP003351,2025-03-10,Москва,Уфа,Железная дорога,135.9,4,6,3094.53,Задержка
SHP009851,2025-02-01,Екатеринбург,Самара,Авто,380.8,3,3,3112.81,В срок
SHP006703,2025-09-24,Москва,Новосибирск,Авиа,293.6,3,3,18153.73,В срок
SHP004781,2025-06-11,Москва,Уфа,Авто,157.7,4,8,3671.21,Задержка
SHP006549,2025-02-01,Москва,Екатеринбург,Железная дорога,319.4,4,4,3823.96,В срок
SHP009138,2025-08-04,Казань,Нижний Новгород,Железная дорога,129.9,3,3,2040.86,В срок
SHP004420,2025-11-13,Москва,Екатеринбург,Авто,266.5,4,4,4169.11,В срок
SHP003211,2025-09-13,Казань,Новосибирск,Авто,1184.7,6,6,7341.08,В срок
SHP000853,2025-01-07,Москва,Пермь,Железная дорога,514.1,4,4,4035.97,В срок
SHP009238,2025-05-20,Екатеринбург,Нижний Новгород,Железная дорога,1637.6,4,8,5410.86,Задержка
SHP003563,2025-11-04,Москва,Новосибирск,Авиа,222.3,3,3,19141.95,В срок
SHP000815,2025-07-25,Санкт-Петербург,Казань,Железная дорога,146.3,4,6,2958.18,Задержка
SHP003387,2025-11-24,Санкт-Петербург,Екатеринбург,Авиа,154.7,2,2,11904.03,В срок
SHP006805,2025-04-16,Новосибирск,Казань,Железная дорога,182.7,5,4,4256.88,В срок
SHP002928,2025-02-24,Казань,Пермь,Авто,147.5,2,2,2202.81,В срок
SHP002168,2025-05-08,Москва,Екатеринбург,Авиа,486.3,2,2,11580.12,В срок
SHP002159,2025-10-14,Санкт-Петербург,Казань,Авто,176.7,4,4,3165.65,В срок
SHP006982,2025-04-06,Казань,Москва,Железная дорога,974.7,3,3,4228.52,В срок
SHP005566,24.04.2025,Казань,Уфа,Авто,111.1,2,2,1816.48,В срок
SHP006600,2025-05-20,Москва,Самара,Железная дорога,1395.8,4,7,4778.3,Задержка
SHP005783,2025-04-18,Москва,Нижний Новгород,Авто,321.6,2,2,2306.01,В срок
SHP008995,2025-08-23,Екатеринбург,Самара,Авто,185.4,3,3,3049.38,В срок
SHP006066,2025-06-05,Казань,Самара,Авто,196.6,2,2,1730.38,В срок
SHP004524,2025-04-25,Екатеринбург,Уфа,Железная дорога,327.5,3,3,2207.53,В срок
SHP003258,2025-02-03,Екатеринбург,Санкт-Петербург,Железная дорога,539.9,5,5,5093.52,В срок
SHP005295,2025-06-22,Санкт-Петербург,Новосибирск,Авиа,86.1,3,2,16169.88,В срок
SHP004057,2025-06-18,Санкт-Петербург,Казань,Авто,98.7,4,4,3299.52,В срок
SHP003404,2025-07-15,Новосибирск,Самара,Авиа,225.7,3,3,14848.11,В срок
SHP006228,2025-05-10,Санкт-Петербург,Уфа,Авиа,139.7,2,2,11895.15,В срок
SHP003027,2025-02-22,Москва,Самара,Железная дорога,406.1,4,4,3384.84,В срок
SHP009295,2025-04-23,Санкт-Петербург,Самара,Авто,77.6,4,3,3677.96,В срок
SHP002604,2025-12-22,Москва,Казань,Авто,127.6,3,3,2795.56,В срок
SHP007439,2025-09-27,Москва,Санкт-Петербург,Авто,356.7,3,3,2740.76,В срок
SHP000379,2025-09-12,Москва,Екатеринбург,Железная дорога,346.5,4,4,3878.04,В срок
SHP007159,2025-11-12,Казань,Ростов-на-Дону,Авто,197.3,4,8,3538.46,Задержка
SHP002737,2025-01-08,Новосибирск,Екатеринбург,Железная дорога,273.8,4,4,3937.84,В срок
SHP005370,2025-09-21,Екатеринбург,Москва,Авиа,361.7,2,2,11329.06,В срок
SHP009519,2025-06-23,Москва,Новосибирск,Авиа,119.6,3,3,18696.88,В срок
SHP005087,10.03.2025,Санкт-Петербург,Новосибирск,Железная дорога,401.7,7,7,6998.23,В срок
SHP000141,2025-06-23,Новосибирск,Казань,Авиа,131.1,3,3,11459.77,В срок
SHP003598,2025-11-23,Москва,Нижний Новгород,Авто,152.1,2,6,1987.79,Задержка
SHP000851,2025-08-03,Санкт-Петербург,Москва,Авиа,180.2,2,2,6483.27,В срок
SHP000237,2025-09-02,Санкт-Петербург,Нижний Новгород,Железная дорога,302.6,4,4,3421.78,В срок
SHP007800,2025-04-02,Москва,Уфа,Железная дорога,300.3,4,4,3218.06,В срок
SHP004681,2025-07-28,Екатеринбург,Пермь,Авто,242.8,2,2,1863.3,В срок
SHP001560,2025-06-19,Москва,Ростов-на-Дону,Авто,450.4,3,3,3585.04,В срок
SHP008050,2025-04-04,Екатеринбург,Нижний Новгород,Авто,141.3,3,60,3101.96,В срок
SHP008958,2025-03-31,Екатеринбург,Самара,Авиа,151.9,2,2,6938.12,В срок
SHP004251,2025-06-18,Москва,Казань,Железная дорога,172.5,3,3,2670.79,В срок
SHP001544,2025-12-26,Санкт-Петербург,Москва,,357.5,3,3,2937.95,В срок
SHP007525,2025-09-16,Екатеринбург,Санкт-Петербург,Авиа,272.9,2,2,12356.81,В срок
SHP003025,2025-07-12,Москва,Ростов-на-Дону,Железная дорога,404.5,4,4,3603.94,В срок
SHP002654,2025-10-27,Москва,Новосибирск,Железная дорога,309.9,6,5,5798.6,В срок
SHP006740,2025-06-16,Москва,Екатеринбург,Авто,522.9,4,4,4742.59,В срок
SHP003619,2025-10-26,Москва,Екатеринбург,Авиа,195.5,2,2,9539.97,В срок
SHP007628,2025-02-16,Казань,Екатеринбург,Авто,1150.6,3,3,5207.42,В срок
SHP005779,2025-06-02,Екатеринбург,Казань,Авто,84.4,3,4,2358.68,Задержка
SHP000394,2025-07-23,Москва,Самара,Авто,460.3,3,3,3799.16,В срок
SHP006667,2025-07-22,Москва,Уфа,Железная дорога,184.4,4,3,3040.2,В срок
SHP000588,2025-06-01,Новосибирск,Санкт-Петербург,Авиа,757.6,3,2,22994.32,В срок
SHP004675,2025-03-09,Москва,Екатеринбург,Авто,108.8,4,4,3748.61,В срок
SHP004543,2025-04-30,Казань,Самара,Авто,132.4,2,2,1586.55,В срок
SHP004556,2025-12-10,Москва,Новосибирск,Авиа,635.2,3,3,18547.47,В срок
SHP007509,2025-07-28,Москва,Казань,Авто,199.5,3,3,2452.84,В срок
SHP006405,2025-10-15,Санкт-Петербург,Екатеринбург,Железная дорога,170.5,5,5,3905.11,В срок
SHP001231,2025-10-24,Москва,Казань,Авто,140.0,3,2,2601.06,В срок
SHP005668,2025-12-04,Москва,Нижний Новгород,Авто,206.1,2,2,2221.33,В срок
SHP005054,2025-01-21,Новосибирск,Нижний Новгород,Железная дорога,281.1,6,6,5200.92,В срок
SHP003114,2025-06-19,Санкт-Петербург,Новосибирск,Авиа,431.7,3,6,18721.01,Задержка
SHP005557,2025-09-17,Казань,Нижний Новгород,Авто,567.3,2,2,3131.33,В срок
SHP009326,2025-02-07,Москва,Санкт-Петербург,Авто,141.9,3,3,2160.13,В срок
SHP006539,2025-05-14,Москва,Нижний Новгород,Авто,185.2,2,1,2312.33,В срок
SHP000443,2025-11-19,Москва,Санкт-Петербург,Железная дорога,684.8,3,3,3258.19,В срок
SHP003829,2025-10-18,Москва,Уфа,Авто,335.1,4,4,4350.64,В срок
SHP003494,2025-04-16,Москва,Нижний Новгород,Авиа,399.2,2,2,6505.81,В срок
SHP003335,2025-10-25,Москва,Екатеринбург,Железная дорога,453.6,4,4,3953.68,В срок
SHP009458,2025-12-03,Москва,Уфа,Железная дорога,290.5,4,6,3681.52,Задержка
SHP006030,2025-10-19,Москва,Нижний Новгород,Авто,145.0,2,2,2166.2,В срок
SHP001731,2025-07-17,Екатеринбург,Новосибирск,Авто,611.2,4,7,4571.01,Задержка
SHP008986,2025-08-22,Новосибирск,Пермь,Авиа,93.5,2,2,11590.04,В срок
SHP008454,2025-02-25,Москва,Казань,Авто,153.4,3,3,2737.38,В срок
SHP007347,2025-11-28,Москва,Ростов-на-Дону,Авто,209.4,3,3,3149.1,В срок
SHP008465,2025-09-22,Екатеринбург,Уфа,Железная дорога,259.5,0,3,2183.78,В срок
SHP005823,2025-05-05,Казань,Москва,Авто,265.7,3,2,2936.54,В срок
SHP008085,2025-11-14,Казань,Новосибирск,Железная дорога,384.2,5,9,4804.22,Задержка
SHP004140,2025-10-20,Москва,Уфа,Авто,676.9,4,4,4516.63,В срок
SHP002657,2025-04-17,Москва,Уфа,Железная дорога,305.3,4,4,3534.26,В срок
SHP002488,2025-11-25,Екатеринбург,Уфа,Авто,633.8,2,2,3024.67,В срок
SHP003259,2025-04-04,Санкт-Петербург,Казань,Железная дорога,119.2,4,7,3268.06,Задержка
SHP009177,2025-03-17,Санкт-Петербург,Новосибирск,Авто,257.6,7,7,7732.86,В срок
SHP009884,2025-02-03,Москва,Самара,Железная дорога,112.3,4,4,2443.67,В срок
SHP003670,2025-11-25,Москва,Уфа,Авиа,185.7,2,2,8278.83,В срок
SHP000032,2025-02-23,Казань,Самара,Авто,137.5,2,2,1829.73,В срок
SHP007925,2025-10-16,Новосибирск,Самара,Железная дорога,161.2,5,5,4566.68,В срок
SHP008307,2025-04-30,Новосибирск,Нижний Новгород,Авиа,129.2,3,3,15970.03,В срок
SHP002014,2025-03-23,Екатеринбург,Самара,Авиа,163.5,2,1,6500.66,В срок
SHP008269,2025-12-12,Новосибирск,Самара,Железная дорога,185.0,5,5,4364.64,В срок
SHP004787,2025-10-26,Москва,Екатеринбург,Авто,160.5,4,6,3623.47,Задержка
SHP004785,2025-11-27,Москва,Екатеринбург,Железная дорога,157.5,4,6,3121.76,Задержка
SHP000291,2025-06-21,Москва,Санкт-Петербург,Железная дорога,153.9,3,4,2462.73,Задержка
SHP002458,2025-10-20,Екатеринбург,Нижний Новгород,Авто,452.7,3,3,3654.22,В срок
SHP008211,2025-10-12,Казань,Самара,Авто,92.4,2,2,1756.36,В срок
SHP001426,2025-06-24,Новосибирск,Санкт-Петербург,Железная дорога,234.1,7,7,5681.04,В срок
SHP007960,2025-06-16,Москва,Екатеринбург,Железная дорога,48.1,4,4,3645.72,В срок
SHP007298,2025-09-07,Москва,Нижний Новгород,Авто,318.7,2,3,2345.96,В срок
SHP008006,2025-12-14,Москва,Пермь,Авто,157.4,4,4,3359.13,В срок
SHP000556,2025-08-18,Новосибирск,Санкт-Петербург,Авиа,494.5,3,2,21284.9,в срок 
SHP000524,2025-05-23,Санкт-Петербург,Казань,Железная дорога,317.1,4,3,3650.73,В срок
SHP008756,2025-11-29,Москва,Екатеринбург,Железная дорога,85.8,4,4,,В срок
SHP006096,2025-05-07,Новосибирск,Уфа,Железная дорога,186.8,5,5,4120.02,В срок
SHP008882,2025-07-22,Екатеринбург,Ростов-на-Дону,Авто,456.2,5,9,5528.89,Задержка
SHP005625,2025-10-02,Москва,Самара,Железная дорога,389.0,4,4,3535.32,В срок
SHP002047,2025-06-25,Екатеринбург,Уфа,Авто,298.5,2,2,2594.77,В срок
SHP001138,2025-12-31,Санкт-Петербург,Самара,Авиа,196.7,2,1,9724.64,В срок
SHP004499,2025-06-13,Москва,Новосибирск,Авиа,597.4,3,2,18006.32,В срок
SHP004640,2025-09-14,Москва,Екатеринбург,Авто,144.5,4,5,4177.28,Задержка
SHP001617,2025-05-08,Москва,Уфа,Железная дорога,308.7,4,7,3149.79,Задержка
SHP001576,2025-02-10,Казань,Самара,Авто,235.8,2,2,1788.48,В срок
SHP005209,2025-09-26,Новосибирск,Москва,Авиа,358.4,3,3,17609.97,В срок
SHP002366,2025-02-01,Москва,Казань,Авто,282.4,3,3,2764.42,В срок
SHP000368,2025-01-13,Казань,Уфа,Железная дорога,220.4,3,3,2277.22,В срок
SHP000264,2025-03-06,Санкт-Петербург,Новосибирск,Железная дорога,247.8,7,7,6180.51,В срок
SHP004651,2025-05-18,Казань,Уфа,Авиа,319.2,2,2,6160.84,В срок
SHP002323,2025-01-13,Санкт-Петербург,Самара,Авто,134.4,4,7,4163.26,Задержка
SHP000817,2025-10-01,Екатеринбург,Казань,Железная дорога,523.4,3,3,3157.85,В срок
SHP002808,2025-07-28,Санкт-Петербург,Москва,Авто,224.3,3,7,2488.41,Задержка
SHP001807,2025-04-03,Санкт-Петербург,Екатеринбург,Железная дорога,88.4,5,5,3904.13,В срок
SHP007498,2025-04-19,Казань,Ростов-на-Дону,Железная дорога,181.1,4,4,3203.28,В срок
SHP009877,2025-06-28,Москва,Санкт-Петербург,Авто,564.6,3,3,3600.72,В срок
SHP002433,2025-12-13,Екатеринбург,Санкт-Петербург,Авто,45.8,5,5,4542.86,В срок
SHP005147,2025-12-03,Москва,Самара,Авиа,539.4,2,2,9754.93,В срок
SHP009095,2025-09-03,Санкт-Петербург,Самара,Авто,125.4,4,4,3990.79,В срок
SHP001039,2025-03-10,Санкт-Петербург,Екатеринбург,Авиа,80.6,2,3,11725.65,Задержка
SHP006756,2025-01-06,Санкт-Петербург,Казань,Железная дорога,689.4,4,6,4281.86,Задержка
SHP008784,2025-01-28,Москва,Екатеринбург,Авто,476.0,4,5,5473.43,Задержка
SHP009828,2025-02-01,Казань,Екатеринбург,Авто,295.5,3,3,3380.94,В срок
SHP002350,2025-06-13,Казань,Санкт-Петербург,Железная дорога,941.8,4,4,4395.85,В срок
SHP008775,2025-03-19,Санкт-Петербург,Москва,Авто,237.1,3,6,2502.53,Задержка
SHP007847,2025-03-27,Москва,Самара,Авиа,510.3,2,2,8955.41,В срок
SHP009223,2025-06-05,Москва,Ростов-на-Дону,Авто,129.7,3,3,3065.89,В срок
SHP005484,2025-10-18,Новосибирск,Уфа,Авиа,122.4,2,2,999999.0,В срок
SHP008702,2025-06-01,Москва,Уфа,Авто,120.2,4,4,3429.22,В срок
SHP001197,2025-11-16,Екатеринбург,Москва,Авиа,187.4,2,2,10371.02,В срок
SHP006427,2025-06-04,Санкт-Петербург,Ростов-на-Дону,Авто,398.4,4,3,4471.47,В срок
SHP001497,2025-01-11,Новосибирск,Уфа,Авто,225.8,5,5,4551.26,В срок
SHP008498,2025-08-14,Казань,Санкт-Петербург,Авиа,216.3,2,2,9611.3,В срок
SHP003316,2025-12-28,Новосибирск,Санкт-Петербург,Железная дорога,572.7,7,9,6428.05,Задержка
SHP003296,2025-06-24,Казань,Пермь,Авто,103.1,2,2,2116.17,В срок
SHP007486,2025-12-31,Казань,Москва,Авиа,131.1,2,2,6350.52,В срок
SHP009636,2025-04-24,Москва,Казань,Авто,1078.8,3,3,4879.58,В срок
SHP006201,2025-10-15,Екатеринбург,Москва,Авто,120.2,4,4,3893.16,В срок
SHP005979,2025-07-13,Москва,Екатеринбург,Авиа,281.0,2,2,10619.53,В срок
SHP007507,2025-03-13,Москва,Новосибирск,Железная дорога,1298.4,6,6,6680.69,В срок
SHP006240,2025-12-12,Москва,Ростов-на-Дону,,219.6,2,2,8882.5,В срок
SHP000947,2025-07-01,Санкт-Петербург,Екатеринбург,Авто,192.3,5,4,4645.36,В срок
SHP005940,2025-05-31,Москва,Санкт-Петербург,Авто,1416.2,3,3,5696.22,В срок
SHP003969,2025-04-24,Екатеринбург,Казань,Железная дорога,180.7,3,3,2566.47,В срок
SHP003475,2025-05-07,Екатеринбург,Нижний Новгород,Авиа,120.0,2,2,7800.66,В срок
SHP004575,2025-05-30,Москва,Новосибирск,Авиа,106.6,3,3,16390.97,В срок
SHP003293,2025-03-27,Москва,Ростов-на-Дону,Авто,393.5,3,7,3845.26,Задержка
SHP004411,30.10.2025,Москва,Самара,Железная дорога,78.9,4,4,2623.74,В срок
SHP006570,2025-07-03,Москва,Самара,Железная дорога,190.7,4,4,2968.87,В срок
SHP008157,2025-07-15,Москва,Казань,Авто,189.6,3,3,3004.51,В срок
SHP002775,2025-09-06,Санкт-Петербург,Уфа,Авто,214.4,5,5,4910.66,В срок
SHP002836,2025-06-24,Екатеринбург,Самара,Авто,206.4,3,3,2865.97,В срок
SHP006897,2025-10-14,Казань,Санкт-Петербург,Железная дорога,72.9,4,4,2981.32,В срок
SHP004026,2025-03-01,Казань,Екатеринбург,Авто,89.3,3,3,2031.73,В срок
SHP003868,2025-11-25,Екатеринбург,Москва,Авто,712.1,4,4,5390.88,В срок
SHP001569,2025-12-25,Москва,Санкт-Петербург,Авиа,315.5,2,2,6557.19,Задержка
SHP005692,2025-09-24,Москва,Екатеринбург,Железная дорога,1233.5,4,4,5099.42,В срок
SHP006387,2025-07-23,Москва,Пермь,Железная дорога,919.8,4,4,4095.4,В срок
SHP000296,2025-12-17,Казань,Новосибирск,Авиа,469.3,3,3,15124.68,В срок
SHP009261,2025-09-02,Екатеринбург,Пермь,Авто,321.6,2,2,2146.48,В срок
SHP000841,2025-05-17,Казань,Нижний Новгород,Авто,570.6,2,2,3367.27,В срок
SHP000080,2025-02-10,Москва,Санкт-Петербург,Железная дорога,134.8,3,3,2276.42,В срок
SHP005545,2025-03-05,Москва,Казань,Авто,88.2,3,7,2561.07,Задержка
SHP009964,2025-11-18,Новосибирск,Казань,Авиа,327.3,3,3,14142.49,В срок
SHP003054,2025-10-20,Екатеринбург,Нижний Новгород,Железная дорога,1072.9,4,3,4012.37,В срок
SHP002182,2025-08-15,Москва,Нижний Новгород,Авто,349.9,2,2,2619.13,В срок
SHP009602,2025-05-31,Новосибирск,Екатеринбург,Авиа,1059.7,2,2,14664.36,В срок
SHP004281,2025-08-06,Москва,Ростов-на-Дону,Железная дорога,308.2,4,4,3305.31,В срок
SHP008644,2025-02-03,Москва,Казань,Авиа,419.3,2,1,7598.25,В срок
SHP002399,2025-01-25,Казань,Ростов-на-Дону,Авто,123.9,4,6,4015.82,Задержка
SHP002114,2025-10-15,Екатеринбург,Ростов-на-Дону,Железная дорога,135.6,5,5,4128.13,В срок
SHP005849,2025-02-22,Москва,Самара,Авто,330.3,3,6,3091.15,Задержка
SHP000354,2025-01-23, москва ,Санкт-Петербург,Железная дорога,555.5,3,3,3297.96,В срок
SHP005928,2025-05-15,Санкт-Петербург,Пермь,Железная дорога,88.9,5,5,3771.41,В срок
SHP006767,2025-05-13,Екатеринбург,Москва,Авто,273.2,4,4,3883.32,В срок
SHP009665,2025-01-14,Москва,Казань,Авто,165.9,3,6,2776.33,Задержка
SHP005274,2025-07-30,Екатеринбург,Пермь,Железная дорога,169.6,3,6,2163.76,Задержка
SHP005947,2025-06-06,Москва,Уфа,Авто,480.6,4,4,4244.54,В срок
SHP006244,2025-05-29,Екатеринбург,Уфа,Авто,227.8,2,2,2179.58,В срок
SHP008704,2025-09-13,Москва,Уфа,Железная дорога,290.5,4,4,3908.58,В срок
SHP009652,2025-11-12,Екатеринбург,Пермь,,459.0,2,2,2679.07,В срок
SHP004563,2025-01-24,Санкт-Петербург,Новосибирск,Железная дорога,321.3,7,8,6580.48,Задержка
SHP007132,2025-03-08,Санкт-Петербург,Казань,Железная дорога,338.4,4,4,4008.37,В срок
SHP004739,2025-08-02,Москва,Новосибирск,Авто,290.5,7,7,7409.96,В срок
SHP004271,2025-08-09,Москва,Екатеринбург,Авиа,193.5,2,2,9956.03,В срок
SHP000403,2025-03-23,Казань,Санкт-Петербург,Авиа,791.1,2,2,11256.9,В срок
SHP003531,2025-04-06,Казань,Екатеринбург,Железная дорога,251.3,3,3,2546.1,В срок
SHP002938,2025-12-19,Москва,Казань,Авто,1800.0,3,3,6803.64,В срок
SHP005242,2025-08-21,Санкт-Петербург,Ростов-на-Дону,Авто,466.2,4,8,4606.6,Задержка
SHP003305,2025-08-27,Екатеринбург,Москва,Авто,1469.7,4,4,6713.36,В срок
SHP004991,2025-06-29,Новосибирск,Москва,Авиа,134.8,3,3,16246.1,В срок
SHP003788,2025-03-04,Екатеринбург,Нижний Новгород,Железная дорога,332.4,4,4,3526.04,В срок
SHP004491,2025-11-07,Новосибирск,Москва,Авиа,82.3,3,3,13813.4,В срок
SHP002095,2025-07-01,Новосибирск,Москва,Железная дорога,139.1,6,6,4685.99,В срок
SHP001096,2025-10-19,Казань,Самара,Авто,234.2,2,3,2115.19,Задержка
SHP002704,2025-05-22,Москва,Самара,Железная дорога,79.0,4,4,2374.48,В срок
SHP008959,2025-07-19,Екатеринбург,Самара,Авто,384.4,3,5,3104.59,Задержка
SHP007395,2025-06-16,Екатеринбург,Уфа,Авто,845.6,2,2,3986.93,В срок
SHP009160,2025-07-03,Москва,Самара,Железная дорога,813.4,4,3,3997.01,В срок
SHP005268,2025-01-29,Казань,Уфа,Авто,222.7,2,3,2266.8,Задержка
SHP004820,2025-12-11,Казань,Пермь,Авто,199.4,2,2,2455.93,В срок
SHP001923,2025-09-06,Новосибирск,Екатеринбург,Авто,453.1,4,4,4120.62,В срок
SHP002727,2025-09-11,Новосибирск,Самара,Авиа,148.4,3,3,14981.47,В срок
SHP002505,2025-06-25,Москва,Самара,Авто,76.4,3,3,2845.81,В срок
SHP005086,2025-10-27,Москва,Казань,Железная дорога,100.7,3,3,2694.1,В срок
SHP000211,2025-09-24,Москва,Ростов-на-Дону,Железная дорога,1063.3,4,5,4319.85,Задержка
SHP005907,2025-05-11,Москва,Санкт-Петербург,Авиа,720.3,2,2,9555.47,В срок
SHP007512,2025-10-20,Москва,Пермь,Авто,150.7,4,4,3248.99,В срок
SHP004654,2025-12-30,Москва,Новосибирск,Авиа,116.7,3,3,16459.24,В срок
SHP006542,2025-03-11,Москва,Новосибирск,Авиа,407.3,3,3,16752.72,В срок
SHP002865,2025-11-23,Москва,Уфа,Авто,375.2,4,4,3471.68,В срок
SHP005474,2025-01-14,Москва,Пермь,Железная дорога,116.6,4,4,3124.3,В срок
SHP009044,2025-02-26,Москва,Казань,Железная дорога,125.1,3,3,2538.87,В срок
SHP007616,2025-07-16,Екатеринбург,Новосибирск,Железная дорога,755.3,4,4,4397.56,В срок
SHP006261,2025-01-16,Москва,Уфа,Авиа,174.4,2,2,8786.05,В срок
SHP000686,2025-09-07,Москва,Самара,Авто,358.3,3,2,3506.7,В срок
SHP006077,2025-01-11,Москва,Пермь,Авиа,218.6,2,3,8831.91,Задержка
SHP000148,2025-07-06,Москва,Самара,Авиа,459.8,2,2,8233.72,В срок
SHP002116,2025-06-06,Санкт-Петербург,Москва,Авто,845.0,3,2,3604.89,В срок
SHP003623,2025-05-11,Санкт-Петербург,Казань,Железная дорога,127.7,4,4,3374.02,В срок
SHP002653,2025-06-18,Екатеринбург,Уфа,Железная дорога,260.3,3,3,2299.84,В срок
SHP002612,2025-12-17,Санкт-Петербург,Новосибирск,Авиа,547.6,3,3,19760.67,В срок
SHP007979,06.04.2025,Екатеринбург,Ростов-на-Дону,Железная дорога,919.2,5,5,5237.65,В срок
SHP009373,2025-11-07,Москва,Ростов-на-Дону,Авто,165.8,3,5,3248.35,Задержка
SHP000208,2025-10-09,Санкт-Петербург,Нижний Новгород,Железная дорога,1084.8,4,4,3712.4,В срок
SHP001733,2025-02-27,Санкт-Петербург,Екатеринбург,Железная дорога,267.4,5,6,4100.16,Задержка
SHP006565,2025-10-01,Казань,Москва,Авто,116.7,3,5,2308.6,Задержка
SHP001502,2025-10-08,Москва,Самара,Авто,148.7,3,3,2944.52,В срок
SHP008323,2025-08-31,Москва,Екатеринбург,Железная дорога,164.6,4,6,3737.35,Задержка
SHP002293,2025-07-11,Москва,Ростов-на-Дону,Железная дорога,173.7,4,6,2567.82,Задержка
SHP009157,2025-04-28,Москва,Новосибирск,Железная дорога,195.6,6,6,5344.41,В срок
SHP006713,2025-12-16,Москва,Санкт-Петербург,Авто,223.6,3,3,2781.53,В срок
SHP006015,2025-02-25,Екатеринбург,Самара,Авто,269.8,3,3,2979.15,В срок
SHP003352,2025-03-13,Москва,Пермь,Авто,224.3,4,7,4110.44,Задержка
SHP000539,2025-01-07,Новосибирск,Екатеринбург,,569.1,4,4,4388.95,В срок
SHP008989,2025-02-26,Екатеринбург,Казань,Железная дорога,225.0,3,4,2730.98,Задержка
SHP003298,2025-07-16,Москва,Пермь,Железная дорога,182.8,4,3,3176.5,В срок
SHP003907,2025-04-20,Санкт-Петербург,Пермь,Железная дорога,181.1,5,5,2945.06,В срок
SHP009014,2025-12-02,Москва,Уфа,Железная дорога,266.4,4,7,3760.22,Задержка
SHP000385,2025-08-11,Санкт-Петербург,Москва,Авто,70.5,3,3,2180.09,В срок
SHP006334,2025-05-07,Новосибирск,Пермь,Железная дорога,342.3,5,5,3776.88,В срок
SHP003544,2025-09-30,Казань,Пермь,Авто,278.4,2,5,2384.21,Задержка
SHP001611,2025-02-28,Москва,Новосибирск,Авто,742.5,7,9,7589.67,Задержка
SHP008765,2025-10-21,Казань,Санкт-Петербург,Авто,499.4,4,4,4728.75,В срок
SHP003226,2025-06-04,Казань,Москва,Авто,245.3,3,2,3197.88,В срок
SHP004368,2025-04-27,Новосибирск,Самара,Авиа,328.4,3,3,14915.84,В срок
SHP008274,2025-12-29,Москва,Новосибирск,Авто,276.4,7,10,7105.99,Задержка
SHP005699,2025-05-11,Москва,Ростов-на-Дону,Авто,666.2,3,3,4756.6,В срок
SHP000402,2025-11-17,Казань,Пермь,Авиа,828.1,2,2,9462.54,В срок
SHP001307,2025-01-08,Москва,Самара,Авто,292.7,3,3,3278.93,В срок
SHP005070,2025-10-22,Москва,Нижний Новгород,Авто,808.8,2,6,3291.48,Задержка
SHP008264,2025-11-19,Москва,Пермь,Авто,83.3,4,4,3224.67,В срок
SHP001013,2025-12-10,Москва,Новосибирск,Железная дорога,211.0,6,6,5247.32,В срок
SHP000446,2025-08-31,Екатеринбург,Нижний Новгород,Авто,76.7,3,7,3160.15,Задержка
SHP005963,2025-11-04,Москва,Пермь,Железная дорога,287.2,4,3,3352.09,В срок
SHP006235,2025-10-09,Санкт-Петербург,Новосибирск,Авто,139.2,7,6,7074.17,В срок
SHP003202,2025-04-17,Казань,Москва,Авиа,133.5,2,5,7022.46,Задержка
SHP004415,2025-02-13,Новосибирск,Ростов-на-Дону,Железная дорога,237.4,7,7,5589.79,В срок
SHP000724,2025-01-30,Москва,Казань,Авто,345.0,3,4,2938.26,Задержка
SHP006425,2025-07-18,Санкт-Петербург,Пермь,Авто,526.0,4,5,5174.04,Задержка
SHP009107,2025-09-27,Новосибирск,Самара,Авиа,118.8,3,3,13943.47,В срок
SHP003094,2025-07-02,Санкт-Петербург,Ростов-на-Дону,Авто,332.0,4,8,4716.53,Задержка
SHP007874,2025-02-22,Екатеринбург,Казань,Авто,920.2,3,6,4452.53,Задержка
SHP004744,2025-04-04,Новосибирск,Пермь,Авто,490.6,5,5,5207.09,В срок
SHP004230,2025-07-09,Санкт-Петербург,Нижний Новгород,Железная дорога,182.7,4,4,2918.76,В срок
SHP005438,2025-05-19,Москва,Самара,Авто,100.6,3,3,3041.56,В срок
SHP002085,2025-01-09,Москва,Санкт-Петербург,Авто,181.3,3,3,2513.37,В срок
SHP001292,2025-07-18,Казань,Екатеринбург,Железная дорога,123.2,3,3,2600.05,В срок
SHP006937,2025-08-15,Казань,Пермь,Авиа,426.0,2,2,6505.48,В срок
SHP009101,2025-02-21,Санкт-Петербург,Нижний Новгород,Авто,423.2,3,7,3468.9,Задержка
SHP009363,2025-05-25,Екатеринбург,Казань,Авто,223.7,3,3,2950.07,В срок
SHP005748,2025-03-20,Москва,Екатеринбург,Авто,254.2,4,4,4526.97,В срок
SHP006481,2025-10-14,Казань,Екатеринбург,Авто,172.5,3,3,2838.75,В срок
SHP002967,2025-09-23,Казань,Екатеринбург,Авто,554.2,3,7,3954.46,Задержка
SHP005478,2025-02-02,Санкт-Петербург,Екатеринбург,Железная дорога,81.3,5,5,4036.8,В срок
SHP005296,2025-06-27,Москва,Казань,Авто,305.0,3,3,2840.1,В срок
SHP004158,2025-09-19,Казань,Ростов-на-Дону,Железная дорога,95.5,4,3,3184.48,В срок
SHP007999,2025-12-05,Екатеринбург,Пермь,Железная дорога,368.4,3,3,2477.8,В срок
SHP001321,2025-10-13,Новосибирск,Самара,Авиа,279.5,3,3,15392.32,В срок
SHP006910,2025-08-01,Новосибирск,Ростов-на-Дону,Железная дорога,178.9,7,7,6722.17,В срок
SHP003783,2025-12-08,Москва,Екатеринбург,Авиа,281.9,2,1,10871.99,В срок
SHP003677,2025-09-23,Москва,Ростов-на-Дону,Железная дорога,209.2,4,4,2914.47,В срок
SHP005310,2025-02-09,Новосибирск,Самара,Железная дорога,156.5,5,5,4326.01,В срок
SHP000119,2025-01-04,Санкт-Петербург,Казань,Авто,182.5,4,4,3183.98,В срок
SHP004589,2025-07-12,Москва,Новосибирск,Железная дорога,668.1,6,6,5374.62,В срок
SHP000972,2025-06-01,Москва,Санкт-Петербург,Авто,222.8,3,3,2638.64,В срок
SHP004680,2025-12-21,Новосибирск,Екатеринбург,Железная дорога,552.9,4,4,4077.85,В срок
SHP000622,2025-04-29,Новосибирск,Пермь,Железная дорога,561.8,5,4,3880.38,В срок
SHP007730,2025-07-08,Москва,Казань,Авто,509.5,3,3,3324.17,В срок
SHP006902,2025-01-29,Москва,Ростов-на-Дону,Железная дорога,182.9,4,7,3009.83,Задержка
SHP009709,2025-12-20,Санкт-Петербург,Казань,Железная дорога,116.2,4,4,3241.97,В срок
SHP008187,2025-01-26,Москва,Ростов-на-Дону,Железная дорога,195.9,4,4,3462.8,В срок
SHP009296,2025-03-31,Казань,Пермь,Авто,197.4,2,1,1981.21,В срок
SHP006918,2025-02-28,Екатеринбург,Нижний Новгород,Авиа,425.6,2,2,9991.51,В срок
SHP004810,2025-05-04,Санкт-Петербург,Ростов-на-Дону,Авиа,168.0,2,2,10962.92,В срок
SHP007061,2025-12-04,Екатеринбург,Москва,Железная дорога,485.4,4,4,4268.1,В срок
SHP001976,2025-06-17,Новосибирск,Москва,Авиа,100.7,3,3,16032.58,В срок
SHP005125,2025-10-22,Санкт-Петербург,Новосибирск,Авиа,421.9,3,3,18872.31,В срок
SHP002881,2025-02-06,Москва,Уфа,Железная дорога,536.8,4,4,3537.25,В срок
SHP007114,2025-10-01,Москва,Екатеринбург,Железная дорога,755.4,4,4,4330.71,В срок
SHP002689,2025-12-07,Екатеринбург,Уфа,Авто,224.9,0,2,2057.28,В срок
SHP008107,2025-08-28,Екатеринбург,Москва,Авиа,230.2,2,2,10946.79,В срок
SHP003559,2025-11-11,Москва,Уфа,Авто,55.3,4,4,3209.66,В срок
SHP005773,2025-09-18,Москва,Нижний Новгород,Авто,54.4,2,2,1535.84,В срок
SHP007124,2025-10-16,Москва,Уфа,Железная дорога,487.5,4,4,4067.43,В срок
SHP000549,2025-04-14,Казань,Москва,Авто,279.4,3,3,3261.37,В срок
SHP008624,2025-12-20,Москва,Самара,Железная дорога,272.0,4,4,3108.31,В срок
SHP004853,2025-06-08,Казань,Нижний Новгород,Авто,301.2,2,2,2373.1,В срок
SHP005865,2025-07-02,Новосибирск,Пермь,Авто,283.0,5,5,5285.15,В срок
SHP009733,2025-04-02,Москва,Казань,Железная дорога,264.1,3,3,3063.53,В срок
SHP001126,2025-04-03,Санкт-Петербург,Уфа,ж/д,126.4,5,5,3920.3,В срок
SHP006293,2025-12-25,Казань,Нижний Новгород,Авто,33.7,2,2,1632.49,В срок
SHP005245,2025-05-01,Казань,Самара,Железная дорога,368.1,3,3,2363.68,В срок
SHP009771,2025-10-11,Екатеринбург,Самара,Железная дорога,205.7,4,4,2509.57,В срок
SHP007500,2025-11-07,Екатеринбург,Ростов-на-Дону,Железная дорога,438.2,5,8,4942.27,Задержка
SHP003463,2025-10-05,Екатеринбург,Новосибирск,Авто,557.3,4,4,5182.66,В срок
SHP006422,2025-12-22,Новосибирск,Екатеринбург,Авиа,837.8,2,2,13263.41,В срок
SHP006742,2025-01-05,Москва,Ростов-на-Дону,Авто,113.5,3,3,3122.03,В срок
SHP000160,2025-05-31,Москва,Пермь,Авто,121.2,4,4,3557.67,В срок
SHP006206,2025-01-08,Казань,Екатеринбург,Авто,214.9,3,3,3057.07,В срок
SHP003529,2025-08-25,Санкт-Петербург,Уфа,Авто,256.5,5,5,4869.99,В срок
SHP008056,2025-01-23,Москва,Екатеринбург,Железная дорога,209.7,4,4,3522.19,В срок
SHP006116,2025-07-20,Москва,Уфа,Авто,139.8,4,7,3758.8,Задержка
SHP006354,2025-02-05,Екатеринбург,Нижний Новгород,Авто,179.3,3,5,3281.24,Задержка
SHP003358,2025-01-13,Санкт-Петербург,Уфа,Авиа,420.3,2,2,12573.8,В срок
SHP002136,2025-06-28,Москва,Екатеринбург,Авто,1010.8,4,3,6403.84,В срок
SHP001709,2025-12-22,Новосибирск,Казань,Железная дорога,419.3,5,9,4524.49,Задержка
SHP004338,2025-05-22,Екатеринбург,Новосибирск,Авто,483.8,4,4,4299.73,В срок
SHP000036,2025-10-21,Москва,Нижний Новгород,Авто,594.6,2,2,2919.63,В срок
SHP004204,2025-10-25,Санкт-Петербург,Пермь,Железная дорога,259.8,5,7,4060.64,Задержка
SHP008052,2025-07-17,Екатеринбург,Москва,Железная дорога,647.9,4,4,4707.58,В срок
SHP003611,2025-03-07,Санкт-Петербург,Екатеринбург,Авиа,593.7,2,1,15002.34,В срок
SHP009143,2025-08-29,Москва,Нижний Новгород,Авто,255.6,2,2,2112.11,В срок
SHP006102,2025-02-22,Москва,Казань,Авто,182.6,3,3,2702.04,В срок
SHP005511,2025-06-05,Казань,Самара,Железная дорога,214.6,3,5,2198.72,Задержка
SHP005374,2025-12-19,Санкт-Петербург,Самара,Авиа,512.0,2,5,12613.07,Задержка
SHP005683,2025-10-17,Москва,Ростов-на-Дону,Авто,43.1,3,3,2698.05,В срок
SHP004897,2025-08-26,Москва,Казань,Авто,143.3,3,4,2525.22,Задержка
SHP005974,2025-09-26,Москва,Казань,Железная дорога,132.8,3,3,2518.78,В срок
SHP006323,2025-03-06,Санкт-Петербург,Пермь,Железная дорога,365.0,5,5,3822.49,В срок
SHP001638,2025-04-27,Москва,Пермь,Железная дорога,50000.0,4,8,3848.48,Задержка
SHP000038,2025-05-09,Новосибирск,Санкт-Петербург,Авиа,1009.7,3,3,20583.65,В срок
SHP003439,2025-04-12,Екатеринбург,Ростов-на-Дону,Авто,493.0,5,4,5885.57,В срок
SHP005269,31.07.2025,Екатеринбург,Ростов-на-Дону,Железная дорога,181.5,5,5,4420.45,В срок
SHP004751,2025-10-23,Москва,Нижний Новгород,Авто,514.5,2,2,3023.8,В срок
SHP001337,2025-07-10,Новосибирск,Нижний Новгород,Железная дорога,67.8,6,6,4969.99,В срок
SHP008360,2025-07-26,Новосибирск,Самара,Железная дорога,102.2,5,5,4396.2,В срок
SHP001958,2025-09-23,Санкт-Петербург,Екатеринбург,Железная дорога,288.9,5,5,4009.24,В срок
SHP002359,2025-05-12,Москва,Самара,Авто,140.5,3,3,3009.65,В срок
SHP006163,2025-06-29,Казань,Екатеринбург,Авиа,310.1,2,2,7461.45,В срок
SHP006126,2025-02-05,Екатеринбург,Казань,Авто,92.1,3,3,2636.49,В срок
SHP007681,2025-04-23,Москва,Самара,Авиа,153.3,2,2,7454.12,В срок
SHP002573,2025-04-10,Москва,Казань,Авто,506.0,3,3,3126.49,В срок
SHP007308,2025-02-22,Санкт-Петербург,Екатеринбург,Авто,440.8,5,7,5901.13,Задержка
SHP003691,2025-12-18,Санкт-Петербург,Нижний Новгород,Авто,468.8,3,3,3376.32,В срок
SHP002312,2025-11-06,Екатеринбург,Пермь,Железная дорога,332.0,3,6,2387.43,Задержка
SHP009474,2025-04-26,Новосибирск,Санкт-Петербург,Авиа,367.2,3,3,18377.65,В срок
SHP002790,2025-11-04,Москва,Казань,Авто,599.8,3,3,3609.46,В срок
SHP007745,2025-06-14,Екатеринбург,Нижний Новгород,Авиа,289.4,2,2,8435.26,В срок
SHP000265,2025-10-16,Екатеринбург,Новосибирск,Авто,267.4,4,8,4102.32,Задержка
SHP005455,2025-02-26,Казань,Самара,Авто,368.2,2,3,2176.22,Задержка
SHP006242,2025-05-21,Москва,Санкт-Петербург,Авиа,542.6,2,5,8517.91,Задержка
SHP002206,2025-01-12,Новосибирск,Уфа,Железная дорога,37.9,5,5,4367.95,В срок
SHP006645,2025-11-18,Новосибирск,Самара,Железная дорога,647.4,5,5,5022.76,В срок
SHP000427,2025-02-05,Казань,Нижний Новгород,Авиа,215.0,2,1,5062.26,В срок
SHP002744,2025-03-07,Москва,Казань,Железная дорога,258.1,3,3,2896.27,В срок
SHP009953,2025-07-15,Москва,Новосибирск,Авиа,258.9,3,2,16714.57,В срок
SHP003466,2025-07-23,Москва,Пермь,Железная дорога,249.1,4,4,2982.65,В срок
SHP008455,2025-11-12,Москва,Ростов-на-Дону,Авто,416.4,3,4,3311.74,Задержка
SHP002497,2025-10-27,Казань,Пермь,Авто,84.3,2,2,1902.93,В срок
SHP003715,2025-07-21,Москва,Казань,Авто,182.1,3,3,2862.18,В срок
SHP009968,2025-03-25,Москва,Санкт-Петербург,Авто,211.1,3,3,2569.96,В срок
SHP008322,2025-10-20,Санкт-Петербург,Казань,Железная дорога,436.7,4,4,3986.09,В срок
SHP006086,2025-06-07,Москва,Нижний Новгород,Авто,672.3,2,2,2923.38,В срок
SHP008055,2025-03-28,Москва,Уфа,Железная дорога,351.2,4,4,3565.5,В срок
SHP001351,2025-01-15,Москва,Санкт-Петербург,Железная дорога,261.6,3,3,2773.29,В срок
SHP000221,2025-09-21,Казань,Уфа,Авто,103.0,2,2,2108.76,В срок
SHP005514,2025-07-05,Казань,Ростов-на-Дону,Авто,249.9,4,7,3438.89,Задержка
SHP002134,2025-03-31,Екатеринбург,Москва,Авиа,196.0,2,2,10443.36,В срок
SHP005315,2025-11-06,Москва,Новосибирск,Железная дорога,278.2,6,6,5986.85,В срок
SHP002807,2025-05-13,Новосибирск,Самара,Авто,244.3,6,8,5188.01,Задержка
SHP006522,2025-05-09,Москва,Пермь,Авто,256.2,4,4,3822.79,В срок
SHP001510,2025-09-25,Москва,Казань,Авто,271.6,3,4,2822.32,Задержка
SHP006923,2025-10-24,Москва,Самара,Авто,680.3,3,3,4235.46,В срок
SHP006798,2025-06-11,Санкт-Петербург,Новосибирск,Авиа,318.5,3,3,20810.08,В срок
SHP009834,2025-05-20,Новосибирск,Казань,Железная дорога,387.2,5,5,5196.1,В срок
SHP005679,2025-07-20,Екатеринбург,Нижний Новгород,Железная дорога,266.8,4,4,3281.96,В срок
SHP002889,2025-09-18,Екатеринбург,Санкт-Петербург,Железная дорога,407.6,5,5,4553.1,В срок
SHP005433,2025-04-20,Новосибирск,Казань,Авто,520.4,6,6,6754.1,В срок
SHP009137,2025-01-03,Москва,Пермь,Железная дорога,213.7,4,4,3618.62,В срок
SHP006912,2025-03-26,Москва,Уфа,Авто,357.9,4,7,4156.2,Задержка
SHP007218,2025-04-10,Москва,Казань,Авиа,289.8,2,2,7902.11,В срок
SHP005046,2025-01-13,Екатеринбург,Уфа,Авто,169.1,2,4,1836.9,Задержка
SHP008249,2025-06-21,Москва,Санкт-Петербург,Авиа,392.9,2,2,7447.9,В срок
SHP006657,2025-03-14,Москва,Самара,Железная дорога,419.2,4,4,3264.86,В срок
SHP002052,2025-10-04,Санкт-Петербург,Ростов-на-Дону,Авто,218.5,4,4,4761.0,В срок
SHP007982,2025-04-24,Москва,Екатеринбург,Авто,412.1,4,4,3893.32,В срок
SHP000534,2025-09-20,Москва,Самара,Железная дорога,135.5,4,3,2566.2,В срок
SHP001238,2025-06-14,Москва,Новосибирск,Авиа,645.3,3,3,19696.54,В срок
SHP001646,2025-08-14,Санкт-Петербург,Москва,Авто,215.2,3,5,2535.6,Задержка
SHP006223,2025-05-22,Новосибирск,Пермь,Авто,490.6,5,6,5074.31,Задержка
SHP004941,2025-05-23,Новосибирск,Москва,Железная дорога,742.0,6,6,6298.74,В срок
SHP005944,2025-08-02,Екатеринбург,Москва,Авто,242.6,4,4,4089.83,В срок
SHP002229,2025-03-31,Новосибирск,Ростов-на-Дону,Авто,87.8,7,11,7840.03,Задержка
SHP003654,2025-01-17,новосибирск ,Санкт-Петербург,Авиа,118.3,3,3,15648.45,В срок
SHP007447,2025-08-21,Москва,Уфа,Железная дорога,514.8,4,4,4054.83,В срок
SHP009162,2025-10-10,Москва,Уфа,Авто,122.0,4,6,3340.87,Задержка
SHP001857,2025-06-30,Санкт-Петербург,Нижний Новгород,Железная дорога,146.4,4,4,2418.95,В срок
SHP001288,2025-03-30,Новосибирск,Пермь,Авто,225.7,5,5,4943.73,В срок
SHP000921,2025-06-10,Москва,Екатеринбург,Авиа,133.4,2,2,9928.03,В срок
SHP001936,2025-08-04,Казань,новосибирск ,Авиа,439.4,3,2,14945.91,В срок
SHP006370,2025-06-11,Санкт-Петербург,Екатеринбург,Авиа,459.5,2,2,13739.34,В срок
SHP003703,2025-11-04,Новосибирск,Нижний Новгород,Железная дорога,561.9,6,6,6120.64,В срок
SHP004159,2025-03-02,Санкт-Петербург,Новосибирск,Железная дорога,502.1,7,7,5850.57,В срок
SHP003385,2025-03-02,Москва,Ростов-на-Дону,Авто,244.7,3,3,2948.49,В срок
SHP006931,2025-06-21,Москва,Новосибирск,Авиа,165.2,3,3,16800.16,В срок
SHP009289,2025-03-22,Москва,Новосибирск,Авто,152.5,7,7,6762.67,В срок
SHP005754,2025-12-02,Москва,Екатеринбург,Авиа,301.8,2,2,10521.18,В срок
SHP003292,2025-10-16,Москва,Ростов-на-Дону,Железная дорога,171.0,4,4,3132.62,В срок
SHP007835,2025-08-31,Санкт-Петербург,Уфа,Железная дорога,75.8,5,5,4053.91,В срок
SHP001889,2025-08-25,Москва,Уфа,Железная дорога,164.6,4,4,3400.5,В срок
SHP006076,2025-07-27,Москва,Пермь,Авто,299.4,4,4,3625.53,В срок
SHP002424,2025-09-25,Москва,новосибирск ,Авиа,1348.2,3,3,18992.85,В срок
SHP006382,2025-03-15,Москва,Пермь,Железная дорога,168.4,4,4,3046.91,В срок
SHP001181,2025-10-08,Санкт-Петербург,Москва,Железная дорога,1337.7,3,3,4282.83,В срок
SHP008935,2025-06-21,Санкт-Петербург,Нижний Новгород,Авиа,197.5,2,2,8012.51,В срок
SHP006057,2025-08-23,Екатеринбург,Самара,Авто,73.5,3,3,2564.76,В срок
SHP005933,2025-11-12,Санкт-Петербург,Москва,Железная дорога,248.3,3,3,2552.91,В срок
SHP005750,2025-07-13,Москва,Ростов-на-Дону,Авто,160.5,3,3,3153.44,В срок
SHP001136,2025-12-29,Санкт-Петербург,Самара,Авто,414.4,4,4,4735.28,В срок
SHP008710,2025-01-01,Казань,Новосибирск,Железная дорога,46.8,5,6,4101.39,Задержка
SHP000479,2025-01-30,Санкт-Петербург,Казань,Железная дорога,100.7,4,4,3283.37,В срок
SHP001586,2025-05-30,Казань,Нижний Новгород,Железная дорога,161.0,3,3,2213.53,В срок
SHP003107,2025-02-21,Москва,Уфа,Железная дорога,90.6,4,4,2860.33,В срок
SHP004611,2025-04-29,Новосибирск,Ростов-на-Дону,Авто,190.9,7,7,7146.84,В срок
SHP002818,2025-02-25,Москва,Уфа,Авто,69.3,4,8,3181.69,Задержка
SHP009334,2025-10-01,Санкт-Петербург,Казань,Авто,145.1,4,4,3674.86,В срок
SHP002363,2025-08-30,Москва,Екатеринбург,Железная дорога,821.0,4,4,4552.09,В срок
SHP000101,2025-02-17,Москва,Пермь,Авто,263.5,4,4,3727.91,В срок
SHP009248,2025-03-26,Казань,Самара,Авто,306.1,2,4,1873.53,задержано
SHP000996,2025-02-16,Екатеринбург,Пермь,Авто,735.6,2,2,2825.8,В срок
SHP009622,2025-05-08,Санкт-Петербург,Москва,Авто,202.9,3,2,2568.31,В срок
SHP006159,2025-04-04,Москва,Екатеринбург,Авиа,312.6,2,2,11470.94,В срок
SHP001601,2025-03-13,Санкт-Петербург,Москва,Авто,586.8,3,3,3472.12,В срок
SHP005746,2025-01-09,Москва,Ростов-на-Дону,Железная дорога,177.6,4,8,2638.64,Задержка
SHP009450,2025-07-09,Санкт-Петербург,Пермь,Авто,282.2,4,3,4558.42,В срок
SHP004549,2025-02-22,Москва,Санкт-Петербург,Авто,299.3,3,4,2785.98,Задержка
SHP008731,2025-04-14,Москва,Казань,Авто,90.1,3,7,2389.71,Задержка
SHP005674,2025-04-18,Екатеринбург,Уфа,Железная дорога,255.0,3,3,2256.46,В срок
SHP002973,2025-03-13,Санкт-Петербург,Екатеринбург,Железная дорога,,5,5,4293.71,В срок
SHP000546,2025-07-15,Москва,Казань,Авто,539.7,3,3,3856.62,В срок
SHP007202,2025-05-30,Новосибирск,Санкт-Петербург,Авиа,238.6,3,3,18253.82,В срок
SHP006180,2025-12-30,Москва,Ростов-на-Дону,Железная дорога,313.1,4,4,3036.48,В срок
SHP003799,2025-03-21,Новосибирск,Москва,Железная дорога,820.3,6,6,6511.29,В срок
SHP000197,2025-09-30,Москва,Нижний Новгород,Авто,507.3,2,2,2727.58,В срок
SHP008297,2025-10-11,Новосибирск,Самара,Железная дорога,166.6,5,5,5066.45,В срок
SHP005766,2025-12-25,Екатеринбург,Нижний Новгород,Железная дорога,352.8,4,4,3021.49,В срок
SHP003380,2025-05-12,Москва,Новосибирск,Авиа,232.0,3,3,14826.69,В срок
SHP009112,2025-06-20,Москва,Самара,Железная дорога,135.8,4,4,2617.17,В срок
SHP004119,2025-11-07,Екатеринбург,Ростов-на-Дону,Авто,230.4,5,9,4976.54,В срок
SHP004094,2025-02-19,Москва,Новосибирск,Железная дорога,709.2,6,10,6154.66,Задержка
SHP004639,2025-07-28,Екатеринбург,Казань,Авиа,227.4,2,2,6713.46,В срок
SHP007122,2025-07-25,Екатеринбург,Пермь,Авто,,2,2,3514.51,В срок
SHP001207,2025-06-27,Новосибирск,Пермь,Железная дорога,547.5,5,4,4580.11,В срок
SHP009726,2025-08-31,Москва,Санкт-Петербург,Авто,445.4,3,3,3218.45,В срок
SHP009928,2025-12-16,Москва,Пермь,Железная дорога,76.4,4,4,2974.35,В срок
SHP004384,2025-03-18,Новосибирск,Казань,Авиа,537.6,3,3,14656.32,В срок
SHP004243,2025-06-18,Екатеринбург,Пермь,Авто,634.8,2,6,2886.63,Задержка
SHP002407,2025-03-14,Казань,Новосибирск,Авто,86.4,6,6,4984.28,В срок
SHP006823,2025-12-26,Санкт-Петербург,Уфа,Авиа,604.8,2,2,14675.27,В срок
SHP001729,2025-02-09,Москва,Екатеринбург,Железная дорога,271.4,4,4,3475.44,В срок
SHP006843,2025-02-16,Москва,Нижний Новгород,Авто,374.8,2,2,2680.27,В срок
SHP002556,24.08.2025,Москва,Екатеринбург,Железная дорога,349.0,4,4,3861.32,В срок
SHP008569,2025-06-18,Москва,Новосибирск,Железная дорога,140.0,6,6,5171.22,В срок
SHP007422,2025-09-25,Москва,Уфа,Авто,113.6,4,4,3617.87,В срок
SHP005736,2025-07-27,Новосибирск,Ростов-на-Дону,Железная дорога,317.6,7,7,5629.73,В срок
SHP006874,2025-01-28,Москва,Пермь,Железная дорога,373.9,4,4,3554.07,В срок
SHP006192,2025-07-13,Санкт-Петербург,Москва,Авто,1427.2,3,3,5199.39,В срок
SHP002056,2025-09-17,Екатеринбург,Пермь,Авто,89.8,2,2,1831.85,В срок
SHP005563,2025-08-17,Санкт-Петербург,Уфа,Авиа,359.4,2,2,12011.16,В срок
SHP005436,2025-03-05,Москва,Новосибирск,Авиа,157.1,3,2,16633.46,В срок
SHP001035,2025-10-13,Санкт-Петербург,Екатеринбург,Железная дорога,276.1,5,8,4053.32,Задержка
SHP002336,2025-12-16,Казань,Самара,Авто,302.2,2,2,2097.63,В срок
SHP000020,2025-10-21,Москва,Екатеринбург,Железная дорога,475.3,4,4,3973.33,В срок
SHP005806,2025-05-04,Екатеринбург,Уфа,Авто,170.3,2,2,1936.53,В срок
SHP009787,2025-04-22,Новосибирск,Уфа,Авиа,114.9,2,1,11718.13,В срок
SHP003227,2025-03-08,Москва,Казань,Авиа,263.9,2,2,7616.29,В срок
SHP008118,2025-09-15,Москва,Екатеринбург,Авто,294.1,4,5,4513.31,Задержка
SHP001475,2025-04-23,Санкт-Петербург,Казань,Авиа,207.6,2,2,9866.34,В срок
SHP003242,2025-10-14,Екатеринбург,Казань,Железная дорога,257.5,3,3,2894.36,В срок
SHP002576,2025-07-11,Москва,Казань,Авиа,150.7,2,2,6991.17,В срок
SHP002670,2025-11-22,Москва,Уфа,Авиа,902.0,2,2,11104.52,В срок
SHP000222,2025-03-04,Санкт-Петербург,Москва,Авто,628.9,3,3,3479.45,В срок
SHP003244,2025-05-05,Москва,Самара,Авто,220.9,3,3,3405.11,В срок
SHP009819,2025-02-27,Москва,Казань,Авиа,170.2,2,2,5877.9,В срок
SHP009736,2025-09-14,Казань,Москва,Авто,270.4,3,2,3034.28,В срок
SHP009891,2025-05-07,Москва,Новосибирск,Авиа,243.8,3,3,17967.25,В срок
SHP000522,2025-01-09,Казань,Ростов-на-Дону,Железная дорога,240.8,4,7,3299.54,Задержка
SHP005930,2025-04-07,Казань,Ростов-на-Дону,Авиа,114.0,2,1,8654.35,В срок
SHP007736,2025-09-28,Казань,Ростов-на-Дону,Железная дорога,325.9,4,4,3088.97,В срок
SHP003129,2025-06-05,Москва,Пермь,Авто,475.5,4,4,3948.04,В срок
SHP008865,2025-08-14,Новосибирск,Самара,Железная дорога,130.3,5,4,4010.86,В срок
SHP007978,2025-03-12,Москва,Новосибирск,Авиа,113.8,3,3,17650.45,В срок
SHP006112,2025-01-19,Москва,Ростов-на-Дону,Авиа,423.8,2,2,8394.86,В срок
SHP004480,2025-06-14,Москва,Нижний Новгород,Авто,928.1,2,2,3986.56,В срок
SHP005873,2025-10-05,Новосибирск,Самара,Авто,630.1,6,6,6444.29,В срок
SHP008479,2025-04-21,Екатеринбург,Казань,Авто,94.0,3,3,2363.53,В срок
SHP006666,2025-11-01,Новосибирск,Екатеринбург,Авиа,252.4,2,2,9806.28,В срок
SHP001917,2025-12-30,Москва,Казань,Авиа,654.6,2,2,9666.66,В срок
SHP003363,2025-12-13,Екатеринбург,Пермь,Авто,91.2,2,2,1690.81,В срок
SHP004195,2025-03-26,Казань,Самара,Авто,220.0,2,2,2116.97,В срок
SHP007602,2025-09-21,Москва,Екатеринбург,Авиа,218.7,2,2,11739.11,В срок
SHP006966,2025-11-12,Казань,Екатеринбург,Авто,302.4,3,3,2780.35,В срок
SHP008950,2025-01-17,Москва,Санкт-Петербург,Железная дорога,266.5,3,7,2668.12,Задержка
SHP009532,2025-08-10,Казань,Уфа,Авто,338.7,2,2,2351.91,В срок
SHP007733,2025-06-29,Москва,Самара,Железная дорога,130.0,4,7,3085.76,Задержка
SHP009317,2025-05-19,Москва,Самара,Железная дорога,236.3,4,7,2694.48,Задержка
SHP007065,2025-06-05,Екатеринбург,Москва,Авто,119.5,4,4,3641.18,В срок
SHP005763,2025-06-06,Екатеринбург,Москва,Железная дорога,158.2,4,8,3785.74,Задержка
SHP006393,2025-11-08,Новосибирск,Пермь,Железная дорога,123.2,5,4,4308.87,В срок
SHP008717,2025-02-25,Санкт-Петербург,Пермь,Авиа,452.9,2,2,12752.82,В срок
SHP001629,2025-06-14,Новосибирск,Нижний Новгород,Железная дорога,220.2,6,6,4896.64,В срок
SHP007457,2025-09-25,Москва,Самара,Авиа,130.2,2,2,7626.64,В срок
SHP009960,2025-11-11,Москва,Самара,Железная дорога,156.9,4,3,2704.31,В срок
SHP002880,2025-04-08,Москва,Самара,Авто,647.5,3,2,3924.26,В срок
SHP005421,2025-04-05,Новосибирск,Санкт-Петербург,Авиа,118.5,3,3,17781.39,В срок
SHP009522,2025-05-17,Новосибирск,Казань,Железная дорога,283.5,5,4,4682.42,В срок
SHP004884,2025-07-05,Екатеринбург,Москва,Железная дорога,239.1,4,4,2993.55,В срок
SHP007502,2025-10-31,Казань,Нижний Новгород,Авто,283.6,2,2,2307.72,В срок
SHP000891,2025-03-04,Казань,Екатеринбург,Авто,44.5,3,4,2591.37,Задержка
SHP009016,2025-01-02,Новосибирск,Пермь,Железная дорога,414.4,5,7,4331.5,Задержка
SHP003782,2025-06-08,Казань,Ростов-на-Дону,Железная дорога,662.8,4,4,3955.14,В срок
SHP000922,2025-11-21,Новосибирск,Самара,Авиа,316.6,3,2,14757.98,В срок
SHP000594,2025-09-28,Новосибирск,Уфа,Авиа,410.9,2,1,12682.65,В срок
SHP002400,2025-01-03,Москва,Екатеринбург,Авиа,336.5,2,2,11759.85,В срок
SHP008938,2025-05-24,Санкт-Петербург,Ростов-на-Дону,Авто,84.7,4,5,4335.4,Задержка
SHP000953,2025-02-06,Москва,Казань,Авто,549.8,3,3,3527.44,В срок
SHP007155,2025-09-23,Москва,Нижний Новгород,Железная дорога,232.2,3,2,2274.29,В срок
SHP000503,2025-01-21,Казань,Москва,Авиа,201.0,2,2,7441.87,В срок
SHP005834,2025-12-27,Москва,Санкт-Петербург,Авто,1163.5,3,3,5161.16,В срок
SHP009695,2025-06-17,Новосибирск,Екатеринбург,Железная дорога,89.6,4,4,3411.84,В срок
SHP001282,2025-07-13,Москва,Пермь,Авто,111.3,4,4,3035.71,В срок
SHP005920,2025-12-07,Новосибирск,Уфа,Авто,168.0,5,5,5026.79,В срок
SHP001678,2025-01-30,Санкт-Петербург,Нижний Новгород,Авто,28.5,3,2,2519.41,В срок
SHP001064,2025-02-08,Москва,Казань,Авто,164.5,3,2,2734.71,В срок
SHP006302,2025-08-30,Москва,Уфа,Железная дорога,175.1,4,4,3305.27,В срок
SHP004289,2025-09-08,Москва,Пермь,Железная дорога,338.8,4,4,3736.71,В срок
SHP004142,2025-08-05,Москва,Екатеринбург,Авто,212.8,4,6,3886.12,Задержка
SHP002945,2025-03-07,Екатеринбург,Казань,Авто,872.1,3,3,5021.66,В срок
SHP008761,2025-03-17,Москва,Новосибирск,Железная дорога,213.7,6,6,5374.75,В срок
SHP004800,2025-11-04,Москва,Уфа,Авто,226.0,4,4,4003.52,В срок
SHP002465,2025-06-18,Казань,Нижний Новгород,Авто,481.2,2,5,2609.7,Задержка
SHP005445,2025-05-30,Москва,Екатеринбург,Авиа,154.4,2,2,8776.02,В срок
SHP002517,2025-11-20,Москва,Самара,Железная дорога,373.0,4,4,2998.8,В срок
SHP007118,2025-06-13,Санкт-Петербург,Уфа,Авто,165.9,5,5,4196.26,В срок
SHP001045,2025-04-11,Москва,Новосибирск,Железная дорога,58.2,6,6,5868.5,В срок
SHP007753,2025-12-25,Екатеринбург,Новосибирск,Авто,120.8,4,4,4134.77,В срок
SHP001636,2025-09-03,Москва,Екатеринбург,Железная дорога,382.3,4,4,3486.06,В срок
SHP000420,2025-09-27,Екатеринбург,Самара,Авто,55.1,3,3,2613.73,В срок
SHP000477,2025-05-05,Москва,Самара,Железная дорога,372.3,4,4,2836.66,В срок
SHP004034,2025-09-01,Москва,Санкт-Петербург,Авто,464.6,3,3,3221.46,В срок
SHP001032,2025-07-12,Новосибирск,Самара,Авиа,143.9,3,3,13045.31,В срок
SHP001375,2025-07-15,Казань,Пермь,Авто,260.9,2,2,2503.86,В срок
SHP009183,2025-05-22,Санкт-Петербург,Москва,Железная дорога,239.7,3,2,2603.78,В срок
SHP009765,2025-07-14,Москва,Пермь,Железная дорога,107.3,4,4,3039.18,В срок
SHP004205,2025-02-22,Казань,Уфа,Авто,1109.4,2,2,4404.07,В срок
SHP002639,2025-02-02,Казань,Санкт-Петербург,Железная дорога,,4,4,3265.34,В срок
SHP007846,2025-05-20,Москва,Новосибирск,Авиа,53.4,3,2,16785.24,В срок
SHP000949,2025-12-15,Москва,Пермь,Авиа,329.1,2,2,10139.32,В срок
SHP002390,2025-05-14,Москва,Ростов-на-Дону,Авто,447.7,3,7,3496.23,Задержка
SHP003883,2025-11-25,Казань,Новосибирск,Авиа,192.3,3,3,13687.82,В срок
SHP001425,2025-02-01,Казань,Новосибирск,Авиа,817.4,3,3,17044.6,В срок
SHP001653,2025-01-26,санкт-петербург,Екатеринбург,Авто,576.3,5,5,5355.73,В срок
SHP004571,2025-01-03,Новосибирск,Казань,Железная дорога,202.9,5,9,4426.85,Задержка
SHP006535,2025-08-28,Санкт-Петербург,Екатеринбург,Авто,317.9,5,5,4960.5,В срок
SHP004323,2025-06-12,Москва,Казань,Авто,233.8,3,3,2489.93,В срок
SHP002018,2025-04-02,Новосибирск,Самара,Железная дорога,145.4,5,5,4534.37,В срок
SHP006243,2025-01-29,Москва,Санкт-Петербург,,666.1,2,2,10211.81,В срок
SHP003586,2025-04-30,Москва,Санкт-Петербург,Авто,91.5,3,3,2237.64,В срок
SHP001718,2025-12-20,Новосибирск,Санкт-Петербург,Железная дорога,552.6,7,7,5916.87,В срок
SHP003118,2025-05-13,Санкт-Петербург,Нижний Новгород,Железная дорога,136.3,4,4,2759.1,В срок
SHP009164,2025-01-13,Екатеринбург,Новосибирск,Авиа,117.7,2,2,9661.98,В срок
SHP005118,2025-06-24,Москва,Казань,Авто,218.6,3,5,2699.85,Задержка
SHP005524,2025-01-13,Москва,Самара,Железная дорога,350.0,4,4,3136.29,В срок
SHP001406,2025-07-17,Москва,Пермь,Авто,258.7,4,7,4009.65,Задержка
SHP003216,2025-03-13,Москва,Нижний Новгород,Авто,962.5,2,5,4201.47,Задержка
SHP008122,2025-06-20,Санкт-Петербург,Ростов-на-Дону,Железная дорога,790.2,5,5,4114.31,В срок
SHP003156,2025-07-03,Санкт-Петербург,Новосибирск,Авиа,292.0,3,3,16949.18,В срок
SHP001919,2025-05-07,Казань,Нижний Новгород,Авто,129.3,2,2,1627.4,В срок
SHP006780,2025-06-11,Екатеринбург,Москва,Авто,385.4,4,6,4238.08,Задержка
SHP003706,2025-09-15,Москва,Уфа,Авто,59.4,4,3,3268.0,В срок
SHP002290,2025-06-16,Москва,Нижний Новгород,Авто,300.2,2,2,2327.99,В срок
SHP000481,2025-11-15,Казань,Нижний Новгород,Авто,519.4,2,2,2757.72,В срок
SHP000814,2025-01-09,Москва,Санкт-Петербург,Железная дорога,225.6,3,3,2768.43,В срок
SHP000751,2025-08-23,Москва,Екатеринбург,Железная дорога,543.5,4,4,3771.07,В срок
SHP005706,2025-07-01,Москва,Нижний Новгород,Авто,282.1,2,2,2223.97,В срок
SHP000050,2025-06-08,Казань,Ростов-на-Дону,Авто,334.7,4,4,3902.52,В срок
SHP004382,2025-06-07,Москва,Уфа,Железная дорога,162.2,4,4,3199.9,В срок
SHP009582,2025-06-08,Новосибирск,Москва,Железная дорога,103.6,45,5,5334.99,В срок
SHP000234,2025-03-11,Москва,Екатеринбург,Авто,217.3,4,4,4363.92,В срок
SHP005275,2025-06-08,Москва,Казань,Авто,261.1,3,6,3195.74,Задержка
SHP005700,2025-09-03,Москва,Уфа,Авто,142.0,4,4,3492.02,В срок
SHP008650,2025-04-13,Санкт-Петербург,Пермь,Железная дорога,524.1,5,5,4209.7,В срок
SHP008680,2025-08-10,Казань,Москва,Авто,375.7,3,2,3543.74,В срок
SHP002027,2025-12-27,Москва,Ростов-на-Дону,Железная дорога,698.5,4,4,3467.18,В срок
SHP000428,2025-03-27,Санкт-Петербург,Самара,Авто,182.6,4,4,4002.92,В срок
SHP008002,2025-05-16,Санкт-Петербург,Нижний Новгород,Авиа,1038.6,2,3,12357.51,Задержка
SHP007904,2025-06-08,Москва,Санкт-Петербург,Железная дорога,161.1,3,3,2821.74,В срок
SHP001682,2025-02-22,Москва,Уфа,Железная дорога,98.1,4,3,2927.44,В срок
SHP004044,2025-09-30,Казань,Санкт-Петербург,Авто,270.9,4,8,4355.94,Задержка
SHP009829,2025-09-20,Москва,Пермь,Железная дорога,580.4,4,4,3846.63,В срок
SHP003938,2025-12-25,Екатеринбург,Москва,Авиа,231.0,2,2,10626.68,В срок
SHP004381,2025-06-27,Новосибирск,Екатеринбург,Железная дорога,271.2,4,4,3681.62,В срок
SHP007437,2025-07-20,Новосибирск,Москва,Авиа,75.5,3,3,16676.44,В срок
SHP004652,2025-04-22,Москва,Новосибирск,Авиа,620.5,3,3,20381.62,В срок
SHP000493,2025-05-07,Новосибирск,Ростов-на-Дону,Железная дорога,127.8,7,7,5346.98,В срок
SHP005575,2025-03-01,Санкт-Петербург,Самара,Авиа,175.3,2,2,8734.77,В срок
SHP006350,2025-01-07,Екатеринбург,Уфа,Авто,211.8,2,2,2212.45,В срок
SHP003234,2025-11-07,Новосибирск,Самара,Железная дорога,255.9,5,5,4909.63,В срок
SHP000169,2025-11-16,Екатеринбург,Казань,Авиа,323.3,2,1,7925.28,В срок
SHP006461,2025-03-24,Москва,Ростов-на-Дону,Авто,368.5,3,3,3792.8,В срок
SHP000061,2025-09-12,Екатеринбург,Москва,Железная дорога,424.0,4,8,3718.11,Задержка
SHP007971,2025-03-17,Казань,Санкт-Петербург,Железная дорога,72.3,4,3,3364.7,В срок
SHP009464,2025-02-05,Санкт-Петербург,Самара,Железная дорога,316.5,4,4,3902.24,В срок
SHP006060,2025-09-10,Москва,Пермь,Авто,,4,4,3632.03,В срок
SHP006145,2025-09-05,Казань,Екатеринбург,Авто,154.9,3,3,3015.94,В срок
SHP005648,2025-09-11,Новосибирск,Пермь,Авто,50000.0,5,5,4343.99,В срок
SHP009739,2025-07-28,Новосибирск,Москва,Авто,121.4,7,7,6730.5,В срок
SHP005417,2025-11-02,Москва,Екатеринбург,Авиа,145.9,2,1,9664.3,В срок
SHP004981,2025-02-09,Москва,Екатеринбург,Авто,439.8,4,4,4717.5,В срок
SHP000653,2025-03-03,Санкт-Петербург,Казань,Железная дорога,433.6,4,7,3368.05,Задержка
SHP008967,2025-05-04,Москва,Казань,Авто,54.9,3,3,2474.45,В срок
SHP007804,2025-05-13,Екатеринбург,Новосибирск,Железная дорога,271.6,4,4,3910.74,В срок
SHP000764,2025-06-03,Казань,Пермь,Авто,432.6,2,2,2898.64,В срок
SHP008105,2025-06-10,Москва,Казань,Авто,310.8,3,2,3292.44,В срок
SHP008308,2025-09-19,Санкт-Петербург,Пермь,Железная дорога,362.6,5,5,4329.69,В срок
SHP004987,2025-03-17,Новосибирск,Санкт-Петербург,Авиа,398.1,3,3,19850.16,В срок
SHP000206,2025-06-22,Москва,Новосибирск,Железная дорога,284.5,6,6,5993.69,В срок
SHP001441,2025-04-16,Москва,Новосибирск,Железная дорога,819.1,6,6,5944.98,В срок
SHP005208,2025-12-02,Москва,Казань,Железная дорога,802.7,3,4,3475.33,Задержка
SHP001155,2025-02-08,Казань,Екатеринбург,Железная дорога,314.9,3,3,2621.9,В срок
SHP007010,2025-10-13,Екатеринбург,Москва,Авто,449.9,4,7,5015.12,Задержка
SHP007773,2025-08-28,Санкт-Петербург,Уфа,Авиа,327.0,2,2,11790.27,В срок
SHP007666,2025-12-14,Москва,Самара,Железная дорога,329.3,4,6,3351.92,Задержка
SHP007001,2025-07-21,Санкт-Петербург,Казань,Железная дорога,189.1,4,7,2866.36,Задержка
SHP009123,2025-12-24,Москва,Екатеринбург,Авто,62.9,4,4,4136.52,В срок
SHP004710,2025-03-23,Москва,Екатеринбург,Авиа,145.4,2,2,10805.32,В срок
SHP003152,2025-12-11,Москва,Екатеринбург,Железная дорога,258.8,4,8,3716.49,Задержка
SHP004275,2025-01-31,Новосибирск,Уфа,Авиа,188.5,2,6,11272.44,Задержка
SHP001632,2025-03-18,Санкт-Петербург,Самара,Железная дорога,492.8,4,4,3978.5,В срок
SHP008846,2025-12-17,Новосибирск,Ростов-на-Дону,Авиа,81.6,3,3,17388.55,В срок
SHP008320,2025-07-21,Москва,Пермь,Авиа,508.4,2,5,9894.74,Задержка
SHP000563,2025-02-16,Новосибирск,Екатеринбург,Авто,276.5,4,4,4038.76,В срок
SHP006009,2025-04-14,Москва,Пермь,Авто,1034.8,4,5,5680.13,Задержка
SHP003668,2025-04-21,Москва,Ростов-на-Дону,Железная дорога,73.4,4,8,2766.46,Задержка
SHP004362,2025-07-10,Новосибирск,Казань,Авиа,486.5,3,3,14840.96,В срок
SHP002599,2025-02-22,Москва,Екатеринбург,Авиа,176.9,2,2,10733.31,В срок
SHP009965,2025-02-27,Москва,Екатеринбург,ж/д,898.3,4,4,4840.76,В срок
SHP000194,2025-07-28,Санкт-Петербург,Уфа,Авто,238.6,5,5,4658.48,В срок
SHP000112,2025-03-23,Москва,Самара,Авиа,138.3,2,2,6977.65,В срок
SHP009561,2025-01-27,Новосибирск,Екатеринбург,Авиа,163.3,2,2,8876.21,В срок
SHP007778,2025-12-14,Москва,Ростов-на-Дону,Железная дорога,191.8,4,6,2748.79,Задержка
SHP005294,2025-03-12,Казань,Ростов-на-Дону,Железная дорога,291.5,4,4,3617.91,В срок
SHP005448,2025-06-04,Москва,Пермь,Авиа,205.6,2,4,9874.47,Задержка
SHP000696,2025-06-12,Москва,Нижний Новгород,Авто,121.2,2,2,1843.47,В срок
SHP004583,2025-09-27,Санкт-Петербург,Самара,Авто,139.9,4,4,3763.36,В срок
SHP009774,2025-02-17,Екатеринбург,Санкт-Петербург,Авиа,186.8,2,2,10864.6,В срок
SHP005266,2025-06-23,Санкт-Петербург,Екатеринбург,Авто,371.9,5,6,5607.88,Задержка
SHP002850,2025-09-09,Казань,Екатеринбург,Авто,303.6,3,3,3006.66,В срок
SHP004906,2025-06-02,Екатеринбург,Ростов-на-Дону,Авто,227.6,5,9,4640.31,Задержка
SHP006765,2025-03-16,Новосибирск,Казань,Железная дорога,318.4,5,5,4712.81,В срок
SHP009017,2025-01-13,Москва,Казань,Авиа,139.1,2,1,7031.12,В срок
SHP005277,2025-03-01,Екатеринбург,Новосибирск,Авиа,417.0,2,2,12643.4,В срок
SHP002103,2025-11-07,Санкт-Петербург,Пермь,Железная дорога,742.9,5,5,4503.41,В срок
SHP003065,2025-09-10,Москва,Уфа,Авто,316.3,4,4,3551.58,В срок
SHP002199,2025-12-05,Екатеринбург,Пермь,Железная дорога,257.7,3,4,2103.28,Задержка
SHP003165,2025-09-01,Москва,Пермь,Авто,446.4,4,6,4722.25,Задержка
SHP007411,2025-05-08,Екатеринбург,Ростов-на-Дону,Железная дорога,851.1,5,5,5212.21,В срок
SHP008231,2025-04-11,Москва,Санкт-Петербург,Авто,101.5,3,7,2232.51,Задержка
SHP006054,2025-06-28,Екатеринбург,Новосибирск,Авто,942.9,4,4,5882.38,В срок
SHP007707,2025-04-01,Санкт-Петербург,Уфа,Авто,121.3,5,6,4349.91,Задержка
SHP009377,2025-03-04,Екатеринбург,Казань,Авто,578.8,3,3,3382.85,В срок
SHP005394,2025-12-12,Екатеринбург,Уфа,Железная дорога,389.5,3,3,2436.75,В срок
SHP005205,2025-11-18,Санкт-Петербург,Ростов-на-Дону,Авто,164.6,4,7,4395.66,Задержка
SHP000115,2025-03-08,Екатеринбург,Пермь,Авто,151.2,2,1,1939.94,Задержка
SHP002275,2025-04-14,Казань,Москва,Железная дорога,432.4,3,3,3436.08,В срок
SHP004264,2025-07-19,Екатеринбург,Казань,Авто,328.0,3,2,3126.77,В срок
SHP003451,2025-06-14,Екатеринбург,Ростов-на-Дону,Авиа,332.6,2,2,13917.25,В срок
SHP004523,2025-07-18,Казань,Уфа,Железная дорога,166.6,3,3,2480.0,В срок
SHP004295,2025-02-28,Москва,Новосибирск,Железная дорога,555.5,6,6,5961.01,В срок
SHP001563,2025-03-29,Москва,Нижний Новгород,Авто,729.1,2,4,3257.8,Задержка
SHP006052,2025-10-28,Екатеринбург,Нижний Новгород,Железная дорога,864.0,4,5,3673.44,Задержка
SHP000603,2025-02-10,Екатеринбург,Ростов-на-Дону,Авто,193.1,5,5,5217.79,В срок
SHP007696,2025-11-26,Москва,Пермь,Железная дорога,1190.1,4,7,4905.1,Задержка
SHP003880,2025-03-13,Москва,Пермь,Железная дорога,86.2,4,7,3215.52,Задержка
SHP001812,2025-08-11,Казань,Самара,Авто,602.1,2,2,2970.15,В срок
SHP000193,2025-07-08,Казань,Екатеринбург,Авто,100.0,3,3,2505.92,в срок 
SHP009926,2025-01-12,Санкт-Петербург,Ростов-на-Дону,Железная дорога,128.9,5,5,3577.18,В срок
SHP003961,2025-01-03,Москва,Казань,Железная дорога,555.3,3,6,2720.75,Задержка
SHP008902,2025-09-19,Екатеринбург,Санкт-Петербург,Авиа,564.2,2,2,13584.61,В срок
SHP002459,2025-05-06,Москва,Уфа,Авиа,210.5,2,2,8894.02,В срок
SHP005126,11.05.2025,Екатеринбург,Новосибирск,Авто,166.8,4,4,3839.2,В срок
SHP006508,2025-10-02,Екатеринбург,Уфа,Авто,337.1,2,3,2247.96,Задержка
SHP003068,2025-06-24,Москва,Санкт-Петербург,Авто,363.7,3,3,3066.01,В срок
SHP008333,2025-03-01,Казань,Москва,Авто,100.9,3,3,2360.13,В срок
SHP002487,2025-09-27,Москва,Казань,Авто,200.4,3,3,2610.31,В срок
SHP001378,2025-03-29,Екатеринбург,Казань,Авто,75.0,3,3,2533.01,В срок
SHP006448,2025-06-03,Москва,Ростов-на-Дону,Авто,645.1,3,3,4332.95,В срок
SHP000836,2025-03-03,Москва,Санкт-Петербург,Железная дорога,171.2,3,3,2427.73,В срок
SHP009208,2025-02-01,Москва,Нижний Новгород,Железная дорога,346.5,3,3,2491.27,В срок
SHP007777,2025-10-13,Санкт-Петербург,Пермь,Железная дорога,734.3,5,8,4672.88,Задержка
SHP009216,2025-12-22,Казань,Санкт-Петербург,Железная дорога,1616.9,4,3,5339.52,В срок
SHP009301,2025-06-05,Москва,Санкт-Петербург,Железная дорога,103.0,3,3,2787.05,В срок
SHP003003,2025-06-11,Санкт-Петербург,Уфа,Железная дорога,884.1,5,9,4691.36,Задержка
SHP000188,2025-01-06,Екатеринбург,Нижний Новгород,Авто,216.8,3,5,2853.44,Задержка
SHP000268,2025-04-13,Санкт-Петербург,Москва,Авто,280.0,3,5,2934.68,Задержка
SHP006443,2025-05-08,Санкт-Петербург,Пермь,Железная дорога,251.6,5,5,3579.75,В срок
SHP002022,2025-01-18,Москва,Самара,Авто,321.5,3,2,3264.13,В срок
SHP007731,2025-11-14,Казань,Уфа,Авто,240.9,2,2,2486.4,В срок
SHP004718,2025-07-09,Новосибирск,Казань,Авиа,496.7,3,3,13677.96,В срок
SHP004720,2025-12-17,Москва,Самара,Авиа,228.1,2,2,7312.77,В срок
SHP000210,2025-11-02,Москва,Казань,Авиа,470.7,2,1,9438.71,В срок
SHP004591,2025-04-07,Москва,Пермь,Железная дорога,203.3,4,4,3068.7,В срок
SHP008672,2025-07-16,Новосибирск,Казань,Железная дорога,218.6,5,5,5210.14,В срок
SHP007269,2025-04-19,Москва,Уфа,Авто,1246.3,4,4,5907.0,В срок
SHP001066,2025-12-08,Москва,Казань,Авто,,3,3,3212.74,В срок
SHP005160,2025-01-02,Екатеринбург,Ростов-на-Дону,Железная дорога,213.4,5,9,3712.58,Задержка
SHP007213,2025-07-24,Санкт-Петербург,Пермь,Железная дорога,177.5,5,5,3860.68,В срок
SHP002999,2025-05-31,Санкт-Петербург,Нижний Новгород,Железная дорога,298.3,4,8,3313.77,Задержка
SHP006886,2025-04-22,Санкт-Петербург,Самара,Железная дорога,164.1,4,4,3794.43,В срок
SHP007022,2025-11-04,Новосибирск,Ростов-на-Дону,Железная дорога,682.5,7,10,7420.41,Задержка
SHP001901,2025-01-22,Москва,Уфа,Авто,382.3,4,5,4126.78,Задержка
SHP007548,2025-01-29,Санкт-Петербург,Нижний Новгород,Авто,510.5,3,3,3727.73,В срок
SHP007533,2025-11-23,Санкт-Петербург,Москва,Железная дорога,193.4,3,60,2714.28,В срок
SHP002342,2025-08-18,Санкт-Петербург,Казань,Железная дорога,582.7,4,4,4077.55,В срок
SHP004621,2025-03-30,Новосибирск,Нижний Новгород,Авиа,754.8,3,3,18663.91,В срок
SHP006620,2025-03-12,Казань,Нижний Новгород,Железная дорога,189.8,3,3,2414.16,В срок
SHP009939,2025-10-19,Екатеринбург,Пермь,Авто,626.7,2,1,2477.35,В срок
SHP004842,2025-07-21,Новосибирск,Москва,Железная дорога,578.3,6,6,6167.01,В срок
SHP001603,2025-01-28,Санкт-Петербург,Москва,Авто,646.3,3,5,3618.57,Задержка
SHP002914,2025-02-07,Екатеринбург,Казань,Авто,265.9,3,3,2752.91,В срок
SHP007289,2025-02-16,Новосибирск,Самара,Авиа,251.9,3,2,14600.09,В срок
SHP002490,2025-03-22,Москва,Пермь,Железная дорога,124.6,4,4,3014.84,В срок
SHP005570,2025-07-19,Москва,Казань,Авто,619.2,3,7,3630.68,Задержка
SHP008637,2025-05-30,Москва,Уфа,Железная дорога,38.8,4,4,3114.0,В срок
SHP001828,2025-12-21,Санкт-Петербург,Нижний Новгород,Железная дорога,274.0,4,8,2882.77,Задержка
SHP009946,2025-01-16,Казань,Самара,Авто,389.3,2,1,2240.45,В срок
SHP003055,2025-02-12,Москва,Пермь,Авто,234.2,4,4,3503.37,В срок
SHP008728,2025-01-29,Санкт-Петербург,Уфа,Авиа,221.3,2,5,11485.34,Задержка
SHP001004,2025-10-25,Москва,Пермь,Авто,206.5,4,5,3288.19,Задержка
SHP002019,2025-07-06,Москва,Новосибирск,Железная дорога,100.7,6,6,5000.32,В срок
SHP002568,2025-03-06,Екатеринбург,Нижний Новгород,Авто,489.1,3,5,3875.99,Задержка
SHP005185,2025-03-01,Новосибирск,Санкт-Петербург,Авиа,249.5,3,3,16864.88,В срок
SHP005460,2025-07-18,Санкт-Петербург,Казань,Железная дорога,407.6,4,4,3618.31,В срок
SHP009353,2025-08-31,Москва,Казань,Авто,150.8,3,3,2700.75,В срок
SHP009005,2025-12-07,Москва,Нижний Новгород,Железная дорога,109.0,3,3,1977.51,В срок
SHP006098,2025-07-01,Екатеринбург,Новосибирск,Железная дорога,615.3,4,8,4409.67,Задержка
SHP007188,2025-06-04,Екатеринбург,Пермь,Авто,319.8,2,4,2150.47,Задержка
SHP007969,2025-09-21,Москва,Казань,Авто,434.7,3,3,3127.13,В срок
SHP004865,2025-01-02,Екатеринбург,Казань,Авиа,285.8,2,6,8505.22,Задержка
SHP008819,2025-08-25,Екатеринбург,Казань,Авто,392.1,3,3,2963.27,В срок
SHP005819,2025-04-04,Москва,Самара,Авто,133.1,3,3,2730.69,В срок
SHP007426,2025-03-24,Новосибирск,Ростов-на-Дону,Авиа,72.7,3,3,17062.73,в срок 
SHP005886,2025-04-10,Санкт-Петербург,Самара,Авто,277.8,4,4,4256.59,В срок
SHP000806,2025-05-14,Новосибирск,Ростов-на-Дону,Железная дорога,1169.1,7,7,7646.95,В срок
SHP009462,2025-10-22,Москва,Самара,Авиа,194.3,2,2,6999.26,В срок
SHP007031,2025-03-16,Новосибирск,Пермь,Железная дорога,340.0,5,5,4198.71,В срок
SHP006011,2025-05-13, екатеринбург,Новосибирск,Авиа,286.7,2,1,10628.18,В срок
SHP008228,2025-01-07,Екатеринбург,Уфа,Авто,293.4,2,2,2425.3,В срок
SHP004568,2025-07-14,Екатеринбург,Казань,Железная дорога,83.9,3,3,2696.06,В срок
SHP004502,2025-11-15,Новосибирск,Казань,Авиа,348.3,3,3,13944.3,В срок
SHP009028,2025-07-01,Екатеринбург,Москва,Авиа,207.7,2,2,9938.78,В срок
SHP008091,2025-10-25,Москва,Ростов-на-Дону,Железная дорога,110.1,4,4,2760.11,В срок
SHP008478,2025-01-07,Санкт-Петербург,Самара,Авиа,245.4,2,5,9986.44,Задержка
SHP004946,2025-06-22,Екатеринбург,Нижний Новгород,Железная дорога,200.8,4,4,2902.74,В срок
SHP008620,2025-08-31,Москва,Пермь,Железная дорога,465.1,4,4,3649.43,В срок
SHP007897,2025-10-10,Москва,Ростов-на-Дону,Железная дорога,783.6,4,4,3697.8,В срок
SHP001229,2025-09-11,Москва,Санкт-Петербург,Авто,151.9,3,3,2516.34,В срок
SHP002645,2025-11-27,Екатеринбург,Москва,Авто,50000.0,4,4,4180.12,В срок
SHP001940,2025-05-07,Казань,Екатеринбург,Авто,132.8,3,3,2733.15,В срок
SHP008423,2025-04-03,Санкт-Петербург,Казань,Авиа,895.8,2,1,12984.07,В срок
SHP008015,2025-04-20,Екатеринбург,Пермь,Авто,73.1,2,2,1728.3,В срок
SHP003603,2025-10-24,Санкт-Петербург,Самара,Авто,417.0,4,4,4720.42,В срок
SHP005796,2025-02-27,Санкт-Петербург,Москва,Железная дорога,524.6,3,3,2935.5,В срок
SHP006797,2025-12-14,Москва,Ростов-на-Дону,Железная дорога,222.6,4,5,2876.56,Задержка
SHP000167,2025-03-16,Москва,Екатеринбург,Железная дорога,360.4,4,3,3765.99,В срок
SHP000178,2025-05-17,Казань,Новосибирск,Железная дорога,375.2,5,5,5108.63,В срок
SHP008632,2025-01-07,Екатеринбург,Казань,Авто,806.3,3,3,4579.15,В срок
SHP000976,2025-11-22,Новосибирск,Казань,Авиа,37.6,3,4,13271.74,Задержка
SHP008751,2025-08-16,Екатеринбург,Москва,Железная дорога,607.2,4,8,4732.06,Задержка
SHP000329,2025-01-14,Москва,Санкт-Петербург,Железная дорога,74.8,3,3,2566.46,В срок
SHP003384,2025-03-18,Москва,Самара,Авто,525.5,3,3,4005.15,В срок
SHP001817,2025-04-12,санкт-петербург,Уфа,Авиа,251.6,2,2,11116.94,В срок
SHP001186,2025-03-08,Москва,Казань,Авто,393.9,3,3,2935.32,В срок
SHP009085,2025-12-02,Екатеринбург,Ростов-на-Дону,Авто,455.8,5,4,4874.55,В срок
SHP007990,2025-11-21,Санкт-Петербург,Ростов-на-Дону,Железная дорога,398.1,5,5,4283.89,В срок
SHP008410,2025-05-20,Санкт-Петербург,Уфа,Железная дорога,445.7,5,6,4354.19,Задержка
SHP009424,2025-02-02,Москва,Ростов-на-Дону,Железная дорога,138.6,4,4,2934.68,В срок
SHP006479,2025-05-23,Новосибирск,Самара,Железная дорога,282.1,5,6,4423.21,Задержка
SHP008023,2025-08-22,Новосибирск,Москва,Авиа,151.4,3,3,15248.72,В срок
SHP004771,2025-05-23,Москва,Самара,Железная дорога,1112.8,4,4,4551.9,В срок
SHP001315,2025-01-24,Новосибирск,Ростов-на-Дону,Авиа,111.7,3,2,14754.78,В срок
SHP005855,2025-08-11,Санкт-Петербург,Екатеринбург,Авиа,294.4,2,2,12638.53,В срок
SHP001669,2025-05-25,Москва,Новосибирск,Железная дорога,98.5,6,6,5751.82,В срок
SHP007075,2025-08-28,Москва,Новосибирск,Авиа,448.4,3,3,999999.0,В срок
SHP007231,2025-05-25,Екатеринбург,Самара,Авто,479.5,3,3,3648.59,В срок
SHP003766,2025-02-14,Новосибирск,Санкт-Петербург,Авиа,189.9,3,3,18741.88,В срок
SHP009662,30.03.2025,Казань,Нижний Новгород,Железная дорога,94.4,3,2,2209.51,В срок
SHP002332,2025-11-28,Москва,Уфа,Железная дорога,257.7,4,4,3883.57,В срок
SHP000082,2025-02-18,Казань,Санкт-Петербург,Авто,473.9,4,3,3923.75,В срок
SHP008246,2025-02-28,Москва,Уфа,Авто,816.9,4,7,5261.48,Задержка
SHP005975,2025-01-30,Москва,Новосибирск,Авиа,336.6,3,7,18334.44,Задержка
SHP008697,2025-03-11,Москва,Санкт-Петербург,Авто,251.5,3,3,2671.58,В срок
SHP000114,2025-10-06,Москва,Екатеринбург,Авто,259.4,4,4,3621.42,В срок
SHP005157,2025-11-17,Екатеринбург,Нижний Новгород,Авиа,139.0,2,2,8122.2,В срок
SHP003631,2025-08-23,Казань,Санкт-Петербург,Авто,108.3,4,4,3215.81,В срок
SHP005820,2025-02-24,Москва,Екатеринбург,Железная дорога,222.6,4,4,4012.67,В срок
SHP002578,2025-07-30,Москва,Пермь,Авто,197.6,4,4,3683.46,В срок
SHP005792,2025-02-15,Москва,Санкт-Петербург,Железная дорога,149.7,3,6,2701.88,Задержка
SHP007648,2025-05-19,Санкт-Петербург,Казань,Авиа,613.6,2,2,12178.33,В срок
SHP000425,2025-01-07,Казань,Уфа,Железная дорога,178.6,3,3,2131.57,В срок
SHP002016,2025-03-14,Екатеринбург,Уфа,Авто,1275.9,2,5,4647.58,Задержка
SHP008563,2025-06-15,Москва,Новосибирск,Железная дорога,189.7,6,8,5349.26,Задержка
SHP004441,2025-07-11,Санкт-Петербург,Ростов-на-Дону,Железная дорога,176.8,5,5,3605.81,В срок
SHP000310,2025-05-27,Москва,Пермь,Авто,701.7,4,4,5060.15,В срок
SHP006909,2025-11-30,Екатеринбург,Уфа,Авто,217.5,2,4,2342.6,Задержка
SHP000920,2025-10-03,Новосибирск,Санкт-Петербург,Авиа,357.7,3,7,15667.04,Задержка
SHP002173,2025-03-30,Москва,Санкт-Петербург,Авиа,135.6,2,2,6102.17,В срок
SHP008497,2025-02-08,Санкт-Петербург,Новосибирск,Авиа,229.7,3,3,17810.57,В срок
SHP000393,26.06.2025,Москва,Уфа,Железная дорога,332.6,4,4,3426.59,В срок
SHP008067,2025-02-26,Екатеринбург,Новосибирск,Авто,628.7,4,4,4883.1,В срок
SHP004802,2025-03-17,Санкт-Петербург,Ростов-на-Дону,Авиа,118.9,2,1,10116.78,В срок
SHP005989,2025-10-05,Москва,Ростов-на-Дону,Авиа,263.8,2,2,7877.12,В срок
SHP005932,2025-03-11,Москва,Самара,Железная дорога,322.9,4,4,2970.26,В срок
SHP005049,2025-10-01,Санкт-Петербург,Ростов-на-Дону,Железная дорога,890.0,5,5,5211.16,В срок
SHP007649,2025-10-11,Москва,Пермь,Железная дорога,134.9,4,4,2492.53,В срок
SHP008732,2025-12-24,Москва,Ростов-на-Дону,Железная дорога,228.4,4,5,2943.24,Задержка
SHP002183,2025-11-13,Казань,Уфа,Авто,296.5,2,2,2438.84,В срок
SHP001714,2025-07-09,Екатеринбург,Ростов-на-Дону,Авто,288.6,5,9,4572.87,Задержка
SHP006521,2025-06-24,Санкт-Петербург,Нижний Новгород,Железная дорога,273.0,4,4,2895.47,В срок
SHP004567,2025-01-02,Москва,Самара,Железная дорога,746.2,4,4,3565.49,В срок
SHP009831,2025-08-28,Москва,Санкт-Петербург,Авто,120.0,3,3,2471.99,В срок
SHP002415,2025-04-03,Екатеринбург,Пермь,Авто,302.0,2,1,2257.36,В срок
SHP000337,2025-01-03,Новосибирск,Самара,Авиа,76.1,3,3,12175.83,В срок
SHP001752,2025-09-20,Казань,Новосибирск,Железная дорога,205.3,5,5,4222.44,В срок
SHP001594,2025-06-28,Москва,Пермь,Авиа,200.5,2,1,8698.73,В срок
SHP005586,2025-03-18,Москва,Пермь,Авто,252.1,4,4,3682.4,В срок
SHP003570,2025-01-20,Казань,Самара,Авиа,1052.1,2,2,9517.4,В срок
SHP002448,2025-11-09,Екатеринбург,Уфа,Авто,1492.7,2,3,5202.95,Задержка
SHP001153,2025-04-18,Москва,Нижний Новгород,Авто,396.0,2,1,2685.11,В срок
SHP000955,2025-11-24,Новосибирск,Казань,Железная дорога,305.0,5,5,4852.64,В срок
SHP003066,2025-09-16,Новосибирск,Уфа,Авто,340.5,5,5,5162.2,В срок
SHP008345,2025-06-09,Москва,Пермь,Авиа,558.7,2,2,10372.67,В срок
SHP004894,2025-11-10,Москва,Уфа,Авто,120.9,4,3,3273.06,В срок
SHP004090,28.11.2025,Екатеринбург,Уфа,Авто,140.7,2,2,2091.1,В срок
SHP002827,2025-11-06,Санкт-Петербург,Ростов-на-Дону,Железная дорога,187.0,5,5,3214.64,В срок
SHP004904,2025-05-02,Казань,Нижний Новгород,Железная дорога,691.1,3,3,3055.8,В срок
SHP009866,2025-01-14,Санкт-Петербург,Ростов-на-Дону,Железная дорога,107.0,5,5,3805.68,В срок
SHP007067,2025-12-29,Москва,Самара,Авиа,140.0,2,6,8291.58,Задержка
SHP004625,2025-07-05,Новосибирск,Уфа,Железная дорога,265.6,5,5,4045.42,В срок
SHP003526,2025-05-30,Москва,Нижний Новгород,Авто,207.1,2,2,2121.0,В срок
SHP000140,2025-02-22,Москва,Уфа,Авиа,387.5,2,3,10093.85,Задержка
SHP008974,2025-08-06,Екатеринбург,Санкт-Петербург,Авто,312.4,5,5,5635.01,В срок
SHP001723,2025-11-07,Москва,Нижний Новгород,Авто,354.4,2,1,2547.49,В срок
SHP009597,22.05.2025,Москва,Новосибирск,Авиа,164.8,3,3,17002.54,В срок
SHP003658,2025-08-17,Москва,Казань,Железная дорога,711.0,3,3,3730.06,В срок
SHP008205,2025-12-31,Казань,Ростов-на-Дону,Авто,367.7,4,4,3786.13,В срок
SHP006306,2025-10-10,Екатеринбург,Москва,Железная дорога,316.2,4,5,4361.65,Задержка
SHP006748,2025-11-09,Москва,Екатеринбург,Авто,245.1,4,5,4253.2,Задержка
SHP009526,07.04.2025,Москва,Екатеринбург,Авто,216.2,4,4,3847.01,В срок
SHP005226,2025-10-28, москва ,Санкт-Петербург,Железная дорога,111.7,3,3,2212.14,В срок
SHP005074,2025-04-12,Москва,Ростов-на-Дону,Авто,1040.9,3,3,5146.11,В срок
SHP005982,2025-10-07,Казань,Самара,Авто,249.1,2,6,1788.07,Задержка
SHP008039,2025-09-21,Москва,Нижний Новгород,Авиа,225.3,2,6,6380.89,Задержка
SHP004874,2025-05-29,Москва,Пермь,Железная дорога,93.3,4,4,3332.36,В срок
SHP005869,2025-01-08,Москва,Санкт-Петербург,Железная дорога,362.6,3,4,2915.68,Задержка
SHP000259,2025-01-27,Екатеринбург,Санкт-Петербург,Авто,196.6,5,5,4422.03,В срок
SHP009651,2025-08-13,Москва,Казань,Авиа,141.1,2,2,,В срок
SHP003979,2025-11-12,Казань,Новосибирск,Авиа,130.8,3,3,12422.69,В срок
SHP002551,2025-11-28,Москва,Казань,Авиа,102.0,2,3,6608.99,Задержка
SHP008208,2025-12-23,Новосибирск,Нижний Новгород,Железная дорога,489.0,6,6,5251.73,В срок
SHP006344,2025-03-19,Москва,Нижний Новгород,Авто,205.3,2,6,2265.56,Задержка
SHP002788,2025-10-31,Екатеринбург,Пермь,Авто,273.7,2,2,2119.5,В срок
SHP006913,2025-01-31,Казань,Санкт-Петербург,Авто,620.0,4,6,4841.43,Задержка
SHP006807,2025-06-04,Москва,Казань,Авиа,531.8,2,2,9070.07,В срок
SHP001283,2025-01-25,Санкт-Петербург,Ростов-на-Дону,Авиа,103.2,45,2,10554.57,В срок
SHP000442,2025-11-23,Казань,Екатеринбург,Авто,73.3,3,3,2444.01,В срок
SHP009451,2025-10-04,Казань,Екатеринбург,Авто,381.5,3,4,3697.18,Задержка
SHP007459,2025-11-09,Москва,Казань,Железная дорога,203.2,3,2,2740.8,В срок
SHP001509,2025-08-30,Казань,Ростов-на-Дону,Железная дорога,794.5,4,5,4565.12,Задержка
SHP008363,2025-09-17,Москва,Уфа,Железная дорога,107.6,4,4,2973.25,в срок 
SHP001822,2025-07-07,Санкт-Петербург,Самара,Авиа,1096.8,2,2,15373.29,В срок
SHP005960,2025-11-01,Москва,Уфа,Авто,332.2,4,3,3716.97,В срок
SHP007048,2025-01-24,Казань,Екатеринбург,Авто,245.2,3,3,2881.05,В срок
SHP003833,2025-08-15,Казань,Пермь,Авто,388.9,2,6,2968.74,Задержка
SHP008885,2025-07-18,Москва,Пермь,Железная дорога,116.2,4,4,3175.11,В срок
SHP004203,2025-12-23,Москва,Ростов-на-Дону,Авиа,223.1,2,2,8009.9,В срок
SHP000190,2025-11-12,Москва,Пермь,Железная дорога,346.8,4,6,3498.86,Задержка
SHP003468,2025-03-25,Москва,Новосибирск,Авиа,117.4,3,5,16720.44,Задержка
SHP005385,2025-01-12,Москва,Казань,Авто,428.2,3,3,3373.29,В срок
SHP006940,2025-11-23,Санкт-Петербург,Казань,Авто,124.1,4,4,3716.07,В срок
SHP001275,2025-04-16,Казань,Москва,Железная дорога,958.1,3,3,3935.78,В срок
SHP004201,2025-05-02,Екатеринбург,Москва,Авто,288.7,4,7,4355.65,Задержка
SHP002800,2025-10-25,Москва,Пермь,Железная дорога,289.8,4,4,3298.26,В срок
SHP005336,2025-04-14,Екатеринбург,Уфа,Авто,106.4,2,2,1833.86,В срок
SHP008547,2025-06-22,Санкт-Петербург,Уфа,Железная дорога,240.2,5,5,4074.57,В срок
SHP003304,2025-09-03,Москва,Пермь,Железная дорога,604.3,4,7,,Задержка
SHP009492,2025-10-07,Новосибирск,Уфа,авто ,90.3,5,5,4496.06,В срок
SHP009806,2025-12-04,Москва,Ростов-на-Дону,Авто,426.4,3,3,3752.37,В срок
SHP003428,2025-12-02,Москва,Екатеринбург,Авиа,357.3,2,2,12471.5,В срок
SHP005001,2025-03-23,Екатеринбург,Казань,Авто,265.2,3,3,2914.23,В срок
SHP002611,2025-11-11,Москва,Санкт-Петербург,Авто,425.4,3,5,3261.43,Задержка
SHP009917,2025-02-08,Санкт-Петербург,Ростов-на-Дону,Авто,259.2,4,4,4852.82,В срок
SHP008962,2025-01-10,Москва,Екатеринбург,Авто,123.3,4,3,3968.42,В срок
SHP006567,2025-10-10,Екатеринбург,Новосибирск,Железная дорога,357.5,4,4,3780.42,В срок
SHP004554,2025-10-26,Санкт-Петербург,Казань,Железная дорога,787.1,4,4,4742.14,В срок
SHP001097,2025-05-17,Новосибирск,Ростов-на-Дону,Железная дорога,360.6,7,11,5909.13,Задержка
SHP009078,2025-03-21,Москва,Пермь,Авто,100.3,4,4,3354.07,В срок
SHP008706,2025-01-27,Екатеринбург,Самара,Авто,80.2,3,5,2444.78,Задержка
SHP009023,2025-06-27,Москва,Новосибирск,Железная дорога,212.8,6,6,4862.06,В срок
SHP006883,2025-05-30,Москва,Пермь,Авто,741.2,4,3,5014.53,В срок
SHP005962,2025-02-08,Москва,Пермь,Авто,123.6,4,4,3322.58,В срок
SHP002703,2025-07-09,Новосибирск,Нижний Новгород,Железная дорога,163.8,6,5,4333.77,В срок
SHP001083,2025-03-22,Санкт-Петербург,Пермь,Железная дорога,328.5,5,4,3742.7,В срок
SHP002726,2025-12-29,Казань,Ростов-на-Дону,Авто,108.2,4,4,3432.98,В срок
SHP006275,2025-09-15,Санкт-Петербург,Москва,Авто,118.5,3,5,2233.27,Задержка
SHP003469,2025-10-10,Москва,Ростов-на-Дону,Авто,365.0,3,3,3193.21,В срок
SHP000866,2025-10-07,Москва,Санкт-Петербург,Железная дорога,1538.2,3,7,4830.42,Задержка
SHP003132,2025-02-02,Казань,Пермь,Авто,337.7,2,2,2835.54,В срок
SHP007769,2025-05-15,Екатеринбург,Пермь,Авто,919.8,2,3,3685.03,Задержка
SHP005366,2025-01-26,Москва,Пермь,Железная дорога,305.8,4,4,3824.56,В срок
SHP002642,2025-02-23,Санкт-Петербург,Ростов-на-Дону,Железная дорога,515.2,5,5,4579.73,В срок
SHP000819,2025-07-07,Москва,Казань,Авто,152.8,3,3,2483.8,В срок
SHP000675,2025-04-18,Казань,Новосибирск,Железная дорога,205.0,5,5,4458.76,В срок
SHP004099,2025-10-02,Новосибирск,Ростов-на-Дону,Железная дорога,225.1,7,6,5630.73,В срок
SHP004891,2025-05-09,Москва,Пермь,Авто,50000.0,4,4,3640.59,В срок
SHP007364,2025-12-29,Новосибирск,Пермь,Авто,135.8,5,9,3953.59,Задержка
SHP009257,26.08.2025,Москва,Пермь,Авиа,197.7,2,2,9383.1,В срок
SHP000954,2025-01-28,Москва,Пермь,Авто,1526.4,4,8,7554.73,Задержка
SHP005138,2025-04-15,Санкт-Петербург,Уфа,Авто,286.4,5,4,5004.04,В срок
SHP003688,2025-07-07,Москва,Новосибирск,Железная дорога,254.4,6,6,5248.61,В срок
SHP000859,2025-01-24,Санкт-Петербург,Нижний Новгород,Железная дорога,221.9,4,5,3030.59,Задержка
SHP002838,2025-02-26,Казань,уфа ,Железная дорога,449.0,3,2,2760.0,В срок
SHP005731,2025-04-17,Москва,Уфа,Авто,370.4,4,3,4356.09,В срок
SHP004459,2025-09-10,Москва,Ростов-на-Дону,Железная дорога,259.9,4,3,3040.1,В срок
SHP004686,2025-06-07,Екатеринбург,Самара,Железная дорога,173.4,4,4,2304.32,В срок
SHP004760,2025-03-24,Новосибирск,Уфа,Авто,166.6,5,5,5523.49,В срок
SHP000869,2025-09-19,Санкт-Петербург,Самара,Авто,146.6,4,4,3247.03,В срок
SHP001941,2025-01-08,Казань,Ростов-на-Дону,Железная дорога,901.2,4,7,4709.84,Задержка
SHP000545,2025-09-22,Казань,Самара,Авиа,82.3,2,2,4293.35,В срок
SHP006089,2025-07-21,Екатеринбург,Нижний Новгород,Авто,664.2,3,3,4498.6,В срок
SHP000665,2025-04-13,Москва,Самара,Железная дорога,518.1,4,3,3424.51,В срок
SHP000763,2025-07-03,Казань,Самара,Авто,203.7,2,2,1946.26,В срок
SHP000570,2025-11-27,Москва,Уфа,Авиа,136.5,2,2,8582.66,В срок
SHP000693,2025-02-18,новосибирск ,Самара,Авто,203.7,6,6,5399.06,В срок
SHP007540,2025-07-29,Санкт-Петербург,Москва,Авто,216.3,3,3,2565.68,В срок
SHP006489,2025-06-26,Москва,Ростов-на-Дону,Авто,244.9,3,4,3466.84,Задержка
SHP009921,2025-03-09,Екатеринбург,Самара,Авиа,167.6,2,1,6833.34,В срок
SHP006276,2025-01-06,Екатеринбург,Новосибирск,Железная дорога,116.7,4,5,3214.77,Задержка
SHP008223,2025-08-14,Москва,Нижний Новгород,Авто,91.7,2,5,1909.66,Задержка
SHP005522,2025-03-10,Москва,Самара,Железная дорога,149.2,4,4,2759.14,В срок
SHP001400,2025-01-11,Екатеринбург,Самара,Авто,468.6,3,3,3984.27,В срок
SHP008754,2025-09-10,Казань,Новосибирск,Авиа,253.3,3,3,14121.56,В срок
SHP001744,2025-05-30,Москва,Пермь,Железная дорога,118.6,4,4,3138.75,Задержка
SHP007607,2025-04-25,Санкт-Петербург,Новосибирск,Железная дорога,359.2,7,7,6833.77,В срок
SHP009802,2025-07-12,Новосибирск,Самара,Железная дорога,238.7,5,5,4529.21,В срок
SHP009471,2025-11-16,Москва,Санкт-Петербург,Авто,312.0,3,3,2968.79,В срок
SHP002321,2025-03-30,Новосибирск,Нижний Новгород,Железная дорога,1184.8,6,8,6903.26,Задержка
SHP007049,2025-08-08,Санкт-Петербург,Уфа,Авто,106.2,5,7,4370.68,Задержка
SHP001312,2025-11-22,Москва,Нижний Новгород,Авто,561.5,2,2,3072.4,В срок
SHP002507,2025-08-04,Санкт-Петербург,Нижний Новгород,Авиа,1000.0,2,2,12599.48,В срок
SHP002389,2025-02-21,Москва,Новосибирск,Железная дорога,231.4,6,7,4795.35,Задержка
SHP007658,2025-05-06,Казань,Екатеринбург,Железная дорога,199.5,3,7,2523.99,Задержка
SHP005808,2025-01-27,Санкт-Петербург,Уфа,Авто,246.9,5,9,5090.63,Задержка
SHP000214,2025-12-14,Екатеринбург,Самара,Авиа,392.9,2,2,8933.52,В срок
SHP007265,2025-11-03,Москва,Ростов-на-Дону,Авиа,247.4,2,2,9252.77,В срок
SHP003196,2025-07-15,Екатеринбург,Ростов-на-Дону,Железная дорога,475.4,5,5,4249.29,В срок
SHP009945,2025-09-12,Екатеринбург,САМАРА,Железная дорога,538.6,4,4,3094.38,В срок
SHP006437,2025-08-01,Москва,Ростов-на-Дону,Авто,161.3,3,3,3080.39,В срок
SHP008982,2025-02-07,Казань,Москва,Авто,209.3,3,4,2783.64,Задержка
SHP004416,2025-10-10,Москва,Самара,Железная дорога,252.8,4,4,2880.64,В срок
SHP005734,2025-10-05,Санкт-Петербург,Самара,Авиа,102.3,2,2,10840.55,В срок
SHP001608,2025-08-11,Москва,Казань,Авто,509.1,3,2,3549.24,В срок
SHP000039,2025-11-25,Москва,Екатеринбург,Авиа,334.0,2,2,11765.78,В срок
SHP002992,2025-08-18,Казань,Нижний Новгород,Авиа,148.9,2,2,5337.26,В срок
SHP001988,2025-11-06,Санкт-Петербург,Новосибирск,Авиа,306.0,3,3,21961.12,В срок
SHP003120,2025-02-11,Москва,Ростов-на-Дону,Авто,781.3,3,3,4655.17,В срок
SHP002464,2025-09-05,Москва,Самара,Авиа,199.3,2,2,9154.53,В срок
SHP006041,2025-01-01,Москва,Уфа,Авто,394.7,4,3,4252.55,В срок
SHP003597,2025-04-05,Москва,Самара,Железная дорога,163.4,4,4,2923.88,В срок
SHP009653,2025-09-14,Казань,Самара,Железная дорога,255.7,3,3,2198.91,В срок
SHP006915,2025-09-17,Москва,Новосибирск,Авиа,489.5,3,3,18199.27,В срок
SHP000783,2025-10-31,Санкт-Петербург,Уфа,Авто,104.5,5,7,4218.63,Задержка
SHP005333,2025-05-30,Новосибирск,Санкт-Петербург,Авиа,132.9,3,3,20695.71,В срок
SHP000276,2025-12-12,Москва,Санкт-Петербург,Авто,755.7,3,3,3617.52,В срок
SHP007890,2025-11-28,Москва,Казань,Железная дорога,81.0,3,4,2501.17,Задержка
SHP003326,2025-08-10,Казань,Пермь,Авиа,259.0,2,2,6197.61,В срок
SHP009523,2025-01-30,Казань,Нижний Новгород,Авто,92.0,2,2,1743.9,В срок
SHP002679,2025-04-06,Москва,Пермь,Железная дорога,179.0,4,8,2740.33,Задержка
SHP005028,2025-02-11,Москва,Ростов-на-Дону,Железная дорога,205.7,4,4,3033.28,В срок
SHP005217,2025-08-28,Санкт-Петербург,Москва,Железная дорога,163.3,3,3,2485.4,В срок
SHP008643,2025-12-02,Москва,Новосибирск,Авто,78.7,7,7,6741.48,В срок
SHP007806,2025-03-05,Санкт-Петербург,Казань,Железная дорога,284.6,4,4,3681.48,В срок
SHP006938,2025-10-20,Новосибирск,Пермь,Железная дорога,196.4,5,5,3870.17,В срок
SHP006750,2025-09-23,Новосибирск,Москва,Авиа,792.1,3,3,21799.46,В срок
SHP003802,2025-05-16,Санкт-Петербург,Москва,Авто,289.4,3,3,2882.28,В срок
SHP000215,2025-11-25,Москва,Новосибирск,Авиа,435.3,3,3,17831.94,В срок
SHP003552,2025-06-18,Москва,Новосибирск,Авиа,399.7,3,3,16418.96,В срок
SHP009323,2025-04-05,Казань,Новосибирск,Железная дорога,352.5,5,5,4325.42,В срок
SHP001865,2025-02-04,Казань,Новосибирск,Авто,952.3,6,6,6767.34,В срок
SHP008335,2025-03-09,Москва,Екатеринбург,Авиа,262.2,2,1,10726.98,В срок
SHP002519,2025-10-23,Москва,санкт-петербург,Авто,1107.0,3,3,4406.82,В срок
SHP004900,2025-05-17,Санкт-Петербург,Ростов-на-Дону,Авто,312.7,4,4,4997.65,В срок
SHP004144,2025-05-05,Москва,Ростов-на-Дону,Авто,90.7,3,3,2661.26,В срок
SHP007914,2025-06-26,Москва,Новосибирск,Железная дорога,703.3,6,6,6064.6,В срок
SHP007579,2025-09-24,Казань,Екатеринбург,Авто,271.4,3,3,2970.95,В срок
SHP006864,2025-09-05,Санкт-Петербург,Екатеринбург,Железная дорога,318.4,5,5,4455.92,В срок
SHP007334,2025-04-25,Санкт-Петербург,Москва,Авто,314.8,3,3,2913.73,В срок
SHP004190,2025-12-22,Санкт-Петербург,Новосибирск,Авто,327.1,7,6,7638.3,В срок
SHP008696,2025-04-01,Санкт-Петербург,Нижний Новгород,Авто,411.9,3,3,3488.43,В срок
SHP000781,2025-03-24,Казань,Уфа,Авто,102.0,2,2,2020.45,В срок
SHP001498,2025-12-21,Санкт-Петербург,Самара,Авиа,255.9,2,1,10185.01,В срок
SHP000085,2025-07-27,Москва,Самара,Авто,48.8,3,3,2632.96,В срок
SHP005998,2025-12-25,Новосибирск,Москва,Авиа,640.1,3,3,17558.6,В срок
SHP002947,2025-07-24,Казань,Пермь,Авто,71.2,2,2,1868.77,В срок
SHP003291,2025-01-13,Санкт-Петербург,Уфа,Железная дорога,353.5,5,6,3994.52,Задержка
SHP003748,2025-06-14,Санкт-Петербург,Нижний Новгород,Авто,182.5,3,5,3402.48,Задержка
SHP004829,2025-04-18,Новосибирск,Ростов-на-Дону,Авиа,139.2,3,3,18847.7,В срок
SHP000297,2025-06-14,Москва,Казань,Железная дорога,295.2,3,5,2904.17,Задержка
SHP003595,2025-09-13,Екатеринбург,Самара,Железная дорога,462.5,4,5,2408.23,Задержка
SHP003275,2025-12-22,Москва,Санкт-Петербург,Железная дорога,71.7,3,3,2558.84,В срок
SHP001952,2025-06-15,Новосибирск,Самара,Железная дорога,221.2,5,5,4277.31,В срок
SHP004603,2025-08-11,Екатеринбург,Казань,Авто,39.6,3,3,2398.15,В срок
SHP005936,2025-05-21,Новосибирск,Уфа,Железная дорога,123.2,5,5,4419.86,В срок
SHP009265,2025-03-02,Санкт-Петербург,Казань,Авто,148.5,4,4,3620.97,В срок
SHP006100,2025-05-17,Екатеринбург,Новосибирск,Авиа,121.8,2,2,9693.35,В срок
SHP001945,2025-05-25,Санкт-Петербург,Казань,Железная дорога,216.7,4,4,3209.82,В срок
SHP002854,2025-12-26,Екатеринбург,Самара,Авто,156.4,3,3,2713.81,В срок
SHP002855,2025-09-23,Москва,Нижний Новгород,Авто,165.1,2,2,2038.75,В срок
SHP006131,2025-10-20,Екатеринбург,Уфа,Железная дорога,204.5,3,2,2185.68,В срок
SHP009555,2025-08-12,Санкт-Петербург,Нижний Новгород,Железная дорога,96.1,4,4,3193.44,В срок
SHP002364,2025-10-12,Казань,Екатеринбург,Авиа,93.3,2,1,6611.72,В срок
SHP006113,2025-07-31,Новосибирск,Казань,Авиа,146.1,3,3,13938.49,В срок
SHP003877,2025-06-23,Москва,Ростов-на-Дону,Железная дорога,119.4,4,4,2824.71,В срок
SHP008907,2025-12-22,Москва,Казань,Железная дорога,349.3,3,3,3064.28,В срок
SHP008155,2025-11-17,Москва,Санкт-Петербург,Железная дорога,29.0,3,2,2234.69,В срок
SHP002398,2025-03-05,Новосибирск,Нижний Новгород,Железная дорога,124.9,6,10,5119.99,Задержка
SHP003753,2025-07-15,Новосибирск,Ростов-на-Дону,Железная дорога,258.0,7,7,6964.76,В срок
SHP002491,2025-09-08,Екатеринбург,Москва,Железная дорога,136.4,4,5,3441.67,Задержка
SHP003113,2025-09-27,Москва,Пермь,Железная дорога,359.7,4,4,3493.46,В срок
SHP002471,2025-01-07,Москва,Казань,Авто,241.8,3,2,2808.12,В срок
SHP002405,2025-09-18,Москва,Санкт-Петербург,Авто,309.7,3,6,2848.94,Задержка
SHP009715,2025-11-29,Новосибирск,Самара,Железная дорога,231.3,5,5,4600.75,В срок
SHP005000,2025-03-22,Москва,Пермь,Авиа,180.0,2,2,8375.12,В срок
SHP004666,2025-08-04,Казань,Москва,Авто,836.6,3,3,4823.85,В срок
SHP001627,2025-10-20,Екатеринбург,Самара,Авто,209.9,3,3,2848.68,В срок
SHP002767,2025-05-12,Екатеринбург,Новосибирск,Авиа,1243.3,2,2,15900.27,В срок
SHP007394,2025-01-11,Санкт-Петербург,Пермь,Железная дорога,145.7,5,5,3555.76,В срок
SHP005283,2025-08-28,Казань,Екатеринбург,Железная дорога,224.9,3,3,2654.95,В срок
SHP006825,2025-04-26,Москва,Санкт-Петербург,Железная дорога,160.8,3,7,2671.63,Задержка
SHP002446,2025-03-14,Москва,Екатеринбург,Авто,209.8,4,4,3817.38,В срок
SHP002145,2025-06-10,Казань,Нижний Новгород,Авто,190.6,2,5,1916.64,Задержка
SHP005169,2025-09-20,Москва,Казань,Железная дорога,1327.6,3,3,4960.93,В срок
SHP004008,2025-12-01,Екатеринбург,Пермь,Авиа,755.2,2,2,7877.65,В срок
SHP008676,2025-09-29,Москва,Новосибирск,Авиа,550.2,3,3,18547.48,В срок
SHP005765,2025-07-26,Казань,Санкт-Петербург,Авто,534.7,4,6,4044.03,Задержка
SHP006281,2025-03-11,Москва,Санкт-Петербург,Авто,337.3,3,6,2751.81,Задержка
SHP003263,2025-02-11,Казань,Самара,Авто,454.1,2,2,2671.48,В срок
SHP009873,2025-05-21,Екатеринбург,Санкт-Петербург,Железная дорога,655.3,5,5,4596.81,В срок
SHP006415,2025-05-11,Санкт-Петербург,Екатеринбург,Авто,300.4,5,5,4509.79,В срок
SHP004852,2025-07-20,Москва,Новосибирск,Авиа,708.9,3,2,19240.63,В срок
SHP008452,2025-02-24,Новосибирск,Пермь,Авто,1007.9,5,5,6813.06,В срок
SHP000939,2025-11-21,Москва,Ростов-на-Дону,Авиа,361.6,2,2,9819.82,В срок
SHP009925,2025-06-18,Санкт-Петербург,Екатеринбург,Авиа,671.7,2,2,14325.91,В срок
SHP007111,2025-03-11,Екатеринбург,Казань,Авто,169.8,3,3,2847.8,В срок
SHP006358,2025-04-18,Екатеринбург,Казань,Железная дорога,141.0,3,3,2760.93,В срок
SHP000839,2025-04-07,Москва,Пермь,Авто,755.2,4,4,4824.36,В срок
SHP001320,2025-08-23,Санкт-Петербург,Казань,Железная дорога,267.5,4,4,3650.33,В срок
SHP004604,2025-01-07,Казань,Новосибирск,Авиа,644.7,3,7,16285.36,Задержка
SHP008685,2025-02-11,Санкт-Петербург,Ростов-на-Дону,Железная дорога,114.8,5,6,3640.87,Задержка
SHP004039,2025-10-06,Санкт-Петербург,Пермь,Железная дорога,329.3,5,9,3640.16,Задержка
SHP008586,2025-06-27,Екатеринбург,Нижний Новгород,Авиа,291.0,2,2,10024.98,В срок
SHP002360,2025-03-14,Санкт-Петербург,Нижний Новгород,Железная дорога,158.6,4,8,2928.08,Задержка
SHP007139,2025-08-21,Москва,Ростов-на-Дону,Авто,498.0,3,3,3974.78,В срок
SHP002743,2025-08-29,Санкт-Петербург,Новосибирск,Железная дорога,196.1,7,7,6092.57,В срок
SHP007987,2025-01-26,Москва,Екатеринбург,Авиа,212.6,2,4,9750.58,Задержка
SHP002658,2025-09-29,Москва,Нижний Новгород,Авто,172.4,2,2,2076.19,В срок
SHP006629,2025-08-17,Москва,Санкт-Петербург,Авто,263.4,3,3,2428.98,В срок
SHP008087,2025-07-11,Москва,Уфа,Авто,419.4,4,4,4022.98,В срок
SHP002007,2025-05-07,Екатеринбург,Новосибирск,Железная дорога,253.7,4,3,3733.44,В срок
SHP008651,2025-02-10,Москва,Екатеринбург,Железная дорога,190.3,4,4,3430.87,В срок
SHP007796,2025-11-29,Москва,Пермь,Железная дорога,149.2,4,4,3088.43,В срок
SHP006571,2025-12-14,Москва,Екатеринбург,Железная дорога,263.2,4,6,3973.16,Задержка
SHP002067,2025-02-04,Санкт-Петербург,Казань,Железная дорога,261.5,4,4,2987.99,В срок
SHP005729,2025-12-24,Москва,Нижний Новгород,Авто,150.0,2,2,1914.12,В срок
SHP003743,2025-05-11,Новосибирск,Пермь,Железная дорога,222.0,5,5,4351.62,В срок
SHP005206,2025-08-13,Новосибирск,Казань,Авиа,697.8,3,3,999999.0,В срок
SHP002453,2025-10-26,Екатеринбург,Пермь,Железная дорога,133.4,3,3,2059.01,В срок
SHP006691,2025-05-22,Москва,Пермь,Железная дорога,306.4,4,4,3232.72,В срок
SHP009053,2025-11-19,Новосибирск,Санкт-Петербург,Авиа,131.7,3,3,18028.83,В срок
SHP006962,2025-03-21,Казань,Москва,Авто,210.2,3,3,2756.99,В срок
SHP006664,2025-01-10,Москва,Санкт-Петербург,Авто,150.2,3,3,1983.48,В срок
SHP004452,2025-11-09,Казань,Пермь,Авто,67.8,2,1,2097.32,В срок
SHP009378,2025-12-23,Санкт-Петербург,Екатеринбург,Железная дорога,219.8,5,5,4207.79,В срок
SHP005915,2025-03-10,Казань,Самара,Авто,145.1,2,2,1588.74,В срок
SHP005306,2025-05-08,Москва,Ростов-на-Дону,Железная дорога,95.8,4,4,2874.38,В срок
SHP006820,2025-08-12,Москва,Самара,Железная дорога,197.2,4,4,2737.75,В срок
SHP009320,2025-06-03,Новосибирск,Москва,Авиа,540.2,3,3,17757.64,В срок
SHP008675,2025-08-18,Москва,Уфа,Железная дорога,869.2,4,4,3958.69,В срок
SHP000886,2025-06-15,Санкт-Петербург,Новосибирск,Авиа,179.9,3,2,19129.42,В срок
SHP005628,2025-02-12,Екатеринбург,Новосибирск,Железная дорога,692.9,4,8,4171.01,Задержка
SHP002971,2025-01-06,Москва,Казань,Железная дорога,246.9,3,3,2891.38,В срок
SHP005576,2025-07-14,Казань,Ростов-на-Дону,Железная дорога,199.9,4,4,3198.51,В срок
SHP006853,2025-07-28,Новосибирск,Уфа,Авто,503.7,5,5,5206.18,В срок
SHP009237,2025-12-16,Санкт-Петербург,Нижний Новгород,Железная дорога,435.1,4,4,3497.07,В срок
SHP008998,2025-06-07,Москва,Санкт-Петербург,Авто,274.8,3,3,2683.19,В срок
SHP001545,2025-08-06,Москва,Новосибирск,Авиа,169.8,3,3,16669.24,В срок
SHP006211,2025-07-25,Екатеринбург,Ростов-на-Дону,Авиа,143.6,2,2,11427.18,В срок
SHP009240,2025-10-12,Казань,Уфа,Железная дорога,189.8,3,3,2407.72,В срок
SHP001413,2025-02-07,Санкт-Петербург,Ростов-на-Дону,Авто,504.5,4,4,4881.81,В срок
SHP001695,2025-01-16,Москва,Екатеринбург,Железная дорога,237.7,4,4,3243.57,В срок
SHP001365,2025-12-18,Санкт-Петербург,Нижний Новгород,Железная дорога,115.1,4,4,2662.02,В срок
SHP005097,2025-07-11,Санкт-Петербург,Москва,Железная дорога,156.8,3,5,2386.1,Задержка
SHP006834,2025-07-18,Москва,Казань,Авто,430.5,3,3,3415.93,В срок
SHP005194,2025-09-18,Москва,Казань,Авто,853.4,3,3,4072.51,В срок
SHP003373,2025-11-19,Екатеринбург,Пермь,Авто,373.3,2,3,999999.0,Задержка
SHP001957,2025-10-28,Санкт-Петербург,Екатеринбург,Железная дорога,149.3,5,5,4246.86,В срок
SHP001393,2025-06-13,Москва,Ростов-на-Дону,Авто,71.5,3,3,2933.31,В срок
SHP003021,30.05.2025,Новосибирск,Уфа,Железная дорога,53.8,5,5,3847.89,В срок
SHP007614,2025-09-19,Новосибирск,Казань,Авиа,67.1,3,3,12309.55,В срок
SHP005378,2025-03-27,Москва,Ростов-на-Дону,Железная дорога,197.1,4,7,2920.65,Задержка
SHP002532,2025-05-01,Казань,Самара,Авто,215.2,2,2,2154.26,В срок
SHP003311,2025-03-24, москва ,Пермь,Железная дорога,193.3,4,4,3217.89,В срок
SHP006649,2025-07-06,Москва,Ростов-на-Дону,Авто,373.5,3,3,3695.87,В срок
SHP004854,2025-01-31,Москва,Ростов-на-Дону,Авто,382.9,3,5,3179.42,Задержка
SHP004669,2025-04-05,Казань, екатеринбург,Авто,137.1,3,3,2610.22,В срок
SHP000339,2025-05-04,Санкт-Петербург,Самара,Железная дорога,101.1,4,8,3317.57,Задержка
SHP002812,22.04.2025,Екатеринбург,Санкт-Петербург,Авиа,157.1,2,1,10878.88,В срок
SHP001008,2025-06-05,Москва,Пермь,Авиа,316.1,2,2,10244.36,В срок
SHP001777,2025-05-08,Новосибирск,Пермь,Авто,834.0,5,5,7198.66,В срок
SHP002841,2025-03-11,Новосибирск,Екатеринбург,Авто,105.3,4,4,3933.19,В срок
SHP001200,2025-02-09,Казань,Ростов-на-Дону,Железная дорога,121.4,4,8,3375.55,Задержка
SHP007684,2025-07-05,Москва,Уфа,Железная дорога,187.6,4,6,3558.79,Задержка
SHP000677,2025-09-24,Москва,Нижний Новгород,Авто,185.8,2,0,1994.28,В срок
SHP004076,2025-03-18,Москва,Екатеринбург,Авиа,164.4,2,2,9723.26,В срок
SHP005428,2025-08-23,Санкт-Петербург,Казань,Авто,327.2,4,4,3859.57,В срок
SHP005626,2025-03-28,Новосибирск,Нижний Новгород,Авиа,89.8,3,3,15078.42,В срок
SHP006410,2025-05-01,Новосибирск,Казань,Железная дорога,858.2,5,5,4633.28,В срок
SHP003315,2025-12-01,Москва,Казань,Авто,122.6,3,3,2521.51,В срок
SHP000723,2025-09-04,Москва,Нижний Новгород,Авто,224.4,2,2,1979.68,В срок
SHP000184,2025-01-01,Екатеринбург,Санкт-Петербург,Авиа,239.3,2,1,11051.57,В срок
SHP006639,2025-01-06,Санкт-Петербург,Пермь,Авто,235.4,4,8,4355.86,Задержка
SHP009839,2025-09-21,Москва,Санкт-Петербург,Авто,147.8,3,2,2369.22,В срок
SHP004534,2025-09-07,новосибирск ,Екатеринбург,Авто,488.2,4,6,4868.72,Задержка
SHP003939,2025-12-23,Москва,Казань,Авто,219.3,3,7,2444.08,Задержка
SHP001661,2025-08-19,Санкт-Петербург,Ростов-на-Дону,Авто,214.1,4,4,4439.37,В срок
SHP004284,2025-06-03,Москва,Новосибирск,Авиа,573.5,3,3,19605.0,В срок
SHP002687,2025-12-07,Москва,Нижний Новгород,Авто,909.3,2,2,3323.48,В срок
SHP005787,2025-04-19,Новосибирск,Санкт-Петербург,Авто,657.1,7,7,7741.61,В срок
SHP007872,2025-11-30,Казань,Новосибирск,Железная дорога,206.3,5,7,4315.86,Задержка
SHP008619,2025-12-24,Москва,Нижний Новгород,Авто,738.5,2,1,3259.63,В срок
SHP000666,2025-10-23,Новосибирск,Казань,Авиа,398.8,3,3,16539.61,В срок
SHP008629,2025-12-26,Москва,Нижний Новгород,Авто,416.1,2,2,2763.16,В срок
SHP002966,2025-09-09,Казань,Москва,Железная дорога,106.7,3,6,2705.29,Задержка
SHP005227,2025-04-10,Москва,Ростов-на-Дону,Авиа,204.4,2,2,7988.73,В срок
SHP007741,08.07.2025,Санкт-Петербург,Екатеринбург,Железная дорога,108.1,5,4,4371.29,В срок
SHP008572,2025-12-27,Москва,Санкт-Петербург,Авто,101.8,3,3,2062.71,В срок
SHP004147,16.07.2025,Екатеринбург,Ростов-на-Дону,Железная дорога,286.0,5,5,4347.3,В срок
SHP004672,2025-08-01,Екатеринбург,Самара,Железная дорога,404.9,4,8,3252.93,Задержка
SHP008866,2025-03-06,Санкт-Петербург,Уфа,Авто,135.8,5,6,4519.56,Задержка
SHP009282,2025-09-20,Казань,Санкт-Петербург,Авто,1265.4,4,5,6066.41,Задержка
SHP008349,2025-10-31,Санкт-Петербург,Москва,Железная дорога,298.8,3,2,2837.59,В срок
SHP008294,2025-07-07,Санкт-Петербург,Самара,Железная дорога,103.4,4,3,4008.15,В срок
SHP005641,2025-03-11,Новосибирск,Нижний Новгород,Железная дорога,513.8,6,5,5194.31,В срок
SHP009260,2025-05-05,Новосибирск,Самара,Авиа,138.6,3,3,13677.73,В срок
SHP002255,2025-11-24,Санкт-Петербург,Уфа,Железная дорога,81.4,5,5,3762.0,В срок
SHP007726,2025-07-23,Казань,Санкт-Петербург,Железная дорога,179.0,4,8,3483.26,Задержка
SHP004186,2025-10-13,Санкт-Петербург,Нижний Новгород,Железная дорога,202.8,4,3,3255.83,в срок 
SHP003429,2025-01-29,Москва,Екатеринбург,Железная дорога,81.8,4,6,3500.6,Задержка
SHP007544,2025-02-14,Екатеринбург,Ростов-на-Дону,Железная дорога,375.9,5,5,4647.01,В срок
SHP006068,2025-02-15,Москва,Самара,Железная дорога,144.7,4,6,2760.84,Задержка
SHP001489,2025-04-08,Москва,Новосибирск,Авто,45.1,7,9,6495.71,Задержка
SHP001257,2025-02-25,Москва,Казань,Авто,99.3,3,3,2553.74,В срок
SHP003257,2025-09-30,Москва,Новосибирск,Авиа,280.6,3,3,17356.85,В срок
SHP000129,2025-10-22,Москва,Екатеринбург,Авто,409.2,4,4,4670.03,В срок
SHP007842,2025-08-08,Москва,Казань,Авто,229.3,3,3,2371.99,В срок
SHP002813,2025-03-02,Москва,Казань,Авто,341.7,3,3,2871.59,В срок
SHP005548,2025-03-30,Казань,Москва,Авто,105.8,3,5,2441.91,Задержка
SHP009227,2025-12-05,Екатеринбург,Санкт-Петербург,Железная дорога,129.8,5,6,,Задержка
SHP002040,2025-09-17,Москва,Екатеринбург,Авиа,180.5,2,2,10348.05,В срок
SHP007961,2025-07-23,Санкт-Петербург,Екатеринбург,Авто,49.5,5,5,4237.36,В срок
SHP009558,2025-08-07,Екатеринбург,Новосибирск,Авто,120.8,4,4,3868.67,В срок
SHP008811,2025-05-11,Екатеринбург,Новосибирск,Железная дорога,339.8,4,4,3492.96,В срок
SHP003441,2025-03-04,Москва,Нижний Новгород,Авто,285.5,2,2,2228.36,В срок
SHP004075,2025-11-10,Москва,Новосибирск,Железная дорога,183.6,6,9,4763.23,Задержка
SHP009934,2025-01-08,Москва,Самара,Железная дорога,158.9,4,4,3020.36,В срок
SHP005359,2025-05-18,Екатеринбург,Пермь,Железная дорога,254.9,3,3,2123.6,В срок
SHP005300,2025-02-04,Санкт-Петербург,Екатеринбург,Железная дорога,779.0,5,5,5273.01,В срок
SHP001062,2025-05-26,Казань,Ростов-на-Дону,Железная дорога,655.0,4,4,3918.46,В срок
SHP007520,2025-06-12,Новосибирск,Самара,Железная дорога,145.9,5,5,4309.89,В срок
SHP009134,2025-07-21,Москва,Нижний Новгород,Железная дорога,224.3,3,3,2329.09,В срок
SHP003124,2025-06-14,Москва,Нижний Новгород,Авто,184.2,2,2,2068.66,В срок
SHP007183,08.10.2025,Москва,Санкт-Петербург,Авиа,1014.2,2,2,11220.9,В срок
SHP001455,2025-09-29,Санкт-Петербург,Ростов-на-Дону,Авто,292.7,4,4,4825.07,В срок
SHP009090,2025-02-16,Санкт-Петербург,Нижний Новгород,Железная дорога,423.2,4,4,3486.42,В срок
SHP009900,2025-08-19,Москва,Нижний Новгород,Авто,384.4,2,2,2619.82,В срок
SHP008449,2025-10-09,Москва,Екатеринбург,Авто,109.0,4,4,4090.2,В срок
SHP005419,2025-06-16,Москва,Пермь,Железная дорога,260.3,4,4,3573.29,В срок
SHP006212,2025-10-19,Москва,Самара,Авто,760.6,3,3,4498.27,В срок
SHP000118,2025-02-22,Санкт-Петербург,Казань,Авто,710.3,4,4,4511.78,В срок
SHP004934,2025-07-27,Новосибирск,Самара,Авто,34.0,6,6,5172.28,В срок
SHP002951,2025-07-01,Москва,Новосибирск,Железная дорога,724.8,6,6,6283.6,В срок
SHP004859,2025-11-14,Екатеринбург,Новосибирск,Авиа,87.3,2,2,11036.48,В срок
SHP004572,2025-06-19,Москва,Уфа,Авто,173.1,4,4,3504.54,В срок
SHP007277,2025-10-12,Москва,Новосибирск,Железная дорога,990.8,6,7,6113.5,Задержка
SHP003945,2025-12-12,Казань,Пермь,Авто,236.8,2,2,2510.54,В срок
SHP008393,2025-11-08,Санкт-Петербург,Самара,Авто,312.9,4,4,3438.22,В срок
SHP000876,2025-04-26,Санкт-Петербург,Новосибирск,Авиа,253.2,3,2,18120.46,В срок
SHP000807,2025-05-22,Екатеринбург,Санкт-Петербург,Авиа,280.6,2,2,12645.28,В срок
SHP000439,2025-07-31,Москва,Самара,Железная дорога,125.8,4,4,2533.79,В срок
SHP008897,2025-08-14,Москва,Пермь,Авто,163.6,4,4,3506.48,В срок
SHP008716,2025-04-22,Москва,Санкт-Петербург,Железная дорога,357.0,3,3,2653.24,В срок
SHP009758,2025-06-13,Санкт-Петербург,Самара,Железная дорога,252.0,4,6,3277.73,Задержка
SHP003479,2025-04-11,Санкт-Петербург,Ростов-на-Дону,Авто,1044.6,4,5,6006.15,Задержка
SHP007920,2025-09-08,Москва,Пермь,Железная дорога,291.4,4,4,3041.41,В срок
SHP009360,2025-06-05,Москва,Уфа,Авто,126.0,4,3,3402.82,В срок
SHP008660,2025-03-29,Казань,Нижний Новгород,Авто,357.7,2,3,2416.42,Задержка
SHP001725,2025-03-10,Москва,Екатеринбург,Железная дорога,265.3,4,0,4317.2,В срок
SHP002678,2025-01-20,Новосибирск,Уфа,Железная дорога,35.4,5,5,3658.71,В срок
SHP000043,2025-11-16,Екатеринбург,Ростов-на-Дону,Железная дорога,187.8,5,8,4362.62,Задержка
SHP000843,2025-03-02,Екатеринбург,Пермь,Авто,221.3,2,4,1770.02,Задержка
SHP005565,2025-11-21,Екатеринбург,Санкт-Петербург,Железная дорога,558.2,5,5,4872.59,В срок
SHP003747,2025-02-26,Москва,Нижний Новгород,Авто,209.7,2,1,2103.96,В срок
SHP000456,2025-06-02,Казань,Нижний Новгород,Авто,822.2,2,2,3744.42,В срок
SHP009544,2025-09-18,Москва,Самара,Железная дорога,261.9,4,3,3022.0,В срок
SHP000055,2025-05-17,Москва,Казань,Железная дорога,593.1,3,3,3392.2,Задержка
SHP009049,2025-02-18,Екатеринбург,Новосибирск,Авто,191.2,4,5,4622.47,Задержка
SHP004052,2025-08-05,Санкт-Петербург,Екатеринбург,Железная дорога,544.2,5,5,4513.8,В срок
SHP001550,2025-11-27,Санкт-Петербург,Уфа,Авто,732.4,5,5,5773.67,В срок
SHP004921,2025-10-27,Екатеринбург,Санкт-Петербург,Авто,279.0,5,7,4566.47,Задержка
SHP000544,2025-08-16,Екатеринбург,Казань,Железная дорога,1136.0,3,3,4342.58,В срок
SHP001566,2025-04-03,Москва,Ростов-на-Дону,Железная дорога,95.4,4,7,3108.76,Задержка
SHP006634,2025-03-27,Санкт-Петербург,Москва,Авто,164.1,3,3,2236.8,В срок
SHP001273,2025-03-09,Москва,Новосибирск,Железная дорога,366.1,6,6,5750.62,В срок
SHP005770,2025-05-20,Санкт-Петербург,Екатеринбург,Авто,306.4,5,5,5511.6,В срок
SHP009740,2025-08-05,Москва,Санкт-Петербург,Авто,477.2,3,6,3219.78,Задержка
SHP007244,2025-03-21,Новосибирск,Самара,Авиа,757.3,3,5,15385.11,Задержка
SHP000770,2025-12-22,Санкт-Петербург,Нижний Новгород,Железная дорога,289.1,4,5,3085.28,Задержка
SHP009572,2025-09-09,Москва,Новосибирск,Авиа,182.4,3,3,15592.75,В срок
SHP006933,2025-12-01,Москва,Уфа,Авиа,107.4,2,2,8587.04,В срок
SHP003730,2025-10-02,Москва,Казань,Авиа,99.6,2,2,7252.06,В срок
SHP003676,2025-04-09,Санкт-Петербург,Нижний Новгород,Железная дорога,227.5,4,3,2787.88,В срок
SHP006524,2025-10-03,Москва,Пермь,Авиа,147.5,2,2,8528.27,В срок
SHP007198,2025-01-03,Санкт-Петербург,Москва,Авто,159.9,3,3,2431.97,В срок
SHP001232,2025-03-02,Москва,Ростов-на-Дону,Авто,437.3,3,4,3595.86,Задержка
SHP007212,2025-02-18,Екатеринбург,Новосибирск,Железная дорога,536.5,4,4,3919.25,В срок
SHP001079,2025-05-08,Москва,Ростов-на-Дону,Железная дорога,97.5,4,3,3062.62,В срок
SHP006644,2025-10-29,Екатеринбург,Самара,Железная дорога,419.0,4,3,2850.35,В срок
SHP003771,2025-02-10,Москва,Пермь,Железная дорога,180.3,4,4,2989.72,В срок
SHP009229,2025-03-04,Москва,Нижний Новгород,Авто,164.0,2,1,2178.68,В срок
SHP009297,05.05.2025,Москва,Пермь,Авто,449.6,4,4,4323.42,В срок
SHP004606,2025-03-02,Казань,Ростов-на-Дону,Железная дорога,91.3,4,7,3110.09,Задержка
SHP000685,2025-07-20,Новосибирск,Уфа,Железная дорога,304.7,5,5,4134.25,В срок
SHP003249,2025-08-30,Москва,Самара,Авиа,674.2,2,2,9583.78,В срок
SHP009489,2025-05-20,Москва,Новосибирск,Железная дорога,74.6,6,6,5073.09,В срок
SHP004587,2025-05-27,Новосибирск,Москва,Авиа,198.4,3,3,17264.33,В срок
SHP006695,2025-03-28,Екатеринбург,Москва,Авто,272.7,4,4,4198.07,В срок
SHP004812,2025-02-05,Москва,Казань,Авто,160.1,3,3,2674.56,В срок
SHP003512,2025-03-20,Санкт-Петербург,Казань,Авиа,258.3,2,2,9341.84,В срок
SHP009283,2025-02-19,Новосибирск,Ростов-на-Дону,Авиа,44.9,3,3,16202.88,В срок
SHP000808,2025-11-02,Москва,Пермь,Железная дорога,833.2,4,4,4394.86,В срок
SHP005797,2025-02-24,Казань,Екатеринбург,Авто,113.8,3,3,2628.67,В срок
SHP000109,2025-12-04,Москва,Новосибирск,Железная дорога,482.1,6,6,5743.52,В срок
SHP002733,2025-11-02,Москва,Самара,Авто,213.7,3,3,3056.14,В срок
SHP005415,2025-12-12,Москва,Нижний Новгород,Авто,224.7,2,3,1968.85,Задержка
SHP002322,2025-11-07,Новосибирск,Казань,Авиа,470.8,3,3,16341.24,В срок
SHP007924,2025-04-23,Новосибирск,Екатеринбург,Авто,194.4,4,4,3995.21,В срок
SHP002305,2025-09-06,Новосибирск,Нижний Новгород,Авиа,71.3,3,7,13733.24,Задержка
SHP001146,2025-06-18,Москва,Ростов-на-Дону,Железная дорога,569.3,4,6,3700.59,Задержка
SHP001170,2025-05-14,Новосибирск,Уфа,Железная дорога,207.3,5,5,4440.25,В срок
SHP004334,2025-01-30,Москва,Екатеринбург,Авто,472.4,4,3,5035.68,В срок
SHP004748,2025-06-03,Санкт-Петербург,Пермь,Авто,118.3,4,4,3877.43,В срок
SHP003413,2025-02-20,Казань,Уфа,Авто,452.5,2,2,2868.59,В срок
SHP001150,2025-05-29,Новосибирск,Москва,Авиа,370.4,3,3,17543.12,В срок
SHP002858,2025-12-22,Москва,Казань,Железная дорога,193.2,3,2,2397.01,В срок
SHP005265,2025-08-01,Екатеринбург,Ростов-на-Дону,авто ,71.7,5,4,4610.16,В срок
SHP002378,2025-07-02,Казань,Новосибирск,Железная дорога,466.3,5,5,5060.46,В срок
SHP002058,2025-12-29,Москва,Нижний Новгород,Авто,921.4,2,5,4154.7,Задержка
SHP007915,2025-04-27,Санкт-Петербург,Самара,Железная дорога,416.0,4,4,4091.59,В срок
SHP008605,2025-01-28,Санкт-Петербург,Казань,Авто,1126.0,4,4,6421.02,В срок
SHP003519,2025-06-21,Москва,Самара,,193.1,4,4,3026.94,В срок
SHP006002,2025-07-28,Новосибирск,Ростов-на-Дону,Авиа,789.6,3,3,18895.28,В срок
SHP003770,2025-09-04,Москва,Казань,Авто,320.4,3,6,3188.3,Задержка
SHP001587,2025-10-06,Санкт-Петербург,Казань,Железная дорога,345.8,4,4,3672.54,В срок
SHP008659,2025-09-26,Москва,Казань,Авто,322.5,3,3,3078.74,В срок
SHP001528,2025-12-27,Екатеринбург,Новосибирск,Железная дорога,145.0,4,4,3655.58,В срок
SHP000872,2025-06-23,Москва,Уфа,Авто,113.3,4,4,3434.24,В срок
SHP006684,2025-07-02,Казань,Нижний Новгород,Авто,243.1,2,1,1782.27,В срок
SHP003173,2025-06-26,Новосибирск,Ростов-на-Дону,Железная дорога,1008.3,7,7,8161.1,В срок
SHP001626,2025-10-09,Москва,Нижний Новгород,Железная дорога,576.0,3,3,2980.82,В срок
SHP006267,2025-10-24,Санкт-Петербург,Самара,Авто,791.9,4,4,4716.76,В срок
SHP003139,2025-07-08,Санкт-Петербург,Казань,Авто,459.2,4,4,3766.72,В срок
SHP008939,2025-01-22,Москва,Санкт-Петербург,Авто,233.3,3,3,2572.88,В срок
SHP001402,2025-07-24,Казань,Уфа,Авто,552.2,2,2,3249.87,В срок
SHP003014,2025-04-08,Санкт-Петербург,Уфа,Авто,270.1,5,5,4434.91,В срок
SHP003011,2025-03-21,Москва,Самара,Авто,262.9,3,3,3354.75,В срок
SHP006313,2025-07-18,Санкт-Петербург,Уфа,Авиа,177.6,2,2,9422.92,В срок
SHP000358,2025-08-06,Новосибирск,Казань,Железная дорога,312.0,5,5,5231.44,В срок
SHP005334,2025-04-11,Санкт-Петербург,Самара,Железная дорога,101.0,4,4,3677.74,В срок
SHP002948,2025-04-24,Москва,Пермь,Авто,163.7,4,4,3909.76,В срок
SHP008542,2025-05-26,Москва,Нижний Новгород,Железная дорога,126.6,3,3,2438.11,В срок
SHP003506,2025-03-07,Санкт-Петербург,Пермь,Авто,560.6,4,4,5036.29,В срок
SHP008388,2025-11-24,Москва,Ростов-на-Дону,Авиа,375.9,2,1,8584.96,В срок
SHP009735,2025-04-05,Москва,Нижний Новгород,Авто,159.5,2,4,1899.85,Задержка
SHP000088,2025-06-25,Москва,Новосибирск,Авиа,87.4,3,6,14524.39,Задержка
SHP003284,2025-05-05,Новосибирск,Нижний Новгород,Авто,104.7,6,6,6034.82,В срок
SHP007715,2025-05-06,Москва,Ростов-на-Дону,Железная дорога,613.6,4,6,3364.98,Задержка
SHP009412,2025-06-02,Москва,Пермь,Авто,169.3,4,4,3594.03,В срок
SHP002724,2025-08-31,Москва,Уфа,Железная дорога,138.5,4,4,3173.09,В срок
SHP000147,2025-05-28,Санкт-Петербург,Пермь,Авиа,471.5,2,2,12748.53,В срок
SHP002105,2025-04-14,Москва,Самара,Авто,365.4,3,3,3641.14,В срок
SHP000771,2025-06-15,Москва,Уфа,Железная дорога,231.1,4,4,3031.82,В срок
SHP006169,2025-09-21,Санкт-Петербург,Ростов-на-Дону,Авиа,538.1,2,2,11593.9,В срок
SHP005338,2025-04-11,Екатеринбург,Москва,Авто,201.8,4,3,4511.71,В срок
SHP009375,2025-11-07,Новосибирск,Екатеринбург,Железная дорога,101.7,4,4,3395.44,В срок
SHP009088,2025-10-02,Москва,Пермь,Авто,266.9,4,8,3883.13,Задержка
SHP000902,2025-04-13,Санкт-Петербург,Уфа,Авто,320.1,5,5,4767.24,В срок
SHP003769,2025-09-02,Москва,Екатеринбург,Железная дорога,275.2,4,4,3759.04,В срок
SHP007553,2025-09-28,Екатеринбург,Санкт-Петербург,Авиа,310.8,2,1,12481.22,В срок
SHP000388,2025-08-07,Санкт-Петербург,Самара,Авто,1090.0,4,4,6256.87,В срок
SHP006316,2025-06-30,Москва,Пермь,Железная дорога,198.2,4,6,3169.73,Задержка
SHP009055,2025-03-30,Москва,Самара,Авиа,182.6,2,2,8156.0,В срок
SHP004141,2025-05-01,Санкт-Петербург,Казань,Железная дорога,634.5,4,7,3473.43,Задержка
SHP004746,2025-08-01,Казань,Новосибирск,Авто,232.5,6,6,5471.88,В срок
SHP007430,2025-10-05,Москва,Нижний Новгород,Железная дорога,200.1,3,3,2401.06,В срок
SHP001631,2025-08-13,Москва,Казань,Железная дорога,166.8,3,3,2423.76,В срок
SHP004361,2025-04-07,Екатеринбург,Новосибирск,Авто,334.0,4,5,4517.05,Задержка
SHP006019,2025-07-06,Новосибирск,Казань,Железная дорога,182.5,5,6,4760.1,Задержка
SHP002776,2025-01-26,Москва,Санкт-Петербург,Авто,223.4,3,3,2773.83,В срок
SHP003458,2025-06-29,Санкт-Петербург,Нижний Новгород,Железная дорога,244.1,4,4,3103.81,В срок
SHP007822,2025-07-29,Москва,Пермь,Авто,405.9,4,8,3930.5,Задержка
SHP005862,2025-05-23,Москва,Новосибирск,Железная дорога,414.8,6,5,5518.61,В срок
SHP001377,2025-10-01,Новосибирск,Пермь,Авто,566.6,5,5,6505.61,В срок
SHP008838,2025-10-06,Москва,Новосибирск,Авиа,465.0,3,7,17934.59,Задержка
SHP009912,2025-04-24,Новосибирск,Ростов-на-Дону,Авиа,,3,3,16378.44,В срок
SHP004638,2025-05-16,Новосибирск,Москва,Железная дорога,213.0,6,6,5677.59,В срок
SHP002382,2025-11-27,Казань,Москва,Авто,285.8,3,6,2749.82,Задержка
SHP006688,2025-11-02,Екатеринбург,Уфа,Железная дорога,120.1,3,3,2105.68,В срок
SHP000412,2025-05-07,Екатеринбург,Казань,Железная дорога,777.9,3,3,3668.16,В срок
SHP006309,2025-10-06,Санкт-Петербург,Казань,Авто,117.6,4,4,3395.8,В срок
SHP005305,2025-06-04,Москва,Самара,Железная дорога,251.9,4,4,2890.93,В срок
SHP008018,2025-10-19,Екатеринбург,Ростов-на-Дону,Авто,58.7,5,9,4670.72,Задержка
SHP003133,2025-11-09,Новосибирск,Уфа,Железная дорога,209.0,5,5,3835.99,В срок
SHP008591,2025-02-10,Москва,Уфа,Авиа,744.9,2,2,12480.24,В срок
SHP004115,2025-01-07,Санкт-Петербург,Казань,Авто,320.0,4,4,3919.92,В срок
SHP009637,2025-09-29,Новосибирск,Санкт-Петербург,Авиа,45.9,3,3,18248.83,В срок
SHP006575,2025-03-02,Москва,Пермь,Авиа,971.5,2,2,13027.46,В срок
SHP007088,2025-12-30,Москва,Нижний Новгород,Авто,343.8,2,2,2390.92,В срок
SHP001555,2025-07-05,Казань,Уфа,Авто,349.5,2,2,2430.05,В срок
SHP005535,2025-01-09,Москва,Казань,Авто,511.6,3,3,3608.54,В срок
SHP009605,2025-05-28,Москва,Екатеринбург,Железная дорога,305.2,4,4,3941.96,В срок
SHP000974,2025-04-23,Новосибирск,Самара,Железная дорога,218.8,5,5,4529.88,В срок
SHP009332,2025-11-28,Москва,Екатеринбург,Авто,290.0,4,4,4319.9,В срок
SHP005937,22.12.2025,Новосибирск,Самара,Авиа,119.7,3,7,13565.26,Задержка
SHP007270,2025-01-17,Москва,Новосибирск,Авиа,349.7,3,3,17717.48,В срок
SHP001685,2025-08-27,Казань,Новосибирск,Авиа,310.0,3,2,12683.89,В срок
SHP004705,2025-11-28,Казань,Ростов-на-Дону,Авто,82.4,4,4,2674.63,В срок
SHP006389,2025-02-27,Новосибирск,Казань,Железная дорога,199.3,5,4,5131.84,В срок
SHP004629,2025-01-03,Москва,Нижний Новгород,Железная дорога,342.4,3,5,2428.37,Задержка
SHP007497,2025-04-19,Новосибирск,Санкт-Петербург,Авиа,152.4,3,3,17956.64,В срок
SHP002944,2025-09-15,Екатеринбург,Нижний Новгород,Железная дорога,540.8,4,4,3910.46,В срок
SHP003889,2025-08-23,Новосибирск,Екатеринбург,Железная дорога,250.0,4,4,3640.51,В срок
SHP003232,2025-05-19,Казань,Екатеринбург,Авто,230.2,3,3,2616.06,В срок
SHP003901,2025-01-18,Екатеринбург,Новосибирск,,451.7,4,5,4484.99,Задержка
SHP006075,2025-04-12,Москва,Пермь,Железная дорога,395.1,4,4,3749.41,В срок
SHP000491,2025-12-29,Москва,Пермь,Авто,343.1,4,3,4349.29,В срок
SHP001173,2025-06-09,Екатеринбург,Ростов-на-Дону,Авто,155.9,5,5,4925.48,В срок
SHP004762,2025-09-05,Москва,Пермь,Железная дорога,221.6,4,4,3546.52,В срок
SHP004192,2025-08-06,Казань,Санкт-Петербург,Авто,804.9,4,5,5178.23,Задержка
SHP009674,2025-05-28,Казань,Санкт-Петербург,Авто,562.7,4,4,4340.02,В срок
SHP009594,2025-12-27,Москва,Новосибирск,Авиа,277.3,3,2,16787.72,В срок
SHP006716,2025-06-16,Санкт-Петербург,Новосибирск,Железная дорога,389.6,7,7,6301.23,В срок
SHP004060,2025-06-29,Санкт-Петербург,Ростов-на-Дону,Авто,305.0,4,4,5012.59,В срок
SHP006436,2025-01-22,Казань,Самара,Авто,271.5,2,1,2038.44,В срок
SHP006506,2025-11-09,Казань,Новосибирск,Авиа,768.5,3,3,16541.13,В срок
SHP002209,2025-09-07,Москва,Новосибирск,Железная дорога,215.7,6,6,5692.68,В срок
SHP000430,2025-10-22,Казань,Санкт-Петербург,Железная дорога,292.1,4,4,3480.16,В срок
SHP001726,2025-09-15,Новосибирск,Пермь,Авто,422.5,5,5,4714.13,В срок
SHP001254,2025-05-17,Москва,Самара,Авиа,36.3,2,2,7406.03,В срок
SHP006466,2025-01-22,Казань,Москва,Авто,371.2,3,2,3318.41,В срок
SHP005313,2025-08-13,Екатеринбург,Самара,Железная дорога,480.8,4,4,2868.81,В срок
SHP004856,2025-10-12,Москва,Пермь,Авто,110.3,4,3,3318.9,В срок
SHP002550,2025-09-28,Новосибирск,Екатеринбург,Железная дорога,,4,4,3849.66,В срок
SHP002749,2025-03-31,Москва,Нижний Новгород,Железная дорога,593.2,3,7,2789.64,Задержка
SHP009883,2025-04-25,Казань,Новосибирск,Железная дорога,253.6,5,5,4798.56,В срок
SHP007504,2025-07-09,Москва,Казань,Авто,728.3,3,3,4056.08,В срок
SHP001208,2025-08-04,Москва,Екатеринбург,Железная дорога,194.6,4,4,3506.72,В срок
SHP001024,2025-08-16,Санкт-Петербург,Пермь,Железная дорога,88.2,5,5,3653.09,В срок
SHP007933,2025-11-27,Москва,Новосибирск,Авиа,708.7,3,3,20048.83,В срок
SHP006226,2025-02-21,Москва,Самара,Авто,354.6,3,6,3134.66,Задержка
SHP005089,2025-09-04,Санкт-Петербург,Пермь,Авто,244.7,4,5,4013.19,Задержка
SHP002368,2025-09-14,Екатеринбург,Уфа,Авто,170.4,2,2,1977.0,В срок
SHP008541,2025-03-27, москва ,Нижний Новгород,Авто,444.5,2,2,2588.14,В срок
SHP000578,2025-11-05,Москва,Екатеринбург,Железная дорога,333.7,4,4,4527.41,В срок
SHP003837,2025-01-17,Москва,Самара,Железная дорога,513.8,4,4,3527.43,В срок
SHP007962,2025-08-04,Москва,Казань,Авто,522.3,3,3,3423.08,В срок
SHP002003,2025-01-18,Москва,Ростов-на-Дону,Железная дорога,795.3,4,4,3627.46,В срок
SHP001121,2025-09-03,Новосибирск,Ростов-на-Дону,Железная дорога,161.7,7,7,6625.82,В срок
SHP001171,2025-11-09,Казань,Москва,Железная дорога,117.1,3,3,2673.11,В срок
SHP000951,2025-10-04,Казань,Самара,Авто,241.9,2,5,1971.94,Задержка
SHP005733,2025-11-06,Москва,Ростов-на-Дону,Железная дорога,449.9,4,5,3309.67,Задержка
SHP002763,2025-11-24,Екатеринбург,Санкт-Петербург,Авиа,324.0,2,2,13208.2,В срок
SHP008435,2025-03-27,Санкт-Петербург,Екатеринбург,Авто,298.8,5,5,5753.29,В срок
SHP000821,2025-12-29,Казань,Пермь,Авто,561.7,2,2,3008.97,В срок
SHP003744,2025-12-05,Москва,Нижний Новгород,Авто,205.4,2,2,2132.79,В срок
SHP003954,16.03.2025,Санкт-Петербург,Самара,Авиа,112.7,2,6,10695.87,Задержка
SHP007060,2025-09-27,Москва,Новосибирск,Железная дорога,344.6,6,6,5464.94,В срок
SHP001868,2025-06-08,Москва,Санкт-Петербург,Авто,220.6,3,2,2388.72,В срок
SHP008268,2025-11-22,Москва,Санкт-Петербург,Авто,116.4,3,7,2620.28,Задержка
SHP009759,2025-07-26,Москва,Пермь,Авто,356.2,4,4,3368.45,В срок
SHP004880,2025-11-16,Москва,Новосибирск,Железная дорога,771.3,6,6,6436.23,В срок
SHP005171,2025-10-12,Екатеринбург,Уфа,Железная дорога,259.8,3,2,2716.65,В срок
SHP004819,2025-06-14,Москва,Екатеринбург,Авто,214.1,4,4,4420.44,В срок
SHP000026,2025-09-28,Екатеринбург,Санкт-Петербург,Железная дорога,122.8,5,8,4176.83,Задержка
SHP008560,2025-11-05,Москва,Ростов-на-Дону,Авто,440.0,3,3,3380.95,В срок
SHP002920,2025-08-24,Екатеринбург,Нижний Новгород,Железная дорога,128.3,4,8,3136.08,Задержка
SHP005127,2025-06-26,Москва,Санкт-Петербург,Авто,334.9,3,3,2974.31,В срок
SHP001360,2025-10-04,Санкт-Петербург,Ростов-на-Дону,Авиа,152.7,2,2,10224.92,В срок
SHP004586,2025-07-16,Новосибирск,Нижний Новгород,Железная дорога,178.4,6,6,4914.08,В срок
SHP005085,2025-03-27,Новосибирск,Екатеринбург,Железная дорога,210.4,4,4,3560.18,В срок
SHP004668,2025-03-14,Москва,Самара,Авто,403.3,3,6,3585.23,Задержка
SHP001139,2025-02-21,Москва,Ростов-на-Дону,Авиа,759.6,2,2,11664.13,В срок
SHP000959,2025-12-11,Казань,Нижний Новгород,Авто,100.6,2,2,1887.89,В срок
SHP009738,2025-04-13,Санкт-Петербург,Нижний Новгород,Железная дорога,706.3,4,4,3896.29,В срок
SHP008690,2025-03-24,Екатеринбург,Нижний Новгород,Железная дорога,305.4,4,4,2877.99,В срок
SHP004902,2025-11-27,Новосибирск,Москва,Авиа,191.1,3,3,17608.67,В срок
SHP005633,2025-04-23,Екатеринбург,Казань,Авиа,382.7,2,2,8274.49,В срок
SHP005605,2025-09-19,Екатеринбург,Москва,Железная дорога,806.6,4,4,4901.49,В срок
SHP006687,2025-02-27,Екатеринбург,Новосибирск,Авиа,252.6,2,2,10549.94,В срок
SHP002715,2025-02-24,Москва,Пермь,Авиа,595.4,2,2,12435.03,В срок
SHP008767,2025-10-08,Санкт-Петербург,Пермь,Железная дорога,541.7,5,5,4690.07,В срок
SHP004228,2025-09-16,Москва,Самара,Железная дорога,525.3,4,4,3046.34,В срок
SHP001530,2025-11-09,Екатеринбург,Ростов-на-Дону,Авто,364.3,5,9,5215.66,Задержка
SHP009841,2025-08-18,Казань,Новосибирск,Железная дорога,136.2,5,9,3717.18,Задержка
SHP006013,2025-09-07, москва ,Санкт-Петербург,Авто,525.5,3,4,3049.73,Задержка
SHP008927,2025-06-13,Новосибирск,Самара,Железная дорога,358.1,5,5,4460.51,В срок
SHP002143,2025-11-26,Санкт-Петербург,Новосибирск,Железная дорога,213.6,7,7,5637.32,В срок
SHP008304,30.06.2025,Москва,Уфа,Авто,247.6,4,7,4199.29,Задержка
SHP001970,2025-02-03,Москва,Уфа,Авто,698.5,4,4,5034.65,В срок
SHP001339,2025-03-23,Санкт-Петербург,Нижний Новгород,Железная дорога,1024.1,4,4,4006.71,В срок
SHP000063,2025-07-02,Москва,Уфа,Авиа,57.8,2,2,8548.11,В срок
SHP004930,2025-07-11,Екатеринбург,Казань,Авиа,257.6,2,2,7024.32,В срок
SHP006896,2025-04-25,Санкт-Петербург,Уфа,Железная дорога,1332.4,5,5,6345.93,В срок
SHP005673,2025-10-09,Москва,Екатеринбург,Авто,-5.0,4,4,6016.98,В срок
SHP000792,2025-10-13,Екатеринбург,Казань,Авто,216.9,3,3,2896.35,В срок
SHP001183,2025-03-02,Москва,Самара,Авто,194.0,3,3,3131.07,В срок
SHP003281,2025-07-28,Екатеринбург,Самара,Авто,95.5,3,5,2323.67,Задержка
SHP005163,2025-02-15,Санкт-Петербург,Самара,Авто,1098.2,0,4,6026.39,В срок
SHP006925,2025-03-29,Новосибирск,Самара,Авиа,384.7,3,2,13405.01,В срок
SHP008262,2025-09-25,Екатеринбург,Ростов-на-Дону,Авто,243.4,5,5,4675.74,В срок
SHP009077,2025-06-02,Новосибирск,Москва,Авиа,317.5,3,3,17303.44,В срок
SHP005634,2025-11-08,Казань,Ростов-на-Дону,Авиа,531.3,2,2,9492.81,В срок
SHP008210,2025-10-04,Москва,Казань,Авто,129.2,3,3,2809.42,В срок
SHP001782,2025-06-16,Казань,Нижний Новгород,Авто,127.4,2,5,1665.17,Задержка
SHP003017,2025-08-11,Екатеринбург,Новосибирск,Авто,185.3,4,4,4199.03,В срок
SHP003248,2025-10-04,Москва,Екатеринбург,Железная дорога,156.1,4,4,3633.9,В срок
SHP002302,2025-03-18,Казань,Самара,Авто,381.9,2,2,2709.84,В срок
SHP009524,2025-10-30,Екатеринбург,Казань,Авто,309.8,3,5,2739.77,Задержка
SHP009172,2025-01-18,Казань,Уфа,Железная дорога,191.4,3,4,2355.37,Задержка
SHP007530,2025-02-20,Москва,Нижний Новгород,Авиа,346.8,2,5,5916.64,Задержка
SHP009280,2025-10-31,Санкт-Петербург,Казань,Железная дорога,357.6,4,6,3628.26,Задержка
SHP007957,2025-11-06,Новосибирск,Санкт-Петербург,Железная дорога,629.9,7,7,7710.41,В срок
SHP002154,2025-12-20,Санкт-Петербург,Екатеринбург,Железная дорога,135.9,5,5,4072.69,В срок
SHP001476,2025-06-02,Москва,Пермь,Авиа,177.9,2,6,9028.62,Задержка
SHP005204,2025-11-03,Казань,Москва,Железная дорога,194.6,3,3,2570.03,В срок
SHP007653,2025-02-21,Екатеринбург,Самара,Авто,398.8,3,3,3410.82,В срок
SHP003320,2025-09-10,Казань,Екатеринбург,Железная дорога,606.8,3,5,2828.51,Задержка
SHP002064,2025-06-05,Москва,Нижний Новгород,Авто,1800.0,2,2,5446.51,В срок
SHP005814,2025-02-07,Казань,Нижний Новгород,Авто,589.8,2,2,2820.21,В срок
SHP006074,2025-04-02,Санкт-Петербург,Москва,Авто,478.8,3,3,3383.71,В срок
SHP003500,2025-10-14,Новосибирск,Казань,Авиа,98.6,3,3,13094.81,В срок
SHP004580,2025-07-21,Новосибирск,Казань,Авиа,119.7,3,3,12335.02,В срок
SHP006445,2025-04-15,Казань,Пермь,Авто,217.7,2,2,2207.0,В срок
SHP003336,2025-06-25,Новосибирск,Казань,Авиа,1277.4,3,3,18868.78,В срок
SHP005631,2025-04-06,Екатеринбург,Москва,Авиа,309.7,2,2,10259.79,В срок
SHP004490,2025-12-22,Санкт-Петербург,Самара,Авто,588.5,4,4,4965.77,В срок
SHP000494,2025-07-21,Новосибирск,Пермь,Железная дорога,94.3,5,4,3776.44,В срок
SHP009330,2025-01-30,Москва,Новосибирск,Железная дорога,685.2,6,6,6616.27,В срок
SHP002447,2025-04-04,Москва,Нижний Новгород,Авто,312.6,2,2,2673.75,В срок
SHP009038,2025-02-14,Екатеринбург,Новосибирск,Железная дорога,645.5,4,4,4757.44,В срок
SHP003185,2025-05-21,Москва,Санкт-Петербург,Авиа,242.6,2,2,8090.05,В срок
SHP004380,2025-04-09,Москва,Уфа,Железная дорога,612.7,4,4,4435.15,В срок
SHP000376,2025-03-02,Москва,Нижний Новгород,Авто,182.1,2,2,2211.97,В срок
SHP000734,2025-08-02,Москва,Пермь,Железная дорога,74.9,4,4,3014.18,В срок
SHP002650,2025-07-08,Новосибирск,Нижний Новгород,Авиа,166.9,3,3,15627.25,В срок
SHP001838,2025-11-29,Москва,Новосибирск,Железная дорога,78.6,6,5,4787.83,В срок
SHP006413,2025-02-18,Казань,Ростов-на-Дону,Железная дорога,162.6,4,4,3391.6,В срок
SHP000407,2025-10-04,Новосибирск,Екатеринбург,Авиа,741.9,2,3,13358.54,Задержка
SHP007876,2025-04-26,Москва,Уфа,Железная дорога,369.6,4,4,3166.44,В срок
SHP003998,2025-07-14,Москва,Самара,Авто,124.2,3,2,2807.61,В срок
SHP008273,2025-07-10,Санкт-Петербург,Самара,Авиа,213.5,2,2,11225.55,В срок
SHP004723,2025-11-29,Казань,Москва,Авиа,334.1,2,1,7331.1,В срок
SHP002941,2025-06-01,Москва,Нижний Новгород,Авто,143.0,2,1,2103.55,В срок
SHP004312,2025-05-22,Москва,Новосибирск,Железная дорога,124.4,6,6,5252.57,В срок
SHP006207,2025-10-24,Москва,Самара,Авто,183.9,3,3,3134.54,В срок
SHP005289,2025-07-17,Москва,Екатеринбург,Авиа,1140.8,2,4,14416.86,Задержка
SHP001534,2025-10-20,Москва,Новосибирск,Авиа,313.7,3,3,17712.52,В срок
SHP007094,2025-12-28,Казань,Новосибирск,Железная дорога,172.7,5,5,4585.87,В срок
SHP007211,2025-10-08,Москва,Екатеринбург,Железная дорога,273.3,4,4,4154.77,В срок
SHP008973,2025-03-22,Казань,Самара,Железная дорога,250.1,3,3,2127.39,В срок
SHP006047,2025-02-13,Москва,Казань,Авто,87.0,3,2,2543.2,В срок
SHP007279,2025-07-30,Екатеринбург,Пермь,Авто,120.3,2,5,1877.94,Задержка
SHP000056,2025-06-11,Москва,Новосибирск,Авиа,354.4,3,3,17201.68,В срок
SHP007841,2025-10-13,Екатеринбург,Новосибирск,Железная дорога,633.3,4,4,3777.76,В срок
SHP002082,2025-04-05,Москва,Ростов-на-Дону,Авто,515.6,3,3,4367.97,В срок
SHP004025,2025-02-05,Новосибирск,Санкт-Петербург,Авиа,151.6,3,7,18715.52,Задержка
SHP004387,2025-10-29,Санкт-Петербург,Новосибирск,Авто,83.3,7,7,7506.07,В срок
SHP008011,2025-09-16,Москва,Санкт-Петербург,Авто,285.9,3,3,2744.66,В срок
SHP000648,2025-02-15,Москва,Пермь,Авиа,40.9,2,2,8361.69,В срок
SHP001519,2025-12-26,Екатеринбург,Ростов-на-Дону,Авиа,380.2,2,2,12903.93,В срок
SHP009529,2025-04-16,Екатеринбург,Ростов-на-Дону,Железная дорога,267.2,5,5,4200.94,В срок
SHP005273,2025-08-08,Москва,Новосибирск,Авиа,97.2,3,3,17822.99,В срок
SHP001797,2025-12-30,Москва,Пермь,Авиа,626.4,2,2,13638.19,В срок
SHP005228,2025-04-30,Москва,Санкт-Петербург,Авто,353.2,3,3,2901.04,В срок
SHP003317,2025-09-17,Санкт-Петербург,Самара,Авиа,508.0,2,1,11729.45,В срок
SHP009530,2025-07-16,Казань,Новосибирск,Авиа,217.1,3,3,13360.74,В срок
SHP006949,2025-12-15,Екатеринбург,Нижний Новгород,Авто,281.0,3,3,3237.83,В срок
SHP002892,21.09.2025,Екатеринбург,Ростов-на-Дону,Железная дорога,205.3,5,4,3919.28,В срок
SHP003808,2025-05-03,Казань,Уфа,Железная дорога,136.0,3,4,2527.75,Задержка
SHP005913,2025-04-29,Санкт-Петербург,Нижний Новгород,Авто,176.9,3,5,3228.04,задержано
SHP004229,2025-06-18,Москва,Новосибирск,Авто,127.5,7,7,6014.84,В срок
SHP003049,2025-07-29,Новосибирск,Казань,Авиа,344.4,3,3,13628.24,В срок
SHP003299,2025-05-02,Москва,Ростов-на-Дону,Авто,164.8,3,6,3215.9,Задержка
SHP005854,2025-12-08,Екатеринбург,Уфа,Авто,300.9,2,6,2181.45,Задержка
SHP000422,2025-01-08,Казань,Санкт-Петербург,Железная дорога,177.6,4,4,2974.38,В срок
SHP006731,2025-05-13,Новосибирск,Уфа,Железная дорога,123.0,5,5,4104.2,В срок
SHP003030,2025-11-22,Москва,Пермь,Авиа,248.1,2,2,8858.37,В срок
SHP002334,2025-01-06,Москва,Ростов-на-Дону,Железная дорога,41.9,4,3,2691.25,В срок
SHP005955,2025-12-04,Екатеринбург,Санкт-Петербург,Авиа,204.0,45,2,13066.14,В срок
SHP009644,2025-01-08,Москва,Нижний Новгород,Авто,398.2,2,6,3038.39,Задержка
SHP002256,2025-10-15,Новосибирск,Самара,Авиа,463.6,3,3,13589.95,В срок
SHP008829,2025-10-19,Москва,Новосибирск,Авиа,536.8,3,3,17469.56,В срок
SHP007044,2025-10-11,Москва,Самара,Железная дорога,423.8,4,4,3258.68,В срок
SHP004844,2025-06-29,Новосибирск,Пермь,Авиа,561.3,2,2,14062.01,В срок
SHP004061,2025-08-19,Москва,Уфа,Авиа,193.1,2,2,9150.52,В срок
SHP004605,2025-01-18,Москва,Екатеринбург,Железная дорога,347.4,4,4,3855.66,В срок
SHP000322,2025-11-29,Санкт-Петербург,Ростов-на-Дону,Железная дорога,,5,4,3766.49,В срок
SHP004944,2025-12-25,Санкт-Петербург,Уфа,Железная дорога,410.4,5,7,4483.01,Задержка
SHP006092,2025-03-17,Санкт-Петербург,Ростов-на-Дону,Железная дорога,147.9,5,5,3636.36,В срок
SHP004570,2025-04-14,Новосибирск,Москва,Железная дорога,280.2,6,6,5254.29,В срок
SHP001263,2025-01-04,Москва,Санкт-Петербург,Авто,128.1,3,3,2674.73,В срок
SHP001745,2025-12-29,Казань,Ростов-на-Дону,Авиа,223.4,2,4,8668.48,Задержка
SHP003931,2025-12-02,Казань,Уфа,Авто,423.9,2,4,2473.96,Задержка
SHP003213,2025-04-28,Санкт-Петербург,Самара,Авиа,155.1,2,2,9927.73,В срок
SHP000225,2025-01-29,Екатеринбург,Новосибирск,Авто,623.3,4,3,4622.62,В срок
SHP004267,2025-04-22,Москва,Казань,Авто,222.7,3,3,2555.04,В срок
SHP004150,2025-08-26,Санкт-Петербург,Екатеринбург,Железная дорога,132.7,5,5,3849.39,В срок
SHP006914,2025-05-05,Новосибирск,Екатеринбург,Авто,297.3,4,7,4342.03,Задержка
SHP002857,2025-10-17,Казань,Москва,Авто,182.8,3,3,2726.87,В срок
SHP007476,2025-06-23,Казань,Нижний Новгород,Авто,446.0,45,2,2319.4,В срок
SHP000965,2025-10-27,Екатеринбург,Санкт-Петербург,Железная дорога,107.1,5,7,4032.25,Задержка
SHP002697,2025-11-23,Москва,Уфа,Авиа,137.5,2,2,8418.11,В срок
SHP009365,2025-01-10,Екатеринбург,Москва,Авто,261.0,4,3,3927.13,В срок
SHP007585,2025-07-01,Санкт-Петербург,Самара,Авиа,343.9,2,2,10783.68,В срок
SHP002732,2025-10-18,Казань,Самара,Авто,205.2,2,2,1948.75,В срок
SHP003410,2025-05-25,Екатеринбург,Ростов-на-Дону,Железная дорога,89.8,5,6,3618.5,Задержка
SHP006266,2025-11-23,Москва,Нижний Новгород,Авто,287.8,2,4,2495.32,Задержка
SHP007941,2025-10-08,Санкт-Петербург,Москва,Авто,303.4,3,3,2681.78,В срок
SHP000071,2025-11-01,Санкт-Петербург,Пермь,Железная дорога,331.8,5,5,3901.42,В срок
SHP009920,2025-11-20,Екатеринбург,Самара,Авто,942.1,3,6,4034.14,Задержка
SHP005022,2025-09-24,Новосибирск,Уфа,Железная дорога,114.3,5,5,4169.24,В срок
SHP007712,2025-12-13,Москва,Екатеринбург,Железная дорога,101.7,4,4,3433.19,В срок
SHP006984,2025-08-01,Санкт-Петербург,Самара,Авто,80.7,4,4,3878.5,В срок
SHP008255,2025-10-10,Казань,Москва,Авто,54.3,3,3,2310.6,В срок
SHP004245,2025-11-07,Москва,Нижний Новгород,Авто,1800.0,2,2,6361.12,В срок
SHP007474,2025-10-26,Москва,Ростов-на-Дону,Авиа,77.5,2,1,8099.15,В срок
SHP000106,2025-03-08,Москва,Екатеринбург,Железная дорога,273.5,4,4,3241.99,В срок
SHP007189,2025-05-10,Санкт-Петербург,Уфа,Железная дорога,226.7,5,5,4492.47,В срок
SHP003656,2025-09-28,Москва,Казань,Авто,520.6,3,3,3775.25,В срок
SHP009386,2025-01-27,Новосибирск,Ростов-на-Дону,Авиа,308.5,3,3,19842.6,В срок
SHP000585,2025-09-29,Казань,Ростов-на-Дону,Авиа,585.7,2,2,12202.15,В срок
SHP009533,2025-08-12,Санкт-Петербург,Москва,Авиа,561.5,2,2,8067.54,В срок
SHP004725,2025-03-18,Москва,Екатеринбург,Железная дорога,188.6,4,3,3648.59,В срок
SHP003726,2025-12-02,Казань,Новосибирск,Железная дорога,161.3,5,5,4593.97,В срок
SHP008416,2025-12-12,Новосибирск,Москва,Железная дорога,352.7,6,5,5819.31,В срок
SHP002996,2025-07-16,Москва,Екатеринбург,Авто,393.6,4,4,4412.15,В срок
SHP003813,2025-05-03,Санкт-Петербург,Нижний Новгород,Авто,279.5,3,2,3028.15,В срок
SHP007575,2025-10-13,Москва,Казань,Железная дорога,206.7,3,3,2980.74,В срок
SHP006541,2025-12-21,Москва,Санкт-Петербург,Авто,268.1,3,4,2731.12,Задержка
SHP001565,2025-09-08,Екатеринбург,Новосибирск,Авиа,186.9,2,2,11313.61,В срок
SHP008565,2025-04-09,Москва,Казань,Авто,322.3,3,2,3357.51,В срок
SHP001662,2025-11-02,Новосибирск,Самара,Железная дорога,524.4,5,5,5137.59,В срок
SHP002349,2025-09-30,Екатеринбург,Самара,Авто,198.8,3,3,2954.96,В срок
SHP003844,2025-03-25,Москва,Санкт-Петербург,Авто,281.5,3,3,2865.16,В срок
SHP006103,2025-03-25,Москва,Казань,Железная дорога,223.1,3,6,2447.35,Задержка
SHP005613,2025-02-06,Екатеринбург,Москва,Железная дорога,221.4,4,8,3594.89,Задержка
SHP003893,2025-12-23,Казань,Санкт-Петербург,Авиа,157.6,2,2,8987.98,В срок
SHP001161,2025-02-06,Екатеринбург,Пермь,Авто,77.8,2,2,1633.79,В срок
SHP005031,2025-06-12,Москва,Нижний Новгород,Авто,187.3,2,2,1984.19,В срок
SHP009966,2025-12-19,Москва,Уфа,Авто,370.2,4,4,3836.52,В срок
SHP009729,2025-02-28,Москва,Нижний Новгород,Железная дорога,121.3,3,3,1990.84,В срок
SHP005716,2025-02-08,Екатеринбург,Пермь,Авто,365.9,2,3,2195.78,Задержка
SHP008130,2025-05-02,Казань,Санкт-Петербург,Железная дорога,256.8,4,4,3802.44,В срок
SHP008851,2025-06-28,Москва,Ростов-на-Дону,Авто,326.3,3,2,3642.36,В срок
SHP000936,05.12.2025,Санкт-Петербург,Ростов-на-Дону,Авиа,58.4,2,2,10526.14,В срок
SHP004405,2025-05-30,Москва,Пермь,Железная дорога,174.3,4,4,2987.02,В срок
SHP007128,2025-09-13,Москва,Санкт-Петербург,Железная дорога,498.1,3,3,3079.56,В срок
SHP007264,2025-10-28,Казань,Санкт-Петербург,Авиа,400.7,2,2,11478.34,В срок
SHP006650,2025-05-13, москва ,Ростов-на-Дону,Авто,376.9,3,6,4322.17,Задержка
SHP001033,2025-06-19,Казань,Новосибирск,Железная дорога,495.7,5,5,5103.07,В срок
SHP005422,2025-03-20,Санкт-Петербург,Самара,Железная дорога,48.1,4,4,3488.72,В срок
SHP005829,2025-09-19,Новосибирск,Екатеринбург,Железная дорога,346.4,4,4,4220.07,В срок
SHP007098,2025-07-09,Москва,Пермь,Железная дорога,170.7,4,4,3260.54,В срок
SHP003461,2025-05-12,Казань,Самара,Авто,216.0,2,2,2188.96,В срок
SHP001679,2025-06-22,Санкт-Петербург,Пермь,Авиа,283.0,2,2,11055.55,В срок
SHP007015,2025-11-21,Санкт-Петербург,Уфа,Авто,395.3,5,8,4762.24,Задержка
SHP004791,2025-02-23,Новосибирск,Уфа,Авиа,159.5,2,2,11226.31,В срок
SHP000299,2025-04-07,Казань,Уфа,Авто,457.0,2,2,2810.68,В срок
SHP006588,2025-04-12,Екатеринбург,Новосибирск,Авто,264.1,4,4,4299.41,В срок
SHP006470,2025-04-11,Москва,Новосибирск,Авиа,258.9,3,6,16139.67,Задержка
SHP009163,2025-06-20,Москва,Ростов-на-Дону,Железная дорога,482.4,4,4,3598.42,В срок
SHP005993,2025-04-05,Москва,Ростов-на-Дону,Железная дорога,113.7,4,4,2522.72,В срок
SHP009525,24.04.2025,Москва,Санкт-Петербург,Авто,135.4,3,3,2283.13,В срок
SHP000453,2025-09-11,Москва,Казань,Авто,138.2,3,4,2642.39,Задержка
SHP000890,2025-01-21,Санкт-Петербург,Новосибирск,Железная дорога,155.6,7,7,5375.75,В срок
SHP003995,2025-09-03,Москва,Казань,Авто,488.2,3,3,3508.3,В срок
SHP007005,2025-09-01,Москва,Нижний Новгород,Авто,140.3,2,2,2065.56,В срок
SHP004029,2025-08-22,Новосибирск,Ростов-на-Дону,Авиа,205.3,3,3,19234.88,В срок
SHP007327,2025-03-01,Санкт-Петербург,Нижний Новгород,Авиа,199.5,2,1,8651.29,В срок
SHP007589,2025-05-29,Москва,Самара,Авто,241.9,3,3,2939.79,В срок
SHP009604,2025-08-03,Москва,Самара,Авиа,174.5,2,2,8696.72,В срок
SHP000596,2025-09-10,Санкт-Петербург,Самара,Авто,123.1,4,4,3876.25,В срок
SHP005664,2025-03-01,Казань,Нижний Новгород,Железная дорога,1011.9,3,3,2960.43,В срок
SHP009710,2025-11-18,Москва,Новосибирск,Авиа,227.4,3,3,16559.97,В срок
SHP006781,2025-11-06,Москва,Нижний Новгород,Железная дорога,269.4,3,3,2205.68,В срок
SHP006809,2025-04-30,Москва,Нижний Новгород,Авто,651.4,2,2,3295.99,В срок
SHP000037,2025-05-21,Екатеринбург,Уфа,Железная дорога,768.9,3,3,2862.16,В срок
SHP004473,2025-08-20,Казань,Ростов-на-Дону,Железная дорога,422.6,4,4,3159.3,В срок
SHP007692,2025-09-20,Новосибирск,Самара,Авиа,124.6,3,3,13032.2,Задержка
SHP004066,2025-02-20,Москва,Казань,Авто,626.7,3,5,3685.07,Задержка
SHP003044,2025-10-16,Москва,Нижний Новгород,Железная дорога,359.8,3,3,2449.84,В срок
SHP004004,2025-02-26,Санкт-Петербург,Нижний Новгород,Железная дорога,395.2,4,3,2792.64,В срок
SHP001927,2025-07-26,Москва,Нижний Новгород,Железная дорога,709.3,3,3,3020.31,В срок
SHP008779,2025-06-01,Санкт-Петербург,Новосибирск,Авиа,152.8,3,3,15758.77,В срок
SHP009641,2025-08-03,Новосибирск,Пермь,Железная дорога,282.1,5,5,4470.83,В срок
SHP005395,2025-06-27,Санкт-Петербург,Уфа,Авто,343.6,5,5,5051.14,В срок
SHP001557,2025-08-10,Москва,Нижний Новгород,Авто,206.7,2,4,2078.88,Задержка
SHP003775,2025-10-18,Москва,Новосибирск,Авиа,1501.0,3,3,24798.13,В срок
SHP006951,2025-07-28,Казань,Самара,Авто,154.8,2,1,1794.99,В срок
SHP007331,2025-10-20,Новосибирск,Пермь,Авиа,760.9,2,2,13980.03,В срок
SHP006595,2025-09-10,Москва,Нижний Новгород,Авто,111.3,2,1,1921.97,В срок
SHP002299,2025-06-13,Санкт-Петербург,Казань,Железная дорога,187.6,4,4,3457.94,В срок
SHP005449,2025-03-21,Москва,Екатеринбург,Авто,254.4,4,4,4089.34,В срок
SHP004121,2025-08-27,Москва,Самара,Авиа,297.0,2,2,9224.53,В срок
SHP003137,2025-11-14,Москва,Екатеринбург,,73.6,4,4,4369.29,В срок
SHP001158,2025-01-02,Москва,Ростов-на-Дону,Железная дорога,128.1,4,7,2855.0,Задержка
SHP001383,2025-11-13,Санкт-Петербург,Москва,Авто,743.7,3,3,3723.02,В срок
SHP001935,2025-03-05,Москва,Пермь,Авто,248.4,4,4,3475.93,В срок
SHP001750,2025-02-18,Екатеринбург,Самара,Железная дорога,257.3,4,4,2859.62,В срок
SHP005859,2025-07-25,Новосибирск,Москва,Железная дорога,268.3,6,9,5118.3,Задержка
SHP007524,2025-04-08,Казань,Москва,Авто,316.3,3,6,3127.11,Задержка
SHP002757,2025-09-23,Москва,Екатеринбург,Железная дорога,1186.1,4,4,5490.79,В срок
SHP006446,2025-12-28,Москва,Новосибирск,Железная дорога,227.1,6,8,5806.64,Задержка
SHP000875,2025-01-16,Казань,Уфа,Авто,301.9,2,4,2156.24,Задержка
SHP003520,2025-11-04,Москва,Санкт-Петербург,Авто,231.0,3,3,2353.43,В срок
SHP007886,2025-06-18,Москва,Санкт-Петербург,Авто,185.2,3,3,2544.66,В срок
SHP002489,2025-04-15,Екатеринбург,Москва,Авиа,132.9,2,2,10004.45,В срок
SHP001223,2025-10-22,Москва,Санкт-Петербург,Авто,566.4,3,3,3355.92,В срок
SHP008442,2025-04-04,Казань,Уфа,Авто,245.7,2,2,2158.56,В срок
SHP004287,2025-09-14,Санкт-Петербург,Казань,Железная дорога,584.5,4,4,3524.98,В срок
SHP005952,2025-05-28,Санкт-Петербург,Москва,Железная дорога,69.5,3,3,2258.13,Задержка
SHP005574,2025-08-14,Казань,Пермь,Железная дорога,262.1,3,3,2617.98,В срок
SHP003692,2025-11-06,Москва,Самара,Авто,167.7,3,3,3006.9,В срок
SHP005836,2025-04-05,Москва,Санкт-Петербург,Авто,405.2,3,3,3059.79,В срок
SHP005644,2025-06-18,Москва,Нижний Новгород,Авто,610.4,2,5,3048.32,Задержка
SHP003346,2025-03-17,Казань,Москва,Авто,247.2,3,3,2843.69,В срок
SHP006861,2025-11-30,Москва,Новосибирск,Железная дорога,206.1,6,7,5343.22,Задержка
SHP003478,2025-11-11,Москва,Санкт-Петербург,Авиа,215.4,2,2,6950.2,В срок
SHP004282,2025-11-21,Новосибирск,Пермь,Авто,570.4,5,5,5419.42,В срок
SHP004194,2025-10-26,Новосибирск,Санкт-Петербург,Авиа,198.3,3,3,19742.3,В срок
SHP009308,2025-09-24,Новосибирск,Москва,Авиа,104.6,3,3,15614.57,В срок
SHP005856,2025-08-31,Екатеринбург,Ростов-на-Дону,Железная дорога,508.5,5,5,5033.62,В срок
SHP005499,2025-02-01,Екатеринбург,Казань,Авто,355.2,3,3,3278.24,В срок
SHP009764,2025-07-02,Екатеринбург,Уфа,Авто,201.5,2,2,1958.94,В срок
SHP002017,2025-10-10,Новосибирск,Ростов-на-Дону,Железная дорога,530.3,7,7,5695.4,В срок
SHP004440,2025-02-06,Санкт-Петербург,Пермь,Железная дорога,285.5,5,5,4056.14,В срок
SHP005337,2025-01-07,Москва,Нижний Новгород,Железная дорога,216.6,3,5,1878.55,Задержка
SHP004845,2025-01-10,Санкт-Петербург,Самара,Авто,210.5,4,4,4043.9,В срок
SHP001781,2025-08-19,Москва,Новосибирск,Железная дорога,52.5,6,6,5308.02,В срок
SHP008204,2025-10-11,Казань,Самара,Авто,204.2,2,1,1853.8,В срок
SHP007051,2025-09-10,Екатеринбург,Уфа,Авиа,376.2,2,2,6494.94,В срок
SHP002041,2025-12-11,Новосибирск,Нижний Новгород,Железная дорога,301.8,6,6,5099.99,В срок
SHP004673,2025-12-26,Москва,Казань,Авто,441.2,3,3,3340.48,В срок
SHP006698,2025-04-30,Москва,Екатеринбург,Авто,202.1,4,6,4257.99,Задержка
SHP009779,2025-07-31,Москва,Санкт-Петербург,Железная дорога,24.5,3,6,2304.56,Задержка
SHP002010,2025-01-11,Москва,Санкт-Петербург,Авто,135.1,3,3,2707.8,В срок
SHP000728,2025-05-14,Санкт-Петербург,Пермь,Авиа,142.5,2,2,9993.91,В срок
SHP000889,2025-10-14,Казань,Нижний Новгород,Авто,87.4,2,6,1967.08,Задержка
SHP000151,2025-03-11,Москва,Екатеринбург,Железная дорога,288.1,4,4,3679.21,В срок
SHP001799,2025-07-10,Санкт-Петербург,Уфа,Железная дорога,471.0,5,5,4576.91,В срок
SHP009929,2025-08-28,Екатеринбург,Ростов-на-Дону,Авто,658.8,5,4,5870.07,В срок
SHP006271,2025-05-05,Москва,Новосибирск,Железная дорога,129.1,6,9,5733.11,Задержка
SHP000029,2025-02-15,Москва,Екатеринбург,Авто,181.6,4,4,3931.63,В срок
SHP005435,2025-08-20,Москва,Новосибирск,Железная дорога,142.5,6,6,5177.1,В срок
SHP005573,2025-06-05,Москва,Екатеринбург,Железная дорога,376.1,4,4,3445.55,В срок
SHP009625,2025-11-14,Москва,Казань,Авто,80.2,3,6,2411.75,Задержка
SHP000557,2025-03-18,Казань,Москва,Авто,304.8,3,2,3028.97,В срок
SHP007361,2025-02-03,Екатеринбург,Новосибирск,Железная дорога,226.4,4,4,3859.14,В срок
SHP004397,2025-03-05,Санкт-Петербург,Уфа,Железная дорога,64.9,5,4,3517.49,В срок
SHP001130,2025-04-04,Москва,Нижний Новгород,Авто,247.4,2,5,2045.28,Задержка
SHP009500,2025-08-20,Санкт-Петербург,Москва,Авто,103.3,3,3,1996.18,В срок
SHP002234,2025-02-26,Казань,Новосибирск,Железная дорога,293.2,5,5,4613.31,В срок
SHP007151,2025-04-14,Москва,Санкт-Петербург,Железная дорога,1065.0,3,3,3800.26,В срок
SHP009348,2025-02-21,Москва,Санкт-Петербург,Авто,1213.4,3,3,4659.83,В срок
SHP000737,2025-04-09,Москва,Пермь,Авто,334.3,4,4,4305.2,В срок
SHP008694,2025-04-04,Москва,Новосибирск,Железная дорога,321.1,6,6,5781.12,В срок
SHP006037,2025-05-07,Екатеринбург,Пермь,Авто,442.5,2,6,2473.5,Задержка
SHP004273,2025-06-22,Екатеринбург,Казань,Авто,776.1,3,3,3652.15,В срок
SHP008251,2025-09-07,Казань,Уфа,Авто,82.4,2,2,1669.82,В срок
SHP001842,2025-06-13,Москва,Ростов-на-Дону,Железная дорога,774.2,4,4,3890.76,В срок
SHP008453,2025-03-18,Новосибирск,Ростов-на-Дону,Железная дорога,193.8,7,7,5793.06,В срок
SHP001573,2025-11-07,Москва,Пермь,Авто,325.1,4,7,3950.26,Задержка
SHP002758,2025-01-10,Москва,Новосибирск,Железная дорога,211.5,6,6,5902.48,В срок
SHP000444,2025-11-23,Санкт-Петербург,Ростов-на-Дону,Авиа,236.2,2,1,12022.12,В срок
SHP000718,2025-10-24,Екатеринбург,Новосибирск,Железная дорога,201.3,4,4,3933.6,В срок
SHP004548,2025-08-08,Москва,Санкт-Петербург,Железная дорога,425.8,3,2,3159.94,В срок
SHP006178,2025-03-19,Москва,Санкт-Петербург,Авто,183.3,3,3,3192.95,В срок
SHP000286,2025-02-06,Москва,Новосибирск,Авто,507.8,7,7,7885.29,В срок
SHP002879,2025-07-20,Казань,Санкт-Петербург,Железная дорога,558.3,4,4,3743.2,В срок
SHP008104,2025-06-14,Москва,Пермь,Авто,892.9,4,5,5174.75,Задержка
SHP004226,2025-05-21,Казань,Ростов-на-Дону,Авто,492.3,4,3,4467.57,В срок
SHP000107,2025-06-28,Москва,Ростов-на-Дону,Авто,183.6,3,3,3094.54,В срок
SHP008821,2025-01-01,Москва,Санкт-Петербург,Авто,911.5,3,3,4241.88,В срок
SHP004808,2025-07-10,Москва,Пермь,Авто,278.9,4,4,4234.0,В срок
SHP004878,2025-03-06,Москва,Новосибирск,Авиа,481.4,3,3,17180.19,В срок
SHP005036,2025-03-14,Москва,Казань,Авто,166.2,3,3,2530.58,В срок
SHP003198,2025-11-07,Екатеринбург,Самара,Авто,63.6,3,6,2647.41,Задержка
SHP002171,2025-12-14,Казань,Самара,Авто,445.3,2,2,2556.15,В срок
SHP009065,2025-12-19,Новосибирск,Санкт-Петербург,Железная дорога,113.9,7,7,5717.21,В срок
SHP000356,2025-07-03,Санкт-Петербург,Екатеринбург,Железная дорога,353.1,5,5,4478.26,В срок
SHP004313,2025-02-24,Санкт-Петербург,Ростов-на-Дону,Железная дорога,175.6,5,5,3629.86,В срок
SHP004858,2025-10-23,Екатеринбург,Санкт-Петербург,Железная дорога,366.5,5,5,4445.01,В срок
SHP009547,2025-03-21,Москва,Новосибирск,Авиа,71.5,3,5,14822.53,Задержка
SHP004326,2025-09-12,Казань,Екатеринбург,Железная дорога,154.5,3,3,2817.61,В срок
SHP002541,2025-04-23,Санкт-Петербург,Уфа,Авто,317.0,5,5,5275.8,в срок 
SHP004928,2025-07-14,Казань,Самара,Железная дорога,275.7,3,5,2353.62,Задержка
SHP007758,2025-06-10,Санкт-Петербург,Новосибирск,Авиа,150.4,3,2,18201.04,В срок
SHP009750,2025-01-17,Казань,Москва,Авто,410.4,3,2,3369.56,В срок
SHP000312,2025-07-27,Санкт-Петербург,Пермь,Железная дорога,168.2,5,5,3673.06,В срок
SHP007480,2025-05-18,Москва,Новосибирск,Авиа,442.6,3,4,15506.0,Задержка
SHP002577,2025-10-24,Новосибирск,Москва,Железная дорога,179.9,6,6,5574.05,В срок
SHP006516,2025-04-30,Новосибирск,Уфа,Авто,75.9,5,4,4866.81,В срок
SHP007160,2025-07-05,Санкт-Петербург,Новосибирск,Железная дорога,353.0,7,7,6438.5,В срок
SHP000499,2025-03-31,Москва,Самара,Авто,226.8,3,6,3096.34,Задержка
SHP009511,2025-08-23,Екатеринбург,Москва,Авто,72.7,4,4,3669.23,В срок
SHP005726,2025-02-04,Москва,Санкт-Петербург,Авто,313.5,3,3,2782.84,В срок
SHP003869,2025-04-28,Новосибирск,Самара,Авто,85.9,6,6,5094.08,В срок
SHP008630,2025-07-01,Санкт-Петербург,Казань,Железная дорога,206.3,4,4,3156.92,В срок
SHP006936,2025-06-06,Екатеринбург,Самара,Авто,193.9,3,3,2822.72,В срок
SHP008127,2025-08-27,Екатеринбург,Нижний Новгород,Авто,341.4,3,3,4033.37,В срок
SHP007479,2025-08-22,Новосибирск,Уфа,Железная дорога,62.5,5,5,4008.81,В срок
SHP007787,2025-10-07,Москва,Пермь,Авиа,391.7,2,2,10068.1,В срок
SHP002530,2025-07-23,Казань,Нижний Новгород,Авто,438.7,2,2,2634.69,В срок
SHP007197,2025-02-05,Москва,Санкт-Петербург,Авто,1284.9,3,3,5379.73,В срок
SHP005496,2025-02-18,Екатеринбург,Уфа,Железная дорога,164.9,3,3,2032.53,В срок
SHP007851,2025-02-01,Москва,Ростов-на-Дону,Авто,150.8,3,3,3116.99,В срок
SHP007654,2025-02-22,Москва,Самара,Авиа,115.8,2,2,6950.08,В срок
SHP003302,2025-03-02,Москва,Новосибирск,Авиа,597.1,3,3,19592.67,В срок
SHP007381,2025-01-16,Москва,Казань,Авто,108.0,3,5,2593.86,Задержка
SHP009108,2025-09-07,Екатеринбург,Казань,Авто,340.8,3,3,3173.03,В срок
SHP007945,2025-03-21,Екатеринбург,Санкт-Петербург,Железная дорога,105.8,5,5,3778.1,В срок
SHP003225,2025-12-12,Москва,Самара,Авиа,158.5,2,2,7001.23,В срок
SHP008450,2025-07-02,Новосибирск,Уфа,авто ,276.1,5,5,5166.0,В срок
SHP004399,2025-06-27,Москва,Новосибирск,Железная дорога,250.0,45,6,5980.42,В срок
SHP004726,2025-05-23,Екатеринбург,Москва,Железная дорога,71.0,4,4,3173.02,В срок
SHP000752,2025-11-03,Екатеринбург,Уфа,Авто,647.7,2,2,3317.49,В срок
SHP002806,2025-10-20,Москва,Пермь,Авто,874.0,4,4,4990.61,В срок
SHP002983,2025-07-05,Екатеринбург,Санкт-Петербург,Авто,155.5,5,5,4954.28,В срок
SHP001135,2025-09-21,Санкт-Петербург,Новосибирск,Авиа,57.4,3,3,16750.67,В срок
SHP001491,2025-04-25,Санкт-Петербург,Ростов-на-Дону,Авто,158.3,4,4,4360.09,В срок
SHP003125,2025-01-19,Москва,Уфа,Авто,421.4,4,8,3695.5,Задержка
SHP006955,2025-01-06,Екатеринбург,Пермь,Авто,1377.7,2,3,4450.3,Задержка
SHP005606,2025-06-15,Москва,Казань,Железная дорога,645.7,3,3,3459.3,В срок
SHP009762,2025-12-05,Санкт-Петербург,Пермь,Авиа,490.9,2,1,12687.37,В срок
SHP003394,2025-03-17,Москва,Уфа,Железная дорога,1102.9,4,4,5189.29,В срок
SHP007795,2025-05-08,Новосибирск,Пермь,Железная дорога,151.2,5,5,3975.0,В срок
SHP006641,2025-02-28,Москва,Нижний Новгород,Авто,79.9,2,6,1875.7,Задержка
SHP000991,2025-09-10,Новосибирск,Санкт-Петербург,Железная дорога,151.4,7,8,5318.36,Задержка
SHP000683,2025-01-04,Екатеринбург,Нижний Новгород,Авто,78.9,3,2,3102.96,В срок
SHP005317,2025-12-23,Казань,Новосибирск,Железная дорога,233.4,5,5,4163.55,В срок
SHP004692,2025-06-13,Екатеринбург,Санкт-Петербург,Железная дорога,269.1,5,5,4219.24,В срок
SHP006237,2025-08-19,Москва,Ростов-на-Дону,Железная дорога,1800.0,4,4,5682.59,В срок
SHP006911,2025-07-31,Екатеринбург,Нижний Новгород,Авто,526.8,3,3,4724.52,В срок
SHP007906,2025-09-14,Москва,Самара,Железная дорога,693.2,4,4,3798.81,В срок
SHP002153,2025-02-09,Казань,Новосибирск,Железная дорога,327.1,5,5,5123.22,В срок
SHP004573,2025-11-16,Екатеринбург,Санкт-Петербург,Железная дорога,810.2,5,7,4825.84,Задержка
SHP002167,2025-01-16,Казань,Уфа,Авто,160.6,2,3,2163.68,Задержка
SHP000199,2025-06-16,Москва,Новосибирск,Железная дорога,99.3,6,6,5584.23,В срок
SHP008493,2025-12-16,Санкт-Петербург,Уфа,Железная дорога,161.6,5,5,3831.25,В срок
SHP002705,2025-09-20,Москва,Пермь,Железная дорога,523.4,4,3,3529.31,В срок
SHP002561,2025-06-16,Екатеринбург,Казань,Железная дорога,60.4,3,3,2333.91,В срок
SHP001597,2025-11-05,Казань,Пермь,Авиа,559.6,2,2,7862.79,В срок
SHP004053,2025-01-01,Москва,Ростов-на-Дону,Железная дорога,808.9,4,4,3089.76,В срок
SHP001672,2025-10-19,Санкт-Петербург,Пермь,Железная дорога,201.9,5,4,3574.11,В срок
SHP004674,2025-05-19,Санкт-Петербург,Казань,Авто,1277.5,4,4,6614.42,В срок
SHP006550,2025-04-13,Москва,Пермь,Железная дорога,279.3,4,4,3393.83,В срок
SHP007578,2025-01-11,Москва,Пермь,Авиа,70.5,2,2,8762.09,В срок
SHP003303,2025-05-29,Екатеринбург,Москва,Авто,138.6,4,7,4137.82,Задержка
SHP006248,2025-03-14,Екатеринбург,Пермь,Железная дорога,134.6,3,3,1878.85,В срок
SHP006954,2025-07-17,Москва,Уфа,Авто,235.9,4,4,3401.99,В срок
SHP005354,2025-11-11,Москва,Казань,Авто,318.4,3,3,3002.06,В срок
SHP009673,2025-01-26,Санкт-Петербург,Екатеринбург,Железная дорога,155.2,5,5,3889.55,В срок
SHP002888,2025-04-18,Екатеринбург,Уфа,Авто,477.6,2,2,2603.52,В срок
SHP004108,2025-11-14,Санкт-Петербург,Нижний Новгород,Авто,959.0,3,3,5162.46,В срок
SHP008137,2025-02-06,Санкт-Петербург,Екатеринбург,Железная дорога,614.1,5,5,4121.35,В срок
SHP006140,2025-04-07,Казань,Ростов-на-Дону,Авто,403.9,4,4,4132.74,В срок
SHP004234,2025-03-31,Новосибирск,Пермь,Железная дорога,186.7,5,4,3926.27,В срок
SHP000822,2025-11-04,КАЗАНЬ,Москва,Авто,23.0,3,3,2361.77,В срок
SHP006394,2025-03-01,Новосибирск,Москва,Железная дорога,1128.1,6,6,6638.57,В срок
SHP002805,2025-04-12,Санкт-Петербург,Екатеринбург,Железная дорога,88.0,5,4,4019.06,В срок
SHP002396,2025-06-08,Москва,Пермь,Железная дорога,175.2,4,5,3197.79,Задержка
SHP003878,2025-08-24,Санкт-Петербург,Москва,Авто,350.5,3,3,3085.17,В срок
SHP001990,2025-11-01,Москва,Ростов-на-Дону,Авто,350.0,3,4,3474.58,Задержка
SHP004733,2025-07-24,Казань,Екатеринбург,Авто,236.1,3,3,2465.94,В срок
SHP007781,2025-09-25,Новосибирск,Казань,Авиа,366.2,3,3,14874.51,В срок
SHP007867,2025-03-01,Москва,Екатеринбург,Железная дорога,344.3,4,4,3746.31,В срок
SHP002937,2025-11-21,Москва,Казань,Железная дорога,140.3,3,7,2692.95,Задержка
SHP009147,2025-03-29,Казань,Уфа,Авто,126.5,2,2,2117.2,В срок
SHP009113,2025-09-12, москва ,Нижний Новгород,Авто,142.5,2,2,2026.17,В срок
SHP008347,2025-04-26,Москва,Казань,Железная дорога,933.2,3,6,3368.36,Задержка
SHP005622,2025-07-24,Екатеринбург,Пермь,Авто,163.0,2,2,1740.52,В срок
SHP005057,2025-05-02,Москва,Новосибирск,Авиа,261.0,3,3,15891.75,В срок
SHP007147,2025-12-22,Санкт-Петербург,Ростов-на-Дону,Авиа,284.2,2,2,11305.51,В срок
SHP004557,2025-01-30,Екатеринбург,Уфа,Авто,497.3,2,2,2792.7,В срок
SHP004882,2025-09-01,Новосибирск,Ростов-на-Дону,Авиа,99.4,3,3,16112.95,В срок
SHP002259,2025-11-06,Санкт-Петербург,Уфа,Авиа,888.2,2,2,15639.62,В срок
SHP009222,2025-03-26,Москва,Новосибирск,Железная дорога,102.9,6,6,5040.76,В срок
SHP003637,2025-09-14,Санкт-Петербург,Самара,Авто,987.5,4,3,5502.98,В срок
SHP005430,2025-02-27,Москва,Новосибирск,Авто,106.7,7,7,5799.8,В срок
SHP005123,2025-12-07,Санкт-Петербург,Самара,Авто,257.1,4,4,4259.83,В срок
SHP009962,2025-03-01,Москва,Пермь,Железная дорога,102.9,4,3,2772.68,В срок
SHP009342,2025-04-24,Санкт-Петербург,Уфа,Авиа,98.3,2,4,9870.03,Задержка
SHP001561,2025-03-09,Москва,Екатеринбург,Авто,177.3,4,3,4555.59,В срок
SHP000698,2025-09-25,Москва,Новосибирск,Железная дорога,425.9,6,6,5508.6,В срок
SHP002676,2025-12-24,Екатеринбург,Уфа,Авто,140.9,2,2,1928.92,В срок
SHP004439,2025-10-08,Москва,Ростов-на-Дону,Железная дорога,796.0,4,5,3850.96,Задержка
SHP002083,2025-09-24,Москва,Новосибирск,Железная дорога,303.3,6,5,5570.56,В срок
SHP007220,2025-01-30,Екатеринбург,Казань,Авто,254.7,3,7,3248.56,Задержка
SHP009491,2025-10-13,Казань,Нижний Новгород,Авто,412.5,2,2,2655.42,В срок
SHP001289,2025-06-07,Санкт-Петербург,Казань,Авто,260.9,4,4,3569.23,В срок
SHP009640,2025-10-23,Новосибирск,Нижний Новгород,Железная дорога,396.9,6,10,4486.79,Задержка
SHP008787,2025-06-13,Санкт-Петербург,Уфа,Авто,398.4,5,9,4568.9,Задержка
SHP009321,2025-01-06,Екатеринбург,Уфа,Авто,321.8,2,2,2404.14,В срок
SHP004982,2025-05-07,Санкт-Петербург,Уфа,Железная дорога,242.4,5,8,3990.8,Задержка
SHP005121,2025-06-24,Екатеринбург,Казань,Железная дорога,246.3,3,3,3011.55,В срок
SHP001831,2025-03-11,Москва,Нижний Новгород,Железная дорога,33.3,3,3,1978.3,В срок
SHP004924,2025-12-22,Казань,Пермь,Авто,377.4,2,6,2478.47,Задержка
SHP001697,2025-03-17,Екатеринбург,Москва,авто ,142.2,4,4,4175.66,В срок
SHP008461,2025-03-22,Москва,Самара,Авиа,369.3,2,2,7766.41,В срок
SHP006889,2025-06-07,Новосибирск,Нижний Новгород,Авиа,541.4,3,4,16065.24,Задержка
SHP003918,2025-03-19,Москва,Новосибирск,Железная дорога,439.6,6,6,5614.61,В срок
SHP002615,2025-01-12,Санкт-Петербург,Новосибирск,Железная дорога,349.0,7,10,6393.72,Задержка
SHP009220,2025-11-22,Новосибирск,Екатеринбург,,57.4,4,6,3320.24,Задержка
SHP001017,2025-02-01,Москва,Ростов-на-Дону,Авиа,265.8,2,3,9120.45,Задержка
SHP005102,2025-12-27,Санкт-Петербург,Казань,Авиа,294.3,2,1,9629.92,В срок
SHP003343,2025-10-21,Казань,Пермь,Авто,242.9,2,3,2600.77,Задержка
SHP004915,2025-03-15,Москва,Новосибирск,Железная дорога,73.6,6,6,5321.48,В срок
SHP004690,2025-07-27,Москва,Екатеринбург,Авто,699.1,4,4,5449.12,В срок
SHP003344,2025-03-31,Екатеринбург,Пермь,Авто,195.3,2,2,1776.51,В срок
SHP003853,2025-06-02,Санкт-Петербург,Уфа,Авиа,650.9,2,2,14871.66,В срок
SHP001496,2025-06-30,Москва,Нижний Новгород,Железная дорога,126.8,3,3,2294.55,В срок
SHP009414,2025-02-12,Москва,Екатеринбург,Авиа,259.7,2,2,9842.44,В срок
SHP004315,2025-01-22,Москва,Екатеринбург,Железная дорога,220.6,4,4,3428.71,В срок
SHP003337,2025-04-03,Казань,Новосибирск,Железная дорога,451.3,5,5,5431.73,В срок
SHP007079,2025-02-21,Екатеринбург,Новосибирск,Железная дорога,259.1,4,4,3621.57,В срок
SHP003773,2025-12-06,Москва,Нижний Новгород,Авто,412.5,2,2,2316.89,В срок
SHP009318,2025-11-01,Санкт-Петербург,Уфа,Авиа,68.2,2,2,12260.6,В срок
SHP008594,2025-12-28,Новосибирск,Санкт-Петербург,Авиа,376.9,3,5,18720.24,Задержка
SHP004825,2025-07-09,Казань,Новосибирск,Авиа,954.3,3,2,16876.45,В срок
SHP000597,2025-10-29,Казань,Москва,Авто,212.1,3,3,3027.82,В срок
SHP003707,2025-12-22,Казань,Самара,Железная дорога,193.8,3,5,2112.8,Задержка
SHP000411,2025-03-27,Москва,Ростов-на-Дону,Железная дорога,180.2,4,4,2778.03,В срок
SHP001445,2025-11-10,Екатеринбург,Казань,Железная дорога,93.3,3,60,2339.88,В срок
SHP000512,2025-08-15,Москва,Екатеринбург,Железная дорога,56.0,4,4,3429.98,В срок
SHP008095,2025-10-07,Москва,Пермь,Авто,541.1,4,6,4518.87,Задержка
SHP004346,2025-04-01,Новосибирск,Екатеринбург,Авто,205.6,4,4,4458.57,В срок
SHP003480,2025-12-14,Москва,Нижний Новгород,Авто,246.2,2,2,2174.08,В срок
SHP009352,2025-07-18,Санкт-Петербург,Самара,Авто,124.0,4,4,3666.49,В срок
SHP004950,2025-12-20,Казань,Пермь,Авто,245.5,2,2,2327.93,В срок
SHP000256,2025-06-01,Москва,Нижний Новгород,Авто,186.0,2,3,999999.0,Задержка
SHP006813,2025-07-13,Москва,Екатеринбург,Железная дорога,87.5,4,8,3290.92,Задержка
SHP002621,2025-08-25,Казань,Екатеринбург,Авто,266.0,3,3,2933.57,В срок
SHP007994,2025-08-13,Москва,Самара,Железная дорога,264.3,4,4,3220.5,В срок
SHP006385,2025-02-19,Новосибирск,Пермь,Железная дорога,632.3,5,7,4461.74,Задержка
SHP008766,2025-10-14,Москва,Казань,Авто,614.9,3,2,3599.36,В срок
SHP001965,2025-07-09,Москва,Пермь,Железная дорога,811.6,4,4,4781.36,В срок
SHP001829,2025-05-06,Москва,Казань,Железная дорога,431.0,3,4,2966.22,Задержка
SHP001129,2025-07-01,Санкт-Петербург,Нижний Новгород,Авиа,533.6,2,2,9041.88,В срок
SHP003235,2025-06-08,Москва,Пермь,Авто,111.0,4,4,3745.8,В срок
SHP005158,2025-08-03,Москва,Самара,Авто,482.2,3,5,3515.64,Задержка
SHP002473,2025-03-10,Казань,Москва,Авто,59.8,3,7,2422.11,Задержка
SHP005437,2025-02-27,Москва,Екатеринбург,Авиа,222.4,2,4,10007.36,Задержка
SHP001951,2025-10-04,Москва,Новосибирск,Авиа,203.9,3,3,17464.38,В срок
SHP009254,2025-04-04,Новосибирск,Самара,Авиа,435.2,3,3,14619.34,В срок
SHP002665,2025-10-29,Новосибирск,Ростов-на-Дону,Авиа,110.6,3,3,17818.86,В срок
SHP003204,2025-07-02,Казань,Нижний Новгород,Авто,61.6,2,2,1872.89,В срок
SHP006255,2025-10-15,Екатеринбург,Самара,Авиа,155.9,2,2,7162.44,В срок
SHP004307,2025-05-01,Москва,Самара,Железная дорога,162.7,4,3,2909.87,В срок
SHP002536,2025-10-13,Санкт-Петербург,Москва,Авто,1628.2,3,3,6594.74,В срок
SHP009698,2025-01-12,Казань,Уфа,Железная дорога,572.1,3,5,2756.8,Задержка
SHP009922,2025-01-19,Новосибирск,Самара,Железная дорога,518.2,5,5,4658.75,В срок
SHP003857,2025-03-14,Москва,Уфа,Авиа,155.4,2,2,8503.05,В срок
SHP005255,2025-11-17,Москва,Новосибирск,Авиа,131.6,3,3,16510.03,В срок
SHP001520,2025-12-11,Екатеринбург,Нижний Новгород,Железная дорога,353.2,4,4,2793.31,В срок
SHP001748,2025-03-14,Екатеринбург,Ростов-на-Дону,,149.1,5,5,4115.65,В срок
SHP005090,2025-02-06,Екатеринбург,Нижний Новгород,Авиа,1094.3,2,2,13809.55,В срок
SHP006991,2025-06-22,Казань,Москва,Авто,496.7,3,3,3563.6,В срок
SHP004198,2025-04-01,Москва,Нижний Новгород,Авто,116.1,2,2,1749.68,В срок
SHP000993,2025-05-01,Москва,Самара,Железная дорога,183.4,4,4,3217.09,В срок
SHP009788,2025-10-12,Москва,Уфа,Железная дорога,156.0,4,4,3477.12,В срок
SHP007035,2025-05-20,Москва,Санкт-Петербург,Авто,805.1,3,7,4323.57,Задержка
SHP001928,2025-12-16,Санкт-Петербург,Новосибирск,Железная дорога,183.6,7,7,-100.0,В срок
SHP002129,2025-11-10,Москва,Ростов-на-Дону,Авто,450.0,3,3,4221.78,В срок
SHP004512,2025-05-04,Казань,Ростов-на-Дону,Железная дорога,124.5,4,4,2617.72,В срок
SHP005381,2025-08-05,Санкт-Петербург,Новосибирск,Авиа,210.7,3,3,19335.35,В срок
SHP000778,2025-09-11,Екатеринбург,Москва,Авто,164.3,4,4,3656.87,В срок
SHP009720,2025-06-18,Казань,Уфа,Авто,372.8,2,4,,Задержка
SHP005678,2025-05-30,Москва,Ростов-на-Дону,Авто,287.2,3,3,3398.98,В срок
SHP000390,2025-02-04,Москва,Казань,Авто,327.3,3,3,3238.33,В срок
SHP007482,2025-06-21,Казань,Нижний Новгород,Железная дорога,286.9,3,3,2304.37,В срок
SHP004873,2025-06-13,Казань,Екатеринбург,Железная дорога,140.7,3,3,2539.89,В срок
SHP002343,2025-10-06,Москва,Уфа,Авто,148.1,4,4,,В срок
SHP007848,2025-12-26,Москва,Пермь,Авто,148.4,4,6,3541.75,Задержка
SHP004170,2025-12-31,Новосибирск,Санкт-Петербург,Железная дорога,467.9,7,8,6484.47,Задержка
SHP003699,2025-01-30,Санкт-Петербург,Пермь,Железная дорога,298.4,5,5,3602.87,В срок
SHP009570,2025-12-17,Санкт-Петербург,Москва,Авто,629.8,3,3,3210.49,В срок
SHP006125,2025-07-24,Казань,Санкт-Петербург,Железная дорога,185.0,4,4,3108.1,В срок
SHP008115,2025-01-09,Москва,Пермь,Авто,497.3,4,4,4066.54,В срок
SHP007676,2025-04-15,Москва,Уфа,Авто,127.1,4,4,3163.77,В срок
SHP001053,2025-07-13,Москва,Санкт-Петербург,Авто,142.1,3,7,2425.4,Задержка
SHP005866,2025-05-14,Москва,Уфа,Железная дорога,110.5,4,5,3209.38,Задержка
SHP002356,2025-03-19,Новосибирск,Казань,Железная дорога,371.1,5,5,5704.91,В срок
SHP004290,2025-02-27,Москва,Самара,Железная дорога,215.2,4,4,2679.27,В срок
SHP003716,2025-01-23,Новосибирск,Ростов-на-Дону,Авиа,308.5,3,3,20172.26,В срок
SHP006943,2025-07-10,Казань,Уфа,Авто,532.1,2,2,2826.12,В срок
SHP003254,2025-08-24,Москва,Самара,Авто,60.2,3,2,2370.9,В срок
SHP009970,2025-05-12,Москва,Пермь,Железная дорога,413.9,4,3,3845.42,В срок
SHP004062,2025-09-07,Санкт-Петербург,Ростов-на-Дону,Авто,678.3,4,4,5182.33,В срок
SHP006729,2025-07-08,Москва,Екатеринбург,Авиа,116.1,2,2,9894.43,В срок
SHP007297,2025-11-17,Санкт-Петербург,Пермь,Авиа,188.0,2,2,11580.25,В срок
SHP004098,2025-04-26,Санкт-Петербург,Самара,Авиа,81.0,2,2,10912.33,В срок
SHP001960,2025-06-20,Новосибирск,Санкт-Петербург,Авто,464.6,7,7,8173.84,В срок
SHP003756,2025-06-07,Москва,Казань,Авто,766.4,3,5,3940.54,Задержка
SHP005828,2025-12-30,Москва,Нижний Новгород,Авто,299.8,2,2,2500.49,Задержка
SHP003861,2025-11-04,Москва,Санкт-Петербург,Железная дорога,228.1,3,3,2830.58,в срок 
SHP002035,2025-06-04,Москва,Казань,Авто,119.4,3,3,2584.49,В срок
SHP001715,2025-01-18,Санкт-Петербург,Казань,Авто,176.5,4,4,3681.93,В срок
SHP000010,2025-07-09,Санкт-Петербург,Екатеринбург,Авто,685.1,5,5,6523.77,В срок
SHP000924,2025-11-08,Санкт-Петербург,Пермь,Железная дорога,,5,5,5194.77,В срок
SHP007954,2025-10-18,Санкт-Петербург,Екатеринбург,Железная дорога,,5,5,4668.66,В срок
SHP002298,2025-02-07,Москва,Ростов-на-Дону,Авиа,365.5,2,1,9181.78,В срок
SHP001771,2025-03-05,Екатеринбург,Самара,Железная дорога,193.2,4,4,2667.17,В срок
SHP003530,2025-11-11,Новосибирск,Ростов-на-Дону,Железная дорога,306.0,7,7,6033.83,В срок
SHP006515,2025-12-30,Новосибирск,Екатеринбург,Железная дорога,904.2,4,4,4655.71,В срок
SHP004659,2025-09-11,Екатеринбург,Санкт-Петербург,Авто,202.7,5,7,4658.84,Задержка
SHP001104,2025-07-03,Москва,Новосибирск,Железная дорога,87.7,6,7,5647.47,Задержка
SHP004514,2025-04-22,Новосибирск,Ростов-на-Дону,Авиа,110.2,3,3,17028.67,В срок
SHP005413,2025-08-29,Москва,Пермь,Железная дорога,176.6,4,6,2881.04,Задержка
SHP005303,2025-11-22,Москва,Казань,Авто,180.1,3,3,2368.59,В срок
SHP000415,2025-08-26,Москва,Новосибирск,Железная дорога,1613.7,6,6,6981.41,В срок
SHP008394,2025-09-18,Москва,Екатеринбург,Железная дорога,119.1,4,4,3352.8,В срок
SHP008693,2025-11-25,Казань,Екатеринбург,Железная дорога,279.1,3,3,2523.83,В срок
SHP008516,2025-03-24,Екатеринбург,Самара,Авиа,355.6,2,2,8141.55,В срок
SHP009579,2025-02-26,Санкт-Петербург,Москва,Авто,174.6,3,3,2478.09,В срок
SHP004647,2025-04-09,Москва,Екатеринбург,Авиа,230.8,2,2,10539.27,В срок
SHP008016,2025-02-03,Екатеринбург,Санкт-Петербург,Железная дорога,887.7,5,7,5458.73,Задержка
SHP008248,2025-04-04,Москва,Нижний Новгород,Железная дорога,159.6,3,3,2107.24,В срок
SHP001706,2025-03-11,Новосибирск,Пермь,Железная дорога,265.5,5,5,3718.34,В срок
SHP004962,2025-06-24,Санкт-Петербург,Нижний Новгород,Авто,106.0,3,3,2796.2,В срок
SHP005367,2025-05-05,Казань,Уфа,Авто,128.0,2,2,2167.33,В срок
SHP006680,2025-07-12,Москва,Казань,Авиа,143.7,2,2,6736.33,В срок
SHP008937,2025-10-06,Казань,Ростов-на-Дону,авто ,121.4,4,3,3378.14,В срок
SHP007563,2025-12-03,Москва,Уфа,Авто,235.4,4,8,4010.01,Задержка
SHP004612,2025-02-08,Москва,Новосибирск,Авиа,355.1,3,3,16239.48,В срок
SHP006710,2025-04-19,Санкт-Петербург,Нижний Новгород,Авто,250.3,3,3,2910.52,В срок
SHP008780,2025-02-26,Москва,Ростов-на-Дону,Авто,391.4,3,3,3473.33,В срок
SHP006609,2025-07-04,Москва,Казань,Железная дорога,71.8,3,3,2636.39,В срок
SHP001877,2025-11-10,Москва,Ростов-на-Дону,Авто,127.5,3,3,3389.35,В срок
SHP002254,2025-02-14,Москва,Новосибирск,Железная дорога,528.5,6,6,5534.48,В срок
SHP008699,2025-10-26,Москва,Новосибирск,Железная дорога,61.6,6,6,5087.56,В срок
SHP003063,2025-07-03,Москва,Самара,Железная дорога,293.3,4,6,3129.56,Задержка
SHP006944,2025-01-04,Екатеринбург,Пермь,Железная дорога,45.2,3,3,1920.45,В срок
SHP008677,2025-11-23,Санкт-Петербург,Екатеринбург,Железная дорога,92.1,5,5,4127.69,В срок
SHP004595,2025-12-11,Казань,Нижний Новгород,Авто,295.9,2,2,2138.34,В срок
SHP003821,2025-06-30,Москва,Ростов-на-Дону,Авто,265.2,3,3,3709.27,В срок
SHP001761,2025-02-17,Москва,Ростов-на-Дону,Авто,99.3,3,3,3071.15,В срок
SHP000716,2025-08-20,Москва,Казань,Авто,330.7,3,3,3133.11,В срок
SHP009789,2025-12-13,Казань,Уфа,Авиа,111.7,2,2,5503.05,В срок
SHP009156,2025-04-01,Санкт-Петербург,Екатеринбург,Авиа,176.0,2,2,12613.89,В срок
SHP003550,2025-04-29,Санкт-Петербург,Самара,Авто,883.6,4,4,5623.04,В срок
SHP002648,2025-12-16,Екатеринбург,Москва,Авиа,116.3,2,2,9723.45,В срок
SHP003589,2025-09-03,Москва,Ростов-на-Дону,Железная дорога,361.6,4,4,3567.84,В срок
SHP009369,2025-03-25,Казань,Новосибирск,Авто,123.8,6,6,5025.58,В срок
SHP004676,2025-01-08,Москва,Уфа,Железная дорога,632.3,4,4,4030.01,В срок
SHP007513,2025-02-18,Москва,Самара,Авто,465.1,3,3,3855.05,В срок
SHP006658,2025-12-28,Казань,Нижний Новгород,Железная дорога,1002.9,3,3,3732.16,В срок
SHP009937,26.09.2025,Казань,Уфа,Авто,662.1,2,2,3374.97,в срок 
SHP008932,10.12.2025,Новосибирск,Самара,Железная дорога,963.4,5,5,5637.41,В срок
SHP003841,2025-07-15,Казань,Уфа,Железная дорога,197.3,3,3,2141.61,В срок
SHP000813,2025-08-28,Екатеринбург,Новосибирск,Авто,301.3,4,4,4513.1,В срок
SHP000441,2025-10-24,Москва,Санкт-Петербург,Авто,48.6,3,3,2358.4,В срок
SHP008770,2025-02-03,Москва,Нижний Новгород,Железная дорога,379.8,3,4,2494.24,Задержка
SHP001046,2025-05-05,Москва,Санкт-Петербург,Авто,429.3,3,6,3008.17,Задержка
SHP006284,2025-08-07,Новосибирск,Санкт-Петербург,Железная дорога,288.5,7,8,6351.61,Задержка
SHP005686,2025-01-31,Санкт-Петербург,Казань,Авто,737.0,4,4,5446.08,В срок
SHP004146,2025-02-05,Санкт-Петербург,Екатеринбург,Железная дорога,130.8,5,7,4183.58,Задержка
SHP000149,2025-02-22,Москва,Уфа,Железная дорога,118.1,4,4,3184.13,В срок
SHP009054,2025-12-06,Казань,Москва,Авто,33.1,3,3,2113.13,В срок
SHP005538,2025-01-23,Санкт-Петербург,Ростов-на-Дону,Авиа,150.9,2,2,10436.26,в срок 
SHP002862,26.02.2025,Москва,Уфа,Авто,276.9,4,4,3596.83,В срок
SHP007467,31.05.2025,Москва,Ростов-на-Дону,Авиа,196.1,2,2,7626.52,В срок
SHP004303,2025-01-27,Новосибирск,Нижний Новгород,Железная дорога,331.9,6,7,4556.56,Задержка
SHP009259,2025-12-09, екатеринбург,Нижний Новгород,Авто,363.6,3,3,3622.09,В срок
SHP008984,2025-04-20,Москва,Ростов-на-Дону,Железная дорога,401.8,4,4,3325.65,В срок
SHP004216,2025-03-30,Санкт-Петербург,Ростов-на-Дону,Авто,246.3,4,6,3873.7,Задержка
SHP005964,2025-07-16,Москва,Самара,Авиа,310.3,2,2,8499.15,В срок
SHP003922,2025-09-30,Москва,Екатеринбург,Железная дорога,471.6,4,7,3870.62,Задержка
SHP002600,2025-03-10,Казань,Уфа,Авто,289.9,2,2,2286.86,В срок
SHP008688,2025-05-20,Екатеринбург,Санкт-Петербург,Авиа,195.7,2,2,12661.41,В срок
SHP005501,2025-09-11,Москва,Екатеринбург,Авиа,502.0,2,2,10289.37,В срок
SHP009383,2025-08-04,Новосибирск,Екатеринбург,Авиа,234.1,2,1,10576.5,В срок
SHP001704,2025-02-07,Москва,Екатеринбург,Авиа,603.5,2,6,11778.93,Задержка
SHP008070,2025-07-07,Москва,Казань,Авто,257.6,3,3,2677.0,В срок
SHP001284,2025-04-23,Новосибирск,Казань,Железная дорога,128.4,5,5,4659.41,В срок
SHP006088,2025-08-25,Санкт-Петербург,Москва,Авто,156.4,3,3,2267.82,В срок
SHP009626,2025-04-21,Казань,Самара,Железная дорога,165.5,3,3,2038.26,В срок
SHP006239,2025-06-01,Москва,Новосибирск,Авиа,90.6,3,3,16178.64,В срок
SHP003271,2025-05-18,Санкт-Петербург,Новосибирск,Авто,102.5,7,7,6981.73,В срок
SHP002847,2025-04-19,Казань,Ростов-на-Дону,Авто,1009.2,4,4,5694.69,В срок
SHP002624,2025-08-16,Москва,Ростов-на-Дону,Железная дорога,109.3,4,4,2686.93,В срок
SHP001478,2025-05-04,Москва,Ростов-на-Дону,Железная дорога,157.7,4,4,2930.46,В срок
SHP004597,2025-03-27,Санкт-Петербург,Новосибирск,Железная дорога,632.5,7,7,6703.9,В срок
SHP007770,04.03.2025,Санкт-Петербург,Казань,Авто,586.5,4,4,4251.46,В срок
SHP001055,2025-01-15,Санкт-Петербург,Нижний Новгород,Железная дорога,252.8,4,4,2694.58,В срок
SHP006231,2025-02-22,Москва,Нижний Новгород,Железная дорога,275.1,3,3,2616.65,В срок
SHP002681,2025-01-04,Санкт-Петербург,Москва,Авиа,251.9,2,1,6755.2,В срок
SHP007318,2025-08-30,Москва,Пермь,авто ,114.2,4,5,3421.74,Задержка
SHP001037,2025-11-18,Казань,Пермь,Авто,222.4,2,2,1928.02,В срок
SHP000424,2025-12-25,Москва,Ростов-на-Дону,Авиа,387.4,2,2,9431.14,В срок
SHP001907,2025-06-15,Москва,ростов-на-дону,Железная дорога,386.0,4,4,3737.83,В срок
SHP001523,2025-12-24,Екатеринбург,Самара,Авто,497.4,3,4,3531.87,Задержка
SHP001259,2025-01-02,Санкт-Петербург,Нижний Новгород,Авто,1110.7,3,6,5561.04,Задержка
SHP005540,2025-01-05,Москва,Новосибирск,Железная дорога,204.5,6,5,5318.51,В срок
SHP007820,2025-12-05,Екатеринбург,Новосибирск,Железная дорога,190.4,4,4,3826.4,В срок
SHP001552,2025-08-14,Казань,Пермь,Авто,345.9,2,4,,Задержка
SHP002098,2025-01-11,Екатеринбург,Пермь,Авто,447.6,2,6,2532.12,Задержка
SHP005038,2025-09-03,Новосибирск,Пермь,Авто,214.5,5,5,4768.1,В срок
SHP006842,2025-11-15,Москва,Уфа,Авто,91.1,4,4,3088.53,В срок
SHP009552,2025-10-21,Казань,Уфа,Авто,98.7,2,4,1920.21,Задержка
SHP001983,2025-03-21,Екатеринбург,Москва,Авто,109.5,4,4,3824.47,В срок
SHP009094,2025-05-24,Санкт-Петербург,Самара,Авто,1386.8,4,4,6761.48,В срок
SHP006611,2025-11-20,Екатеринбург,Нижний Новгород,Авто,149.3,3,3,2762.98,В срок
SHP000680,2025-01-18,Москва,Казань,Авиа,528.1,2,2,9158.83,В срок
SHP001026,2025-01-31,Москва,Самара,Авто,362.4,3,7,3123.81,Задержка
SHP005134,2025-08-06,Москва,Самара,Железная дорога,81.9,4,4,2635.24,В срок
SHP004857,2025-01-11,Москва,Казань,Авто,226.7,3,3,2853.68,В срок
SHP003638,2025-04-18,Москва,Ростов-на-Дону,Авиа,458.5,2,3,10148.08,Задержка
SHP007429,2025-10-23,Екатеринбург,Казань,Авто,233.4,3,3,2483.31,В срок
SHP003048,2025-01-02,Москва,Самара,Железная дорога,1132.1,4,4,4144.48,В срок
SHP007238,2025-10-16,Екатеринбург,Ростов-на-Дону,Авиа,555.5,2,2,13376.77,В срок
SHP009479,2025-04-26,Санкт-Петербург,Екатеринбург,Железная дорога,482.6,5,5,4659.78,В срок
SHP007964,2025-12-18,Москва,Санкт-Петербург,Авто,328.8,3,3,2821.44,В срок
SHP008199,2025-09-06,Москва,Новосибирск,Железная дорога,344.6,6,6,6347.96,В срок
SHP006063,2025-05-28,Москва,Екатеринбург,Железная дорога,128.9,4,5,3142.63,Задержка
SHP001111,2025-11-06,Санкт-Петербург,Екатеринбург,Железная дорога,251.5,5,5,4073.41,В срок
SHP005579,2025-11-16,Екатеринбург,Казань,Авто,89.3,3,7,2579.94,Задержка
SHP007359,2025-12-10,Новосибирск,Екатеринбург,Железная дорога,1066.6,4,4,5015.53,В срок
SHP000729,2025-08-18,Санкт-Петербург,Нижний Новгород,Авто,106.2,3,3,2826.35,В срок
SHP003694,2025-04-18,Санкт-Петербург,Новосибирск,Авто,159.9,7,7,6549.43,В срок
SHP007854,2025-12-06,Санкт-Петербург,Москва,Авиа,530.5,2,2,7902.53,В срок
SHP007256,2025-10-03,Москва,Пермь,Авто,322.4,4,4,3799.4,В срок
SHP007677,2025-12-30,Москва,Новосибирск,Авиа,602.7,3,3,18124.36,В срок
SHP003807,2025-04-17,Москва,Екатеринбург,Железная дорога,139.4,4,4,3513.93,В срок
SHP006983,2025-03-07,Москва,Пермь,Железная дорога,70.4,4,4,3333.3,В срок
SHP001309,2025-04-10,Москва,Санкт-Петербург,Авто,78.9,3,2,2197.14,В срок
SHP009154,2025-10-11,Новосибирск,Санкт-Петербург,Авиа,139.2,3,3,18681.16,В срок
SHP007026,2025-04-09,Казань,Нижний Новгород,Железная дорога,412.5,3,3,2425.25,В срок
SHP003666,2025-01-07,Санкт-Петербург,Екатеринбург,Авто,583.1,5,5,5735.83,В срок
SHP003947,2025-04-24,Москва,Казань,Авто,253.9,3,4,2929.69,Задержка
SHP005902,2025-08-26,Екатеринбург,Самара,Железная дорога,186.8,4,3,2816.27,В срок
SHP008043,2025-06-26,Новосибирск,Ростов-на-Дону,Железная дорога,152.0,7,7,5792.35,В срок
SHP000802,2025-02-24,Казань,Уфа,Авто,203.6,2,2,2237.34,В срок
SHP004969,2025-02-04,Москва,Санкт-Петербург,Авиа,358.7,2,2,8364.68,В срок
SHP008377,2025-08-05,Казань,Новосибирск,Авиа,610.1,3,2,15446.66,В срок
SHP008348,2025-10-01,Москва,Самара,Авто,193.7,3,3,3033.51,В срок
SHP002432,2025-10-02,Новосибирск,Самара,Авиа,360.0,3,3,12935.47,В срок
SHP005732,2025-07-02,Москва,Новосибирск,Железная дорога,171.6,6,6,5422.92,В срок
SHP008584,2025-06-30,Новосибирск,Уфа,Авиа,263.6,2,2,10970.23,В срок
SHP006411,2025-07-04,Новосибирск,Уфа,Авто,243.0,5,5,4805.8,В срок
SHP009645,2025-03-30,Москва,Казань,Авто,702.4,3,5,3935.89,Задержка
SHP005637,2025-08-30,Казань,Уфа,Авто,290.0,2,2,2370.63,Задержка
SHP005440,2025-04-11,Москва,Новосибирск,Авиа,570.4,3,3,20756.6,В срок
SHP009823,2025-11-30,Новосибирск,Самара,Железная дорога,1207.8,5,5,5947.92,В срок
SHP002694,2025-09-26,Новосибирск,Екатеринбург,Железная дорога,45.7,4,7,3100.26,Задержка
SHP007103,2025-12-01,Москва,Уфа,Авто,176.0,4,4,3867.12,В срок
SHP000003,2025-07-25,Москва,Санкт-Петербург,Железная дорога,338.0,3,3,3338.8,В срок
SHP002513,2025-03-22,Новосибирск,Ростов-на-Дону,Авиа,157.3,3,3,19265.29,В срок
SHP006945,2025-02-13,Казань,Ростов-на-Дону,Железная дорога,68.1,4,3,3226.81,В срок
SHP009879,2025-06-20,Новосибирск,Ростов-на-Дону,Железная дорога,465.9,7,7,5733.68,В срок
SHP003505,2025-11-01,Москва,Новосибирск,Авиа,250.6,3,3,17278.62,В срок
SHP009441,2025-10-24,Санкт-Петербург,Нижний Новгород,Авто,523.5,3,3,4324.62,В срок
SHP008402,2025-01-01,Новосибирск,Ростов-на-Дону,Железная дорога,352.4,7,7,5633.36,В срок
SHP006277,2025-03-28,Москва,Уфа,Авто,243.5,4,4,3068.45,В срок
SHP001250,2025-08-30,Казань,Санкт-Петербург,Железная дорога,413.8,4,4,3861.95,В срок
SHP005082,2025-04-29,Екатеринбург,нижний новгород,Железная дорога,154.0,4,3,3641.76,В срок
SHP005689,2025-11-03,Москва,Екатеринбург,Авто,455.3,4,4,5253.71,В срок
SHP002609,2025-05-26,Москва,Уфа,Железная дорога,515.3,4,3,3654.65,В срок
SHP002976,2025-03-08,Екатеринбург,Нижний Новгород,Авиа,180.5,2,2,9380.87,В срок
SHP009252,2025-12-05,Москва,Самара,Железная дорога,188.7,4,4,2950.6,В срок
SHP003721,2025-05-14,Казань,Екатеринбург,Авто,120.0,3,3,2965.73,В срок
SHP001444,2025-05-31,Москва,Самара,Авиа,530.0,2,2,9367.08,В срок
SHP003738,2025-02-19,Казань,Москва,Железная дорога,422.7,3,3,2979.58,В срок
SHP000566,2025-11-25,Новосибирск,Екатеринбург,Авиа,91.9,2,2,9566.87,В срок
SHP007868,2025-03-06,Москва,Пермь,Авто,287.2,4,4,3624.2,В срок
SHP006815,2025-11-10,Москва,Нижний Новгород,Авто,133.8,2,2,2013.33,В срок
SHP002252,2025-11-29,Екатеринбург,Самара,Авто,198.2,45,3,2985.17,В срок
SHP008103,2025-10-21,Екатеринбург,Самара,Авто,288.9,3,7,3421.26,Задержка
SHP000482,2025-04-17,Санкт-Петербург,Новосибирск,Железная дорога,617.3,7,7,7094.33,В срок
SHP000944,2025-05-22,Новосибирск,Самара,Железная дорога,212.5,5,5,4610.5,В срок
SHP009894,2025-03-12,Санкт-Петербург,Ростов-на-Дону,Авто,232.8,4,4,3869.39,В срок
SHP004805,2025-10-26,Москва,Новосибирск,Авиа,127.3,3,3,16566.7,В срок
SHP009039,2025-07-15,Санкт-Петербург,Пермь,Авто,426.5,4,3,4552.66,В срок
SHP003792,2025-02-26,Москва,Новосибирск,Железная дорога,416.1,6,10,5793.8,Задержка
SHP001916,19.07.2025,Санкт-Петербург,Самара,Авто,115.1,4,8,4052.81,Задержка
SHP009024,2025-07-24,Казань,Пермь,Авто,336.9,2,6,2989.17,Задержка
SHP009596,2025-07-30,Екатеринбург,Уфа,Авто,84.8,2,6,1671.58,Задержка
SHP005033,2025-08-18,Москва,Пермь,Авто,132.2,4,4,3593.25,В срок
SHP006525,2025-04-07,Москва,Санкт-Петербург,Авто,109.0,3,5,2294.9,Задержка
SHP004763,2025-02-26,Новосибирск,Пермь,Железная дорога,178.8,5,6,3814.7,Задержка
SHP004565,2025-01-29,Санкт-Петербург,Нижний Новгород,Железная дорога,243.4,4,4,2625.75,В срок
SHP008319,2025-11-10,Москва,Самара,Авто,202.4,3,7,3168.16,Задержка
SHP008564,2025-10-14,Новосибирск,Самара,Авиа,312.9,3,3,13699.48,В срок
SHP006401,04.12.2025,Москва,Ростов-на-Дону,Авто,209.8,3,3,3221.81,В срок
SHP000165,2025-01-20,Казань,Екатеринбург,Авто,415.0,3,3,3680.1,В срок
SHP008439,2025-08-12,Москва,Уфа,Авто,135.2,4,5,3432.8,Задержка
SHP006734,2025-08-10,Москва,Екатеринбург,Авиа,129.9,2,2,9030.16,В срок
SHP006556,2025-08-20,Екатеринбург,Ростов-на-Дону,Железная дорога,316.7,5,5,4673.32,В срок
SHP007761,2025-09-30,Москва,Самара,Авиа,1170.5,2,2,14218.67,В срок
SHP009593,2025-04-14,Новосибирск,Нижний Новгород,Авиа,255.4,3,3,16172.35,Задержка
SHP003310,2025-01-24,Москва,Казань,Авто,179.7,3,3,2687.79,В срок
SHP004071,2025-11-15,Екатеринбург,Санкт-Петербург,Авто,242.4,5,8,5127.23,Задержка
SHP007744,2025-03-22,Новосибирск,Екатеринбург,Железная дорога,266.9,4,4,3647.67,В срок
SHP009314,2025-12-29,Москва,Уфа,Авто,112.5,4,6,3140.9,Задержка
SHP004485,2025-04-14,Екатеринбург,Казань,Авто,147.4,3,3,2547.05,В срок
SHP006594,2025-07-12,Казань,Екатеринбург,Авто,131.0,3,3,2656.69,В срок
SHP003022,2025-01-02,Москва,Казань,Авто,191.9,3,2,2600.28,В срок
SHP005821,2025-02-02,Москва,Казань,Авто,262.6,3,3,2928.54,В срок
SHP006989,2025-05-17,Екатеринбург,Пермь,Железная дорога,177.4,3,6,2119.34,Задержка
SHP003564,2025-03-13,Новосибирск,Екатеринбург,Авто,56.1,4,3,3533.96,В срок
SHP001317,2025-06-01,Москва,Ростов-на-Дону,Авто,397.8,3,3,4156.68,В срок
SHP002265,2025-07-04,Казань,Новосибирск,Железная дорога,173.7,5,5,4714.84,В срок
SHP002185,2025-04-17,Екатеринбург,Новосибирск,Авто,303.1,4,4,4007.85,В срок
SHP000877,2025-12-11,Санкт-Петербург,Пермь,Авто,118.6,4,4,3552.55,В срок
SHP000800,2025-12-16,Москва,Пермь,Авто,401.1,4,4,4348.55,В срок
SHP003179,2025-01-13,Екатеринбург,Санкт-Петербург,Авто,271.5,5,5,5251.17,В срок
SHP009047,2025-03-08,Москва,Новосибирск,Железная дорога,165.8,6,6,4458.06,В срок
SHP003140,2025-07-20,Екатеринбург,Новосибирск,Авиа,160.6,2,1,10765.92,В срок
SHP006155,2025-04-13,Москва,Ростов-на-Дону,Железная дорога,241.0,4,6,3279.37,Задержка
SHP006844,2025-07-01,Москва,Пермь,Авто,190.6,4,4,3541.27,В срок
SHP002139,2025-08-30,Екатеринбург,Москва,Железная дорога,208.7,4,4,3839.1,В срок
SHP004939,2025-12-18,Новосибирск,Нижний Новгород,Железная дорога,282.8,6,6,5140.35,В срок
SHP008392,2025-02-13,Москва,Казань,Авто,165.5,3,3,3174.38,В срок
SHP008910,2025-08-20,Екатеринбург,Санкт-Петербург,Железная дорога,105.8,5,5,4083.87,В срок
SHP005583,2025-08-19,Москва,Казань,Авто,115.1,3,2,2780.16,В срок
SHP004797,2025-03-18,Москва,Самара,Авиа,291.4,2,1,7935.41,В срок
SHP006200,2025-10-02,Москва,Самара,Авто,252.7,3,3,3139.16,В срок
SHP009224,2025-05-21,Москва,Ростов-на-Дону,Железная дорога,76.1,4,4,2681.23,В срок
SHP004539,2025-07-02,Казань,Новосибирск,Авиа,68.1,3,3,12915.36,В срок
SHP005347,2025-08-23,Казань,Екатеринбург,Авто,638.0,3,3,3930.74,В срок
SHP000605,2025-02-11,Санкт-Петербург,Уфа,Авто,353.1,5,5,4413.67,В срок
SHP007799,2025-09-25,Москва,Нижний Новгород,Железная дорога,172.3,3,3,2126.45,В срок
SHP007503,2025-11-18,Санкт-Петербург,Самара,Железная дорога,330.0,4,4,3903.57,В срок
SHP000303,2025-09-27,Казань,Самара,Авто,496.5,2,6,2923.35,Задержка
SHP007545,2025-01-10,Новосибирск,Казань,Авиа,141.2,3,6,12872.61,Задержка
SHP006115,2025-03-13,Санкт-Петербург,Казань,Авиа,254.6,2,2,10312.54,В срок
SHP005010,2025-08-26,Екатеринбург,Самара,Авто,382.8,3,3,3661.75,В срок
SHP002628,2025-10-20,Москва,Екатеринбург,Авиа,155.3,2,2,10593.69,В срок
SHP003427,2025-05-12,Санкт-Петербург,Новосибирск,Железная дорога,77.7,7,7,6193.94,В срок
SHP001851,2025-12-31,Москва,Санкт-Петербург,Авто,220.6,3,3,2480.83,В срок
SHP002613,2025-02-19,Казань,Ростов-на-Дону,Авиа,325.8,2,5,10445.8,Задержка
SHP003023,2025-10-24,Москва,Пермь,Авто,928.0,4,4,5272.98,В срок
SHP000150,2025-06-21,Санкт-Петербург,Пермь,Авиа,125.6,2,2,10546.12,В срок
SHP002778,2025-06-15,Санкт-Петербург,Ростов-на-Дону,Железная дорога,220.1,5,5,4382.39,В срок
SHP004221,2025-09-26,Санкт-Петербург,Ростов-на-Дону,Авто,78.9,4,4,4046.42,В срок
SHP008082,2025-04-07,Санкт-Петербург,Самара,Железная дорога,145.8,4,4,3698.67,В срок
SHP005406,2025-01-23,Казань,Пермь,Авто,276.1,2,1,2512.26,В срок
SHP003218,2025-10-30,Екатеринбург,Ростов-на-Дону,Железная дорога,403.0,5,5,5080.77,В срок
SHP009109,10.04.2025,Москва,Самара,Железная дорога,136.5,4,6,3096.22,Задержка
SHP000320,2025-09-21,Санкт-Петербург,Казань,Авто,117.2,4,7,3712.07,Задержка
SHP005850,2025-10-26,Новосибирск,Казань,Авиа,321.4,3,3,13551.43,В срок
SHP007885,2025-04-08,Москва,Екатеринбург,Железная дорога,465.7,4,4,3588.12,В срок
SHP004615,2025-09-13,Москва,Санкт-Петербург,Авто,688.2,3,3,4027.95,В срок
SHP006429,2025-12-16,Москва,Казань,Авто,115.2,3,3,-100.0,В срок
SHP001484,2025-05-04,Санкт-Петербург,Ростов-на-Дону,Авиа,340.6,2,2,13363.18,В срок
SHP003421,2025-12-19,Москва,Нижний Новгород,Авто,95.3,2,2,1818.44,В срок
SHP005838,2025-05-25,Москва,Ростов-на-Дону,Авиа,422.4,2,2,8959.76,В срок
SHP007304,2025-08-25,Москва,Нижний Новгород,Авто,155.3,2,2,1975.16,В срок
SHP003594,2025-01-18,Казань,Пермь,Железная дорога,244.7,3,3,2562.9,В срок
SHP009093,2025-11-18,Москва,Нижний Новгород,Авто,123.9,2,6,1760.06,Задержка
SHP007623,2025-08-08,Москва,Санкт-Петербург,Авто,295.4,3,3,2943.01,В срок
SHP005200,2025-03-17,Санкт-Петербург,Нижний Новгород,Авиа,261.4,2,2,8627.97,В срок
SHP004979,2025-09-15,Москва,Пермь,,1082.0,2,2,12235.38,В срок
SHP000914,2025-08-23,Москва,Новосибирск,Железная дорога,,6,6,4565.79,В срок
SHP003408,2025-11-01,Санкт-Петербург,Казань,Авто,362.7,4,5,4458.51,Задержка
SHP002974,2025-05-04,Екатеринбург,Нижний Новгород,Железная дорога,98.1,4,4,2939.36,В срок
SHP007970,2025-10-15,Санкт-Петербург,Нижний Новгород,Авто,131.3,3,7,3114.85,Задержка
SHP000048,2025-07-30,Москва,Казань,Авто,85.0,3,3,2524.27,В срок
SHP000361,2025-04-15,Екатеринбург,Самара,Авто,76.5,3,3,2303.6,В срок
SHP003554,2025-09-05,Екатеринбург,Казань,Авто,530.4,3,5,3644.56,Задержка
SHP001728,2025-06-09,Казань,Москва,Авто,183.7,3,3,3096.03,В срок
SHP000121,2025-01-05,Москва,Уфа,Авто,174.0,4,4,3697.77,В срок
SHP008045,2025-10-16,Москва,Пермь,Железная дорога,294.1,4,4,3081.38,В срок
SHP000708,2025-04-18,Москва,Ростов-на-Дону,Авто,401.5,3,3,3573.32,В срок
SHP001871,2025-06-01,Санкт-Петербург,Казань,Железная дорога,407.2,4,6,3114.46,Задержка
SHP006433,2025-06-25,Москва,Самара,Авиа,89.6,2,2,7667.14,В срок
SHP006608,2025-08-24,Новосибирск,Казань,Авиа,160.1,3,3,13657.16,В срок
SHP006699,2025-01-10,Казань,Новосибирск,Авиа,560.1,3,3,14303.26,В срок
SHP009255,2025-09-15,Санкт-Петербург,Нижний Новгород,Авто,372.4,3,3,3995.0,В срок
SHP001652,2025-12-09,Москва,Пермь,Авиа,382.9,2,2,10194.34,В срок
SHP003052,2025-11-12,Новосибирск,Санкт-Петербург,Железная дорога,78.3,7,7,6381.34,В срок
SHP007569,2025-12-23,Санкт-Петербург,Ростов-на-Дону,Железная дорога,133.4,5,5,3893.22,В срок
SHP008678,2025-04-02,Москва,Ростов-на-Дону,Авиа,167.4,2,2,7952.91,В срок
SHP004040,2025-01-08,Москва,Новосибирск,Авиа,169.9,3,4,18136.1,Задержка
SHP003532,2025-06-19,Москва,Новосибирск,Авиа,582.2,3,3,19340.87,В срок
SHP005364,2025-10-27,Санкт-Петербург,Пермь,Железная дорога,228.3,5,5,3808.97,В срок
SHP009666,2025-01-27,Новосибирск,Уфа,Авто,340.0,5,6,5012.37,Задержка
SHP008418,2025-08-23,Санкт-Петербург,Самара,Железная дорога,460.2,4,4,4259.09,В срок
SHP009584,2025-01-22,Москва,Самара,Железная дорога,193.1,4,8,2828.1,Задержка
SHP002246,2025-09-05,Москва,Екатеринбург,Железная дорога,375.2,4,3,3401.65,В срок
SHP001904,2025-10-19,Екатеринбург,Казань,Железная дорога,168.6,3,3,,В срок
SHP003053,2025-02-02,Казань,Санкт-Петербург,Железная дорога,238.8,4,6,3692.34,Задержка
SHP006715,2025-08-24,Санкт-Петербург,Ростов-на-Дону,Железная дорога,411.6,5,5,4074.17,В срок
SHP008245,2025-02-27,Санкт-Петербург,Самара,Авиа,551.4,2,2,12084.87,В срок
SHP006758,2025-10-30,Екатеринбург,Нижний Новгород,Авто,1318.6,3,3,6548.12,В срок
SHP007720,2025-04-26,Москва,Екатеринбург,Железная дорога,621.8,4,3,4526.58,В срок
SHP008150,2025-11-07,Екатеринбург,Пермь,Авто,134.4,2,2,1951.18,В срок
SHP007216,2025-10-05,Екатеринбург,Казань,Авто,740.8,3,4,4555.11,Задержка
SHP006188,2025-02-17,Екатеринбург,Уфа,Железная дорога,116.3,3,3,1930.44,В срок
SHP009423,2025-08-12,Санкт-Петербург,Ростов-на-Дону,авто ,914.6,4,4,5903.37,В срок
SHP004866,2025-07-26,Екатеринбург,Новосибирск,Авиа,415.4,2,2,10864.25,В срок
SHP002280,2025-06-20,Москва,Новосибирск,Железная дорога,259.3,6,6,5732.77,В срок
SHP009616,2025-06-29,Москва,Самара,Авиа,255.2,2,3,8063.39,Задержка
SHP004867,2025-03-16,Москва,Пермь,Железная дорога,151.5,4,8,3574.71,Задержка
SHP009892,2025-01-04,Екатеринбург,Пермь,Авто,224.1,2,3,1917.52,Задержка
SHP004260,2025-12-15,Москва,Екатеринбург,Авто,187.2,4,4,3961.77,В срок
SHP004016,2025-08-15,Казань,Санкт-Петербург,Авто,379.7,4,4,4293.12,В срок
SHP003687,2025-05-11,Москва,Нижний Новгород,Авто,116.9,2,2,1757.66,Задержка
SHP008093,2025-12-24,Новосибирск,Москва,Авиа,271.7,3,3,17450.82,В срок
SHP006175,2025-02-10,Москва,Санкт-Петербург,Железная дорога,418.2,3,3,2830.89,В срок
SHP005172,2025-09-10,Санкт-Петербург,Нижний Новгород,Железная дорога,393.3,4,4,3055.25,В срок
SHP009236,2025-10-28,Москва,Пермь,Железная дорога,682.6,4,4,3968.74,В срок
SHP002318,2025-10-06,новосибирск ,Пермь,Авиа,141.7,2,2,10471.16,В срок
SHP005852,2025-08-05,Казань,Уфа,Авто,580.9,2,2,3049.97,В срок
SHP004083,2025-08-30,Екатеринбург,Казань,Авто,280.0,3,3,3047.23,В срок
SHP006869,2025-12-10,Москва,Казань,Авто,375.1,3,3,3460.89,В срок
SHP000209,2025-08-08,Москва,Пермь,Железная дорога,385.0,4,7,3730.42,Задержка
SHP002060,2025-03-01,Новосибирск,Москва,Железная дорога,84.1,6,5,5189.86,В срок
SHP000002,2025-03-12,Москва,Ростов-на-Дону,Авто,546.9,3,3,4130.83,В срок
SHP002553,2025-05-27,Казань,Екатеринбург,Авто,240.0,3,2,2989.7,В срок
SHP003045,2025-02-11,Москва,Уфа,Авто,73.3,4,4,3337.52,В срок
SHP006763,2025-04-22,Казань,Москва,Авто,1388.7,3,3,5446.76,В срок
SHP008972,2025-05-06,санкт-петербург,Уфа,Железная дорога,360.2,5,5,4366.68,В срок
SHP004280,2025-10-14,Санкт-Петербург,Самара,Железная дорога,379.2,4,4,4014.9,В срок
SHP001801,2025-09-19,Москва,Новосибирск,Железная дорога,249.4,6,10,5174.24,Задержка
SHP006523,2025-12-06,Москва,Казань,Железная дорога,372.3,3,2,2758.87,В срок
SHP005298,2025-04-10,Санкт-Петербург,Новосибирск,Авиа,610.8,3,6,20638.46,Задержка
SHP004599,2025-10-08,Новосибирск,Самара,Железная дорога,144.8,5,5,4202.63,В срок
SHP000389,2025-06-30,Екатеринбург,Москва,Авто,494.3,4,7,4264.36,Задержка
SHP005466,2025-11-06,Москва,санкт-петербург,Авто,453.6,3,3,3398.3,В срок
SHP000452,2025-07-11,Новосибирск,Казань,Авто,165.2,6,6,4587.57,В срок
SHP005794,2025-04-21,Новосибирск,Самара,Железная дорога,214.7,5,5,4802.45,В срок
SHP008981,2025-09-29,Москва,Ростов-на-Дону,Авто,87.9,3,4,2928.83,Задержка
SHP001052,2025-10-20,Москва,Уфа,Железная дорога,168.7,4,4,3253.22,В срок
SHP002069,2025-04-08,Москва,Новосибирск,Железная дорога,418.9,6,6,5602.19,В срок
SHP007314,2025-01-30,Москва,Пермь,Авиа,1163.5,2,4,14009.74,Задержка
SHP004978,2025-08-27,Москва,Новосибирск,Железная дорога,266.4,6,6,5486.61,В срок
SHP006118,2025-07-03,Новосибирск,Казань,Железная дорога,127.1,5,5,5097.38,В срок
SHP003339,2025-10-22,Москва,Самара,Авиа,230.1,2,2,7916.29,В срок
SHP008994,2025-11-21,Екатеринбург,Москва,Железная дорога,175.8,4,4,3488.34,В срок
SHP006319,2025-07-29,Москва,Нижний Новгород,Авто,545.1,2,2,3137.91,В срок
SHP002866,2025-10-16,Новосибирск,Пермь,Авто,211.6,5,7,4436.97,В срок
SHP002297,2025-02-27,Санкт-Петербург,Ростов-на-Дону,Железная дорога,435.0,5,5,4360.78,В срок
SHP000937,2025-05-21,Екатеринбург,Нижний Новгород,Авто,264.4,3,4,3773.13,Задержка
SHP008254,2025-06-06,новосибирск ,Самара,Железная дорога,254.6,5,5,5183.96,Задержка
SHP007047,2025-01-21,Москва,Екатеринбург,Железная дорога,249.0,4,4,3469.4,В срок
SHP008876,2025-06-16,Новосибирск,Санкт-Петербург,Авто,149.7,7,7,7590.14,В срок
SHP001793,2025-10-13,Казань,Москва,Авто,617.4,3,3,3369.8,В срок
SHP001992,2025-07-04,Санкт-Петербург,Пермь,Авто,215.6,4,3,4218.41,В срок
SHP005610,2025-09-18,Москва,Пермь,Авиа,458.5,2,2,11254.22,В срок
SHP008233,2025-08-10,Москва,Ростов-на-Дону,Авиа,132.4,2,2,7355.84,В срок
SHP000116,2025-05-24,Санкт-Петербург,Пермь,Авиа,770.4,2,1,14815.47,В срок
SHP002421,2025-03-16,Санкт-Петербург,Уфа,Авиа,221.0,2,1,12296.73,В срок
SHP003251,2025-03-27,Новосибирск,Ростов-на-Дону,Железная дорога,61.9,7,6,4754.07,В срок
SHP009091,2025-09-03,Новосибирск,Ростов-на-Дону,Авиа,210.3,3,3,19122.84,В срок
SHP006583,2025-05-20,Казань,Санкт-Петербург,Авто,396.5,4,4,4284.61,В срок
SHP006568,2025-09-08,Екатеринбург,Ростов-на-Дону,Железная дорога,776.7,5,5,5214.78,В срок
SHP006544,2025-10-26,Москва,Новосибирск,Авиа,269.6,3,3,16608.49,В срок
SHP001460,2025-01-26,Новосибирск,Уфа,Железная дорога,404.8,5,5,4599.74,В срок
SHP001124,2025-11-03,Санкт-Петербург,Новосибирск,Авто,110.3,7,7,7261.28,В срок
SHP000483,2025-09-03,Санкт-Петербург,Екатеринбург,Авто,400.8,5,5,5377.53,В срок
SHP009325,2025-03-06,Москва,Казань,Авто,561.0,3,3,3535.03,В срок
SHP006485,2025-07-31,Санкт-Петербург,Нижний Новгород,Авто,320.0,3,3,3653.72,В срок
SHP004298,2025-06-09,Екатеринбург,Уфа,Авто,173.8,2,2,2067.54,В срок
SHP007622,2025-01-04,Москва,Самара,Железная дорога,399.2,4,8,2911.53,Задержка
SHP007034,2025-04-10,Москва,Казань,Авто,190.0,3,7,2841.54,Задержка
SHP007742,2025-04-26,Казань,Нижний Новгород,Авто,375.2,2,2,2542.14,В срок
SHP003175,2025-02-06,Москва,Самара,Железная дорога,414.3,4,4,3307.48,В срок
SHP009444,2025-12-01,Санкт-Петербург,Нижний Новгород,Железная дорога,291.9,4,4,3143.93,В срок
SHP000213,2025-12-27,Москва,Самара,Железная дорога,796.4,4,4,3700.1,В срок
SHP002152,2025-06-09,Санкт-Петербург,Самара,Железная дорога,144.0,4,3,3777.98,В срок
SHP009744,2025-05-21,Казань,Уфа,Железная дорога,281.8,3,5,2739.93,Задержка
SHP007406,2025-02-09,Москва,Санкт-Петербург,Авто,238.9,3,3,2623.42,В срок
SHP002922,2025-05-14,Москва,Нижний Новгород,,133.0,2,2,2032.12,В срок
SHP002230,2025-02-12,Москва,Пермь,Авто,291.3,4,4,3667.93,В срок
SHP009406,2025-10-19,Казань,Санкт-Петербург,Железная дорога,123.3,4,4,3170.54,В срок
SHP008263,2025-06-29,Санкт-Петербург,Казань,Авиа,65.0,2,2,8714.98,В срок
SHP009836,2025-09-01,Москва,Новосибирск,Авиа,58.9,3,3,14640.33,В срок
SHP009422,2025-11-26,Москва,Самара,Железная дорога,174.4,4,4,2970.64,В срок
SHP009849,2025-12-20,Санкт-Петербург,Казань,Железная дорога,197.0,4,4,3497.95,В срок
SHP003033,2025-05-01,Санкт-Петербург,Самара,Железная дорога,766.9,4,5,4251.84,Задержка
SHP002618,2025-07-09,Казань,Новосибирск,Авто,201.9,6,9,5955.38,Задержка
SHP000357,2025-04-28,Москва,Казань,Авто,89.4,3,4,2534.1,Задержка
SHP002712,28.01.2025,Казань,Самара,Авто,366.1,2,6,2342.76,Задержка
SHP006157,2025-03-27,Екатеринбург,Уфа,Авиа,362.3,2,2,6715.56,В срок
SHP000621,2025-01-10,Москва,Екатеринбург,Авто,187.6,4,4,3800.05,В срок
SHP005872,2025-11-07,Москва,Самара,Авто,175.4,3,3,3051.02,В срок
SHP002325,2025-07-28,Москва,Уфа,Авиа,250.8,2,60,9522.23,В срок
SHP002384,2025-02-03,Москва,Пермь,Железная дорога,152.4,4,4,3172.47,В срок
SHP003613,2025-08-03,Казань,Новосибирск,Авиа,703.0,3,4,14707.71,Задержка
SHP008207,2025-11-06,Казань,Нижний Новгород,Железная дорога,289.3,3,3,2361.88,В срок
SHP007488,2025-06-18,Санкт-Петербург,Москва,Авто,312.6,3,3,2796.09,В срок
SHP001442,2025-11-10,Санкт-Петербург,Новосибирск,Авиа,244.0,3,5,16323.86,Задержка
SHP006328,2025-09-12,Москва,Екатеринбург,Железная дорога,369.9,4,4,4028.95,В срок
SHP008325,2025-12-15,Казань,Ростов-на-Дону,Авиа,477.5,2,2,9288.49,В срок
SHP001522,2025-06-29,Санкт-Петербург,Екатеринбург,Авто,156.2,5,5,5351.0,В срок
SHP001211,18.05.2025,Екатеринбург,Самара,Авто,161.6,3,3,3099.9,В срок
SHP008583,2025-01-18,Санкт-Петербург,Уфа,Железная дорога,114.9,5,5,3824.06,В срок
SHP007604,2025-08-18,Екатеринбург,Москва,Авиа,232.2,2,1,11618.01,В срок
SHP003897,2025-09-15,Казань,Пермь,Авто,324.9,2,6,2523.76,Задержка
SHP006256,2025-09-27,Новосибирск,Нижний Новгород,Железная дорога,79.1,6,6,4828.88,В срок
SHP000087,2025-04-09,Москва,Уфа,Авиа,381.9,2,2,9136.67,В срок
SHP008575,2025-09-28,Санкт-Петербург,Пермь,Авто,209.8,4,7,4248.32,Задержка
SHP008098,2025-10-17,Новосибирск,Санкт-Петербург,Авиа,103.1,3,3,17115.63,В срок
SHP006682,2025-01-16,Санкт-Петербург,Нижний Новгород,Авиа,157.2,2,2,7955.7,В срок
SHP002281,2025-07-14,Казань,Новосибирск,Железная дорога,73.5,5,8,4113.25,Задержка
SHP001892,2025-02-02,Москва,Нижний Новгород,Авто,153.0,2,2,2045.66,В срок
SHP005473,2025-12-03,Екатеринбург,Пермь,Авто,574.1,2,1,2810.32,В срок
SHP009435,2025-09-28,Казань,Санкт-Петербург,Авто,100.2,4,7,3683.34,Задержка
SHP005254,2025-06-16,Москва,Ростов-на-Дону,Авто,267.2,3,3,3099.56,В срок
SHP000122,2025-12-30,Казань,Ростов-на-Дону,Железная дорога,512.9,4,4,4020.74,В срок
SHP001774,2025-06-30,Москва,Пермь,Железная дорога,269.9,4,4,3459.62,В срок
SHP003978,2025-03-25,Санкт-Петербург,Москва,Авто,142.9,3,2,2258.77,В срок
SHP005101,2025-03-14,Екатеринбург,Санкт-Петербург,Авто,211.8,5,5,4891.44,В срок
SHP003684,2025-10-27,Новосибирск,Самара,Железная дорога,266.7,5,5,4781.89,В срок
SHP004966,2025-03-18,Санкт-Петербург,Москва,Авиа,111.4,2,2,6218.17,В срок
SHP006428,2025-09-22,Санкт-Петербург,Самара,Авиа,224.3,2,2,11258.77,В срок
SHP001245,2025-07-28,Казань,Екатеринбург,Авто,163.3,3,4,2562.92,Задержка
SHP003874,2025-09-29,Санкт-Петербург,Самара,Железная дорога,116.2,4,6,3884.82,Задержка
SHP007172,2025-06-27,Казань,Ростов-на-Дону,Железная дорога,308.8,4,4,3455.3,В срок
SHP004560,2025-02-01,Москва,Новосибирск,Авиа,200.3,3,3,17651.65,В срок
SHP004033,18.05.2025,Москва,Казань,Авто,55.3,3,7,2306.23,Задержка
SHP003197,2025-03-13,Москва,Санкт-Петербург,Железная дорога,336.0,3,3,2722.96,В срок
SHP006811,2025-05-09,Екатеринбург,Уфа,Железная дорога,409.5,3,2,3094.44,В срок
SHP000529,2025-04-17,Новосибирск,Самара,Авиа,307.9,3,3,13238.74,В срок
SHP000593,2025-02-23,Санкт-Петербург,Уфа,Железная дорога,126.0,5,9,3629.0,Задержка
SHP009230,2025-09-22,Екатеринбург,Нижний Новгород,Авиа,256.0,2,2,8500.06,В срок
SHP002409,2025-07-25,Москва,Новосибирск,Железная дорога,773.3,6,6,6911.38,В срок
SHP004003,2025-08-11,Санкт-Петербург,Екатеринбург,Железная дорога,401.0,5,5,4254.82,В срок
SHP001861,2025-08-07,Москва,Казань,Авиа,583.1,2,2,9935.73,В срок
SHP002333,2025-04-25,Екатеринбург,Казань,Авиа,675.0,2,3,9042.8,Задержка
SHP006119,2025-10-21,Новосибирск,Самара,Авиа,318.6,3,3,14235.08,В срок
SHP000336,2025-09-07,Казань,Пермь,Железная дорога,328.1,3,4,2831.77,Задержка
SHP005094,2025-12-13,Санкт-Петербург,Екатеринбург,Авто,170.0,5,5,5207.88,В срок
SHP009074,2025-01-17,Москва,Пермь,Авто,136.5,4,4,3229.47,В срок
SHP002884,2025-10-17,Москва,Казань,Авто,283.8,3,3,2686.42,В срок
SHP006452,2025-09-23,Москва,Самара,Железная дорога,414.4,4,7,3341.59,Задержка
SHP006753,2025-11-01,Екатеринбург,Ростов-на-Дону,Железная дорога,129.2,5,4,3915.14,В срок
SHP001353,2025-01-03,Москва,Нижний Новгород,Авто,121.4,2,2,1930.06,В срок
SHP009776,2025-09-17,Новосибирск,Пермь,Авиа,250.4,2,6,13055.47,Задержка
SHP007305,2025-04-12,Москва,Санкт-Петербург,Авто,533.3,3,3,3522.05,В срок
SHP008532,2025-08-18,Екатеринбург,Новосибирск,Железная дорога,707.2,4,4,4241.7,В срок
SHP001470,2025-08-19,Санкт-Петербург,Нижний Новгород,Авиа,186.6,2,2,7898.4,В срок
SHP000057,2025-01-25,Казань,Пермь,Авто,119.6,2,2,2105.63,В срок
SHP004689,2025-07-18,Москва,Ростов-на-Дону,Авто,242.0,3,2,3378.68,В срок
SHP009051,2025-12-09,Москва,Казань,Авто,66.5,3,3,2428.25,В срок
SHP007444,2025-08-30,Москва,Новосибирск,Авиа,285.4,3,3,18112.97,В срок
SHP007995,2025-10-09,Санкт-Петербург,Самара,Авиа,969.1,2,2,14053.37,В срок
SHP009071,2025-11-10,Москва,Новосибирск,Авиа,312.2,3,3,16491.05,В срок
SHP006417,2025-11-26,Екатеринбург,Уфа,Авто,354.7,2,1,2454.86,В срок
SHP005802,2025-11-24,Казань,Нижний Новгород,Железная дорога,176.8,3,5,1918.2,Задержка
SHP002924,2025-09-09,Казань,Новосибирск,Авиа,119.6,3,3,14804.45,В срок
SHP006685,2025-09-15,Новосибирск,Ростов-на-Дону,Авиа,211.7,3,3,17220.61,В срок
SHP003629,2025-11-15,Екатеринбург,Санкт-Петербург,Железная дорога,257.5,5,5,4348.83,В срок
SHP008577,2025-08-14,Москва,Санкт-Петербург,Авто,774.2,3,6,4079.13,Задержка
SHP008425,2025-06-15,Казань,Нижний Новгород,Авто,371.1,2,2,2318.11,В срок
SHP007324,2025-01-15,Санкт-Петербург,Новосибирск,Авиа,820.9,3,3,22268.24,В срок
SHP007251,2025-12-19,Москва,Екатеринбург,Авто,484.4,4,8,4608.22,Задержка
SHP002485,2025-11-07,Казань,Самара,Авто,97.2,2,2,1630.74,В срок
SHP001515,2025-03-25,Екатеринбург,Новосибирск,Авто,183.3,4,4,3964.99,В срок
SHP005423,2025-01-14,Санкт-Петербург,Ростов-на-Дону,Авто,274.8,4,3,4514.94,В срок
SHP001687,2025-03-04,Москва,Казань,Авто,897.3,3,5,4610.66,Задержка
SHP009816,2025-09-20,Москва, пермь ,Авто,240.8,4,4,3884.01,В срок
SHP001206,2025-09-04,Казань,Пермь,Железная дорога,350.7,3,3,2671.74,В срок
SHP002401,2025-12-05,Новосибирск,Казань,Железная дорога,149.1,5,9,4612.89,Задержка
SHP006021,2025-08-25,Москва,Екатеринбург,Железная дорога,209.7,4,4,3308.73,В срок
SHP003401,2025-10-15,Москва,Ростов-на-Дону,Авто,199.7,3,3,3413.75,В срок
SHP002377,2025-06-15,Москва,Новосибирск,Авиа,90.4,3,3,16673.1,В срок
SHP002260,2025-10-19,Москва,Нижний Новгород,Авто,145.2,2,2,1873.64,В срок
SHP000059,2025-09-08,Екатеринбург,Пермь,Авиа,374.7,2,2,6285.6,В срок
SHP009685,2025-08-26,Казань,Екатеринбург,Авто,376.3,3,7,3297.87,Задержка
SHP009895,2025-09-01,Москва,Новосибирск,Авиа,215.1,3,3,18007.95,В срок
SHP003789,2025-07-03,Екатеринбург,Ростов-на-Дону,Железная дорога,171.2,5,5,3890.07,В срок
SHP007033,2025-07-08,Казань,Екатеринбург,Железная дорога,247.2,3,3,2642.42,В срок
SHP002481,15.11.2025,Москва,Новосибирск,Авиа,198.5,3,6,15380.7,Задержка
SHP001814,2025-02-06,Москва,Самара,Авто,229.5,3,3,2605.88,В срок
SHP007959,2025-03-10,Москва,Екатеринбург,Авиа,75.0,2,1,8047.63,В срок
SHP005453,2025-05-25,Санкт-Петербург,Нижний Новгород,Железная дорога,181.4,4,4,2716.11,В срок
SHP006854,2025-06-13,Новосибирск,Уфа,Авиа,88.6,2,2,10941.25,В срок
SHP003455,2025-09-02,Москва,Казань,Железная дорога,333.8,3,6,2813.98,Задержка
SHP001290,2025-07-23,Москва,Казань,Авто,282.4,3,3,3155.82,В срок
SHP006486,2025-06-07,Москва,Казань,Авто,389.4,3,3,3072.24,В срок
SHP001898,2025-05-26,Москва,Санкт-Петербург,Железная дорога,205.3,3,6,2169.51,Задержка
SHP004398,2025-08-09,Казань,Ростов-на-Дону,Железная дорога,283.8,4,3,3651.42,В срок
SHP002671,2025-11-24,Екатеринбург,Москва,Авто,249.3,4,4,4487.81,В срок
SHP006866,2025-11-11,Екатеринбург,Ростов-на-Дону,Авто,181.7,5,5,4797.84,В срок
SHP004322,2025-11-23,Санкт-Петербург,Новосибирск,Железная дорога,220.2,7,7,6030.66,В срок
SHP000334,2025-10-29,Екатеринбург,Пермь,Авто,52.4,2,2,1567.8,В срок
SHP002273,2025-10-17,Москва,Нижний Новгород,Авто,385.4,2,3,2560.23,Задержка
SHP000123,2025-02-08,Санкт-Петербург,Нижний Новгород,Железная дорога,256.2,4,4,2991.22,В срок
SHP005032,2025-06-29,Москва,Санкт-Петербург,Железная дорога,226.2,3,3,2823.41,В срок
SHP007869,2025-04-30,Екатеринбург,Пермь,Авто,190.8,2,1,1752.7,В срок
SHP003828,2025-09-11,Санкт-Петербург,Нижний Новгород,Авиа,622.7,2,2,9532.02,в срок 
SHP005081,2025-06-11,Екатеринбург,Ростов-на-Дону,Авиа,1499.7,2,2,18402.36,В срок
SHP000363,2025-02-04,Санкт-Петербург,Нижний Новгород,Авиа,514.0,2,2,9396.31,В срок
SHP003365,2025-07-30,Москва,Ростов-на-Дону,Авто,167.7,3,3,3012.29,В срок
SHP007729,2025-01-07,Москва,Пермь,Авиа,289.6,2,1,10113.55,В срок
SHP007423,2025-05-28,Екатеринбург,Пермь,Железная дорога,53.4,3,3,2056.68,В срок
SHP003233,2025-03-29,Екатеринбург,Уфа,Авто,306.8,2,2,2317.39,В срок
SHP006000,2025-09-21,Санкт-Петербург,Казань,Авто,156.8,4,4,3794.9,В срок
SHP003333,2025-04-18,Москва,Новосибирск,Авиа,214.5,3,3,17880.09,В срок
SHP001319,2025-08-29,Санкт-Петербург,Москва,Авиа,179.7,2,2,5923.71,В срок
SHP006355,2025-10-14,Москва,Санкт-Петербург,Авто,155.9,3,6,2724.15,Задержка
SHP002346,2025-09-21,Казань,Новосибирск,Железная дорога,314.7,5,5,4292.56,В срок
SHP009581,2025-01-03,Москва,Казань,Авто,173.1,3,3,2734.19,В срок
SHP007838,2025-10-26,Москва,Уфа,Авто,127.8,4,3,2999.89,В срок
SHP006987,2025-12-01,Санкт-Петербург,Самара,Авто,172.6,4,4,3548.81,В срок
SHP002224,2025-04-17,Москва,Казань,Авто,281.8,3,3,3058.92,В срок
SHP004375,2025-08-13,Казань,Новосибирск,Железная дорога,202.6,5,5,5042.53,В срок
SHP009688,2025-04-28,Санкт-Петербург,Пермь,Авто,381.8,4,4,4210.77,В срок
SHP003750,2025-10-02,Санкт-Петербург,Пермь,Авто,114.2,4,4,3937.76,В срок
SHP001890,2025-03-05,Москва,Ростов-на-Дону,Авиа,78.7,2,2,7630.19,В срок
SHP003200,2025-12-05,Казань,Москва,Авто,190.5,3,4,2975.26,Задержка
SHP004712,2025-01-25,Санкт-Петербург,Пермь,Авто,241.0,4,4,3994.38,В срок
SHP006059,2025-05-28,Москва,Екатеринбург,Авто,246.6,4,8,4383.89,Задержка
SHP005810,2025-08-08,Казань,Нижний Новгород,Авиа,86.7,2,2,4661.61,В срок
SHP001521,2025-08-08,Новосибирск,Пермь,Железная дорога,53.9,5,5,3648.47,В срок
SHP007227,2025-04-14,Новосибирск,Казань,Железная дорога,185.1,5,5,4503.23,В срок
SHP000459,2025-05-05,Санкт-Петербург,Нижний Новгород,Авто,280.8,3,3,3473.66,В срок
SHP005851,2025-01-23,Казань,Ростов-на-Дону,Железная дорога,393.5,4,4,2865.89,В срок
SHP002660,2025-11-12,Новосибирск,Нижний Новгород,ж/д,1015.5,6,5,6205.76,В срок
SHP009385,2025-09-07,Екатеринбург,Самара,Авто,224.4,3,3,2919.16,В срок
SHP008892,2025-06-30,Новосибирск,Уфа,Железная дорога,257.6,5,5,4491.7,В срок
SHP005105,2025-01-26,Москва,Уфа,Железная дорога,100.0,4,4,2665.59,В срок
SHP003582,2025-12-19,Москва,Самара,Авто,325.1,3,6,3057.36,Задержка
SHP007204,2025-08-15,Москва,Екатеринбург,Железная дорога,74.6,4,4,3508.12,В срок
SHP002486,2025-07-05,Москва,Новосибирск,Авиа,70.4,3,2,15376.09,В срок
SHP004223,2025-07-02,Санкт-Петербург,Самара,Авто,141.3,4,3,4065.7,В срок
SHP002063,2025-09-24,Москва,Новосибирск,Железная дорога,330.1,6,6,5874.57,В срок
SHP000978,2025-12-25,Москва,Уфа,Железная дорога,268.8,4,5,3084.33,Задержка
SHP008203,2025-01-25,Санкт-Петербург,Ростов-на-Дону,Авто,220.6,4,7,4249.96,Задержка
SHP008144,2025-02-26,Москва,Пермь,Авто,752.0,4,4,4965.85,В срок
SHP007518,2025-04-06,Москва,Самара,Железная дорога,204.4,4,4,2873.35,В срок
SHP007740,2025-07-04,Санкт-Петербург,Москва,Железная дорога,219.5,3,2,2569.08,В срок
SHP000186,2025-09-30,Санкт-Петербург,Москва,Авто,119.3,3,5,2220.48,Задержка
SHP002799,2025-08-05,Москва,Уфа,ж/д,161.1,4,4,3497.27,В срок
SHP001374,2025-02-17,Екатеринбург,Санкт-Петербург,Авто,124.6,5,4,4659.08,В срок
SHP002320,2025-10-22,Москва,Уфа,Железная дорога,237.1,4,5,3545.23,Задержка
SHP004310,2025-08-03,Санкт-Петербург,Екатеринбург,Железная дорога,430.5,5,5,4399.54,В срок
SHP007508,2025-07-02,Казань,Самара,Железная дорога,475.2,3,3,2473.31,В срок
SHP007281,04.12.2025,Новосибирск,Москва,Железная дорога,1382.0,6,6,6900.46,В срок
SHP007131,2025-12-09,Екатеринбург,Москва,Авиа,91.9,2,2,9268.57,В срок
SHP003266,2025-11-22,Москва,Ростов-на-Дону,Железная дорога,180.1,4,4,3181.28,В срок
SHP009634,2025-09-15,Новосибирск,Уфа,Авиа,588.8,2,2,12875.85,В срок
SHP004404,2025-03-19,Москва,Санкт-Петербург,Железная дорога,409.2,3,3,2711.77,В срок
SHP004073,2025-04-28,Москва,Уфа,Авиа,54.3,2,2,9029.64,В срок
SHP004456,2025-04-14,Москва,Нижний Новгород,Авто,591.7,2,1,2936.97,В срок
SHP008638,2025-08-30,Новосибирск,Пермь,Железная дорога,436.7,5,4,3865.99,В срок
SHP007194,2025-02-06,Казань,Самара,Авто,460.9,2,6,2449.48,Задержка
SHP005691,2025-02-26,Москва,Уфа,Авто,861.1,4,7,5162.59,Задержка
SHP000651,2025-08-03,Санкт-Петербург,Ростов-на-Дону,Авто,126.5,4,4,3999.39,В срок
SHP009718,2025-10-26,Москва,Самара,Железная дорога,289.8,4,4,3258.67,В срок
SHP001962,2025-03-11,Москва,Новосибирск,Авиа,383.9,3,2,15733.23,В срок
SHP007989,2025-06-21,Екатеринбург,Пермь,Авто,447.7,2,4,2473.59,Задержка
SHP001047,2025-06-13,Москва,Пермь,Авиа,54.4,2,2,9261.51,В срок
SHP006818,2025-11-16,Москва,Нижний Новгород,Железная дорога,56.1,3,3,2085.68,В срок
SHP006892,2025-01-14,Москва,Екатеринбург,Железная дорога,249.5,4,4,3402.74,В срок
SHP006736,2025-12-31,Москва,Самара,Железная дорога,548.6,4,4,3027.73,В срок
SHP006029,2025-06-25,Санкт-Петербург,Уфа,Железная дорога,104.9,5,5,4327.94,В срок
SHP000879,2025-03-16,Москва,Екатеринбург,Авто,536.8,4,4,5122.35,В срок
SHP002088,2025-03-09,Новосибирск,Самара,Железная дорога,701.1,5,5,5399.44,В срок
SHP002608,2025-02-19,Казань,Пермь,Авто,465.3,2,2,2903.78,В срок
SHP006170,2025-03-10,Москва,Уфа,Авто,128.3,4,4,3529.31,В срок
SHP003000,2025-08-17,Санкт-Петербург,Самара,Авиа,398.4,2,2,11520.57,В срок
SHP005065,2025-01-04,Москва,Пермь,Железная дорога,428.5,4,4,3663.95,В срок
SHP002380,2025-08-24,Москва,Ростов-на-Дону,Железная дорога,57.4,4,4,2471.61,В срок
SHP004736,2025-08-15,Москва,Самара,Железная дорога,286.1,4,4,2535.89,В срок
SHP005135,2025-03-04,Санкт-Петербург,Самара,Авто,401.1,4,4,4454.03,В срок
SHP004813,2025-07-07,Новосибирск,Екатеринбург,Авто,149.5,4,4,4134.92,В срок
SHP007505,2025-08-12,Москва,Екатеринбург,Авто,235.4,4,6,4260.16,Задержка
SHP003217,2025-11-29,Москва,Самара,Железная дорога,127.4,4,4,2558.87,В срок
SHP004102,2025-05-13,Москва,Пермь,Железная дорога,646.5,4,4,4475.05,В срок
SHP002200,2025-09-09,Новосибирск,Санкт-Петербург,Железная дорога,281.9,7,7,5842.97,В срок
SHP003134,2025-07-19,Новосибирск,Ростов-на-Дону,Авиа,342.9,3,5,16853.64,Задержка
SHP000113,2025-05-08,Москва,Санкт-Петербург,Авто,446.5,3,3,3446.31,В срок
SHP005482,2025-05-02,Новосибирск,Ростов-на-Дону,Железная дорога,1104.3,7,10,7014.7,Задержка
SHP009676,2025-05-26,Москва,Уфа,Авто,148.6,4,4,3321.27,В срок
SHP007320,2025-12-10,Екатеринбург,Москва,Авто,157.5,4,3,3833.34,В срок
SHP003558,2025-12-30,Санкт-Петербург,Нижний Новгород,Авто,512.9,3,3,3298.69,В срок
SHP003057,2025-07-12,Москва,Ростов-на-Дону,Авто,140.0,3,3,2959.92,В срок
SHP009315,2025-08-30,Казань,Пермь,Авто,223.1,2,2,2215.93,В срок
SHP009775,2025-05-18,Новосибирск,Уфа,Авто,381.7,5,8,5208.25,Задержка
SHP007206,2025-04-21,Санкт-Петербург,Уфа,Авиа,314.1,2,4,10487.32,Задержка
SHP004775,2025-07-16,Москва,Санкт-Петербург,Авто,780.1,3,3,3904.0,В срок
SHP003083,2025-10-22,Санкт-Петербург,Уфа,Железная дорога,99.0,5,4,4189.46,В срок
SHP008185,2025-03-10,Новосибирск,Пермь,Железная дорога,552.5,5,5,4583.04,В срок
SHP004542,2025-11-11,Казань,Самара,Авто,357.6,2,4,2199.6,Задержка
SHP008662,2025-09-08,Москва,Казань,Авто,523.0,3,3,3449.9,В срок
SHP002039,2025-05-23,Казань,Уфа,Авто,147.3,2,2,2112.86,В срок
SHP004126,2025-01-10,Санкт-Петербург,Казань,Железная дорога,146.8,4,4,3362.56,В срок
SHP001583,2025-02-15,Москва,Уфа,Авиа,307.7,2,1,10722.93,В срок
SHP005044,2025-10-09,Москва,Уфа,Авиа,48.2,2,6,8092.33,Задержка
SHP007165,2025-08-03,Казань,Нижний Новгород,Авто,293.5,2,2,2091.92,В срок
SHP007759,2025-09-27,Санкт-Петербург,Казань,Железная дорога,367.8,4,4,3466.0,В срок
SHP001437,2025-10-05,Санкт-Петербург,Москва,Авто,202.5,3,3,2459.84,В срок
SHP009967,2025-05-05,Новосибирск,Ростов-на-Дону,Авиа,565.5,3,3,19031.94,В срок
SHP008914,2025-03-28,Казань,Уфа,Авто,467.8,2,6,2751.73,Задержка
SHP007993,2025-11-26,Москва,Нижний Новгород,Авто,165.2,2,2,2046.3,В срок
SHP003074,2025-02-25,Москва,Уфа,Авто,563.7,4,4,3962.2,В срок
SHP005454,2025-04-09,Санкт-Петербург,Москва,Авто,94.8,3,4,2210.08,Задержка
SHP001099,2025-10-02,Москва,Новосибирск,Железная дорога,306.3,6,5,5792.36,В срок
SHP009041,2025-07-15,Новосибирск,Самара,Авто,300.8,6,6,5885.47,В срок
SHP004350,2025-10-03,Казань,Ростов-на-Дону,Железная дорога,171.1,4,3,3377.3,В срок
SHP001115,2025-02-02,Санкт-Петербург,Пермь,Железная дорога,122.1,5,5,3185.92,В срок
SHP001863,2025-12-19,Москва,Санкт-Петербург,Железная дорога,182.6,3,3,2871.88,В срок
SHP001806,2025-03-12,Москва,Екатеринбург,Авиа,711.6,2,2,13753.31,В срок
SHP001879,2025-12-04,Санкт-Петербург,Пермь,Авто,147.8,4,7,4078.59,Задержка
SHP005931,2025-08-15,Новосибирск,Санкт-Петербург,Железная дорога,165.0,7,6,6567.98,В срок
SHP002122,2025-05-14,Казань,Самара,Авто,378.0,2,2,2312.28,В срок
SHP009370,2025-07-21,Екатеринбург,Санкт-Петербург,Авиа,149.5,2,2,11711.45,В срок
SHP001350,2025-06-06,Санкт-Петербург,Нижний Новгород,Железная дорога,109.1,4,7,2862.76,Задержка
SHP001345,2025-04-29,Москва,Екатеринбург,Железная дорога,146.5,4,5,3912.64,Задержка
SHP005328,2025-11-12,Москва,Екатеринбург,Авто,446.3,4,4,4936.01,В срок
SHP001785,2025-03-24,Москва,Казань,Авто,408.5,3,3,3216.68,В срок
SHP007627,2025-09-01,Москва,Самара,Авто,577.8,3,3,4085.69,В срок
SHP004308,16.03.2025,Москва,Казань,Авто,45.1,3,3,1908.57,В срок
SHP007262,2025-07-21,Казань,Москва,Железная дорога,90.7,3,5,2464.82,Задержка
SHP000670,2025-04-09,Санкт-Петербург,Новосибирск,Железная дорога,146.9,7,7,5603.87,В срок
SHP002218,2025-07-18,Новосибирск,Уфа,Железная дорога,452.3,5,5,3942.81,В срок
SHP009793,2025-06-26,Санкт-Петербург,Пермь,Железная дорога,61.8,5,5,3524.38,В срок
SHP005048,2025-02-06,Москва,Казань,Авто,77.6,3,6,2295.29,Задержка
SHP000223,2025-06-11,Казань,Новосибирск,Железная дорога,321.9,5,5,4780.03,В срок
SHP009439,2025-03-30,Новосибирск,Москва,Железная дорога,226.8,6,6,4956.44,В срок
SHP008429,2025-12-13,Екатеринбург,Самара,Авто,262.3,3,3,3438.84,В срок
SHP005739,2025-09-12,Москва,Нижний Новгород,Авто,437.3,2,6,3001.63,Задержка
SHP009466,2025-11-27,Екатеринбург,Казань,Авто,79.2,3,3,2335.53,В срок
SHP009947,2025-01-22,Санкт-Петербург,Москва,Железная дорога,119.1,3,3,2466.33,В срок
SHP002357,2025-04-22,Екатеринбург,Санкт-Петербург,Авто,153.9,5,4,4557.79,В срок
SHP008306,2025-10-03,Москва,Казань,Авто,137.4,3,3,2579.6,В срок
SHP004780,2025-04-13,Москва,Самара,Авто,421.5,3,3,3710.13,В срок
SHP006749,2025-05-21,Москва,Пермь,Железная дорога,366.5,4,4,4107.84,В срок
SHP004429,2025-02-16,Москва,Уфа,Авто,181.9,4,4,3842.06,В срок
SHP007620,2025-07-12,Москва,Ростов-на-Дону,Авиа,171.0,2,1,8475.03,В срок
SHP008576,2025-08-08,Москва,Ростов-на-Дону,Авто,1031.0,3,3,5547.18,В срок
SHP004644,2025-02-21,Новосибирск,Ростов-на-Дону,Авиа,114.3,3,3,17004.77,В срок
SHP005199,2025-12-28,Москва,Санкт-Петербург,Авто,545.3,3,3,3407.55,В срок
SHP005034,2025-11-08,Москва,Казань,Авто,409.2,3,3,2891.33,В срок
SHP009649,2025-12-29,Москва,Екатеринбург,Авто,608.3,4,8,5112.58,Задержка
SHP008293,2025-11-28,Санкт-Петербург,Нижний Новгород,Железная дорога,589.6,4,4,3797.48,В срок
SHP008537,2025-11-30,Казань,Ростов-на-Дону,Авиа,258.1,2,2,10626.03,В срок
SHP009155,2025-05-04,Екатеринбург,Казань,Авиа,303.5,2,2,8245.93,В срок
SHP008727,2025-09-29,Новосибирск,Самара,Авиа,676.7,3,3,15433.74,В срок
SHP006314,2025-11-25,Москва,Самара,Авто,908.4,3,3,4315.57,В срок
SHP006885,2025-03-22,Санкт-Петербург,Самара,Авто,226.1,4,4,3898.32,В срок
SHP008827,2025-11-14,Санкт-Петербург,Новосибирск,Железная дорога,192.7,7,6,5425.21,В срок
SHP003568,2025-12-08,Санкт-Петербург,Самара,Авто,514.2,4,3,4788.63,В срок
SHP001272,2025-05-03,Санкт-Петербург,Нижний Новгород,Авто,512.2,3,5,3600.21,Задержка
SHP009478,2025-06-23,Москва,Нижний Новгород,Авто,93.5,2,6,1725.64,Задержка
SHP000776,2025-06-19,Москва,Ростов-на-Дону,Авто,-5.0,3,3,3374.45,В срок
SHP000269,2025-03-10,Екатеринбург,Уфа,Авто,207.2,2,2,2159.66,В срок
SHP008100,2025-07-04,Екатеринбург,Пермь,Авиа,119.2,2,2,4869.91,В срок
SHP005916,2025-03-22,Новосибирск,Казань,Железная дорога,973.9,5,5,5934.12,В срок
SHP006269,2025-01-05,Москва,Уфа,Авто,163.3,4,4,4179.95,В срок
SHP005945,14.10.2025,Новосибирск,Самара,Авто,609.6,6,6,5737.97,В срок
SHP009340,2025-01-05,Санкт-Петербург,Казань,Железная дорога,204.2,4,4,3437.08,В срок
SHP001971,2025-06-18,Москва,Ростов-на-Дону,Железная дорога,49.9,4,4,2877.98,В срок
SHP002669,2025-07-27,Екатеринбург,Казань,Железная дорога,141.8,3,3,2723.11,В срок
SHP009003,2025-11-08,Москва,Новосибирск,Железная дорога,529.8,6,6,5526.61,В срок
SHP000033,2025-06-29,Москва,Пермь,Авто,179.6,4,4,3409.46,В срок
SHP009573,2025-04-29,Москва,Нижний Новгород,Авто,237.7,2,2,2052.87,В срок
SHP005439,2025-12-08,Москва,Нижний Новгород,Авто,1008.0,2,2,4252.76,В срок
SHP008881,2025-07-22,Новосибирск,Самара,Железная дорога,293.9,5,5,4999.2,В срок
SHP004778,2025-08-13,Санкт-Петербург,Москва,Авто,397.2,3,2,3049.49,В срок
SHP007839,2025-03-22,Москва,Самара,Железная дорога,664.8,4,4,3799.07,В срок
SHP008430,2025-08-10,Москва,Ростов-на-Дону,Железная дорога,131.7,4,4,2803.96,В срок
SHP004811,2025-12-31,Санкт-Петербург,Самара,Авто,400.0,4,8,4919.2,Задержка
SHP003224,2025-09-10,Санкт-Петербург,Екатеринбург,Железная дорога,272.9,5,4,4279.93,В срок
SHP004134,2025-08-02,Казань,Новосибирск,Авиа,112.7,3,3,13031.04,В срок
SHP001779,2025-03-01,Новосибирск,Санкт-Петербург,Железная дорога,294.4,7,7,6325.47,В срок
SHP007590,2025-01-21,Екатеринбург,Москва,Авиа,417.3,2,2,11857.89,В срок
SHP009647,2025-05-11,Москва,Пермь,Железная дорога,373.1,4,4,3703.97,В срок
SHP006128,2025-09-05,Москва,Ростов-на-Дону,Железная дорога,1026.3,4,4,4309.08,В срок
SHP006191,28.04.2025,Новосибирск,Уфа,Железная дорога,337.8,5,6,4314.51,Задержка
SHP008355,2025-06-14,Новосибирск,Уфа,Авто,33.7,5,5,4028.23,В срок
SHP008358,2025-11-16,Москва,Ростов-на-Дону,Железная дорога,185.5,4,4,3043.4,В срок
SHP008747,2025-06-09,Екатеринбург,Новосибирск,Железная дорога,252.1,4,4,3237.2,В срок
SHP004876,2025-11-09,Санкт-Петербург,Уфа,Железная дорога,191.2,5,5,3873.94,В срок
SHP003787,2025-04-07,Екатеринбург,Санкт-Петербург,,153.4,5,5,3753.9,В срок
SHP003671,2025-12-15,Москва,Уфа,Авиа,344.3,2,2,9884.77,В срок
SHP006502,2025-03-25,Санкт-Петербург,Новосибирск,Авиа,605.2,3,3,22358.33,В срок
SHP008798,2025-02-16,Москва,Ростов-на-Дону,Железная дорога,294.8,4,8,3088.71,Задержка
SHP005666,2025-01-02,Москва,Пермь,Железная дорога,115.3,4,4,2641.66,В срок
SHP005202,2025-07-02,Казань,Екатеринбург,Авто,179.2,3,3,2833.29,В срок
SHP006347,2025-02-25,Екатеринбург,Санкт-Петербург,Железная дорога,312.5,5,5,3855.89,В срок
SHP007899,2025-12-11,Новосибирск,Пермь,Авиа,129.4,2,6,12201.5,Задержка
SHP006540,2025-06-30,Казань,Екатеринбург,Железная дорога,127.9,3,2,2562.67,В срок
SHP003817,2025-05-26,Москва,Екатеринбург,Авиа,248.9,2,2,11203.61,В срок
SHP008763,2025-08-11,Москва,Уфа,Железная дорога,358.9,4,3,3559.43,В срок
SHP003289,2025-09-23,Новосибирск,Самара,Железная дорога,426.5,5,4,4447.37,В срок
SHP009114,2025-11-19,Москва,Казань,Железная дорога,371.9,3,3,2770.47,В срок
SHP007263,2025-04-19,Москва,Ростов-на-Дону,Авто,186.4,3,4,3303.11,Задержка
SHP006153,2025-04-24,Санкт-Петербург,Москва,Авто,290.6,3,3,2900.87,В срок
SHP000218,2025-10-01,Санкт-Петербург,Нижний Новгород,Авиа,380.9,2,2,8665.82,В срок
SHP008253,2025-03-20,Екатеринбург,Ростов-на-Дону,Авто,60.5,5,4,4266.4,В срок
SHP000064,2025-11-05,Москва,Казань,Авто,1077.9,3,3,4676.43,В срок
SHP009882,2025-02-25,Казань,Пермь,Авто,298.6,2,2,2637.43,В срок
SHP000652,2025-04-26,Казань,Екатеринбург,Авто,291.3,3,3,3042.48,В срок
SHP002848,2025-05-11,Москва,Казань,Железная дорога,425.0,3,3,3120.34,В срок
SHP005409,2025-11-11,Новосибирск,Екатеринбург,Железная дорога,560.1,4,3,4512.85,В срок
SHP009830,2025-05-25,Москва,Самара,Авто,56.0,3,3,2640.95,В срок
SHP009560,2025-11-29,Москва,Уфа,Авто,229.4,4,4,3606.34,В срок
SHP002901,2025-08-16,Москва,Новосибирск,Авиа,355.5,3,3,17642.37,В срок
SHP004430,2025-05-16,Москва,Новосибирск,Авиа,208.5,3,3,16784.07,В срок
SHP004564,2025-08-31,Москва,Новосибирск,Железная дорога,228.3,6,6,5020.49,В срок
SHP000865,2025-07-16,Казань,Пермь,Авто,305.4,2,2,2853.09,В срок
SHP006253,2025-04-09,Москва,Санкт-Петербург,Авто,296.4,3,3,2994.71,В срок
SHP007710,2025-01-09,Новосибирск,Санкт-Петербург,Авиа,276.8,3,3,17649.8,В срок
SHP003891,2025-10-07,Москва,Пермь,Железная дорога,413.0,4,4,3802.8,В срок
SHP002934,2025-11-15,Казань,Новосибирск,Железная дорога,481.3,5,5,5364.77,В срок
SHP002903,2025-03-09,Екатеринбург,Москва,Авто,348.5,4,4,4616.14,В срок
SHP005567,2025-06-10,Санкт-Петербург,Екатеринбург,Авиа,892.0,2,2,15228.31,в срок 
SHP004576,2025-08-20,Новосибирск,Уфа,Железная дорога,145.5,5,5,4290.01,В срок
SHP006451,2025-05-16,Екатеринбург,Нижний Новгород,Железная дорога,204.3,4,4,2736.04,В срок
SHP000987,2025-06-13,Казань,Москва,Авто,448.1,3,3,3456.22,В срок
SHP000569,2025-02-19,Казань,Самара,Авто,178.9,2,2,1856.14,В срок
SHP001911,2025-01-22,Казань,Ростов-на-Дону,Авиа,249.8,2,2,8175.52,В срок
SHP004007,2025-11-17,Москва,Санкт-Петербург,Авто,146.9,3,3,2330.83,В срок
SHP005502,2025-07-13,Москва,Ростов-на-Дону,Авиа,282.3,2,2,9436.56,В срок
SHP009211,2025-01-02,Москва,Нижний Новгород,Авто,427.6,2,6,2881.28,Задержка
SHP009617,2025-04-26,Казань,Пермь,Авто,136.3,2,2,2266.34,В срок
SHP007768,2025-09-03,Москва,Нижний Новгород,Железная дорога,341.6,3,3,2740.28,В срок
SHP004986,2025-06-23,Москва,Екатеринбург,Железная дорога,237.8,4,4,3199.78,В срок
SHP005571,2025-09-18,Новосибирск,Нижний Новгород,Железная дорога,111.3,6,9,4632.55,Задержка
SHP000833,2025-05-18,Москва,Екатеринбург,Авто,97.5,4,4,3591.21,В срок
SHP003163,2025-02-04,Санкт-Петербург,Нижний Новгород,Железная дорога,,4,4,3116.71,В срок
SHP006648,2025-03-19,Екатеринбург,Москва,Авто,138.6,4,4,3873.56,В срок
SHP009513,2025-06-30,Екатеринбург,Ростов-на-Дону,Железная дорога,366.6,5,5,4078.81,В срок
SHP005991,2025-09-02,Санкт-Петербург,Москва,Железная дорога,190.3,3,3,2368.38,В срок
SHP009689,2025-09-26,Новосибирск,Уфа,Авто,455.0,5,5,5525.39,В срок
SHP002925,2025-07-14,Москва,Новосибирск,Железная дорога,277.7,6,6,6252.22,В срок
SHP001836,2025-05-14,Екатеринбург,Нижний Новгород,Авиа,420.0,2,1,9088.74,В срок
SHP008977,2025-09-28,Москва,Новосибирск,Железная дорога,53.5,6,5,4939.54,В срок
SHP008121,2025-04-20,Москва,Ростов-на-Дону,Железная дорога,227.4,4,8,3332.2,Задержка
SHP008189,2025-07-22,Новосибирск,Уфа,Авиа,812.3,2,1,14487.53,В срок
SHP008729,2025-09-23,Казань,Нижний Новгород,Авиа,220.8,2,3,5140.99,Задержка
SHP007898,2025-08-08,Москва,Ростов-на-Дону,Железная дорога,291.4,4,4,2896.41,В срок
SHP009654,2025-04-07,Казань,Уфа,Железная дорога,309.2,3,3,2612.29,В срок
SHP005778,2025-10-02,Москва,Нижний Новгород,Железная дорога,329.1,3,3,2243.86,В срок
SHP000404,2025-04-05,Новосибирск,Екатеринбург,Авто,120.6,4,4,4455.06,В срок
SHP006689,2025-04-18,Новосибирск,Ростов-на-Дону,Железная дорога,172.4,7,6,5887.76,В срок
SHP006637,08.11.2025,Москва,Пермь,Железная дорога,429.6,4,4,3369.31,В срок
SHP008060,2025-09-19,Москва,Екатеринбург,Авто,78.6,4,4,3716.92,В срок
SHP007371,2025-09-17,Москва,Нижний Новгород,Авто,401.7,2,2,2884.91,В срок
SHP005984,2025-10-10,Екатеринбург,Пермь,Железная дорога,154.4,3,3,2135.86,В срок
SHP002562,2025-06-15,Санкт-Петербург,Новосибирск,Железная дорога,239.7,7,8,6506.93,Задержка
SHP003800,2025-06-16,Москва,Нижний Новгород,Авто,584.5,2,2,2781.1,В срок
SHP008280,2025-06-25,Новосибирск,Екатеринбург,Железная дорога,55.2,4,4,3537.04,В срок
SHP009275,2025-06-15,Казань,Санкт-Петербург,Авто,330.6,4,4,4266.51,В срок
SHP004849,2025-02-23,Екатеринбург,Уфа,Авто,50000.0,2,2,2177.01,В срок
SHP001658,2025-09-18,Екатеринбург,Новосибирск,Железная дорога,151.9,4,4,3351.14,В срок
SHP005149,2025-11-24,Москва,Самара,Железная дорога,241.0,4,7,2570.88,Задержка
SHP005259,2025-03-18,Екатеринбург,Ростов-на-Дону,Авто,266.2,5,5,4683.86,В срок
SHP003682,2025-05-28,Санкт-Петербург,Новосибирск,Железная дорога,312.7,7,7,5801.47,В срок
SHP002549,2025-02-24,Санкт-Петербург,Пермь,Авто,349.5,4,4,4944.62,В срок
SHP001537,2025-11-28,Екатеринбург,Казань,Железная дорога,139.8,3,3,2803.52,В срок
SHP007145,2025-10-03,Москва,Ростов-на-Дону,Авто,146.6,3,3,2990.24,В срок
SHP002839,2025-05-17,Екатеринбург,Нижний Новгород,Авто,273.4,3,7,3713.77,Задержка
SHP001492,2025-03-19,Екатеринбург,Уфа,Авто,593.7,2,2,2924.26,В срок
SHP002279,2025-11-01,Санкт-Петербург,Уфа,Авиа,678.0,2,2,13099.53,В срок
SHP009122,2025-01-19,Казань,Уфа,Авто,136.3,2,5,2191.86,Задержка
SHP008446,2025-07-14,Новосибирск,Ростов-на-Дону,Авто,390.5,7,7,7235.27,В срок
SHP002811,2025-08-11,Новосибирск,Казань,Авиа,70.0,3,3,12632.12,В срок
SHP005744,2025-06-22,Новосибирск,Нижний Новгород,Авиа,169.1,3,3,16063.08,В срок
SHP009294,2025-06-14,Новосибирск,Санкт-Петербург,Авиа,106.6,3,3,16773.49,В срок
SHP005447,2025-09-13,Екатеринбург,Нижний Новгород,Авто,292.9,3,3,3354.82,В срок
SHP000998,2025-10-25,Москва,Екатеринбург,Авиа,213.8,2,2,9686.18,В срок
SHP007974,2025-03-19,Москва,Самара,Авто,191.8,3,3,3080.67,В срок
SHP009760,2025-12-18,Москва,Нижний Новгород,Авто,72.3,2,2,1762.16,В срок
SHP003476,2025-09-26,Санкт-Петербург,Ростов-на-Дону,Железная дорога,1724.3,5,5,5382.36,В срок
SHP007984,2025-02-23,Москва,Самара,Железная дорога,97.0,4,4,2800.81,В срок
SHP005219,2025-03-10,Санкт-Петербург,Новосибирск,Железная дорога,392.9,7,7,6073.04,В срок
SHP005469,2025-02-26,Санкт-Петербург,Казань,Железная дорога,285.1,4,4,3529.16,В срок
SHP004262,2025-06-02,Москва,Екатеринбург,Авиа,829.3,2,2,13025.49,В срок
SHP004529,2025-01-21,Москва,Нижний Новгород,Авто,509.7,2,2,2653.07,В срок
SHP000591,2025-01-13,Москва,Екатеринбург,Железная дорога,148.6,4,4,4057.8,В срок
SHP003630,2025-06-27,Казань,Санкт-Петербург,Железная дорога,863.0,4,4,4831.06,В срок
SHP005181,2025-01-01,Екатеринбург,Нижний Новгород,Железная дорога,669.1,4,3,3341.26,В срок
SHP004320,2025-09-17,Москва,Казань,Железная дорога,262.2,3,4,2949.92,Задержка
SHP002271,2025-12-06,Новосибирск,Санкт-Петербург,Авиа,155.6,3,6,18774.4,Задержка
SHP000511,2025-09-19,Казань,Екатеринбург,Авто,250.4,3,3,2865.72,В срок
SHP001270,2025-04-11,Казань,Ростов-на-Дону,Железная дорога,804.9,4,4,3646.44,В срок
SHP004009,2025-07-31,Санкт-Петербург,Казань,Железная дорога,237.0,4,4,3570.62,В срок
SHP000262,2025-07-21,Екатеринбург,Уфа,Авто,570.3,2,3,2961.0,Задержка
SHP000630,2025-06-23,Москва,Уфа,Железная дорога,1023.0,4,4,4744.88,В срок
SHP008470,2025-02-22,Санкт-Петербург,Нижний Новгород,Авиа,1142.0,2,1,13370.49,В срок
SHP008295,2025-10-07,Новосибирск,Нижний Новгород,Авиа,26.4,3,3,12875.22,В срок
SHP005183,2025-04-18,Санкт-Петербург,Пермь,Железная дорога,388.2,5,8,4059.04,Задержка
SHP009497,2025-03-22,Казань,Екатеринбург,Авто,62.5,3,3,2421.98,В срок
SHP005480,2025-12-14,Новосибирск,Екатеринбург,Железная дорога,232.4,4,4,4004.55,В срок
SHP005331,2025-03-09,Москва,Казань,Авто,123.7,3,2,2507.59,В срок
SHP003272,2025-10-08,Москва,Казань,Авто,254.4,3,3,2650.42,В срок
SHP004093,2025-11-27,Санкт-Петербург,Ростов-на-Дону,Железная дорога,462.5,5,5,4353.89,В срок
SHP003398,2025-02-08,Екатеринбург,Ростов-на-Дону,Железная дорога,445.6,5,5,4128.53,В срок
SHP007385,2025-06-01,Казань,Нижний Новгород,Железная дорога,302.2,3,3,2194.26,В срок
SHP005857,2025-10-03,Москва,Нижний Новгород,Авто,413.8,2,3,2970.01,Задержка
SHP000794,2025-12-02,Москва,Пермь,Авиа,968.1,2,3,15106.15,Задержка
SHP003842,2025-04-15,Новосибирск,Самара,Авиа,531.4,3,6,15605.43,Задержка
SHP006921,2025-04-07,Москва,Нижний Новгород,Авто,699.6,2,2,3328.91,В срок
SHP008566,2025-10-25,Новосибирск,Ростов-на-Дону,Железная дорога,108.4,7,6,5522.73,В срок
SHP001106,2025-07-06,Москва,Санкт-Петербург,Авиа,355.6,2,2,7987.29,В срок
SHP002055,2025-03-08,Москва,Санкт-Петербург,Авто,466.0,3,3,3349.04,В срок
SHP008071,2025-07-04,Москва,Самара,Железная дорога,228.7,4,3,3061.09,В срок
SHP001269,2025-11-19,Москва,Пермь,Авиа,133.7,2,2,8951.48,В срок
SHP003524,2025-10-31,Екатеринбург,Новосибирск,Железная дорога,356.4,4,4,3795.9,В срок
SHP009338,2025-04-30,Санкт-Петербург,Москва,Авто,76.1,3,3,2276.19,В срок
SHP009081,2025-09-13,Москва,Пермь,Авто,89.7,4,7,3392.2,Задержка
SHP007416,2025-07-12,Санкт-Петербург,Новосибирск,Авто,593.6,7,11,8232.06,Задержка
SHP000470,2025-08-10,Новосибирск,Нижний Новгород,Железная дорога,189.8,6,9,5023.37,Задержка
SHP005795,2025-06-25,Казань,Самара,Авто,118.0,2,5,1971.71,Задержка
SHP001258,2025-05-30,Новосибирск,Пермь,Железная дорога,461.7,5,5,4820.62,В срок
SHP008076,2025-03-15,Москва,Пермь,Железная дорога,350.8,4,6,3500.58,Задержка
SHP007141,2025-12-30,Москва,Нижний Новгород,Железная дорога,256.8,3,6,2373.36,Задержка
SHP005617,2025-12-29,Москва,Ростов-на-Дону,Авто,616.6,3,5,4033.4,Задержка
SHP001932,2025-04-09,Новосибирск,Уфа,Авто,291.6,5,5,4873.14,В срок
SHP006038,2025-08-03,Москва,Уфа,Авто,175.5,4,4,3660.53,В срок
SHP009701,2025-10-17,Санкт-Петербург,Самара,Авто,264.7,4,4,4053.09,В срок
SHP007727,2025-12-31,Санкт-Петербург,Екатеринбург,Железная дорога,1372.2,5,5,6367.1,В срок
SHP008833,2025-02-28,Москва,Пермь,Железная дорога,330.6,4,8,3469.04,Задержка
SHP009192,2025-08-26,Казань,Новосибирск,Авиа,105.6,3,3,12614.58,В срок
SHP003892,2025-06-11,Москва,Санкт-Петербург,Авто,134.5,3,3,2557.88,В срок
SHP008378,2025-01-26,Екатеринбург,Санкт-Петербург,Железная дорога,470.6,5,6,4115.55,Задержка
SHP003361,2025-06-04,Новосибирск,Самара,Железная дорога,532.7,5,5,5103.77,В срок
SHP002381,2025-08-05,Екатеринбург,Пермь,Авто,106.1,2,2,1856.6,В срок
SHP009415,2025-12-08,Санкт-Петербург,Новосибирск,Авиа,59.2,3,7,18846.92,Задержка
SHP003627,2025-01-08,Санкт-Петербург,Пермь,Авиа,1120.5,2,2,16118.71,В срок
SHP008520,2025-04-08,Москва,Новосибирск,Авиа,91.9,3,3,18064.8,В срок
SHP009682,2025-09-12,Санкт-Петербург,Уфа,Авто,201.6,5,5,5136.83,В срок
SHP004657,2025-10-11,Москва,Санкт-Петербург,Авиа,646.9,2,2,9177.11,В срок
SHP001670,2025-05-07,Санкт-Петербург,Новосибирск,Железная дорога,434.4,7,7,6893.59,В срок
SHP007173,2025-03-13,Москва,Санкт-Петербург,Авто,109.5,3,3,2156.13,В срок
SHP008896,2025-03-25,Санкт-Петербург,Новосибирск,,75.1,3,7,15072.42,Задержка
SHP006122,2025-01-28,Москва,Новосибирск,Железная дорога,262.4,6,8,5392.09,Задержка
SHP001230,2025-09-19,Екатеринбург,Казань,Железная дорога,262.4,3,7,2824.88,Задержка
SHP008633,2025-01-02,Екатеринбург,Нижний Новгород,Железная дорога,228.8,4,4,3217.11,В срок
SHP006189,2025-11-15,Москва,Новосибирск,Железная дорога,1336.4,6,5,7404.01,В срок
SHP000754,2025-11-29,Санкт-Петербург,Уфа,Железная дорога,506.3,5,9,4229.62,Задержка
SHP003521,2025-06-16,Москва,Ростов-на-Дону,Авто,235.5,3,2,3560.11,В срок
SHP004997,2025-06-08,Казань,Нижний Новгород,Авто,121.7,2,1,1799.25,В срок
SHP005014,2025-10-22,Казань,Москва,Авто,124.1,3,3,2664.51,В срок
SHP002829,2025-06-26,Казань,Екатеринбург,Авто,242.7,3,3,3168.05,В срок
SHP008213,2025-03-03,Казань,Москва,Авто,73.4,3,2,2287.71,В срок
SHP009218,2025-08-01,Москва,Пермь,Авиа,61.8,2,2,8119.42,В срок
SHP000831,2025-07-28,Москва,Уфа,Железная дорога,145.5,4,4,2999.69,В срок
SHP006497,2025-01-31,Москва,Ростов-на-Дону,Железная дорога,548.6,4,7,3659.62,Задержка
SHP009578,2025-08-07,Новосибирск,Самара,Авиа,192.1,3,3,13107.68,В срок
SHP008840,10.07.2025,Санкт-Петербург,Москва,Авто,261.1,3,3,2945.69,В срок
SHP002932,2025-09-23,Новосибирск,Москва,Авиа,149.2,3,3,16741.17,В срок
SHP002629,2025-01-19,Москва,Пермь,Железная дорога,1135.8,4,4,4864.45,В срок
SHP007565,2025-08-20,Санкт-Петербург,Казань,Железная дорога,250.0,4,7,3325.71,Задержка
SHP000824,2025-08-02,Екатеринбург,Ростов-на-Дону,Авто,200.4,5,6,4485.39,Задержка
SHP009899,2025-02-25,Екатеринбург,Самара,Железная дорога,140.1,4,8,2806.8,Задержка
SHP002207,2025-09-20,Санкт-Петербург,Ростов-на-Дону,Авто,174.7,4,8,4198.74,Задержка
SHP002554,2025-08-21,Москва,Нижний Новгород,Железная дорога,245.6,3,6,1977.33,Задержка
SHP009302,2025-03-15,Екатеринбург,Пермь,Железная дорога,145.9,3,3,2208.32,В срок
SHP006182,2025-04-03,Новосибирск,Ростов-на-Дону,Железная дорога,107.0,7,7,5271.38,В срок
SHP004385,2025-03-16,Санкт-Петербург,Ростов-на-Дону,Железная дорога,723.0,5,4,3969.37,В срок
SHP008374,2025-08-15,Москва,Новосибирск,Авто,155.8,7,7,6892.54,В срок
SHP006305,2025-07-01,Новосибирск,Екатеринбург,Железная дорога,326.1,4,4,4287.84,В срок
SHP000837,2025-09-01,Екатеринбург,Ростов-на-Дону,Железная дорога,246.3,5,5,4121.08,В срок
SHP001356,2025-12-29,Казань,Москва,Железная дорога,305.1,3,7,2835.38,Задержка
SHP000348,2025-01-04,Санкт-Петербург,Екатеринбург,Авто,31.1,5,5,4401.54,В срок
SHP007282,2025-05-25,Екатеринбург,Уфа,Авто,748.0,2,1,3423.62,В срок
SHP000007,2025-04-20,Москва,Новосибирск,Авиа,394.2,3,3,17916.42,В срок
SHP001036,2025-11-14,Екатеринбург,Санкт-Петербург,Железная дорога,80.1,5,5,3995.64,В срок
SHP007663,2025-09-28,Москва,Ростов-на-Дону,Авто,207.4,3,3,3501.09,В срок
SHP005091,2025-01-20,Москва,Нижний Новгород,Авиа,557.0,2,2,7257.94,В срок
SHP001094,2025-04-12,Санкт-Петербург,Москва,Авто,719.7,3,3,4214.28,В срок
SHP004445,2025-01-22,Казань,Новосибирск,Авиа,467.0,3,4,14331.35,Задержка
SHP009959,2025-08-27,Москва,Казань,Авто,472.5,3,3,3124.19,В срок
SHP001140,2025-02-12,Москва,Нижний Новгород,Авто,335.8,2,6,2502.09,Задержка
SHP001387,2025-01-12,Казань,Новосибирск,Железная дорога,652.4,5,7,5377.58,Задержка
SHP007863,2025-04-16,Москва,Санкт-Петербург,Авто,340.0,3,2,2870.4,В срок
SHP002402,2025-07-23,Санкт-Петербург,Екатеринбург,Железная дорога,390.3,5,7,4208.22,Задержка
SHP009042,2025-12-20,Екатеринбург,Пермь,Авто,634.3,2,2,2943.11,В срок
SHP000849,2025-01-03,Екатеринбург,Пермь,Авто,267.1,2,4,2141.71,Задержка
SHP009102,2025-01-06,Санкт-Петербург,Уфа,Железная дорога,252.4,5,5,4168.42,В срок
SHP002374,2025-06-01,Москва,Екатеринбург,Железная дорога,1800.0,4,4,6038.19,В срок
SHP008041,2025-05-20,Екатеринбург,Казань,Авто,462.0,3,5,3275.21,Задержка
SHP005039,2025-04-07,Санкт-Петербург,Самара,Авто,129.6,4,4,3710.12,В срок
SHP009948,2025-10-15,Москва,Ростов-на-Дону,Железная дорога,50.0,4,4,2797.68,В срок
SHP001154,2025-06-20,Москва,Ростов-на-Дону,Железная дорога,165.8,4,4,2858.71,В срок
SHP009571,2025-06-09,Москва,Екатеринбург,Железная дорога,644.0,4,3,4532.63,В срок
SHP002493,2025-02-09,Москва,Пермь,Железная дорога,65.0,4,4,3241.44,В срок
SHP008099,2025-09-05,Москва,Пермь,Железная дорога,142.1,4,6,3119.28,Задержка
SHP006494,2025-09-19,Москва,Уфа,Авиа,160.1,2,2,8226.09,В срок
SHP007196,2025-09-14,Москва,Пермь,Железная дорога,253.2,4,4,3434.27,В срок
SHP006517,2025-02-11,Новосибирск,Ростов-на-Дону,Авиа,336.1,3,3,17053.79,В срок
SHP002729,2025-07-25,Казань,Новосибирск,Авиа,72.6,3,3,12242.1,В срок
SHP004832,2025-06-28,Москва,Екатеринбург,Железная дорога,806.6,4,8,5179.59,Задержка
SHP002762,2025-09-23,Москва,Самара,Железная дорога,245.8,4,4,3130.89,В срок
SHP005600,2025-04-30,Санкт-Петербург,Пермь,Авто,149.6,4,4,4205.15,В срок
SHP003946,2025-01-31,Москва,Ростов-на-Дону,Авто,172.8,3,4,3252.65,Задержка
SHP008467,2025-09-23,Москва,Ростов-на-Дону,Авто,232.8,3,3,3056.71,В срок
SHP009428,2025-06-22,Москва,Пермь,Авто,318.2,4,6,4074.21,Задержка
SHP000473,2025-01-08,Екатеринбург,Санкт-Петербург,Авто,461.2,5,5,5207.45,В срок
SHP002539,2025-11-13,Казань,Екатеринбург,Авиа,759.6,2,2,10038.98,В срок
SHP001864,2025-04-27,Москва,Санкт-Петербург,Авто,820.0,3,3,4419.92,В срок
SHP004493,2025-07-15,Москва,Ростов-на-Дону,Железная дорога,99.9,4,4,2628.35,В срок
SHP007073,2025-07-12,Казань,Москва,Железная дорога,274.7,3,3,2646.26,В срок
SHP002605,2025-09-16,Екатеринбург,Москва,Железная дорога,227.2,4,3,3698.6,В срок
SHP006299,2025-03-11,Казань,Екатеринбург,Железная дорога,410.2,3,3,3054.24,В срок
SHP003690,2025-06-18,Казань,Екатеринбург,Авто,551.9,3,3,3872.89,В срок
SHP005667,2025-09-29,Москва,Самара,Авиа,276.7,2,2,9345.11,В срок
SHP000498,2025-06-03,Москва,Нижний Новгород,Авто,202.2,2,2,2063.31,В срок
SHP008712,2025-12-05,Санкт-Петербург,Новосибирск,Авиа,240.0,3,60,19685.33,Задержка
SHP008356,2025-10-24,Санкт-Петербург,Нижний Новгород,Авто,282.6,3,3,3218.47,В срок
SHP001920,2025-02-02,Москва,Санкт-Петербург,Авто,915.4,3,3,3750.43,В срок
SHP007017,2025-04-19,Москва,Уфа,Железная дорога,321.1,4,3,3296.71,В срок
SHP004988,2025-12-08,Санкт-Петербург,Казань,Авто,216.4,4,4,3767.84,В срок
SHP001986,2025-04-21,Москва,Екатеринбург,Авиа,101.0,2,2,9321.85,В срок
SHP001166,2025-10-01,Москва,Екатеринбург,Авто,202.9,4,4,3926.61,В срок
SHP006863,2025-03-20,Новосибирск,Ростов-на-Дону,Авиа,382.4,3,3,19412.95,В срок
SHP000022,2025-04-17,Москва,Ростов-на-Дону,Авиа,544.9,2,2,9714.48,В срок
SHP000311,2025-07-20,Москва,Пермь,Железная дорога,82.1,4,4,2823.07,В срок
SHP007636,07.02.2025,Казань,Уфа,Авто,307.2,2,6,2386.48,Задержка
SHP009394,2025-10-07,Новосибирск,Екатеринбург,Авто,452.6,4,6,4824.84,Задержка
SHP003719,2025-11-10,Казань,Самара,Железная дорога,517.9,3,3,2705.96,В срок
SHP001176,2025-03-10,Москва,новосибирск ,Авиа,352.0,3,3,18523.94,В срок
SHP003990,2025-08-16,Новосибирск,Санкт-Петербург,Авиа,328.0,3,3,20143.02,В срок
SHP002516,2025-12-31,Новосибирск,Самара,Авиа,96.8,3,3,11202.21,В срок
SHP005924,2025-02-21,Санкт-Петербург,Пермь,Авто,721.4,4,4,5988.22,В срок
SHP001112,2025-09-13,Москва,Казань,Авто,345.4,3,2,2934.7,В срок
SHP007596,2025-03-07,Санкт-Петербург,Казань,Авто,235.7,4,4,3979.87,В срок
SHP006205,2025-01-08,Екатеринбург,Ростов-на-Дону,Авиа,432.7,2,3,14455.07,Задержка
SHP001012,2025-12-09,Екатеринбург,Пермь,Авто,996.7,2,3,3888.57,Задержка
SHP009919,2025-09-29,Екатеринбург,Пермь,Железная дорога,672.5,3,5,2685.84,Задержка
SHP008077,2025-05-17,Санкт-Петербург,Ростов-на-Дону,Железная дорога,70.7,5,5,3420.55,В срок
SHP009226,2025-01-21,Санкт-Петербург,Самара,Авто,309.9,4,4,4139.46,В срок
SHP004097,2025-05-24,Новосибирск,Пермь,Авто,264.7,5,5,4775.17,В срок
SHP006947,2025-12-19,Москва,Екатеринбург,Железная дорога,512.6,4,4,4557.59,В срок
SHP008116,2025-06-30,Москва,Екатеринбург,Авто,348.0,4,3,4717.44,В срок
SHP007058,2025-04-12,Казань,Новосибирск,Авиа,244.6,3,3,14713.3,В срок
SHP000250,2025-05-20,Казань,Нижний Новгород,Авто,53.9,2,1,1760.63,В срок
SHP001262,2025-02-07,Казань,Новосибирск,Авиа,624.3,3,2,14236.07,В срок
SHP003345,2025-07-02,Казань,Самара,Железная дорога,330.9,3,3,2435.21,В срок
SHP000089,2025-10-15,Москва,Новосибирск,Железная дорога,241.3,6,6,5652.33,В срок
SHP004089,2025-02-04,Екатеринбург,Новосибирск,Железная дорога,1175.5,4,8,4880.02,Задержка
SHP000736,2025-11-07,Москва,Самара,Авиа,232.8,2,2,7779.17,В срок
SHP009009,2025-02-13,Москва,Нижний Новгород,Авто,196.1,2,2,2117.53,В срок
SHP009942,2025-10-21,Екатеринбург,Нижний Новгород,Железная дорога,,4,4,2864.46,В срок
SHP005559,2025-11-09,Казань,Пермь,Авто,550.2,2,4,3405.12,Задержка
SHP006718,2025-09-21,Москва,Ростов-на-Дону,Авто,246.0,3,3,3187.77,В срок
SHP009103,2025-10-31,Казань,Новосибирск,Авто,297.0,6,6,5870.47,В срок
SHP001577,2025-10-01,Екатеринбург,Санкт-Петербург,Железная дорога,1103.5,5,4,5081.47,В срок
SHP002149,2025-01-26,Москва,Ростов-на-Дону,Авто,274.4,3,4,3431.34,Задержка
SHP008759,2025-03-29,Москва,Самара,,178.3,3,2,3076.15,В срок
SHP006975,2025-11-17,Казань,Нижний Новгород,Авто,426.9,2,2,2572.7,В срок
SHP008814,2025-09-22,Санкт-Петербург,Казань,Авиа,252.8,2,2,9819.3,В срок
SHP005353,2025-10-01,Москва,Новосибирск,Железная дорога,131.9,6,6,4757.61,В срок
SHP003818,2025-05-11,Новосибирск,Нижний Новгород,Железная дорога,403.1,6,6,5203.38,В срок
SHP002742,2025-05-13,Москва,Казань,Авто,327.3,3,2,3184.85,В срок
SHP007774,2025-06-14,Москва,Новосибирск,Авто,227.0,7,7,7317.41,В срок
SHP006654,2025-12-15,Казань,Ростов-на-Дону,Авто,111.8,4,8,3268.41,Задержка
SHP007050,2025-08-01,Москва,Екатеринбург,Авто,99.6,4,4,3677.05,В срок
SHP005949,2025-09-10,Казань,Новосибирск,Железная дорога,410.0,5,5,4926.95,В срок
SHP007747,2025-03-04,Казань,Пермь,Авто,108.6,2,2,2367.13,В срок
SHP005578,2025-05-18,Казань,Самара,Авто,336.1,2,2,2318.64,В срок
SHP006307,2025-07-29,Казань,Ростов-на-Дону,Авто,479.4,4,4,3966.69,В срок
SHP008788,2025-02-14,Екатеринбург,Нижний Новгород,Авиа,118.1,2,2,7953.18,В срок
SHP008968,2025-10-23,Москва,Уфа,Железная дорога,133.3,4,4,3313.7,В срок
SHP005620,2025-08-05,Москва,Ростов-на-Дону,Железная дорога,173.3,4,4,3248.8,в срок 
SHP004838,2025-05-14,Москва,Нижний Новгород,Авто,414.6,2,2,2657.8,В срок
SHP008166,2025-01-08,Москва,Самара,АВИА,631.3,2,2,9710.94,В срок
SHP002172,2025-02-15,Москва,Екатеринбург,Железная дорога,497.2,4,6,4024.64,Задержка
SHP001809,2025-01-18,Москва,Пермь,Авто,240.1,4,4,3569.53,В срок
SHP009063,2025-06-02,Новосибирск,Ростов-на-Дону,Железная дорога,690.9,7,7,6562.86,В срок
SHP007096,2025-03-01,Новосибирск,Уфа,Железная дорога,443.4,5,5,4417.61,В срок
SHP001090,2025-08-11,Новосибирск,Нижний Новгород,Железная дорога,1038.4,6,8,6549.84,Задержка
SHP008230,2025-12-22,Москва,Екатеринбург,Железная дорога,66.0,4,4,3498.81,В срок
SHP006124,2025-11-15,Москва,Уфа,Авто,409.2,4,4,3799.67,В срок
SHP001684,2025-10-20,Москва,Нижний Новгород,Авто,314.7,2,2,2298.33,В срок
SHP006747,2025-10-11,Москва,Нижний Новгород,Авто,296.8,2,5,1918.57,Задержка
SHP002372,2025-08-03,Москва,Нижний Новгород,Железная дорога,142.7,3,3,2388.18,В срок
SHP000649,2025-07-22,Москва,Новосибирск,Авиа,574.5,3,3,16124.87,В срок
SHP003491,2025-03-28,Москва,Екатеринбург,Железная дорога,100.3,4,4,3711.46,В срок
SHP007293,2025-10-28,Москва,Уфа,Авто,587.1,4,4,3979.42,В срок
SHP007805,2025-05-31,Москва,Санкт-Петербург,Авто,431.0,3,6,2976.18,Задержка
SHP004823,2025-08-26,Новосибирск,Екатеринбург,Железная дорога,514.0,4,0,4237.6,В срок
SHP002552,2025-04-25,Москва,Ростов-на-Дону,Железная дорога,597.9,4,3,3610.41,В срок
SHP001802,2025-09-07,Москва,Санкт-Петербург,Железная дорога,425.3,3,5,3017.74,Задержка
SHP009430,2025-10-09,Москва,Уфа,Авто,713.4,4,4,5031.36,В срок
SHP003282,2025-03-20,Казань,Екатеринбург,Авиа,381.8,2,2,8353.27,В срок
SHP009517,2025-04-14,Казань,Новосибирск,Авиа,151.1,3,3,13943.08,В срок
SHP009847,2025-02-27,Москва,Уфа,Железная дорога,239.6,4,3,3754.27,В срок
SHP003220,2025-03-23,Новосибирск,Нижний Новгород,,1098.9,3,2,18479.16,В срок
SHP009807,2025-11-25,Москва,Нижний Новгород,Авто,702.3,2,2,3713.51,В срок
SHP007346,2025-12-22,Москва,Уфа,Железная дорога,176.0,4,4,3635.53,В срок
SHP004863,2025-07-14,Новосибирск,Москва,Железная дорога,161.5,6,6,5118.2,В срок
SHP001219,2025-08-19,Казань,Пермь,Авто,450.7,2,2,2936.82,В срок
SHP009810,2025-06-20,Казань,Уфа,Авиа,477.9,2,5,7145.8,Задержка
SHP000075,2025-04-15,Новосибирск,Нижний Новгород,Авиа,663.9,3,3,18125.78,В срок
SHP009691,2025-02-04,Москва,Уфа,Авиа,146.8,2,2,9907.09,В срок
SHP001553,2025-04-08,Екатеринбург,Казань,Авто,164.5,3,3,2561.98,В срок
SHP001558,2025-02-20,Москва,Казань,Авиа,254.1,2,2,7751.2,В срок
SHP002939,2025-05-22,Москва,Нижний Новгород,Железная дорога,314.7,3,3,2522.77,В срок
SHP009072,2025-07-23,Москва,Самара,Авто,154.5,3,7,2731.9,Задержка
SHP008143,2025-06-30,Москва,Нижний Новгород,Авто,268.6,2,4,1905.51,Задержка
SHP002871,2025-02-20,Москва,Пермь,Железная дорога,115.3,4,4,3451.86,В срок
SHP002851,2025-03-13,Москва,Новосибирск,Авто,586.6,7,7,7664.72,В срок
SHP008069,2025-12-04,Москва,Казань,Авто,448.8,3,4,3538.16,Задержка
SHP002713,2025-12-15,Москва,Уфа,Железная дорога,765.7,4,3,4390.84,В срок
SHP003725,2025-03-28,Казань,Екатеринбург,Железная дорога,83.0,3,5,2460.47,Задержка
SHP003888,2025-04-10,Санкт-Петербург,Ростов-на-Дону,Железная дорога,621.6,5,8,4571.71,Задержка
SHP008908,2025-12-02,Москва,Пермь,Авто,188.7,4,7,3553.84,Задержка
SHP008421,2025-01-11,Москва,Новосибирск,Авто,132.2,7,11,7364.63,Задержка
SHP005322,2025-09-20,Казань,Ростов-на-Дону,Железная дорога,198.9,4,4,3626.97,В срок
SHP009499,2025-03-28,Новосибирск,Екатеринбург,Авто,950.2,4,8,5305.52,Задержка
SHP001485,2025-03-10,Казань,Москва,Железная дорога,359.8,3,3,3065.37,В срок
SHP009872,2025-01-16,Москва,Пермь,Железная дорога,181.5,4,6,3169.65,Задержка
SHP002025,2025-01-31,Санкт-Петербург,Москва,Железная дорога,1040.4,3,3,3995.13,В срок
SHP002717,2025-07-16,Москва,Самара,Железная дорога,617.1,4,4,3348.76,В срок
SHP007483,2025-11-21,Казань,Уфа,Авто,150.6,2,2,2376.46,В срок
SHP001840,2025-01-04,Москва,Ростов-на-Дону,Авто,298.7,3,2,3754.01,В срок
SHP004212,2025-03-14,Екатеринбург,Уфа,Железная дорога,153.4,3,3,2269.22,В срок
SHP002668,2025-01-09,Москва,Ростов-на-Дону,Железная дорога,117.2,4,4,2849.05,В срок
SHP006985,2025-08-12,Москва,Казань,Железная дорога,417.9,3,2,2994.53,В срок
SHP001196,2025-01-24,Казань,Нижний Новгород,Железная дорога,462.2,3,3,2332.57,В срок
SHP006160,2025-04-05,Москва,Уфа,Железная дорога,359.0,4,4,3637.48,В срок
SHP003396,2025-02-15,Санкт-Петербург,Самара,Железная дорога,394.1,4,5,4051.27,Задержка
SHP003895,2025-09-28,Москва,Нижний Новгород,Авто,122.6,2,4,2029.76,Задержка
SHP008523,2025-03-26,Санкт-Петербург,Нижний Новгород,Железная дорога,406.5,4,4,3158.05,В срок
SHP004395,2025-08-04,Москва,Самара,Железная дорога,64.3,4,4,2714.67,В срок
SHP003680,2025-04-04,Санкт-Петербург,Екатеринбург,Авто,500.3,5,5,6203.27,В срок
SHP009797,2025-11-01,Екатеринбург,Самара,Авто,403.8,3,3,3477.45,В срок
SHP009130,2025-11-23,Москва,Санкт-Петербург,Железная дорога,506.5,3,3,3107.49,В срок
SHP008658,2025-11-15,Екатеринбург,Москва,Авиа,1092.8,2,4,14466.98,Задержка
SHP004769,2025-02-27,Москва,Санкт-Петербург,Авто,141.3,3,3,2352.53,В срок
SHP005311,2025-06-29,Новосибирск,Ростов-на-Дону,Авто,123.9,7,7,6874.3,В срок
SHP009253,2025-02-04,Москва,Пермь,Авто,165.0,4,4,3442.59,В срок
SHP001049,2025-01-14,Санкт-Петербург,Ростов-на-Дону,Авто,317.4,4,4,4703.59,В срок
SHP000438,2025-02-23,Санкт-Петербург,Нижний Новгород,Авто,102.4,3,3,2838.53,В срок
SHP005210,2025-08-20,Екатеринбург,Пермь,Авто,245.5,2,4,1897.09,Задержка
SHP009805,2025-07-20,Екатеринбург,Нижний Новгород,Авто,348.7,3,3,3798.31,В срок
SHP001759,2025-03-19,Москва,Новосибирск,Авиа,225.3,3,3,16526.3,В срок
SHP004217,2025-05-26,Москва,Санкт-Петербург,Авто,336.3,3,3,2812.25,В срок
SHP007550,2025-07-27,Санкт-Петербург,Уфа,Авто,276.7,5,5,4830.45,В срок
SHP006739,2025-11-19,Новосибирск,Санкт-Петербург,Железная дорога,446.2,7,7,6234.22,В срок
SHP009860,2025-08-16,Казань,санкт-петербург,Авто,676.1,4,4,4943.12,В срок
SHP006454,2025-04-30,Екатеринбург,Пермь,Авто,414.9,2,2,2451.39,В срок
SHP004379,2025-07-20,Екатеринбург,Санкт-Петербург,Авто,1366.3,5,7,7448.93,Задержка
SHP006553,2025-09-07,Москва,Пермь,Железная дорога,185.6,4,4,3393.59,В срок
SHP001268,2025-10-17,Казань,Самара,Авто,342.1,2,2,2030.14,В срок
SHP001343,2025-06-03,Москва,Санкт-Петербург,Авто,475.2,3,3,3226.62,В срок
SHP005685,2025-08-06,Санкт-Петербург,Нижний Новгород,Железная дорога,191.9,4,6,2980.11,Задержка
SHP007703,2025-12-23,Санкт-Петербург,Екатеринбург,Авиа,573.9,2,2,14727.19,В срок
SHP005363,2025-12-06,Москва,Самара,Железная дорога,181.9,4,7,2564.11,Задержка
SHP003777,2025-01-01,Москва,Новосибирск,Авиа,154.9,3,3,15577.14,В срок
SHP008991,2025-05-23,Санкт-Петербург,Уфа,Железная дорога,196.4,5,4,3772.44,В срок
SHP006720,2025-12-29,Казань,Пермь,Железная дорога,54.2,3,3,2075.91,В срок
SHP002287,2025-10-07,Екатеринбург,Самара,Авто,102.0,3,3,2616.98,Задержка
SHP001618,2025-01-31,Москва,Новосибирск,Железная дорога,212.4,6,6,5612.84,В срок
SHP003347,2025-11-20,Екатеринбург,Москва,Авиа,294.8,2,2,11738.91,В срок
SHP004046,2025-05-04,Москва,Уфа,Авто,178.6,4,4,3549.97,В срок
SHP004508,2025-10-01,Санкт-Петербург,Пермь,Авто,263.3,4,4,4312.09,В срок
SHP005173,2025-09-06,Новосибирск,Самара,Авиа,299.1,3,3,14254.25,В срок
SHP006512,2025-01-17,Новосибирск,Ростов-на-Дону,Железная дорога,238.4,7,7,6118.4,В срок
SHP001906,2025-01-23,Москва,Екатеринбург,Авто,267.3,4,4,4478.82,В срок
SHP001524,2025-06-22,Новосибирск,Екатеринбург,Железная дорога,315.3,4,4,3954.64,В срок
SHP006801,2025-12-04,Казань,Пермь,Железная дорога,79.4,3,5,2077.62,Задержка
SHP007066,2025-08-16,Москва,Санкт-Петербург,Авто,505.4,3,3,3325.41,В срок
SHP008480,2025-09-27,Москва,Уфа,Железная дорога,479.5,4,4,3726.95,В срок
SHP000391,2025-03-14,Москва,Пермь,Авиа,317.0,2,2,8967.31,В срок
SHP000760,2025-08-24,Санкт-Петербург,Пермь,Железная дорога,505.7,5,8,4159.39,Задержка
SHP001721,2025-12-16,Новосибирск,Уфа,Железная дорога,440.4,5,7,3916.08,Задержка
SHP002393,2025-09-06,Москва,Санкт-Петербург,Авто,212.5,3,3,2679.86,В срок
SHP001674,2025-03-08,Казань,Москва,Железная дорога,198.3,3,3,2668.66,В срок
SHP004590,2025-01-02,Казань,Москва,Железная дорога,80.2,3,7,2767.74,Задержка
SHP003796,2025-07-29,Москва,Казань,Железная дорога,543.1,3,5,2966.92,Задержка
SHP007493,2025-09-27,Санкт-Петербург,Ростов-на-Дону,Авиа,212.1,2,2,10400.11,В срок
SHP001568,2025-03-23,Санкт-Петербург,Москва,Железная дорога,468.1,3,3,3032.24,В срок
SHP007338,2025-01-10,Москва,Ростов-на-Дону,Железная дорога,100.3,4,7,2601.18,Задержка
SHP009306,2025-07-14,Санкт-Петербург,Пермь,Авто,188.6,4,3,4211.86,В срок
SHP007154,2025-03-26,Казань,Москва,Железная дорога,424.1,3,3,3445.35,В срок
SHP000457,2025-12-27,Москва,Казань,Авиа,178.3,2,6,7381.72,Задержка
SHP002119,2025-07-06,Новосибирск,Санкт-Петербург,Авиа,108.5,3,3,18535.89,В срок
SHP005140,2025-12-08,Москва,Новосибирск,Железная дорога,405.2,6,10,5904.35,Задержка
SHP002580,2025-11-28,Санкт-Петербург,Самара,Железная дорога,699.1,4,4,4160.25,В срок
SHP007120,2025-02-18,Москва,Уфа,Железная дорога,123.3,4,4,2809.32,В срок
SHP003186,2025-11-15,Казань,Новосибирск,Железная дорога,338.3,5,9,5103.61,Задержка
SHP009397,2025-07-11,Москва,Екатеринбург,Авто,231.6,4,4,3703.4,В срок
SHP002033,2025-09-09,Новосибирск,Екатеринбург,Железная дорога,549.7,4,4,3418.6,В срок
SHP009066,2025-10-20,Москва,Самара,Железная дорога,923.1,4,4,4121.48,В срок
SHP002237,2025-08-02,Екатеринбург,Ростов-на-Дону,Авто,66.4,5,6,4452.47,Задержка
SHP004827,2025-10-20,Казань,Нижний Новгород,Авто,128.4,2,2,1709.53,В срок
SHP000788,2025-02-03,Москва,Екатеринбург,Авто,990.9,4,3,5943.26,В срок
SHP001751,2025-02-01,Новосибирск,Санкт-Петербург,Авиа,146.0,3,3,17073.66,В срок
SHP008601,2025-08-25,Новосибирск,Ростов-на-Дону,Авиа,179.4,3,3,18153.1,В срок
SHP008918,2025-11-10,Москва,Екатеринбург,Железная дорога,251.9,4,4,3357.76,В срок
SHP003350,2025-06-04,Москва,Нижний Новгород,Авто,1714.6,2,5,5835.86,Задержка
SHP007698,2025-06-18,Москва,Самара,Железная дорога,387.1,4,4,3023.02,В срок
SHP009299,2025-10-08,Москва,Пермь,Железная дорога,172.6,4,5,3357.72,Задержка
SHP008370,2025-02-20,Санкт-Петербург,Казань,Авто,275.0,4,3,3793.99,В срок
SHP006081,2025-09-12,Казань,Нижний Новгород,Авто,514.2,2,1,2813.14,В срок
SHP005552,2025-07-21,Москва,Самара,Железная дорога,323.5,4,4,2915.27,В срок
SHP000968,2025-09-07,новосибирск ,Екатеринбург,Авто,493.8,4,4,4935.43,В срок
SHP009955,2025-11-16,Санкт-Петербург,Новосибирск,Авиа,316.5,3,3,17994.68,В срок
SHP005658,2025-07-22,Москва,Пермь,Железная дорога,135.5,4,3,3184.04,В срок
SHP001194,2025-09-10,Новосибирск,Нижний Новгород,Авиа,823.2,3,3,17192.09,В срок
SHP000035,2025-08-18,Москва,Уфа,Авиа,285.7,2,1,9015.16,В срок
SHP005197,2025-11-30,Казань,Уфа,Авто,106.0,2,2,1931.0,В срок
SHP005532,2025-09-17,Санкт-Петербург,Москва,Авто,219.1,3,3,2768.43,В срок
SHP006250,2025-01-15,Москва,Пермь,Авиа,198.7,2,5,9214.84,Задержка
SHP002590,2025-06-17,Москва,Новосибирск,Железная дорога,209.8,6,6,6030.03,В срок
SHP009188,2025-12-08,Новосибирск,Екатеринбург,Авто,506.9,4,4,4663.14,В срок
SHP000069,2025-12-08,Санкт-Петербург,Ростов-на-Дону,Железная дорога,322.7,5,5,4390.53,В срок
SHP009380,2025-08-03,Москва,Нижний Новгород,Авто,97.6,2,1,1919.23,В срок
SHP009417,2025-03-26,Москва,Нижний Новгород,Авто,143.9,2,2,1740.12,В срок
SHP006566,2025-05-08,Москва,Екатеринбург,Авто,182.4,4,4,4327.19,В срок
SHP008124,2025-03-07,Москва,Самара,Авто,130.7,3,3,2878.1,В срок
SHP005537,2025-04-25,Екатеринбург,Новосибирск,Авто,223.4,4,4,3875.79,В срок
SHP003937,2025-07-31,Москва,Нижний Новгород,Авто,279.4,2,2,1985.23,В срок
SHP004530,2025-02-02,Казань,Москва,Железная дорога,52.4,3,3,2223.21,В срок
SHP006219,2025-10-21,Москва,Ростов-на-Дону,Железная дорога,1363.1,4,4,4731.75,В срок
SHP004724,2025-01-16,Санкт-Петербург,Ростов-на-Дону,Авиа,168.4,2,2,11414.85,В срок
SHP007967,2025-12-10,Новосибирск,Ростов-на-Дону,Железная дорога,263.4,7,9,5593.73,Задержка
SHP009413,2025-07-26,Москва,Ростов-на-Дону,Авиа,284.2,2,2,7845.66,В срок
SHP006686,2025-11-10,Казань,Новосибирск,Железная дорога,350.6,5,5,4944.3,В срок
SHP003378,2025-03-18,Казань,Санкт-Петербург,Авто,167.8,4,4,3592.15,В срок
SHP009001,2025-12-28,Москва,Новосибирск,Железная дорога,206.0,6,6,5881.52,В срок
SHP001018,2025-01-15,Москва,Уфа,АВИА,78.8,2,2,8206.09,В срок
SHP008604,2025-11-28,Казань,уфа ,Авто,161.1,2,2,-100.0,В срок
SHP006981,2025-09-22,Москва,Екатеринбург,Авто,62.0,4,4,4129.63,В срок
SHP005780,2025-02-17,Москва,Пермь,Железная дорога,1800.0,4,6,5782.27,Задержка
SHP003493,2025-02-16,Москва,Уфа,Авиа,28.8,2,2,8070.09,в срок 
SHP003894,2025-04-29,Москва,Самара,Авто,432.3,3,7,3361.96,Задержка
SHP005825,2025-06-16,Москва,Казань,Авто,1008.0,3,3,4122.39,В срок
SHP006166,2025-11-18,Екатеринбург,Нижний Новгород,Авиа,240.5,2,2,8657.22,В срок
SHP005592,2025-08-25,Новосибирск,Екатеринбург,Железная дорога,123.4,4,4,3672.02,В срок
SHP009201,2025-06-01,Новосибирск,Пермь,Авто,495.4,5,5,5394.48,В срок
SHP001708,2025-12-19,Новосибирск,Санкт-Петербург,Железная дорога,415.9,7,9,6062.95,Задержка
SHP003372,2025-03-18,Екатеринбург,Уфа,Железная дорога,611.7,3,7,2878.56,Задержка
SHP006457,2025-09-29,Новосибирск,Самара,Авиа,132.7,3,5,14671.97,Задержка
SHP000014,2025-01-29,Новосибирск,Самара,Железная дорога,254.7,5,5,4687.82,В срок
SHP001198,2025-07-13,Москва,Самара,Железная дорога,231.1,4,4,3328.35,В срок
SHP001346,2025-04-26,Москва,Новосибирск,Железная дорога,159.1,6,6,5327.8,В срок
SHP008200,2025-05-03,Казань,Екатеринбург,Авто,220.1,3,3,2627.48,В срок
SHP006838,2025-08-31,Москва,Екатеринбург,Железная дорога,318.0,4,4,3861.41,В срок
SHP001499,2025-03-05,Казань,Екатеринбург,Железная дорога,741.5,3,5,2884.79,Задержка
SHP001655,2025-06-19,Екатеринбург,Санкт-Петербург,Авиа,431.0,2,2,12327.73,В срок
SHP001305,2025-10-21,Казань,Самара,Авто,225.7,2,2,2041.11,В срок
SHP005393,2025-03-15,Москва,Самара,Авиа,95.7,2,4,7300.03,Задержка
SHP003600,2025-03-08,Екатеринбург,Москва,Железная дорога,218.1,4,4,3772.21,В срок
SHP003056,2025-03-31,Санкт-Петербург,Казань,Железная дорога,610.9,4,4,4066.85,В срок
SHP005624,2025-06-07,Екатеринбург,Москва,Авто,113.8,4,4,3314.33,В срок
SHP001332,2025-08-20,Москва,Нижний Новгород,Авто,132.5,2,3,1901.67,Задержка
SHP004706,2025-07-24,Новосибирск,Казань,Авиа,103.3,3,2,13028.46,В срок
SHP001213,2025-01-08,Москва,Екатеринбург,Железная дорога,84.6,4,5,,Задержка
SHP000232,2025-10-05,Москва,Нижний Новгород,Железная дорога,181.2,3,3,2419.74,В срок
SHP009620,2025-09-11,Санкт-Петербург,Нижний Новгород,Авто,221.9,3,3,3169.07,В срок
SHP007927,2025-04-13,Москва,Санкт-Петербург,Железная дорога,85.4,3,3,2171.25,В срок
SHP007432,2025-03-04,Москва,Новосибирск,Железная дорога,652.5,6,6,6583.79,В срок
SHP001420,2025-08-01,Москва,Казань,Авиа,68.6,2,2,5822.88,В срок
SHP008279,2025-02-06,Москва,Пермь,Железная дорога,714.8,4,4,4422.98,В срок
SHP005026,2025-05-02,Новосибирск,Екатеринбург,Авто,633.4,4,4,5056.21,В срок
SHP004532,2025-10-24,Санкт-Петербург,Новосибирск,Авиа,122.2,3,3,18226.73,В срок
SHP000375,2025-11-10,Казань,Пермь,Авто,345.6,2,5,2650.88,Задержка
SHP007084,2025-03-01,Москва,Пермь,Авиа,159.8,2,2,7499.03,В срок
SHP004685,2025-11-10,Москва,Уфа,Авто,161.4,4,4,3599.56,В срок
SHP001866,2025-06-26,Москва,Пермь,Авиа,118.9,2,2,8942.98,В срок
SHP005547,2025-12-24,Санкт-Петербург,Москва,Авто,432.7,3,6,2906.31,Задержка
SHP006187,2025-12-11,Москва,Санкт-Петербург,Авто,691.7,3,3,3356.2,В срок
SHP009904,2025-02-16,Москва,Самара,Авто,318.0,3,5,3344.33,Задержка
SHP002809,2025-02-15,Москва,Нижний Новгород,Авто,61.8,2,2,1696.45,В срок
SHP005596,2025-08-11,Екатеринбург,Уфа,Авто,414.7,2,2,2691.62,В срок
SHP003964,2025-01-01,Екатеринбург,Самара,Железная дорога,192.9,4,4,2642.72,В срок
SHP006472,2025-07-11,Санкт-Петербург,Ростов-на-Дону,Авиа,259.5,2,1,10955.16,В срок
SHP002261,2025-12-17,Казань,Пермь,Авто,544.0,2,2,3553.16,В срок
SHP008548,2025-12-17,Казань,Пермь,Железная дорога,343.4,3,2,2522.51,В срок
SHP007916,2025-04-06,Екатеринбург,Санкт-Петербург,Авиа,516.9,2,2,12664.84,В срок
SHP000469,2025-10-18,Москва,Новосибирск,Авиа,297.9,3,3,18516.85,В срок
SHP005179,2025-09-01,Екатеринбург,Санкт-Петербург,Авто,368.2,5,4,4525.65,В срок
SHP002344,2025-09-21,Москва,Пермь,Авто,248.6,4,4,3522.71,В срок
SHP004193,2025-07-01,Москва,Екатеринбург,Авто,83.8,4,4,3852.57,В срок
SHP002408,2025-07-27,Москва,Уфа,Авто,761.6,4,4,4887.57,В срок
SHP008326,2025-10-30,Москва,Самара,Авто,89.9,3,3,2848.09,В срок
SHP005387,2025-03-22,Казань,Новосибирск,Железная дорога,227.7,5,5,4183.69,В срок
SHP000383,2025-09-01,Казань,Самара,Железная дорога,118.5,3,3,1735.58,В срок
SHP006369,2025-06-08,Екатеринбург,Уфа,Авто,58.0,2,2,1631.66,В срок
SHP002197,2025-05-02,Казань,Самара,Железная дорога,456.4,3,2,2492.81,В срок
SHP008562,2025-08-09,Москва,Нижний Новгород,Авто,257.7,2,2,2070.19,В срок
SHP007170,2025-02-17,Москва,Казань,Авиа,145.9,2,2,7372.01,В срок
SHP002785,2025-04-03,Москва,Уфа,Авто,186.0,4,4,3545.8,В срок
SHP002946,2025-10-14,Москва,Санкт-Петербург,Железная дорога,490.1,3,3,2721.8,В срок
SHP000052,2025-06-21,Новосибирск,Нижний Новгород,Авто,118.9,6,6,5629.49,В срок
SHP008342,2025-10-02,Новосибирск,Нижний Новгород,Авиа,95.5,3,3,14272.37,В срок
SHP002249,2025-03-28, москва ,Самара,Железная дорога,432.4,4,6,3509.99,Задержка
SHP000315,2025-07-02,Москва,Санкт-Петербург,Авто,220.1,3,5,2755.08,Задержка
SHP009486,2025-05-29,Казань,Санкт-Петербург,Железная дорога,315.1,4,4,,В срок
SHP008822,2025-04-10,Казань,Нижний Новгород,Железная дорога,198.5,3,3,1965.99,В срок
SHP009364,2025-09-09,Санкт-Петербург,Новосибирск,Железная дорога,415.1,7,8,6110.54,Задержка
SHP007728,2025-05-23,Казань,Екатеринбург,Авто,368.4,3,4,3424.58,Задержка
SHP003447,2025-03-01,Москва,Казань,Железная дорога,198.0,3,3,2599.1,В срок
SHP000931,2025-04-15,Санкт-Петербург,Москва,Авто,136.0,3,7,2533.17,Задержка
SHP001987,2025-05-25,Москва,Казань,Авто,224.1,3,3,3280.83,В срок
SHP009459,2025-04-21,Казань,Екатеринбург,Авто,256.3,3,3,2913.95,В срок
SHP001122,2025-07-27,Москва,Новосибирск,Авиа,195.3,3,3,15216.91,В срок
SHP007207,2025-02-03,Санкт-Петербург,Нижний Новгород,Авто,414.3,3,3,3724.82,В срок
SHP001087,2025-11-24,Москва,Уфа,Авто,466.4,4,4,4024.69,В срок
SHP009097,2025-12-22,Санкт-Петербург,Нижний Новгород,Железная дорога,184.3,4,5,2686.19,Задержка
SHP006965,2025-08-04,Новосибирск,Москва,Железная дорога,173.3,6,6,5737.38,В срок
SHP006144,2025-03-06,Москва,Санкт-Петербург,Авто,324.0,3,3,2640.82,В срок
SHP005687,2025-12-14,Москва,Самара,Авто,451.3,3,3,3659.77,В срок
SHP000454,2025-09-11,Москва,Нижний Новгород,Авто,114.5,2,2,1863.8,В срок
SHP007832,2025-07-30,Санкт-Петербург,Москва,Авто,139.4,3,3,2405.51,В срок
SHP005531,2025-05-01,Новосибирск,Екатеринбург,Авто,717.5,4,4,5338.03,В срок
SHP004437,2025-02-22,Санкт-Петербург,Новосибирск,Авиа,924.0,3,3,23359.69,В срок
SHP003904,2025-08-05,Новосибирск,Пермь,Железная дорога,177.6,5,6,3889.45,Задержка
SHP009249,2025-11-30,Москва,Санкт-Петербург,Авто,1167.1,3,3,4462.75,В срок
SHP000025,2025-04-30,Казань,Уфа,Авто,217.4,2,5,2484.46,Задержка
SHP005152,2025-08-26,Москва,Уфа,Авиа,588.9,2,1,10194.6,В срок
SHP009199,2025-01-02,Санкт-Петербург,Екатеринбург,Железная дорога,424.3,5,5,4343.29,В срок
SHP007953,2025-02-19,Санкт-Петербург,Уфа,Железная дорога,101.7,5,5,3956.65,В срок
SHP003342,2025-04-21,Санкт-Петербург,Пермь,Железная дорога,160.9,5,6,3686.98,Задержка
SHP004840,2025-08-02,Новосибирск,Уфа,Железная дорога,417.7,5,5,4396.32,В срок
SHP006500,2025-06-29,Москва,Уфа,Авто,219.4,4,4,4182.07,В срок
SHP000749,2025-10-19,Казань,Новосибирск,ж/д,243.2,5,7,5071.25,Задержка
SHP004881,2025-01-06,Новосибирск,Пермь,Авто,61.5,5,5,3986.01,В срок
SHP007591,2025-09-27,Санкт-Петербург,Казань,Авто,149.2,4,4,3732.06,В срок
SHP000862,2025-06-11,Санкт-Петербург,Нижний Новгород,Железная дорога,378.6,4,6,3096.37,Задержка
SHP000689,2025-06-24,Москва,Екатеринбург,Авто,224.4,4,3,4506.45,В срок
SHP006156,2025-03-30,Санкт-Петербург,Казань,Авто,712.5,4,4,5662.25,В срок
SHP005663,2025-05-01,Казань,Самара,Авиа,324.4,2,1,6113.57,В срок
SHP005587,2025-04-22,Екатеринбург,Уфа,Авто,218.4,2,2,2195.32,В срок
SHP000568,2025-07-25,Москва,Ростов-на-Дону,Железная дорога,324.8,4,4,3094.42,В срок
SHP006262,2025-03-24,Санкт-Петербург,Новосибирск,Авиа,642.3,3,2,18330.14,В срок
SHP004125,2025-09-28,Казань,Уфа,Железная дорога,81.1,3,5,1923.35,Задержка
SHP009527,2025-10-23,Новосибирск,Самара,Железная дорога,218.6,5,5,4571.04,В срок
SHP008634,2025-05-24,Новосибирск,Ростов-на-Дону,Авиа,280.8,3,2,15384.96,В срок
SHP001175,2025-06-06,Москва,Казань,Железная дорога,271.2,3,3,3095.09,В срок
SHP000958,2025-04-21,Екатеринбург,Казань,Железная дорога,149.9,3,3,2439.25,В срок
SHP002127,2025-08-06,Новосибирск,Казань,Авиа,60.1,3,3,13061.76,В срок
SHP007109,2025-07-13,Казань,Новосибирск,Железная дорога,102.3,5,6,4136.84,Задержка
SHP008793,2025-10-08,Москва,Санкт-Петербург,Авиа,343.1,2,2,8012.95,В срок
SHP002931,2025-06-13,Москва,Казань,Авто,1297.9,3,3,5509.65,В срок
SHP004246,2025-05-16,Москва,Новосибирск,Авто,110.0,7,7,6140.35,В срок
SHP005616,2025-06-05,Санкт-Петербург,Самара,Авиа,350.2,2,2,10334.54,В срок
SHP005494,2025-10-06,Москва,Нижний Новгород,Авто,503.2,2,2,2643.91,В срок
SHP004410,2025-06-29,Екатеринбург,Самара,Авто,510.1,3,3,3492.34,В срок
SHP005882,2025-02-27,Москва,Ростов-на-Дону,Авиа,164.9,2,3,8248.77,Задержка
SHP002659,2025-10-04,Санкт-Петербург,Пермь,Железная дорога,528.0,5,4,4470.78,в срок 
SHP002296,07.08.2025,Санкт-Петербург,Уфа,Авто,436.0,5,5,4579.68,В срок
SHP004841,2025-02-10,Москва,Казань,Авто,543.2,3,3,3624.76,В срок
SHP007900,2025-10-23,Новосибирск,Уфа,Авто,189.1,5,7,5333.98,Задержка
SHP003989,2025-01-06,Екатеринбург,Пермь,Авиа,631.5,2,5,6495.86,Задержка
SHP007554,2025-09-21,Казань,Самара,Железная дорога,292.2,3,3,2687.96,В срок
SHP003223,2025-09-20,Москва,Казань,Авто,426.3,3,3,3517.81,В срок
SHP007864,2025-07-31,Екатеринбург,Уфа,Авто,329.0,2,2,2552.52,В срок
SHP009305,2025-07-31,Москва,Екатеринбург,Железная дорога,190.9,4,5,3325.61,Задержка
SHP008666,2025-12-16,Москва,Казань,Железная дорога,1800.0,3,3,4913.17,В срок
SHP008527,2025-06-13,Москва,Уфа,Авиа,57.2,2,2,7915.38,В срок
SHP005047,2025-06-22,Екатеринбург,Уфа,Авто,868.7,2,5,3671.8,Задержка
SHP007571,2025-10-26,Казань,Санкт-Петербург,Авто,174.5,4,3,3153.7,В срок
SHP004822,2025-03-12,Москва,Уфа,Авто,181.4,4,4,3786.22,В срок
SHP001462,2025-03-01,Санкт-Петербург,Пермь,Авто,153.8,4,6,4305.88,Задержка
SHP008901,2025-08-19,Москва,Санкт-Петербург,Железная дорога,135.1,3,3,2553.24,В срок
SHP005490,2025-03-15,Москва,Ростов-на-Дону,Железная дорога,540.4,4,4,3238.01,В срок
SHP005012,2025-08-23,Москва,Санкт-Петербург,Авто,257.5,3,5,2550.19,Задержка
SHP006465,2025-10-27,Екатеринбург,Москва,Железная дорога,89.1,4,3,2852.0,В срок
SHP001302,2025-06-11,Москва,Новосибирск,Авиа,39.4,3,3,15509.07,В срок
SHP005429,2025-07-01,Москва,Ростов-на-Дону,Авто,161.1,3,3,3058.43,В срок
SHP002074,2025-11-10,Казань,Уфа,Авиа,99.8,2,2,5337.75,В срок
SHP001860,2025-09-02,Москва,Пермь,Авто,633.2,4,4,4959.33,В срок
SHP005743,2025-03-01,Москва,Ростов-на-Дону,Авто,259.8,3,3,3216.66,В срок
SHP002339,2025-08-09,Москва,Екатеринбург,Железная дорога,424.8,4,8,4111.42,Задержка
SHP009618,2025-04-17,Москва,Ростов-на-Дону,Железная дорога,128.3,4,4,2898.93,В срок
SHP008879,2025-09-21,Москва,Самара,Авиа,1172.1,2,2,12172.42,В срок
SHP002024,2025-01-08,Казань,Самара,Авто,187.4,2,2,2081.35,В срок
SHP005075,2025-11-08,Москва,Нижний Новгород,Авто,142.4,2,2,1982.81,В срок
SHP007190,2025-09-11,Москва,Уфа,Железная дорога,196.3,4,4,3065.65,В срок
SHP003178,2025-12-16,Москва,Ростов-на-Дону,Авто,338.1,3,4,4146.69,Задержка
SHP001352,2025-10-26,Казань,Екатеринбург,Железная дорога,74.4,3,3,2299.1,В срок
SHP000941,2025-12-15,Новосибирск,Екатеринбург,Железная дорога,457.6,4,3,3729.76,В срок
SHP005230,2025-12-22,Москва,Екатеринбург,Авиа,111.4,2,2,10364.06,В срок
SHP002916,2025-10-22,Москва,Санкт-Петербург,Железная дорога,336.7,3,3,2733.05,В срок
SHP008464,2025-01-01,Москва,Пермь,Железная дорога,175.2,4,4,3339.3,В срок
SHP006471,2025-10-22,Москва,Казань,Авто,954.3,3,4,5165.85,Задержка
SHP003846,2025-03-14,Новосибирск,Самара,Авиа,680.1,3,4,16955.18,Задержка
SHP002910,2025-06-25,Москва,Самара,Авиа,108.0,2,1,7089.68,В срок
SHP005124,2025-07-25,Екатеринбург,Ростов-на-Дону,ж/д,242.8,5,5,3721.19,В срок
SHP002876,2025-12-12,Казань,Самара,Авто,90.5,2,5,1465.77,Задержка
SHP001386,2025-11-25,Санкт-Петербург,Москва,Авто,128.7,3,3,2516.91,В срок
SHP003966,2025-07-03,Екатеринбург,Казань,Авто,284.7,3,3,3211.39,В срок
SHP009124,2025-05-30,Казань,Екатеринбург,Авто,552.0,3,3,3269.91,В срок
SHP001457,2025-06-25,Новосибирск,Нижний Новгород,Авиа,107.2,3,3,15641.7,В срок
SHP009004,2025-02-26,Новосибирск,Уфа,Железная дорога,150.3,5,8,4077.78,Задержка
SHP003237,2025-03-02,Новосибирск,Нижний Новгород,Железная дорога,219.6,6,6,5020.85,В срок
SHP009706,2025-12-17,Санкт-Петербург,Екатеринбург,Авто,105.5,5,5,4812.52,В срок
SHP002981,2025-11-13,Санкт-Петербург,Ростов-на-Дону,Железная дорога,261.2,5,5,3409.71,В срок
SHP006295,2025-12-01,Москва,Екатеринбург,Авиа,131.8,2,2,8678.7,В срок
SHP009170,2025-10-04,Санкт-Петербург,Ростов-на-Дону,Авиа,664.2,2,2,13030.84,В срок
SHP006806,2025-06-11,Екатеринбург,Москва,Авто,360.4,4,8,4877.4,Задержка
SHP002522,2025-02-15,Санкт-Петербург,Самара,Авто,269.3,4,3,4135.71,В срок
SHP004943,2025-09-16,Екатеринбург,Ростов-на-Дону,Авто,49.5,5,5,4108.16,В срок
SHP000261,2025-08-01,Санкт-Петербург,Казань,Авто,227.6,4,4,3889.67,В срок
SHP009568,2025-07-31,Москва,Новосибирск,Железная дорога,138.3,6,6,5475.67,В срок
SHP009384,2025-08-04,Екатеринбург,Москва,Железная дорога,618.2,4,4,3557.07,В срок
SHP007382,2025-10-18,Новосибирск,Казань,Авто,283.4,6,6,5667.35,В срок
SHP009086,2025-11-26,Санкт-Петербург,Самара,Железная дорога,98.4,4,6,3313.59,Задержка
SHP009846,2025-07-20,Москва,Санкт-Петербург,Авто,111.0,3,3,2383.35,В срок
SHP001414,2025-04-23,Санкт-Петербург,Самара,Авиа,354.7,2,1,12016.72,В срок
SHP009795,2025-11-12,Санкт-Петербург,Пермь,Железная дорога,436.4,5,5,4089.56,В срок
SHP004908,2025-04-14,Санкт-Петербург,Ростов-на-Дону,Авиа,526.0,2,6,12255.49,Задержка
SHP009075,2025-09-15,Москва,Нижний Новгород,Авто,1800.0,2,2,6406.3,В срок
SHP005155,2025-09-05,Москва,Пермь,Авто,367.1,4,4,3892.71,В срок
SHP000915,2025-07-10,Екатеринбург,Самара,Авто,378.3,3,3,3367.84,В срок
SHP000074,2025-01-26,Москва,Самара,Авиа,118.1,2,2,8133.6,В срок
SHP000690,2025-12-27,Москва,Ростов-на-Дону,Железная дорога,96.0,4,6,2530.67,Задержка
SHP002046,2025-04-10,Казань,Нижний Новгород,Авто,258.0,2,2,2421.79,В срок
SHP000730,2025-07-20,Москва,Санкт-Петербург,Железная дорога,540.1,3,3,2879.46,В срок
SHP007546,2025-10-14,Новосибирск,Москва,Железная дорога,210.9,6,6,5686.4,В срок
SHP003510,2025-02-22,Санкт-Петербург,Новосибирск,Авиа,333.9,3,4,16905.82,Задержка
SHP008029,2025-07-27,Москва,Нижний Новгород,Авто,568.2,2,3,2881.48,Задержка
SHP002452,2025-10-23,Казань,Уфа,Авто,1089.5,2,1,3559.09,В срок
SHP002013,2025-08-19,Санкт-Петербург,Москва,Авто,695.7,3,3,3984.95,В срок
SHP002714,2025-02-20,Санкт-Петербург,Ростов-на-Дону,Железная дорога,250.9,5,5,3750.34,В срок
SHP000187,2025-02-22,Санкт-Петербург,Новосибирск,Авиа,569.1,3,3,18712.76,В срок
SHP003593,2025-06-18,Москва,Новосибирск,Железная дорога,323.9,6,6,5606.09,В срок
SHP005288,2025-07-24,Новосибирск,Нижний Новгород,Авиа,442.2,3,3,16772.96,В срок
SHP007685,2025-12-01,Москва,Екатеринбург,Железная дорога,118.2,4,4,3353.29,В срок
SHP002579,2025-07-24,Новосибирск,Санкт-Петербург,Железная дорога,142.6,7,7,5716.68,В срок
SHP001424,2025-06-05,Москва,Новосибирск,Авиа,376.0,3,3,18947.19,В срок
SHP005137,2025-10-22,Москва,Ростов-на-Дону,Железная дорога,181.1,4,4,2780.98,В срок
SHP002835,2025-10-28,Новосибирск,Екатеринбург,Авиа,1588.3,2,2,14321.55,В срок
SHP008456,2025-09-16,Санкт-Петербург,Москва,Авто,544.1,3,3,3193.16,В срок
SHP008894,2025-01-26,Новосибирск,Санкт-Петербург,Авиа,114.0,3,3,18715.87,В срок
SHP006829,2025-01-06,Санкт-Петербург,Пермь,Железная дорога,443.8,5,5,3926.26,В срок
SHP000333,2025-09-29,Казань,Ростов-на-Дону,Авиа,385.1,2,2,9134.07,В срок
SHP007631,2025-07-24,Екатеринбург,Самара,Авто,99.5,3,3,2863.75,В срок
SHP003899,2025-01-24,Казань,Санкт-Петербург,Железная дорога,689.2,4,4,3764.45,В срок
SHP003481,2025-04-13,Новосибирск,Уфа,Железная дорога,901.7,5,5,5548.17,В срок
SHP002250,2025-10-14,Екатеринбург,Самара,Железная дорога,53.5,4,4,2501.12,В срок
SHP006176,2025-03-14,Москва,Екатеринбург,Железная дорога,68.9,4,5,3257.69,Задержка
SHP007253,2025-10-31,Казань,Пермь,Железная дорога,154.8,3,3,2508.56,В срок
SHP000673,2025-03-21,Новосибирск,Москва,Авто,164.5,7,8,6289.06,Задержка
SHP009287,2025-12-14,Новосибирск,Уфа,Железная дорога,164.7,5,5,4379.21,В срок
SHP008856,2025-05-25,Москва,Самара,Авто,338.6,3,3,3012.46,В срок
SHP001819,2025-05-22,Москва,Ростов-на-Дону,Железная дорога,151.3,4,4,2727.65,В срок
